customer_id,primary_segment,customer_persona,retention_risk,cross_sell_opportunity,genai_targeting_priority,product_id,product_name,recommendation_score,recommendation_confidence,recommendation_reason,campaign_objective,marketing_angle,campaign_priority,recommendation_strength,campaign_context_ready,subject,headline,campaign_body,cta,generation_source,variant_a_subject,variant_a_headline,variant_a_body,variant_a_cta,variant_b_subject,variant_b_headline,variant_b_body,variant_b_cta,variant_a_strategy,variant_b_strategy,test_group,variant_a,variant_b,variant_a_score,variant_b_score,winning_variant,winning_strategy,score_difference,ab_confidence,recommendation_count,evaluation_type,analytics_note
C000001,Premium High-Value,Premium Digital Customer,Low Risk,Moderate Cross-Sell Opportunity,Priority 2,P004,Personal Loan,0.6698216937576357,0.0,financial capacity and transaction activity support borrowing needs; strong digital affinity; strong segment fit,Cross-Sell,Introduce a complementary product and highlight flexible financing and convenience,Priority 2,0.6698216937576357,True,Discover Personal Loan,An option selected with your needs in mind,Explore Personal Loan and discover how it may complement your financial needs.,Explore Personal Loan,Fallback,Explore Personal Loan for your financial needs,Discover another option for your financial journey,"Based on your banking relationship, explore Personal Loan and see how it may complement your existing financial needs.",Explore Personal Loan,Have you explored Personal Loan?,Consider adding Personal Loan to your financial plans,Take the next step and learn more about Personal Loan. Review the available information to see whether it fits your financial needs.,Learn More,Benefit-Focused,Action-Focused,A/B,Benefit-Focused,Action-Focused,57.21637586096466,15.035828797222445,A,Benefit-Focused,42.18054706374222,High,3,Model-Based A/B Evaluation,Estimated model-based performance; not based on actual customer engagement data.
C000002,Core Active,Core Relationship Customer,Low Risk,Low Cross-Sell Opportunity,Priority 3,P008,Premium Banking,0.3507481116048571,0.0,customer profile supports premium banking services,Engagement,Highlight premium services and exclusive benefits,Priority 3,0.3507481116048571,True,Explore Premium Banking,A financial option worth exploring,Take a closer look at Premium Banking and see how it could complement your banking needs.,Learn More,Fallback,Discover Premium Banking,An option worth exploring,Explore Premium Banking and learn how it may complement your financial needs.,Learn More,See what Premium Banking can offer,Take a closer look at Premium Banking,Learn more about Premium Banking and consider whether it could complement your financial needs.,Learn More,Benefit-Focused,Action-Focused,A/B,Benefit-Focused,Action-Focused,8.58918714342008,89.50072862157906,B,Action-Focused,80.91154147815898,High,3,Model-Based A/B Evaluation,Estimated model-based performance; not based on actual customer engagement data.
C000003,Core Active,Core Relationship Customer,Low Risk,Moderate Cross-Sell Opportunity,Priority 3,P007,Term Insurance,0.4300035192394279,0.0,customer profile indicates potential protection needs,Cross-Sell,Introduce a complementary product and highlight financial protection and security,Priority 3,0.4300035192394279,True,Discover Term Insurance,An option selected with your needs in mind,Explore Term Insurance and discover how it may complement your financial needs.,Explore Term Insurance,Fallback,Explore Term Insurance for your financial needs,Discover another option for your financial journey,"Based on your banking relationship, explore Term Insurance and see how it may complement your existing financial needs.",Explore Term Insurance,Have you explored Term Insurance?,Consider adding Term Insurance to your financial plans,Take the next step and learn more about Term Insurance. Review the available information to see whether it fits your financial needs.,Learn More,Benefit-Focused,Action-Focused,A/B,Benefit-Focused,Action-Focused,51.343662329007515,9.652508059595052,A,Benefit-Focused,41.691154269412465,High,3,Model-Based A/B Evaluation,Estimated model-based performance; not based on actual customer engagement data.
C000004,Premium High-Value,Premium Digital Customer,Low Risk,Moderate Cross-Sell Opportunity,Priority 2,P008,Premium Banking,0.6923664547305816,0.0,customer profile supports premium banking services; strong digital affinity; strong segment fit,Cross-Sell,Introduce a complementary product and highlight premium services and exclusive benefits,Priority 2,0.6923664547305816,True,Discover Premium Banking,An option selected with your needs in mind,Explore Premium Banking and discover how it may complement your financial needs.,Explore Premium Banking,Fallback,Explore Premium Banking for your financial needs,Discover another option for your financial journey,"Based on your banking relationship, explore Premium Banking and see how it may complement your existing financial needs.",Explore Premium Banking,Have you explored Premium Banking?,Consider adding Premium Banking to your financial plans,Take the next step and learn more about Premium Banking. Review the available information to see whether it fits your financial needs.,Learn More,Benefit-Focused,Action-Focused,A/B,Benefit-Focused,Action-Focused,57.76845629901548,15.541902532102359,A,Benefit-Focused,42.22655376691313,High,3,Model-Based A/B Evaluation,Estimated model-based performance; not based on actual customer engagement data.
C000005,Premium High-Value,Premium Relationship Customer,Moderate Risk,Moderate Cross-Sell Opportunity,Priority 2,P008,Premium Banking,0.7277838846415925,0.0,customer profile supports premium banking services; high transaction activity; strong digital affinity,Cross-Sell,Introduce a complementary product and highlight premium services and exclusive benefits,Priority 2,0.7277838846415925,True,Discover Premium Banking,An option selected with your needs in mind,Explore Premium Banking and discover how it may complement your financial needs.,Explore Premium Banking,Fallback,Explore Premium Banking for your financial needs,Discover another option for your financial journey,"Based on your banking relationship, explore Premium Banking and see how it may complement your existing financial needs.",Explore Premium Banking,Have you explored Premium Banking?,Consider adding Premium Banking to your financial plans,Take the next step and learn more about Premium Banking. Review the available information to see whether it fits your financial needs.,Learn More,Benefit-Focused,Action-Focused,A/B,Benefit-Focused,Action-Focused,58.63576512714496,16.336935624554382,A,Benefit-Focused,42.29882950259058,High,3,Model-Based A/B Evaluation,Estimated model-based performance; not based on actual customer engagement data.
C000006,Core Active,Core Relationship Customer,Moderate Risk,Low Cross-Sell Opportunity,Priority 3,P007,Term Insurance,0.3890692117383832,0.0,customer profile indicates potential protection needs,Engagement,Highlight financial protection and security,Priority 3,0.3890692117383832,True,Explore Term Insurance,A financial option worth exploring,Take a closer look at Term Insurance and see how it could complement your banking needs.,Learn More,Fallback,Discover Term Insurance,An option worth exploring,Explore Term Insurance and learn how it may complement your financial needs.,Learn More,See what Term Insurance can offer,Take a closer look at Term Insurance,Learn more about Term Insurance and consider whether it could complement your financial needs.,Learn More,Benefit-Focused,Action-Focused,A/B,Benefit-Focused,Action-Focused,9.52760160581754,90.36094187877674,B,Action-Focused,80.8333402729592,High,3,Model-Based A/B Evaluation,Estimated model-based performance; not based on actual customer engagement data.
C000007,Core Active,Core Relationship Customer,Critical Risk,Low Cross-Sell Opportunity,Priority 3,P008,Premium Banking,0.3926992544524754,0.0,customer profile supports premium banking services; positive response to previous recommendations,Retention,Strengthen the customer relationship while highlight premium services and exclusive benefits,Priority 3,0.3926992544524754,True,Discover more value with Premium Banking,Benefits designed around your banking needs,Explore Premium Banking and discover an option designed to support your evolving financial needs.,Explore Premium Banking,Fallback,Discover more value with Premium Banking,More value for your banking journey,Explore Premium Banking and discover an option that may complement your evolving financial needs.,Explore Premium Banking,Keep exploring your options with Premium Banking,Consider your next banking opportunity,Take a closer look at Premium Banking and consider whether it could be a suitable addition to your financial plans.,Learn More,Benefit-Focused,Action-Focused,A/B,Benefit-Focused,Action-Focused,91.24380186265542,8.8151202234438,A,Benefit-Focused,82.42868163921162,High,3,Model-Based A/B Evaluation,Estimated model-based performance; not based on actual customer engagement data.
C000008,Dormant / Declining,Dormant Reactivation Target,Critical Risk,Low Cross-Sell Opportunity,Priority 4,P007,Term Insurance,0.2457434756840189,0.0,customer profile indicates potential protection needs; positive response to previous recommendations,Retention,Strengthen the customer relationship while highlight financial protection and security,Priority 4,0.2457434756840189,True,Discover more value with Term Insurance,Benefits designed around your banking needs,Explore Term Insurance and discover an option designed to support your evolving financial needs.,Explore Term Insurance,Fallback,Discover more value with Term Insurance,More value for your banking journey,Explore Term Insurance and discover an option that may complement your evolving financial needs.,Explore Term Insurance,Keep exploring your options with Term Insurance,Consider your next banking opportunity,Take a closer look at Term Insurance and consider whether it could be a suitable addition to your financial plans.,Learn More,Benefit-Focused,Action-Focused,A/B,Benefit-Focused,Action-Focused,87.64512051873044,5.5163289915125775,A,Benefit-Focused,82.12879152721786,High,3,Model-Based A/B Evaluation,Estimated model-based performance; not based on actual customer engagement data.
C000009,Core Active,Core Relationship Customer,High Risk,Low Cross-Sell Opportunity,Priority 4,P003,Rewards Credit Card,0.3021930440701942,0.0,spending and transaction patterns support a rewards credit card,Retention,"Strengthen the customer relationship while highlight rewards, benefits and spending value",Priority 4,0.3021930440701942,True,Discover more value with Rewards Credit Card,Benefits designed around your banking needs,Explore Rewards Credit Card and discover an option designed to support your evolving financial needs.,Explore Rewards Credit Card,Fallback,Discover more value with Rewards Credit Card,More value for your banking journey,Explore Rewards Credit Card and discover an option that may complement your evolving financial needs.,Explore Rewards Credit Card,Keep exploring your options with Rewards Credit Card,Consider your next banking opportunity,Take a closer look at Rewards Credit Card and consider whether it could be a suitable addition to your financial plans.,Learn More,Benefit-Focused,Action-Focused,A/B,Benefit-Focused,Action-Focused,89.02746839457696,6.783481211038548,A,Benefit-Focused,82.24398718353841,High,3,Model-Based A/B Evaluation,Estimated model-based performance; not based on actual customer engagement data.
C000010,Core Active,Core Relationship Customer,Critical Risk,Low Cross-Sell Opportunity,Priority 4,P007,Term Insurance,0.2620674618571345,0.0,customer profile indicates potential protection needs,Retention,Strengthen the customer relationship while highlight financial protection and security,Priority 4,0.2620674618571345,True,Discover more value with Term Insurance,Benefits designed around your banking needs,Explore Term Insurance and discover an option designed to support your evolving financial needs.,Explore Term Insurance,Fallback,Discover more value with Term Insurance,More value for your banking journey,Explore Term Insurance and discover an option that may complement your evolving financial needs.,Explore Term Insurance,Keep exploring your options with Term Insurance,Consider your next banking opportunity,Take a closer look at Term Insurance and consider whether it could be a suitable addition to your financial plans.,Learn More,Benefit-Focused,Action-Focused,A/B,Benefit-Focused,Action-Focused,88.04486542833511,5.882761825316856,A,Benefit-Focused,82.16210360301825,High,3,Model-Based A/B Evaluation,Estimated model-based performance; not based on actual customer engagement data.
C000011,Core Active,Core Digital Customer,High Risk,Moderate Cross-Sell Opportunity,Priority 3,P003,Rewards Credit Card,0.4057693188843579,0.0,spending and transaction patterns support a rewards credit card; strong digital affinity,Retention,"Strengthen the customer relationship while highlight rewards, benefits and spending value",Priority 3,0.4057693188843579,True,Discover more value with Rewards Credit Card,Benefits designed around your banking needs,Explore Rewards Credit Card and discover an option designed to support your evolving financial needs.,Explore Rewards Credit Card,Fallback,Discover more value with Rewards Credit Card,More value for your banking journey,Explore Rewards Credit Card and discover an option that may complement your evolving financial needs.,Explore Rewards Credit Card,Keep exploring your options with Rewards Credit Card,Consider your next banking opportunity,Take a closer look at Rewards Credit Card and consider whether it could be a suitable addition to your financial plans.,Learn More,Benefit-Focused,Action-Focused,A/B,Benefit-Focused,Action-Focused,91.5638641115107,9.108510618227818,A,Benefit-Focused,82.45535349328287,High,3,Model-Based A/B Evaluation,Estimated model-based performance; not based on actual customer engagement data.
C000012,Premium High-Value,Premium Relationship Customer,Moderate Risk,Moderate Cross-Sell Opportunity,Priority 2,P004,Personal Loan,0.7491054058171531,0.0,financial capacity and transaction activity support borrowing needs; strong segment fit; positive response to previous recommendations,Cross-Sell,Introduce a complementary product and highlight flexible financing and convenience,Priority 2,0.7491054058171531,True,Discover Personal Loan,An option selected with your needs in mind,Explore Personal Loan and discover how it may complement your financial needs.,Explore Personal Loan,Fallback,Explore Personal Loan for your financial needs,Discover another option for your financial journey,"Based on your banking relationship, explore Personal Loan and see how it may complement your existing financial needs.",Explore Personal Loan,Have you explored Personal Loan?,Consider adding Personal Loan to your financial plans,Take the next step and learn more about Personal Loan. Review the available information to see whether it fits your financial needs.,Learn More,Benefit-Focused,Action-Focused,A/B,Benefit-Focused,Action-Focused,59.15789063402609,16.81555067252875,A,Benefit-Focused,42.34233996149734,High,3,Model-Based A/B Evaluation,Estimated model-based performance; not based on actual customer engagement data.
C000013,Premium High-Value,Premium Digital Customer,Low Risk,Moderate Cross-Sell Opportunity,Priority 2,P003,Rewards Credit Card,0.6528808736164949,0.0,spending and transaction patterns support a rewards credit card; strong digital affinity; strong segment fit,Cross-Sell,"Introduce a complementary product and highlight rewards, benefits and spending value",Priority 2,0.6528808736164949,True,Discover Rewards Credit Card,An option selected with your needs in mind,Explore Rewards Credit Card and discover how it may complement your financial needs.,Explore Rewards Credit Card,Fallback,Explore Rewards Credit Card for your financial needs,Discover another option for your financial journey,"Based on your banking relationship, explore Rewards Credit Card and see how it may complement your existing financial needs.",Explore Rewards Credit Card,Have you explored Rewards Credit Card?,Consider adding Rewards Credit Card to your financial plans,Take the next step and learn more about Rewards Credit Card. Review the available information to see whether it fits your financial needs.,Learn More,Benefit-Focused,Action-Focused,A/B,Benefit-Focused,Action-Focused,56.801525802643596,14.655549577094803,A,Benefit-Focused,42.14597622554879,High,3,Model-Based A/B Evaluation,Estimated model-based performance; not based on actual customer engagement data.
C000014,Premium High-Value,Premium Digital Customer,Moderate Risk,Moderate Cross-Sell Opportunity,Priority 2,P004,Personal Loan,0.6811446162662775,0.0,financial capacity and transaction activity support borrowing needs; high transaction activity; strong digital affinity,Cross-Sell,Introduce a complementary product and highlight flexible financing and convenience,Priority 2,0.6811446162662775,True,Discover Personal Loan,An option selected with your needs in mind,Explore Personal Loan and discover how it may complement your financial needs.,Explore Personal Loan,Fallback,Explore Personal Loan for your financial needs,Discover another option for your financial journey,"Based on your banking relationship, explore Personal Loan and see how it may complement your existing financial needs.",Explore Personal Loan,Have you explored Personal Loan?,Consider adding Personal Loan to your financial plans,Take the next step and learn more about Personal Loan. Review the available information to see whether it fits your financial needs.,Learn More,Benefit-Focused,Action-Focused,A/B,Benefit-Focused,Action-Focused,57.49365376273917,15.29000020718242,A,Benefit-Focused,42.203653555556755,High,2,Model-Based A/B Evaluation,Estimated model-based performance; not based on actual customer engagement data.
C000015,Core Active,Core Digital Customer,High Risk,Moderate Cross-Sell Opportunity,Priority 3,P003,Rewards Credit Card,0.4076368678649196,0.0,spending and transaction patterns support a rewards credit card; strong digital affinity,Retention,"Strengthen the customer relationship while highlight rewards, benefits and spending value",Priority 3,0.4076368678649196,True,Discover more value with Rewards Credit Card,Benefits designed around your banking needs,Explore Rewards Credit Card and discover an option designed to support your evolving financial needs.,Explore Rewards Credit Card,Fallback,Discover more value with Rewards Credit Card,More value for your banking journey,Explore Rewards Credit Card and discover an option that may complement your evolving financial needs.,Explore Rewards Credit Card,Keep exploring your options with Rewards Credit Card,Consider your next banking opportunity,Take a closer look at Rewards Credit Card and consider whether it could be a suitable addition to your financial plans.,Learn More,Benefit-Focused,Action-Focused,A/B,Benefit-Focused,Action-Focused,91.609597009744,9.150432441608345,A,Benefit-Focused,82.45916456813565,High,3,Model-Based A/B Evaluation,Estimated model-based performance; not based on actual customer engagement data.
C000016,Core Active,Core Relationship Customer,Low Risk,Moderate Cross-Sell Opportunity,Priority 3,P007,Term Insurance,0.4528831595121375,0.0,customer profile indicates potential protection needs; positive response to previous recommendations,Cross-Sell,Introduce a complementary product and highlight financial protection and security,Priority 3,0.4528831595121375,True,Discover Term Insurance,An option selected with your needs in mind,Explore Term Insurance and discover how it may complement your financial needs.,Explore Term Insurance,Fallback,Explore Term Insurance for your financial needs,Discover another option for your financial journey,"Based on your banking relationship, explore Term Insurance and see how it may complement your existing financial needs.",Explore Term Insurance,Have you explored Term Insurance?,Consider adding Term Insurance to your financial plans,Take the next step and learn more about Term Insurance. Review the available information to see whether it fits your financial needs.,Learn More,Benefit-Focused,Action-Focused,A/B,Benefit-Focused,Action-Focused,51.90394335568862,10.166099000719411,A,Benefit-Focused,41.737844354969205,High,3,Model-Based A/B Evaluation,Estimated model-based performance; not based on actual customer engagement data.
C000017,Dormant / Declining,Dormant Reactivation Target,Critical Risk,Low Cross-Sell Opportunity,Priority 4,P007,Term Insurance,0.1841854160546713,0.0,customer profile indicates potential protection needs,Retention,Strengthen the customer relationship while highlight financial protection and security,Priority 4,0.1841854160546713,True,Discover more value with Term Insurance,Benefits designed around your banking needs,Explore Term Insurance and discover an option designed to support your evolving financial needs.,Explore Term Insurance,Fallback,Discover more value with Term Insurance,More value for your banking journey,Explore Term Insurance and discover an option that may complement your evolving financial needs.,Explore Term Insurance,Keep exploring your options with Term Insurance,Consider your next banking opportunity,Take a closer look at Term Insurance and consider whether it could be a suitable addition to your financial plans.,Learn More,Benefit-Focused,Action-Focused,A/B,Benefit-Focused,Action-Focused,86.1376749278674,4.134503866554792,A,Benefit-Focused,82.0031710613126,High,3,Model-Based A/B Evaluation,Estimated model-based performance; not based on actual customer engagement data.
C000018,Premium High-Value,Premium Relationship Customer,High Risk,Moderate Cross-Sell Opportunity,Priority 3,P007,Term Insurance,0.5137709674047866,0.0,customer profile indicates potential protection needs; strong segment fit,Retention,Strengthen the customer relationship while highlight financial protection and security,Priority 3,0.5137709674047866,True,Discover more value with Term Insurance,Benefits designed around your banking needs,Explore Term Insurance and discover an option designed to support your evolving financial needs.,Explore Term Insurance,Fallback,Discover more value with Term Insurance,More value for your banking journey,Explore Term Insurance and discover an option that may complement your evolving financial needs.,Explore Term Insurance,Keep exploring your options with Term Insurance,Consider your next banking opportunity,Take a closer look at Term Insurance and consider whether it could be a suitable addition to your financial plans.,Learn More,Benefit-Focused,Action-Focused,A/B,Benefit-Focused,Action-Focused,94.20862922997526,11.532878643486999,A,Benefit-Focused,82.67575058648826,High,3,Model-Based A/B Evaluation,Estimated model-based performance; not based on actual customer engagement data.
C000019,At Risk,At-Risk Declining Customer,Critical Risk,Moderate Cross-Sell Opportunity,Priority 3,P003,Rewards Credit Card,0.3180763505598206,0.0,spending and transaction patterns support a rewards credit card,Retention,"Strengthen the customer relationship while highlight rewards, benefits and spending value",Priority 3,0.3180763505598206,True,Discover more value with Rewards Credit Card,Benefits designed around your banking needs,Explore Rewards Credit Card and discover an option designed to support your evolving financial needs.,Explore Rewards Credit Card,Fallback,Discover more value with Rewards Credit Card,More value for your banking journey,Explore Rewards Credit Card and discover an option that may complement your evolving financial needs.,Explore Rewards Credit Card,Keep exploring your options with Rewards Credit Card,Consider your next banking opportunity,Take a closer look at Rewards Credit Card and consider whether it could be a suitable addition to your financial plans.,Learn More,Benefit-Focused,Action-Focused,A/B,Benefit-Focused,Action-Focused,89.41642185542807,7.140021883485397,A,Benefit-Focused,82.27639997194267,High,3,Model-Based A/B Evaluation,Estimated model-based performance; not based on actual customer engagement data.
C000020,Core Active,Core Digital Customer,Moderate Risk,Low Cross-Sell Opportunity,Priority 2,P008,Premium Banking,0.4658547231730105,0.0,customer profile supports premium banking services; strong digital affinity; positive response to previous recommendations,Engagement,Highlight premium services and exclusive benefits,Priority 2,0.4658547231730105,True,Explore Premium Banking,A financial option worth exploring,Take a closer look at Premium Banking and see how it could complement your banking needs.,Learn More,Fallback,Discover Premium Banking,An option worth exploring,Explore Premium Banking and learn how it may complement your financial needs.,Learn More,See what Premium Banking can offer,Take a closer look at Premium Banking,Learn more about Premium Banking and consider whether it could complement your financial needs.,Learn More,Benefit-Focused,Action-Focused,A/B,Benefit-Focused,Action-Focused,11.407939962017274,92.08458537195983,B,Action-Focused,80.67664540994255,High,3,Model-Based A/B Evaluation,Estimated model-based performance; not based on actual customer engagement data.
C000021,Core Active,Core Relationship Customer,Moderate Risk,Moderate Cross-Sell Opportunity,Priority 3,P004,Personal Loan,0.4054619758569014,0.0,financial capacity and transaction activity support borrowing needs,Cross-Sell,Introduce a complementary product and highlight flexible financing and convenience,Priority 3,0.4054619758569014,True,Discover Personal Loan,An option selected with your needs in mind,Explore Personal Loan and discover how it may complement your financial needs.,Explore Personal Loan,Fallback,Explore Personal Loan for your financial needs,Discover another option for your financial journey,"Based on your banking relationship, explore Personal Loan and see how it may complement your existing financial needs.",Explore Personal Loan,Have you explored Personal Loan?,Consider adding Personal Loan to your financial plans,Take the next step and learn more about Personal Loan. Review the available information to see whether it fits your financial needs.,Learn More,Benefit-Focused,Action-Focused,A/B,Benefit-Focused,Action-Focused,50.74268429968498,9.101611532716072,A,Benefit-Focused,41.64107276696891,High,3,Model-Based A/B Evaluation,Estimated model-based performance; not based on actual customer engagement data.
C000022,At Risk,At-Risk Engagement Customer,Critical Risk,Low Cross-Sell Opportunity,Priority 4,P007,Term Insurance,0.2391784078296293,0.0,customer profile indicates potential protection needs,Retention,Strengthen the customer relationship while highlight financial protection and security,Priority 4,0.2391784078296293,True,Discover more value with Term Insurance,Benefits designed around your banking needs,Explore Term Insurance and discover an option designed to support your evolving financial needs.,Explore Term Insurance,Fallback,Discover more value with Term Insurance,More value for your banking journey,Explore Term Insurance and discover an option that may complement your evolving financial needs.,Explore Term Insurance,Keep exploring your options with Term Insurance,Consider your next banking opportunity,Take a closer look at Term Insurance and consider whether it could be a suitable addition to your financial plans.,Learn More,Benefit-Focused,Action-Focused,A/B,Benefit-Focused,Action-Focused,87.48435387581796,5.368959568842807,A,Benefit-Focused,82.11539430697515,High,3,Model-Based A/B Evaluation,Estimated model-based performance; not based on actual customer engagement data.
C000023,Premium High-Value,Premium Relationship Customer,Low Risk,Moderate Cross-Sell Opportunity,Priority 2,P007,Term Insurance,0.5980348465260032,0.0,customer profile indicates potential protection needs; strong segment fit,Cross-Sell,Introduce a complementary product and highlight financial protection and security,Priority 2,0.5980348465260032,True,Discover Term Insurance,An option selected with your needs in mind,Explore Term Insurance and discover how it may complement your financial needs.,Explore Term Insurance,Fallback,Explore Term Insurance for your financial needs,Discover another option for your financial journey,"Based on your banking relationship, explore Term Insurance and see how it may complement your existing financial needs.",Explore Term Insurance,Have you explored Term Insurance?,Consider adding Term Insurance to your financial plans,Take the next step and learn more about Term Insurance. Review the available information to see whether it fits your financial needs.,Learn More,Benefit-Focused,Action-Focused,A/B,Benefit-Focused,Action-Focused,55.4584457541214,13.424392865949455,A,Benefit-Focused,42.03405288817194,High,3,Model-Based A/B Evaluation,Estimated model-based performance; not based on actual customer engagement data.
C000024,Premium High-Value,Premium Digital Customer,Low Risk,Moderate Cross-Sell Opportunity,Priority 2,P004,Personal Loan,0.854285940561937,0.0,financial capacity and transaction activity support borrowing needs; strong income profile; high transaction activity,Cross-Sell,Introduce a complementary product and highlight flexible financing and convenience,Priority 2,0.854285940561937,True,Discover Personal Loan,An option selected with your needs in mind,Explore Personal Loan and discover how it may complement your financial needs.,Explore Personal Loan,Fallback,Explore Personal Loan for your financial needs,Discover another option for your financial journey,"Based on your banking relationship, explore Personal Loan and see how it may complement your existing financial needs.",Explore Personal Loan,Have you explored Personal Loan?,Consider adding Personal Loan to your financial plans,Take the next step and learn more about Personal Loan. Review the available information to see whether it fits your financial needs.,Learn More,Benefit-Focused,Action-Focused,A/B,Benefit-Focused,Action-Focused,61.733571776354545,19.176591719663165,A,Benefit-Focused,42.55698005669138,High,3,Model-Based A/B Evaluation,Estimated model-based performance; not based on actual customer engagement data.
C000025,Core Active,Core Relationship Customer,Moderate Risk,Moderate Cross-Sell Opportunity,Priority 3,P003,Rewards Credit Card,0.4598288760557259,0.0,spending and transaction patterns support a rewards credit card,Cross-Sell,"Introduce a complementary product and highlight rewards, benefits and spending value",Priority 3,0.4598288760557259,True,Discover Rewards Credit Card,An option selected with your needs in mind,Explore Rewards Credit Card and discover how it may complement your financial needs.,Explore Rewards Credit Card,Fallback,Explore Rewards Credit Card for your financial needs,Discover another option for your financial journey,"Based on your banking relationship, explore Rewards Credit Card and see how it may complement your existing financial needs.",Explore Rewards Credit Card,Have you explored Rewards Credit Card?,Consider adding Rewards Credit Card to your financial plans,Take the next step and learn more about Rewards Credit Card. Review the available information to see whether it fits your financial needs.,Learn More,Benefit-Focused,Action-Focused,A/B,Benefit-Focused,Action-Focused,52.074031396833206,10.322013038435273,A,Benefit-Focused,41.75201835839793,High,3,Model-Based A/B Evaluation,Estimated model-based performance; not based on actual customer engagement data.
C000026,Premium High-Value,Premium Digital Customer,Moderate Risk,Moderate Cross-Sell Opportunity,Priority 2,P008,Premium Banking,0.8043864282811584,0.0,customer profile supports premium banking services; strong digital affinity; strong segment fit,Cross-Sell,Introduce a complementary product and highlight premium services and exclusive benefits,Priority 2,0.8043864282811584,True,Discover Premium Banking,An option selected with your needs in mind,Explore Premium Banking and discover how it may complement your financial needs.,Explore Premium Banking,Fallback,Explore Premium Banking for your financial needs,Discover another option for your financial journey,"Based on your banking relationship, explore Premium Banking and see how it may complement your existing financial needs.",Explore Premium Banking,Have you explored Premium Banking?,Consider adding Premium Banking to your financial plans,Take the next step and learn more about Premium Banking. Review the available information to see whether it fits your financial needs.,Learn More,Benefit-Focused,Action-Focused,A/B,Benefit-Focused,Action-Focused,60.51162293282708,18.05647194642966,A,Benefit-Focused,42.45515098639742,High,3,Model-Based A/B Evaluation,Estimated model-based performance; not based on actual customer engagement data.
C000027,At Risk,At-Risk Declining Customer,Critical Risk,Moderate Cross-Sell Opportunity,Priority 3,P003,Rewards Credit Card,0.3275849566587577,0.0,spending and transaction patterns support a rewards credit card; positive response to previous recommendations,Retention,"Strengthen the customer relationship while highlight rewards, benefits and spending value",Priority 3,0.3275849566587577,True,Discover more value with Rewards Credit Card,Benefits designed around your banking needs,Explore Rewards Credit Card and discover an option designed to support your evolving financial needs.,Explore Rewards Credit Card,Fallback,Discover more value with Rewards Credit Card,More value for your banking journey,Explore Rewards Credit Card and discover an option that may complement your evolving financial needs.,Explore Rewards Credit Card,Keep exploring your options with Rewards Credit Card,Consider your next banking opportunity,Take a closer look at Rewards Credit Card and consider whether it could be a suitable addition to your financial plans.,Learn More,Benefit-Focused,Action-Focused,A/B,Benefit-Focused,Action-Focused,89.64927042839156,7.353466408701946,A,Benefit-Focused,82.29580401968961,High,3,Model-Based A/B Evaluation,Estimated model-based performance; not based on actual customer engagement data.
C000028,Premium High-Value,Premium Digital Customer,Low Risk,Moderate Cross-Sell Opportunity,Priority 2,P008,Premium Banking,0.7666312201134888,0.0,customer profile supports premium banking services; strong digital affinity; strong segment fit,Cross-Sell,Introduce a complementary product and highlight premium services and exclusive benefits,Priority 2,0.7666312201134888,True,Discover Premium Banking,An option selected with your needs in mind,Explore Premium Banking and discover how it may complement your financial needs.,Explore Premium Banking,Fallback,Explore Premium Banking for your financial needs,Discover another option for your financial journey,"Based on your banking relationship, explore Premium Banking and see how it may complement your existing financial needs.",Explore Premium Banking,Have you explored Premium Banking?,Consider adding Premium Banking to your financial plans,Take the next step and learn more about Premium Banking. Review the available information to see whether it fits your financial needs.,Learn More,Benefit-Focused,Action-Focused,A/B,Benefit-Focused,Action-Focused,59.58706614160983,17.208961554480517,A,Benefit-Focused,42.378104587129314,High,3,Model-Based A/B Evaluation,Estimated model-based performance; not based on actual customer engagement data.
C000029,Core Active,Core Relationship Customer,High Risk,Moderate Cross-Sell Opportunity,Priority 3,P007,Term Insurance,0.4031373220274633,0.0,customer profile indicates potential protection needs,Retention,Strengthen the customer relationship while highlight financial protection and security,Priority 3,0.4031373220274633,True,Discover more value with Term Insurance,Benefits designed around your banking needs,Explore Term Insurance and discover an option designed to support your evolving financial needs.,Explore Term Insurance,Fallback,Discover more value with Term Insurance,More value for your banking journey,Explore Term Insurance and discover an option that may complement your evolving financial needs.,Explore Term Insurance,Keep exploring your options with Term Insurance,Consider your next banking opportunity,Take a closer look at Term Insurance and consider whether it could be a suitable addition to your financial plans.,Learn More,Benefit-Focused,Action-Focused,A/B,Benefit-Focused,Action-Focused,91.49941126681448,9.049428843922946,A,Benefit-Focused,82.44998242289154,High,3,Model-Based A/B Evaluation,Estimated model-based performance; not based on actual customer engagement data.
C000030,At Risk,At-Risk Declining Customer,Critical Risk,Low Cross-Sell Opportunity,Priority 4,P007,Term Insurance,0.2099605158753227,0.0,customer profile indicates potential protection needs,Retention,Strengthen the customer relationship while highlight financial protection and security,Priority 4,0.2099605158753227,True,Discover more value with Term Insurance,Benefits designed around your banking needs,Explore Term Insurance and discover an option designed to support your evolving financial needs.,Explore Term Insurance,Fallback,Discover more value with Term Insurance,More value for your banking journey,Explore Term Insurance and discover an option that may complement your evolving financial needs.,Explore Term Insurance,Keep exploring your options with Term Insurance,Consider your next banking opportunity,Take a closer look at Term Insurance and consider whether it could be a suitable addition to your financial plans.,Learn More,Benefit-Focused,Action-Focused,A/B,Benefit-Focused,Action-Focused,86.76886052424008,4.713090663229762,A,Benefit-Focused,82.05576986101032,High,3,Model-Based A/B Evaluation,Estimated model-based performance; not based on actual customer engagement data.
C000031,At Risk,At-Risk Engagement Customer,Critical Risk,Moderate Cross-Sell Opportunity,Priority 4,P007,Term Insurance,0.2742471372049131,0.0,customer profile indicates potential protection needs,Retention,Strengthen the customer relationship while highlight financial protection and security,Priority 4,0.2742471372049131,True,Discover more value with Term Insurance,Benefits designed around your banking needs,Explore Term Insurance and discover an option designed to support your evolving financial needs.,Explore Term Insurance,Fallback,Discover more value with Term Insurance,More value for your banking journey,Explore Term Insurance and discover an option that may complement your evolving financial needs.,Explore Term Insurance,Keep exploring your options with Term Insurance,Consider your next banking opportunity,Take a closer look at Term Insurance and consider whether it could be a suitable addition to your financial plans.,Learn More,Benefit-Focused,Action-Focused,A/B,Benefit-Focused,Action-Focused,88.34312365823551,6.156165202725552,A,Benefit-Focused,82.18695845550997,High,3,Model-Based A/B Evaluation,Estimated model-based performance; not based on actual customer engagement data.
C000032,Core Active,Core Relationship Customer,High Risk,Moderate Cross-Sell Opportunity,Priority 3,P003,Rewards Credit Card,0.3748945043261238,0.0,spending and transaction patterns support a rewards credit card; strong digital affinity,Retention,"Strengthen the customer relationship while highlight rewards, benefits and spending value",Priority 3,0.3748945043261238,True,Discover more value with Rewards Credit Card,Benefits designed around your banking needs,Explore Rewards Credit Card and discover an option designed to support your evolving financial needs.,Explore Rewards Credit Card,Fallback,Discover more value with Rewards Credit Card,More value for your banking journey,Explore Rewards Credit Card and discover an option that may complement your evolving financial needs.,Explore Rewards Credit Card,Keep exploring your options with Rewards Credit Card,Consider your next banking opportunity,Take a closer look at Rewards Credit Card and consider whether it could be a suitable addition to your financial plans.,Learn More,Benefit-Focused,Action-Focused,A/B,Benefit-Focused,Action-Focused,90.8077957208765,8.41544792681315,A,Benefit-Focused,82.39234779406335,High,3,Model-Based A/B Evaluation,Estimated model-based performance; not based on actual customer engagement data.
C000033,At Risk,At-Risk Engagement Customer,Critical Risk,Low Cross-Sell Opportunity,Priority 4,P007,Term Insurance,0.2322877267548394,0.0,customer profile indicates potential protection needs,Retention,Strengthen the customer relationship while highlight financial protection and security,Priority 4,0.2322877267548394,True,Discover more value with Term Insurance,Benefits designed around your banking needs,Explore Term Insurance and discover an option designed to support your evolving financial needs.,Explore Term Insurance,Fallback,Discover more value with Term Insurance,More value for your banking journey,Explore Term Insurance and discover an option that may complement your evolving financial needs.,Explore Term Insurance,Keep exploring your options with Term Insurance,Consider your next banking opportunity,Take a closer look at Term Insurance and consider whether it could be a suitable addition to your financial plans.,Learn More,Benefit-Focused,Action-Focused,A/B,Benefit-Focused,Action-Focused,87.31561355380684,5.214280940332621,A,Benefit-Focused,82.10133261347423,High,3,Model-Based A/B Evaluation,Estimated model-based performance; not based on actual customer engagement data.
C000034,Core Active,Core Relationship Customer,High Risk,Low Cross-Sell Opportunity,Priority 3,P004,Personal Loan,0.3641809251989278,0.0,financial capacity and transaction activity support borrowing needs,Retention,Strengthen the customer relationship while highlight flexible financing and convenience,Priority 3,0.3641809251989278,True,Discover more value with Personal Loan,Benefits designed around your banking needs,Explore Personal Loan and discover an option designed to support your evolving financial needs.,Explore Personal Loan,Fallback,Discover more value with Personal Loan,More value for your banking journey,Explore Personal Loan and discover an option that may complement your evolving financial needs.,Explore Personal Loan,Keep exploring your options with Personal Loan,Consider your next banking opportunity,Take a closer look at Personal Loan and consider whether it could be a suitable addition to your financial plans.,Learn More,Benefit-Focused,Action-Focused,A/B,Benefit-Focused,Action-Focused,90.54543953689513,8.17495475816355,A,Benefit-Focused,82.37048477873158,High,3,Model-Based A/B Evaluation,Estimated model-based performance; not based on actual customer engagement data.
C000035,Core Active,Core Relationship Customer,Moderate Risk,Moderate Cross-Sell Opportunity,Priority 3,P008,Premium Banking,0.3573808392530136,0.0,customer profile supports premium banking services,Cross-Sell,Introduce a complementary product and highlight premium services and exclusive benefits,Priority 3,0.3573808392530136,True,Discover Premium Banking,An option selected with your needs in mind,Explore Premium Banking and discover how it may complement your financial needs.,Explore Premium Banking,Fallback,Explore Premium Banking for your financial needs,Discover another option for your financial journey,"Based on your banking relationship, explore Premium Banking and see how it may complement your existing financial needs.",Explore Premium Banking,Have you explored Premium Banking?,Consider adding Premium Banking to your financial plans,Take the next step and learn more about Premium Banking. Review the available information to see whether it fits your financial needs.,Learn More,Benefit-Focused,Action-Focused,A/B,Benefit-Focused,Action-Focused,49.56526418908325,8.022309764664488,A,Benefit-Focused,41.54295442441877,High,3,Model-Based A/B Evaluation,Estimated model-based performance; not based on actual customer engagement data.
C000036,Core Active,Core Relationship Customer,Moderate Risk,Moderate Cross-Sell Opportunity,Priority 3,P007,Term Insurance,0.3893780903669576,0.0,customer profile indicates potential protection needs,Cross-Sell,Introduce a complementary product and highlight financial protection and security,Priority 3,0.3893780903669576,True,Discover Term Insurance,An option selected with your needs in mind,Explore Term Insurance and discover how it may complement your financial needs.,Explore Term Insurance,Fallback,Explore Term Insurance for your financial needs,Discover another option for your financial journey,"Based on your banking relationship, explore Term Insurance and see how it may complement your existing financial needs.",Explore Term Insurance,Have you explored Term Insurance?,Consider adding Term Insurance to your financial plans,Take the next step and learn more about Term Insurance. Review the available information to see whether it fits your financial needs.,Learn More,Benefit-Focused,Action-Focused,A/B,Benefit-Focused,Action-Focused,50.34881902173846,8.74056836126509,A,Benefit-Focused,41.60825066047337,High,3,Model-Based A/B Evaluation,Estimated model-based performance; not based on actual customer engagement data.
C000037,Core Active,Core Digital Customer,Moderate Risk,Moderate Cross-Sell Opportunity,Priority 2,P004,Personal Loan,0.5210247336110845,0.0,financial capacity and transaction activity support borrowing needs; high transaction activity; strong digital affinity,Cross-Sell,Introduce a complementary product and highlight flexible financing and convenience,Priority 2,0.5210247336110845,True,Discover Personal Loan,An option selected with your needs in mind,Explore Personal Loan and discover how it may complement your financial needs.,Explore Personal Loan,Fallback,Explore Personal Loan for your financial needs,Discover another option for your financial journey,"Based on your banking relationship, explore Personal Loan and see how it may complement your existing financial needs.",Explore Personal Loan,Have you explored Personal Loan?,Consider adding Personal Loan to your financial plans,Take the next step and learn more about Personal Loan. Review the available information to see whether it fits your financial needs.,Learn More,Benefit-Focused,Action-Focused,A/B,Benefit-Focused,Action-Focused,53.5726073137214,11.695707628916121,A,Benefit-Focused,41.87689968480528,High,3,Model-Based A/B Evaluation,Estimated model-based performance; not based on actual customer engagement data.
C000038,Core Active,Core Digital Customer,Moderate Risk,Moderate Cross-Sell Opportunity,Priority 2,P003,Rewards Credit Card,0.5167905392376315,0.0,spending and transaction patterns support a rewards credit card; strong digital affinity,Cross-Sell,"Introduce a complementary product and highlight rewards, benefits and spending value",Priority 2,0.5167905392376315,True,Discover Rewards Credit Card,An option selected with your needs in mind,Explore Rewards Credit Card and discover how it may complement your financial needs.,Explore Rewards Credit Card,Fallback,Explore Rewards Credit Card for your financial needs,Discover another option for your financial journey,"Based on your banking relationship, explore Rewards Credit Card and see how it may complement your existing financial needs.",Explore Rewards Credit Card,Have you explored Rewards Credit Card?,Consider adding Rewards Credit Card to your financial plans,Take the next step and learn more about Rewards Credit Card. Review the available information to see whether it fits your financial needs.,Learn More,Benefit-Focused,Action-Focused,A/B,Benefit-Focused,Action-Focused,53.46891954842226,11.600660510725234,A,Benefit-Focused,41.86825903769702,High,3,Model-Based A/B Evaluation,Estimated model-based performance; not based on actual customer engagement data.
C000039,Core Active,Core Relationship Customer,Moderate Risk,Moderate Cross-Sell Opportunity,Priority 2,P003,Rewards Credit Card,0.4205846316858137,0.0,spending and transaction patterns support a rewards credit card; positive response to previous recommendations,Cross-Sell,"Introduce a complementary product and highlight rewards, benefits and spending value",Priority 2,0.4205846316858137,True,Discover Rewards Credit Card,An option selected with your needs in mind,Explore Rewards Credit Card and discover how it may complement your financial needs.,Explore Rewards Credit Card,Fallback,Explore Rewards Credit Card for your financial needs,Discover another option for your financial journey,"Based on your banking relationship, explore Rewards Credit Card and see how it may complement your existing financial needs.",Explore Rewards Credit Card,Have you explored Rewards Credit Card?,Consider adding Rewards Credit Card to your financial plans,Take the next step and learn more about Rewards Credit Card. Review the available information to see whether it fits your financial needs.,Learn More,Benefit-Focused,Action-Focused,A/B,Benefit-Focused,Action-Focused,51.113010801018774,9.441077492272047,A,Benefit-Focused,41.67193330874673,High,3,Model-Based A/B Evaluation,Estimated model-based performance; not based on actual customer engagement data.
C000040,Core Active,Core Digital Customer,High Risk,Low Cross-Sell Opportunity,Priority 3,P004,Personal Loan,0.3852216225717786,0.0,financial capacity and transaction activity support borrowing needs; strong digital affinity,Retention,Strengthen the customer relationship while highlight flexible financing and convenience,Priority 3,0.3852216225717786,True,Discover more value with Personal Loan,Benefits designed around your banking needs,Explore Personal Loan and discover an option designed to support your evolving financial needs.,Explore Personal Loan,Fallback,Discover more value with Personal Loan,More value for your banking journey,Explore Personal Loan and discover an option that may complement your evolving financial needs.,Explore Personal Loan,Keep exploring your options with Personal Loan,Consider your next banking opportunity,Take a closer look at Personal Loan and consider whether it could be a suitable addition to your financial plans.,Learn More,Benefit-Focused,Action-Focused,A/B,Benefit-Focused,Action-Focused,91.06068817654307,8.647266011174153,A,Benefit-Focused,82.41342216536891,High,3,Model-Based A/B Evaluation,Estimated model-based performance; not based on actual customer engagement data.
C000041,Core Active,Core Relationship Customer,Moderate Risk,Moderate Cross-Sell Opportunity,Priority 3,P003,Rewards Credit Card,0.3909509482596552,0.0,spending and transaction patterns support a rewards credit card; positive response to previous recommendations,Cross-Sell,"Introduce a complementary product and highlight rewards, benefits and spending value",Priority 3,0.3909509482596552,True,Discover Rewards Credit Card,An option selected with your needs in mind,Explore Rewards Credit Card and discover how it may complement your financial needs.,Explore Rewards Credit Card,Fallback,Explore Rewards Credit Card for your financial needs,Discover another option for your financial journey,"Based on your banking relationship, explore Rewards Credit Card and see how it may complement your existing financial needs.",Explore Rewards Credit Card,Have you explored Rewards Credit Card?,Consider adding Rewards Credit Card to your financial plans,Take the next step and learn more about Rewards Credit Card. Review the available information to see whether it fits your financial needs.,Learn More,Benefit-Focused,Action-Focused,A/B,Benefit-Focused,Action-Focused,50.387335467995484,8.775875103667373,A,Benefit-Focused,41.61146036432811,High,3,Model-Based A/B Evaluation,Estimated model-based performance; not based on actual customer engagement data.
C000042,Premium High-Value,Premium Relationship Customer,Moderate Risk,Moderate Cross-Sell Opportunity,Priority 3,P008,Premium Banking,0.5897276803804345,0.0,customer profile supports premium banking services; strong segment fit,Cross-Sell,Introduce a complementary product and highlight premium services and exclusive benefits,Priority 3,0.5897276803804345,True,Discover Premium Banking,An option selected with your needs in mind,Explore Premium Banking and discover how it may complement your financial needs.,Explore Premium Banking,Fallback,Explore Premium Banking for your financial needs,Discover another option for your financial journey,"Based on your banking relationship, explore Premium Banking and see how it may complement your existing financial needs.",Explore Premium Banking,Have you explored Premium Banking?,Consider adding Premium Banking to your financial plans,Take the next step and learn more about Premium Banking. Review the available information to see whether it fits your financial needs.,Learn More,Benefit-Focused,Action-Focused,A/B,Benefit-Focused,Action-Focused,55.25501827355907,13.23791767543398,A,Benefit-Focused,42.01710059812508,High,2,Model-Based A/B Evaluation,Estimated model-based performance; not based on actual customer engagement data.
C000043,Core Active,Core Relationship Customer,Moderate Risk,Moderate Cross-Sell Opportunity,Priority 3,P003,Rewards Credit Card,0.4824079880055952,0.0,spending and transaction patterns support a rewards credit card,Cross-Sell,"Introduce a complementary product and highlight rewards, benefits and spending value",Priority 3,0.4824079880055952,True,Discover Rewards Credit Card,An option selected with your needs in mind,Explore Rewards Credit Card and discover how it may complement your financial needs.,Explore Rewards Credit Card,Fallback,Explore Rewards Credit Card for your financial needs,Discover another option for your financial journey,"Based on your banking relationship, explore Rewards Credit Card and see how it may complement your existing financial needs.",Explore Rewards Credit Card,Have you explored Rewards Credit Card?,Consider adding Rewards Credit Card to your financial plans,Take the next step and learn more about Rewards Credit Card. Review the available information to see whether it fits your financial needs.,Learn More,Benefit-Focused,Action-Focused,A/B,Benefit-Focused,Action-Focused,52.6269530282065,10.828857867194127,A,Benefit-Focused,41.79809516101237,High,3,Model-Based A/B Evaluation,Estimated model-based performance; not based on actual customer engagement data.
C000044,Premium High-Value,Premium Digital Customer,Moderate Risk,Moderate Cross-Sell Opportunity,Priority 2,P004,Personal Loan,0.7326813949851788,0.0,financial capacity and transaction activity support borrowing needs; strong digital affinity; strong segment fit,Cross-Sell,Introduce a complementary product and highlight flexible financing and convenience,Priority 2,0.7326813949851788,True,Discover Personal Loan,An option selected with your needs in mind,Explore Personal Loan and discover how it may complement your financial needs.,Explore Personal Loan,Fallback,Explore Personal Loan for your financial needs,Discover another option for your financial journey,"Based on your banking relationship, explore Personal Loan and see how it may complement your existing financial needs.",Explore Personal Loan,Have you explored Personal Loan?,Consider adding Personal Loan to your financial plans,Take the next step and learn more about Personal Loan. Review the available information to see whether it fits your financial needs.,Learn More,Benefit-Focused,Action-Focused,A/B,Benefit-Focused,Action-Focused,58.75569630135835,16.446872534249987,A,Benefit-Focused,42.308823767108365,High,2,Model-Based A/B Evaluation,Estimated model-based performance; not based on actual customer engagement data.
C000045,Core Active,Core Relationship Customer,Low Risk,Moderate Cross-Sell Opportunity,Priority 2,P003,Rewards Credit Card,0.4250572312060049,0.0,spending and transaction patterns support a rewards credit card,Cross-Sell,"Introduce a complementary product and highlight rewards, benefits and spending value",Priority 2,0.4250572312060049,True,Discover Rewards Credit Card,An option selected with your needs in mind,Explore Rewards Credit Card and discover how it may complement your financial needs.,Explore Rewards Credit Card,Fallback,Explore Rewards Credit Card for your financial needs,Discover another option for your financial journey,"Based on your banking relationship, explore Rewards Credit Card and see how it may complement your existing financial needs.",Explore Rewards Credit Card,Have you explored Rewards Credit Card?,Consider adding Rewards Credit Card to your financial plans,Take the next step and learn more about Rewards Credit Card. Review the available information to see whether it fits your financial needs.,Learn More,Benefit-Focused,Action-Focused,A/B,Benefit-Focused,Action-Focused,51.22253667735413,9.541476212246122,A,Benefit-Focused,41.681060465108004,High,3,Model-Based A/B Evaluation,Estimated model-based performance; not based on actual customer engagement data.
C000046,Premium High-Value,Premium Relationship Customer,Moderate Risk,Moderate Cross-Sell Opportunity,Priority 2,P006,Mutual Fund Plan,0.5812733102047639,0.0,financial capacity indicates potential for investment products; strong segment fit,Cross-Sell,Introduce a complementary product and highlight wealth creation and investment potential,Priority 2,0.5812733102047639,True,Discover Mutual Fund Plan,An option selected with your needs in mind,Explore Mutual Fund Plan and discover how it may complement your financial needs.,Explore Mutual Fund Plan,Fallback,Explore Mutual Fund Plan for your financial needs,Discover another option for your financial journey,"Based on your banking relationship, explore Mutual Fund Plan and see how it may complement your existing financial needs.",Explore Mutual Fund Plan,Have you explored Mutual Fund Plan?,Consider adding Mutual Fund Plan to your financial plans,Take the next step and learn more about Mutual Fund Plan. Review the available information to see whether it fits your financial needs.,Learn More,Benefit-Focused,Action-Focused,A/B,Benefit-Focused,Action-Focused,55.04798603242646,13.048138121062422,A,Benefit-Focused,41.999847911364036,High,3,Model-Based A/B Evaluation,Estimated model-based performance; not based on actual customer engagement data.
C000047,Core Active,Core Relationship Customer,Moderate Risk,Moderate Cross-Sell Opportunity,Priority 2,P003,Rewards Credit Card,0.4621522363923235,0.0,spending and transaction patterns support a rewards credit card,Cross-Sell,"Introduce a complementary product and highlight rewards, benefits and spending value",Priority 2,0.4621522363923235,True,Discover Rewards Credit Card,An option selected with your needs in mind,Explore Rewards Credit Card and discover how it may complement your financial needs.,Explore Rewards Credit Card,Fallback,Explore Rewards Credit Card for your financial needs,Discover another option for your financial journey,"Based on your banking relationship, explore Rewards Credit Card and see how it may complement your existing financial needs.",Explore Rewards Credit Card,Have you explored Rewards Credit Card?,Consider adding Rewards Credit Card to your financial plans,Take the next step and learn more about Rewards Credit Card. Review the available information to see whether it fits your financial needs.,Learn More,Benefit-Focused,Action-Focused,A/B,Benefit-Focused,Action-Focused,52.130926291124524,10.374166691535644,A,Benefit-Focused,41.75675959958888,High,3,Model-Based A/B Evaluation,Estimated model-based performance; not based on actual customer engagement data.
C000048,Core Active,Core Relationship Customer,Low Risk,Moderate Cross-Sell Opportunity,Priority 3,P003,Rewards Credit Card,0.3862963262295856,0.0,spending and transaction patterns support a rewards credit card,Cross-Sell,"Introduce a complementary product and highlight rewards, benefits and spending value",Priority 3,0.3862963262295856,True,Discover Rewards Credit Card,An option selected with your needs in mind,Explore Rewards Credit Card and discover how it may complement your financial needs.,Explore Rewards Credit Card,Fallback,Explore Rewards Credit Card for your financial needs,Discover another option for your financial journey,"Based on your banking relationship, explore Rewards Credit Card and see how it may complement your existing financial needs.",Explore Rewards Credit Card,Have you explored Rewards Credit Card?,Consider adding Rewards Credit Card to your financial plans,Take the next step and learn more about Rewards Credit Card. Review the available information to see whether it fits your financial needs.,Learn More,Benefit-Focused,Action-Focused,A/B,Benefit-Focused,Action-Focused,50.2733521894677,8.671390431683562,A,Benefit-Focused,41.60196175778414,High,3,Model-Based A/B Evaluation,Estimated model-based performance; not based on actual customer engagement data.
C000049,Premium High-Value,Premium Relationship Customer,Moderate Risk,Moderate Cross-Sell Opportunity,Priority 3,P004,Personal Loan,0.6948750763397827,0.0,financial capacity and transaction activity support borrowing needs; strong segment fit,Cross-Sell,Introduce a complementary product and highlight flexible financing and convenience,Priority 3,0.6948750763397827,True,Discover Personal Loan,An option selected with your needs in mind,Explore Personal Loan and discover how it may complement your financial needs.,Explore Personal Loan,Fallback,Explore Personal Loan for your financial needs,Discover another option for your financial journey,"Based on your banking relationship, explore Personal Loan and see how it may complement your existing financial needs.",Explore Personal Loan,Have you explored Personal Loan?,Consider adding Personal Loan to your financial plans,Take the next step and learn more about Personal Loan. Review the available information to see whether it fits your financial needs.,Learn More,Benefit-Focused,Action-Focused,A/B,Benefit-Focused,Action-Focused,57.82988790694308,15.598214839369328,A,Benefit-Focused,42.23167306757375,High,3,Model-Based A/B Evaluation,Estimated model-based performance; not based on actual customer engagement data.
C000050,Core Active,Core Relationship Customer,High Risk,Low Cross-Sell Opportunity,Priority 3,P007,Term Insurance,0.260967528170149,0.0,customer profile indicates potential protection needs,Retention,Strengthen the customer relationship while highlight financial protection and security,Priority 3,0.260967528170149,True,Discover more value with Term Insurance,Benefits designed around your banking needs,Explore Term Insurance and discover an option designed to support your evolving financial needs.,Explore Term Insurance,Fallback,Discover more value with Term Insurance,More value for your banking journey,Explore Term Insurance and discover an option that may complement your evolving financial needs.,Explore Term Insurance,Keep exploring your options with Term Insurance,Consider your next banking opportunity,Take a closer look at Term Insurance and consider whether it could be a suitable addition to your financial plans.,Learn More,Benefit-Focused,Action-Focused,A/B,Benefit-Focused,Action-Focused,88.01793004088671,5.85807105348916,A,Benefit-Focused,82.15985898739756,High,3,Model-Based A/B Evaluation,Estimated model-based performance; not based on actual customer engagement data.
C000051,Core Active,Core Relationship Customer,High Risk,Moderate Cross-Sell Opportunity,Priority 3,P008,Premium Banking,0.4097159736422597,0.0,customer profile supports premium banking services,Retention,Strengthen the customer relationship while highlight premium services and exclusive benefits,Priority 3,0.4097159736422597,True,Discover more value with Premium Banking,Benefits designed around your banking needs,Explore Premium Banking and discover an option designed to support your evolving financial needs.,Explore Premium Banking,Fallback,Discover more value with Premium Banking,More value for your banking journey,Explore Premium Banking and discover an option that may complement your evolving financial needs.,Explore Premium Banking,Keep exploring your options with Premium Banking,Consider your next banking opportunity,Take a closer look at Premium Banking and consider whether it could be a suitable addition to your financial plans.,Learn More,Benefit-Focused,Action-Focused,A/B,Benefit-Focused,Action-Focused,91.66051055146153,9.197103188182751,A,Benefit-Focused,82.46340736327878,High,3,Model-Based A/B Evaluation,Estimated model-based performance; not based on actual customer engagement data.
C000052,Core Active,Core Relationship Customer,High Risk,Low Cross-Sell Opportunity,Priority 3,P003,Rewards Credit Card,0.388306024756432,0.0,spending and transaction patterns support a rewards credit card,Retention,"Strengthen the customer relationship while highlight rewards, benefits and spending value",Priority 3,0.388306024756432,True,Discover more value with Rewards Credit Card,Benefits designed around your banking needs,Explore Rewards Credit Card and discover an option designed to support your evolving financial needs.,Explore Rewards Credit Card,Fallback,Discover more value with Rewards Credit Card,More value for your banking journey,Explore Rewards Credit Card and discover an option that may complement your evolving financial needs.,Explore Rewards Credit Card,Keep exploring your options with Rewards Credit Card,Consider your next banking opportunity,Take a closer look at Rewards Credit Card and consider whether it could be a suitable addition to your financial plans.,Learn More,Benefit-Focused,Action-Focused,A/B,Benefit-Focused,Action-Focused,91.13621960982248,8.716503158346946,A,Benefit-Focused,82.41971645147552,High,3,Model-Based A/B Evaluation,Estimated model-based performance; not based on actual customer engagement data.
C000053,Core Active,Core Relationship Customer,Low Risk,Moderate Cross-Sell Opportunity,Priority 2,P003,Rewards Credit Card,0.519359865347343,0.0,spending and transaction patterns support a rewards credit card; positive response to previous recommendations,Cross-Sell,"Introduce a complementary product and highlight rewards, benefits and spending value",Priority 2,0.519359865347343,True,Discover Rewards Credit Card,An option selected with your needs in mind,Explore Rewards Credit Card and discover how it may complement your financial needs.,Explore Rewards Credit Card,Fallback,Explore Rewards Credit Card for your financial needs,Discover another option for your financial journey,"Based on your banking relationship, explore Rewards Credit Card and see how it may complement your existing financial needs.",Explore Rewards Credit Card,Have you explored Rewards Credit Card?,Consider adding Rewards Credit Card to your financial plans,Take the next step and learn more about Rewards Credit Card. Review the available information to see whether it fits your financial needs.,Learn More,Benefit-Focused,Action-Focused,A/B,Benefit-Focused,Action-Focused,53.531837699821025,11.658335482840776,A,Benefit-Focused,41.87350221698025,High,3,Model-Based A/B Evaluation,Estimated model-based performance; not based on actual customer engagement data.
C000054,Premium High-Value,Premium Relationship Customer,Moderate Risk,Moderate Cross-Sell Opportunity,Priority 3,P003,Rewards Credit Card,0.5814974618249911,0.0,spending and transaction patterns support a rewards credit card; strong segment fit,Cross-Sell,"Introduce a complementary product and highlight rewards, benefits and spending value",Priority 3,0.5814974618249911,True,Discover Rewards Credit Card,An option selected with your needs in mind,Explore Rewards Credit Card and discover how it may complement your financial needs.,Explore Rewards Credit Card,Fallback,Explore Rewards Credit Card for your financial needs,Discover another option for your financial journey,"Based on your banking relationship, explore Rewards Credit Card and see how it may complement your existing financial needs.",Explore Rewards Credit Card,Have you explored Rewards Credit Card?,Consider adding Rewards Credit Card to your financial plans,Take the next step and learn more about Rewards Credit Card. Review the available information to see whether it fits your financial needs.,Learn More,Benefit-Focused,Action-Focused,A/B,Benefit-Focused,Action-Focused,55.05347510036703,13.053169766674626,A,Benefit-Focused,42.0003053336924,High,3,Model-Based A/B Evaluation,Estimated model-based performance; not based on actual customer engagement data.
C000055,Premium High-Value,Premium Digital Customer,Low Risk,Moderate Cross-Sell Opportunity,Priority 2,P008,Premium Banking,0.6287253630683166,0.0,customer profile supports premium banking services; strong digital affinity; strong segment fit,Cross-Sell,Introduce a complementary product and highlight premium services and exclusive benefits,Priority 2,0.6287253630683166,True,Discover Premium Banking,An option selected with your needs in mind,Explore Premium Banking and discover how it may complement your financial needs.,Explore Premium Banking,Fallback,Explore Premium Banking for your financial needs,Discover another option for your financial journey,"Based on your banking relationship, explore Premium Banking and see how it may complement your existing financial needs.",Explore Premium Banking,Have you explored Premium Banking?,Consider adding Premium Banking to your financial plans,Take the next step and learn more about Premium Banking. Review the available information to see whether it fits your financial needs.,Learn More,Benefit-Focused,Action-Focused,A/B,Benefit-Focused,Action-Focused,56.210001019534005,14.113318525911014,A,Benefit-Focused,42.09668249362299,High,3,Model-Based A/B Evaluation,Estimated model-based performance; not based on actual customer engagement data.
C000056,Core Active,Core Relationship Customer,Low Risk,Moderate Cross-Sell Opportunity,Priority 2,P003,Rewards Credit Card,0.4871275764508827,0.0,spending and transaction patterns support a rewards credit card,Cross-Sell,"Introduce a complementary product and highlight rewards, benefits and spending value",Priority 2,0.4871275764508827,True,Discover Rewards Credit Card,An option selected with your needs in mind,Explore Rewards Credit Card and discover how it may complement your financial needs.,Explore Rewards Credit Card,Fallback,Explore Rewards Credit Card for your financial needs,Discover another option for your financial journey,"Based on your banking relationship, explore Rewards Credit Card and see how it may complement your existing financial needs.",Explore Rewards Credit Card,Have you explored Rewards Credit Card?,Consider adding Rewards Credit Card to your financial plans,Take the next step and learn more about Rewards Credit Card. Review the available information to see whether it fits your financial needs.,Learn More,Benefit-Focused,Action-Focused,A/B,Benefit-Focused,Action-Focused,52.74252721679162,10.934800873397164,A,Benefit-Focused,41.80772634339446,High,3,Model-Based A/B Evaluation,Estimated model-based performance; not based on actual customer engagement data.
C000057,Core Active,Core Relationship Customer,High Risk,Moderate Cross-Sell Opportunity,Priority 3,P008,Premium Banking,0.401600293369888,0.0,customer profile supports premium banking services; strong digital affinity,Retention,Strengthen the customer relationship while highlight premium services and exclusive benefits,Priority 3,0.401600293369888,True,Discover more value with Premium Banking,Benefits designed around your banking needs,Explore Premium Banking and discover an option designed to support your evolving financial needs.,Explore Premium Banking,Fallback,Discover more value with Premium Banking,More value for your banking journey,Explore Premium Banking and discover an option that may complement your evolving financial needs.,Explore Premium Banking,Keep exploring your options with Premium Banking,Consider your next banking opportunity,Take a closer look at Premium Banking and consider whether it could be a suitable addition to your financial plans.,Learn More,Benefit-Focused,Action-Focused,A/B,Benefit-Focused,Action-Focused,91.4617722137507,9.014926378614486,A,Benefit-Focused,82.44684583513622,High,3,Model-Based A/B Evaluation,Estimated model-based performance; not based on actual customer engagement data.
C000058,Core Active,Core Relationship Customer,High Risk,Low Cross-Sell Opportunity,Priority 4,P007,Term Insurance,0.2971047753300564,0.0,customer profile indicates potential protection needs,Retention,Strengthen the customer relationship while highlight financial protection and security,Priority 4,0.2971047753300564,True,Discover more value with Term Insurance,Benefits designed around your banking needs,Explore Term Insurance and discover an option designed to support your evolving financial needs.,Explore Term Insurance,Fallback,Discover more value with Term Insurance,More value for your banking journey,Explore Term Insurance and discover an option that may complement your evolving financial needs.,Explore Term Insurance,Keep exploring your options with Term Insurance,Consider your next banking opportunity,Take a closer look at Term Insurance and consider whether it could be a suitable addition to your financial plans.,Learn More,Benefit-Focused,Action-Focused,A/B,Benefit-Focused,Action-Focused,88.90286589209992,6.669262250434603,A,Benefit-Focused,82.23360364166533,High,3,Model-Based A/B Evaluation,Estimated model-based performance; not based on actual customer engagement data.
C000059,Core Active,Core Digital Customer,Moderate Risk,Moderate Cross-Sell Opportunity,Priority 3,P003,Rewards Credit Card,0.5670794620160751,0.0,spending and transaction patterns support a rewards credit card; strong digital affinity,Cross-Sell,"Introduce a complementary product and highlight rewards, benefits and spending value",Priority 3,0.5670794620160751,True,Discover Rewards Credit Card,An option selected with your needs in mind,Explore Rewards Credit Card and discover how it may complement your financial needs.,Explore Rewards Credit Card,Fallback,Explore Rewards Credit Card for your financial needs,Discover another option for your financial journey,"Based on your banking relationship, explore Rewards Credit Card and see how it may complement your existing financial needs.",Explore Rewards Credit Card,Have you explored Rewards Credit Card?,Consider adding Rewards Credit Card to your financial plans,Take the next step and learn more about Rewards Credit Card. Review the available information to see whether it fits your financial needs.,Learn More,Benefit-Focused,Action-Focused,A/B,Benefit-Focused,Action-Focused,54.70040435103086,12.729521579783135,A,Benefit-Focused,41.97088277124773,High,3,Model-Based A/B Evaluation,Estimated model-based performance; not based on actual customer engagement data.
C000060,Core Active,Core Relationship Customer,High Risk,Moderate Cross-Sell Opportunity,Priority 3,P007,Term Insurance,0.435157070528865,0.0,customer profile indicates potential protection needs,Retention,Strengthen the customer relationship while highlight financial protection and security,Priority 3,0.435157070528865,True,Discover more value with Term Insurance,Benefits designed around your banking needs,Explore Term Insurance and discover an option designed to support your evolving financial needs.,Explore Term Insurance,Fallback,Discover more value with Term Insurance,More value for your banking journey,Explore Term Insurance and discover an option that may complement your evolving financial needs.,Explore Term Insurance,Keep exploring your options with Term Insurance,Consider your next banking opportunity,Take a closer look at Term Insurance and consider whether it could be a suitable addition to your financial plans.,Learn More,Benefit-Focused,Action-Focused,A/B,Benefit-Focused,Action-Focused,92.28351701981599,9.768192450840997,A,Benefit-Focused,82.51532456897499,High,3,Model-Based A/B Evaluation,Estimated model-based performance; not based on actual customer engagement data.
C000061,At Risk,At-Risk Engagement Customer,High Risk,Low Cross-Sell Opportunity,Priority 3,P008,Premium Banking,0.2941744921007586,0.0,customer profile supports premium banking services; positive response to previous recommendations,Retention,Strengthen the customer relationship while highlight premium services and exclusive benefits,Priority 3,0.2941744921007586,True,Discover more value with Premium Banking,Benefits designed around your banking needs,Explore Premium Banking and discover an option designed to support your evolving financial needs.,Explore Premium Banking,Fallback,Discover more value with Premium Banking,More value for your banking journey,Explore Premium Banking and discover an option that may complement your evolving financial needs.,Explore Premium Banking,Keep exploring your options with Premium Banking,Consider your next banking opportunity,Take a closer look at Premium Banking and consider whether it could be a suitable addition to your financial plans.,Learn More,Benefit-Focused,Action-Focused,A/B,Benefit-Focused,Action-Focused,88.8311085534089,6.603484689967838,A,Benefit-Focused,82.22762386344105,High,3,Model-Based A/B Evaluation,Estimated model-based performance; not based on actual customer engagement data.
C000062,Premium High-Value,Premium Digital Customer,High Risk,High Cross-Sell Opportunity,Priority 2,P008,Premium Banking,0.7291921207894679,0.0,customer profile supports premium banking services; high transaction activity; strong digital affinity,Retention,Strengthen the customer relationship while highlight premium services and exclusive benefits,Priority 2,0.7291921207894679,True,Discover more value with Premium Banking,Benefits designed around your banking needs,Explore Premium Banking and discover an option designed to support your evolving financial needs.,Explore Premium Banking,Fallback,Discover more value with Premium Banking,More value for your banking journey,Explore Premium Banking and discover an option that may complement your evolving financial needs.,Explore Premium Banking,Keep exploring your options with Premium Banking,Consider your next banking opportunity,Take a closer look at Premium Banking and consider whether it could be a suitable addition to your financial plans.,Learn More,Benefit-Focused,Action-Focused,A/B,Benefit-Focused,Action-Focused,99.48390382120932,16.368547018784884,A,Benefit-Focused,83.11535680242444,High,3,Model-Based A/B Evaluation,Estimated model-based performance; not based on actual customer engagement data.
C000063,Core Active,Core Relationship Customer,Moderate Risk,Moderate Cross-Sell Opportunity,Priority 3,P006,Mutual Fund Plan,0.3739833321569721,0.0,financial capacity indicates potential for investment products,Cross-Sell,Introduce a complementary product and highlight wealth creation and investment potential,Priority 3,0.3739833321569721,True,Discover Mutual Fund Plan,An option selected with your needs in mind,Explore Mutual Fund Plan and discover how it may complement your financial needs.,Explore Mutual Fund Plan,Fallback,Explore Mutual Fund Plan for your financial needs,Discover another option for your financial journey,"Based on your banking relationship, explore Mutual Fund Plan and see how it may complement your existing financial needs.",Explore Mutual Fund Plan,Have you explored Mutual Fund Plan?,Consider adding Mutual Fund Plan to your financial plans,Take the next step and learn more about Mutual Fund Plan. Review the available information to see whether it fits your financial needs.,Learn More,Benefit-Focused,Action-Focused,A/B,Benefit-Focused,Action-Focused,49.97182922502009,8.394994380939917,A,Benefit-Focused,41.57683484408017,High,3,Model-Based A/B Evaluation,Estimated model-based performance; not based on actual customer engagement data.
C000064,Core Active,Core Relationship Customer,Low Risk,Moderate Cross-Sell Opportunity,Priority 2,P003,Rewards Credit Card,0.4209110987448043,0.0,spending and transaction patterns support a rewards credit card,Cross-Sell,"Introduce a complementary product and highlight rewards, benefits and spending value",Priority 2,0.4209110987448043,True,Discover Rewards Credit Card,An option selected with your needs in mind,Explore Rewards Credit Card and discover how it may complement your financial needs.,Explore Rewards Credit Card,Fallback,Explore Rewards Credit Card for your financial needs,Discover another option for your financial journey,"Based on your banking relationship, explore Rewards Credit Card and see how it may complement your existing financial needs.",Explore Rewards Credit Card,Have you explored Rewards Credit Card?,Consider adding Rewards Credit Card to your financial plans,Take the next step and learn more about Rewards Credit Card. Review the available information to see whether it fits your financial needs.,Learn More,Benefit-Focused,Action-Focused,A/B,Benefit-Focused,Action-Focused,51.12100538908086,9.448405864662284,A,Benefit-Focused,41.67259952441857,High,3,Model-Based A/B Evaluation,Estimated model-based performance; not based on actual customer engagement data.
C000065,Core Active,Core Digital Customer,Moderate Risk,Moderate Cross-Sell Opportunity,Priority 3,P003,Rewards Credit Card,0.4194803551009887,0.0,spending and transaction patterns support a rewards credit card; strong digital affinity,Cross-Sell,"Introduce a complementary product and highlight rewards, benefits and spending value",Priority 3,0.4194803551009887,True,Discover Rewards Credit Card,An option selected with your needs in mind,Explore Rewards Credit Card and discover how it may complement your financial needs.,Explore Rewards Credit Card,Fallback,Explore Rewards Credit Card for your financial needs,Discover another option for your financial journey,"Based on your banking relationship, explore Rewards Credit Card and see how it may complement your existing financial needs.",Explore Rewards Credit Card,Have you explored Rewards Credit Card?,Consider adding Rewards Credit Card to your financial plans,Take the next step and learn more about Rewards Credit Card. Review the available information to see whether it fits your financial needs.,Learn More,Benefit-Focused,Action-Focused,A/B,Benefit-Focused,Action-Focused,51.08596906385372,9.416289233204077,A,Benefit-Focused,41.66967983064964,High,3,Model-Based A/B Evaluation,Estimated model-based performance; not based on actual customer engagement data.
C000066,Core Active,Core Relationship Customer,High Risk,Moderate Cross-Sell Opportunity,Priority 3,P003,Rewards Credit Card,0.3920862932011372,0.0,spending and transaction patterns support a rewards credit card; positive response to previous recommendations,Retention,"Strengthen the customer relationship while highlight rewards, benefits and spending value",Priority 3,0.3920862932011372,True,Discover more value with Rewards Credit Card,Benefits designed around your banking needs,Explore Rewards Credit Card and discover an option designed to support your evolving financial needs.,Explore Rewards Credit Card,Fallback,Discover more value with Rewards Credit Card,More value for your banking journey,Explore Rewards Credit Card and discover an option that may complement your evolving financial needs.,Explore Rewards Credit Card,Keep exploring your options with Rewards Credit Card,Consider your next banking opportunity,Take a closer look at Rewards Credit Card and consider whether it could be a suitable addition to your financial plans.,Learn More,Benefit-Focused,Action-Focused,A/B,Benefit-Focused,Action-Focused,91.22879154976927,8.801360769964846,A,Benefit-Focused,82.42743077980442,High,3,Model-Based A/B Evaluation,Estimated model-based performance; not based on actual customer engagement data.
C000067,At Risk,At-Risk Declining Customer,Critical Risk,Low Cross-Sell Opportunity,Priority 4,P007,Term Insurance,0.1897590986633273,0.0,customer profile indicates potential protection needs,Retention,Strengthen the customer relationship while highlight financial protection and security,Priority 4,0.1897590986633273,True,Discover more value with Term Insurance,Benefits designed around your banking needs,Explore Term Insurance and discover an option designed to support your evolving financial needs.,Explore Term Insurance,Fallback,Discover more value with Term Insurance,More value for your banking journey,Explore Term Insurance and discover an option that may complement your evolving financial needs.,Explore Term Insurance,Keep exploring your options with Term Insurance,Consider your next banking opportunity,Take a closer look at Term Insurance and consider whether it could be a suitable addition to your financial plans.,Learn More,Benefit-Focused,Action-Focused,A/B,Benefit-Focused,Action-Focused,86.27416433841542,4.259619159557128,A,Benefit-Focused,82.01454517885828,High,3,Model-Based A/B Evaluation,Estimated model-based performance; not based on actual customer engagement data.
C000068,Premium High-Value,Premium Relationship Customer,Moderate Risk,Low Cross-Sell Opportunity,Priority 3,P004,Personal Loan,0.57067933526301,0.0,financial capacity and transaction activity support borrowing needs; strong segment fit,Upsell,Emphasize premium value and highlight flexible financing and convenience,Priority 3,0.57067933526301,True,Take your banking further with Personal Loan,Explore more value with Personal Loan,"Based on your banking relationship, Personal Loan could be a valuable addition to your financial journey.",Explore Personal Loan,Fallback,Take your banking further with Personal Loan,Explore more value with Personal Loan,Discover Personal Loan and explore how it may provide additional value within your financial journey.,Explore Personal Loan,Explore your Personal Loan options,Take the next step with Personal Loan,Learn more about Personal Loan and explore whether it could support your current financial goals.,Explore Options,Benefit-Focused,Action-Focused,A/B,Benefit-Focused,Action-Focused,13.97490520199478,53.623983305217216,B,Action-Focused,39.649078103222436,High,1,Model-Based A/B Evaluation,Estimated model-based performance; not based on actual customer engagement data.
C000069,Premium High-Value,Premium Relationship Customer,Moderate Risk,Moderate Cross-Sell Opportunity,Priority 3,P003,Rewards Credit Card,0.658328986712224,0.0,spending and transaction patterns support a rewards credit card; strong segment fit,Cross-Sell,"Introduce a complementary product and highlight rewards, benefits and spending value",Priority 3,0.658328986712224,True,Discover Rewards Credit Card,An option selected with your needs in mind,Explore Rewards Credit Card and discover how it may complement your financial needs.,Explore Rewards Credit Card,Fallback,Explore Rewards Credit Card for your financial needs,Discover another option for your financial journey,"Based on your banking relationship, explore Rewards Credit Card and see how it may complement your existing financial needs.",Explore Rewards Credit Card,Have you explored Rewards Credit Card?,Consider adding Rewards Credit Card to your financial plans,Take the next step and learn more about Rewards Credit Card. Review the available information to see whether it fits your financial needs.,Learn More,Benefit-Focused,Action-Focused,A/B,Benefit-Focused,Action-Focused,56.93494024283437,14.777846147269683,A,Benefit-Focused,42.15709409556469,High,2,Model-Based A/B Evaluation,Estimated model-based performance; not based on actual customer engagement data.
C000070,Premium High-Value,Premium Digital Customer,Low Risk,Moderate Cross-Sell Opportunity,Priority 2,P004,Personal Loan,0.6925981788026413,0.0,financial capacity and transaction activity support borrowing needs; strong digital affinity; strong segment fit,Cross-Sell,Introduce a complementary product and highlight flexible financing and convenience,Priority 2,0.6925981788026413,True,Discover Personal Loan,An option selected with your needs in mind,Explore Personal Loan and discover how it may complement your financial needs.,Explore Personal Loan,Fallback,Explore Personal Loan for your financial needs,Discover another option for your financial journey,"Based on your banking relationship, explore Personal Loan and see how it may complement your existing financial needs.",Explore Personal Loan,Have you explored Personal Loan?,Consider adding Personal Loan to your financial plans,Take the next step and learn more about Personal Loan. Review the available information to see whether it fits your financial needs.,Learn More,Benefit-Focused,Action-Focused,A/B,Benefit-Focused,Action-Focused,57.77413080261138,15.547104160398598,A,Benefit-Focused,42.227026642212785,High,3,Model-Based A/B Evaluation,Estimated model-based performance; not based on actual customer engagement data.
C000071,Core Active,Core Relationship Customer,Moderate Risk,Moderate Cross-Sell Opportunity,Priority 3,P003,Rewards Credit Card,0.3395645058925829,0.0,spending and transaction patterns support a rewards credit card,Cross-Sell,"Introduce a complementary product and highlight rewards, benefits and spending value",Priority 3,0.3395645058925829,True,Discover Rewards Credit Card,An option selected with your needs in mind,Explore Rewards Credit Card and discover how it may complement your financial needs.,Explore Rewards Credit Card,Fallback,Explore Rewards Credit Card for your financial needs,Discover another option for your financial journey,"Based on your banking relationship, explore Rewards Credit Card and see how it may complement your existing financial needs.",Explore Rewards Credit Card,Have you explored Rewards Credit Card?,Consider adding Rewards Credit Card to your financial plans,Take the next step and learn more about Rewards Credit Card. Review the available information to see whether it fits your financial needs.,Learn More,Benefit-Focused,Action-Focused,A/B,Benefit-Focused,Action-Focused,49.12897439484284,7.6223774532774415,A,Benefit-Focused,41.5065969415654,High,3,Model-Based A/B Evaluation,Estimated model-based performance; not based on actual customer engagement data.
C000072,Premium High-Value,Premium Relationship Customer,Moderate Risk,Moderate Cross-Sell Opportunity,Priority 2,P004,Personal Loan,0.9310595410702192,0.0,financial capacity and transaction activity support borrowing needs; strong income profile; high transaction activity,Cross-Sell,Introduce a complementary product and highlight flexible financing and convenience,Priority 2,0.9310595410702192,True,Discover Personal Loan,An option selected with your needs in mind,Explore Personal Loan and discover how it may complement your financial needs.,Explore Personal Loan,Fallback,Explore Personal Loan for your financial needs,Discover another option for your financial journey,"Based on your banking relationship, explore Personal Loan and see how it may complement your existing financial needs.",Explore Personal Loan,Have you explored Personal Loan?,Consider adding Personal Loan to your financial plans,Take the next step and learn more about Personal Loan. Review the available information to see whether it fits your financial needs.,Learn More,Benefit-Focused,Action-Focused,A/B,Benefit-Focused,Action-Focused,63.61361845550157,20.899967842214622,A,Benefit-Focused,42.71365061328695,High,3,Model-Based A/B Evaluation,Estimated model-based performance; not based on actual customer engagement data.
C000073,Core Active,Core Relationship Customer,High Risk,Low Cross-Sell Opportunity,Priority 4,P003,Rewards Credit Card,0.3090581459951255,0.0,spending and transaction patterns support a rewards credit card,Retention,"Strengthen the customer relationship while highlight rewards, benefits and spending value",Priority 4,0.3090581459951255,True,Discover more value with Rewards Credit Card,Benefits designed around your banking needs,Explore Rewards Credit Card and discover an option designed to support your evolving financial needs.,Explore Rewards Credit Card,Fallback,Discover more value with Rewards Credit Card,More value for your banking journey,Explore Rewards Credit Card and discover an option that may complement your evolving financial needs.,Explore Rewards Credit Card,Keep exploring your options with Rewards Credit Card,Consider your next banking opportunity,Take a closer look at Rewards Credit Card and consider whether it could be a suitable addition to your financial plans.,Learn More,Benefit-Focused,Action-Focused,A/B,Benefit-Focused,Action-Focused,89.19558232945201,6.937585651340683,A,Benefit-Focused,82.25799667811133,High,3,Model-Based A/B Evaluation,Estimated model-based performance; not based on actual customer engagement data.
C000074,Premium High-Value,Premium Digital Customer,Moderate Risk,Moderate Cross-Sell Opportunity,Priority 2,P008,Premium Banking,0.7280072090469717,0.0,customer profile supports premium banking services; high transaction activity; strong digital affinity,Cross-Sell,Introduce a complementary product and highlight premium services and exclusive benefits,Priority 2,0.7280072090469717,True,Discover Premium Banking,An option selected with your needs in mind,Explore Premium Banking and discover how it may complement your financial needs.,Explore Premium Banking,Fallback,Explore Premium Banking for your financial needs,Discover another option for your financial journey,"Based on your banking relationship, explore Premium Banking and see how it may complement your existing financial needs.",Explore Premium Banking,Have you explored Premium Banking?,Consider adding Premium Banking to your financial plans,Take the next step and learn more about Premium Banking. Review the available information to see whether it fits your financial needs.,Learn More,Benefit-Focused,Action-Focused,A/B,Benefit-Focused,Action-Focused,58.64123393808942,16.341948701253475,A,Benefit-Focused,42.29928523683594,High,2,Model-Based A/B Evaluation,Estimated model-based performance; not based on actual customer engagement data.
C000075,Premium High-Value,Premium Cross-Sell Opportunity,Low Risk,High Cross-Sell Opportunity,Priority 2,P003,Rewards Credit Card,0.7033917871864537,0.0,spending and transaction patterns support a rewards credit card; high transaction activity; strong segment fit,Cross-Sell,"Introduce a complementary product and highlight rewards, benefits and spending value",Priority 2,0.7033917871864537,True,Discover Rewards Credit Card,An option selected with your needs in mind,Explore Rewards Credit Card and discover how it may complement your financial needs.,Explore Rewards Credit Card,Fallback,Explore Rewards Credit Card for your financial needs,Discover another option for your financial journey,"Based on your banking relationship, explore Rewards Credit Card and see how it may complement your existing financial needs.",Explore Rewards Credit Card,Have you explored Rewards Credit Card?,Consider adding Rewards Credit Card to your financial plans,Take the next step and learn more about Rewards Credit Card. Review the available information to see whether it fits your financial needs.,Learn More,Benefit-Focused,Action-Focused,A/B,Benefit-Focused,Action-Focused,58.03844675840416,15.78939378654199,A,Benefit-Focused,42.24905297186217,High,3,Model-Based A/B Evaluation,Estimated model-based performance; not based on actual customer engagement data.
C000076,Premium High-Value,Premium Digital Customer,Moderate Risk,Moderate Cross-Sell Opportunity,Priority 2,P005,Home Loan,0.7938267758176272,0.0,financial capacity supports a potential home financing need; high transaction activity; strong digital affinity,Cross-Sell,Introduce a complementary product and highlight long-term home financing value,Priority 2,0.7938267758176272,True,Discover Home Loan,An option selected with your needs in mind,Explore Home Loan and discover how it may complement your financial needs.,Explore Home Loan,Fallback,Explore Home Loan for your financial needs,Discover another option for your financial journey,"Based on your banking relationship, explore Home Loan and see how it may complement your existing financial needs.",Explore Home Loan,Have you explored Home Loan?,Consider adding Home Loan to your financial plans,Take the next step and learn more about Home Loan. Review the available information to see whether it fits your financial needs.,Learn More,Benefit-Focused,Action-Focused,A/B,Benefit-Focused,Action-Focused,60.25303613455822,17.819434048016547,A,Benefit-Focused,42.433602086541676,High,2,Model-Based A/B Evaluation,Estimated model-based performance; not based on actual customer engagement data.
C000077,At Risk,At-Risk Engagement Customer,Critical Risk,Moderate Cross-Sell Opportunity,Priority 3,P003,Rewards Credit Card,0.3182437440709953,0.0,spending and transaction patterns support a rewards credit card,Retention,"Strengthen the customer relationship while highlight rewards, benefits and spending value",Priority 3,0.3182437440709953,True,Discover more value with Rewards Credit Card,Benefits designed around your banking needs,Explore Rewards Credit Card and discover an option designed to support your evolving financial needs.,Explore Rewards Credit Card,Fallback,Discover more value with Rewards Credit Card,More value for your banking journey,Explore Rewards Credit Card and discover an option that may complement your evolving financial needs.,Explore Rewards Credit Card,Keep exploring your options with Rewards Credit Card,Consider your next banking opportunity,Take a closer look at Rewards Credit Card and consider whether it could be a suitable addition to your financial plans.,Learn More,Benefit-Focused,Action-Focused,A/B,Benefit-Focused,Action-Focused,89.42052101988969,7.143779450908556,A,Benefit-Focused,82.27674156898114,High,3,Model-Based A/B Evaluation,Estimated model-based performance; not based on actual customer engagement data.
C000078,Dormant / Declining,Dormant Reactivation Target,Critical Risk,Low Cross-Sell Opportunity,Priority 3,P003,Rewards Credit Card,0.2670322326677601,0.0,spending and transaction patterns support a rewards credit card; positive response to previous recommendations,Retention,"Strengthen the customer relationship while highlight rewards, benefits and spending value",Priority 3,0.2670322326677601,True,Discover more value with Rewards Credit Card,Benefits designed around your banking needs,Explore Rewards Credit Card and discover an option designed to support your evolving financial needs.,Explore Rewards Credit Card,Fallback,Discover more value with Rewards Credit Card,More value for your banking journey,Explore Rewards Credit Card and discover an option that may complement your evolving financial needs.,Explore Rewards Credit Card,Keep exploring your options with Rewards Credit Card,Consider your next banking opportunity,Take a closer look at Rewards Credit Card and consider whether it could be a suitable addition to your financial plans.,Learn More,Benefit-Focused,Action-Focused,A/B,Benefit-Focused,Action-Focused,88.16644368978757,5.994208564981615,A,Benefit-Focused,82.17223512480595,High,3,Model-Based A/B Evaluation,Estimated model-based performance; not based on actual customer engagement data.
C000079,Core Active,Core Cross-Sell Opportunity,Moderate Risk,High Cross-Sell Opportunity,Priority 2,P003,Rewards Credit Card,0.512612849147811,0.0,spending and transaction patterns support a rewards credit card; strong digital affinity,Cross-Sell,"Introduce a complementary product and highlight rewards, benefits and spending value",Priority 2,0.512612849147811,True,Discover Rewards Credit Card,An option selected with your needs in mind,Explore Rewards Credit Card and discover how it may complement your financial needs.,Explore Rewards Credit Card,Fallback,Explore Rewards Credit Card for your financial needs,Discover another option for your financial journey,"Based on your banking relationship, explore Rewards Credit Card and see how it may complement your existing financial needs.",Explore Rewards Credit Card,Have you explored Rewards Credit Card?,Consider adding Rewards Credit Card to your financial plans,Take the next step and learn more about Rewards Credit Card. Review the available information to see whether it fits your financial needs.,Learn More,Benefit-Focused,Action-Focused,A/B,Benefit-Focused,Action-Focused,53.36661547087641,11.506881772974884,A,Benefit-Focused,41.859733697901525,High,3,Model-Based A/B Evaluation,Estimated model-based performance; not based on actual customer engagement data.
C000080,Premium High-Value,Premium Relationship Customer,Moderate Risk,Moderate Cross-Sell Opportunity,Priority 2,P003,Rewards Credit Card,0.5968491404133281,0.0,spending and transaction patterns support a rewards credit card; strong segment fit,Cross-Sell,"Introduce a complementary product and highlight rewards, benefits and spending value",Priority 2,0.5968491404133281,True,Discover Rewards Credit Card,An option selected with your needs in mind,Explore Rewards Credit Card and discover how it may complement your financial needs.,Explore Rewards Credit Card,Fallback,Explore Rewards Credit Card for your financial needs,Discover another option for your financial journey,"Based on your banking relationship, explore Rewards Credit Card and see how it may complement your existing financial needs.",Explore Rewards Credit Card,Have you explored Rewards Credit Card?,Consider adding Rewards Credit Card to your financial plans,Take the next step and learn more about Rewards Credit Card. Review the available information to see whether it fits your financial needs.,Learn More,Benefit-Focused,Action-Focused,A/B,Benefit-Focused,Action-Focused,55.42940995503394,13.397776716785955,A,Benefit-Focused,42.031633238247984,High,3,Model-Based A/B Evaluation,Estimated model-based performance; not based on actual customer engagement data.
C000081,Core Active,Core High-Activity Customer,Moderate Risk,Moderate Cross-Sell Opportunity,Priority 3,P007,Term Insurance,0.4453583575827485,0.0,customer profile indicates potential protection needs; high transaction activity,Cross-Sell,Introduce a complementary product and highlight financial protection and security,Priority 3,0.4453583575827485,True,Discover Term Insurance,An option selected with your needs in mind,Explore Term Insurance and discover how it may complement your financial needs.,Explore Term Insurance,Fallback,Explore Term Insurance for your financial needs,Discover another option for your financial journey,"Based on your banking relationship, explore Term Insurance and see how it may complement your existing financial needs.",Explore Term Insurance,Have you explored Term Insurance?,Consider adding Term Insurance to your financial plans,Take the next step and learn more about Term Insurance. Review the available information to see whether it fits your financial needs.,Learn More,Benefit-Focused,Action-Focused,A/B,Benefit-Focused,Action-Focused,51.7196745603615,9.997185938336214,A,Benefit-Focused,41.72248862202528,High,3,Model-Based A/B Evaluation,Estimated model-based performance; not based on actual customer engagement data.
C000082,Core Active,Core Relationship Customer,Moderate Risk,Moderate Cross-Sell Opportunity,Priority 3,P004,Personal Loan,0.3887672580296647,0.0,financial capacity and transaction activity support borrowing needs,Cross-Sell,Introduce a complementary product and highlight flexible financing and convenience,Priority 3,0.3887672580296647,True,Discover Personal Loan,An option selected with your needs in mind,Explore Personal Loan and discover how it may complement your financial needs.,Explore Personal Loan,Fallback,Explore Personal Loan for your financial needs,Discover another option for your financial journey,"Based on your banking relationship, explore Personal Loan and see how it may complement your existing financial needs.",Explore Personal Loan,Have you explored Personal Loan?,Consider adding Personal Loan to your financial plans,Take the next step and learn more about Personal Loan. Review the available information to see whether it fits your financial needs.,Learn More,Benefit-Focused,Action-Focused,A/B,Benefit-Focused,Action-Focused,50.33386084210847,8.726856696604276,A,Benefit-Focused,41.60700414550419,High,3,Model-Based A/B Evaluation,Estimated model-based performance; not based on actual customer engagement data.
C000083,Premium High-Value,Premium Cross-Sell Opportunity,Moderate Risk,High Cross-Sell Opportunity,Priority 2,P003,Rewards Credit Card,0.636460171588108,0.0,spending and transaction patterns support a rewards credit card; strong segment fit,Cross-Sell,"Introduce a complementary product and highlight rewards, benefits and spending value",Priority 2,0.636460171588108,True,Discover Rewards Credit Card,An option selected with your needs in mind,Explore Rewards Credit Card and discover how it may complement your financial needs.,Explore Rewards Credit Card,Fallback,Explore Rewards Credit Card for your financial needs,Discover another option for your financial journey,"Based on your banking relationship, explore Rewards Credit Card and see how it may complement your existing financial needs.",Explore Rewards Credit Card,Have you explored Rewards Credit Card?,Consider adding Rewards Credit Card to your financial plans,Take the next step and learn more about Rewards Credit Card. Review the available information to see whether it fits your financial needs.,Learn More,Benefit-Focused,Action-Focused,A/B,Benefit-Focused,Action-Focused,56.399412496593804,14.28694571321582,A,Benefit-Focused,42.11246678337798,High,3,Model-Based A/B Evaluation,Estimated model-based performance; not based on actual customer engagement data.
C000084,Core Active,Core Relationship Customer,Moderate Risk,Moderate Cross-Sell Opportunity,Priority 3,P003,Rewards Credit Card,0.3622136161992335,0.0,spending and transaction patterns support a rewards credit card,Cross-Sell,"Introduce a complementary product and highlight rewards, benefits and spending value",Priority 3,0.3622136161992335,True,Discover Rewards Credit Card,An option selected with your needs in mind,Explore Rewards Credit Card and discover how it may complement your financial needs.,Explore Rewards Credit Card,Fallback,Explore Rewards Credit Card for your financial needs,Discover another option for your financial journey,"Based on your banking relationship, explore Rewards Credit Card and see how it may complement your existing financial needs.",Explore Rewards Credit Card,Have you explored Rewards Credit Card?,Consider adding Rewards Credit Card to your financial plans,Take the next step and learn more about Rewards Credit Card. Review the available information to see whether it fits your financial needs.,Learn More,Benefit-Focused,Action-Focused,A/B,Benefit-Focused,Action-Focused,49.68361015942522,8.130793570811292,A,Benefit-Focused,41.55281658861393,High,3,Model-Based A/B Evaluation,Estimated model-based performance; not based on actual customer engagement data.
C000085,Core Active,Core Relationship Customer,Low Risk,Moderate Cross-Sell Opportunity,Priority 2,P004,Personal Loan,0.5039666657929518,0.0,financial capacity and transaction activity support borrowing needs; positive response to previous recommendations,Cross-Sell,Introduce a complementary product and highlight flexible financing and convenience,Priority 2,0.5039666657929518,True,Discover Personal Loan,An option selected with your needs in mind,Explore Personal Loan and discover how it may complement your financial needs.,Explore Personal Loan,Fallback,Explore Personal Loan for your financial needs,Discover another option for your financial journey,"Based on your banking relationship, explore Personal Loan and see how it may complement your existing financial needs.",Explore Personal Loan,Have you explored Personal Loan?,Consider adding Personal Loan to your financial plans,Take the next step and learn more about Personal Loan. Review the available information to see whether it fits your financial needs.,Learn More,Benefit-Focused,Action-Focused,A/B,Benefit-Focused,Action-Focused,53.15488607176029,11.312796490451776,A,Benefit-Focused,41.842089581308514,High,3,Model-Based A/B Evaluation,Estimated model-based performance; not based on actual customer engagement data.
C000086,Core Active,Core Relationship Customer,Moderate Risk,Low Cross-Sell Opportunity,Priority 3,P004,Personal Loan,0.3749859961966766,0.0,financial capacity and transaction activity support borrowing needs,Engagement,Highlight flexible financing and convenience,Priority 3,0.3749859961966766,True,Explore Personal Loan,A financial option worth exploring,Take a closer look at Personal Loan and see how it could complement your banking needs.,Learn More,Fallback,Discover Personal Loan,An option worth exploring,Explore Personal Loan and learn how it may complement your financial needs.,Learn More,See what Personal Loan can offer,Take a closer look at Personal Loan,Learn more about Personal Loan and consider whether it could complement your financial needs.,Learn More,Benefit-Focused,Action-Focused,A/B,Benefit-Focused,Action-Focused,9.182729117936224,90.04480876488552,B,Action-Focused,80.8620796469493,High,3,Model-Based A/B Evaluation,Estimated model-based performance; not based on actual customer engagement data.
C000087,Premium High-Value,Premium Relationship Customer,Low Risk,Moderate Cross-Sell Opportunity,Priority 3,P004,Personal Loan,0.6242470125429058,0.0,financial capacity and transaction activity support borrowing needs; strong segment fit,Cross-Sell,Introduce a complementary product and highlight flexible financing and convenience,Priority 3,0.6242470125429058,True,Discover Personal Loan,An option selected with your needs in mind,Explore Personal Loan and discover how it may complement your financial needs.,Explore Personal Loan,Fallback,Explore Personal Loan for your financial needs,Discover another option for your financial journey,"Based on your banking relationship, explore Personal Loan and see how it may complement your existing financial needs.",Explore Personal Loan,Have you explored Personal Loan?,Consider adding Personal Loan to your financial plans,Take the next step and learn more about Personal Loan. Review the available information to see whether it fits your financial needs.,Learn More,Benefit-Focused,Action-Focused,A/B,Benefit-Focused,Action-Focused,56.10033431147794,14.012790710192952,A,Benefit-Focused,42.087543601284985,High,3,Model-Based A/B Evaluation,Estimated model-based performance; not based on actual customer engagement data.
C000088,At Risk,At-Risk Declining Customer,Critical Risk,Low Cross-Sell Opportunity,Priority 4,P007,Term Insurance,0.1705799019722226,0.0,customer profile indicates potential protection needs,Retention,Strengthen the customer relationship while highlight financial protection and security,Priority 4,0.1705799019722226,True,Discover more value with Term Insurance,Benefits designed around your banking needs,Explore Term Insurance and discover an option designed to support your evolving financial needs.,Explore Term Insurance,Fallback,Discover more value with Term Insurance,More value for your banking journey,Explore Term Insurance and discover an option that may complement your evolving financial needs.,Explore Term Insurance,Keep exploring your options with Term Insurance,Consider your next banking opportunity,Take a closer look at Term Insurance and consider whether it could be a suitable addition to your financial plans.,Learn More,Benefit-Focused,Action-Focused,A/B,Benefit-Focused,Action-Focused,85.80450048509736,3.8290939606822616,A,Benefit-Focused,81.9754065244151,High,3,Model-Based A/B Evaluation,Estimated model-based performance; not based on actual customer engagement data.
C000089,At Risk,At-Risk Declining Customer,Critical Risk,Low Cross-Sell Opportunity,Priority 3,P003,Rewards Credit Card,0.3484949333970936,0.0,spending and transaction patterns support a rewards credit card; positive response to previous recommendations,Retention,"Strengthen the customer relationship while highlight rewards, benefits and spending value",Priority 3,0.3484949333970936,True,Discover more value with Rewards Credit Card,Benefits designed around your banking needs,Explore Rewards Credit Card and discover an option designed to support your evolving financial needs.,Explore Rewards Credit Card,Fallback,Discover more value with Rewards Credit Card,More value for your banking journey,Explore Rewards Credit Card and discover an option that may complement your evolving financial needs.,Explore Rewards Credit Card,Keep exploring your options with Rewards Credit Card,Consider your next banking opportunity,Take a closer look at Rewards Credit Card and consider whether it could be a suitable addition to your financial plans.,Learn More,Benefit-Focused,Action-Focused,A/B,Benefit-Focused,Action-Focused,90.16131795602719,7.822843309034592,A,Benefit-Focused,82.3384746469926,High,3,Model-Based A/B Evaluation,Estimated model-based performance; not based on actual customer engagement data.
C000090,Premium High-Value,Premium Digital Customer,Low Risk,Moderate Cross-Sell Opportunity,Priority 2,P008,Premium Banking,0.8661597343837367,0.0,customer profile supports premium banking services; strong account balance; high spending activity,Cross-Sell,Introduce a complementary product and highlight premium services and exclusive benefits,Priority 2,0.8661597343837367,True,Discover Premium Banking,An option selected with your needs in mind,Explore Premium Banking and discover how it may complement your financial needs.,Explore Premium Banking,Fallback,Explore Premium Banking for your financial needs,Discover another option for your financial journey,"Based on your banking relationship, explore Premium Banking and see how it may complement your existing financial needs.",Explore Premium Banking,Have you explored Premium Banking?,Consider adding Premium Banking to your financial plans,Take the next step and learn more about Premium Banking. Review the available information to see whether it fits your financial needs.,Learn More,Benefit-Focused,Action-Focused,A/B,Benefit-Focused,Action-Focused,62.024339520680186,19.44312881862834,A,Benefit-Focused,42.58121070205185,High,3,Model-Based A/B Evaluation,Estimated model-based performance; not based on actual customer engagement data.
C000091,Premium High-Value,Premium Relationship Customer,Low Risk,Moderate Cross-Sell Opportunity,Priority 2,P003,Rewards Credit Card,0.7487590832627996,0.0,spending and transaction patterns support a rewards credit card; high transaction activity; strong segment fit,Cross-Sell,"Introduce a complementary product and highlight rewards, benefits and spending value",Priority 2,0.7487590832627996,True,Discover Rewards Credit Card,An option selected with your needs in mind,Explore Rewards Credit Card and discover how it may complement your financial needs.,Explore Rewards Credit Card,Fallback,Explore Rewards Credit Card for your financial needs,Discover another option for your financial journey,"Based on your banking relationship, explore Rewards Credit Card and see how it may complement your existing financial needs.",Explore Rewards Credit Card,Have you explored Rewards Credit Card?,Consider adding Rewards Credit Card to your financial plans,Take the next step and learn more about Rewards Credit Card. Review the available information to see whether it fits your financial needs.,Learn More,Benefit-Focused,Action-Focused,A/B,Benefit-Focused,Action-Focused,59.149409820778885,16.807776593718813,A,Benefit-Focused,42.34163322706007,High,3,Model-Based A/B Evaluation,Estimated model-based performance; not based on actual customer engagement data.
C000092,Core Active,Core Relationship Customer,Moderate Risk,Moderate Cross-Sell Opportunity,Priority 3,P003,Rewards Credit Card,0.4914967266636498,0.0,spending and transaction patterns support a rewards credit card; positive response to previous recommendations,Cross-Sell,"Introduce a complementary product and highlight rewards, benefits and spending value",Priority 3,0.4914967266636498,True,Discover Rewards Credit Card,An option selected with your needs in mind,Explore Rewards Credit Card and discover how it may complement your financial needs.,Explore Rewards Credit Card,Fallback,Explore Rewards Credit Card for your financial needs,Discover another option for your financial journey,"Based on your banking relationship, explore Rewards Credit Card and see how it may complement your existing financial needs.",Explore Rewards Credit Card,Have you explored Rewards Credit Card?,Consider adding Rewards Credit Card to your financial plans,Take the next step and learn more about Rewards Credit Card. Review the available information to see whether it fits your financial needs.,Learn More,Benefit-Focused,Action-Focused,A/B,Benefit-Focused,Action-Focused,52.84951980661189,11.032877414065736,A,Benefit-Focused,41.81664239254615,High,3,Model-Based A/B Evaluation,Estimated model-based performance; not based on actual customer engagement data.
C000093,Premium High-Value,Premium Digital Customer,Moderate Risk,Moderate Cross-Sell Opportunity,Priority 2,P008,Premium Banking,0.742042447943227,0.0,customer profile supports premium banking services; high transaction activity; strong segment fit,Cross-Sell,Introduce a complementary product and highlight premium services and exclusive benefits,Priority 2,0.742042447943227,True,Discover Premium Banking,An option selected with your needs in mind,Explore Premium Banking and discover how it may complement your financial needs.,Explore Premium Banking,Fallback,Explore Premium Banking for your financial needs,Discover another option for your financial journey,"Based on your banking relationship, explore Premium Banking and see how it may complement your existing financial needs.",Explore Premium Banking,Have you explored Premium Banking?,Consider adding Premium Banking to your financial plans,Take the next step and learn more about Premium Banking. Review the available information to see whether it fits your financial needs.,Learn More,Benefit-Focused,Action-Focused,A/B,Benefit-Focused,Action-Focused,58.98493156465956,16.657004858942763,A,Benefit-Focused,42.3279267057168,High,2,Model-Based A/B Evaluation,Estimated model-based performance; not based on actual customer engagement data.
C000094,Core Active,Core Relationship Customer,Low Risk,Moderate Cross-Sell Opportunity,Priority 3,P003,Rewards Credit Card,0.4861422295581274,0.0,spending and transaction patterns support a rewards credit card; high transaction activity,Cross-Sell,"Introduce a complementary product and highlight rewards, benefits and spending value",Priority 3,0.4861422295581274,True,Discover Rewards Credit Card,An option selected with your needs in mind,Explore Rewards Credit Card and discover how it may complement your financial needs.,Explore Rewards Credit Card,Fallback,Explore Rewards Credit Card for your financial needs,Discover another option for your financial journey,"Based on your banking relationship, explore Rewards Credit Card and see how it may complement your existing financial needs.",Explore Rewards Credit Card,Have you explored Rewards Credit Card?,Consider adding Rewards Credit Card to your financial plans,Take the next step and learn more about Rewards Credit Card. Review the available information to see whether it fits your financial needs.,Learn More,Benefit-Focused,Action-Focused,A/B,Benefit-Focused,Action-Focused,52.71839785277499,10.912682289715242,A,Benefit-Focused,41.80571556305975,High,3,Model-Based A/B Evaluation,Estimated model-based performance; not based on actual customer engagement data.
C000095,Core Active,Core Relationship Customer,Low Risk,Moderate Cross-Sell Opportunity,Priority 3,P003,Rewards Credit Card,0.481934356617052,0.0,spending and transaction patterns support a rewards credit card; positive response to previous recommendations,Cross-Sell,"Introduce a complementary product and highlight rewards, benefits and spending value",Priority 3,0.481934356617052,True,Discover Rewards Credit Card,An option selected with your needs in mind,Explore Rewards Credit Card and discover how it may complement your financial needs.,Explore Rewards Credit Card,Fallback,Explore Rewards Credit Card for your financial needs,Discover another option for your financial journey,"Based on your banking relationship, explore Rewards Credit Card and see how it may complement your existing financial needs.",Explore Rewards Credit Card,Have you explored Rewards Credit Card?,Consider adding Rewards Credit Card to your financial plans,Take the next step and learn more about Rewards Credit Card. Review the available information to see whether it fits your financial needs.,Learn More,Benefit-Focused,Action-Focused,A/B,Benefit-Focused,Action-Focused,52.61535465176883,10.818226022126261,A,Benefit-Focused,41.79712862964257,High,3,Model-Based A/B Evaluation,Estimated model-based performance; not based on actual customer engagement data.
C000096,Core Active,Core High-Activity Customer,Moderate Risk,Moderate Cross-Sell Opportunity,Priority 3,P004,Personal Loan,0.47780268457168,0.0,financial capacity and transaction activity support borrowing needs; high transaction activity,Cross-Sell,Introduce a complementary product and highlight flexible financing and convenience,Priority 3,0.47780268457168,True,Discover Personal Loan,An option selected with your needs in mind,Explore Personal Loan and discover how it may complement your financial needs.,Explore Personal Loan,Fallback,Explore Personal Loan for your financial needs,Discover another option for your financial journey,"Based on your banking relationship, explore Personal Loan and see how it may complement your existing financial needs.",Explore Personal Loan,Have you explored Personal Loan?,Consider adding Personal Loan to your financial plans,Take the next step and learn more about Personal Loan. Review the available information to see whether it fits your financial needs.,Learn More,Benefit-Focused,Action-Focused,A/B,Benefit-Focused,Action-Focused,52.51417747293652,10.725480274863317,A,Benefit-Focused,41.7886971980732,High,3,Model-Based A/B Evaluation,Estimated model-based performance; not based on actual customer engagement data.
C000097,Core Active,Core Relationship Customer,Low Risk,Moderate Cross-Sell Opportunity,Priority 3,P003,Rewards Credit Card,0.3881503653207515,0.0,spending and transaction patterns support a rewards credit card,Cross-Sell,"Introduce a complementary product and highlight rewards, benefits and spending value",Priority 3,0.3881503653207515,True,Discover Rewards Credit Card,An option selected with your needs in mind,Explore Rewards Credit Card and discover how it may complement your financial needs.,Explore Rewards Credit Card,Fallback,Explore Rewards Credit Card for your financial needs,Discover another option for your financial journey,"Based on your banking relationship, explore Rewards Credit Card and see how it may complement your existing financial needs.",Explore Rewards Credit Card,Have you explored Rewards Credit Card?,Consider adding Rewards Credit Card to your financial plans,Take the next step and learn more about Rewards Credit Card. Review the available information to see whether it fits your financial needs.,Learn More,Benefit-Focused,Action-Focused,A/B,Benefit-Focused,Action-Focused,50.31875425493393,8.713008991694274,A,Benefit-Focused,41.605745263239655,High,3,Model-Based A/B Evaluation,Estimated model-based performance; not based on actual customer engagement data.
C000098,Premium High-Value,Premium Digital Customer,Low Risk,Moderate Cross-Sell Opportunity,Priority 2,P007,Term Insurance,0.8236934658323463,0.0,customer profile indicates potential protection needs; strong income profile; high transaction activity,Cross-Sell,Introduce a complementary product and highlight financial protection and security,Priority 2,0.8236934658323463,True,Discover Term Insurance,An option selected with your needs in mind,Explore Term Insurance and discover how it may complement your financial needs.,Explore Term Insurance,Fallback,Explore Term Insurance for your financial needs,Discover another option for your financial journey,"Based on your banking relationship, explore Term Insurance and see how it may complement your existing financial needs.",Explore Term Insurance,Have you explored Term Insurance?,Consider adding Term Insurance to your financial plans,Take the next step and learn more about Term Insurance. Review the available information to see whether it fits your financial needs.,Learn More,Benefit-Focused,Action-Focused,A/B,Benefit-Focused,Action-Focused,60.98441737768787,18.489866854218725,A,Benefit-Focused,42.494550523469144,High,1,Model-Based A/B Evaluation,Estimated model-based performance; not based on actual customer engagement data.
C000099,Dormant / Declining,Dormant Reactivation Target,Critical Risk,Low Cross-Sell Opportunity,Priority 4,P008,Premium Banking,0.171583329218826,0.0,customer profile supports premium banking services,Retention,Strengthen the customer relationship while highlight premium services and exclusive benefits,Priority 4,0.171583329218826,True,Discover more value with Premium Banking,Benefits designed around your banking needs,Explore Premium Banking and discover an option designed to support your evolving financial needs.,Explore Premium Banking,Fallback,Discover more value with Premium Banking,More value for your banking journey,Explore Premium Banking and discover an option that may complement your evolving financial needs.,Explore Premium Banking,Keep exploring your options with Premium Banking,Consider your next banking opportunity,Take a closer look at Premium Banking and consider whether it could be a suitable addition to your financial plans.,Learn More,Benefit-Focused,Action-Focused,A/B,Benefit-Focused,Action-Focused,85.82907260429266,3.85161840327796,A,Benefit-Focused,81.97745420101471,High,3,Model-Based A/B Evaluation,Estimated model-based performance; not based on actual customer engagement data.
C000100,Core Active,Core Digital Customer,Moderate Risk,Moderate Cross-Sell Opportunity,Priority 3,P008,Premium Banking,0.4040754416133722,0.0,customer profile supports premium banking services; strong digital affinity,Cross-Sell,Introduce a complementary product and highlight premium services and exclusive benefits,Priority 3,0.4040754416133722,True,Discover Premium Banking,An option selected with your needs in mind,Explore Premium Banking and discover how it may complement your financial needs.,Explore Premium Banking,Fallback,Explore Premium Banking for your financial needs,Discover another option for your financial journey,"Based on your banking relationship, explore Premium Banking and see how it may complement your existing financial needs.",Explore Premium Banking,Have you explored Premium Banking?,Consider adding Premium Banking to your financial plans,Take the next step and learn more about Premium Banking. Review the available information to see whether it fits your financial needs.,Learn More,Benefit-Focused,Action-Focused,A/B,Benefit-Focused,Action-Focused,50.708730582745666,9.070487292188362,A,Benefit-Focused,41.638243290557305,High,3,Model-Based A/B Evaluation,Estimated model-based performance; not based on actual customer engagement data.
C000101,Core Active,Core Relationship Customer,Moderate Risk,Moderate Cross-Sell Opportunity,Priority 3,P003,Rewards Credit Card,0.4268828879092712,0.0,spending and transaction patterns support a rewards credit card,Cross-Sell,"Introduce a complementary product and highlight rewards, benefits and spending value",Priority 3,0.4268828879092712,True,Discover Rewards Credit Card,An option selected with your needs in mind,Explore Rewards Credit Card and discover how it may complement your financial needs.,Explore Rewards Credit Card,Fallback,Explore Rewards Credit Card for your financial needs,Discover another option for your financial journey,"Based on your banking relationship, explore Rewards Credit Card and see how it may complement your existing financial needs.",Explore Rewards Credit Card,Have you explored Rewards Credit Card?,Consider adding Rewards Credit Card to your financial plans,Take the next step and learn more about Rewards Credit Card. Review the available information to see whether it fits your financial needs.,Learn More,Benefit-Focused,Action-Focused,A/B,Benefit-Focused,Action-Focused,51.26724370945259,9.58245765833638,A,Benefit-Focused,41.68478605111621,High,3,Model-Based A/B Evaluation,Estimated model-based performance; not based on actual customer engagement data.
C000102,Core Active,Core Relationship Customer,High Risk,Moderate Cross-Sell Opportunity,Priority 3,P008,Premium Banking,0.4547723893421072,0.0,customer profile supports premium banking services; positive response to previous recommendations,Retention,Strengthen the customer relationship while highlight premium services and exclusive benefits,Priority 3,0.4547723893421072,True,Discover more value with Premium Banking,Benefits designed around your banking needs,Explore Premium Banking and discover an option designed to support your evolving financial needs.,Explore Premium Banking,Fallback,Discover more value with Premium Banking,More value for your banking journey,Explore Premium Banking and discover an option that may complement your evolving financial needs.,Explore Premium Banking,Keep exploring your options with Premium Banking,Consider your next banking opportunity,Take a closer look at Premium Banking and consider whether it could be a suitable addition to your financial plans.,Learn More,Benefit-Focused,Action-Focused,A/B,Benefit-Focused,Action-Focused,92.76386071544958,10.208507505171802,A,Benefit-Focused,82.55535321027779,High,3,Model-Based A/B Evaluation,Estimated model-based performance; not based on actual customer engagement data.
C000103,Core Active,Core Relationship Customer,Critical Risk,Low Cross-Sell Opportunity,Priority 4,P004,Personal Loan,0.2813396199300277,0.0,financial capacity and transaction activity support borrowing needs,Retention,Strengthen the customer relationship while highlight flexible financing and convenience,Priority 4,0.2813396199300277,True,Discover more value with Personal Loan,Benefits designed around your banking needs,Explore Personal Loan and discover an option designed to support your evolving financial needs.,Explore Personal Loan,Fallback,Discover more value with Personal Loan,More value for your banking journey,Explore Personal Loan and discover an option that may complement your evolving financial needs.,Explore Personal Loan,Keep exploring your options with Personal Loan,Consider your next banking opportunity,Take a closer look at Personal Loan and consider whether it could be a suitable addition to your financial plans.,Learn More,Benefit-Focused,Action-Focused,A/B,Benefit-Focused,Action-Focused,88.51680573783031,6.315373775687459,A,Benefit-Focused,82.20143196214285,High,3,Model-Based A/B Evaluation,Estimated model-based performance; not based on actual customer engagement data.
C000104,Core Active,Core Relationship Customer,High Risk,Moderate Cross-Sell Opportunity,Priority 3,P003,Rewards Credit Card,0.4010720580463311,0.0,spending and transaction patterns support a rewards credit card; positive response to previous recommendations,Retention,"Strengthen the customer relationship while highlight rewards, benefits and spending value",Priority 3,0.4010720580463311,True,Discover more value with Rewards Credit Card,Benefits designed around your banking needs,Explore Rewards Credit Card and discover an option designed to support your evolving financial needs.,Explore Rewards Credit Card,Fallback,Discover more value with Rewards Credit Card,More value for your banking journey,Explore Rewards Credit Card and discover an option that may complement your evolving financial needs.,Explore Rewards Credit Card,Keep exploring your options with Rewards Credit Card,Consider your next banking opportunity,Take a closer look at Rewards Credit Card and consider whether it could be a suitable addition to your financial plans.,Learn More,Benefit-Focused,Action-Focused,A/B,Benefit-Focused,Action-Focused,91.44883668566179,9.003068811199658,A,Benefit-Focused,82.44576787446213,High,3,Model-Based A/B Evaluation,Estimated model-based performance; not based on actual customer engagement data.
C000105,Core Active,Core Relationship Customer,Low Risk,Moderate Cross-Sell Opportunity,Priority 3,P008,Premium Banking,0.3451108568130403,0.0,customer profile supports premium banking services,Cross-Sell,Introduce a complementary product and highlight premium services and exclusive benefits,Priority 3,0.3451108568130403,True,Discover Premium Banking,An option selected with your needs in mind,Explore Premium Banking and discover how it may complement your financial needs.,Explore Premium Banking,Fallback,Explore Premium Banking for your financial needs,Discover another option for your financial journey,"Based on your banking relationship, explore Premium Banking and see how it may complement your existing financial needs.",Explore Premium Banking,Have you explored Premium Banking?,Consider adding Premium Banking to your financial plans,Take the next step and learn more about Premium Banking. Review the available information to see whether it fits your financial needs.,Learn More,Benefit-Focused,Action-Focused,A/B,Benefit-Focused,Action-Focused,49.26479450175922,7.746879217950786,A,Benefit-Focused,41.517915283808435,High,3,Model-Based A/B Evaluation,Estimated model-based performance; not based on actual customer engagement data.
C000106,Premium High-Value,Premium Relationship Customer,Critical Risk,Moderate Cross-Sell Opportunity,Priority 2,P007,Term Insurance,0.6099560560204972,0.0,customer profile indicates potential protection needs; strong segment fit; positive response to previous recommendations,Retention,Strengthen the customer relationship while highlight financial protection and security,Priority 2,0.6099560560204972,True,Discover more value with Term Insurance,Benefits designed around your banking needs,Explore Term Insurance and discover an option designed to support your evolving financial needs.,Explore Term Insurance,Fallback,Discover more value with Term Insurance,More value for your banking journey,Explore Term Insurance and discover an option that may complement your evolving financial needs.,Explore Term Insurance,Keep exploring your options with Term Insurance,Consider your next banking opportunity,Take a closer look at Term Insurance and consider whether it could be a suitable addition to your financial plans.,Learn More,Benefit-Focused,Action-Focused,A/B,Benefit-Focused,Action-Focused,96.56402815927156,13.69199432867528,A,Benefit-Focused,82.87203383059628,High,3,Model-Based A/B Evaluation,Estimated model-based performance; not based on actual customer engagement data.
C000107,Dormant / Declining,Dormant Reactivation Target,Critical Risk,Low Cross-Sell Opportunity,Priority 4,P007,Term Insurance,0.2292337449957028,0.0,customer profile indicates potential protection needs,Retention,Strengthen the customer relationship while highlight financial protection and security,Priority 4,0.2292337449957028,True,Discover more value with Term Insurance,Benefits designed around your banking needs,Explore Term Insurance and discover an option designed to support your evolving financial needs.,Explore Term Insurance,Fallback,Discover more value with Term Insurance,More value for your banking journey,Explore Term Insurance and discover an option that may complement your evolving financial needs.,Explore Term Insurance,Keep exploring your options with Term Insurance,Consider your next banking opportunity,Take a closer look at Term Insurance and consider whether it could be a suitable addition to your financial plans.,Learn More,Benefit-Focused,Action-Focused,A/B,Benefit-Focused,Action-Focused,87.24082706175193,5.145726655948941,A,Benefit-Focused,82.09510040580298,High,3,Model-Based A/B Evaluation,Estimated model-based performance; not based on actual customer engagement data.
C000108,Premium High-Value,Premium Relationship Customer,Low Risk,Moderate Cross-Sell Opportunity,Priority 2,P004,Personal Loan,0.6218813086319089,0.0,financial capacity and transaction activity support borrowing needs; high transaction activity; strong digital affinity,Cross-Sell,Introduce a complementary product and highlight flexible financing and convenience,Priority 2,0.6218813086319089,True,Discover Personal Loan,An option selected with your needs in mind,Explore Personal Loan and discover how it may complement your financial needs.,Explore Personal Loan,Fallback,Explore Personal Loan for your financial needs,Discover another option for your financial journey,"Based on your banking relationship, explore Personal Loan and see how it may complement your existing financial needs.",Explore Personal Loan,Have you explored Personal Loan?,Consider adding Personal Loan to your financial plans,Take the next step and learn more about Personal Loan. Review the available information to see whether it fits your financial needs.,Learn More,Benefit-Focused,Action-Focused,A/B,Benefit-Focused,Action-Focused,56.04240249960161,13.959686549306308,A,Benefit-Focused,42.082715950295295,High,3,Model-Based A/B Evaluation,Estimated model-based performance; not based on actual customer engagement data.
C000109,Core Active,Core Relationship Customer,Low Risk,Moderate Cross-Sell Opportunity,Priority 2,P007,Term Insurance,0.4874519180743042,0.0,customer profile indicates potential protection needs,Cross-Sell,Introduce a complementary product and highlight financial protection and security,Priority 2,0.4874519180743042,True,Discover Term Insurance,An option selected with your needs in mind,Explore Term Insurance and discover how it may complement your financial needs.,Explore Term Insurance,Fallback,Explore Term Insurance for your financial needs,Discover another option for your financial journey,"Based on your banking relationship, explore Term Insurance and see how it may complement your existing financial needs.",Explore Term Insurance,Have you explored Term Insurance?,Consider adding Term Insurance to your financial plans,Take the next step and learn more about Term Insurance. Review the available information to see whether it fits your financial needs.,Learn More,Benefit-Focused,Action-Focused,A/B,Benefit-Focused,Action-Focused,52.75046975677914,10.942081535052385,A,Benefit-Focused,41.80838822172676,High,3,Model-Based A/B Evaluation,Estimated model-based performance; not based on actual customer engagement data.
C000110,At Risk,At-Risk Declining Customer,Critical Risk,Low Cross-Sell Opportunity,Priority 4,P007,Term Insurance,0.2469347935646179,0.0,customer profile indicates potential protection needs,Retention,Strengthen the customer relationship while highlight financial protection and security,Priority 4,0.2469347935646179,True,Discover more value with Term Insurance,Benefits designed around your banking needs,Explore Term Insurance and discover an option designed to support your evolving financial needs.,Explore Term Insurance,Fallback,Discover more value with Term Insurance,More value for your banking journey,Explore Term Insurance and discover an option that may complement your evolving financial needs.,Explore Term Insurance,Keep exploring your options with Term Insurance,Consider your next banking opportunity,Take a closer look at Term Insurance and consider whether it could be a suitable addition to your financial plans.,Learn More,Benefit-Focused,Action-Focused,A/B,Benefit-Focused,Action-Focused,87.67429373986896,5.5430711108895565,A,Benefit-Focused,82.1312226289794,High,3,Model-Based A/B Evaluation,Estimated model-based performance; not based on actual customer engagement data.
C000111,Premium High-Value,Premium Digital Customer,Low Risk,Moderate Cross-Sell Opportunity,Priority 2,P004,Personal Loan,0.8173592114204327,0.0,financial capacity and transaction activity support borrowing needs; high transaction activity; strong digital affinity,Cross-Sell,Introduce a complementary product and highlight flexible financing and convenience,Priority 2,0.8173592114204327,True,Discover Personal Loan,An option selected with your needs in mind,Explore Personal Loan and discover how it may complement your financial needs.,Explore Personal Loan,Fallback,Explore Personal Loan for your financial needs,Discover another option for your financial journey,"Based on your banking relationship, explore Personal Loan and see how it may complement your existing financial needs.",Explore Personal Loan,Have you explored Personal Loan?,Consider adding Personal Loan to your financial plans,Take the next step and learn more about Personal Loan. Review the available information to see whether it fits your financial needs.,Learn More,Benefit-Focused,Action-Focused,A/B,Benefit-Focused,Action-Focused,60.8293029386991,18.347678618479016,A,Benefit-Focused,42.481624320220085,High,3,Model-Based A/B Evaluation,Estimated model-based performance; not based on actual customer engagement data.
C000112,Core Active,Core Relationship Customer,Moderate Risk,Moderate Cross-Sell Opportunity,Priority 3,P003,Rewards Credit Card,0.4073435427421607,0.0,spending and transaction patterns support a rewards credit card,Cross-Sell,"Introduce a complementary product and highlight rewards, benefits and spending value",Priority 3,0.4073435427421607,True,Discover Rewards Credit Card,An option selected with your needs in mind,Explore Rewards Credit Card and discover how it may complement your financial needs.,Explore Rewards Credit Card,Fallback,Explore Rewards Credit Card for your financial needs,Discover another option for your financial journey,"Based on your banking relationship, explore Rewards Credit Card and see how it may complement your existing financial needs.",Explore Rewards Credit Card,Have you explored Rewards Credit Card?,Consider adding Rewards Credit Card to your financial plans,Take the next step and learn more about Rewards Credit Card. Review the available information to see whether it fits your financial needs.,Learn More,Benefit-Focused,Action-Focused,A/B,Benefit-Focused,Action-Focused,50.788760471061664,9.143848023144702,A,Benefit-Focused,41.644912447916965,High,3,Model-Based A/B Evaluation,Estimated model-based performance; not based on actual customer engagement data.
C000113,Core Active,Core Relationship Customer,High Risk,Moderate Cross-Sell Opportunity,Priority 3,P008,Premium Banking,0.3297939909864239,0.0,customer profile supports premium banking services,Retention,Strengthen the customer relationship while highlight premium services and exclusive benefits,Priority 3,0.3297939909864239,True,Discover more value with Premium Banking,Benefits designed around your banking needs,Explore Premium Banking and discover an option designed to support your evolving financial needs.,Explore Premium Banking,Fallback,Discover more value with Premium Banking,More value for your banking journey,Explore Premium Banking and discover an option that may complement your evolving financial needs.,Explore Premium Banking,Keep exploring your options with Premium Banking,Consider your next banking opportunity,Take a closer look at Premium Banking and consider whether it could be a suitable addition to your financial plans.,Learn More,Benefit-Focused,Action-Focused,A/B,Benefit-Focused,Action-Focused,89.70336568541161,7.403053727636999,A,Benefit-Focused,82.30031195777461,High,3,Model-Based A/B Evaluation,Estimated model-based performance; not based on actual customer engagement data.
C000114,Core Active,Core Relationship Customer,Moderate Risk,Moderate Cross-Sell Opportunity,Priority 3,P007,Term Insurance,0.3561602094325181,0.0,customer profile indicates potential protection needs,Cross-Sell,Introduce a complementary product and highlight financial protection and security,Priority 3,0.3561602094325181,True,Discover Term Insurance,An option selected with your needs in mind,Explore Term Insurance and discover how it may complement your financial needs.,Explore Term Insurance,Fallback,Explore Term Insurance for your financial needs,Discover another option for your financial journey,"Based on your banking relationship, explore Term Insurance and see how it may complement your existing financial needs.",Explore Term Insurance,Have you explored Term Insurance?,Consider adding Term Insurance to your financial plans,Take the next step and learn more about Term Insurance. Review the available information to see whether it fits your financial needs.,Learn More,Benefit-Focused,Action-Focused,A/B,Benefit-Focused,Action-Focused,49.53537317152908,7.9949096652398275,A,Benefit-Focused,41.54046350628926,High,3,Model-Based A/B Evaluation,Estimated model-based performance; not based on actual customer engagement data.
C000115,Premium High-Value,Premium Relationship Customer,Low Risk,Moderate Cross-Sell Opportunity,Priority 2,P007,Term Insurance,0.5934443506550969,0.0,customer profile indicates potential protection needs; strong digital affinity; strong segment fit,Cross-Sell,Introduce a complementary product and highlight financial protection and security,Priority 2,0.5934443506550969,True,Discover Term Insurance,An option selected with your needs in mind,Explore Term Insurance and discover how it may complement your financial needs.,Explore Term Insurance,Fallback,Explore Term Insurance for your financial needs,Discover another option for your financial journey,"Based on your banking relationship, explore Term Insurance and see how it may complement your existing financial needs.",Explore Term Insurance,Have you explored Term Insurance?,Consider adding Term Insurance to your financial plans,Take the next step and learn more about Term Insurance. Review the available information to see whether it fits your financial needs.,Learn More,Benefit-Focused,Action-Focused,A/B,Benefit-Focused,Action-Focused,55.34603280929924,13.32134766652915,A,Benefit-Focused,42.02468514277009,High,3,Model-Based A/B Evaluation,Estimated model-based performance; not based on actual customer engagement data.
C000116,Premium High-Value,Premium Digital Customer,Low Risk,Moderate Cross-Sell Opportunity,Priority 3,P005,Home Loan,0.6475720852793612,0.0,financial capacity supports a potential home financing need; strong segment fit,Cross-Sell,Introduce a complementary product and highlight long-term home financing value,Priority 3,0.6475720852793612,True,Discover Home Loan,An option selected with your needs in mind,Explore Home Loan and discover how it may complement your financial needs.,Explore Home Loan,Fallback,Explore Home Loan for your financial needs,Discover another option for your financial journey,"Based on your banking relationship, explore Home Loan and see how it may complement your existing financial needs.",Explore Home Loan,Have you explored Home Loan?,Consider adding Home Loan to your financial plans,Take the next step and learn more about Home Loan. Review the available information to see whether it fits your financial needs.,Learn More,Benefit-Focused,Action-Focused,A/B,Benefit-Focused,Action-Focused,56.67152317390867,14.536380500754442,A,Benefit-Focused,42.13514267315423,High,1,Model-Based A/B Evaluation,Estimated model-based performance; not based on actual customer engagement data.
C000117,Core Active,Core Relationship Customer,High Risk,Low Cross-Sell Opportunity,Priority 3,P003,Rewards Credit Card,0.3125316462772143,0.0,spending and transaction patterns support a rewards credit card,Retention,"Strengthen the customer relationship while highlight rewards, benefits and spending value",Priority 3,0.3125316462772143,True,Discover more value with Rewards Credit Card,Benefits designed around your banking needs,Explore Rewards Credit Card and discover an option designed to support your evolving financial needs.,Explore Rewards Credit Card,Fallback,Discover more value with Rewards Credit Card,More value for your banking journey,Explore Rewards Credit Card and discover an option that may complement your evolving financial needs.,Explore Rewards Credit Card,Keep exploring your options with Rewards Credit Card,Consider your next banking opportunity,Take a closer look at Rewards Credit Card and consider whether it could be a suitable addition to your financial plans.,Learn More,Benefit-Focused,Action-Focused,A/B,Benefit-Focused,Action-Focused,89.28064207169574,7.015557081730768,A,Benefit-Focused,82.26508498996498,High,3,Model-Based A/B Evaluation,Estimated model-based performance; not based on actual customer engagement data.
C000118,Core Active,Core Relationship Customer,Moderate Risk,Low Cross-Sell Opportunity,Priority 3,P008,Premium Banking,0.4246559747564773,0.0,customer profile supports premium banking services,Engagement,Highlight premium services and exclusive benefits,Priority 3,0.4246559747564773,True,Explore Premium Banking,A financial option worth exploring,Take a closer look at Premium Banking and see how it could complement your banking needs.,Learn More,Fallback,Discover Premium Banking,An option worth exploring,Explore Premium Banking and learn how it may complement your financial needs.,Learn More,See what Premium Banking can offer,Take a closer look at Premium Banking,Learn more about Premium Banking and consider whether it could complement your financial needs.,Learn More,Benefit-Focused,Action-Focused,A/B,Benefit-Focused,Action-Focused,10.399057095605896,91.1597760777494,B,Action-Focused,80.7607189821435,High,3,Model-Based A/B Evaluation,Estimated model-based performance; not based on actual customer engagement data.
C000119,Premium High-Value,Premium Digital Customer,Low Risk,Moderate Cross-Sell Opportunity,Priority 3,P006,Mutual Fund Plan,0.6164598170192094,0.0,financial capacity indicates potential for investment products; strong digital affinity; strong segment fit,Cross-Sell,Introduce a complementary product and highlight wealth creation and investment potential,Priority 3,0.6164598170192094,True,Discover Mutual Fund Plan,An option selected with your needs in mind,Explore Mutual Fund Plan and discover how it may complement your financial needs.,Explore Mutual Fund Plan,Fallback,Explore Mutual Fund Plan for your financial needs,Discover another option for your financial journey,"Based on your banking relationship, explore Mutual Fund Plan and see how it may complement your existing financial needs.",Explore Mutual Fund Plan,Have you explored Mutual Fund Plan?,Consider adding Mutual Fund Plan to your financial plans,Take the next step and learn more about Mutual Fund Plan. Review the available information to see whether it fits your financial needs.,Learn More,Benefit-Focused,Action-Focused,A/B,Benefit-Focused,Action-Focused,55.90963997140182,13.83798756512318,A,Benefit-Focused,42.071652406278645,High,3,Model-Based A/B Evaluation,Estimated model-based performance; not based on actual customer engagement data.
C000120,Premium High-Value,Premium Relationship Customer,Low Risk,Moderate Cross-Sell Opportunity,Priority 2,P005,Home Loan,0.657633459500146,0.0,financial capacity supports a potential home financing need; high transaction activity; strong digital affinity,Cross-Sell,Introduce a complementary product and highlight long-term home financing value,Priority 2,0.657633459500146,True,Discover Home Loan,An option selected with your needs in mind,Explore Home Loan and discover how it may complement your financial needs.,Explore Home Loan,Fallback,Explore Home Loan for your financial needs,Discover another option for your financial journey,"Based on your banking relationship, explore Home Loan and see how it may complement your existing financial needs.",Explore Home Loan,Have you explored Home Loan?,Consider adding Home Loan to your financial plans,Take the next step and learn more about Home Loan. Review the available information to see whether it fits your financial needs.,Learn More,Benefit-Focused,Action-Focused,A/B,Benefit-Focused,Action-Focused,56.9179080388389,14.76223329360717,A,Benefit-Focused,42.155674745231735,High,2,Model-Based A/B Evaluation,Estimated model-based performance; not based on actual customer engagement data.
C000121,Premium High-Value,Premium Relationship Customer,Moderate Risk,Moderate Cross-Sell Opportunity,Priority 3,P008,Premium Banking,0.6386832898946841,0.0,customer profile supports premium banking services; strong segment fit; positive response to previous recommendations,Cross-Sell,Introduce a complementary product and highlight premium services and exclusive benefits,Priority 3,0.6386832898946841,True,Discover Premium Banking,An option selected with your needs in mind,Explore Premium Banking and discover how it may complement your financial needs.,Explore Premium Banking,Fallback,Explore Premium Banking for your financial needs,Discover another option for your financial journey,"Based on your banking relationship, explore Premium Banking and see how it may complement your existing financial needs.",Explore Premium Banking,Have you explored Premium Banking?,Consider adding Premium Banking to your financial plans,Take the next step and learn more about Premium Banking. Review the available information to see whether it fits your financial needs.,Learn More,Benefit-Focused,Action-Focused,A/B,Benefit-Focused,Action-Focused,56.45385264479524,14.33684918240048,A,Benefit-Focused,42.11700346239476,High,3,Model-Based A/B Evaluation,Estimated model-based performance; not based on actual customer engagement data.
C000122,Core Active,Core Relationship Customer,Moderate Risk,Moderate Cross-Sell Opportunity,Priority 3,P003,Rewards Credit Card,0.4408219294879431,0.0,spending and transaction patterns support a rewards credit card,Cross-Sell,"Introduce a complementary product and highlight rewards, benefits and spending value",Priority 3,0.4408219294879431,True,Discover Rewards Credit Card,An option selected with your needs in mind,Explore Rewards Credit Card and discover how it may complement your financial needs.,Explore Rewards Credit Card,Fallback,Explore Rewards Credit Card for your financial needs,Discover another option for your financial journey,"Based on your banking relationship, explore Rewards Credit Card and see how it may complement your existing financial needs.",Explore Rewards Credit Card,Have you explored Rewards Credit Card?,Consider adding Rewards Credit Card to your financial plans,Take the next step and learn more about Rewards Credit Card. Review the available information to see whether it fits your financial needs.,Learn More,Benefit-Focused,Action-Focused,A/B,Benefit-Focused,Action-Focused,51.60858563762811,9.895354425830611,A,Benefit-Focused,41.7132312117975,High,3,Model-Based A/B Evaluation,Estimated model-based performance; not based on actual customer engagement data.
C000123,At Risk,At-Risk Declining Customer,Critical Risk,Low Cross-Sell Opportunity,Priority 4,P004,Personal Loan,0.2391334333543615,0.0,financial capacity and transaction activity support borrowing needs,Retention,Strengthen the customer relationship while highlight flexible financing and convenience,Priority 4,0.2391334333543615,True,Discover more value with Personal Loan,Benefits designed around your banking needs,Explore Personal Loan and discover an option designed to support your evolving financial needs.,Explore Personal Loan,Fallback,Discover more value with Personal Loan,More value for your banking journey,Explore Personal Loan and discover an option that may complement your evolving financial needs.,Explore Personal Loan,Keep exploring your options with Personal Loan,Consider your next banking opportunity,Take a closer look at Personal Loan and consider whether it could be a suitable addition to your financial plans.,Learn More,Benefit-Focused,Action-Focused,A/B,Benefit-Focused,Action-Focused,87.48325253222701,5.367950003884441,A,Benefit-Focused,82.11530252834257,High,3,Model-Based A/B Evaluation,Estimated model-based performance; not based on actual customer engagement data.
C000124,Premium High-Value,Premium Relationship Customer,Low Risk,Moderate Cross-Sell Opportunity,Priority 2,P006,Mutual Fund Plan,0.5767643374295742,0.0,financial capacity indicates potential for investment products; strong segment fit,Cross-Sell,Introduce a complementary product and highlight wealth creation and investment potential,Priority 2,0.5767643374295742,True,Discover Mutual Fund Plan,An option selected with your needs in mind,Explore Mutual Fund Plan and discover how it may complement your financial needs.,Explore Mutual Fund Plan,Fallback,Explore Mutual Fund Plan for your financial needs,Discover another option for your financial journey,"Based on your banking relationship, explore Mutual Fund Plan and see how it may complement your existing financial needs.",Explore Mutual Fund Plan,Have you explored Mutual Fund Plan?,Consider adding Mutual Fund Plan to your financial plans,Take the next step and learn more about Mutual Fund Plan. Review the available information to see whether it fits your financial needs.,Learn More,Benefit-Focused,Action-Focused,A/B,Benefit-Focused,Action-Focused,54.93756944083459,12.946922912103215,A,Benefit-Focused,41.990646528731375,High,3,Model-Based A/B Evaluation,Estimated model-based performance; not based on actual customer engagement data.
C000125,Core Active,Core High-Activity Customer,Moderate Risk,Moderate Cross-Sell Opportunity,Priority 3,P004,Personal Loan,0.4110660801853076,0.0,financial capacity and transaction activity support borrowing needs,Cross-Sell,Introduce a complementary product and highlight flexible financing and convenience,Priority 3,0.4110660801853076,True,Discover Personal Loan,An option selected with your needs in mind,Explore Personal Loan and discover how it may complement your financial needs.,Explore Personal Loan,Fallback,Explore Personal Loan for your financial needs,Discover another option for your financial journey,"Based on your banking relationship, explore Personal Loan and see how it may complement your existing financial needs.",Explore Personal Loan,Have you explored Personal Loan?,Consider adding Personal Loan to your financial plans,Take the next step and learn more about Personal Loan. Review the available information to see whether it fits your financial needs.,Learn More,Benefit-Focused,Action-Focused,A/B,Benefit-Focused,Action-Focused,50.87991868315092,9.227409717559839,A,Benefit-Focused,41.65250896559108,High,3,Model-Based A/B Evaluation,Estimated model-based performance; not based on actual customer engagement data.
C000126,Dormant / Declining,Dormant Reactivation Target,Critical Risk,Low Cross-Sell Opportunity,Priority 4,P007,Term Insurance,0.2320946337939092,0.0,customer profile indicates potential protection needs,Retention,Strengthen the customer relationship while highlight financial protection and security,Priority 4,0.2320946337939092,True,Discover more value with Term Insurance,Benefits designed around your banking needs,Explore Term Insurance and discover an option designed to support your evolving financial needs.,Explore Term Insurance,Fallback,Discover more value with Term Insurance,More value for your banking journey,Explore Term Insurance and discover an option that may complement your evolving financial needs.,Explore Term Insurance,Keep exploring your options with Term Insurance,Consider your next banking opportunity,Take a closer look at Term Insurance and consider whether it could be a suitable addition to your financial plans.,Learn More,Benefit-Focused,Action-Focused,A/B,Benefit-Focused,Action-Focused,87.31088505628217,5.20994648426834,A,Benefit-Focused,82.10093857201383,High,3,Model-Based A/B Evaluation,Estimated model-based performance; not based on actual customer engagement data.
C000127,Premium High-Value,Premium Digital Customer,Low Risk,Moderate Cross-Sell Opportunity,Priority 2,P008,Premium Banking,0.6387157333862961,0.0,customer profile supports premium banking services; high transaction activity; strong digital affinity,Cross-Sell,Introduce a complementary product and highlight premium services and exclusive benefits,Priority 2,0.6387157333862961,True,Discover Premium Banking,An option selected with your needs in mind,Explore Premium Banking and discover how it may complement your financial needs.,Explore Premium Banking,Fallback,Explore Premium Banking for your financial needs,Discover another option for your financial journey,"Based on your banking relationship, explore Premium Banking and see how it may complement your existing financial needs.",Explore Premium Banking,Have you explored Premium Banking?,Consider adding Premium Banking to your financial plans,Take the next step and learn more about Premium Banking. Review the available information to see whether it fits your financial needs.,Learn More,Benefit-Focused,Action-Focused,A/B,Benefit-Focused,Action-Focused,56.454647127250944,14.337577457984874,A,Benefit-Focused,42.11706966926607,High,3,Model-Based A/B Evaluation,Estimated model-based performance; not based on actual customer engagement data.
C000128,Core Active,Core Relationship Customer,Moderate Risk,Low Cross-Sell Opportunity,Priority 4,P004,Personal Loan,0.3104249599419093,0.0,financial capacity and transaction activity support borrowing needs,Engagement,Highlight flexible financing and convenience,Priority 4,0.3104249599419093,True,Explore Personal Loan,A financial option worth exploring,Take a closer look at Personal Loan and see how it could complement your banking needs.,Learn More,Fallback,Discover Personal Loan,An option worth exploring,Explore Personal Loan and learn how it may complement your financial needs.,Learn More,See what Personal Loan can offer,Take a closer look at Personal Loan,Learn more about Personal Loan and consider whether it could complement your financial needs.,Learn More,Benefit-Focused,Action-Focused,A/B,Benefit-Focused,Action-Focused,7.601746058531933,88.59557429376494,B,Action-Focused,80.99382823523301,High,3,Model-Based A/B Evaluation,Estimated model-based performance; not based on actual customer engagement data.
C000129,Core Active,Core Relationship Customer,Low Risk,Moderate Cross-Sell Opportunity,Priority 2,P008,Premium Banking,0.4686226906891164,0.0,customer profile supports premium banking services,Cross-Sell,Introduce a complementary product and highlight premium services and exclusive benefits,Priority 2,0.4686226906891164,True,Discover Premium Banking,An option selected with your needs in mind,Explore Premium Banking and discover how it may complement your financial needs.,Explore Premium Banking,Fallback,Explore Premium Banking for your financial needs,Discover another option for your financial journey,"Based on your banking relationship, explore Premium Banking and see how it may complement your existing financial needs.",Explore Premium Banking,Have you explored Premium Banking?,Consider adding Premium Banking to your financial plans,Take the next step and learn more about Premium Banking. Review the available information to see whether it fits your financial needs.,Learn More,Benefit-Focused,Action-Focused,A/B,Benefit-Focused,Action-Focused,52.289376019061216,10.51941227547762,A,Benefit-Focused,41.769963743583595,High,3,Model-Based A/B Evaluation,Estimated model-based performance; not based on actual customer engagement data.
C000130,Core Active,Core Relationship Customer,Moderate Risk,Moderate Cross-Sell Opportunity,Priority 3,P004,Personal Loan,0.4214563969863247,0.0,financial capacity and transaction activity support borrowing needs,Cross-Sell,Introduce a complementary product and highlight flexible financing and convenience,Priority 3,0.4214563969863247,True,Discover Personal Loan,An option selected with your needs in mind,Explore Personal Loan and discover how it may complement your financial needs.,Explore Personal Loan,Fallback,Explore Personal Loan for your financial needs,Discover another option for your financial journey,"Based on your banking relationship, explore Personal Loan and see how it may complement your existing financial needs.",Explore Personal Loan,Have you explored Personal Loan?,Consider adding Personal Loan to your financial plans,Take the next step and learn more about Personal Loan. Review the available information to see whether it fits your financial needs.,Learn More,Benefit-Focused,Action-Focused,A/B,Benefit-Focused,Action-Focused,51.13435875718301,9.460646452089263,A,Benefit-Focused,41.673712305093744,High,3,Model-Based A/B Evaluation,Estimated model-based performance; not based on actual customer engagement data.
C000131,Core Active,Core Digital Customer,Low Risk,Moderate Cross-Sell Opportunity,Priority 2,P008,Premium Banking,0.511048906058943,0.0,customer profile supports premium banking services; strong digital affinity,Cross-Sell,Introduce a complementary product and highlight premium services and exclusive benefits,Priority 2,0.511048906058943,True,Discover Premium Banking,An option selected with your needs in mind,Explore Premium Banking and discover how it may complement your financial needs.,Explore Premium Banking,Fallback,Explore Premium Banking for your financial needs,Discover another option for your financial journey,"Based on your banking relationship, explore Premium Banking and see how it may complement your existing financial needs.",Explore Premium Banking,Have you explored Premium Banking?,Consider adding Premium Banking to your financial plans,Take the next step and learn more about Premium Banking. Review the available information to see whether it fits your financial needs.,Learn More,Benefit-Focused,Action-Focused,A/B,Benefit-Focused,Action-Focused,53.32831733204828,11.471775145715771,A,Benefit-Focused,41.856542186332504,High,3,Model-Based A/B Evaluation,Estimated model-based performance; not based on actual customer engagement data.
C000132,Premium High-Value,Premium Digital Customer,Low Risk,Moderate Cross-Sell Opportunity,Priority 2,P004,Personal Loan,0.9122124958369038,0.0,financial capacity and transaction activity support borrowing needs; strong income profile; high transaction activity,Cross-Sell,Introduce a complementary product and highlight flexible financing and convenience,Priority 2,0.9122124958369038,True,Discover Personal Loan,An option selected with your needs in mind,Explore Personal Loan and discover how it may complement your financial needs.,Explore Personal Loan,Fallback,Explore Personal Loan for your financial needs,Discover another option for your financial journey,"Based on your banking relationship, explore Personal Loan and see how it may complement your existing financial needs.",Explore Personal Loan,Have you explored Personal Loan?,Consider adding Personal Loan to your financial plans,Take the next step and learn more about Personal Loan. Review the available information to see whether it fits your financial needs.,Learn More,Benefit-Focused,Action-Focused,A/B,Benefit-Focused,Action-Focused,63.1520883908955,20.476898616325716,A,Benefit-Focused,42.67518977456979,High,3,Model-Based A/B Evaluation,Estimated model-based performance; not based on actual customer engagement data.
C000133,Core Active,Core Digital Customer,Moderate Risk,Moderate Cross-Sell Opportunity,Priority 2,P008,Premium Banking,0.4838814064813271,0.0,customer profile supports premium banking services; strong digital affinity; positive response to previous recommendations,Cross-Sell,Introduce a complementary product and highlight premium services and exclusive benefits,Priority 2,0.4838814064813271,True,Discover Premium Banking,An option selected with your needs in mind,Explore Premium Banking and discover how it may complement your financial needs.,Explore Premium Banking,Fallback,Explore Premium Banking for your financial needs,Discover another option for your financial journey,"Based on your banking relationship, explore Premium Banking and see how it may complement your existing financial needs.",Explore Premium Banking,Have you explored Premium Banking?,Consider adding Premium Banking to your financial plans,Take the next step and learn more about Premium Banking. Review the available information to see whether it fits your financial needs.,Learn More,Benefit-Focused,Action-Focused,A/B,Benefit-Focused,Action-Focused,52.66303438291637,10.861932442344848,A,Benefit-Focused,41.80110194057153,High,3,Model-Based A/B Evaluation,Estimated model-based performance; not based on actual customer engagement data.
C000134,Premium High-Value,Premium Relationship Customer,Moderate Risk,Moderate Cross-Sell Opportunity,Priority 2,P006,Mutual Fund Plan,0.6348337367646549,0.0,financial capacity indicates potential for investment products; high transaction activity; strong segment fit,Cross-Sell,Introduce a complementary product and highlight wealth creation and investment potential,Priority 2,0.6348337367646549,True,Discover Mutual Fund Plan,An option selected with your needs in mind,Explore Mutual Fund Plan and discover how it may complement your financial needs.,Explore Mutual Fund Plan,Fallback,Explore Mutual Fund Plan for your financial needs,Discover another option for your financial journey,"Based on your banking relationship, explore Mutual Fund Plan and see how it may complement your existing financial needs.",Explore Mutual Fund Plan,Have you explored Mutual Fund Plan?,Consider adding Mutual Fund Plan to your financial plans,Take the next step and learn more about Mutual Fund Plan. Review the available information to see whether it fits your financial needs.,Learn More,Benefit-Focused,Action-Focused,A/B,Benefit-Focused,Action-Focused,56.359584048163114,14.250436302154359,A,Benefit-Focused,42.10914774600876,High,3,Model-Based A/B Evaluation,Estimated model-based performance; not based on actual customer engagement data.
C000135,Core Active,Core Digital Customer,Moderate Risk,Moderate Cross-Sell Opportunity,Priority 2,P003,Rewards Credit Card,0.4574434393521969,0.0,spending and transaction patterns support a rewards credit card; strong digital affinity,Cross-Sell,"Introduce a complementary product and highlight rewards, benefits and spending value",Priority 2,0.4574434393521969,True,Discover Rewards Credit Card,An option selected with your needs in mind,Explore Rewards Credit Card and discover how it may complement your financial needs.,Explore Rewards Credit Card,Fallback,Explore Rewards Credit Card for your financial needs,Discover another option for your financial journey,"Based on your banking relationship, explore Rewards Credit Card and see how it may complement your existing financial needs.",Explore Rewards Credit Card,Have you explored Rewards Credit Card?,Consider adding Rewards Credit Card to your financial plans,Take the next step and learn more about Rewards Credit Card. Review the available information to see whether it fits your financial needs.,Learn More,Benefit-Focused,Action-Focused,A/B,Benefit-Focused,Action-Focused,52.015616364542225,10.268465925501886,A,Benefit-Focused,41.74715043904034,High,3,Model-Based A/B Evaluation,Estimated model-based performance; not based on actual customer engagement data.
C000136,Core Active,Core Relationship Customer,Critical Risk,Low Cross-Sell Opportunity,Priority 4,P008,Premium Banking,0.2405503214011484,0.0,customer profile supports premium banking services,Retention,Strengthen the customer relationship while highlight premium services and exclusive benefits,Priority 4,0.2405503214011484,True,Discover more value with Premium Banking,Benefits designed around your banking needs,Explore Premium Banking and discover an option designed to support your evolving financial needs.,Explore Premium Banking,Fallback,Discover more value with Premium Banking,More value for your banking journey,Explore Premium Banking and discover an option that may complement your evolving financial needs.,Explore Premium Banking,Keep exploring your options with Premium Banking,Consider your next banking opportunity,Take a closer look at Premium Banking and consider whether it could be a suitable addition to your financial plans.,Learn More,Benefit-Focused,Action-Focused,A/B,Benefit-Focused,Action-Focused,87.51794955893214,5.3997556116974765,A,Benefit-Focused,82.11819394723467,High,3,Model-Based A/B Evaluation,Estimated model-based performance; not based on actual customer engagement data.
C000137,Core Active,Core Relationship Customer,High Risk,Moderate Cross-Sell Opportunity,Priority 3,P004,Personal Loan,0.3393416467598946,0.0,financial capacity and transaction activity support borrowing needs,Retention,Strengthen the customer relationship while highlight flexible financing and convenience,Priority 3,0.3393416467598946,True,Discover more value with Personal Loan,Benefits designed around your banking needs,Explore Personal Loan and discover an option designed to support your evolving financial needs.,Explore Personal Loan,Fallback,Discover more value with Personal Loan,More value for your banking journey,Explore Personal Loan and discover an option that may complement your evolving financial needs.,Explore Personal Loan,Keep exploring your options with Personal Loan,Consider your next banking opportunity,Take a closer look at Personal Loan and consider whether it could be a suitable addition to your financial plans.,Learn More,Benefit-Focused,Action-Focused,A/B,Benefit-Focused,Action-Focused,89.93717051430743,7.617374820791471,A,Benefit-Focused,82.31979569351596,High,3,Model-Based A/B Evaluation,Estimated model-based performance; not based on actual customer engagement data.
C000138,Core Active,Core Relationship Customer,High Risk,Moderate Cross-Sell Opportunity,Priority 3,P003,Rewards Credit Card,0.4326352248772552,0.0,spending and transaction patterns support a rewards credit card; strong digital affinity,Retention,"Strengthen the customer relationship while highlight rewards, benefits and spending value",Priority 3,0.4326352248772552,True,Discover more value with Rewards Credit Card,Benefits designed around your banking needs,Explore Rewards Credit Card and discover an option designed to support your evolving financial needs.,Explore Rewards Credit Card,Fallback,Discover more value with Rewards Credit Card,More value for your banking journey,Explore Rewards Credit Card and discover an option that may complement your evolving financial needs.,Explore Rewards Credit Card,Keep exploring your options with Rewards Credit Card,Consider your next banking opportunity,Take a closer look at Rewards Credit Card and consider whether it could be a suitable addition to your financial plans.,Learn More,Benefit-Focused,Action-Focused,A/B,Benefit-Focused,Action-Focused,92.22176157899725,9.711583296757158,A,Benefit-Focused,82.51017828224009,High,3,Model-Based A/B Evaluation,Estimated model-based performance; not based on actual customer engagement data.
C000139,Premium High-Value,Premium Relationship Customer,Moderate Risk,Moderate Cross-Sell Opportunity,Priority 3,P004,Personal Loan,0.625297039926134,0.0,financial capacity and transaction activity support borrowing needs; high transaction activity; strong segment fit,Cross-Sell,Introduce a complementary product and highlight flexible financing and convenience,Priority 3,0.625297039926134,True,Discover Personal Loan,An option selected with your needs in mind,Explore Personal Loan and discover how it may complement your financial needs.,Explore Personal Loan,Fallback,Explore Personal Loan for your financial needs,Discover another option for your financial journey,"Based on your banking relationship, explore Personal Loan and see how it may complement your existing financial needs.",Explore Personal Loan,Have you explored Personal Loan?,Consider adding Personal Loan to your financial plans,Take the next step and learn more about Personal Loan. Review the available information to see whether it fits your financial needs.,Learn More,Benefit-Focused,Action-Focused,A/B,Benefit-Focused,Action-Focused,56.12604758377182,14.03636120979568,A,Benefit-Focused,42.08968637397614,High,3,Model-Based A/B Evaluation,Estimated model-based performance; not based on actual customer engagement data.
C000140,Core Active,Core Relationship Customer,Moderate Risk,Moderate Cross-Sell Opportunity,Priority 2,P008,Premium Banking,0.4274162289856461,0.0,customer profile supports premium banking services; strong digital affinity,Cross-Sell,Introduce a complementary product and highlight premium services and exclusive benefits,Priority 2,0.4274162289856461,True,Discover Premium Banking,An option selected with your needs in mind,Explore Premium Banking and discover how it may complement your financial needs.,Explore Premium Banking,Fallback,Explore Premium Banking for your financial needs,Discover another option for your financial journey,"Based on your banking relationship, explore Premium Banking and see how it may complement your existing financial needs.",Explore Premium Banking,Have you explored Premium Banking?,Consider adding Premium Banking to your financial plans,Take the next step and learn more about Premium Banking. Review the available information to see whether it fits your financial needs.,Learn More,Benefit-Focused,Action-Focused,A/B,Benefit-Focused,Action-Focused,51.280304268197426,9.594429837185817,A,Benefit-Focused,41.68587443101161,High,3,Model-Based A/B Evaluation,Estimated model-based performance; not based on actual customer engagement data.
C000141,Core Active,Core Relationship Customer,Moderate Risk,Moderate Cross-Sell Opportunity,Priority 3,P008,Premium Banking,0.4124857991906928,0.0,customer profile supports premium banking services,Cross-Sell,Introduce a complementary product and highlight premium services and exclusive benefits,Priority 3,0.4124857991906928,True,Discover Premium Banking,An option selected with your needs in mind,Explore Premium Banking and discover how it may complement your financial needs.,Explore Premium Banking,Fallback,Explore Premium Banking for your financial needs,Discover another option for your financial journey,"Based on your banking relationship, explore Premium Banking and see how it may complement your existing financial needs.",Explore Premium Banking,Have you explored Premium Banking?,Consider adding Premium Banking to your financial plans,Take the next step and learn more about Premium Banking. Review the available information to see whether it fits your financial needs.,Learn More,Benefit-Focused,Action-Focused,A/B,Benefit-Focused,Action-Focused,50.914685034914086,9.259278873342751,A,Benefit-Focused,41.655406161571335,High,3,Model-Based A/B Evaluation,Estimated model-based performance; not based on actual customer engagement data.
C000142,Premium High-Value,Premium Digital Customer,Low Risk,Moderate Cross-Sell Opportunity,Priority 2,P004,Personal Loan,0.778567135881063,0.0,financial capacity and transaction activity support borrowing needs; strong digital affinity; strong segment fit,Cross-Sell,Introduce a complementary product and highlight flexible financing and convenience,Priority 2,0.778567135881063,True,Discover Personal Loan,An option selected with your needs in mind,Explore Personal Loan and discover how it may complement your financial needs.,Explore Personal Loan,Fallback,Explore Personal Loan for your financial needs,Discover another option for your financial journey,"Based on your banking relationship, explore Personal Loan and see how it may complement your existing financial needs.",Explore Personal Loan,Have you explored Personal Loan?,Consider adding Personal Loan to your financial plans,Take the next step and learn more about Personal Loan. Review the available information to see whether it fits your financial needs.,Learn More,Benefit-Focused,Action-Focused,A/B,Benefit-Focused,Action-Focused,59.879355140078594,17.476893136410215,A,Benefit-Focused,42.402462003668376,High,3,Model-Based A/B Evaluation,Estimated model-based performance; not based on actual customer engagement data.
C000143,Dormant / Declining,Dormant Reactivation Target,Critical Risk,Low Cross-Sell Opportunity,Priority 4,P007,Term Insurance,0.1431192360995422,0.0,customer profile indicates potential protection needs,Retention,Strengthen the customer relationship while highlight financial protection and security,Priority 4,0.1431192360995422,True,Discover more value with Term Insurance,Benefits designed around your banking needs,Explore Term Insurance and discover an option designed to support your evolving financial needs.,Explore Term Insurance,Fallback,Discover more value with Term Insurance,More value for your banking journey,Explore Term Insurance and discover an option that may complement your evolving financial needs.,Explore Term Insurance,Keep exploring your options with Term Insurance,Consider your next banking opportunity,Take a closer look at Term Insurance and consider whether it could be a suitable addition to your financial plans.,Learn More,Benefit-Focused,Action-Focused,A/B,Benefit-Focused,Action-Focused,85.13203842340819,3.212670404133867,A,Benefit-Focused,81.91936801927432,High,3,Model-Based A/B Evaluation,Estimated model-based performance; not based on actual customer engagement data.
C000144,At Risk,At-Risk Engagement Customer,Critical Risk,Low Cross-Sell Opportunity,Priority 4,P008,Premium Banking,0.23086144499432,0.0,customer profile supports premium banking services,Retention,Strengthen the customer relationship while highlight premium services and exclusive benefits,Priority 4,0.23086144499432,True,Discover more value with Premium Banking,Benefits designed around your banking needs,Explore Premium Banking and discover an option designed to support your evolving financial needs.,Explore Premium Banking,Fallback,Discover more value with Premium Banking,More value for your banking journey,Explore Premium Banking and discover an option that may complement your evolving financial needs.,Explore Premium Banking,Keep exploring your options with Premium Banking,Consider your next banking opportunity,Take a closer look at Premium Banking and consider whether it could be a suitable addition to your financial plans.,Learn More,Benefit-Focused,Action-Focused,A/B,Benefit-Focused,Action-Focused,87.2806864920351,5.182264467041849,A,Benefit-Focused,82.09842202499325,High,3,Model-Based A/B Evaluation,Estimated model-based performance; not based on actual customer engagement data.
C000145,Core Active,Core Relationship Customer,Moderate Risk,Moderate Cross-Sell Opportunity,Priority 3,P003,Rewards Credit Card,0.3535333326311873,0.0,spending and transaction patterns support a rewards credit card,Cross-Sell,"Introduce a complementary product and highlight rewards, benefits and spending value",Priority 3,0.3535333326311873,True,Discover Rewards Credit Card,An option selected with your needs in mind,Explore Rewards Credit Card and discover how it may complement your financial needs.,Explore Rewards Credit Card,Fallback,Explore Rewards Credit Card for your financial needs,Discover another option for your financial journey,"Based on your banking relationship, explore Rewards Credit Card and see how it may complement your existing financial needs.",Explore Rewards Credit Card,Have you explored Rewards Credit Card?,Consider adding Rewards Credit Card to your financial plans,Take the next step and learn more about Rewards Credit Card. Review the available information to see whether it fits your financial needs.,Learn More,Benefit-Focused,Action-Focused,A/B,Benefit-Focused,Action-Focused,49.47104570773718,7.935942823430585,A,Benefit-Focused,41.535102884306596,High,3,Model-Based A/B Evaluation,Estimated model-based performance; not based on actual customer engagement data.
C000146,Core Active,Core Relationship Customer,Moderate Risk,Moderate Cross-Sell Opportunity,Priority 2,P003,Rewards Credit Card,0.5035181059142751,0.0,spending and transaction patterns support a rewards credit card; strong digital affinity,Cross-Sell,"Introduce a complementary product and highlight rewards, benefits and spending value",Priority 2,0.5035181059142751,True,Discover Rewards Credit Card,An option selected with your needs in mind,Explore Rewards Credit Card and discover how it may complement your financial needs.,Explore Rewards Credit Card,Fallback,Explore Rewards Credit Card for your financial needs,Discover another option for your financial journey,"Based on your banking relationship, explore Rewards Credit Card and see how it may complement your existing financial needs.",Explore Rewards Credit Card,Have you explored Rewards Credit Card?,Consider adding Rewards Credit Card to your financial plans,Take the next step and learn more about Rewards Credit Card. Review the available information to see whether it fits your financial needs.,Learn More,Benefit-Focused,Action-Focused,A/B,Benefit-Focused,Action-Focused,53.14390165127302,11.302727438338444,A,Benefit-Focused,41.841174212934575,High,3,Model-Based A/B Evaluation,Estimated model-based performance; not based on actual customer engagement data.
C000147,At Risk,At-Risk Declining Customer,Critical Risk,Low Cross-Sell Opportunity,Priority 4,P007,Term Insurance,0.2230186998085293,0.0,customer profile indicates potential protection needs,Retention,Strengthen the customer relationship while highlight financial protection and security,Priority 4,0.2230186998085293,True,Discover more value with Term Insurance,Benefits designed around your banking needs,Explore Term Insurance and discover an option designed to support your evolving financial needs.,Explore Term Insurance,Fallback,Discover more value with Term Insurance,More value for your banking journey,Explore Term Insurance and discover an option that may complement your evolving financial needs.,Explore Term Insurance,Keep exploring your options with Term Insurance,Consider your next banking opportunity,Take a closer look at Term Insurance and consider whether it could be a suitable addition to your financial plans.,Learn More,Benefit-Focused,Action-Focused,A/B,Benefit-Focused,Action-Focused,87.08863184116132,5.006214370407538,A,Benefit-Focused,82.08241747075378,High,3,Model-Based A/B Evaluation,Estimated model-based performance; not based on actual customer engagement data.
C000148,At Risk,At-Risk Declining Customer,Critical Risk,Moderate Cross-Sell Opportunity,Priority 3,P007,Term Insurance,0.3008062976796329,0.0,customer profile indicates potential protection needs,Retention,Strengthen the customer relationship while highlight financial protection and security,Priority 3,0.3008062976796329,True,Discover more value with Term Insurance,Benefits designed around your banking needs,Explore Term Insurance and discover an option designed to support your evolving financial needs.,Explore Term Insurance,Fallback,Discover more value with Term Insurance,More value for your banking journey,Explore Term Insurance and discover an option that may complement your evolving financial needs.,Explore Term Insurance,Keep exploring your options with Term Insurance,Consider your next banking opportunity,Take a closer look at Term Insurance and consider whether it could be a suitable addition to your financial plans.,Learn More,Benefit-Focused,Action-Focused,A/B,Benefit-Focused,Action-Focused,88.99350948254036,6.75235220833833,A,Benefit-Focused,82.24115727420204,High,3,Model-Based A/B Evaluation,Estimated model-based performance; not based on actual customer engagement data.
C000149,Core Active,Core Relationship Customer,High Risk,Low Cross-Sell Opportunity,Priority 3,P007,Term Insurance,0.3641219360625508,0.0,customer profile indicates potential protection needs,Retention,Strengthen the customer relationship while highlight financial protection and security,Priority 3,0.3641219360625508,True,Discover more value with Term Insurance,Benefits designed around your banking needs,Explore Term Insurance and discover an option designed to support your evolving financial needs.,Explore Term Insurance,Fallback,Discover more value with Term Insurance,More value for your banking journey,Explore Term Insurance and discover an option that may complement your evolving financial needs.,Explore Term Insurance,Keep exploring your options with Term Insurance,Consider your next banking opportunity,Take a closer look at Term Insurance and consider whether it could be a suitable addition to your financial plans.,Learn More,Benefit-Focused,Action-Focused,A/B,Benefit-Focused,Action-Focused,90.54399499959041,8.173630598967563,A,Benefit-Focused,82.37036440062285,High,3,Model-Based A/B Evaluation,Estimated model-based performance; not based on actual customer engagement data.
C000150,Premium High-Value,Premium Relationship Customer,Low Risk,Moderate Cross-Sell Opportunity,Priority 3,P004,Personal Loan,0.5573594087305055,0.0,financial capacity and transaction activity support borrowing needs; high transaction activity; strong segment fit,Cross-Sell,Introduce a complementary product and highlight flexible financing and convenience,Priority 3,0.5573594087305055,True,Discover Personal Loan,An option selected with your needs in mind,Explore Personal Loan and discover how it may complement your financial needs.,Explore Personal Loan,Fallback,Explore Personal Loan for your financial needs,Discover another option for your financial journey,"Based on your banking relationship, explore Personal Loan and see how it may complement your existing financial needs.",Explore Personal Loan,Have you explored Personal Loan?,Consider adding Personal Loan to your financial plans,Take the next step and learn more about Personal Loan. Review the available information to see whether it fits your financial needs.,Learn More,Benefit-Focused,Action-Focused,A/B,Benefit-Focused,Action-Focused,54.46237781873744,12.511330591847491,A,Benefit-Focused,41.95104722688995,High,3,Model-Based A/B Evaluation,Estimated model-based performance; not based on actual customer engagement data.
C000151,Core Active,Core Digital Customer,Moderate Risk,Moderate Cross-Sell Opportunity,Priority 3,P003,Rewards Credit Card,0.4761953566703725,0.0,spending and transaction patterns support a rewards credit card; strong digital affinity,Cross-Sell,"Introduce a complementary product and highlight rewards, benefits and spending value",Priority 3,0.4761953566703725,True,Discover Rewards Credit Card,An option selected with your needs in mind,Explore Rewards Credit Card and discover how it may complement your financial needs.,Explore Rewards Credit Card,Fallback,Explore Rewards Credit Card for your financial needs,Discover another option for your financial journey,"Based on your banking relationship, explore Rewards Credit Card and see how it may complement your existing financial needs.",Explore Rewards Credit Card,Have you explored Rewards Credit Card?,Consider adding Rewards Credit Card to your financial plans,Take the next step and learn more about Rewards Credit Card. Review the available information to see whether it fits your financial needs.,Learn More,Benefit-Focused,Action-Focused,A/B,Benefit-Focused,Action-Focused,52.4748169184862,10.689399766617187,A,Benefit-Focused,41.78541715186901,High,3,Model-Based A/B Evaluation,Estimated model-based performance; not based on actual customer engagement data.
C000152,At Risk,At-Risk Declining Customer,Critical Risk,Low Cross-Sell Opportunity,Priority 4,P007,Term Insurance,0.1486809953430207,0.0,customer profile indicates potential protection needs,Retention,Strengthen the customer relationship while highlight financial protection and security,Priority 4,0.1486809953430207,True,Discover more value with Term Insurance,Benefits designed around your banking needs,Explore Term Insurance and discover an option designed to support your evolving financial needs.,Explore Term Insurance,Fallback,Discover more value with Term Insurance,More value for your banking journey,Explore Term Insurance and discover an option that may complement your evolving financial needs.,Explore Term Insurance,Keep exploring your options with Term Insurance,Consider your next banking opportunity,Take a closer look at Term Insurance and consider whether it could be a suitable addition to your financial plans.,Learn More,Benefit-Focused,Action-Focused,A/B,Benefit-Focused,Action-Focused,85.26823585229901,3.337518047283763,A,Benefit-Focused,81.93071780501525,High,3,Model-Based A/B Evaluation,Estimated model-based performance; not based on actual customer engagement data.
C000153,Core Active,Core Digital Customer,Moderate Risk,Moderate Cross-Sell Opportunity,Priority 3,P003,Rewards Credit Card,0.5169862300070724,0.0,spending and transaction patterns support a rewards credit card; strong digital affinity,Cross-Sell,"Introduce a complementary product and highlight rewards, benefits and spending value",Priority 3,0.5169862300070724,True,Discover Rewards Credit Card,An option selected with your needs in mind,Explore Rewards Credit Card and discover how it may complement your financial needs.,Explore Rewards Credit Card,Fallback,Explore Rewards Credit Card for your financial needs,Discover another option for your financial journey,"Based on your banking relationship, explore Rewards Credit Card and see how it may complement your existing financial needs.",Explore Rewards Credit Card,Have you explored Rewards Credit Card?,Consider adding Rewards Credit Card to your financial plans,Take the next step and learn more about Rewards Credit Card. Review the available information to see whether it fits your financial needs.,Learn More,Benefit-Focused,Action-Focused,A/B,Benefit-Focused,Action-Focused,53.47371166158082,11.605053281120599,A,Benefit-Focused,41.868658380460225,High,3,Model-Based A/B Evaluation,Estimated model-based performance; not based on actual customer engagement data.
C000154,Premium High-Value,Premium Digital Customer,Moderate Risk,Moderate Cross-Sell Opportunity,Priority 3,P006,Mutual Fund Plan,0.7365400568909536,0.0,financial capacity indicates potential for investment products; high transaction activity; strong digital affinity,Cross-Sell,Introduce a complementary product and highlight wealth creation and investment potential,Priority 3,0.7365400568909536,True,Discover Mutual Fund Plan,An option selected with your needs in mind,Explore Mutual Fund Plan and discover how it may complement your financial needs.,Explore Mutual Fund Plan,Fallback,Explore Mutual Fund Plan for your financial needs,Discover another option for your financial journey,"Based on your banking relationship, explore Mutual Fund Plan and see how it may complement your existing financial needs.",Explore Mutual Fund Plan,Have you explored Mutual Fund Plan?,Consider adding Mutual Fund Plan to your financial plans,Take the next step and learn more about Mutual Fund Plan. Review the available information to see whether it fits your financial needs.,Learn More,Benefit-Focused,Action-Focused,A/B,Benefit-Focused,Action-Focused,58.85018795544094,16.533489883825688,A,Benefit-Focused,42.31669807161525,High,1,Model-Based A/B Evaluation,Estimated model-based performance; not based on actual customer engagement data.
C000155,Dormant / Declining,Dormant Reactivation Target,Critical Risk,Low Cross-Sell Opportunity,Priority 4,P007,Term Insurance,0.2290282521184362,0.0,customer profile indicates potential protection needs; positive response to previous recommendations,Retention,Strengthen the customer relationship while highlight financial protection and security,Priority 4,0.2290282521184362,True,Discover more value with Term Insurance,Benefits designed around your banking needs,Explore Term Insurance and discover an option designed to support your evolving financial needs.,Explore Term Insurance,Fallback,Discover more value with Term Insurance,More value for your banking journey,Explore Term Insurance and discover an option that may complement your evolving financial needs.,Explore Term Insurance,Keep exploring your options with Term Insurance,Consider your next banking opportunity,Take a closer look at Term Insurance and consider whether it could be a suitable addition to your financial plans.,Learn More,Benefit-Focused,Action-Focused,A/B,Benefit-Focused,Action-Focused,87.23579491269372,5.141113852645578,A,Benefit-Focused,82.09468106004815,High,3,Model-Based A/B Evaluation,Estimated model-based performance; not based on actual customer engagement data.
C000156,Core Active,Core Digital Customer,Moderate Risk,Moderate Cross-Sell Opportunity,Priority 3,P003,Rewards Credit Card,0.439325324330921,0.0,spending and transaction patterns support a rewards credit card; strong digital affinity,Cross-Sell,"Introduce a complementary product and highlight rewards, benefits and spending value",Priority 3,0.439325324330921,True,Discover Rewards Credit Card,An option selected with your needs in mind,Explore Rewards Credit Card and discover how it may complement your financial needs.,Explore Rewards Credit Card,Fallback,Explore Rewards Credit Card for your financial needs,Discover another option for your financial journey,"Based on your banking relationship, explore Rewards Credit Card and see how it may complement your existing financial needs.",Explore Rewards Credit Card,Have you explored Rewards Credit Card?,Consider adding Rewards Credit Card to your financial plans,Take the next step and learn more about Rewards Credit Card. Review the available information to see whether it fits your financial needs.,Learn More,Benefit-Focused,Action-Focused,A/B,Benefit-Focused,Action-Focused,51.57193648301214,9.861759367432628,A,Benefit-Focused,41.71017711557951,High,3,Model-Based A/B Evaluation,Estimated model-based performance; not based on actual customer engagement data.
C000157,Premium High-Value,Premium Digital Customer,Low Risk,Moderate Cross-Sell Opportunity,Priority 2,P008,Premium Banking,0.6593926797832377,0.0,customer profile supports premium banking services; strong segment fit,Cross-Sell,Introduce a complementary product and highlight premium services and exclusive benefits,Priority 2,0.6593926797832377,True,Discover Premium Banking,An option selected with your needs in mind,Explore Premium Banking and discover how it may complement your financial needs.,Explore Premium Banking,Fallback,Explore Premium Banking for your financial needs,Discover another option for your financial journey,"Based on your banking relationship, explore Premium Banking and see how it may complement your existing financial needs.",Explore Premium Banking,Have you explored Premium Banking?,Consider adding Premium Banking to your financial plans,Take the next step and learn more about Premium Banking. Review the available information to see whether it fits your financial needs.,Learn More,Benefit-Focused,Action-Focused,A/B,Benefit-Focused,Action-Focused,56.960988163116234,14.801723407528055,A,Benefit-Focused,42.15926475558818,High,3,Model-Based A/B Evaluation,Estimated model-based performance; not based on actual customer engagement data.
C000158,Core Active,Core Digital Customer,High Risk,Moderate Cross-Sell Opportunity,Priority 3,P003,Rewards Credit Card,0.4043994892075332,0.0,spending and transaction patterns support a rewards credit card; strong digital affinity,Retention,"Strengthen the customer relationship while highlight rewards, benefits and spending value",Priority 3,0.4043994892075332,True,Discover more value with Rewards Credit Card,Benefits designed around your banking needs,Explore Rewards Credit Card and discover an option designed to support your evolving financial needs.,Explore Rewards Credit Card,Fallback,Discover more value with Rewards Credit Card,More value for your banking journey,Explore Rewards Credit Card and discover an option that may complement your evolving financial needs.,Explore Rewards Credit Card,Keep exploring your options with Rewards Credit Card,Consider your next banking opportunity,Take a closer look at Rewards Credit Card and consider whether it could be a suitable addition to your financial plans.,Learn More,Benefit-Focused,Action-Focused,A/B,Benefit-Focused,Action-Focused,91.53031945921016,9.077761353618985,A,Benefit-Focused,82.45255810559118,High,3,Model-Based A/B Evaluation,Estimated model-based performance; not based on actual customer engagement data.
C000159,Core Active,Core Digital Customer,High Risk,Moderate Cross-Sell Opportunity,Priority 2,P008,Premium Banking,0.4978868571320943,0.0,customer profile supports premium banking services; strong digital affinity; positive response to previous recommendations,Retention,Strengthen the customer relationship while highlight premium services and exclusive benefits,Priority 2,0.4978868571320943,True,Discover more value with Premium Banking,Benefits designed around your banking needs,Explore Premium Banking and discover an option designed to support your evolving financial needs.,Explore Premium Banking,Fallback,Discover more value with Premium Banking,More value for your banking journey,Explore Premium Banking and discover an option that may complement your evolving financial needs.,Explore Premium Banking,Keep exploring your options with Premium Banking,Consider your next banking opportunity,Take a closer look at Premium Banking and consider whether it could be a suitable addition to your financial plans.,Learn More,Benefit-Focused,Action-Focused,A/B,Benefit-Focused,Action-Focused,93.81965608593,11.176319928112184,A,Benefit-Focused,82.64333615781783,High,3,Model-Based A/B Evaluation,Estimated model-based performance; not based on actual customer engagement data.
C000160,At Risk,At-Risk Engagement Customer,Critical Risk,Low Cross-Sell Opportunity,Priority 3,P007,Term Insurance,0.3384125950099098,0.0,customer profile indicates potential protection needs,Retention,Strengthen the customer relationship while highlight financial protection and security,Priority 3,0.3384125950099098,True,Discover more value with Term Insurance,Benefits designed around your banking needs,Explore Term Insurance and discover an option designed to support your evolving financial needs.,Explore Term Insurance,Fallback,Discover more value with Term Insurance,More value for your banking journey,Explore Term Insurance and discover an option that may complement your evolving financial needs.,Explore Term Insurance,Keep exploring your options with Term Insurance,Consider your next banking opportunity,Take a closer look at Term Insurance and consider whether it could be a suitable addition to your financial plans.,Learn More,Benefit-Focused,Action-Focused,A/B,Benefit-Focused,Action-Focused,89.91441971656248,7.596519922858611,A,Benefit-Focused,82.31789979370387,High,3,Model-Based A/B Evaluation,Estimated model-based performance; not based on actual customer engagement data.
C000161,Core Active,Core Relationship Customer,Moderate Risk,Moderate Cross-Sell Opportunity,Priority 3,P007,Term Insurance,0.3539933796510677,0.0,customer profile indicates potential protection needs,Cross-Sell,Introduce a complementary product and highlight financial protection and security,Priority 3,0.3539933796510677,True,Discover Term Insurance,An option selected with your needs in mind,Explore Term Insurance and discover how it may complement your financial needs.,Explore Term Insurance,Fallback,Explore Term Insurance for your financial needs,Discover another option for your financial journey,"Based on your banking relationship, explore Term Insurance and see how it may complement your existing financial needs.",Explore Term Insurance,Have you explored Term Insurance?,Consider adding Term Insurance to your financial plans,Take the next step and learn more about Term Insurance. Review the available information to see whether it fits your financial needs.,Learn More,Benefit-Focused,Action-Focused,A/B,Benefit-Focused,Action-Focused,49.482311427545184,7.946269733254585,A,Benefit-Focused,41.5360416942906,High,3,Model-Based A/B Evaluation,Estimated model-based performance; not based on actual customer engagement data.
C000162,Core Active,Core Digital Customer,Moderate Risk,Moderate Cross-Sell Opportunity,Priority 3,P003,Rewards Credit Card,0.4417542790435914,0.0,spending and transaction patterns support a rewards credit card; strong digital affinity,Cross-Sell,"Introduce a complementary product and highlight rewards, benefits and spending value",Priority 3,0.4417542790435914,True,Discover Rewards Credit Card,An option selected with your needs in mind,Explore Rewards Credit Card and discover how it may complement your financial needs.,Explore Rewards Credit Card,Fallback,Explore Rewards Credit Card for your financial needs,Discover another option for your financial journey,"Based on your banking relationship, explore Rewards Credit Card and see how it may complement your existing financial needs.",Explore Rewards Credit Card,Have you explored Rewards Credit Card?,Consider adding Rewards Credit Card to your financial plans,Take the next step and learn more about Rewards Credit Card. Review the available information to see whether it fits your financial needs.,Learn More,Benefit-Focused,Action-Focused,A/B,Benefit-Focused,Action-Focused,51.63141719267173,9.916283351287253,A,Benefit-Focused,41.71513384138447,High,3,Model-Based A/B Evaluation,Estimated model-based performance; not based on actual customer engagement data.
C000163,Premium High-Value,Premium Relationship Customer,Low Risk,Moderate Cross-Sell Opportunity,Priority 2,P005,Home Loan,0.8260770327953795,0.0,financial capacity supports a potential home financing need; strong income profile; high transaction activity,Cross-Sell,Introduce a complementary product and highlight long-term home financing value,Priority 2,0.8260770327953795,True,Discover Home Loan,An option selected with your needs in mind,Explore Home Loan and discover how it may complement your financial needs.,Explore Home Loan,Fallback,Explore Home Loan for your financial needs,Discover another option for your financial journey,"Based on your banking relationship, explore Home Loan and see how it may complement your existing financial needs.",Explore Home Loan,Have you explored Home Loan?,Consider adding Home Loan to your financial plans,Take the next step and learn more about Home Loan. Review the available information to see whether it fits your financial needs.,Learn More,Benefit-Focused,Action-Focused,A/B,Benefit-Focused,Action-Focused,61.04278662341437,18.543371996134674,A,Benefit-Focused,42.4994146272797,High,1,Model-Based A/B Evaluation,Estimated model-based performance; not based on actual customer engagement data.
C000164,Premium High-Value,Premium Relationship Customer,Moderate Risk,Moderate Cross-Sell Opportunity,Priority 2,P004,Personal Loan,0.6373730684466408,0.0,financial capacity and transaction activity support borrowing needs; strong segment fit,Cross-Sell,Introduce a complementary product and highlight flexible financing and convenience,Priority 2,0.6373730684466408,True,Discover Personal Loan,An option selected with your needs in mind,Explore Personal Loan and discover how it may complement your financial needs.,Explore Personal Loan,Fallback,Explore Personal Loan for your financial needs,Discover another option for your financial journey,"Based on your banking relationship, explore Personal Loan and see how it may complement your existing financial needs.",Explore Personal Loan,Have you explored Personal Loan?,Consider adding Personal Loan to your financial plans,Take the next step and learn more about Personal Loan. Review the available information to see whether it fits your financial needs.,Learn More,Benefit-Focused,Action-Focused,A/B,Benefit-Focused,Action-Focused,56.42176769025314,14.307437974070227,A,Benefit-Focused,42.114329716182915,High,3,Model-Based A/B Evaluation,Estimated model-based performance; not based on actual customer engagement data.
C000165,Core Active,Core Relationship Customer,Moderate Risk,Moderate Cross-Sell Opportunity,Priority 3,P003,Rewards Credit Card,0.4335897554506372,0.0,spending and transaction patterns support a rewards credit card; strong digital affinity,Cross-Sell,"Introduce a complementary product and highlight rewards, benefits and spending value",Priority 3,0.4335897554506372,True,Discover Rewards Credit Card,An option selected with your needs in mind,Explore Rewards Credit Card and discover how it may complement your financial needs.,Explore Rewards Credit Card,Fallback,Explore Rewards Credit Card for your financial needs,Discover another option for your financial journey,"Based on your banking relationship, explore Rewards Credit Card and see how it may complement your existing financial needs.",Explore Rewards Credit Card,Have you explored Rewards Credit Card?,Consider adding Rewards Credit Card to your financial plans,Take the next step and learn more about Rewards Credit Card. Review the available information to see whether it fits your financial needs.,Learn More,Benefit-Focused,Action-Focused,A/B,Benefit-Focused,Action-Focused,51.43148277034258,9.73301013081888,A,Benefit-Focused,41.6984726395237,High,3,Model-Based A/B Evaluation,Estimated model-based performance; not based on actual customer engagement data.
C000166,Premium High-Value,Premium Relationship Customer,Moderate Risk,Moderate Cross-Sell Opportunity,Priority 2,P003,Rewards Credit Card,0.6240377320531807,0.0,spending and transaction patterns support a rewards credit card; strong segment fit; positive response to previous recommendations,Cross-Sell,"Introduce a complementary product and highlight rewards, benefits and spending value",Priority 2,0.6240377320531807,True,Discover Rewards Credit Card,An option selected with your needs in mind,Explore Rewards Credit Card and discover how it may complement your financial needs.,Explore Rewards Credit Card,Fallback,Explore Rewards Credit Card for your financial needs,Discover another option for your financial journey,"Based on your banking relationship, explore Rewards Credit Card and see how it may complement your existing financial needs.",Explore Rewards Credit Card,Have you explored Rewards Credit Card?,Consider adding Rewards Credit Card to your financial plans,Take the next step and learn more about Rewards Credit Card. Review the available information to see whether it fits your financial needs.,Learn More,Benefit-Focused,Action-Focused,A/B,Benefit-Focused,Action-Focused,56.095209410638155,14.008092884423148,A,Benefit-Focused,42.087116526215006,High,3,Model-Based A/B Evaluation,Estimated model-based performance; not based on actual customer engagement data.
C000167,Premium High-Value,Premium Digital Customer,Low Risk,Moderate Cross-Sell Opportunity,Priority 2,P008,Premium Banking,0.6863399214576741,0.0,customer profile supports premium banking services; strong digital affinity; strong segment fit,Cross-Sell,Introduce a complementary product and highlight premium services and exclusive benefits,Priority 2,0.6863399214576741,True,Discover Premium Banking,An option selected with your needs in mind,Explore Premium Banking and discover how it may complement your financial needs.,Explore Premium Banking,Fallback,Explore Premium Banking for your financial needs,Discover another option for your financial journey,"Based on your banking relationship, explore Premium Banking and see how it may complement your existing financial needs.",Explore Premium Banking,Have you explored Premium Banking?,Consider adding Premium Banking to your financial plans,Take the next step and learn more about Premium Banking. Review the available information to see whether it fits your financial needs.,Learn More,Benefit-Focused,Action-Focused,A/B,Benefit-Focused,Action-Focused,57.6208773943987,15.406621869536973,A,Benefit-Focused,42.21425552486173,High,2,Model-Based A/B Evaluation,Estimated model-based performance; not based on actual customer engagement data.
C000168,Core Active,Core Relationship Customer,Critical Risk,Moderate Cross-Sell Opportunity,Priority 4,P003,Rewards Credit Card,0.3462834579265419,0.0,spending and transaction patterns support a rewards credit card,Retention,"Strengthen the customer relationship while highlight rewards, benefits and spending value",Priority 4,0.3462834579265419,True,Discover more value with Rewards Credit Card,Benefits designed around your banking needs,Explore Rewards Credit Card and discover an option designed to support your evolving financial needs.,Explore Rewards Credit Card,Fallback,Discover more value with Rewards Credit Card,More value for your banking journey,Explore Rewards Credit Card and discover an option that may complement your evolving financial needs.,Explore Rewards Credit Card,Keep exploring your options with Rewards Credit Card,Consider your next banking opportunity,Take a closer look at Rewards Credit Card and consider whether it could be a suitable addition to your financial plans.,Learn More,Benefit-Focused,Action-Focused,A/B,Benefit-Focused,Action-Focused,90.10716291983114,7.773201192521562,A,Benefit-Focused,82.33396172730957,High,3,Model-Based A/B Evaluation,Estimated model-based performance; not based on actual customer engagement data.
C000169,Core Active,Core Relationship Customer,Moderate Risk,Moderate Cross-Sell Opportunity,Priority 3,P003,Rewards Credit Card,0.3888215585789331,0.0,spending and transaction patterns support a rewards credit card,Cross-Sell,"Introduce a complementary product and highlight rewards, benefits and spending value",Priority 3,0.3888215585789331,True,Discover Rewards Credit Card,An option selected with your needs in mind,Explore Rewards Credit Card and discover how it may complement your financial needs.,Explore Rewards Credit Card,Fallback,Explore Rewards Credit Card for your financial needs,Discover another option for your financial journey,"Based on your banking relationship, explore Rewards Credit Card and see how it may complement your existing financial needs.",Explore Rewards Credit Card,Have you explored Rewards Credit Card?,Consider adding Rewards Credit Card to your financial plans,Take the next step and learn more about Rewards Credit Card. Review the available information to see whether it fits your financial needs.,Learn More,Benefit-Focused,Action-Focused,A/B,Benefit-Focused,Action-Focused,50.3351905643913,8.728075608696857,A,Benefit-Focused,41.60711495569444,High,3,Model-Based A/B Evaluation,Estimated model-based performance; not based on actual customer engagement data.
C000170,Premium High-Value,Premium Digital Customer,Low Risk,Moderate Cross-Sell Opportunity,Priority 2,P008,Premium Banking,0.7394440625450278,0.0,customer profile supports premium banking services; strong digital affinity; strong segment fit,Cross-Sell,Introduce a complementary product and highlight premium services and exclusive benefits,Priority 2,0.7394440625450278,True,Discover Premium Banking,An option selected with your needs in mind,Explore Premium Banking and discover how it may complement your financial needs.,Explore Premium Banking,Fallback,Explore Premium Banking for your financial needs,Discover another option for your financial journey,"Based on your banking relationship, explore Premium Banking and see how it may complement your existing financial needs.",Explore Premium Banking,Have you explored Premium Banking?,Consider adding Premium Banking to your financial plans,Take the next step and learn more about Premium Banking. Review the available information to see whether it fits your financial needs.,Learn More,Benefit-Focused,Action-Focused,A/B,Benefit-Focused,Action-Focused,58.92130180382137,16.598677578174424,A,Benefit-Focused,42.32262422564695,High,3,Model-Based A/B Evaluation,Estimated model-based performance; not based on actual customer engagement data.
C000171,Premium High-Value,Premium Relationship Customer,Moderate Risk,Moderate Cross-Sell Opportunity,Priority 2,P004,Personal Loan,0.6176460416261121,0.0,financial capacity and transaction activity support borrowing needs; strong segment fit; positive response to previous recommendations,Cross-Sell,Introduce a complementary product and highlight flexible financing and convenience,Priority 2,0.6176460416261121,True,Discover Personal Loan,An option selected with your needs in mind,Explore Personal Loan and discover how it may complement your financial needs.,Explore Personal Loan,Fallback,Explore Personal Loan for your financial needs,Discover another option for your financial journey,"Based on your banking relationship, explore Personal Loan and see how it may complement your existing financial needs.",Explore Personal Loan,Have you explored Personal Loan?,Consider adding Personal Loan to your financial plans,Take the next step and learn more about Personal Loan. Review the available information to see whether it fits your financial needs.,Learn More,Benefit-Focused,Action-Focused,A/B,Benefit-Focused,Action-Focused,55.93868846747554,13.864615353190754,A,Benefit-Focused,42.074073114284786,High,3,Model-Based A/B Evaluation,Estimated model-based performance; not based on actual customer engagement data.
C000172,Core Active,Core Relationship Customer,Low Risk,Moderate Cross-Sell Opportunity,Priority 3,P003,Rewards Credit Card,0.4094873010447425,0.0,spending and transaction patterns support a rewards credit card,Cross-Sell,"Introduce a complementary product and highlight rewards, benefits and spending value",Priority 3,0.4094873010447425,True,Discover Rewards Credit Card,An option selected with your needs in mind,Explore Rewards Credit Card and discover how it may complement your financial needs.,Explore Rewards Credit Card,Fallback,Explore Rewards Credit Card for your financial needs,Discover another option for your financial journey,"Based on your banking relationship, explore Rewards Credit Card and see how it may complement your existing financial needs.",Explore Rewards Credit Card,Have you explored Rewards Credit Card?,Consider adding Rewards Credit Card to your financial plans,Take the next step and learn more about Rewards Credit Card. Review the available information to see whether it fits your financial needs.,Learn More,Benefit-Focused,Action-Focused,A/B,Benefit-Focused,Action-Focused,50.841257236238505,9.191970057890126,A,Benefit-Focused,41.64928717834838,High,3,Model-Based A/B Evaluation,Estimated model-based performance; not based on actual customer engagement data.
C000173,Core Active,Core Digital Customer,Moderate Risk,Moderate Cross-Sell Opportunity,Priority 2,P006,Mutual Fund Plan,0.4798602937336456,0.0,financial capacity indicates potential for investment products; strong digital affinity,Cross-Sell,Introduce a complementary product and highlight wealth creation and investment potential,Priority 2,0.4798602937336456,True,Discover Mutual Fund Plan,An option selected with your needs in mind,Explore Mutual Fund Plan and discover how it may complement your financial needs.,Explore Mutual Fund Plan,Fallback,Explore Mutual Fund Plan for your financial needs,Discover another option for your financial journey,"Based on your banking relationship, explore Mutual Fund Plan and see how it may complement your existing financial needs.",Explore Mutual Fund Plan,Have you explored Mutual Fund Plan?,Consider adding Mutual Fund Plan to your financial plans,Take the next step and learn more about Mutual Fund Plan. Review the available information to see whether it fits your financial needs.,Learn More,Benefit-Focused,Action-Focused,A/B,Benefit-Focused,Action-Focused,52.56456460140679,10.771668475961063,A,Benefit-Focused,41.79289612544573,High,3,Model-Based A/B Evaluation,Estimated model-based performance; not based on actual customer engagement data.
C000174,Core Active,Core Relationship Customer,Moderate Risk,Moderate Cross-Sell Opportunity,Priority 3,P003,Rewards Credit Card,0.4223537147995172,0.0,spending and transaction patterns support a rewards credit card,Cross-Sell,"Introduce a complementary product and highlight rewards, benefits and spending value",Priority 3,0.4223537147995172,True,Discover Rewards Credit Card,An option selected with your needs in mind,Explore Rewards Credit Card and discover how it may complement your financial needs.,Explore Rewards Credit Card,Fallback,Explore Rewards Credit Card for your financial needs,Discover another option for your financial journey,"Based on your banking relationship, explore Rewards Credit Card and see how it may complement your existing financial needs.",Explore Rewards Credit Card,Have you explored Rewards Credit Card?,Consider adding Rewards Credit Card to your financial plans,Take the next step and learn more about Rewards Credit Card. Review the available information to see whether it fits your financial needs.,Learn More,Benefit-Focused,Action-Focused,A/B,Benefit-Focused,Action-Focused,51.156332448186994,9.480789002176245,A,Benefit-Focused,41.67554344601075,High,3,Model-Based A/B Evaluation,Estimated model-based performance; not based on actual customer engagement data.
C000175,Premium High-Value,Premium Relationship Customer,Moderate Risk,Moderate Cross-Sell Opportunity,Priority 3,P004,Personal Loan,0.6033210408661707,0.0,financial capacity and transaction activity support borrowing needs; high transaction activity; strong segment fit,Cross-Sell,Introduce a complementary product and highlight flexible financing and convenience,Priority 3,0.6033210408661707,True,Discover Personal Loan,An option selected with your needs in mind,Explore Personal Loan and discover how it may complement your financial needs.,Explore Personal Loan,Fallback,Explore Personal Loan for your financial needs,Discover another option for your financial journey,"Based on your banking relationship, explore Personal Loan and see how it may complement your existing financial needs.",Explore Personal Loan,Have you explored Personal Loan?,Consider adding Personal Loan to your financial plans,Take the next step and learn more about Personal Loan. Review the available information to see whether it fits your financial needs.,Learn More,Benefit-Focused,Action-Focused,A/B,Benefit-Focused,Action-Focused,55.58789509671783,13.543054763329513,A,Benefit-Focused,42.044840333388315,High,3,Model-Based A/B Evaluation,Estimated model-based performance; not based on actual customer engagement data.
C000176,Premium High-Value,Premium Relationship Customer,Moderate Risk,Moderate Cross-Sell Opportunity,Priority 3,P004,Personal Loan,0.6873962281874061,0.0,financial capacity and transaction activity support borrowing needs; strong segment fit,Cross-Sell,Introduce a complementary product and highlight flexible financing and convenience,Priority 3,0.6873962281874061,True,Discover Personal Loan,An option selected with your needs in mind,Explore Personal Loan and discover how it may complement your financial needs.,Explore Personal Loan,Fallback,Explore Personal Loan for your financial needs,Discover another option for your financial journey,"Based on your banking relationship, explore Personal Loan and see how it may complement your existing financial needs.",Explore Personal Loan,Have you explored Personal Loan?,Consider adding Personal Loan to your financial plans,Take the next step and learn more about Personal Loan. Review the available information to see whether it fits your financial needs.,Learn More,Benefit-Focused,Action-Focused,A/B,Benefit-Focused,Action-Focused,57.64674443653617,15.43033332482966,A,Benefit-Focused,42.216411111706506,High,2,Model-Based A/B Evaluation,Estimated model-based performance; not based on actual customer engagement data.
C000177,Dormant / Declining,Dormant Reactivation Target,Critical Risk,Low Cross-Sell Opportunity,Priority 3,P007,Term Insurance,0.2577053738104569,0.0,customer profile indicates potential protection needs,Retention,Strengthen the customer relationship while highlight financial protection and security,Priority 3,0.2577053738104569,True,Discover more value with Term Insurance,Benefits designed around your banking needs,Explore Term Insurance and discover an option designed to support your evolving financial needs.,Explore Term Insurance,Fallback,Discover more value with Term Insurance,More value for your banking journey,Explore Term Insurance and discover an option that may complement your evolving financial needs.,Explore Term Insurance,Keep exploring your options with Term Insurance,Consider your next banking opportunity,Take a closer look at Term Insurance and consider whether it could be a suitable addition to your financial plans.,Learn More,Benefit-Focused,Action-Focused,A/B,Benefit-Focused,Action-Focused,87.93804577819483,5.784843812688281,A,Benefit-Focused,82.15320196550655,High,3,Model-Based A/B Evaluation,Estimated model-based performance; not based on actual customer engagement data.
C000178,Core Active,Core Relationship Customer,Moderate Risk,Moderate Cross-Sell Opportunity,Priority 3,P003,Rewards Credit Card,0.4400781771406201,0.0,spending and transaction patterns support a rewards credit card; positive response to previous recommendations,Cross-Sell,"Introduce a complementary product and highlight rewards, benefits and spending value",Priority 3,0.4400781771406201,True,Discover Rewards Credit Card,An option selected with your needs in mind,Explore Rewards Credit Card and discover how it may complement your financial needs.,Explore Rewards Credit Card,Fallback,Explore Rewards Credit Card for your financial needs,Discover another option for your financial journey,"Based on your banking relationship, explore Rewards Credit Card and see how it may complement your existing financial needs.",Explore Rewards Credit Card,Have you explored Rewards Credit Card?,Consider adding Rewards Credit Card to your financial plans,Take the next step and learn more about Rewards Credit Card. Review the available information to see whether it fits your financial needs.,Learn More,Benefit-Focused,Action-Focused,A/B,Benefit-Focused,Action-Focused,51.59037248725566,9.878659037989191,A,Benefit-Focused,41.71171344926647,High,3,Model-Based A/B Evaluation,Estimated model-based performance; not based on actual customer engagement data.
C000179,Core Active,Core High-Activity Customer,Low Risk,Moderate Cross-Sell Opportunity,Priority 3,P004,Personal Loan,0.4522022261080295,0.0,financial capacity and transaction activity support borrowing needs,Cross-Sell,Introduce a complementary product and highlight flexible financing and convenience,Priority 3,0.4522022261080295,True,Discover Personal Loan,An option selected with your needs in mind,Explore Personal Loan and discover how it may complement your financial needs.,Explore Personal Loan,Fallback,Explore Personal Loan for your financial needs,Discover another option for your financial journey,"Based on your banking relationship, explore Personal Loan and see how it may complement your existing financial needs.",Explore Personal Loan,Have you explored Personal Loan?,Consider adding Personal Loan to your financial plans,Take the next step and learn more about Personal Loan. Review the available information to see whether it fits your financial needs.,Learn More,Benefit-Focused,Action-Focused,A/B,Benefit-Focused,Action-Focused,51.88726852766652,10.150813741699146,A,Benefit-Focused,41.736454785967375,High,3,Model-Based A/B Evaluation,Estimated model-based performance; not based on actual customer engagement data.
C000180,Core Active,Core Digital Customer,Low Risk,Moderate Cross-Sell Opportunity,Priority 3,P003,Rewards Credit Card,0.4435084031438636,0.0,spending and transaction patterns support a rewards credit card; strong digital affinity,Cross-Sell,"Introduce a complementary product and highlight rewards, benefits and spending value",Priority 3,0.4435084031438636,True,Discover Rewards Credit Card,An option selected with your needs in mind,Explore Rewards Credit Card and discover how it may complement your financial needs.,Explore Rewards Credit Card,Fallback,Explore Rewards Credit Card for your financial needs,Discover another option for your financial journey,"Based on your banking relationship, explore Rewards Credit Card and see how it may complement your existing financial needs.",Explore Rewards Credit Card,Have you explored Rewards Credit Card?,Consider adding Rewards Credit Card to your financial plans,Take the next step and learn more about Rewards Credit Card. Review the available information to see whether it fits your financial needs.,Learn More,Benefit-Focused,Action-Focused,A/B,Benefit-Focused,Action-Focused,51.67437252064507,9.95565906859616,A,Benefit-Focused,41.71871345204891,High,3,Model-Based A/B Evaluation,Estimated model-based performance; not based on actual customer engagement data.
C000181,Core Active,Core Relationship Customer,High Risk,Low Cross-Sell Opportunity,Priority 3,P004,Personal Loan,0.3688208449200346,0.0,financial capacity and transaction activity support borrowing needs,Retention,Strengthen the customer relationship while highlight flexible financing and convenience,Priority 3,0.3688208449200346,True,Discover more value with Personal Loan,Benefits designed around your banking needs,Explore Personal Loan and discover an option designed to support your evolving financial needs.,Explore Personal Loan,Fallback,Discover more value with Personal Loan,More value for your banking journey,Explore Personal Loan and discover an option that may complement your evolving financial needs.,Explore Personal Loan,Keep exploring your options with Personal Loan,Consider your next banking opportunity,Take a closer look at Personal Loan and consider whether it could be a suitable addition to your financial plans.,Learn More,Benefit-Focused,Action-Focused,A/B,Benefit-Focused,Action-Focused,90.65906278245642,8.27910939992805,A,Benefit-Focused,82.37995338252837,High,3,Model-Based A/B Evaluation,Estimated model-based performance; not based on actual customer engagement data.
C000182,Core Active,Core Digital Customer,Moderate Risk,Moderate Cross-Sell Opportunity,Priority 3,P003,Rewards Credit Card,0.4129052281264352,0.0,spending and transaction patterns support a rewards credit card; strong digital affinity,Cross-Sell,"Introduce a complementary product and highlight rewards, benefits and spending value",Priority 3,0.4129052281264352,True,Discover Rewards Credit Card,An option selected with your needs in mind,Explore Rewards Credit Card and discover how it may complement your financial needs.,Explore Rewards Credit Card,Fallback,Explore Rewards Credit Card for your financial needs,Discover another option for your financial journey,"Based on your banking relationship, explore Rewards Credit Card and see how it may complement your existing financial needs.",Explore Rewards Credit Card,Have you explored Rewards Credit Card?,Consider adding Rewards Credit Card to your financial plans,Take the next step and learn more about Rewards Credit Card. Review the available information to see whether it fits your financial needs.,Learn More,Benefit-Focused,Action-Focused,A/B,Benefit-Focused,Action-Focused,50.92495609127409,9.268694008339418,A,Benefit-Focused,41.656262082934674,High,3,Model-Based A/B Evaluation,Estimated model-based performance; not based on actual customer engagement data.
C000183,At Risk,At-Risk Declining Customer,Critical Risk,Moderate Cross-Sell Opportunity,Priority 3,P008,Premium Banking,0.2681796992533276,0.0,customer profile supports premium banking services,Retention,Strengthen the customer relationship while highlight premium services and exclusive benefits,Priority 3,0.2681796992533276,True,Discover more value with Premium Banking,Benefits designed around your banking needs,Explore Premium Banking and discover an option designed to support your evolving financial needs.,Explore Premium Banking,Fallback,Discover more value with Premium Banking,More value for your banking journey,Explore Premium Banking and discover an option that may complement your evolving financial needs.,Explore Premium Banking,Keep exploring your options with Premium Banking,Consider your next banking opportunity,Take a closer look at Premium Banking and consider whether it could be a suitable addition to your financial plans.,Learn More,Benefit-Focused,Action-Focused,A/B,Benefit-Focused,Action-Focused,88.19454307198855,6.019966331999189,A,Benefit-Focused,82.17457673998936,High,3,Model-Based A/B Evaluation,Estimated model-based performance; not based on actual customer engagement data.
C000184,Core Active,Core Relationship Customer,Low Risk,Moderate Cross-Sell Opportunity,Priority 3,P003,Rewards Credit Card,0.4875769419855936,0.0,spending and transaction patterns support a rewards credit card,Cross-Sell,"Introduce a complementary product and highlight rewards, benefits and spending value",Priority 3,0.4875769419855936,True,Discover Rewards Credit Card,An option selected with your needs in mind,Explore Rewards Credit Card and discover how it may complement your financial needs.,Explore Rewards Credit Card,Fallback,Explore Rewards Credit Card for your financial needs,Discover another option for your financial journey,"Based on your banking relationship, explore Rewards Credit Card and see how it may complement your existing financial needs.",Explore Rewards Credit Card,Have you explored Rewards Credit Card?,Consider adding Rewards Credit Card to your financial plans,Take the next step and learn more about Rewards Credit Card. Review the available information to see whether it fits your financial needs.,Learn More,Benefit-Focused,Action-Focused,A/B,Benefit-Focused,Action-Focused,52.75353136633865,10.94488801048193,A,Benefit-Focused,41.80864335585672,High,3,Model-Based A/B Evaluation,Estimated model-based performance; not based on actual customer engagement data.
C000185,Core Active,Core Digital Customer,Moderate Risk,Moderate Cross-Sell Opportunity,Priority 2,P003,Rewards Credit Card,0.4729456043953971,0.0,spending and transaction patterns support a rewards credit card; strong digital affinity,Cross-Sell,"Introduce a complementary product and highlight rewards, benefits and spending value",Priority 2,0.4729456043953971,True,Discover Rewards Credit Card,An option selected with your needs in mind,Explore Rewards Credit Card and discover how it may complement your financial needs.,Explore Rewards Credit Card,Fallback,Explore Rewards Credit Card for your financial needs,Discover another option for your financial journey,"Based on your banking relationship, explore Rewards Credit Card and see how it may complement your existing financial needs.",Explore Rewards Credit Card,Have you explored Rewards Credit Card?,Consider adding Rewards Credit Card to your financial plans,Take the next step and learn more about Rewards Credit Card. Review the available information to see whether it fits your financial needs.,Learn More,Benefit-Focused,Action-Focused,A/B,Benefit-Focused,Action-Focused,52.39523636042759,10.616450921730127,A,Benefit-Focused,41.77878543869746,High,3,Model-Based A/B Evaluation,Estimated model-based performance; not based on actual customer engagement data.
C000186,Core Active,Core Relationship Customer,High Risk,Moderate Cross-Sell Opportunity,Priority 3,P007,Term Insurance,0.398124858397806,0.0,customer profile indicates potential protection needs,Retention,Strengthen the customer relationship while highlight financial protection and security,Priority 3,0.398124858397806,True,Discover more value with Term Insurance,Benefits designed around your banking needs,Explore Term Insurance and discover an option designed to support your evolving financial needs.,Explore Term Insurance,Fallback,Discover more value with Term Insurance,More value for your banking journey,Explore Term Insurance and discover an option that may complement your evolving financial needs.,Explore Term Insurance,Keep exploring your options with Term Insurance,Consider your next banking opportunity,Take a closer look at Term Insurance and consider whether it could be a suitable addition to your financial plans.,Learn More,Benefit-Focused,Action-Focused,A/B,Benefit-Focused,Action-Focused,91.37666509444672,8.936911519252508,A,Benefit-Focused,82.43975357519422,High,3,Model-Based A/B Evaluation,Estimated model-based performance; not based on actual customer engagement data.
C000187,At Risk,At-Risk Engagement Customer,Critical Risk,Low Cross-Sell Opportunity,Priority 4,P007,Term Insurance,0.1881877412660218,0.0,customer profile indicates potential protection needs,Retention,Strengthen the customer relationship while highlight financial protection and security,Priority 4,0.1881877412660218,True,Discover more value with Term Insurance,Benefits designed around your banking needs,Explore Term Insurance and discover an option designed to support your evolving financial needs.,Explore Term Insurance,Fallback,Discover more value with Term Insurance,More value for your banking journey,Explore Term Insurance and discover an option that may complement your evolving financial needs.,Explore Term Insurance,Keep exploring your options with Term Insurance,Consider your next banking opportunity,Take a closer look at Term Insurance and consider whether it could be a suitable addition to your financial plans.,Learn More,Benefit-Focused,Action-Focused,A/B,Benefit-Focused,Action-Focused,86.2356846365778,4.224346099539333,A,Benefit-Focused,82.01133853703847,High,3,Model-Based A/B Evaluation,Estimated model-based performance; not based on actual customer engagement data.
C000188,Dormant / Declining,Dormant Reactivation Target,Critical Risk,Low Cross-Sell Opportunity,Priority 4,P007,Term Insurance,0.1777775503656117,0.0,customer profile indicates potential protection needs,Retention,Strengthen the customer relationship while highlight financial protection and security,Priority 4,0.1777775503656117,True,Discover more value with Term Insurance,Benefits designed around your banking needs,Explore Term Insurance and discover an option designed to support your evolving financial needs.,Explore Term Insurance,Fallback,Discover more value with Term Insurance,More value for your banking journey,Explore Term Insurance and discover an option that may complement your evolving financial needs.,Explore Term Insurance,Keep exploring your options with Term Insurance,Consider your next banking opportunity,Take a closer look at Term Insurance and consider whether it could be a suitable addition to your financial plans.,Learn More,Benefit-Focused,Action-Focused,A/B,Benefit-Focused,Action-Focused,85.98075788178151,3.9906632409760707,A,Benefit-Focused,81.99009464080544,High,3,Model-Based A/B Evaluation,Estimated model-based performance; not based on actual customer engagement data.
C000189,Premium High-Value,Premium Relationship Customer,Moderate Risk,Moderate Cross-Sell Opportunity,Priority 2,P003,Rewards Credit Card,0.6211708272372943,0.0,spending and transaction patterns support a rewards credit card; strong segment fit,Cross-Sell,"Introduce a complementary product and highlight rewards, benefits and spending value",Priority 2,0.6211708272372943,True,Discover Rewards Credit Card,An option selected with your needs in mind,Explore Rewards Credit Card and discover how it may complement your financial needs.,Explore Rewards Credit Card,Fallback,Explore Rewards Credit Card for your financial needs,Discover another option for your financial journey,"Based on your banking relationship, explore Rewards Credit Card and see how it may complement your existing financial needs.",Explore Rewards Credit Card,Have you explored Rewards Credit Card?,Consider adding Rewards Credit Card to your financial plans,Take the next step and learn more about Rewards Credit Card. Review the available information to see whether it fits your financial needs.,Learn More,Benefit-Focused,Action-Focused,A/B,Benefit-Focused,Action-Focused,56.02500409471115,13.943738011490062,A,Benefit-Focused,42.08126608322109,High,3,Model-Based A/B Evaluation,Estimated model-based performance; not based on actual customer engagement data.
C000190,Dormant / Declining,Dormant Reactivation Target,Critical Risk,Low Cross-Sell Opportunity,Priority 4,P006,Mutual Fund Plan,0.2182619443239153,0.0,financial capacity indicates potential for investment products,Retention,Strengthen the customer relationship while highlight wealth creation and investment potential,Priority 4,0.2182619443239153,True,Discover more value with Mutual Fund Plan,Benefits designed around your banking needs,Explore Mutual Fund Plan and discover an option designed to support your evolving financial needs.,Explore Mutual Fund Plan,Fallback,Discover more value with Mutual Fund Plan,More value for your banking journey,Explore Mutual Fund Plan and discover an option that may complement your evolving financial needs.,Explore Mutual Fund Plan,Keep exploring your options with Mutual Fund Plan,Consider your next banking opportunity,Take a closer look at Mutual Fund Plan and consider whether it could be a suitable addition to your financial plans.,Learn More,Benefit-Focused,Action-Focused,A/B,Benefit-Focused,Action-Focused,86.97214749897654,4.899437056738172,A,Benefit-Focused,82.07271044223836,High,3,Model-Based A/B Evaluation,Estimated model-based performance; not based on actual customer engagement data.
C000191,Premium High-Value,Premium Relationship Customer,Low Risk,Moderate Cross-Sell Opportunity,Priority 2,P005,Home Loan,0.7115644597888197,0.0,financial capacity supports a potential home financing need; high transaction activity; strong digital affinity,Cross-Sell,Introduce a complementary product and highlight long-term home financing value,Priority 2,0.7115644597888197,True,Discover Home Loan,An option selected with your needs in mind,Explore Home Loan and discover how it may complement your financial needs.,Explore Home Loan,Fallback,Explore Home Loan for your financial needs,Discover another option for your financial journey,"Based on your banking relationship, explore Home Loan and see how it may complement your existing financial needs.",Explore Home Loan,Have you explored Home Loan?,Consider adding Home Loan to your financial plans,Take the next step and learn more about Home Loan. Review the available information to see whether it fits your financial needs.,Learn More,Benefit-Focused,Action-Focused,A/B,Benefit-Focused,Action-Focused,58.23858073524137,15.972849931976102,A,Benefit-Focused,42.26573080326527,High,1,Model-Based A/B Evaluation,Estimated model-based performance; not based on actual customer engagement data.
C000192,Core Active,Core Relationship Customer,Moderate Risk,Low Cross-Sell Opportunity,Priority 4,P007,Term Insurance,0.366837474453668,0.0,customer profile indicates potential protection needs,Engagement,Highlight financial protection and security,Priority 4,0.366837474453668,True,Explore Term Insurance,A financial option worth exploring,Take a closer look at Term Insurance and see how it could complement your banking needs.,Learn More,Fallback,Discover Term Insurance,An option worth exploring,Explore Term Insurance and learn how it may complement your financial needs.,Learn More,See what Term Insurance can offer,Take a closer look at Term Insurance,Learn more about Term Insurance and consider whether it could complement your financial needs.,Learn More,Benefit-Focused,Action-Focused,A/B,Benefit-Focused,Action-Focused,8.983186551982866,89.86189474609495,B,Action-Focused,80.87870819411208,High,3,Model-Based A/B Evaluation,Estimated model-based performance; not based on actual customer engagement data.
C000193,Premium High-Value,Premium Digital Customer,Low Risk,Moderate Cross-Sell Opportunity,Priority 2,P008,Premium Banking,0.6547618644253036,0.0,customer profile supports premium banking services; high transaction activity; strong digital affinity,Cross-Sell,Introduce a complementary product and highlight premium services and exclusive benefits,Priority 2,0.6547618644253036,True,Discover Premium Banking,An option selected with your needs in mind,Explore Premium Banking and discover how it may complement your financial needs.,Explore Premium Banking,Fallback,Explore Premium Banking for your financial needs,Discover another option for your financial journey,"Based on your banking relationship, explore Premium Banking and see how it may complement your existing financial needs.",Explore Premium Banking,Have you explored Premium Banking?,Consider adding Premium Banking to your financial plans,Take the next step and learn more about Premium Banking. Review the available information to see whether it fits your financial needs.,Learn More,Benefit-Focused,Action-Focused,A/B,Benefit-Focused,Action-Focused,56.84758786694948,14.697773136041864,A,Benefit-Focused,42.14981473090762,High,2,Model-Based A/B Evaluation,Estimated model-based performance; not based on actual customer engagement data.
C000194,Core Active,Core Digital Customer,Low Risk,Moderate Cross-Sell Opportunity,Priority 3,P008,Premium Banking,0.4334327230638107,0.0,customer profile supports premium banking services; strong digital affinity,Cross-Sell,Introduce a complementary product and highlight premium services and exclusive benefits,Priority 3,0.4334327230638107,True,Discover Premium Banking,An option selected with your needs in mind,Explore Premium Banking and discover how it may complement your financial needs.,Explore Premium Banking,Fallback,Explore Premium Banking for your financial needs,Discover another option for your financial journey,"Based on your banking relationship, explore Premium Banking and see how it may complement your existing financial needs.",Explore Premium Banking,Have you explored Premium Banking?,Consider adding Premium Banking to your financial plans,Take the next step and learn more about Premium Banking. Review the available information to see whether it fits your financial needs.,Learn More,Benefit-Focused,Action-Focused,A/B,Benefit-Focused,Action-Focused,51.4276373310846,9.72948514483239,A,Benefit-Focused,41.69815218625221,High,3,Model-Based A/B Evaluation,Estimated model-based performance; not based on actual customer engagement data.
C000195,At Risk,At-Risk Engagement Customer,Critical Risk,Low Cross-Sell Opportunity,Priority 3,P007,Term Insurance,0.2719803299908673,0.0,customer profile indicates potential protection needs,Retention,Strengthen the customer relationship while highlight financial protection and security,Priority 3,0.2719803299908673,True,Discover more value with Term Insurance,Benefits designed around your banking needs,Explore Term Insurance and discover an option designed to support your evolving financial needs.,Explore Term Insurance,Fallback,Discover more value with Term Insurance,More value for your banking journey,Explore Term Insurance and discover an option that may complement your evolving financial needs.,Explore Term Insurance,Keep exploring your options with Term Insurance,Consider your next banking opportunity,Take a closer look at Term Insurance and consider whether it could be a suitable addition to your financial plans.,Learn More,Benefit-Focused,Action-Focused,A/B,Benefit-Focused,Action-Focused,88.28761364767433,6.105281026377817,A,Benefit-Focused,82.18233262129652,High,3,Model-Based A/B Evaluation,Estimated model-based performance; not based on actual customer engagement data.
C000196,Core Active,Core Digital Customer,Low Risk,Moderate Cross-Sell Opportunity,Priority 2,P006,Mutual Fund Plan,0.4949070084820752,0.0,financial capacity indicates potential for investment products; strong digital affinity,Cross-Sell,Introduce a complementary product and highlight wealth creation and investment potential,Priority 2,0.4949070084820752,True,Discover Mutual Fund Plan,An option selected with your needs in mind,Explore Mutual Fund Plan and discover how it may complement your financial needs.,Explore Mutual Fund Plan,Fallback,Explore Mutual Fund Plan for your financial needs,Discover another option for your financial journey,"Based on your banking relationship, explore Mutual Fund Plan and see how it may complement your existing financial needs.",Explore Mutual Fund Plan,Have you explored Mutual Fund Plan?,Consider adding Mutual Fund Plan to your financial plans,Take the next step and learn more about Mutual Fund Plan. Review the available information to see whether it fits your financial needs.,Learn More,Benefit-Focused,Action-Focused,A/B,Benefit-Focused,Action-Focused,52.93303144297177,11.109429747395625,A,Benefit-Focused,41.823601695576144,High,3,Model-Based A/B Evaluation,Estimated model-based performance; not based on actual customer engagement data.
C000197,Core Active,Core Relationship Customer,High Risk,Moderate Cross-Sell Opportunity,Priority 3,P003,Rewards Credit Card,0.4025693167996262,0.0,spending and transaction patterns support a rewards credit card,Retention,"Strengthen the customer relationship while highlight rewards, benefits and spending value",Priority 3,0.4025693167996262,True,Discover more value with Rewards Credit Card,Benefits designed around your banking needs,Explore Rewards Credit Card and discover an option designed to support your evolving financial needs.,Explore Rewards Credit Card,Fallback,Discover more value with Rewards Credit Card,More value for your banking journey,Explore Rewards Credit Card and discover an option that may complement your evolving financial needs.,Explore Rewards Credit Card,Keep exploring your options with Rewards Credit Card,Consider your next banking opportunity,Take a closer look at Rewards Credit Card and consider whether it could be a suitable addition to your financial plans.,Learn More,Benefit-Focused,Action-Focused,A/B,Benefit-Focused,Action-Focused,91.48550184566889,9.036678541206152,A,Benefit-Focused,82.44882330446273,High,3,Model-Based A/B Evaluation,Estimated model-based performance; not based on actual customer engagement data.
C000198,Core Active,Core Digital Customer,Moderate Risk,Moderate Cross-Sell Opportunity,Priority 3,P008,Premium Banking,0.4627843971998783,0.0,customer profile supports premium banking services; strong digital affinity,Cross-Sell,Introduce a complementary product and highlight premium services and exclusive benefits,Priority 3,0.4627843971998783,True,Discover Premium Banking,An option selected with your needs in mind,Explore Premium Banking and discover how it may complement your financial needs.,Explore Premium Banking,Fallback,Explore Premium Banking for your financial needs,Discover another option for your financial journey,"Based on your banking relationship, explore Premium Banking and see how it may complement your existing financial needs.",Explore Premium Banking,Have you explored Premium Banking?,Consider adding Premium Banking to your financial plans,Take the next step and learn more about Premium Banking. Review the available information to see whether it fits your financial needs.,Learn More,Benefit-Focused,Action-Focused,A/B,Benefit-Focused,Action-Focused,52.14640676643194,10.388357127234114,A,Benefit-Focused,41.75804963919782,High,3,Model-Based A/B Evaluation,Estimated model-based performance; not based on actual customer engagement data.
C000199,Core Active,Core Relationship Customer,Low Risk,Moderate Cross-Sell Opportunity,Priority 3,P004,Personal Loan,0.4084140692926027,0.0,financial capacity and transaction activity support borrowing needs; positive response to previous recommendations,Cross-Sell,Introduce a complementary product and highlight flexible financing and convenience,Priority 3,0.4084140692926027,True,Discover Personal Loan,An option selected with your needs in mind,Explore Personal Loan and discover how it may complement your financial needs.,Explore Personal Loan,Fallback,Explore Personal Loan for your financial needs,Discover another option for your financial journey,"Based on your banking relationship, explore Personal Loan and see how it may complement your existing financial needs.",Explore Personal Loan,Have you explored Personal Loan?,Consider adding Personal Loan to your financial plans,Take the next step and learn more about Personal Loan. Review the available information to see whether it fits your financial needs.,Learn More,Benefit-Focused,Action-Focused,A/B,Benefit-Focused,Action-Focused,50.81497573090063,9.167878677997082,A,Benefit-Focused,41.64709705290355,High,3,Model-Based A/B Evaluation,Estimated model-based performance; not based on actual customer engagement data.
C000200,Core Active,Core Relationship Customer,Moderate Risk,Moderate Cross-Sell Opportunity,Priority 3,P008,Premium Banking,0.4249892046321828,0.0,customer profile supports premium banking services,Cross-Sell,Introduce a complementary product and highlight premium services and exclusive benefits,Priority 3,0.4249892046321828,True,Discover Premium Banking,An option selected with your needs in mind,Explore Premium Banking and discover how it may complement your financial needs.,Explore Premium Banking,Fallback,Explore Premium Banking for your financial needs,Discover another option for your financial journey,"Based on your banking relationship, explore Premium Banking and see how it may complement your existing financial needs.",Explore Premium Banking,Have you explored Premium Banking?,Consider adding Premium Banking to your financial plans,Take the next step and learn more about Premium Banking. Review the available information to see whether it fits your financial needs.,Learn More,Benefit-Focused,Action-Focused,A/B,Benefit-Focused,Action-Focused,51.220870829544964,9.539949185087726,A,Benefit-Focused,41.680921644457236,High,3,Model-Based A/B Evaluation,Estimated model-based performance; not based on actual customer engagement data.
C000201,Core Active,Core Relationship Customer,Moderate Risk,Moderate Cross-Sell Opportunity,Priority 3,P003,Rewards Credit Card,0.3971994729101324,0.0,spending and transaction patterns support a rewards credit card,Cross-Sell,"Introduce a complementary product and highlight rewards, benefits and spending value",Priority 3,0.3971994729101324,True,Discover Rewards Credit Card,An option selected with your needs in mind,Explore Rewards Credit Card and discover how it may complement your financial needs.,Explore Rewards Credit Card,Fallback,Explore Rewards Credit Card for your financial needs,Discover another option for your financial journey,"Based on your banking relationship, explore Rewards Credit Card and see how it may complement your existing financial needs.",Explore Rewards Credit Card,Have you explored Rewards Credit Card?,Consider adding Rewards Credit Card to your financial plans,Take the next step and learn more about Rewards Credit Card. Review the available information to see whether it fits your financial needs.,Learn More,Benefit-Focused,Action-Focused,A/B,Benefit-Focused,Action-Focused,50.54035054011564,8.916138919777508,A,Benefit-Focused,41.62421162033813,High,3,Model-Based A/B Evaluation,Estimated model-based performance; not based on actual customer engagement data.
C000202,Core Active,Core Relationship Customer,Moderate Risk,Low Cross-Sell Opportunity,Priority 3,P008,Premium Banking,0.3631099058992407,0.0,customer profile supports premium banking services; strong digital affinity,Engagement,Highlight premium services and exclusive benefits,Priority 3,0.3631099058992407,True,Explore Premium Banking,A financial option worth exploring,Take a closer look at Premium Banking and see how it could complement your banking needs.,Learn More,Fallback,Discover Premium Banking,An option worth exploring,Explore Premium Banking and learn how it may complement your financial needs.,Learn More,See what Premium Banking can offer,Take a closer look at Premium Banking,Learn more about Premium Banking and consider whether it could complement your financial needs.,Learn More,Benefit-Focused,Action-Focused,A/B,Benefit-Focused,Action-Focused,8.891905137074001,89.77822011576183,B,Action-Focused,80.88631497868782,High,3,Model-Based A/B Evaluation,Estimated model-based performance; not based on actual customer engagement data.
C000203,At Risk,At-Risk Declining Customer,Critical Risk,Low Cross-Sell Opportunity,Priority 4,P007,Term Insurance,0.1896824935679741,0.0,customer profile indicates potential protection needs,Retention,Strengthen the customer relationship while highlight financial protection and security,Priority 4,0.1896824935679741,True,Discover more value with Term Insurance,Benefits designed around your banking needs,Explore Term Insurance and discover an option designed to support your evolving financial needs.,Explore Term Insurance,Fallback,Discover more value with Term Insurance,More value for your banking journey,Explore Term Insurance and discover an option that may complement your evolving financial needs.,Explore Term Insurance,Keep exploring your options with Term Insurance,Consider your next banking opportunity,Take a closer look at Term Insurance and consider whether it could be a suitable addition to your financial plans.,Learn More,Benefit-Focused,Action-Focused,A/B,Benefit-Focused,Action-Focused,86.27228841812286,4.257899565955636,A,Benefit-Focused,82.01438885216722,High,3,Model-Based A/B Evaluation,Estimated model-based performance; not based on actual customer engagement data.
C000204,Core Active,Core Relationship Customer,High Risk,Moderate Cross-Sell Opportunity,Priority 3,P003,Rewards Credit Card,0.389513354018117,0.0,spending and transaction patterns support a rewards credit card,Retention,"Strengthen the customer relationship while highlight rewards, benefits and spending value",Priority 3,0.389513354018117,True,Discover more value with Rewards Credit Card,Benefits designed around your banking needs,Explore Rewards Credit Card and discover an option designed to support your evolving financial needs.,Explore Rewards Credit Card,Fallback,Discover more value with Rewards Credit Card,More value for your banking journey,Explore Rewards Credit Card and discover an option that may complement your evolving financial needs.,Explore Rewards Credit Card,Keep exploring your options with Rewards Credit Card,Consider your next banking opportunity,Take a closer look at Rewards Credit Card and consider whether it could be a suitable addition to your financial plans.,Learn More,Benefit-Focused,Action-Focused,A/B,Benefit-Focused,Action-Focused,91.16578492073717,8.743604693352083,A,Benefit-Focused,82.42218022738508,High,3,Model-Based A/B Evaluation,Estimated model-based performance; not based on actual customer engagement data.
C000205,Dormant / Declining,Dormant Reactivation Target,Critical Risk,Moderate Cross-Sell Opportunity,Priority 3,P008,Premium Banking,0.2872747500404574,0.0,customer profile supports premium banking services,Retention,Strengthen the customer relationship while highlight premium services and exclusive benefits,Priority 3,0.2872747500404574,True,Discover more value with Premium Banking,Benefits designed around your banking needs,Explore Premium Banking and discover an option designed to support your evolving financial needs.,Explore Premium Banking,Fallback,Discover more value with Premium Banking,More value for your banking journey,Explore Premium Banking and discover an option that may complement your evolving financial needs.,Explore Premium Banking,Keep exploring your options with Premium Banking,Consider your next banking opportunity,Take a closer look at Premium Banking and consider whether it could be a suitable addition to your financial plans.,Learn More,Benefit-Focused,Action-Focused,A/B,Benefit-Focused,Action-Focused,88.66214634424378,6.448602664899802,A,Benefit-Focused,82.21354367934399,High,3,Model-Based A/B Evaluation,Estimated model-based performance; not based on actual customer engagement data.
C000206,Core Active,Core Relationship Customer,Low Risk,Moderate Cross-Sell Opportunity,Priority 3,P008,Premium Banking,0.4379866410752553,0.0,customer profile supports premium banking services,Cross-Sell,Introduce a complementary product and highlight premium services and exclusive benefits,Priority 3,0.4379866410752553,True,Discover Premium Banking,An option selected with your needs in mind,Explore Premium Banking and discover how it may complement your financial needs.,Explore Premium Banking,Fallback,Explore Premium Banking for your financial needs,Discover another option for your financial journey,"Based on your banking relationship, explore Premium Banking and see how it may complement your existing financial needs.",Explore Premium Banking,Have you explored Premium Banking?,Consider adding Premium Banking to your financial plans,Take the next step and learn more about Premium Banking. Review the available information to see whether it fits your financial needs.,Learn More,Benefit-Focused,Action-Focused,A/B,Benefit-Focused,Action-Focused,51.539154550256846,9.831709262406946,A,Benefit-Focused,41.7074452878499,High,3,Model-Based A/B Evaluation,Estimated model-based performance; not based on actual customer engagement data.
C000208,Core Active,Core Digital Customer,High Risk,Moderate Cross-Sell Opportunity,Priority 3,P008,Premium Banking,0.3665170778790154,0.0,customer profile supports premium banking services; strong digital affinity,Retention,Strengthen the customer relationship while highlight premium services and exclusive benefits,Priority 3,0.3665170778790154,True,Discover more value with Premium Banking,Benefits designed around your banking needs,Explore Premium Banking and discover an option designed to support your evolving financial needs.,Explore Premium Banking,Fallback,Discover more value with Premium Banking,More value for your banking journey,Explore Premium Banking and discover an option that may complement your evolving financial needs.,Explore Premium Banking,Keep exploring your options with Premium Banking,Consider your next banking opportunity,Take a closer look at Premium Banking and consider whether it could be a suitable addition to your financial plans.,Learn More,Benefit-Focused,Action-Focused,A/B,Benefit-Focused,Action-Focused,90.60264769255151,8.227395567515238,A,Benefit-Focused,82.37525212503627,High,3,Model-Based A/B Evaluation,Estimated model-based performance; not based on actual customer engagement data.
C000209,Core Active,Core Relationship Customer,Moderate Risk,Moderate Cross-Sell Opportunity,Priority 3,P003,Rewards Credit Card,0.4026568553582947,0.0,spending and transaction patterns support a rewards credit card; strong digital affinity,Cross-Sell,"Introduce a complementary product and highlight rewards, benefits and spending value",Priority 3,0.4026568553582947,True,Discover Rewards Credit Card,An option selected with your needs in mind,Explore Rewards Credit Card and discover how it may complement your financial needs.,Explore Rewards Credit Card,Fallback,Explore Rewards Credit Card for your financial needs,Discover another option for your financial journey,"Based on your banking relationship, explore Rewards Credit Card and see how it may complement your existing financial needs.",Explore Rewards Credit Card,Have you explored Rewards Credit Card?,Consider adding Rewards Credit Card to your financial plans,Take the next step and learn more about Rewards Credit Card. Review the available information to see whether it fits your financial needs.,Learn More,Benefit-Focused,Action-Focused,A/B,Benefit-Focused,Action-Focused,50.67399196998965,9.038643563828682,A,Benefit-Focused,41.63534840616097,High,3,Model-Based A/B Evaluation,Estimated model-based performance; not based on actual customer engagement data.
C000210,Core Active,Core Relationship Customer,Low Risk,Moderate Cross-Sell Opportunity,Priority 3,P003,Rewards Credit Card,0.4305691380239949,0.0,spending and transaction patterns support a rewards credit card; strong digital affinity,Cross-Sell,"Introduce a complementary product and highlight rewards, benefits and spending value",Priority 3,0.4305691380239949,True,Discover Rewards Credit Card,An option selected with your needs in mind,Explore Rewards Credit Card and discover how it may complement your financial needs.,Explore Rewards Credit Card,Fallback,Explore Rewards Credit Card for your financial needs,Discover another option for your financial journey,"Based on your banking relationship, explore Rewards Credit Card and see how it may complement your existing financial needs.",Explore Rewards Credit Card,Have you explored Rewards Credit Card?,Consider adding Rewards Credit Card to your financial plans,Take the next step and learn more about Rewards Credit Card. Review the available information to see whether it fits your financial needs.,Learn More,Benefit-Focused,Action-Focused,A/B,Benefit-Focused,Action-Focused,51.3575133104718,9.665204792603998,A,Benefit-Focused,41.6923085178678,High,3,Model-Based A/B Evaluation,Estimated model-based performance; not based on actual customer engagement data.
C000211,Core Active,Core Relationship Customer,Moderate Risk,Moderate Cross-Sell Opportunity,Priority 3,P008,Premium Banking,0.3918923883459009,0.0,customer profile supports premium banking services,Cross-Sell,Introduce a complementary product and highlight premium services and exclusive benefits,Priority 3,0.3918923883459009,True,Discover Premium Banking,An option selected with your needs in mind,Explore Premium Banking and discover how it may complement your financial needs.,Explore Premium Banking,Fallback,Explore Premium Banking for your financial needs,Discover another option for your financial journey,"Based on your banking relationship, explore Premium Banking and see how it may complement your existing financial needs.",Explore Premium Banking,Have you explored Premium Banking?,Consider adding Premium Banking to your financial plans,Take the next step and learn more about Premium Banking. Review the available information to see whether it fits your financial needs.,Learn More,Benefit-Focused,Action-Focused,A/B,Benefit-Focused,Action-Focused,50.41038963369886,8.79700808889546,A,Benefit-Focused,41.6133815448034,High,3,Model-Based A/B Evaluation,Estimated model-based performance; not based on actual customer engagement data.
C000212,Core Active,Core Digital Customer,Low Risk,Moderate Cross-Sell Opportunity,Priority 3,P003,Rewards Credit Card,0.4718258342932209,0.0,spending and transaction patterns support a rewards credit card; strong digital affinity,Cross-Sell,"Introduce a complementary product and highlight rewards, benefits and spending value",Priority 3,0.4718258342932209,True,Discover Rewards Credit Card,An option selected with your needs in mind,Explore Rewards Credit Card and discover how it may complement your financial needs.,Explore Rewards Credit Card,Fallback,Explore Rewards Credit Card for your financial needs,Discover another option for your financial journey,"Based on your banking relationship, explore Rewards Credit Card and see how it may complement your existing financial needs.",Explore Rewards Credit Card,Have you explored Rewards Credit Card?,Consider adding Rewards Credit Card to your financial plans,Take the next step and learn more about Rewards Credit Card. Review the available information to see whether it fits your financial needs.,Learn More,Benefit-Focused,Action-Focused,A/B,Benefit-Focused,Action-Focused,52.367815215032984,10.591314871785078,A,Benefit-Focused,41.7765003432479,High,3,Model-Based A/B Evaluation,Estimated model-based performance; not based on actual customer engagement data.
C000213,Core Active,Core Relationship Customer,Moderate Risk,Moderate Cross-Sell Opportunity,Priority 3,P003,Rewards Credit Card,0.4094713973369743,0.0,spending and transaction patterns support a rewards credit card,Cross-Sell,"Introduce a complementary product and highlight rewards, benefits and spending value",Priority 3,0.4094713973369743,True,Discover Rewards Credit Card,An option selected with your needs in mind,Explore Rewards Credit Card and discover how it may complement your financial needs.,Explore Rewards Credit Card,Fallback,Explore Rewards Credit Card for your financial needs,Discover another option for your financial journey,"Based on your banking relationship, explore Rewards Credit Card and see how it may complement your existing financial needs.",Explore Rewards Credit Card,Have you explored Rewards Credit Card?,Consider adding Rewards Credit Card to your financial plans,Take the next step and learn more about Rewards Credit Card. Review the available information to see whether it fits your financial needs.,Learn More,Benefit-Focused,Action-Focused,A/B,Benefit-Focused,Action-Focused,50.840867783187214,9.191613059259785,A,Benefit-Focused,41.64925472392743,High,3,Model-Based A/B Evaluation,Estimated model-based performance; not based on actual customer engagement data.
C000214,Premium High-Value,Premium Digital Customer,Moderate Risk,Moderate Cross-Sell Opportunity,Priority 2,P008,Premium Banking,0.6875449761769362,0.0,customer profile supports premium banking services; high transaction activity; strong digital affinity,Cross-Sell,Introduce a complementary product and highlight premium services and exclusive benefits,Priority 2,0.6875449761769362,True,Discover Premium Banking,An option selected with your needs in mind,Explore Premium Banking and discover how it may complement your financial needs.,Explore Premium Banking,Fallback,Explore Premium Banking for your financial needs,Discover another option for your financial journey,"Based on your banking relationship, explore Premium Banking and see how it may complement your existing financial needs.",Explore Premium Banking,Have you explored Premium Banking?,Consider adding Premium Banking to your financial plans,Take the next step and learn more about Premium Banking. Review the available information to see whether it fits your financial needs.,Learn More,Benefit-Focused,Action-Focused,A/B,Benefit-Focused,Action-Focused,57.650387005881555,15.43367234672959,A,Benefit-Focused,42.21671465915196,High,2,Model-Based A/B Evaluation,Estimated model-based performance; not based on actual customer engagement data.
C000215,At Risk,At-Risk Declining Customer,Critical Risk,Low Cross-Sell Opportunity,Priority 3,P003,Rewards Credit Card,0.3208125696464535,0.0,spending and transaction patterns support a rewards credit card,Retention,"Strengthen the customer relationship while highlight rewards, benefits and spending value",Priority 3,0.3208125696464535,True,Discover more value with Rewards Credit Card,Benefits designed around your banking needs,Explore Rewards Credit Card and discover an option designed to support your evolving financial needs.,Explore Rewards Credit Card,Fallback,Discover more value with Rewards Credit Card,More value for your banking journey,Explore Rewards Credit Card and discover an option that may complement your evolving financial needs.,Explore Rewards Credit Card,Keep exploring your options with Rewards Credit Card,Consider your next banking opportunity,Take a closer look at Rewards Credit Card and consider whether it could be a suitable addition to your financial plans.,Learn More,Benefit-Focused,Action-Focused,A/B,Benefit-Focused,Action-Focused,89.48342691410951,7.201443187276717,A,Benefit-Focused,82.28198372683279,High,3,Model-Based A/B Evaluation,Estimated model-based performance; not based on actual customer engagement data.
C000216,At Risk,At-Risk Engagement Customer,High Risk,Moderate Cross-Sell Opportunity,Priority 3,P003,Rewards Credit Card,0.407826586926944,0.0,spending and transaction patterns support a rewards credit card; positive response to previous recommendations,Retention,"Strengthen the customer relationship while highlight rewards, benefits and spending value",Priority 3,0.407826586926944,True,Discover more value with Rewards Credit Card,Benefits designed around your banking needs,Explore Rewards Credit Card and discover an option designed to support your evolving financial needs.,Explore Rewards Credit Card,Fallback,Discover more value with Rewards Credit Card,More value for your banking journey,Explore Rewards Credit Card and discover an option that may complement your evolving financial needs.,Explore Rewards Credit Card,Keep exploring your options with Rewards Credit Card,Consider your next banking opportunity,Take a closer look at Rewards Credit Card and consider whether it could be a suitable addition to your financial plans.,Learn More,Benefit-Focused,Action-Focused,A/B,Benefit-Focused,Action-Focused,91.61424288658408,9.154691162045072,A,Benefit-Focused,82.45955172453901,High,3,Model-Based A/B Evaluation,Estimated model-based performance; not based on actual customer engagement data.
C000217,Premium High-Value,Premium Digital Customer,Low Risk,Moderate Cross-Sell Opportunity,Priority 2,P003,Rewards Credit Card,0.8379441590997915,0.0,spending and transaction patterns support a rewards credit card; high transaction activity; strong digital affinity,Cross-Sell,"Introduce a complementary product and highlight rewards, benefits and spending value",Priority 2,0.8379441590997915,True,Discover Rewards Credit Card,An option selected with your needs in mind,Explore Rewards Credit Card and discover how it may complement your financial needs.,Explore Rewards Credit Card,Fallback,Explore Rewards Credit Card for your financial needs,Discover another option for your financial journey,"Based on your banking relationship, explore Rewards Credit Card and see how it may complement your existing financial needs.",Explore Rewards Credit Card,Have you explored Rewards Credit Card?,Consider adding Rewards Credit Card to your financial plans,Take the next step and learn more about Rewards Credit Card. Review the available information to see whether it fits your financial needs.,Learn More,Benefit-Focused,Action-Focused,A/B,Benefit-Focused,Action-Focused,61.33339109229323,18.80975942594031,A,Benefit-Focused,42.52363166635293,High,3,Model-Based A/B Evaluation,Estimated model-based performance; not based on actual customer engagement data.
C000218,Premium High-Value,Premium Relationship Customer,Moderate Risk,Moderate Cross-Sell Opportunity,Priority 2,P008,Premium Banking,0.5881955580738689,0.0,customer profile supports premium banking services; strong segment fit,Cross-Sell,Introduce a complementary product and highlight premium services and exclusive benefits,Priority 2,0.5881955580738689,True,Discover Premium Banking,An option selected with your needs in mind,Explore Premium Banking and discover how it may complement your financial needs.,Explore Premium Banking,Fallback,Explore Premium Banking for your financial needs,Discover another option for your financial journey,"Based on your banking relationship, explore Premium Banking and see how it may complement your existing financial needs.",Explore Premium Banking,Have you explored Premium Banking?,Consider adding Premium Banking to your financial plans,Take the next step and learn more about Premium Banking. Review the available information to see whether it fits your financial needs.,Learn More,Benefit-Focused,Action-Focused,A/B,Benefit-Focused,Action-Focused,55.21749936816143,13.203525345486153,A,Benefit-Focused,42.01397402267527,High,3,Model-Based A/B Evaluation,Estimated model-based performance; not based on actual customer engagement data.
C000219,Core Active,Core Relationship Customer,Low Risk,Moderate Cross-Sell Opportunity,Priority 3,P008,Premium Banking,0.5230040213814539,0.0,customer profile supports premium banking services; high transaction activity; positive response to previous recommendations,Cross-Sell,Introduce a complementary product and highlight premium services and exclusive benefits,Priority 3,0.5230040213814539,True,Discover Premium Banking,An option selected with your needs in mind,Explore Premium Banking and discover how it may complement your financial needs.,Explore Premium Banking,Fallback,Explore Premium Banking for your financial needs,Discover another option for your financial journey,"Based on your banking relationship, explore Premium Banking and see how it may complement your existing financial needs.",Explore Premium Banking,Have you explored Premium Banking?,Consider adding Premium Banking to your financial plans,Take the next step and learn more about Premium Banking. Review the available information to see whether it fits your financial needs.,Learn More,Benefit-Focused,Action-Focused,A/B,Benefit-Focused,Action-Focused,53.621076492906994,11.740137709836251,A,Benefit-Focused,41.88093878307075,High,2,Model-Based A/B Evaluation,Estimated model-based performance; not based on actual customer engagement data.
C000220,Core Active,Core Digital Customer,Moderate Risk,Moderate Cross-Sell Opportunity,Priority 2,P003,Rewards Credit Card,0.5133498132998325,0.0,spending and transaction patterns support a rewards credit card; strong digital affinity,Cross-Sell,"Introduce a complementary product and highlight rewards, benefits and spending value",Priority 2,0.5133498132998325,True,Discover Rewards Credit Card,An option selected with your needs in mind,Explore Rewards Credit Card and discover how it may complement your financial needs.,Explore Rewards Credit Card,Fallback,Explore Rewards Credit Card for your financial needs,Discover another option for your financial journey,"Based on your banking relationship, explore Rewards Credit Card and see how it may complement your existing financial needs.",Explore Rewards Credit Card,Have you explored Rewards Credit Card?,Consider adding Rewards Credit Card to your financial plans,Take the next step and learn more about Rewards Credit Card. Review the available information to see whether it fits your financial needs.,Learn More,Benefit-Focused,Action-Focused,A/B,Benefit-Focused,Action-Focused,53.38466239061817,11.523424782738157,A,Benefit-Focused,41.861237607880014,High,3,Model-Based A/B Evaluation,Estimated model-based performance; not based on actual customer engagement data.
C000221,Premium High-Value,Premium Digital Customer,Low Risk,Moderate Cross-Sell Opportunity,Priority 2,P008,Premium Banking,0.6353231519402078,0.0,customer profile supports premium banking services; strong digital affinity; strong segment fit,Cross-Sell,Introduce a complementary product and highlight premium services and exclusive benefits,Priority 2,0.6353231519402078,True,Discover Premium Banking,An option selected with your needs in mind,Explore Premium Banking and discover how it may complement your financial needs.,Explore Premium Banking,Fallback,Explore Premium Banking for your financial needs,Discover another option for your financial journey,"Based on your banking relationship, explore Premium Banking and see how it may complement your existing financial needs.",Explore Premium Banking,Have you explored Premium Banking?,Consider adding Premium Banking to your financial plans,Take the next step and learn more about Premium Banking. Review the available information to see whether it fits your financial needs.,Learn More,Benefit-Focused,Action-Focused,A/B,Benefit-Focused,Action-Focused,56.371568941009485,14.261422453930205,A,Benefit-Focused,42.11014648707928,High,3,Model-Based A/B Evaluation,Estimated model-based performance; not based on actual customer engagement data.
C000222,Core Active,Core Relationship Customer,Moderate Risk,Low Cross-Sell Opportunity,Priority 4,P007,Term Insurance,0.3196425586638397,0.0,customer profile indicates potential protection needs,Engagement,Highlight financial protection and security,Priority 4,0.3196425586638397,True,Explore Term Insurance,A financial option worth exploring,Take a closer look at Term Insurance and see how it could complement your banking needs.,Learn More,Fallback,Discover Term Insurance,An option worth exploring,Explore Term Insurance and learn how it may complement your financial needs.,Learn More,See what Term Insurance can offer,Take a closer look at Term Insurance,Learn more about Term Insurance and consider whether it could complement your financial needs.,Learn More,Benefit-Focused,Action-Focused,A/B,Benefit-Focused,Action-Focused,7.827468386938374,88.80248642813751,B,Action-Focused,80.97501804119914,High,3,Model-Based A/B Evaluation,Estimated model-based performance; not based on actual customer engagement data.
C000223,Premium High-Value,Premium Digital Customer,Moderate Risk,Moderate Cross-Sell Opportunity,Priority 2,P008,Premium Banking,0.6622768193100959,0.0,customer profile supports premium banking services; high transaction activity; strong digital affinity,Cross-Sell,Introduce a complementary product and highlight premium services and exclusive benefits,Priority 2,0.6622768193100959,True,Discover Premium Banking,An option selected with your needs in mind,Explore Premium Banking and discover how it may complement your financial needs.,Explore Premium Banking,Fallback,Explore Premium Banking for your financial needs,Discover another option for your financial journey,"Based on your banking relationship, explore Premium Banking and see how it may complement your existing financial needs.",Explore Premium Banking,Have you explored Premium Banking?,Consider adding Premium Banking to your financial plans,Take the next step and learn more about Premium Banking. Review the available information to see whether it fits your financial needs.,Learn More,Benefit-Focused,Action-Focused,A/B,Benefit-Focused,Action-Focused,57.03161552595669,14.86646515679847,A,Benefit-Focused,42.16515036915822,High,3,Model-Based A/B Evaluation,Estimated model-based performance; not based on actual customer engagement data.
C000224,Core Active,Core Relationship Customer,High Risk,Moderate Cross-Sell Opportunity,Priority 3,P003,Rewards Credit Card,0.4195046492657031,0.0,spending and transaction patterns support a rewards credit card; strong digital affinity,Retention,"Strengthen the customer relationship while highlight rewards, benefits and spending value",Priority 3,0.4195046492657031,True,Discover more value with Rewards Credit Card,Benefits designed around your banking needs,Explore Rewards Credit Card and discover an option designed to support your evolving financial needs.,Explore Rewards Credit Card,Fallback,Discover more value with Rewards Credit Card,More value for your banking journey,Explore Rewards Credit Card and discover an option that may complement your evolving financial needs.,Explore Rewards Credit Card,Keep exploring your options with Rewards Credit Card,Consider your next banking opportunity,Take a closer look at Rewards Credit Card and consider whether it could be a suitable addition to your financial plans.,Learn More,Benefit-Focused,Action-Focused,A/B,Benefit-Focused,Action-Focused,91.90021752074867,9.416834576695967,A,Benefit-Focused,82.4833829440527,High,3,Model-Based A/B Evaluation,Estimated model-based performance; not based on actual customer engagement data.
C000225,Dormant / Declining,Dormant Reactivation Target,Critical Risk,Low Cross-Sell Opportunity,Priority 4,P007,Term Insurance,0.1421576832041913,0.0,customer profile indicates potential protection needs,Retention,Strengthen the customer relationship while highlight financial protection and security,Priority 4,0.1421576832041913,True,Discover more value with Term Insurance,Benefits designed around your banking needs,Explore Term Insurance and discover an option designed to support your evolving financial needs.,Explore Term Insurance,Fallback,Discover more value with Term Insurance,More value for your banking journey,Explore Term Insurance and discover an option that may complement your evolving financial needs.,Explore Term Insurance,Keep exploring your options with Term Insurance,Consider your next banking opportunity,Take a closer look at Term Insurance and consider whether it could be a suitable addition to your financial plans.,Learn More,Benefit-Focused,Action-Focused,A/B,Benefit-Focused,Action-Focused,85.10849173137136,3.1910859364334216,A,Benefit-Focused,81.91740579493793,High,3,Model-Based A/B Evaluation,Estimated model-based performance; not based on actual customer engagement data.
C000226,Premium High-Value,Premium Digital Customer,Moderate Risk,Moderate Cross-Sell Opportunity,Priority 2,P004,Personal Loan,0.8026377669891976,0.0,financial capacity and transaction activity support borrowing needs; high transaction activity; high spending activity,Cross-Sell,Introduce a complementary product and highlight flexible financing and convenience,Priority 2,0.8026377669891976,True,Discover Personal Loan,An option selected with your needs in mind,Explore Personal Loan and discover how it may complement your financial needs.,Explore Personal Loan,Fallback,Explore Personal Loan for your financial needs,Discover another option for your financial journey,"Based on your banking relationship, explore Personal Loan and see how it may complement your existing financial needs.",Explore Personal Loan,Have you explored Personal Loan?,Consider adding Personal Loan to your financial plans,Take the next step and learn more about Personal Loan. Review the available information to see whether it fits your financial needs.,Learn More,Benefit-Focused,Action-Focused,A/B,Benefit-Focused,Action-Focused,60.46880137915318,18.01721885556192,A,Benefit-Focused,42.451582523591256,High,2,Model-Based A/B Evaluation,Estimated model-based performance; not based on actual customer engagement data.
C000227,Core Active,Core Relationship Customer,High Risk,Moderate Cross-Sell Opportunity,Priority 3,P007,Term Insurance,0.3075246526157732,0.0,customer profile indicates potential protection needs,Retention,Strengthen the customer relationship while highlight financial protection and security,Priority 3,0.3075246526157732,True,Discover more value with Term Insurance,Benefits designed around your banking needs,Explore Term Insurance and discover an option designed to support your evolving financial needs.,Explore Term Insurance,Fallback,Discover more value with Term Insurance,More value for your banking journey,Explore Term Insurance and discover an option that may complement your evolving financial needs.,Explore Term Insurance,Keep exploring your options with Term Insurance,Consider your next banking opportunity,Take a closer look at Term Insurance and consider whether it could be a suitable addition to your financial plans.,Learn More,Benefit-Focused,Action-Focused,A/B,Benefit-Focused,Action-Focused,89.15802984896057,6.903162544223526,A,Benefit-Focused,82.25486730473705,High,3,Model-Based A/B Evaluation,Estimated model-based performance; not based on actual customer engagement data.
C000228,Core Active,Core Cross-Sell Opportunity,Low Risk,High Cross-Sell Opportunity,Priority 3,P007,Term Insurance,0.4571775900263974,0.0,customer profile indicates potential protection needs,Cross-Sell,Introduce a complementary product and highlight financial protection and security,Priority 3,0.4571775900263974,True,Discover Term Insurance,An option selected with your needs in mind,Explore Term Insurance and discover how it may complement your financial needs.,Explore Term Insurance,Fallback,Explore Term Insurance for your financial needs,Discover another option for your financial journey,"Based on your banking relationship, explore Term Insurance and see how it may complement your existing financial needs.",Explore Term Insurance,Have you explored Term Insurance?,Consider adding Term Insurance to your financial plans,Take the next step and learn more about Term Insurance. Review the available information to see whether it fits your financial needs.,Learn More,Benefit-Focused,Action-Focused,A/B,Benefit-Focused,Action-Focused,52.00910619517655,10.262498270250003,A,Benefit-Focused,41.74660792492655,High,3,Model-Based A/B Evaluation,Estimated model-based performance; not based on actual customer engagement data.
C000229,Core Active,Core Digital Customer,Low Risk,Moderate Cross-Sell Opportunity,Priority 3,P003,Rewards Credit Card,0.4484828116869525,0.0,spending and transaction patterns support a rewards credit card; strong digital affinity,Cross-Sell,"Introduce a complementary product and highlight rewards, benefits and spending value",Priority 3,0.4484828116869525,True,Discover Rewards Credit Card,An option selected with your needs in mind,Explore Rewards Credit Card and discover how it may complement your financial needs.,Explore Rewards Credit Card,Fallback,Explore Rewards Credit Card for your financial needs,Discover another option for your financial journey,"Based on your banking relationship, explore Rewards Credit Card and see how it may complement your existing financial needs.",Explore Rewards Credit Card,Have you explored Rewards Credit Card?,Consider adding Rewards Credit Card to your financial plans,Take the next step and learn more about Rewards Credit Card. Review the available information to see whether it fits your financial needs.,Learn More,Benefit-Focused,Action-Focused,A/B,Benefit-Focused,Action-Focused,51.79618679274173,10.067322151351418,A,Benefit-Focused,41.72886464139031,High,3,Model-Based A/B Evaluation,Estimated model-based performance; not based on actual customer engagement data.
C000230,Core Active,Core Relationship Customer,High Risk,Moderate Cross-Sell Opportunity,Priority 3,P003,Rewards Credit Card,0.3886330983118625,0.0,spending and transaction patterns support a rewards credit card,Retention,"Strengthen the customer relationship while highlight rewards, benefits and spending value",Priority 3,0.3886330983118625,True,Discover more value with Rewards Credit Card,Benefits designed around your banking needs,Explore Rewards Credit Card and discover an option designed to support your evolving financial needs.,Explore Rewards Credit Card,Fallback,Discover more value with Rewards Credit Card,More value for your banking journey,Explore Rewards Credit Card and discover an option that may complement your evolving financial needs.,Explore Rewards Credit Card,Keep exploring your options with Rewards Credit Card,Consider your next banking opportunity,Take a closer look at Rewards Credit Card and consider whether it could be a suitable addition to your financial plans.,Learn More,Benefit-Focused,Action-Focused,A/B,Benefit-Focused,Action-Focused,91.14422904988591,8.723845145071746,A,Benefit-Focused,82.42038390481416,High,3,Model-Based A/B Evaluation,Estimated model-based performance; not based on actual customer engagement data.
C000231,Premium High-Value,Premium Digital Customer,Low Risk,Moderate Cross-Sell Opportunity,Priority 2,P003,Rewards Credit Card,0.7547086102091184,0.0,spending and transaction patterns support a rewards credit card; high transaction activity; strong digital affinity,Cross-Sell,"Introduce a complementary product and highlight rewards, benefits and spending value",Priority 2,0.7547086102091184,True,Discover Rewards Credit Card,An option selected with your needs in mind,Explore Rewards Credit Card and discover how it may complement your financial needs.,Explore Rewards Credit Card,Fallback,Explore Rewards Credit Card for your financial needs,Discover another option for your financial journey,"Based on your banking relationship, explore Rewards Credit Card and see how it may complement your existing financial needs.",Explore Rewards Credit Card,Have you explored Rewards Credit Card?,Consider adding Rewards Credit Card to your financial plans,Take the next step and learn more about Rewards Credit Card. Review the available information to see whether it fits your financial needs.,Learn More,Benefit-Focused,Action-Focused,A/B,Benefit-Focused,Action-Focused,59.29510297967555,16.94132865604076,A,Benefit-Focused,42.35377432363479,High,3,Model-Based A/B Evaluation,Estimated model-based performance; not based on actual customer engagement data.
C000232,At Risk,At-Risk Engagement Customer,High Risk,Low Cross-Sell Opportunity,Priority 4,P007,Term Insurance,0.2341930036087212,0.0,customer profile indicates potential protection needs,Retention,Strengthen the customer relationship while highlight financial protection and security,Priority 4,0.2341930036087212,True,Discover more value with Term Insurance,Benefits designed around your banking needs,Explore Term Insurance and discover an option designed to support your evolving financial needs.,Explore Term Insurance,Fallback,Discover more value with Term Insurance,More value for your banking journey,Explore Term Insurance and discover an option that may complement your evolving financial needs.,Explore Term Insurance,Keep exploring your options with Term Insurance,Consider your next banking opportunity,Take a closer look at Term Insurance and consider whether it could be a suitable addition to your financial plans.,Learn More,Benefit-Focused,Action-Focused,A/B,Benefit-Focused,Action-Focused,87.36227033945036,5.257049660505848,A,Benefit-Focused,82.10522067894452,High,3,Model-Based A/B Evaluation,Estimated model-based performance; not based on actual customer engagement data.
C000233,At Risk,At-Risk Declining Customer,Critical Risk,Moderate Cross-Sell Opportunity,Priority 4,P003,Rewards Credit Card,0.2790832232941488,0.0,spending and transaction patterns support a rewards credit card,Retention,"Strengthen the customer relationship while highlight rewards, benefits and spending value",Priority 4,0.2790832232941488,True,Discover more value with Rewards Credit Card,Benefits designed around your banking needs,Explore Rewards Credit Card and discover an option designed to support your evolving financial needs.,Explore Rewards Credit Card,Fallback,Discover more value with Rewards Credit Card,More value for your banking journey,Explore Rewards Credit Card and discover an option that may complement your evolving financial needs.,Explore Rewards Credit Card,Keep exploring your options with Rewards Credit Card,Consider your next banking opportunity,Take a closer look at Rewards Credit Card and consider whether it could be a suitable addition to your financial plans.,Learn More,Benefit-Focused,Action-Focused,A/B,Benefit-Focused,Action-Focused,88.46155066350741,6.264723290891457,A,Benefit-Focused,82.19682737261596,High,3,Model-Based A/B Evaluation,Estimated model-based performance; not based on actual customer engagement data.
C000234,At Risk,At-Risk Declining Customer,Critical Risk,Low Cross-Sell Opportunity,Priority 4,P007,Term Insurance,0.1556163341889554,0.0,customer profile indicates potential protection needs,Retention,Strengthen the customer relationship while highlight financial protection and security,Priority 4,0.1556163341889554,True,Discover more value with Term Insurance,Benefits designed around your banking needs,Explore Term Insurance and discover an option designed to support your evolving financial needs.,Explore Term Insurance,Fallback,Discover more value with Term Insurance,More value for your banking journey,Explore Term Insurance and discover an option that may complement your evolving financial needs.,Explore Term Insurance,Keep exploring your options with Term Insurance,Consider your next banking opportunity,Take a closer look at Term Insurance and consider whether it could be a suitable addition to your financial plans.,Learn More,Benefit-Focused,Action-Focused,A/B,Benefit-Focused,Action-Focused,85.43806976238966,3.4931991315335247,A,Benefit-Focused,81.94487063085613,High,3,Model-Based A/B Evaluation,Estimated model-based performance; not based on actual customer engagement data.
C000235,Core Active,Core Relationship Customer,Moderate Risk,Moderate Cross-Sell Opportunity,Priority 3,P003,Rewards Credit Card,0.3486734494777956,0.0,spending and transaction patterns support a rewards credit card,Cross-Sell,"Introduce a complementary product and highlight rewards, benefits and spending value",Priority 3,0.3486734494777956,True,Discover Rewards Credit Card,An option selected with your needs in mind,Explore Rewards Credit Card and discover how it may complement your financial needs.,Explore Rewards Credit Card,Fallback,Explore Rewards Credit Card for your financial needs,Discover another option for your financial journey,"Based on your banking relationship, explore Rewards Credit Card and see how it may complement your existing financial needs.",Explore Rewards Credit Card,Have you explored Rewards Credit Card?,Consider adding Rewards Credit Card to your financial plans,Take the next step and learn more about Rewards Credit Card. Review the available information to see whether it fits your financial needs.,Learn More,Benefit-Focused,Action-Focused,A/B,Benefit-Focused,Action-Focused,49.352035955386285,7.82685055044227,A,Benefit-Focused,41.52518540494401,High,3,Model-Based A/B Evaluation,Estimated model-based performance; not based on actual customer engagement data.
C000236,Premium High-Value,Premium Digital Customer,Low Risk,Moderate Cross-Sell Opportunity,Priority 2,P003,Rewards Credit Card,0.7418011925160858,0.0,spending and transaction patterns support a rewards credit card; high transaction activity; strong digital affinity,Cross-Sell,"Introduce a complementary product and highlight rewards, benefits and spending value",Priority 2,0.7418011925160858,True,Discover Rewards Credit Card,An option selected with your needs in mind,Explore Rewards Credit Card and discover how it may complement your financial needs.,Explore Rewards Credit Card,Fallback,Explore Rewards Credit Card for your financial needs,Discover another option for your financial journey,"Based on your banking relationship, explore Rewards Credit Card and see how it may complement your existing financial needs.",Explore Rewards Credit Card,Have you explored Rewards Credit Card?,Consider adding Rewards Credit Card to your financial plans,Take the next step and learn more about Rewards Credit Card. Review the available information to see whether it fits your financial needs.,Learn More,Benefit-Focused,Action-Focused,A/B,Benefit-Focused,Action-Focused,58.979023655409236,16.65158927546331,A,Benefit-Focused,42.32743437994593,High,3,Model-Based A/B Evaluation,Estimated model-based performance; not based on actual customer engagement data.
C000237,Core Active,Core Relationship Customer,Moderate Risk,Moderate Cross-Sell Opportunity,Priority 3,P003,Rewards Credit Card,0.4157128128021658,0.0,spending and transaction patterns support a rewards credit card,Cross-Sell,"Introduce a complementary product and highlight rewards, benefits and spending value",Priority 3,0.4157128128021658,True,Discover Rewards Credit Card,An option selected with your needs in mind,Explore Rewards Credit Card and discover how it may complement your financial needs.,Explore Rewards Credit Card,Fallback,Explore Rewards Credit Card for your financial needs,Discover another option for your financial journey,"Based on your banking relationship, explore Rewards Credit Card and see how it may complement your existing financial needs.",Explore Rewards Credit Card,Have you explored Rewards Credit Card?,Consider adding Rewards Credit Card to your financial plans,Take the next step and learn more about Rewards Credit Card. Review the available information to see whether it fits your financial needs.,Learn More,Benefit-Focused,Action-Focused,A/B,Benefit-Focused,Action-Focused,50.99370876421225,9.331717291866072,A,Benefit-Focused,41.66199147234618,High,3,Model-Based A/B Evaluation,Estimated model-based performance; not based on actual customer engagement data.
C000238,Core Active,Core Relationship Customer,Low Risk,Moderate Cross-Sell Opportunity,Priority 3,P004,Personal Loan,0.4414820529407829,0.0,financial capacity and transaction activity support borrowing needs,Cross-Sell,Introduce a complementary product and highlight flexible financing and convenience,Priority 3,0.4414820529407829,True,Discover Personal Loan,An option selected with your needs in mind,Explore Personal Loan and discover how it may complement your financial needs.,Explore Personal Loan,Fallback,Explore Personal Loan for your financial needs,Discover another option for your financial journey,"Based on your banking relationship, explore Personal Loan and see how it may complement your existing financial needs.",Explore Personal Loan,Have you explored Personal Loan?,Consider adding Personal Loan to your financial plans,Take the next step and learn more about Personal Loan. Review the available information to see whether it fits your financial needs.,Learn More,Benefit-Focused,Action-Focused,A/B,Benefit-Focused,Action-Focused,51.62475086756552,9.910172553273231,A,Benefit-Focused,41.71457831429228,High,3,Model-Based A/B Evaluation,Estimated model-based performance; not based on actual customer engagement data.
C000239,Premium High-Value,Premium Digital Customer,Moderate Risk,Moderate Cross-Sell Opportunity,Priority 3,P004,Personal Loan,0.7689680273031381,0.0,financial capacity and transaction activity support borrowing needs; high transaction activity; strong digital affinity,Cross-Sell,Introduce a complementary product and highlight flexible financing and convenience,Priority 3,0.7689680273031381,True,Discover Personal Loan,An option selected with your needs in mind,Explore Personal Loan and discover how it may complement your financial needs.,Explore Personal Loan,Fallback,Explore Personal Loan for your financial needs,Discover another option for your financial journey,"Based on your banking relationship, explore Personal Loan and see how it may complement your existing financial needs.",Explore Personal Loan,Have you explored Personal Loan?,Consider adding Personal Loan to your financial plans,Take the next step and learn more about Personal Loan. Review the available information to see whether it fits your financial needs.,Learn More,Benefit-Focused,Action-Focused,A/B,Benefit-Focused,Action-Focused,59.64429032502211,17.26141705594177,A,Benefit-Focused,42.38287326908034,High,2,Model-Based A/B Evaluation,Estimated model-based performance; not based on actual customer engagement data.
C000240,Core Active,Core Relationship Customer,Moderate Risk,Moderate Cross-Sell Opportunity,Priority 3,P004,Personal Loan,0.4669983149387414,0.0,financial capacity and transaction activity support borrowing needs; strong digital affinity,Cross-Sell,Introduce a complementary product and highlight flexible financing and convenience,Priority 3,0.4669983149387414,True,Discover Personal Loan,An option selected with your needs in mind,Explore Personal Loan and discover how it may complement your financial needs.,Explore Personal Loan,Fallback,Explore Personal Loan for your financial needs,Discover another option for your financial journey,"Based on your banking relationship, explore Personal Loan and see how it may complement your existing financial needs.",Explore Personal Loan,Have you explored Personal Loan?,Consider adding Personal Loan to your financial plans,Take the next step and learn more about Personal Loan. Review the available information to see whether it fits your financial needs.,Learn More,Benefit-Focused,Action-Focused,A/B,Benefit-Focused,Action-Focused,52.24959799360766,10.482949085478527,A,Benefit-Focused,41.76664890812913,High,3,Model-Based A/B Evaluation,Estimated model-based performance; not based on actual customer engagement data.
C000241,Core Active,Core Relationship Customer,High Risk,Moderate Cross-Sell Opportunity,Priority 3,P003,Rewards Credit Card,0.3860158652296096,0.0,spending and transaction patterns support a rewards credit card; strong digital affinity,Retention,"Strengthen the customer relationship while highlight rewards, benefits and spending value",Priority 3,0.3860158652296096,True,Discover more value with Rewards Credit Card,Benefits designed around your banking needs,Explore Rewards Credit Card and discover an option designed to support your evolving financial needs.,Explore Rewards Credit Card,Fallback,Discover more value with Rewards Credit Card,More value for your banking journey,Explore Rewards Credit Card and discover an option that may complement your evolving financial needs.,Explore Rewards Credit Card,Keep exploring your options with Rewards Credit Card,Consider your next banking opportunity,Take a closer look at Rewards Credit Card and consider whether it could be a suitable addition to your financial plans.,Learn More,Benefit-Focused,Action-Focused,A/B,Benefit-Focused,Action-Focused,91.08013774333955,8.665094780737592,A,Benefit-Focused,82.41504296260196,High,3,Model-Based A/B Evaluation,Estimated model-based performance; not based on actual customer engagement data.
C000242,Core Active,Core Relationship Customer,High Risk,Moderate Cross-Sell Opportunity,Priority 3,P003,Rewards Credit Card,0.4786033040772606,0.0,spending and transaction patterns support a rewards credit card; strong digital affinity; positive response to previous recommendations,Retention,"Strengthen the customer relationship while highlight rewards, benefits and spending value",Priority 3,0.4786033040772606,True,Discover more value with Rewards Credit Card,Benefits designed around your banking needs,Explore Rewards Credit Card and discover an option designed to support your evolving financial needs.,Explore Rewards Credit Card,Fallback,Discover more value with Rewards Credit Card,More value for your banking journey,Explore Rewards Credit Card and discover an option that may complement your evolving financial needs.,Explore Rewards Credit Card,Keep exploring your options with Rewards Credit Card,Consider your next banking opportunity,Take a closer look at Rewards Credit Card and consider whether it could be a suitable addition to your financial plans.,Learn More,Benefit-Focused,Action-Focused,A/B,Benefit-Focused,Action-Focused,93.34743673392782,10.743452188776846,A,Benefit-Focused,82.60398454515098,High,3,Model-Based A/B Evaluation,Estimated model-based performance; not based on actual customer engagement data.
C000243,Core Active,Core Relationship Customer,Moderate Risk,Moderate Cross-Sell Opportunity,Priority 3,P008,Premium Banking,0.2985070001275795,0.0,customer profile supports premium banking services,Cross-Sell,Introduce a complementary product and highlight premium services and exclusive benefits,Priority 3,0.2985070001275795,True,Discover Premium Banking,An option selected with your needs in mind,Explore Premium Banking and discover how it may complement your financial needs.,Explore Premium Banking,Fallback,Explore Premium Banking for your financial needs,Discover another option for your financial journey,"Based on your banking relationship, explore Premium Banking and see how it may complement your existing financial needs.",Explore Premium Banking,Have you explored Premium Banking?,Consider adding Premium Banking to your financial plans,Take the next step and learn more about Premium Banking. Review the available information to see whether it fits your financial needs.,Learn More,Benefit-Focused,Action-Focused,A/B,Benefit-Focused,Action-Focused,48.123550305617954,6.700738704821293,A,Benefit-Focused,41.42281160079666,High,3,Model-Based A/B Evaluation,Estimated model-based performance; not based on actual customer engagement data.
C000244,Core Active,Core Relationship Customer,Low Risk,Moderate Cross-Sell Opportunity,Priority 3,P008,Premium Banking,0.4165701809976586,0.0,customer profile supports premium banking services,Cross-Sell,Introduce a complementary product and highlight premium services and exclusive benefits,Priority 3,0.4165701809976586,True,Discover Premium Banking,An option selected with your needs in mind,Explore Premium Banking and discover how it may complement your financial needs.,Explore Premium Banking,Fallback,Explore Premium Banking for your financial needs,Discover another option for your financial journey,"Based on your banking relationship, explore Premium Banking and see how it may complement your existing financial needs.",Explore Premium Banking,Have you explored Premium Banking?,Consider adding Premium Banking to your financial plans,Take the next step and learn more about Premium Banking. Review the available information to see whether it fits your financial needs.,Learn More,Benefit-Focused,Action-Focused,A/B,Benefit-Focused,Action-Focused,51.0147041613028,9.350963072532407,A,Benefit-Focused,41.663741088770394,High,3,Model-Based A/B Evaluation,Estimated model-based performance; not based on actual customer engagement data.
C000245,Core Active,Core Relationship Customer,High Risk,Low Cross-Sell Opportunity,Priority 3,P004,Personal Loan,0.4190491486324812,0.0,financial capacity and transaction activity support borrowing needs; strong digital affinity,Retention,Strengthen the customer relationship while highlight flexible financing and convenience,Priority 3,0.4190491486324812,True,Discover more value with Personal Loan,Benefits designed around your banking needs,Explore Personal Loan and discover an option designed to support your evolving financial needs.,Explore Personal Loan,Fallback,Discover more value with Personal Loan,More value for your banking journey,Explore Personal Loan and discover an option that may complement your evolving financial needs.,Explore Personal Loan,Keep exploring your options with Personal Loan,Consider your next banking opportunity,Take a closer look at Personal Loan and consider whether it could be a suitable addition to your financial plans.,Learn More,Benefit-Focused,Action-Focused,A/B,Benefit-Focused,Action-Focused,91.88906313373064,9.406609721929424,A,Benefit-Focused,82.48245341180122,High,3,Model-Based A/B Evaluation,Estimated model-based performance; not based on actual customer engagement data.
C000246,Core Active,Core Relationship Customer,High Risk,Low Cross-Sell Opportunity,Priority 4,P003,Rewards Credit Card,0.3293844914315718,0.0,spending and transaction patterns support a rewards credit card,Retention,"Strengthen the customer relationship while highlight rewards, benefits and spending value",Priority 4,0.3293844914315718,True,Discover more value with Rewards Credit Card,Benefits designed around your banking needs,Explore Rewards Credit Card and discover an option designed to support your evolving financial needs.,Explore Rewards Credit Card,Fallback,Discover more value with Rewards Credit Card,More value for your banking journey,Explore Rewards Credit Card and discover an option that may complement your evolving financial needs.,Explore Rewards Credit Card,Keep exploring your options with Rewards Credit Card,Consider your next banking opportunity,Take a closer look at Rewards Credit Card and consider whether it could be a suitable addition to your financial plans.,Learn More,Benefit-Focused,Action-Focused,A/B,Benefit-Focused,Action-Focused,89.69333778163852,7.39386148251165,A,Benefit-Focused,82.29947629912687,High,3,Model-Based A/B Evaluation,Estimated model-based performance; not based on actual customer engagement data.
C000247,At Risk,At-Risk Declining Customer,Critical Risk,Low Cross-Sell Opportunity,Priority 4,P008,Premium Banking,0.2512570473631196,0.0,customer profile supports premium banking services,Retention,Strengthen the customer relationship while highlight premium services and exclusive benefits,Priority 4,0.2512570473631196,True,Discover more value with Premium Banking,Benefits designed around your banking needs,Explore Premium Banking and discover an option designed to support your evolving financial needs.,Explore Premium Banking,Fallback,Discover more value with Premium Banking,More value for your banking journey,Explore Premium Banking and discover an option that may complement your evolving financial needs.,Explore Premium Banking,Keep exploring your options with Premium Banking,Consider your next banking opportunity,Take a closer look at Premium Banking and consider whether it could be a suitable addition to your financial plans.,Learn More,Benefit-Focused,Action-Focused,A/B,Benefit-Focused,Action-Focused,87.78013792128687,5.640094943855963,A,Benefit-Focused,82.14004297743091,High,3,Model-Based A/B Evaluation,Estimated model-based performance; not based on actual customer engagement data.
C000248,Core Active,Core Relationship Customer,Moderate Risk,Moderate Cross-Sell Opportunity,Priority 3,P007,Term Insurance,0.4202808619282203,0.0,customer profile indicates potential protection needs,Cross-Sell,Introduce a complementary product and highlight financial protection and security,Priority 3,0.4202808619282203,True,Discover Term Insurance,An option selected with your needs in mind,Explore Term Insurance and discover how it may complement your financial needs.,Explore Term Insurance,Fallback,Explore Term Insurance for your financial needs,Discover another option for your financial journey,"Based on your banking relationship, explore Term Insurance and see how it may complement your existing financial needs.",Explore Term Insurance,Have you explored Term Insurance?,Consider adding Term Insurance to your financial plans,Take the next step and learn more about Term Insurance. Review the available information to see whether it fits your financial needs.,Learn More,Benefit-Focused,Action-Focused,A/B,Benefit-Focused,Action-Focused,51.105572028833954,9.434258617769304,A,Benefit-Focused,41.67131341106465,High,3,Model-Based A/B Evaluation,Estimated model-based performance; not based on actual customer engagement data.
C000249,Premium High-Value,Premium Relationship Customer,Low Risk,Moderate Cross-Sell Opportunity,Priority 2,P008,Premium Banking,0.7579141159273955,0.0,customer profile supports premium banking services; high transaction activity; strong digital affinity,Cross-Sell,Introduce a complementary product and highlight premium services and exclusive benefits,Priority 2,0.7579141159273955,True,Discover Premium Banking,An option selected with your needs in mind,Explore Premium Banking and discover how it may complement your financial needs.,Explore Premium Banking,Fallback,Explore Premium Banking for your financial needs,Discover another option for your financial journey,"Based on your banking relationship, explore Premium Banking and see how it may complement your existing financial needs.",Explore Premium Banking,Have you explored Premium Banking?,Consider adding Premium Banking to your financial plans,Take the next step and learn more about Premium Banking. Review the available information to see whether it fits your financial needs.,Learn More,Benefit-Focused,Action-Focused,A/B,Benefit-Focused,Action-Focused,59.373600019552995,17.01328427592842,A,Benefit-Focused,42.360315743624575,High,3,Model-Based A/B Evaluation,Estimated model-based performance; not based on actual customer engagement data.
C000250,Premium High-Value,Premium Digital Customer,Low Risk,Moderate Cross-Sell Opportunity,Priority 3,P008,Premium Banking,0.597397573485878,0.0,customer profile supports premium banking services; strong digital affinity; strong segment fit,Cross-Sell,Introduce a complementary product and highlight premium services and exclusive benefits,Priority 3,0.597397573485878,True,Discover Premium Banking,An option selected with your needs in mind,Explore Premium Banking and discover how it may complement your financial needs.,Explore Premium Banking,Fallback,Explore Premium Banking for your financial needs,Discover another option for your financial journey,"Based on your banking relationship, explore Premium Banking and see how it may complement your existing financial needs.",Explore Premium Banking,Have you explored Premium Banking?,Consider adding Premium Banking to your financial plans,Take the next step and learn more about Premium Banking. Review the available information to see whether it fits your financial needs.,Learn More,Benefit-Focused,Action-Focused,A/B,Benefit-Focused,Action-Focused,55.44284008948062,13.410087673362073,A,Benefit-Focused,42.03275241611855,High,3,Model-Based A/B Evaluation,Estimated model-based performance; not based on actual customer engagement data.
C000251,Core Active,Core Relationship Customer,Moderate Risk,Moderate Cross-Sell Opportunity,Priority 3,P003,Rewards Credit Card,0.436546342500498,0.0,spending and transaction patterns support a rewards credit card,Cross-Sell,"Introduce a complementary product and highlight rewards, benefits and spending value",Priority 3,0.436546342500498,True,Discover Rewards Credit Card,An option selected with your needs in mind,Explore Rewards Credit Card and discover how it may complement your financial needs.,Explore Rewards Credit Card,Fallback,Explore Rewards Credit Card for your financial needs,Discover another option for your financial journey,"Based on your banking relationship, explore Rewards Credit Card and see how it may complement your existing financial needs.",Explore Rewards Credit Card,Have you explored Rewards Credit Card?,Consider adding Rewards Credit Card to your financial plans,Take the next step and learn more about Rewards Credit Card. Review the available information to see whether it fits your financial needs.,Learn More,Benefit-Focused,Action-Focused,A/B,Benefit-Focused,Action-Focused,51.5038842420451,9.799378146546177,A,Benefit-Focused,41.70450609549893,High,3,Model-Based A/B Evaluation,Estimated model-based performance; not based on actual customer engagement data.
C000252,Premium High-Value,Premium Relationship Customer,Moderate Risk,Moderate Cross-Sell Opportunity,Priority 3,P003,Rewards Credit Card,0.5691160771031054,0.0,spending and transaction patterns support a rewards credit card; strong digital affinity; strong segment fit,Cross-Sell,"Introduce a complementary product and highlight rewards, benefits and spending value",Priority 3,0.5691160771031054,True,Discover Rewards Credit Card,An option selected with your needs in mind,Explore Rewards Credit Card and discover how it may complement your financial needs.,Explore Rewards Credit Card,Fallback,Explore Rewards Credit Card for your financial needs,Discover another option for your financial journey,"Based on your banking relationship, explore Rewards Credit Card and see how it may complement your existing financial needs.",Explore Rewards Credit Card,Have you explored Rewards Credit Card?,Consider adding Rewards Credit Card to your financial plans,Take the next step and learn more about Rewards Credit Card. Review the available information to see whether it fits your financial needs.,Learn More,Benefit-Focused,Action-Focused,A/B,Benefit-Focused,Action-Focused,54.750277372560696,12.775238516185478,A,Benefit-Focused,41.97503885637522,High,3,Model-Based A/B Evaluation,Estimated model-based performance; not based on actual customer engagement data.
C000253,Premium High-Value,Premium Digital Customer,Low Risk,Moderate Cross-Sell Opportunity,Priority 2,P004,Personal Loan,0.7253977401375158,0.0,financial capacity and transaction activity support borrowing needs; high transaction activity; strong digital affinity,Cross-Sell,Introduce a complementary product and highlight flexible financing and convenience,Priority 2,0.7253977401375158,True,Discover Personal Loan,An option selected with your needs in mind,Explore Personal Loan and discover how it may complement your financial needs.,Explore Personal Loan,Fallback,Explore Personal Loan for your financial needs,Discover another option for your financial journey,"Based on your banking relationship, explore Personal Loan and see how it may complement your existing financial needs.",Explore Personal Loan,Have you explored Personal Loan?,Consider adding Personal Loan to your financial plans,Take the next step and learn more about Personal Loan. Review the available information to see whether it fits your financial needs.,Learn More,Benefit-Focused,Action-Focused,A/B,Benefit-Focused,Action-Focused,58.5773327620982,16.283372623261517,A,Benefit-Focused,42.29396013883668,High,3,Model-Based A/B Evaluation,Estimated model-based performance; not based on actual customer engagement data.
C000254,Core Active,Core Relationship Customer,Moderate Risk,Low Cross-Sell Opportunity,Priority 4,P004,Personal Loan,0.345690795277928,0.0,financial capacity and transaction activity support borrowing needs,Engagement,Highlight flexible financing and convenience,Priority 4,0.345690795277928,True,Explore Personal Loan,A financial option worth exploring,Take a closer look at Personal Loan and see how it could complement your banking needs.,Learn More,Fallback,Discover Personal Loan,An option worth exploring,Explore Personal Loan and learn how it may complement your financial needs.,Learn More,See what Personal Loan can offer,Take a closer look at Personal Loan,Learn more about Personal Loan and consider whether it could complement your financial needs.,Learn More,Benefit-Focused,Action-Focused,A/B,Benefit-Focused,Action-Focused,8.465342609584345,89.38720446556297,B,Action-Focused,80.92186185597863,High,3,Model-Based A/B Evaluation,Estimated model-based performance; not based on actual customer engagement data.
C000255,Core Active,Core Relationship Customer,High Risk,Moderate Cross-Sell Opportunity,Priority 3,P006,Mutual Fund Plan,0.4566987610705935,0.0,financial capacity indicates potential for investment products; positive response to previous recommendations,Retention,Strengthen the customer relationship while highlight wealth creation and investment potential,Priority 3,0.4566987610705935,True,Discover more value with Mutual Fund Plan,Benefits designed around your banking needs,Explore Mutual Fund Plan and discover an option designed to support your evolving financial needs.,Explore Mutual Fund Plan,Fallback,Discover more value with Mutual Fund Plan,More value for your banking journey,Explore Mutual Fund Plan and discover an option that may complement your evolving financial needs.,Explore Mutual Fund Plan,Keep exploring your options with Mutual Fund Plan,Consider your next banking opportunity,Take a closer look at Mutual Fund Plan and consider whether it could be a suitable addition to your financial plans.,Learn More,Benefit-Focused,Action-Focused,A/B,Benefit-Focused,Action-Focused,92.81103407643523,10.251749752741961,A,Benefit-Focused,82.55928432369328,High,3,Model-Based A/B Evaluation,Estimated model-based performance; not based on actual customer engagement data.
C000256,Core Active,Core Relationship Customer,Moderate Risk,Low Cross-Sell Opportunity,Priority 3,P008,Premium Banking,0.3614368934012785,0.0,customer profile supports premium banking services,Engagement,Highlight premium services and exclusive benefits,Priority 3,0.3614368934012785,True,Explore Premium Banking,A financial option worth exploring,Take a closer look at Premium Banking and see how it could complement your banking needs.,Learn More,Fallback,Discover Premium Banking,An option worth exploring,Explore Premium Banking and learn how it may complement your financial needs.,Learn More,See what Premium Banking can offer,Take a closer look at Premium Banking,Learn more about Premium Banking and consider whether it could complement your financial needs.,Learn More,Benefit-Focused,Action-Focused,A/B,Benefit-Focused,Action-Focused,8.85093608560134,89.7406651519119,B,Action-Focused,80.88972906631057,High,3,Model-Based A/B Evaluation,Estimated model-based performance; not based on actual customer engagement data.
C000257,Core Active,Core Relationship Customer,Moderate Risk,Low Cross-Sell Opportunity,Priority 4,P004,Personal Loan,0.3018446849676461,0.0,financial capacity and transaction activity support borrowing needs,Engagement,Highlight flexible financing and convenience,Priority 4,0.3018446849676461,True,Explore Personal Loan,A financial option worth exploring,Take a closer look at Personal Loan and see how it could complement your banking needs.,Learn More,Fallback,Discover Personal Loan,An option worth exploring,Explore Personal Loan and learn how it may complement your financial needs.,Learn More,See what Personal Loan can offer,Take a closer look at Personal Loan,Learn more about Personal Loan and consider whether it could complement your financial needs.,Learn More,Benefit-Focused,Action-Focused,A/B,Benefit-Focused,Action-Focused,7.391630636502303,88.40296849023777,B,Action-Focused,81.01133785373547,High,3,Model-Based A/B Evaluation,Estimated model-based performance; not based on actual customer engagement data.
C000258,Dormant / Declining,Dormant Reactivation Target,Critical Risk,Low Cross-Sell Opportunity,Priority 4,P007,Term Insurance,0.1870273507786408,0.0,customer profile indicates potential protection needs,Retention,Strengthen the customer relationship while highlight financial protection and security,Priority 4,0.1870273507786408,True,Discover more value with Term Insurance,Benefits designed around your banking needs,Explore Term Insurance and discover an option designed to support your evolving financial needs.,Explore Term Insurance,Fallback,Discover more value with Term Insurance,More value for your banking journey,Explore Term Insurance and discover an option that may complement your evolving financial needs.,Explore Term Insurance,Keep exploring your options with Term Insurance,Consider your next banking opportunity,Take a closer look at Term Insurance and consider whether it could be a suitable addition to your financial plans.,Learn More,Benefit-Focused,Action-Focused,A/B,Benefit-Focused,Action-Focused,86.20726877138624,4.1982982231137305,A,Benefit-Focused,82.00897054827252,High,3,Model-Based A/B Evaluation,Estimated model-based performance; not based on actual customer engagement data.
C000259,Premium High-Value,Premium Relationship Customer,Low Risk,Moderate Cross-Sell Opportunity,Priority 2,P004,Personal Loan,0.5394347463577823,0.0,financial capacity and transaction activity support borrowing needs; high transaction activity; strong segment fit,Cross-Sell,Introduce a complementary product and highlight flexible financing and convenience,Priority 2,0.5394347463577823,True,Discover Personal Loan,An option selected with your needs in mind,Explore Personal Loan and discover how it may complement your financial needs.,Explore Personal Loan,Fallback,Explore Personal Loan for your financial needs,Discover another option for your financial journey,"Based on your banking relationship, explore Personal Loan and see how it may complement your existing financial needs.",Explore Personal Loan,Have you explored Personal Loan?,Consider adding Personal Loan to your financial plans,Take the next step and learn more about Personal Loan. Review the available information to see whether it fits your financial needs.,Learn More,Benefit-Focused,Action-Focused,A/B,Benefit-Focused,Action-Focused,54.02343524283162,12.108966563933821,A,Benefit-Focused,41.9144686788978,High,3,Model-Based A/B Evaluation,Estimated model-based performance; not based on actual customer engagement data.
C000260,Premium High-Value,Premium Digital Customer,Low Risk,Moderate Cross-Sell Opportunity,Priority 2,P004,Personal Loan,0.7136552570829091,0.0,financial capacity and transaction activity support borrowing needs; high transaction activity; strong digital affinity,Cross-Sell,Introduce a complementary product and highlight flexible financing and convenience,Priority 2,0.7136552570829091,True,Discover Personal Loan,An option selected with your needs in mind,Explore Personal Loan and discover how it may complement your financial needs.,Explore Personal Loan,Fallback,Explore Personal Loan for your financial needs,Discover another option for your financial journey,"Based on your banking relationship, explore Personal Loan and see how it may complement your existing financial needs.",Explore Personal Loan,Have you explored Personal Loan?,Consider adding Personal Loan to your financial plans,Take the next step and learn more about Personal Loan. Review the available information to see whether it fits your financial needs.,Learn More,Benefit-Focused,Action-Focused,A/B,Benefit-Focused,Action-Focused,58.28978058106726,16.019783123983167,A,Benefit-Focused,42.269997457084095,High,3,Model-Based A/B Evaluation,Estimated model-based performance; not based on actual customer engagement data.
C000261,Core Active,Core Digital Customer,High Risk,Moderate Cross-Sell Opportunity,Priority 3,P003,Rewards Credit Card,0.3976963105537538,0.0,spending and transaction patterns support a rewards credit card; strong digital affinity,Retention,"Strengthen the customer relationship while highlight rewards, benefits and spending value",Priority 3,0.3976963105537538,True,Discover more value with Rewards Credit Card,Benefits designed around your banking needs,Explore Rewards Credit Card and discover an option designed to support your evolving financial needs.,Explore Rewards Credit Card,Fallback,Discover more value with Rewards Credit Card,More value for your banking journey,Explore Rewards Credit Card and discover an option that may complement your evolving financial needs.,Explore Rewards Credit Card,Keep exploring your options with Rewards Credit Card,Consider your next banking opportunity,Take a closer look at Rewards Credit Card and consider whether it could be a suitable addition to your financial plans.,Learn More,Benefit-Focused,Action-Focused,A/B,Benefit-Focused,Action-Focused,91.3661707325081,8.927291687475428,A,Benefit-Focused,82.43887904503266,High,3,Model-Based A/B Evaluation,Estimated model-based performance; not based on actual customer engagement data.
C000262,Core Active,Core Digital Customer,High Risk,Moderate Cross-Sell Opportunity,Priority 3,P003,Rewards Credit Card,0.4695470765764866,0.0,spending and transaction patterns support a rewards credit card; strong digital affinity,Retention,"Strengthen the customer relationship while highlight rewards, benefits and spending value",Priority 3,0.4695470765764866,True,Discover more value with Rewards Credit Card,Benefits designed around your banking needs,Explore Rewards Credit Card and discover an option designed to support your evolving financial needs.,Explore Rewards Credit Card,Fallback,Discover more value with Rewards Credit Card,More value for your banking journey,Explore Rewards Credit Card and discover an option that may complement your evolving financial needs.,Explore Rewards Credit Card,Keep exploring your options with Rewards Credit Card,Consider your next banking opportunity,Take a closer look at Rewards Credit Card and consider whether it could be a suitable addition to your financial plans.,Learn More,Benefit-Focused,Action-Focused,A/B,Benefit-Focused,Action-Focused,93.12566609498802,10.540162436415368,A,Benefit-Focused,82.58550365857265,High,3,Model-Based A/B Evaluation,Estimated model-based performance; not based on actual customer engagement data.
C000263,Core Active,Core Relationship Customer,Moderate Risk,Moderate Cross-Sell Opportunity,Priority 2,P007,Term Insurance,0.39955029772011,0.0,customer profile indicates potential protection needs,Cross-Sell,Introduce a complementary product and highlight financial protection and security,Priority 2,0.39955029772011,True,Discover Term Insurance,An option selected with your needs in mind,Explore Term Insurance and discover how it may complement your financial needs.,Explore Term Insurance,Fallback,Explore Term Insurance for your financial needs,Discover another option for your financial journey,"Based on your banking relationship, explore Term Insurance and see how it may complement your existing financial needs.",Explore Term Insurance,Have you explored Term Insurance?,Consider adding Term Insurance to your financial plans,Take the next step and learn more about Term Insurance. Review the available information to see whether it fits your financial needs.,Learn More,Benefit-Focused,Action-Focused,A/B,Benefit-Focused,Action-Focused,50.59791798970761,8.968909081903483,A,Benefit-Focused,41.62900890780413,High,3,Model-Based A/B Evaluation,Estimated model-based performance; not based on actual customer engagement data.
C000264,Premium High-Value,Premium Digital Customer,Low Risk,Moderate Cross-Sell Opportunity,Priority 2,P003,Rewards Credit Card,0.7697563326907482,0.0,spending and transaction patterns support a rewards credit card; high transaction activity; strong digital affinity,Cross-Sell,"Introduce a complementary product and highlight rewards, benefits and spending value",Priority 2,0.7697563326907482,True,Discover Rewards Credit Card,An option selected with your needs in mind,Explore Rewards Credit Card and discover how it may complement your financial needs.,Explore Rewards Credit Card,Fallback,Explore Rewards Credit Card for your financial needs,Discover another option for your financial journey,"Based on your banking relationship, explore Rewards Credit Card and see how it may complement your existing financial needs.",Explore Rewards Credit Card,Have you explored Rewards Credit Card?,Consider adding Rewards Credit Card to your financial plans,Take the next step and learn more about Rewards Credit Card. Review the available information to see whether it fits your financial needs.,Learn More,Benefit-Focused,Action-Focused,A/B,Benefit-Focused,Action-Focused,59.66359449880474,17.27911254857585,A,Benefit-Focused,42.38448195022889,High,3,Model-Based A/B Evaluation,Estimated model-based performance; not based on actual customer engagement data.
C000265,Premium High-Value,Premium Relationship Customer,Low Risk,Moderate Cross-Sell Opportunity,Priority 2,P005,Home Loan,0.745859605507609,0.0,financial capacity supports a potential home financing need; high transaction activity; strong digital affinity,Cross-Sell,Introduce a complementary product and highlight long-term home financing value,Priority 2,0.745859605507609,True,Discover Home Loan,An option selected with your needs in mind,Explore Home Loan and discover how it may complement your financial needs.,Explore Home Loan,Fallback,Explore Home Loan for your financial needs,Discover another option for your financial journey,"Based on your banking relationship, explore Home Loan and see how it may complement your existing financial needs.",Explore Home Loan,Have you explored Home Loan?,Consider adding Home Loan to your financial plans,Take the next step and learn more about Home Loan. Review the available information to see whether it fits your financial needs.,Learn More,Benefit-Focused,Action-Focused,A/B,Benefit-Focused,Action-Focused,59.07840685245621,16.742690539423037,A,Benefit-Focused,42.335716313033174,High,2,Model-Based A/B Evaluation,Estimated model-based performance; not based on actual customer engagement data.
C000266,Core Active,Core Relationship Customer,Low Risk,Moderate Cross-Sell Opportunity,Priority 3,P003,Rewards Credit Card,0.3637718208077868,0.0,spending and transaction patterns support a rewards credit card,Cross-Sell,"Introduce a complementary product and highlight rewards, benefits and spending value",Priority 3,0.3637718208077868,True,Discover Rewards Credit Card,An option selected with your needs in mind,Explore Rewards Credit Card and discover how it may complement your financial needs.,Explore Rewards Credit Card,Fallback,Explore Rewards Credit Card for your financial needs,Discover another option for your financial journey,"Based on your banking relationship, explore Rewards Credit Card and see how it may complement your existing financial needs.",Explore Rewards Credit Card,Have you explored Rewards Credit Card?,Consider adding Rewards Credit Card to your financial plans,Take the next step and learn more about Rewards Credit Card. Review the available information to see whether it fits your financial needs.,Learn More,Benefit-Focused,Action-Focused,A/B,Benefit-Focused,Action-Focused,49.721767773244906,8.16577138347934,A,Benefit-Focused,41.55599638976557,High,3,Model-Based A/B Evaluation,Estimated model-based performance; not based on actual customer engagement data.
C000267,Core Active,Core Digital Customer,High Risk,Moderate Cross-Sell Opportunity,Priority 3,P008,Premium Banking,0.3976837589229183,0.0,customer profile supports premium banking services; strong digital affinity,Retention,Strengthen the customer relationship while highlight premium services and exclusive benefits,Priority 3,0.3976837589229183,True,Discover more value with Premium Banking,Benefits designed around your banking needs,Explore Premium Banking and discover an option designed to support your evolving financial needs.,Explore Premium Banking,Fallback,Discover more value with Premium Banking,More value for your banking journey,Explore Premium Banking and discover an option that may complement your evolving financial needs.,Explore Premium Banking,Keep exploring your options with Premium Banking,Consider your next banking opportunity,Take a closer look at Premium Banking and consider whether it could be a suitable addition to your financial plans.,Learn More,Benefit-Focused,Action-Focused,A/B,Benefit-Focused,Action-Focused,91.36586336576075,8.927009934623694,A,Benefit-Focused,82.43885343113705,High,3,Model-Based A/B Evaluation,Estimated model-based performance; not based on actual customer engagement data.
C000268,Core Active,Core Relationship Customer,High Risk,Moderate Cross-Sell Opportunity,Priority 3,P003,Rewards Credit Card,0.4501041207053017,0.0,spending and transaction patterns support a rewards credit card,Retention,"Strengthen the customer relationship while highlight rewards, benefits and spending value",Priority 3,0.4501041207053017,True,Discover more value with Rewards Credit Card,Benefits designed around your banking needs,Explore Rewards Credit Card and discover an option designed to support your evolving financial needs.,Explore Rewards Credit Card,Fallback,Discover more value with Rewards Credit Card,More value for your banking journey,Explore Rewards Credit Card and discover an option that may complement your evolving financial needs.,Explore Rewards Credit Card,Keep exploring your options with Rewards Credit Card,Consider your next banking opportunity,Take a closer look at Rewards Credit Card and consider whether it could be a suitable addition to your financial plans.,Learn More,Benefit-Focused,Action-Focused,A/B,Benefit-Focused,Action-Focused,92.64954325619424,10.103716500854395,A,Benefit-Focused,82.54582675533985,High,3,Model-Based A/B Evaluation,Estimated model-based performance; not based on actual customer engagement data.
C000269,Core Active,Core Relationship Customer,Moderate Risk,Moderate Cross-Sell Opportunity,Priority 3,P008,Premium Banking,0.3974693978484898,0.0,customer profile supports premium banking services,Cross-Sell,Introduce a complementary product and highlight premium services and exclusive benefits,Priority 3,0.3974693978484898,True,Discover Premium Banking,An option selected with your needs in mind,Explore Premium Banking and discover how it may complement your financial needs.,Explore Premium Banking,Fallback,Explore Premium Banking for your financial needs,Discover another option for your financial journey,"Based on your banking relationship, explore Premium Banking and see how it may complement your existing financial needs.",Explore Premium Banking,Have you explored Premium Banking?,Consider adding Premium Banking to your financial plans,Take the next step and learn more about Premium Banking. Review the available information to see whether it fits your financial needs.,Learn More,Benefit-Focused,Action-Focused,A/B,Benefit-Focused,Action-Focused,50.54696051386466,8.922198062380778,A,Benefit-Focused,41.62476245148388,High,3,Model-Based A/B Evaluation,Estimated model-based performance; not based on actual customer engagement data.
C000270,Core Active,Core Relationship Customer,Low Risk,Moderate Cross-Sell Opportunity,Priority 3,P003,Rewards Credit Card,0.470058751988,0.0,spending and transaction patterns support a rewards credit card; strong digital affinity,Cross-Sell,"Introduce a complementary product and highlight rewards, benefits and spending value",Priority 3,0.470058751988,True,Discover Rewards Credit Card,An option selected with your needs in mind,Explore Rewards Credit Card and discover how it may complement your financial needs.,Explore Rewards Credit Card,Fallback,Explore Rewards Credit Card for your financial needs,Discover another option for your financial journey,"Based on your banking relationship, explore Rewards Credit Card and see how it may complement your existing financial needs.",Explore Rewards Credit Card,Have you explored Rewards Credit Card?,Consider adding Rewards Credit Card to your financial plans,Take the next step and learn more about Rewards Credit Card. Review the available information to see whether it fits your financial needs.,Learn More,Benefit-Focused,Action-Focused,A/B,Benefit-Focused,Action-Focused,52.32454256404729,10.55164827504819,A,Benefit-Focused,41.7728942889991,High,3,Model-Based A/B Evaluation,Estimated model-based performance; not based on actual customer engagement data.
C000271,Core Active,Core Relationship Customer,Moderate Risk,Low Cross-Sell Opportunity,Priority 3,P003,Rewards Credit Card,0.442883762598649,0.0,spending and transaction patterns support a rewards credit card,Engagement,"Highlight rewards, benefits and spending value",Priority 3,0.442883762598649,True,Explore Rewards Credit Card,A financial option worth exploring,Take a closer look at Rewards Credit Card and see how it could complement your banking needs.,Learn More,Fallback,Discover Rewards Credit Card,An option worth exploring,Explore Rewards Credit Card and learn how it may complement your financial needs.,Learn More,See what Rewards Credit Card can offer,Take a closer look at Rewards Credit Card,Learn more about Rewards Credit Card and consider whether it could complement your financial needs.,Learn More,Benefit-Focused,Action-Focused,A/B,Benefit-Focused,Action-Focused,10.845422666244657,91.5689445175016,B,Action-Focused,80.72352185125695,High,3,Model-Based A/B Evaluation,Estimated model-based performance; not based on actual customer engagement data.
C000272,Premium High-Value,Premium Digital Customer,Moderate Risk,Moderate Cross-Sell Opportunity,Priority 2,P004,Personal Loan,0.7522336698602203,0.0,financial capacity and transaction activity support borrowing needs; high transaction activity; strong digital affinity,Cross-Sell,Introduce a complementary product and highlight flexible financing and convenience,Priority 2,0.7522336698602203,True,Discover Personal Loan,An option selected with your needs in mind,Explore Personal Loan and discover how it may complement your financial needs.,Explore Personal Loan,Fallback,Explore Personal Loan for your financial needs,Discover another option for your financial journey,"Based on your banking relationship, explore Personal Loan and see how it may complement your existing financial needs.",Explore Personal Loan,Have you explored Personal Loan?,Consider adding Personal Loan to your financial plans,Take the next step and learn more about Personal Loan. Review the available information to see whether it fits your financial needs.,Learn More,Benefit-Focused,Action-Focused,A/B,Benefit-Focused,Action-Focused,59.234496164921154,16.88577240918257,A,Benefit-Focused,42.34872375573858,High,2,Model-Based A/B Evaluation,Estimated model-based performance; not based on actual customer engagement data.
C000273,Core Active,Core Relationship Customer,Critical Risk,Low Cross-Sell Opportunity,Priority 4,P003,Rewards Credit Card,0.2896173056282283,0.0,spending and transaction patterns support a rewards credit card,Retention,"Strengthen the customer relationship while highlight rewards, benefits and spending value",Priority 4,0.2896173056282283,True,Discover more value with Rewards Credit Card,Benefits designed around your banking needs,Explore Rewards Credit Card and discover an option designed to support your evolving financial needs.,Explore Rewards Credit Card,Fallback,Discover more value with Rewards Credit Card,More value for your banking journey,Explore Rewards Credit Card and discover an option that may complement your evolving financial needs.,Explore Rewards Credit Card,Keep exploring your options with Rewards Credit Card,Consider your next banking opportunity,Take a closer look at Rewards Credit Card and consider whether it could be a suitable addition to your financial plans.,Learn More,Benefit-Focused,Action-Focused,A/B,Benefit-Focused,Action-Focused,88.71951129553366,6.50118720358219,A,Benefit-Focused,82.21832409195147,High,3,Model-Based A/B Evaluation,Estimated model-based performance; not based on actual customer engagement data.
C000274,Premium High-Value,Premium Digital Customer,Moderate Risk,Moderate Cross-Sell Opportunity,Priority 2,P008,Premium Banking,0.7074869351779484,0.0,customer profile supports premium banking services; strong digital affinity; strong segment fit,Cross-Sell,Introduce a complementary product and highlight premium services and exclusive benefits,Priority 2,0.7074869351779484,True,Discover Premium Banking,An option selected with your needs in mind,Explore Premium Banking and discover how it may complement your financial needs.,Explore Premium Banking,Fallback,Explore Premium Banking for your financial needs,Discover another option for your financial journey,"Based on your banking relationship, explore Premium Banking and see how it may complement your existing financial needs.",Explore Premium Banking,Have you explored Premium Banking?,Consider adding Premium Banking to your financial plans,Take the next step and learn more about Premium Banking. Review the available information to see whether it fits your financial needs.,Learn More,Benefit-Focused,Action-Focused,A/B,Benefit-Focused,Action-Focused,58.13872952918805,15.881319659760543,A,Benefit-Focused,42.257409869427505,High,3,Model-Based A/B Evaluation,Estimated model-based performance; not based on actual customer engagement data.
C000275,Core Active,Core Relationship Customer,Critical Risk,Low Cross-Sell Opportunity,Priority 4,P003,Rewards Credit Card,0.4121995471582335,0.0,spending and transaction patterns support a rewards credit card,Retention,"Strengthen the customer relationship while highlight rewards, benefits and spending value",Priority 4,0.4121995471582335,True,Discover more value with Rewards Credit Card,Benefits designed around your banking needs,Explore Rewards Credit Card and discover an option designed to support your evolving financial needs.,Explore Rewards Credit Card,Fallback,Discover more value with Rewards Credit Card,More value for your banking journey,Explore Rewards Credit Card and discover an option that may complement your evolving financial needs.,Explore Rewards Credit Card,Keep exploring your options with Rewards Credit Card,Consider your next banking opportunity,Take a closer look at Rewards Credit Card and consider whether it could be a suitable addition to your financial plans.,Learn More,Benefit-Focused,Action-Focused,A/B,Benefit-Focused,Action-Focused,91.7213287768699,9.252853228140413,A,Benefit-Focused,82.46847554872949,High,3,Model-Based A/B Evaluation,Estimated model-based performance; not based on actual customer engagement data.
C000276,Core Active,Core Relationship Customer,Moderate Risk,Moderate Cross-Sell Opportunity,Priority 3,P008,Premium Banking,0.3810049737643074,0.0,customer profile supports premium banking services,Cross-Sell,Introduce a complementary product and highlight premium services and exclusive benefits,Priority 3,0.3810049737643074,True,Discover Premium Banking,An option selected with your needs in mind,Explore Premium Banking and discover how it may complement your financial needs.,Explore Premium Banking,Fallback,Explore Premium Banking for your financial needs,Discover another option for your financial journey,"Based on your banking relationship, explore Premium Banking and see how it may complement your existing financial needs.",Explore Premium Banking,Have you explored Premium Banking?,Consider adding Premium Banking to your financial plans,Take the next step and learn more about Premium Banking. Review the available information to see whether it fits your financial needs.,Learn More,Benefit-Focused,Action-Focused,A/B,Benefit-Focused,Action-Focused,50.14377653371257,8.552612747241364,A,Benefit-Focused,41.591163786471206,High,3,Model-Based A/B Evaluation,Estimated model-based performance; not based on actual customer engagement data.
C000277,Premium High-Value,Premium Digital Customer,Low Risk,Moderate Cross-Sell Opportunity,Priority 2,P008,Premium Banking,0.6377088010983133,0.0,customer profile supports premium banking services; strong digital affinity; strong segment fit,Cross-Sell,Introduce a complementary product and highlight premium services and exclusive benefits,Priority 2,0.6377088010983133,True,Discover Premium Banking,An option selected with your needs in mind,Explore Premium Banking and discover how it may complement your financial needs.,Explore Premium Banking,Fallback,Explore Premium Banking for your financial needs,Discover another option for your financial journey,"Based on your banking relationship, explore Premium Banking and see how it may complement your existing financial needs.",Explore Premium Banking,Have you explored Premium Banking?,Consider adding Premium Banking to your financial plans,Take the next step and learn more about Premium Banking. Review the available information to see whether it fits your financial needs.,Learn More,Benefit-Focused,Action-Focused,A/B,Benefit-Focused,Action-Focused,56.42998917592895,14.314974335939706,A,Benefit-Focused,42.11501483998924,High,3,Model-Based A/B Evaluation,Estimated model-based performance; not based on actual customer engagement data.
C000278,Core Active,Core Relationship Customer,Moderate Risk,Moderate Cross-Sell Opportunity,Priority 3,P003,Rewards Credit Card,0.4646699104836558,0.0,spending and transaction patterns support a rewards credit card; strong digital affinity,Cross-Sell,"Introduce a complementary product and highlight rewards, benefits and spending value",Priority 3,0.4646699104836558,True,Discover Rewards Credit Card,An option selected with your needs in mind,Explore Rewards Credit Card and discover how it may complement your financial needs.,Explore Rewards Credit Card,Fallback,Explore Rewards Credit Card for your financial needs,Discover another option for your financial journey,"Based on your banking relationship, explore Rewards Credit Card and see how it may complement your existing financial needs.",Explore Rewards Credit Card,Have you explored Rewards Credit Card?,Consider adding Rewards Credit Card to your financial plans,Take the next step and learn more about Rewards Credit Card. Review the available information to see whether it fits your financial needs.,Learn More,Benefit-Focused,Action-Focused,A/B,Benefit-Focused,Action-Focused,52.19257957797372,10.430682204480753,A,Benefit-Focused,41.761897373492964,High,3,Model-Based A/B Evaluation,Estimated model-based performance; not based on actual customer engagement data.
C000279,Premium High-Value,Premium Relationship Customer,Low Risk,Moderate Cross-Sell Opportunity,Priority 3,P003,Rewards Credit Card,0.6555939567259647,0.0,spending and transaction patterns support a rewards credit card; high transaction activity; strong segment fit,Cross-Sell,"Introduce a complementary product and highlight rewards, benefits and spending value",Priority 3,0.6555939567259647,True,Discover Rewards Credit Card,An option selected with your needs in mind,Explore Rewards Credit Card and discover how it may complement your financial needs.,Explore Rewards Credit Card,Fallback,Explore Rewards Credit Card for your financial needs,Discover another option for your financial journey,"Based on your banking relationship, explore Rewards Credit Card and see how it may complement your existing financial needs.",Explore Rewards Credit Card,Have you explored Rewards Credit Card?,Consider adding Rewards Credit Card to your financial plans,Take the next step and learn more about Rewards Credit Card. Review the available information to see whether it fits your financial needs.,Learn More,Benefit-Focused,Action-Focused,A/B,Benefit-Focused,Action-Focused,56.86796430307134,14.71645153582023,A,Benefit-Focused,42.151512767251106,High,3,Model-Based A/B Evaluation,Estimated model-based performance; not based on actual customer engagement data.
C000280,Core Active,Core Relationship Customer,Moderate Risk,Moderate Cross-Sell Opportunity,Priority 4,P003,Rewards Credit Card,0.3900483102740432,0.0,spending and transaction patterns support a rewards credit card; strong digital affinity,Cross-Sell,"Introduce a complementary product and highlight rewards, benefits and spending value",Priority 4,0.3900483102740432,True,Discover Rewards Credit Card,An option selected with your needs in mind,Explore Rewards Credit Card and discover how it may complement your financial needs.,Explore Rewards Credit Card,Fallback,Explore Rewards Credit Card for your financial needs,Discover another option for your financial journey,"Based on your banking relationship, explore Rewards Credit Card and see how it may complement your existing financial needs.",Explore Rewards Credit Card,Have you explored Rewards Credit Card?,Consider adding Rewards Credit Card to your financial plans,Take the next step and learn more about Rewards Credit Card. Review the available information to see whether it fits your financial needs.,Learn More,Benefit-Focused,Action-Focused,A/B,Benefit-Focused,Action-Focused,50.36523149558718,8.755613128959753,A,Benefit-Focused,41.60961836662743,High,3,Model-Based A/B Evaluation,Estimated model-based performance; not based on actual customer engagement data.
C000281,Core Active,Core Relationship Customer,Low Risk,Moderate Cross-Sell Opportunity,Priority 3,P008,Premium Banking,0.4473880746650464,0.0,customer profile supports premium banking services; positive response to previous recommendations,Cross-Sell,Introduce a complementary product and highlight premium services and exclusive benefits,Priority 3,0.4473880746650464,True,Discover Premium Banking,An option selected with your needs in mind,Explore Premium Banking and discover how it may complement your financial needs.,Explore Premium Banking,Fallback,Explore Premium Banking for your financial needs,Discover another option for your financial journey,"Based on your banking relationship, explore Premium Banking and see how it may complement your existing financial needs.",Explore Premium Banking,Have you explored Premium Banking?,Consider adding Premium Banking to your financial plans,Take the next step and learn more about Premium Banking. Review the available information to see whether it fits your financial needs.,Learn More,Benefit-Focused,Action-Focused,A/B,Benefit-Focused,Action-Focused,51.76937866222618,10.042748031712174,A,Benefit-Focused,41.72663063051401,High,3,Model-Based A/B Evaluation,Estimated model-based performance; not based on actual customer engagement data.
C000282,Premium High-Value,Premium Digital Customer,Moderate Risk,Moderate Cross-Sell Opportunity,Priority 2,P008,Premium Banking,0.7577973313206848,0.0,customer profile supports premium banking services; strong digital affinity; strong segment fit,Cross-Sell,Introduce a complementary product and highlight premium services and exclusive benefits,Priority 2,0.7577973313206848,True,Discover Premium Banking,An option selected with your needs in mind,Explore Premium Banking and discover how it may complement your financial needs.,Explore Premium Banking,Fallback,Explore Premium Banking for your financial needs,Discover another option for your financial journey,"Based on your banking relationship, explore Premium Banking and see how it may complement your existing financial needs.",Explore Premium Banking,Have you explored Premium Banking?,Consider adding Premium Banking to your financial plans,Take the next step and learn more about Premium Banking. Review the available information to see whether it fits your financial needs.,Learn More,Benefit-Focused,Action-Focused,A/B,Benefit-Focused,Action-Focused,59.37074017566698,17.01066275236623,A,Benefit-Focused,42.36007742330075,High,3,Model-Based A/B Evaluation,Estimated model-based performance; not based on actual customer engagement data.
C000283,Premium High-Value,Premium Digital Customer,Low Risk,High Cross-Sell Opportunity,Priority 2,P008,Premium Banking,0.8256570573942225,0.0,customer profile supports premium banking services; strong account balance; strong digital affinity,Cross-Sell,Introduce a complementary product and highlight premium services and exclusive benefits,Priority 2,0.8256570573942225,True,Discover Premium Banking,An option selected with your needs in mind,Explore Premium Banking and discover how it may complement your financial needs.,Explore Premium Banking,Fallback,Explore Premium Banking for your financial needs,Discover another option for your financial journey,"Based on your banking relationship, explore Premium Banking and see how it may complement your existing financial needs.",Explore Premium Banking,Have you explored Premium Banking?,Consider adding Premium Banking to your financial plans,Take the next step and learn more about Premium Banking. Review the available information to see whether it fits your financial needs.,Learn More,Benefit-Focused,Action-Focused,A/B,Benefit-Focused,Action-Focused,61.0325021851043,18.53394459435045,A,Benefit-Focused,42.49855759075385,High,3,Model-Based A/B Evaluation,Estimated model-based performance; not based on actual customer engagement data.
C000284,Core Active,Core Relationship Customer,High Risk,Low Cross-Sell Opportunity,Priority 4,P008,Premium Banking,0.2597231008066562,0.0,customer profile supports premium banking services,Retention,Strengthen the customer relationship while highlight premium services and exclusive benefits,Priority 4,0.2597231008066562,True,Discover more value with Premium Banking,Benefits designed around your banking needs,Explore Premium Banking and discover an option designed to support your evolving financial needs.,Explore Premium Banking,Fallback,Discover more value with Premium Banking,More value for your banking journey,Explore Premium Banking and discover an option that may complement your evolving financial needs.,Explore Premium Banking,Keep exploring your options with Premium Banking,Consider your next banking opportunity,Take a closer look at Premium Banking and consider whether it could be a suitable addition to your financial plans.,Learn More,Benefit-Focused,Action-Focused,A/B,Benefit-Focused,Action-Focused,87.98745626452758,5.830136758493294,A,Benefit-Focused,82.15731950603428,High,3,Model-Based A/B Evaluation,Estimated model-based performance; not based on actual customer engagement data.
C000285,Premium High-Value,Premium Digital Customer,Low Risk,Moderate Cross-Sell Opportunity,Priority 3,P008,Premium Banking,0.6990369093962276,0.0,customer profile supports premium banking services; high transaction activity; strong digital affinity,Cross-Sell,Introduce a complementary product and highlight premium services and exclusive benefits,Priority 3,0.6990369093962276,True,Discover Premium Banking,An option selected with your needs in mind,Explore Premium Banking and discover how it may complement your financial needs.,Explore Premium Banking,Fallback,Explore Premium Banking for your financial needs,Discover another option for your financial journey,"Based on your banking relationship, explore Premium Banking and see how it may complement your existing financial needs.",Explore Premium Banking,Have you explored Premium Banking?,Consider adding Premium Banking to your financial plans,Take the next step and learn more about Premium Banking. Review the available information to see whether it fits your financial needs.,Learn More,Benefit-Focused,Action-Focused,A/B,Benefit-Focused,Action-Focused,57.93180367440913,15.69163762621321,A,Benefit-Focused,42.240166048195924,High,2,Model-Based A/B Evaluation,Estimated model-based performance; not based on actual customer engagement data.
C000286,Premium High-Value,Premium Digital Customer,Low Risk,Moderate Cross-Sell Opportunity,Priority 2,P008,Premium Banking,0.6948514047184746,0.0,customer profile supports premium banking services; high transaction activity; strong digital affinity,Cross-Sell,Introduce a complementary product and highlight premium services and exclusive benefits,Priority 2,0.6948514047184746,True,Discover Premium Banking,An option selected with your needs in mind,Explore Premium Banking and discover how it may complement your financial needs.,Explore Premium Banking,Fallback,Explore Premium Banking for your financial needs,Discover another option for your financial journey,"Based on your banking relationship, explore Premium Banking and see how it may complement your existing financial needs.",Explore Premium Banking,Have you explored Premium Banking?,Consider adding Premium Banking to your financial plans,Take the next step and learn more about Premium Banking. Review the available information to see whether it fits your financial needs.,Learn More,Benefit-Focused,Action-Focused,A/B,Benefit-Focused,Action-Focused,57.82930823173265,15.597683470426432,A,Benefit-Focused,42.231624761306215,High,2,Model-Based A/B Evaluation,Estimated model-based performance; not based on actual customer engagement data.
C000287,Premium High-Value,Premium Relationship Customer,High Risk,Moderate Cross-Sell Opportunity,Priority 3,P004,Personal Loan,0.5866580374205086,0.0,financial capacity and transaction activity support borrowing needs; high transaction activity; strong segment fit,Retention,Strengthen the customer relationship while highlight flexible financing and convenience,Priority 3,0.5866580374205086,True,Discover more value with Personal Loan,Benefits designed around your banking needs,Explore Personal Loan and discover an option designed to support your evolving financial needs.,Explore Personal Loan,Fallback,Discover more value with Personal Loan,More value for your banking journey,Explore Personal Loan and discover an option that may complement your evolving financial needs.,Explore Personal Loan,Keep exploring your options with Personal Loan,Consider your next banking opportunity,Take a closer look at Personal Loan and consider whether it could be a suitable addition to your financial plans.,Learn More,Benefit-Focused,Action-Focused,A/B,Benefit-Focused,Action-Focused,95.99350180373236,13.16901183609766,A,Benefit-Focused,82.82448996763469,High,3,Model-Based A/B Evaluation,Estimated model-based performance; not based on actual customer engagement data.
C000288,Core Active,Core Relationship Customer,Critical Risk,Low Cross-Sell Opportunity,Priority 3,P007,Term Insurance,0.3629933970762685,0.0,customer profile indicates potential protection needs; strong digital affinity,Retention,Strengthen the customer relationship while highlight financial protection and security,Priority 3,0.3629933970762685,True,Discover more value with Term Insurance,Benefits designed around your banking needs,Explore Term Insurance and discover an option designed to support your evolving financial needs.,Explore Term Insurance,Fallback,Discover more value with Term Insurance,More value for your banking journey,Explore Term Insurance and discover an option that may complement your evolving financial needs.,Explore Term Insurance,Keep exploring your options with Term Insurance,Consider your next banking opportunity,Take a closer look at Term Insurance and consider whether it could be a suitable addition to your financial plans.,Learn More,Benefit-Focused,Action-Focused,A/B,Benefit-Focused,Action-Focused,90.51635912007714,8.148297709413718,A,Benefit-Focused,82.36806141066342,High,3,Model-Based A/B Evaluation,Estimated model-based performance; not based on actual customer engagement data.
C000289,At Risk,At-Risk Declining Customer,Critical Risk,Low Cross-Sell Opportunity,Priority 3,P007,Term Insurance,0.2527658021896412,0.0,customer profile indicates potential protection needs,Retention,Strengthen the customer relationship while highlight financial protection and security,Priority 3,0.2527658021896412,True,Discover more value with Term Insurance,Benefits designed around your banking needs,Explore Term Insurance and discover an option designed to support your evolving financial needs.,Explore Term Insurance,Fallback,Discover more value with Term Insurance,More value for your banking journey,Explore Term Insurance and discover an option that may complement your evolving financial needs.,Explore Term Insurance,Keep exploring your options with Term Insurance,Consider your next banking opportunity,Take a closer look at Term Insurance and consider whether it could be a suitable addition to your financial plans.,Learn More,Benefit-Focused,Action-Focused,A/B,Benefit-Focused,Action-Focused,87.81708459934376,5.673962732074791,A,Benefit-Focused,82.14312186726897,High,3,Model-Based A/B Evaluation,Estimated model-based performance; not based on actual customer engagement data.
C000290,Core Active,Core Relationship Customer,High Risk,Moderate Cross-Sell Opportunity,Priority 3,P003,Rewards Credit Card,0.343659713871306,0.0,spending and transaction patterns support a rewards credit card,Retention,"Strengthen the customer relationship while highlight rewards, benefits and spending value",Priority 3,0.343659713871306,True,Discover more value with Rewards Credit Card,Benefits designed around your banking needs,Explore Rewards Credit Card and discover an option designed to support your evolving financial needs.,Explore Rewards Credit Card,Fallback,Discover more value with Rewards Credit Card,More value for your banking journey,Explore Rewards Credit Card and discover an option that may complement your evolving financial needs.,Explore Rewards Credit Card,Keep exploring your options with Rewards Credit Card,Consider your next banking opportunity,Take a closer look at Rewards Credit Card and consider whether it could be a suitable addition to your financial plans.,Learn More,Benefit-Focused,Action-Focused,A/B,Benefit-Focused,Action-Focused,90.04291217132749,7.714304673059874,A,Benefit-Focused,82.32860749826762,High,3,Model-Based A/B Evaluation,Estimated model-based performance; not based on actual customer engagement data.
C000291,Core Active,Core Relationship Customer,Low Risk,Moderate Cross-Sell Opportunity,Priority 3,P007,Term Insurance,0.3729234389938725,0.0,customer profile indicates potential protection needs,Cross-Sell,Introduce a complementary product and highlight financial protection and security,Priority 3,0.3729234389938725,True,Discover Term Insurance,An option selected with your needs in mind,Explore Term Insurance and discover how it may complement your financial needs.,Explore Term Insurance,Fallback,Explore Term Insurance for your financial needs,Discover another option for your financial journey,"Based on your banking relationship, explore Term Insurance and see how it may complement your existing financial needs.",Explore Term Insurance,Have you explored Term Insurance?,Consider adding Term Insurance to your financial plans,Take the next step and learn more about Term Insurance. Review the available information to see whether it fits your financial needs.,Learn More,Benefit-Focused,Action-Focused,A/B,Benefit-Focused,Action-Focused,49.94587435761327,8.371202419150336,A,Benefit-Focused,41.574671938462934,High,3,Model-Based A/B Evaluation,Estimated model-based performance; not based on actual customer engagement data.
C000292,Premium High-Value,Premium Relationship Customer,Moderate Risk,Moderate Cross-Sell Opportunity,Priority 3,P003,Rewards Credit Card,0.5815023247475196,0.0,spending and transaction patterns support a rewards credit card; strong segment fit,Cross-Sell,"Introduce a complementary product and highlight rewards, benefits and spending value",Priority 3,0.5815023247475196,True,Discover Rewards Credit Card,An option selected with your needs in mind,Explore Rewards Credit Card and discover how it may complement your financial needs.,Explore Rewards Credit Card,Fallback,Explore Rewards Credit Card for your financial needs,Discover another option for your financial journey,"Based on your banking relationship, explore Rewards Credit Card and see how it may complement your existing financial needs.",Explore Rewards Credit Card,Have you explored Rewards Credit Card?,Consider adding Rewards Credit Card to your financial plans,Take the next step and learn more about Rewards Credit Card. Review the available information to see whether it fits your financial needs.,Learn More,Benefit-Focused,Action-Focused,A/B,Benefit-Focused,Action-Focused,55.053594184548196,13.053278927174016,A,Benefit-Focused,42.00031525737418,High,3,Model-Based A/B Evaluation,Estimated model-based performance; not based on actual customer engagement data.
C000293,Premium High-Value,Premium Relationship Customer,Moderate Risk,Moderate Cross-Sell Opportunity,Priority 2,P004,Personal Loan,0.6656008401341488,0.0,financial capacity and transaction activity support borrowing needs; high transaction activity; strong segment fit,Cross-Sell,Introduce a complementary product and highlight flexible financing and convenience,Priority 2,0.6656008401341488,True,Discover Personal Loan,An option selected with your needs in mind,Explore Personal Loan and discover how it may complement your financial needs.,Explore Personal Loan,Fallback,Explore Personal Loan for your financial needs,Discover another option for your financial journey,"Based on your banking relationship, explore Personal Loan and see how it may complement your existing financial needs.",Explore Personal Loan,Have you explored Personal Loan?,Consider adding Personal Loan to your financial plans,Take the next step and learn more about Personal Loan. Review the available information to see whether it fits your financial needs.,Learn More,Benefit-Focused,Action-Focused,A/B,Benefit-Focused,Action-Focused,57.11301478651374,14.941081145642428,A,Benefit-Focused,42.17193364087131,High,3,Model-Based A/B Evaluation,Estimated model-based performance; not based on actual customer engagement data.
C000294,Premium High-Value,Premium Relationship Customer,Low Risk,Moderate Cross-Sell Opportunity,Priority 2,P003,Rewards Credit Card,0.6403916162928156,0.0,spending and transaction patterns support a rewards credit card; strong segment fit; positive response to previous recommendations,Cross-Sell,"Introduce a complementary product and highlight rewards, benefits and spending value",Priority 2,0.6403916162928156,True,Discover Rewards Credit Card,An option selected with your needs in mind,Explore Rewards Credit Card and discover how it may complement your financial needs.,Explore Rewards Credit Card,Fallback,Explore Rewards Credit Card for your financial needs,Discover another option for your financial journey,"Based on your banking relationship, explore Rewards Credit Card and see how it may complement your existing financial needs.",Explore Rewards Credit Card,Have you explored Rewards Credit Card?,Consider adding Rewards Credit Card to your financial plans,Take the next step and learn more about Rewards Credit Card. Review the available information to see whether it fits your financial needs.,Learn More,Benefit-Focused,Action-Focused,A/B,Benefit-Focused,Action-Focused,56.495686469839825,14.375196855358013,A,Benefit-Focused,42.12048961448181,High,3,Model-Based A/B Evaluation,Estimated model-based performance; not based on actual customer engagement data.
C000295,Core Active,Core Relationship Customer,Low Risk,Moderate Cross-Sell Opportunity,Priority 3,P007,Term Insurance,0.3871309869217228,0.0,customer profile indicates potential protection needs,Cross-Sell,Introduce a complementary product and highlight financial protection and security,Priority 3,0.3871309869217228,True,Discover Term Insurance,An option selected with your needs in mind,Explore Term Insurance and discover how it may complement your financial needs.,Explore Term Insurance,Fallback,Explore Term Insurance for your financial needs,Discover another option for your financial journey,"Based on your banking relationship, explore Term Insurance and see how it may complement your existing financial needs.",Explore Term Insurance,Have you explored Term Insurance?,Consider adding Term Insurance to your financial plans,Take the next step and learn more about Term Insurance. Review the available information to see whether it fits your financial needs.,Learn More,Benefit-Focused,Action-Focused,A/B,Benefit-Focused,Action-Focused,50.29379152085347,8.690126485453847,A,Benefit-Focused,41.60366503539962,High,3,Model-Based A/B Evaluation,Estimated model-based performance; not based on actual customer engagement data.
C000296,Premium High-Value,Premium Digital Customer,Low Risk,Moderate Cross-Sell Opportunity,Priority 2,P003,Rewards Credit Card,0.8664568264217462,0.0,spending and transaction patterns support a rewards credit card; strong income profile; high transaction activity,Cross-Sell,"Introduce a complementary product and highlight rewards, benefits and spending value",Priority 2,0.8664568264217462,True,Discover Rewards Credit Card,An option selected with your needs in mind,Explore Rewards Credit Card and discover how it may complement your financial needs.,Explore Rewards Credit Card,Fallback,Explore Rewards Credit Card for your financial needs,Discover another option for your financial journey,"Based on your banking relationship, explore Rewards Credit Card and see how it may complement your existing financial needs.",Explore Rewards Credit Card,Have you explored Rewards Credit Card?,Consider adding Rewards Credit Card to your financial plans,Take the next step and learn more about Rewards Credit Card. Review the available information to see whether it fits your financial needs.,Learn More,Benefit-Focused,Action-Focused,A/B,Benefit-Focused,Action-Focused,62.031614767584884,19.44979779495765,A,Benefit-Focused,42.58181697262724,High,3,Model-Based A/B Evaluation,Estimated model-based performance; not based on actual customer engagement data.
C000297,Premium High-Value,Premium Digital Customer,Low Risk,Moderate Cross-Sell Opportunity,Priority 2,P008,Premium Banking,0.6865122233334713,0.0,customer profile supports premium banking services; high transaction activity; strong digital affinity,Cross-Sell,Introduce a complementary product and highlight premium services and exclusive benefits,Priority 2,0.6865122233334713,True,Discover Premium Banking,An option selected with your needs in mind,Explore Premium Banking and discover how it may complement your financial needs.,Explore Premium Banking,Fallback,Explore Premium Banking for your financial needs,Discover another option for your financial journey,"Based on your banking relationship, explore Premium Banking and see how it may complement your existing financial needs.",Explore Premium Banking,Have you explored Premium Banking?,Consider adding Premium Banking to your financial plans,Take the next step and learn more about Premium Banking. Review the available information to see whether it fits your financial needs.,Learn More,Benefit-Focused,Action-Focused,A/B,Benefit-Focused,Action-Focused,57.6250967558362,15.410489617521359,A,Benefit-Focused,42.21460713831485,High,3,Model-Based A/B Evaluation,Estimated model-based performance; not based on actual customer engagement data.
C000298,Dormant / Declining,Dormant Reactivation Target,Critical Risk,Low Cross-Sell Opportunity,Priority 3,P007,Term Insurance,0.2224686026940347,0.0,customer profile indicates potential protection needs,Retention,Strengthen the customer relationship while highlight financial protection and security,Priority 3,0.2224686026940347,True,Discover more value with Term Insurance,Benefits designed around your banking needs,Explore Term Insurance and discover an option designed to support your evolving financial needs.,Explore Term Insurance,Fallback,Discover more value with Term Insurance,More value for your banking journey,Explore Term Insurance and discover an option that may complement your evolving financial needs.,Explore Term Insurance,Keep exploring your options with Term Insurance,Consider your next banking opportunity,Take a closer look at Term Insurance and consider whether it could be a suitable addition to your financial plans.,Learn More,Benefit-Focused,Action-Focused,A/B,Benefit-Focused,Action-Focused,87.07516095733578,4.993866060234145,A,Benefit-Focused,82.08129489710164,High,3,Model-Based A/B Evaluation,Estimated model-based performance; not based on actual customer engagement data.
C000299,Core Active,Core Relationship Customer,Low Risk,Moderate Cross-Sell Opportunity,Priority 3,P004,Personal Loan,0.43147568899165,0.0,financial capacity and transaction activity support borrowing needs,Cross-Sell,Introduce a complementary product and highlight flexible financing and convenience,Priority 3,0.43147568899165,True,Discover Personal Loan,An option selected with your needs in mind,Explore Personal Loan and discover how it may complement your financial needs.,Explore Personal Loan,Fallback,Explore Personal Loan for your financial needs,Discover another option for your financial journey,"Based on your banking relationship, explore Personal Loan and see how it may complement your existing financial needs.",Explore Personal Loan,Have you explored Personal Loan?,Consider adding Personal Loan to your financial plans,Take the next step and learn more about Personal Loan. Review the available information to see whether it fits your financial needs.,Learn More,Benefit-Focused,Action-Focused,A/B,Benefit-Focused,Action-Focused,51.37971310473617,9.68555460401299,A,Benefit-Focused,41.69415850072318,High,3,Model-Based A/B Evaluation,Estimated model-based performance; not based on actual customer engagement data.
C000300,Core Active,Core Relationship Customer,Low Risk,Moderate Cross-Sell Opportunity,Priority 3,P003,Rewards Credit Card,0.4117094076755058,0.0,spending and transaction patterns support a rewards credit card,Cross-Sell,"Introduce a complementary product and highlight rewards, benefits and spending value",Priority 3,0.4117094076755058,True,Discover Rewards Credit Card,An option selected with your needs in mind,Explore Rewards Credit Card and discover how it may complement your financial needs.,Explore Rewards Credit Card,Fallback,Explore Rewards Credit Card for your financial needs,Discover another option for your financial journey,"Based on your banking relationship, explore Rewards Credit Card and see how it may complement your existing financial needs.",Explore Rewards Credit Card,Have you explored Rewards Credit Card?,Consider adding Rewards Credit Card to your financial plans,Take the next step and learn more about Rewards Credit Card. Review the available information to see whether it fits your financial needs.,Learn More,Benefit-Focused,Action-Focused,A/B,Benefit-Focused,Action-Focused,50.89567261032827,9.241850817472418,A,Benefit-Focused,41.65382179285585,High,3,Model-Based A/B Evaluation,Estimated model-based performance; not based on actual customer engagement data.
C000301,Core Active,Core Relationship Customer,Moderate Risk,Moderate Cross-Sell Opportunity,Priority 2,P003,Rewards Credit Card,0.4016993629667089,0.0,spending and transaction patterns support a rewards credit card,Cross-Sell,"Introduce a complementary product and highlight rewards, benefits and spending value",Priority 2,0.4016993629667089,True,Discover Rewards Credit Card,An option selected with your needs in mind,Explore Rewards Credit Card and discover how it may complement your financial needs.,Explore Rewards Credit Card,Fallback,Explore Rewards Credit Card for your financial needs,Discover another option for your financial journey,"Based on your banking relationship, explore Rewards Credit Card and see how it may complement your existing financial needs.",Explore Rewards Credit Card,Have you explored Rewards Credit Card?,Consider adding Rewards Credit Card to your financial plans,Take the next step and learn more about Rewards Credit Card. Review the available information to see whether it fits your financial needs.,Learn More,Benefit-Focused,Action-Focused,A/B,Benefit-Focused,Action-Focused,50.65054471234911,9.017150244324856,A,Benefit-Focused,41.63339446802425,High,3,Model-Based A/B Evaluation,Estimated model-based performance; not based on actual customer engagement data.
C000302,Core Active,Core Relationship Customer,Low Risk,Moderate Cross-Sell Opportunity,Priority 3,P008,Premium Banking,0.3740812429971863,0.0,customer profile supports premium banking services,Cross-Sell,Introduce a complementary product and highlight premium services and exclusive benefits,Priority 3,0.3740812429971863,True,Discover Premium Banking,An option selected with your needs in mind,Explore Premium Banking and discover how it may complement your financial needs.,Explore Premium Banking,Fallback,Explore Premium Banking for your financial needs,Discover another option for your financial journey,"Based on your banking relationship, explore Premium Banking and see how it may complement your existing financial needs.",Explore Premium Banking,Have you explored Premium Banking?,Consider adding Premium Banking to your financial plans,Take the next step and learn more about Premium Banking. Review the available information to see whether it fits your financial needs.,Learn More,Benefit-Focused,Action-Focused,A/B,Benefit-Focused,Action-Focused,49.97422688448608,8.397192235450412,A,Benefit-Focused,41.57703464903567,High,3,Model-Based A/B Evaluation,Estimated model-based performance; not based on actual customer engagement data.
C000303,Core Active,Core Digital Customer,Moderate Risk,Moderate Cross-Sell Opportunity,Priority 3,P008,Premium Banking,0.4532277247052512,0.0,customer profile supports premium banking services; positive response to previous recommendations,Cross-Sell,Introduce a complementary product and highlight premium services and exclusive benefits,Priority 3,0.4532277247052512,True,Discover Premium Banking,An option selected with your needs in mind,Explore Premium Banking and discover how it may complement your financial needs.,Explore Premium Banking,Fallback,Explore Premium Banking for your financial needs,Discover another option for your financial journey,"Based on your banking relationship, explore Premium Banking and see how it may complement your existing financial needs.",Explore Premium Banking,Have you explored Premium Banking?,Consider adding Premium Banking to your financial plans,Take the next step and learn more about Premium Banking. Review the available information to see whether it fits your financial needs.,Learn More,Benefit-Focused,Action-Focused,A/B,Benefit-Focused,Action-Focused,51.91238113433616,10.173833631146318,A,Benefit-Focused,41.73854750318984,High,3,Model-Based A/B Evaluation,Estimated model-based performance; not based on actual customer engagement data.
C000304,Core Active,Core Relationship Customer,Moderate Risk,Moderate Cross-Sell Opportunity,Priority 3,P004,Personal Loan,0.4356088871640138,0.0,financial capacity and transaction activity support borrowing needs,Cross-Sell,Introduce a complementary product and highlight flexible financing and convenience,Priority 3,0.4356088871640138,True,Discover Personal Loan,An option selected with your needs in mind,Explore Personal Loan and discover how it may complement your financial needs.,Explore Personal Loan,Fallback,Explore Personal Loan for your financial needs,Discover another option for your financial journey,"Based on your banking relationship, explore Personal Loan and see how it may complement your existing financial needs.",Explore Personal Loan,Have you explored Personal Loan?,Consider adding Personal Loan to your financial plans,Take the next step and learn more about Personal Loan. Review the available information to see whether it fits your financial needs.,Learn More,Benefit-Focused,Action-Focused,A/B,Benefit-Focused,Action-Focused,51.48092765565945,9.778334609025997,A,Benefit-Focused,41.70259304663345,High,3,Model-Based A/B Evaluation,Estimated model-based performance; not based on actual customer engagement data.
C000305,At Risk,At-Risk Engagement Customer,Critical Risk,Low Cross-Sell Opportunity,Priority 4,P007,Term Insurance,0.233366303609193,0.0,customer profile indicates potential protection needs,Retention,Strengthen the customer relationship while highlight financial protection and security,Priority 4,0.233366303609193,True,Discover more value with Term Insurance,Benefits designed around your banking needs,Explore Term Insurance and discover an option designed to support your evolving financial needs.,Explore Term Insurance,Fallback,Discover more value with Term Insurance,More value for your banking journey,Explore Term Insurance and discover an option that may complement your evolving financial needs.,Explore Term Insurance,Keep exploring your options with Term Insurance,Consider your next banking opportunity,Take a closer look at Term Insurance and consider whether it could be a suitable addition to your financial plans.,Learn More,Benefit-Focused,Action-Focused,A/B,Benefit-Focused,Action-Focused,87.34202595103466,5.238492304458094,A,Benefit-Focused,82.10353364657657,High,3,Model-Based A/B Evaluation,Estimated model-based performance; not based on actual customer engagement data.
C000306,Core Active,Core Relationship Customer,High Risk,Low Cross-Sell Opportunity,Priority 3,P003,Rewards Credit Card,0.4388072072136762,0.0,spending and transaction patterns support a rewards credit card; positive response to previous recommendations,Retention,"Strengthen the customer relationship while highlight rewards, benefits and spending value",Priority 3,0.4388072072136762,True,Discover more value with Rewards Credit Card,Benefits designed around your banking needs,Explore Rewards Credit Card and discover an option designed to support your evolving financial needs.,Explore Rewards Credit Card,Fallback,Discover more value with Rewards Credit Card,More value for your banking journey,Explore Rewards Credit Card and discover an option that may complement your evolving financial needs.,Explore Rewards Credit Card,Keep exploring your options with Rewards Credit Card,Consider your next banking opportunity,Take a closer look at Rewards Credit Card and consider whether it could be a suitable addition to your financial plans.,Learn More,Benefit-Focused,Action-Focused,A/B,Benefit-Focused,Action-Focused,92.37290226822532,9.850128928549557,A,Benefit-Focused,82.52277333967577,High,3,Model-Based A/B Evaluation,Estimated model-based performance; not based on actual customer engagement data.
C000307,Premium High-Value,Premium Relationship Customer,Low Risk,Moderate Cross-Sell Opportunity,Priority 2,P003,Rewards Credit Card,0.6548955002146819,0.0,spending and transaction patterns support a rewards credit card; high transaction activity; strong segment fit,Cross-Sell,"Introduce a complementary product and highlight rewards, benefits and spending value",Priority 2,0.6548955002146819,True,Discover Rewards Credit Card,An option selected with your needs in mind,Explore Rewards Credit Card and discover how it may complement your financial needs.,Explore Rewards Credit Card,Fallback,Explore Rewards Credit Card for your financial needs,Discover another option for your financial journey,"Based on your banking relationship, explore Rewards Credit Card and see how it may complement your existing financial needs.",Explore Rewards Credit Card,Have you explored Rewards Credit Card?,Consider adding Rewards Credit Card to your financial plans,Take the next step and learn more about Rewards Credit Card. Review the available information to see whether it fits your financial needs.,Learn More,Benefit-Focused,Action-Focused,A/B,Benefit-Focused,Action-Focused,56.850860365834166,14.70077292668615,A,Benefit-Focused,42.15008743914802,High,2,Model-Based A/B Evaluation,Estimated model-based performance; not based on actual customer engagement data.
C000308,At Risk,At-Risk Declining Customer,Critical Risk,Low Cross-Sell Opportunity,Priority 4,P007,Term Insurance,0.2197865328394299,0.0,customer profile indicates potential protection needs,Retention,Strengthen the customer relationship while highlight financial protection and security,Priority 4,0.2197865328394299,True,Discover more value with Term Insurance,Benefits designed around your banking needs,Explore Term Insurance and discover an option designed to support your evolving financial needs.,Explore Term Insurance,Fallback,Discover more value with Term Insurance,More value for your banking journey,Explore Term Insurance and discover an option that may complement your evolving financial needs.,Explore Term Insurance,Keep exploring your options with Term Insurance,Consider your next banking opportunity,Take a closer look at Term Insurance and consider whether it could be a suitable addition to your financial plans.,Learn More,Benefit-Focused,Action-Focused,A/B,Benefit-Focused,Action-Focused,87.00948191545152,4.933660271840226,A,Benefit-Focused,82.07582164361129,High,3,Model-Based A/B Evaluation,Estimated model-based performance; not based on actual customer engagement data.
C000309,Dormant / Declining,Dormant Reactivation Target,Critical Risk,Moderate Cross-Sell Opportunity,Priority 3,P007,Term Insurance,0.2394467817329182,0.0,customer profile indicates potential protection needs,Retention,Strengthen the customer relationship while highlight financial protection and security,Priority 3,0.2394467817329182,True,Discover more value with Term Insurance,Benefits designed around your banking needs,Explore Term Insurance and discover an option designed to support your evolving financial needs.,Explore Term Insurance,Fallback,Discover more value with Term Insurance,More value for your banking journey,Explore Term Insurance and discover an option that may complement your evolving financial needs.,Explore Term Insurance,Keep exploring your options with Term Insurance,Consider your next banking opportunity,Take a closer look at Term Insurance and consider whether it could be a suitable addition to your financial plans.,Learn More,Benefit-Focused,Action-Focused,A/B,Benefit-Focused,Action-Focused,87.49092586752224,5.37498389457173,A,Benefit-Focused,82.11594197295051,High,3,Model-Based A/B Evaluation,Estimated model-based performance; not based on actual customer engagement data.
C000310,Dormant / Declining,Dormant Reactivation Target,Critical Risk,Low Cross-Sell Opportunity,Priority 4,P007,Term Insurance,0.1389677170589641,0.0,customer profile indicates potential protection needs,Retention,Strengthen the customer relationship while highlight financial protection and security,Priority 4,0.1389677170589641,True,Discover more value with Term Insurance,Benefits designed around your banking needs,Explore Term Insurance and discover an option designed to support your evolving financial needs.,Explore Term Insurance,Fallback,Discover more value with Term Insurance,More value for your banking journey,Explore Term Insurance and discover an option that may complement your evolving financial needs.,Explore Term Insurance,Keep exploring your options with Term Insurance,Consider your next banking opportunity,Take a closer look at Term Insurance and consider whether it could be a suitable addition to your financial plans.,Learn More,Benefit-Focused,Action-Focused,A/B,Benefit-Focused,Action-Focused,85.03037522754427,3.119479141258575,A,Benefit-Focused,81.91089608628569,High,3,Model-Based A/B Evaluation,Estimated model-based performance; not based on actual customer engagement data.
C000311,Core Active,Core Relationship Customer,Moderate Risk,Moderate Cross-Sell Opportunity,Priority 3,P003,Rewards Credit Card,0.4226500372428509,0.0,spending and transaction patterns support a rewards credit card,Cross-Sell,"Introduce a complementary product and highlight rewards, benefits and spending value",Priority 3,0.4226500372428509,True,Discover Rewards Credit Card,An option selected with your needs in mind,Explore Rewards Credit Card and discover how it may complement your financial needs.,Explore Rewards Credit Card,Fallback,Explore Rewards Credit Card for your financial needs,Discover another option for your financial journey,"Based on your banking relationship, explore Rewards Credit Card and see how it may complement your existing financial needs.",Explore Rewards Credit Card,Have you explored Rewards Credit Card?,Consider adding Rewards Credit Card to your financial plans,Take the next step and learn more about Rewards Credit Card. Review the available information to see whether it fits your financial needs.,Learn More,Benefit-Focused,Action-Focused,A/B,Benefit-Focused,Action-Focused,51.16358884910942,9.4874407030218,A,Benefit-Focused,41.67614814608763,High,3,Model-Based A/B Evaluation,Estimated model-based performance; not based on actual customer engagement data.
C000312,Premium High-Value,Premium Digital Customer,Low Risk,Moderate Cross-Sell Opportunity,Priority 2,P003,Rewards Credit Card,0.7911909896897531,0.0,spending and transaction patterns support a rewards credit card; high transaction activity; strong digital affinity,Cross-Sell,"Introduce a complementary product and highlight rewards, benefits and spending value",Priority 2,0.7911909896897531,True,Discover Rewards Credit Card,An option selected with your needs in mind,Explore Rewards Credit Card and discover how it may complement your financial needs.,Explore Rewards Credit Card,Fallback,Explore Rewards Credit Card for your financial needs,Discover another option for your financial journey,"Based on your banking relationship, explore Rewards Credit Card and see how it may complement your existing financial needs.",Explore Rewards Credit Card,Have you explored Rewards Credit Card?,Consider adding Rewards Credit Card to your financial plans,Take the next step and learn more about Rewards Credit Card. Review the available information to see whether it fits your financial needs.,Learn More,Benefit-Focused,Action-Focused,A/B,Benefit-Focused,Action-Focused,60.18849049746626,17.760267214015574,A,Benefit-Focused,42.42822328345069,High,3,Model-Based A/B Evaluation,Estimated model-based performance; not based on actual customer engagement data.
C000313,Premium High-Value,Premium Relationship Customer,Low Risk,Moderate Cross-Sell Opportunity,Priority 3,P004,Personal Loan,0.6063943028594077,0.0,financial capacity and transaction activity support borrowing needs; strong digital affinity; strong segment fit,Cross-Sell,Introduce a complementary product and highlight flexible financing and convenience,Priority 3,0.6063943028594077,True,Discover Personal Loan,An option selected with your needs in mind,Explore Personal Loan and discover how it may complement your financial needs.,Explore Personal Loan,Fallback,Explore Personal Loan for your financial needs,Discover another option for your financial journey,"Based on your banking relationship, explore Personal Loan and see how it may complement your existing financial needs.",Explore Personal Loan,Have you explored Personal Loan?,Consider adding Personal Loan to your financial plans,Take the next step and learn more about Personal Loan. Review the available information to see whether it fits your financial needs.,Learn More,Benefit-Focused,Action-Focused,A/B,Benefit-Focused,Action-Focused,55.66315372684956,13.612041840950262,A,Benefit-Focused,42.051111885899296,High,3,Model-Based A/B Evaluation,Estimated model-based performance; not based on actual customer engagement data.
C000314,Core Active,Core Relationship Customer,High Risk,Moderate Cross-Sell Opportunity,Priority 3,P008,Premium Banking,0.4380265469339218,0.0,customer profile supports premium banking services; strong digital affinity,Retention,Strengthen the customer relationship while highlight premium services and exclusive benefits,Priority 3,0.4380265469339218,True,Discover more value with Premium Banking,Benefits designed around your banking needs,Explore Premium Banking and discover an option designed to support your evolving financial needs.,Explore Premium Banking,Fallback,Discover more value with Premium Banking,More value for your banking journey,Explore Premium Banking and discover an option that may complement your evolving financial needs.,Explore Premium Banking,Keep exploring your options with Premium Banking,Consider your next banking opportunity,Take a closer look at Premium Banking and consider whether it could be a suitable addition to your financial plans.,Learn More,Benefit-Focused,Action-Focused,A/B,Benefit-Focused,Action-Focused,92.35378530931266,9.832605049546281,A,Benefit-Focused,82.52118025976637,High,2,Model-Based A/B Evaluation,Estimated model-based performance; not based on actual customer engagement data.
C000315,Core Active,Core Relationship Customer,Low Risk,Moderate Cross-Sell Opportunity,Priority 3,P003,Rewards Credit Card,0.3861587895456597,0.0,spending and transaction patterns support a rewards credit card,Cross-Sell,"Introduce a complementary product and highlight rewards, benefits and spending value",Priority 3,0.3861587895456597,True,Discover Rewards Credit Card,An option selected with your needs in mind,Explore Rewards Credit Card and discover how it may complement your financial needs.,Explore Rewards Credit Card,Fallback,Explore Rewards Credit Card for your financial needs,Discover another option for your financial journey,"Based on your banking relationship, explore Rewards Credit Card and see how it may complement your existing financial needs.",Explore Rewards Credit Card,Have you explored Rewards Credit Card?,Consider adding Rewards Credit Card to your financial plans,Take the next step and learn more about Rewards Credit Card. Review the available information to see whether it fits your financial needs.,Learn More,Benefit-Focused,Action-Focused,A/B,Benefit-Focused,Action-Focused,50.2699841647279,8.668303075672075,A,Benefit-Focused,41.60168108905583,High,3,Model-Based A/B Evaluation,Estimated model-based performance; not based on actual customer engagement data.
C000316,Core Active,Core Relationship Customer,Moderate Risk,Moderate Cross-Sell Opportunity,Priority 3,P008,Premium Banking,0.3589627702512218,0.0,customer profile supports premium banking services,Cross-Sell,Introduce a complementary product and highlight premium services and exclusive benefits,Priority 3,0.3589627702512218,True,Discover Premium Banking,An option selected with your needs in mind,Explore Premium Banking and discover how it may complement your financial needs.,Explore Premium Banking,Fallback,Explore Premium Banking for your financial needs,Discover another option for your financial journey,"Based on your banking relationship, explore Premium Banking and see how it may complement your existing financial needs.",Explore Premium Banking,Have you explored Premium Banking?,Consider adding Premium Banking to your financial plans,Take the next step and learn more about Premium Banking. Review the available information to see whether it fits your financial needs.,Learn More,Benefit-Focused,Action-Focused,A/B,Benefit-Focused,Action-Focused,49.604002819291175,8.057820175688418,A,Benefit-Focused,41.546182643602755,High,3,Model-Based A/B Evaluation,Estimated model-based performance; not based on actual customer engagement data.
C000317,Core Active,Core Relationship Customer,Moderate Risk,Moderate Cross-Sell Opportunity,Priority 3,P004,Personal Loan,0.4204509897657995,0.0,financial capacity and transaction activity support borrowing needs,Cross-Sell,Introduce a complementary product and highlight flexible financing and convenience,Priority 3,0.4204509897657995,True,Discover Personal Loan,An option selected with your needs in mind,Explore Personal Loan and discover how it may complement your financial needs.,Explore Personal Loan,Fallback,Explore Personal Loan for your financial needs,Discover another option for your financial journey,"Based on your banking relationship, explore Personal Loan and see how it may complement your existing financial needs.",Explore Personal Loan,Have you explored Personal Loan?,Consider adding Personal Loan to your financial plans,Take the next step and learn more about Personal Loan. Review the available information to see whether it fits your financial needs.,Learn More,Benefit-Focused,Action-Focused,A/B,Benefit-Focused,Action-Focused,51.1097381520059,9.438077564010253,A,Benefit-Focused,41.671660587995646,High,3,Model-Based A/B Evaluation,Estimated model-based performance; not based on actual customer engagement data.
C000318,Core Active,Core Relationship Customer,Moderate Risk,Moderate Cross-Sell Opportunity,Priority 3,P003,Rewards Credit Card,0.4785115936831441,0.0,spending and transaction patterns support a rewards credit card; positive response to previous recommendations,Cross-Sell,"Introduce a complementary product and highlight rewards, benefits and spending value",Priority 3,0.4785115936831441,True,Discover Rewards Credit Card,An option selected with your needs in mind,Explore Rewards Credit Card and discover how it may complement your financial needs.,Explore Rewards Credit Card,Fallback,Explore Rewards Credit Card for your financial needs,Discover another option for your financial journey,"Based on your banking relationship, explore Rewards Credit Card and see how it may complement your existing financial needs.",Explore Rewards Credit Card,Have you explored Rewards Credit Card?,Consider adding Rewards Credit Card to your financial plans,Take the next step and learn more about Rewards Credit Card. Review the available information to see whether it fits your financial needs.,Learn More,Benefit-Focused,Action-Focused,A/B,Benefit-Focused,Action-Focused,52.531537375455116,10.741393518838693,A,Benefit-Focused,41.790143856616425,High,3,Model-Based A/B Evaluation,Estimated model-based performance; not based on actual customer engagement data.
C000319,Core Active,Core Relationship Customer,Low Risk,Moderate Cross-Sell Opportunity,Priority 3,P003,Rewards Credit Card,0.3918686267498568,0.0,spending and transaction patterns support a rewards credit card,Cross-Sell,"Introduce a complementary product and highlight rewards, benefits and spending value",Priority 3,0.3918686267498568,True,Discover Rewards Credit Card,An option selected with your needs in mind,Explore Rewards Credit Card and discover how it may complement your financial needs.,Explore Rewards Credit Card,Fallback,Explore Rewards Credit Card for your financial needs,Discover another option for your financial journey,"Based on your banking relationship, explore Rewards Credit Card and see how it may complement your existing financial needs.",Explore Rewards Credit Card,Have you explored Rewards Credit Card?,Consider adding Rewards Credit Card to your financial plans,Take the next step and learn more about Rewards Credit Card. Review the available information to see whether it fits your financial needs.,Learn More,Benefit-Focused,Action-Focused,A/B,Benefit-Focused,Action-Focused,50.40980775516981,8.796474700243827,A,Benefit-Focused,41.61333305492598,High,3,Model-Based A/B Evaluation,Estimated model-based performance; not based on actual customer engagement data.
C000320,Core Active,Core Relationship Customer,Moderate Risk,Low Cross-Sell Opportunity,Priority 3,P006,Mutual Fund Plan,0.3607634644567689,0.0,financial capacity indicates potential for investment products; positive response to previous recommendations,Engagement,Highlight wealth creation and investment potential,Priority 3,0.3607634644567689,True,Explore Mutual Fund Plan,A financial option worth exploring,Take a closer look at Mutual Fund Plan and see how it could complement your banking needs.,Learn More,Fallback,Discover Mutual Fund Plan,An option worth exploring,Explore Mutual Fund Plan and learn how it may complement your financial needs.,Learn More,See what Mutual Fund Plan can offer,Take a closer look at Mutual Fund Plan,Learn more about Mutual Fund Plan and consider whether it could complement your financial needs.,Learn More,Benefit-Focused,Action-Focused,A/B,Benefit-Focused,Action-Focused,8.834445028227652,89.72554834931934,B,Action-Focused,80.89110332109169,High,3,Model-Based A/B Evaluation,Estimated model-based performance; not based on actual customer engagement data.
C000321,At Risk,At-Risk Engagement Customer,Critical Risk,Low Cross-Sell Opportunity,Priority 3,P007,Term Insurance,0.2282432276799951,0.0,customer profile indicates potential protection needs,Retention,Strengthen the customer relationship while highlight financial protection and security,Priority 3,0.2282432276799951,True,Discover more value with Term Insurance,Benefits designed around your banking needs,Explore Term Insurance and discover an option designed to support your evolving financial needs.,Explore Term Insurance,Fallback,Discover more value with Term Insurance,More value for your banking journey,Explore Term Insurance and discover an option that may complement your evolving financial needs.,Explore Term Insurance,Keep exploring your options with Term Insurance,Consider your next banking opportunity,Take a closer look at Term Insurance and consider whether it could be a suitable addition to your financial plans.,Learn More,Benefit-Focused,Action-Focused,A/B,Benefit-Focused,Action-Focused,87.21657108342468,5.123492009148962,A,Benefit-Focused,82.09307907427572,High,3,Model-Based A/B Evaluation,Estimated model-based performance; not based on actual customer engagement data.
C000322,Core Active,Core Relationship Customer,Moderate Risk,Moderate Cross-Sell Opportunity,Priority 2,P008,Premium Banking,0.4212587212657134,0.0,customer profile supports premium banking services,Cross-Sell,Introduce a complementary product and highlight premium services and exclusive benefits,Priority 2,0.4212587212657134,True,Discover Premium Banking,An option selected with your needs in mind,Explore Premium Banking and discover how it may complement your financial needs.,Explore Premium Banking,Fallback,Explore Premium Banking for your financial needs,Discover another option for your financial journey,"Based on your banking relationship, explore Premium Banking and see how it may complement your existing financial needs.",Explore Premium Banking,Have you explored Premium Banking?,Consider adding Premium Banking to your financial plans,Take the next step and learn more about Premium Banking. Review the available information to see whether it fits your financial needs.,Learn More,Benefit-Focused,Action-Focused,A/B,Benefit-Focused,Action-Focused,51.129518036158814,9.456209124483754,A,Benefit-Focused,41.67330891167506,High,3,Model-Based A/B Evaluation,Estimated model-based performance; not based on actual customer engagement data.
C000323,Core Active,Core Relationship Customer,High Risk,Low Cross-Sell Opportunity,Priority 4,P008,Premium Banking,0.2974401886973841,0.0,customer profile supports premium banking services,Retention,Strengthen the customer relationship while highlight premium services and exclusive benefits,Priority 4,0.2974401886973841,True,Discover more value with Premium Banking,Benefits designed around your banking needs,Explore Premium Banking and discover an option designed to support your evolving financial needs.,Explore Premium Banking,Fallback,Discover more value with Premium Banking,More value for your banking journey,Explore Premium Banking and discover an option that may complement your evolving financial needs.,Explore Premium Banking,Keep exploring your options with Premium Banking,Consider your next banking opportunity,Take a closer look at Premium Banking and consider whether it could be a suitable addition to your financial plans.,Learn More,Benefit-Focused,Action-Focused,A/B,Benefit-Focused,Action-Focused,88.91107955907934,6.676791445165736,A,Benefit-Focused,82.2342881139136,High,3,Model-Based A/B Evaluation,Estimated model-based performance; not based on actual customer engagement data.
C000324,Premium High-Value,Premium Relationship Customer,High Risk,Moderate Cross-Sell Opportunity,Priority 3,P004,Personal Loan,0.6200454157557918,0.0,financial capacity and transaction activity support borrowing needs; strong segment fit,Retention,Strengthen the customer relationship while highlight flexible financing and convenience,Priority 3,0.6200454157557918,True,Discover more value with Personal Loan,Benefits designed around your banking needs,Explore Personal Loan and discover an option designed to support your evolving financial needs.,Explore Personal Loan,Fallback,Discover more value with Personal Loan,More value for your banking journey,Explore Personal Loan and discover an option that may complement your evolving financial needs.,Explore Personal Loan,Keep exploring your options with Personal Loan,Consider your next banking opportunity,Take a closer look at Personal Loan and consider whether it could be a suitable addition to your financial plans.,Learn More,Benefit-Focused,Action-Focused,A/B,Benefit-Focused,Action-Focused,96.81109833885776,13.918475326629299,A,Benefit-Focused,82.89262301222846,High,3,Model-Based A/B Evaluation,Estimated model-based performance; not based on actual customer engagement data.
C000325,Premium High-Value,Premium Digital Customer,Moderate Risk,Moderate Cross-Sell Opportunity,Priority 2,P003,Rewards Credit Card,0.6394439919957248,0.0,spending and transaction patterns support a rewards credit card; high transaction activity; strong digital affinity,Cross-Sell,"Introduce a complementary product and highlight rewards, benefits and spending value",Priority 2,0.6394439919957248,True,Discover Rewards Credit Card,An option selected with your needs in mind,Explore Rewards Credit Card and discover how it may complement your financial needs.,Explore Rewards Credit Card,Fallback,Explore Rewards Credit Card for your financial needs,Discover another option for your financial journey,"Based on your banking relationship, explore Rewards Credit Card and see how it may complement your existing financial needs.",Explore Rewards Credit Card,Have you explored Rewards Credit Card?,Consider adding Rewards Credit Card to your financial plans,Take the next step and learn more about Rewards Credit Card. Review the available information to see whether it fits your financial needs.,Learn More,Benefit-Focused,Action-Focused,A/B,Benefit-Focused,Action-Focused,56.472480863993155,14.353925049998569,A,Benefit-Focused,42.11855581399459,High,3,Model-Based A/B Evaluation,Estimated model-based performance; not based on actual customer engagement data.
C000326,Premium High-Value,Premium Relationship Customer,Moderate Risk,Moderate Cross-Sell Opportunity,Priority 2,P008,Premium Banking,0.5770202748479517,0.0,customer profile supports premium banking services; strong segment fit,Cross-Sell,Introduce a complementary product and highlight premium services and exclusive benefits,Priority 2,0.5770202748479517,True,Discover Premium Banking,An option selected with your needs in mind,Explore Premium Banking and discover how it may complement your financial needs.,Explore Premium Banking,Fallback,Explore Premium Banking for your financial needs,Discover another option for your financial journey,"Based on your banking relationship, explore Premium Banking and see how it may complement your existing financial needs.",Explore Premium Banking,Have you explored Premium Banking?,Consider adding Premium Banking to your financial plans,Take the next step and learn more about Premium Banking. Review the available information to see whether it fits your financial needs.,Learn More,Benefit-Focused,Action-Focused,A/B,Benefit-Focused,Action-Focused,54.94383688550704,12.952668069719623,A,Benefit-Focused,41.99116881578742,High,3,Model-Based A/B Evaluation,Estimated model-based performance; not based on actual customer engagement data.
C000327,Core Active,Core Relationship Customer,Low Risk,Moderate Cross-Sell Opportunity,Priority 3,P008,Premium Banking,0.4210645552183597,0.0,customer profile supports premium banking services,Cross-Sell,Introduce a complementary product and highlight premium services and exclusive benefits,Priority 3,0.4210645552183597,True,Discover Premium Banking,An option selected with your needs in mind,Explore Premium Banking and discover how it may complement your financial needs.,Explore Premium Banking,Fallback,Explore Premium Banking for your financial needs,Discover another option for your financial journey,"Based on your banking relationship, explore Premium Banking and see how it may complement your existing financial needs.",Explore Premium Banking,Have you explored Premium Banking?,Consider adding Premium Banking to your financial plans,Take the next step and learn more about Premium Banking. Review the available information to see whether it fits your financial needs.,Learn More,Benefit-Focused,Action-Focused,A/B,Benefit-Focused,Action-Focused,51.124763260687644,9.451850580301846,A,Benefit-Focused,41.6729126803858,High,3,Model-Based A/B Evaluation,Estimated model-based performance; not based on actual customer engagement data.
C000328,Core Active,Core Relationship Customer,Moderate Risk,Moderate Cross-Sell Opportunity,Priority 3,P008,Premium Banking,0.4027206747102803,0.0,customer profile supports premium banking services,Cross-Sell,Introduce a complementary product and highlight premium services and exclusive benefits,Priority 3,0.4027206747102803,True,Discover Premium Banking,An option selected with your needs in mind,Explore Premium Banking and discover how it may complement your financial needs.,Explore Premium Banking,Fallback,Explore Premium Banking for your financial needs,Discover another option for your financial journey,"Based on your banking relationship, explore Premium Banking and see how it may complement your existing financial needs.",Explore Premium Banking,Have you explored Premium Banking?,Consider adding Premium Banking to your financial plans,Take the next step and learn more about Premium Banking. Review the available information to see whether it fits your financial needs.,Learn More,Benefit-Focused,Action-Focused,A/B,Benefit-Focused,Action-Focused,50.67555479054218,9.040076149335166,A,Benefit-Focused,41.635478641207015,High,3,Model-Based A/B Evaluation,Estimated model-based performance; not based on actual customer engagement data.
C000329,Core Active,Core Relationship Customer,Low Risk,Moderate Cross-Sell Opportunity,Priority 3,P003,Rewards Credit Card,0.4286068102932798,0.0,spending and transaction patterns support a rewards credit card,Cross-Sell,"Introduce a complementary product and highlight rewards, benefits and spending value",Priority 3,0.4286068102932798,True,Discover Rewards Credit Card,An option selected with your needs in mind,Explore Rewards Credit Card and discover how it may complement your financial needs.,Explore Rewards Credit Card,Fallback,Explore Rewards Credit Card for your financial needs,Discover another option for your financial journey,"Based on your banking relationship, explore Rewards Credit Card and see how it may complement your existing financial needs.",Explore Rewards Credit Card,Have you explored Rewards Credit Card?,Consider adding Rewards Credit Card to your financial plans,Take the next step and learn more about Rewards Credit Card. Review the available information to see whether it fits your financial needs.,Learn More,Benefit-Focused,Action-Focused,A/B,Benefit-Focused,Action-Focused,51.309459451995664,9.6211554223342,A,Benefit-Focused,41.68830402966147,High,3,Model-Based A/B Evaluation,Estimated model-based performance; not based on actual customer engagement data.
C000330,Core Active,Core Digital Customer,Moderate Risk,Moderate Cross-Sell Opportunity,Priority 2,P003,Rewards Credit Card,0.4868916586450388,0.0,spending and transaction patterns support a rewards credit card; strong digital affinity,Cross-Sell,"Introduce a complementary product and highlight rewards, benefits and spending value",Priority 2,0.4868916586450388,True,Discover Rewards Credit Card,An option selected with your needs in mind,Explore Rewards Credit Card and discover how it may complement your financial needs.,Explore Rewards Credit Card,Fallback,Explore Rewards Credit Card for your financial needs,Discover another option for your financial journey,"Based on your banking relationship, explore Rewards Credit Card and see how it may complement your existing financial needs.",Explore Rewards Credit Card,Have you explored Rewards Credit Card?,Consider adding Rewards Credit Card to your financial plans,Take the next step and learn more about Rewards Credit Card. Review the available information to see whether it fits your financial needs.,Learn More,Benefit-Focused,Action-Focused,A/B,Benefit-Focused,Action-Focused,52.73675001623711,10.929505106222189,A,Benefit-Focused,41.80724491001492,High,3,Model-Based A/B Evaluation,Estimated model-based performance; not based on actual customer engagement data.
C000331,Core Active,Core Relationship Customer,Moderate Risk,Moderate Cross-Sell Opportunity,Priority 3,P003,Rewards Credit Card,0.4077187858050647,0.0,spending and transaction patterns support a rewards credit card,Cross-Sell,"Introduce a complementary product and highlight rewards, benefits and spending value",Priority 3,0.4077187858050647,True,Discover Rewards Credit Card,An option selected with your needs in mind,Explore Rewards Credit Card and discover how it may complement your financial needs.,Explore Rewards Credit Card,Fallback,Explore Rewards Credit Card for your financial needs,Discover another option for your financial journey,"Based on your banking relationship, explore Rewards Credit Card and see how it may complement your existing financial needs.",Explore Rewards Credit Card,Have you explored Rewards Credit Card?,Consider adding Rewards Credit Card to your financial plans,Take the next step and learn more about Rewards Credit Card. Review the available information to see whether it fits your financial needs.,Learn More,Benefit-Focused,Action-Focused,A/B,Benefit-Focused,Action-Focused,50.797949495278516,9.152271295343484,A,Benefit-Focused,41.645678199935034,High,3,Model-Based A/B Evaluation,Estimated model-based performance; not based on actual customer engagement data.
C000332,At Risk,At-Risk Engagement Customer,Critical Risk,Low Cross-Sell Opportunity,Priority 4,P007,Term Insurance,0.2521185930675028,0.0,customer profile indicates potential protection needs,Retention,Strengthen the customer relationship while highlight financial protection and security,Priority 4,0.2521185930675028,True,Discover more value with Term Insurance,Benefits designed around your banking needs,Explore Term Insurance and discover an option designed to support your evolving financial needs.,Explore Term Insurance,Fallback,Discover more value with Term Insurance,More value for your banking journey,Explore Term Insurance and discover an option that may complement your evolving financial needs.,Explore Term Insurance,Keep exploring your options with Term Insurance,Consider your next banking opportunity,Take a closer look at Term Insurance and consider whether it could be a suitable addition to your financial plans.,Learn More,Benefit-Focused,Action-Focused,A/B,Benefit-Focused,Action-Focused,87.80123561801771,5.659434499192573,A,Benefit-Focused,82.14180111882514,High,3,Model-Based A/B Evaluation,Estimated model-based performance; not based on actual customer engagement data.
C000333,Premium High-Value,Premium Digital Customer,Low Risk,Moderate Cross-Sell Opportunity,Priority 3,P008,Premium Banking,0.5754652181605152,0.0,customer profile supports premium banking services; strong digital affinity; strong segment fit,Cross-Sell,Introduce a complementary product and highlight premium services and exclusive benefits,Priority 3,0.5754652181605152,True,Discover Premium Banking,An option selected with your needs in mind,Explore Premium Banking and discover how it may complement your financial needs.,Explore Premium Banking,Fallback,Explore Premium Banking for your financial needs,Discover another option for your financial journey,"Based on your banking relationship, explore Premium Banking and see how it may complement your existing financial needs.",Explore Premium Banking,Have you explored Premium Banking?,Consider adding Premium Banking to your financial plans,Take the next step and learn more about Premium Banking. Review the available information to see whether it fits your financial needs.,Learn More,Benefit-Focused,Action-Focused,A/B,Benefit-Focused,Action-Focused,54.90575635858443,12.917760920040575,A,Benefit-Focused,41.98799543854386,High,3,Model-Based A/B Evaluation,Estimated model-based performance; not based on actual customer engagement data.
C000334,Core Active,Core Relationship Customer,High Risk,Moderate Cross-Sell Opportunity,Priority 3,P003,Rewards Credit Card,0.4356474565836813,0.0,spending and transaction patterns support a rewards credit card; positive response to previous recommendations,Retention,"Strengthen the customer relationship while highlight rewards, benefits and spending value",Priority 3,0.4356474565836813,True,Discover more value with Rewards Credit Card,Benefits designed around your banking needs,Explore Rewards Credit Card and discover an option designed to support your evolving financial needs.,Explore Rewards Credit Card,Fallback,Discover more value with Rewards Credit Card,More value for your banking journey,Explore Rewards Credit Card and discover an option that may complement your evolving financial needs.,Explore Rewards Credit Card,Keep exploring your options with Rewards Credit Card,Consider your next banking opportunity,Take a closer look at Rewards Credit Card and consider whether it could be a suitable addition to your financial plans.,Learn More,Benefit-Focused,Action-Focused,A/B,Benefit-Focused,Action-Focused,92.29552568774028,9.779200396438279,A,Benefit-Focused,82.516325291302,High,3,Model-Based A/B Evaluation,Estimated model-based performance; not based on actual customer engagement data.
C000335,Core Active,Core Relationship Customer,Critical Risk,Low Cross-Sell Opportunity,Priority 4,P008,Premium Banking,0.3107322720548993,0.0,customer profile supports premium banking services,Retention,Strengthen the customer relationship while highlight premium services and exclusive benefits,Priority 4,0.3107322720548993,True,Discover more value with Premium Banking,Benefits designed around your banking needs,Explore Premium Banking and discover an option designed to support your evolving financial needs.,Explore Premium Banking,Fallback,Discover more value with Premium Banking,More value for your banking journey,Explore Premium Banking and discover an option that may complement your evolving financial needs.,Explore Premium Banking,Keep exploring your options with Premium Banking,Consider your next banking opportunity,Take a closer look at Premium Banking and consider whether it could be a suitable addition to your financial plans.,Learn More,Benefit-Focused,Action-Focused,A/B,Benefit-Focused,Action-Focused,89.23657865004026,6.975165611879906,A,Benefit-Focused,82.26141303816036,High,3,Model-Based A/B Evaluation,Estimated model-based performance; not based on actual customer engagement data.
C000336,Core Active,Core Digital Customer,Moderate Risk,Moderate Cross-Sell Opportunity,Priority 3,P003,Rewards Credit Card,0.4461033455527489,0.0,spending and transaction patterns support a rewards credit card; strong digital affinity,Cross-Sell,"Introduce a complementary product and highlight rewards, benefits and spending value",Priority 3,0.4461033455527489,True,Discover Rewards Credit Card,An option selected with your needs in mind,Explore Rewards Credit Card and discover how it may complement your financial needs.,Explore Rewards Credit Card,Fallback,Explore Rewards Credit Card for your financial needs,Discover another option for your financial journey,"Based on your banking relationship, explore Rewards Credit Card and see how it may complement your existing financial needs.",Explore Rewards Credit Card,Have you explored Rewards Credit Card?,Consider adding Rewards Credit Card to your financial plans,Take the next step and learn more about Rewards Credit Card. Review the available information to see whether it fits your financial needs.,Learn More,Benefit-Focused,Action-Focused,A/B,Benefit-Focused,Action-Focused,51.737917968899474,10.013909062829356,A,Benefit-Focused,41.72400890607012,High,3,Model-Based A/B Evaluation,Estimated model-based performance; not based on actual customer engagement data.
C000337,Core Active,Core Relationship Customer,Low Risk,Moderate Cross-Sell Opportunity,Priority 2,P004,Personal Loan,0.392902203951097,0.0,financial capacity and transaction activity support borrowing needs,Cross-Sell,Introduce a complementary product and highlight flexible financing and convenience,Priority 2,0.392902203951097,True,Discover Personal Loan,An option selected with your needs in mind,Explore Personal Loan and discover how it may complement your financial needs.,Explore Personal Loan,Fallback,Explore Personal Loan for your financial needs,Discover another option for your financial journey,"Based on your banking relationship, explore Personal Loan and see how it may complement your existing financial needs.",Explore Personal Loan,Have you explored Personal Loan?,Consider adding Personal Loan to your financial plans,Take the next step and learn more about Personal Loan. Review the available information to see whether it fits your financial needs.,Learn More,Benefit-Focused,Action-Focused,A/B,Benefit-Focused,Action-Focused,50.43511819224673,8.819675934231007,A,Benefit-Focused,41.615442258015726,High,3,Model-Based A/B Evaluation,Estimated model-based performance; not based on actual customer engagement data.
C000338,Premium High-Value,Premium Digital Customer,Low Risk,Moderate Cross-Sell Opportunity,Priority 2,P008,Premium Banking,0.6369404789811708,0.0,customer profile supports premium banking services; strong digital affinity; strong segment fit,Cross-Sell,Introduce a complementary product and highlight premium services and exclusive benefits,Priority 2,0.6369404789811708,True,Discover Premium Banking,An option selected with your needs in mind,Explore Premium Banking and discover how it may complement your financial needs.,Explore Premium Banking,Fallback,Explore Premium Banking for your financial needs,Discover another option for your financial journey,"Based on your banking relationship, explore Premium Banking and see how it may complement your existing financial needs.",Explore Premium Banking,Have you explored Premium Banking?,Consider adding Premium Banking to your financial plans,Take the next step and learn more about Premium Banking. Review the available information to see whether it fits your financial needs.,Learn More,Benefit-Focused,Action-Focused,A/B,Benefit-Focused,Action-Focused,56.411174356312756,14.297727417958198,A,Benefit-Focused,42.113446938354556,High,3,Model-Based A/B Evaluation,Estimated model-based performance; not based on actual customer engagement data.
C000339,Core Active,Core Relationship Customer,Low Risk,Moderate Cross-Sell Opportunity,Priority 2,P003,Rewards Credit Card,0.5387331847022951,0.0,spending and transaction patterns support a rewards credit card; strong digital affinity,Cross-Sell,"Introduce a complementary product and highlight rewards, benefits and spending value",Priority 2,0.5387331847022951,True,Discover Rewards Credit Card,An option selected with your needs in mind,Explore Rewards Credit Card and discover how it may complement your financial needs.,Explore Rewards Credit Card,Fallback,Explore Rewards Credit Card for your financial needs,Discover another option for your financial journey,"Based on your banking relationship, explore Rewards Credit Card and see how it may complement your existing financial needs.",Explore Rewards Credit Card,Have you explored Rewards Credit Card?,Consider adding Rewards Credit Card to your financial plans,Take the next step and learn more about Rewards Credit Card. Review the available information to see whether it fits your financial needs.,Learn More,Benefit-Focused,Action-Focused,A/B,Benefit-Focused,Action-Focused,54.00625526622659,12.093218252045885,A,Benefit-Focused,41.9130370141807,High,3,Model-Based A/B Evaluation,Estimated model-based performance; not based on actual customer engagement data.
C000340,Core Active,Core Relationship Customer,High Risk,Moderate Cross-Sell Opportunity,Priority 3,P008,Premium Banking,0.3098611714234006,0.0,customer profile supports premium banking services,Retention,Strengthen the customer relationship while highlight premium services and exclusive benefits,Priority 3,0.3098611714234006,True,Discover more value with Premium Banking,Benefits designed around your banking needs,Explore Premium Banking and discover an option designed to support your evolving financial needs.,Explore Premium Banking,Fallback,Discover more value with Premium Banking,More value for your banking journey,Explore Premium Banking and discover an option that may complement your evolving financial needs.,Explore Premium Banking,Keep exploring your options with Premium Banking,Consider your next banking opportunity,Take a closer look at Premium Banking and consider whether it could be a suitable addition to your financial plans.,Learn More,Benefit-Focused,Action-Focused,A/B,Benefit-Focused,Action-Focused,89.21524697041849,6.955611572226622,A,Benefit-Focused,82.25963539819188,High,3,Model-Based A/B Evaluation,Estimated model-based performance; not based on actual customer engagement data.
C000341,Core Active,Core Relationship Customer,Moderate Risk,Moderate Cross-Sell Opportunity,Priority 3,P008,Premium Banking,0.3992435000912424,0.0,customer profile supports premium banking services,Cross-Sell,Introduce a complementary product and highlight premium services and exclusive benefits,Priority 3,0.3992435000912424,True,Discover Premium Banking,An option selected with your needs in mind,Explore Premium Banking and discover how it may complement your financial needs.,Explore Premium Banking,Fallback,Explore Premium Banking for your financial needs,Discover another option for your financial journey,"Based on your banking relationship, explore Premium Banking and see how it may complement your existing financial needs.",Explore Premium Banking,Have you explored Premium Banking?,Consider adding Premium Banking to your financial plans,Take the next step and learn more about Premium Banking. Review the available information to see whether it fits your financial needs.,Learn More,Benefit-Focused,Action-Focused,A/B,Benefit-Focused,Action-Focused,50.59040507042931,8.962022239231713,A,Benefit-Focused,41.6283828311976,High,3,Model-Based A/B Evaluation,Estimated model-based performance; not based on actual customer engagement data.
C000342,Premium High-Value,Premium Relationship Customer,High Risk,Moderate Cross-Sell Opportunity,Priority 2,P008,Premium Banking,0.7502674282772072,0.0,customer profile supports premium banking services; strong income profile; high spending activity,Retention,Strengthen the customer relationship while highlight premium services and exclusive benefits,Priority 2,0.7502674282772072,True,Discover more value with Premium Banking,Benefits designed around your banking needs,Explore Premium Banking and discover an option designed to support your evolving financial needs.,Explore Premium Banking,Fallback,Discover more value with Premium Banking,More value for your banking journey,Explore Premium Banking and discover an option that may complement your evolving financial needs.,Explore Premium Banking,Keep exploring your options with Premium Banking,Consider your next banking opportunity,Take a closer look at Premium Banking and consider whether it could be a suitable addition to your financial plans.,Learn More,Benefit-Focused,Action-Focused,A/B,Benefit-Focused,Action-Focused,100.0,16.841635182676345,A,Benefit-Focused,83.15836481732366,High,1,Model-Based A/B Evaluation,Estimated model-based performance; not based on actual customer engagement data.
C000343,Core Active,Core Relationship Customer,Moderate Risk,Moderate Cross-Sell Opportunity,Priority 3,P008,Premium Banking,0.3852938101167823,0.0,customer profile supports premium banking services,Cross-Sell,Introduce a complementary product and highlight premium services and exclusive benefits,Priority 3,0.3852938101167823,True,Discover Premium Banking,An option selected with your needs in mind,Explore Premium Banking and discover how it may complement your financial needs.,Explore Premium Banking,Fallback,Explore Premium Banking for your financial needs,Discover another option for your financial journey,"Based on your banking relationship, explore Premium Banking and see how it may complement your existing financial needs.",Explore Premium Banking,Have you explored Premium Banking?,Consider adding Premium Banking to your financial plans,Take the next step and learn more about Premium Banking. Review the available information to see whether it fits your financial needs.,Learn More,Benefit-Focused,Action-Focused,A/B,Benefit-Focused,Action-Focused,50.24880238229195,8.648886441772447,A,Benefit-Focused,41.5999159405195,High,3,Model-Based A/B Evaluation,Estimated model-based performance; not based on actual customer engagement data.
C000344,Core Active,Core Relationship Customer,High Risk,Low Cross-Sell Opportunity,Priority 3,P003,Rewards Credit Card,0.392005701203284,0.0,spending and transaction patterns support a rewards credit card; strong digital affinity,Retention,"Strengthen the customer relationship while highlight rewards, benefits and spending value",Priority 3,0.392005701203284,True,Discover more value with Rewards Credit Card,Benefits designed around your banking needs,Explore Rewards Credit Card and discover an option designed to support your evolving financial needs.,Explore Rewards Credit Card,Fallback,Discover more value with Rewards Credit Card,More value for your banking journey,Explore Rewards Credit Card and discover an option that may complement your evolving financial needs.,Explore Rewards Credit Card,Keep exploring your options with Rewards Credit Card,Consider your next banking opportunity,Take a closer look at Rewards Credit Card and consider whether it could be a suitable addition to your financial plans.,Learn More,Benefit-Focused,Action-Focused,A/B,Benefit-Focused,Action-Focused,91.22681799744235,8.79955168033183,A,Benefit-Focused,82.42726631711052,High,3,Model-Based A/B Evaluation,Estimated model-based performance; not based on actual customer engagement data.
C000345,Premium High-Value,Premium Relationship Customer,High Risk,Low Cross-Sell Opportunity,Priority 3,P007,Term Insurance,0.4708693316905122,0.0,customer profile indicates potential protection needs; strong segment fit,Retention,Strengthen the customer relationship while highlight financial protection and security,Priority 3,0.4708693316905122,True,Discover more value with Term Insurance,Benefits designed around your banking needs,Explore Term Insurance and discover an option designed to support your evolving financial needs.,Explore Term Insurance,Fallback,Discover more value with Term Insurance,More value for your banking journey,Explore Term Insurance and discover an option that may complement your evolving financial needs.,Explore Term Insurance,Keep exploring your options with Term Insurance,Consider your next banking opportunity,Take a closer look at Term Insurance and consider whether it could be a suitable addition to your financial plans.,Learn More,Benefit-Focused,Action-Focused,A/B,Benefit-Focused,Action-Focused,93.15804573225464,10.56984377057642,A,Benefit-Focused,82.58820196167821,High,3,Model-Based A/B Evaluation,Estimated model-based performance; not based on actual customer engagement data.
C000346,Core Active,Core Digital Customer,High Risk,Low Cross-Sell Opportunity,Priority 3,P008,Premium Banking,0.3778034596947525,0.0,customer profile supports premium banking services; strong digital affinity,Retention,Strengthen the customer relationship while highlight premium services and exclusive benefits,Priority 3,0.3778034596947525,True,Discover more value with Premium Banking,Benefits designed around your banking needs,Explore Premium Banking and discover an option designed to support your evolving financial needs.,Explore Premium Banking,Fallback,Discover more value with Premium Banking,More value for your banking journey,Explore Premium Banking and discover an option that may complement your evolving financial needs.,Explore Premium Banking,Keep exploring your options with Premium Banking,Consider your next banking opportunity,Take a closer look at Premium Banking and consider whether it could be a suitable addition to your financial plans.,Learn More,Benefit-Focused,Action-Focused,A/B,Benefit-Focused,Action-Focused,90.8790307788179,8.480746729926098,A,Benefit-Focused,82.39828404889181,High,3,Model-Based A/B Evaluation,Estimated model-based performance; not based on actual customer engagement data.
C000347,Premium High-Value,Premium Relationship Customer,Low Risk,Moderate Cross-Sell Opportunity,Priority 3,P004,Personal Loan,0.6897614376816392,0.0,financial capacity and transaction activity support borrowing needs; high transaction activity; strong segment fit,Cross-Sell,Introduce a complementary product and highlight flexible financing and convenience,Priority 3,0.6897614376816392,True,Discover Personal Loan,An option selected with your needs in mind,Explore Personal Loan and discover how it may complement your financial needs.,Explore Personal Loan,Fallback,Explore Personal Loan for your financial needs,Discover another option for your financial journey,"Based on your banking relationship, explore Personal Loan and see how it may complement your existing financial needs.",Explore Personal Loan,Have you explored Personal Loan?,Consider adding Personal Loan to your financial plans,Take the next step and learn more about Personal Loan. Review the available information to see whether it fits your financial needs.,Learn More,Benefit-Focused,Action-Focused,A/B,Benefit-Focused,Action-Focused,57.70466414103981,15.483426387291328,A,Benefit-Focused,42.22123775374848,High,3,Model-Based A/B Evaluation,Estimated model-based performance; not based on actual customer engagement data.
C000348,Core Active,Core Relationship Customer,Moderate Risk,Moderate Cross-Sell Opportunity,Priority 3,P003,Rewards Credit Card,0.4719151738572261,0.0,spending and transaction patterns support a rewards credit card; strong digital affinity,Cross-Sell,"Introduce a complementary product and highlight rewards, benefits and spending value",Priority 3,0.4719151738572261,True,Discover Rewards Credit Card,An option selected with your needs in mind,Explore Rewards Credit Card and discover how it may complement your financial needs.,Explore Rewards Credit Card,Fallback,Explore Rewards Credit Card for your financial needs,Discover another option for your financial journey,"Based on your banking relationship, explore Rewards Credit Card and see how it may complement your existing financial needs.",Explore Rewards Credit Card,Have you explored Rewards Credit Card?,Consider adding Rewards Credit Card to your financial plans,Take the next step and learn more about Rewards Credit Card. Review the available information to see whether it fits your financial needs.,Learn More,Benefit-Focused,Action-Focused,A/B,Benefit-Focused,Action-Focused,52.37000297944044,10.593320322491914,A,Benefit-Focused,41.77668265694853,High,3,Model-Based A/B Evaluation,Estimated model-based performance; not based on actual customer engagement data.
C000349,Core Active,Core Relationship Customer,Critical Risk,Low Cross-Sell Opportunity,Priority 4,P008,Premium Banking,0.2644762738865677,0.0,customer profile supports premium banking services,Retention,Strengthen the customer relationship while highlight premium services and exclusive benefits,Priority 4,0.2644762738865677,True,Discover more value with Premium Banking,Benefits designed around your banking needs,Explore Premium Banking and discover an option designed to support your evolving financial needs.,Explore Premium Banking,Fallback,Discover more value with Premium Banking,More value for your banking journey,Explore Premium Banking and discover an option that may complement your evolving financial needs.,Explore Premium Banking,Keep exploring your options with Premium Banking,Consider your next banking opportunity,Take a closer look at Premium Banking and consider whether it could be a suitable addition to your financial plans.,Learn More,Benefit-Focused,Action-Focused,A/B,Benefit-Focused,Action-Focused,88.10385288009773,5.936833656099264,A,Benefit-Focused,82.16701922399847,High,3,Model-Based A/B Evaluation,Estimated model-based performance; not based on actual customer engagement data.
C000350,Core Active,Core Relationship Customer,High Risk,Moderate Cross-Sell Opportunity,Priority 4,P008,Premium Banking,0.2929495774261226,0.0,customer profile supports premium banking services,Retention,Strengthen the customer relationship while highlight premium services and exclusive benefits,Priority 4,0.2929495774261226,True,Discover more value with Premium Banking,Benefits designed around your banking needs,Explore Premium Banking and discover an option designed to support your evolving financial needs.,Explore Premium Banking,Fallback,Discover more value with Premium Banking,More value for your banking journey,Explore Premium Banking and discover an option that may complement your evolving financial needs.,Explore Premium Banking,Keep exploring your options with Premium Banking,Consider your next banking opportunity,Take a closer look at Premium Banking and consider whether it could be a suitable addition to your financial plans.,Learn More,Benefit-Focused,Action-Focused,A/B,Benefit-Focused,Action-Focused,88.80111260752332,6.575988406239386,A,Benefit-Focused,82.22512420128393,High,3,Model-Based A/B Evaluation,Estimated model-based performance; not based on actual customer engagement data.
C000351,Core Active,Core Relationship Customer,Moderate Risk,Moderate Cross-Sell Opportunity,Priority 3,P003,Rewards Credit Card,0.47816214878207,0.0,spending and transaction patterns support a rewards credit card,Cross-Sell,"Introduce a complementary product and highlight rewards, benefits and spending value",Priority 3,0.47816214878207,True,Discover Rewards Credit Card,An option selected with your needs in mind,Explore Rewards Credit Card and discover how it may complement your financial needs.,Explore Rewards Credit Card,Fallback,Explore Rewards Credit Card for your financial needs,Discover another option for your financial journey,"Based on your banking relationship, explore Rewards Credit Card and see how it may complement your existing financial needs.",Explore Rewards Credit Card,Have you explored Rewards Credit Card?,Consider adding Rewards Credit Card to your financial plans,Take the next step and learn more about Rewards Credit Card. Review the available information to see whether it fits your financial needs.,Learn More,Benefit-Focused,Action-Focused,A/B,Benefit-Focused,Action-Focused,52.52298010158155,10.733549351121258,A,Benefit-Focused,41.7894307504603,High,3,Model-Based A/B Evaluation,Estimated model-based performance; not based on actual customer engagement data.
C000352,Core Active,Core Relationship Customer,High Risk,Low Cross-Sell Opportunity,Priority 3,P007,Term Insurance,0.3357018450742405,0.0,customer profile indicates potential protection needs,Retention,Strengthen the customer relationship while highlight financial protection and security,Priority 3,0.3357018450742405,True,Discover more value with Term Insurance,Benefits designed around your banking needs,Explore Term Insurance and discover an option designed to support your evolving financial needs.,Explore Term Insurance,Fallback,Discover more value with Term Insurance,More value for your banking journey,Explore Term Insurance and discover an option that may complement your evolving financial needs.,Explore Term Insurance,Keep exploring your options with Term Insurance,Consider your next banking opportunity,Take a closer look at Term Insurance and consider whether it could be a suitable addition to your financial plans.,Learn More,Benefit-Focused,Action-Focused,A/B,Benefit-Focused,Action-Focused,89.848038351343,7.535670338074107,A,Benefit-Focused,82.3123680132689,High,3,Model-Based A/B Evaluation,Estimated model-based performance; not based on actual customer engagement data.
C000353,Premium High-Value,Premium Digital Customer,Moderate Risk,Moderate Cross-Sell Opportunity,Priority 2,P008,Premium Banking,0.837436359888293,0.0,customer profile supports premium banking services; high transaction activity; strong digital affinity,Cross-Sell,Introduce a complementary product and highlight premium services and exclusive benefits,Priority 2,0.837436359888293,True,Discover Premium Banking,An option selected with your needs in mind,Explore Premium Banking and discover how it may complement your financial needs.,Explore Premium Banking,Fallback,Explore Premium Banking for your financial needs,Discover another option for your financial journey,"Based on your banking relationship, explore Premium Banking and see how it may complement your existing financial needs.",Explore Premium Banking,Have you explored Premium Banking?,Consider adding Premium Banking to your financial plans,Take the next step and learn more about Premium Banking. Review the available information to see whether it fits your financial needs.,Learn More,Benefit-Focused,Action-Focused,A/B,Benefit-Focused,Action-Focused,61.32095600764265,18.798360598343937,A,Benefit-Focused,42.52259540929872,High,3,Model-Based A/B Evaluation,Estimated model-based performance; not based on actual customer engagement data.
C000354,At Risk,At-Risk Engagement Customer,Critical Risk,Low Cross-Sell Opportunity,Priority 4,P007,Term Insurance,0.2002987221466771,0.0,customer profile indicates potential protection needs,Retention,Strengthen the customer relationship while highlight financial protection and security,Priority 4,0.2002987221466771,True,Discover more value with Term Insurance,Benefits designed around your banking needs,Explore Term Insurance and discover an option designed to support your evolving financial needs.,Explore Term Insurance,Fallback,Discover more value with Term Insurance,More value for your banking journey,Explore Term Insurance and discover an option that may complement your evolving financial needs.,Explore Term Insurance,Keep exploring your options with Term Insurance,Consider your next banking opportunity,Take a closer look at Term Insurance and consider whether it could be a suitable addition to your financial plans.,Learn More,Benefit-Focused,Action-Focused,A/B,Benefit-Focused,Action-Focused,86.53226066316955,4.496207457248444,A,Benefit-Focused,82.0360532059211,High,3,Model-Based A/B Evaluation,Estimated model-based performance; not based on actual customer engagement data.
C000355,At Risk,At-Risk Declining Customer,Critical Risk,Moderate Cross-Sell Opportunity,Priority 3,P008,Premium Banking,0.3733865100171095,0.0,customer profile supports premium banking services; strong digital affinity; positive response to previous recommendations,Retention,Strengthen the customer relationship while highlight premium services and exclusive benefits,Priority 3,0.3733865100171095,True,Discover more value with Premium Banking,Benefits designed around your banking needs,Explore Premium Banking and discover an option designed to support your evolving financial needs.,Explore Premium Banking,Fallback,Discover more value with Premium Banking,More value for your banking journey,Explore Premium Banking and discover an option that may complement your evolving financial needs.,Explore Premium Banking,Keep exploring your options with Premium Banking,Consider your next banking opportunity,Take a closer look at Premium Banking and consider whether it could be a suitable addition to your financial plans.,Learn More,Benefit-Focused,Action-Focused,A/B,Benefit-Focused,Action-Focused,90.77086766651844,8.381597210318246,A,Benefit-Focused,82.3892704562002,High,3,Model-Based A/B Evaluation,Estimated model-based performance; not based on actual customer engagement data.
C000356,Premium High-Value,Premium Digital Customer,Low Risk,Moderate Cross-Sell Opportunity,Priority 2,P005,Home Loan,1.0,0.0,financial capacity supports a potential home financing need; strong income profile; strong account balance,Cross-Sell,Introduce a complementary product and highlight long-term home financing value,Priority 2,1.0,True,Discover Home Loan,An option selected with your needs in mind,Explore Home Loan and discover how it may complement your financial needs.,Explore Home Loan,Fallback,Explore Home Loan for your financial needs,Discover another option for your financial journey,"Based on your banking relationship, explore Home Loan and see how it may complement your existing financial needs.",Explore Home Loan,Have you explored Home Loan?,Consider adding Home Loan to your financial plans,Take the next step and learn more about Home Loan. Review the available information to see whether it fits your financial needs.,Learn More,Benefit-Focused,Action-Focused,A/B,Benefit-Focused,Action-Focused,65.3018456587552,22.4475094451971,A,Benefit-Focused,42.8543362135581,High,2,Model-Based A/B Evaluation,Estimated model-based performance; not based on actual customer engagement data.
C000357,Premium High-Value,Premium Relationship Customer,Moderate Risk,Moderate Cross-Sell Opportunity,Priority 3,P004,Personal Loan,0.5183578716708247,0.0,financial capacity and transaction activity support borrowing needs; strong segment fit,Cross-Sell,Introduce a complementary product and highlight flexible financing and convenience,Priority 3,0.5183578716708247,True,Discover Personal Loan,An option selected with your needs in mind,Explore Personal Loan and discover how it may complement your financial needs.,Explore Personal Loan,Fallback,Explore Personal Loan for your financial needs,Discover another option for your financial journey,"Based on your banking relationship, explore Personal Loan and see how it may complement your existing financial needs.",Explore Personal Loan,Have you explored Personal Loan?,Consider adding Personal Loan to your financial plans,Take the next step and learn more about Personal Loan. Review the available information to see whether it fits your financial needs.,Learn More,Benefit-Focused,Action-Focused,A/B,Benefit-Focused,Action-Focused,53.50730068616538,11.635843220323103,A,Benefit-Focused,41.871457465842276,High,3,Model-Based A/B Evaluation,Estimated model-based performance; not based on actual customer engagement data.
C000358,Core Active,Core Relationship Customer,Critical Risk,Moderate Cross-Sell Opportunity,Priority 3,P008,Premium Banking,0.3834178421644457,0.0,customer profile supports premium banking services; strong digital affinity,Retention,Strengthen the customer relationship while highlight premium services and exclusive benefits,Priority 3,0.3834178421644457,True,Discover more value with Premium Banking,Benefits designed around your banking needs,Explore Premium Banking and discover an option designed to support your evolving financial needs.,Explore Premium Banking,Fallback,Discover more value with Premium Banking,More value for your banking journey,Explore Premium Banking and discover an option that may complement your evolving financial needs.,Explore Premium Banking,Keep exploring your options with Premium Banking,Consider your next banking opportunity,Take a closer look at Premium Banking and consider whether it could be a suitable addition to your financial plans.,Learn More,Benefit-Focused,Action-Focused,A/B,Benefit-Focused,Action-Focused,91.01651685538233,8.606775633443487,A,Benefit-Focused,82.40974122193884,High,3,Model-Based A/B Evaluation,Estimated model-based performance; not based on actual customer engagement data.
C000359,Core Active,Core Digital Customer,High Risk,Moderate Cross-Sell Opportunity,Priority 4,P008,Premium Banking,0.3498719794674497,0.0,customer profile supports premium banking services; strong digital affinity,Retention,Strengthen the customer relationship while highlight premium services and exclusive benefits,Priority 4,0.3498719794674497,True,Discover more value with Premium Banking,Benefits designed around your banking needs,Explore Premium Banking and discover an option designed to support your evolving financial needs.,Explore Premium Banking,Fallback,Discover more value with Premium Banking,More value for your banking journey,Explore Premium Banking and discover an option that may complement your evolving financial needs.,Explore Premium Banking,Keep exploring your options with Premium Banking,Consider your next banking opportunity,Take a closer look at Premium Banking and consider whether it could be a suitable addition to your financial plans.,Learn More,Benefit-Focused,Action-Focused,A/B,Benefit-Focused,Action-Focused,90.19503932475895,7.853754563705382,A,Benefit-Focused,82.34128476105357,High,3,Model-Based A/B Evaluation,Estimated model-based performance; not based on actual customer engagement data.
C000360,Core Active,Core Digital Customer,Moderate Risk,Moderate Cross-Sell Opportunity,Priority 3,P003,Rewards Credit Card,0.4329278585261996,0.0,spending and transaction patterns support a rewards credit card; strong digital affinity,Cross-Sell,"Introduce a complementary product and highlight rewards, benefits and spending value",Priority 3,0.4329278585261996,True,Discover Rewards Credit Card,An option selected with your needs in mind,Explore Rewards Credit Card and discover how it may complement your financial needs.,Explore Rewards Credit Card,Fallback,Explore Rewards Credit Card for your financial needs,Discover another option for your financial journey,"Based on your banking relationship, explore Rewards Credit Card and see how it may complement your existing financial needs.",Explore Rewards Credit Card,Have you explored Rewards Credit Card?,Consider adding Rewards Credit Card to your financial plans,Take the next step and learn more about Rewards Credit Card. Review the available information to see whether it fits your financial needs.,Learn More,Benefit-Focused,Action-Focused,A/B,Benefit-Focused,Action-Focused,51.415274111291986,9.718152193355818,A,Benefit-Focused,41.697121917936165,High,3,Model-Based A/B Evaluation,Estimated model-based performance; not based on actual customer engagement data.
C000361,Core Active,Core Relationship Customer,High Risk,Moderate Cross-Sell Opportunity,Priority 4,P003,Rewards Credit Card,0.3779499192355832,0.0,spending and transaction patterns support a rewards credit card; strong digital affinity,Retention,"Strengthen the customer relationship while highlight rewards, benefits and spending value",Priority 4,0.3779499192355832,True,Discover more value with Rewards Credit Card,Benefits designed around your banking needs,Explore Rewards Credit Card and discover an option designed to support your evolving financial needs.,Explore Rewards Credit Card,Fallback,Discover more value with Rewards Credit Card,More value for your banking journey,Explore Rewards Credit Card and discover an option that may complement your evolving financial needs.,Explore Rewards Credit Card,Keep exploring your options with Rewards Credit Card,Consider your next banking opportunity,Take a closer look at Rewards Credit Card and consider whether it could be a suitable addition to your financial plans.,Learn More,Benefit-Focused,Action-Focused,A/B,Benefit-Focused,Action-Focused,90.88261730819187,8.484034381852235,A,Benefit-Focused,82.39858292633963,High,3,Model-Based A/B Evaluation,Estimated model-based performance; not based on actual customer engagement data.
C000362,Premium High-Value,Premium Relationship Customer,Moderate Risk,Moderate Cross-Sell Opportunity,Priority 2,P007,Term Insurance,0.7797333350551411,0.0,customer profile indicates potential protection needs; strong income profile; high transaction activity,Cross-Sell,Introduce a complementary product and highlight financial protection and security,Priority 2,0.7797333350551411,True,Discover Term Insurance,An option selected with your needs in mind,Explore Term Insurance and discover how it may complement your financial needs.,Explore Term Insurance,Fallback,Explore Term Insurance for your financial needs,Discover another option for your financial journey,"Based on your banking relationship, explore Term Insurance and see how it may complement your existing financial needs.",Explore Term Insurance,Have you explored Term Insurance?,Consider adding Term Insurance to your financial plans,Take the next step and learn more about Term Insurance. Review the available information to see whether it fits your financial needs.,Learn More,Benefit-Focused,Action-Focused,A/B,Benefit-Focused,Action-Focused,59.907913249505974,17.503071403385313,A,Benefit-Focused,42.40484184612066,High,1,Model-Based A/B Evaluation,Estimated model-based performance; not based on actual customer engagement data.
C000363,Core Active,Core Relationship Customer,Low Risk,Moderate Cross-Sell Opportunity,Priority 3,P003,Rewards Credit Card,0.4821185185939072,0.0,spending and transaction patterns support a rewards credit card,Cross-Sell,"Introduce a complementary product and highlight rewards, benefits and spending value",Priority 3,0.4821185185939072,True,Discover Rewards Credit Card,An option selected with your needs in mind,Explore Rewards Credit Card and discover how it may complement your financial needs.,Explore Rewards Credit Card,Fallback,Explore Rewards Credit Card for your financial needs,Discover another option for your financial journey,"Based on your banking relationship, explore Rewards Credit Card and see how it may complement your existing financial needs.",Explore Rewards Credit Card,Have you explored Rewards Credit Card?,Consider adding Rewards Credit Card to your financial plans,Take the next step and learn more about Rewards Credit Card. Review the available information to see whether it fits your financial needs.,Learn More,Benefit-Focused,Action-Focused,A/B,Benefit-Focused,Action-Focused,52.61986444563963,10.822359999841167,A,Benefit-Focused,41.79750444579846,High,3,Model-Based A/B Evaluation,Estimated model-based performance; not based on actual customer engagement data.
C000364,Core Active,Core Relationship Customer,Moderate Risk,Moderate Cross-Sell Opportunity,Priority 3,P008,Premium Banking,0.4185042395402027,0.0,customer profile supports premium banking services,Cross-Sell,Introduce a complementary product and highlight premium services and exclusive benefits,Priority 3,0.4185042395402027,True,Discover Premium Banking,An option selected with your needs in mind,Explore Premium Banking and discover how it may complement your financial needs.,Explore Premium Banking,Fallback,Explore Premium Banking for your financial needs,Discover another option for your financial journey,"Based on your banking relationship, explore Premium Banking and see how it may complement your existing financial needs.",Explore Premium Banking,Have you explored Premium Banking?,Consider adding Premium Banking to your financial plans,Take the next step and learn more about Premium Banking. Review the available information to see whether it fits your financial needs.,Learn More,Benefit-Focused,Action-Focused,A/B,Benefit-Focused,Action-Focused,51.06206575846788,9.39437786993373,A,Benefit-Focused,41.66768788853415,High,3,Model-Based A/B Evaluation,Estimated model-based performance; not based on actual customer engagement data.
C000365,Core Active,Core Relationship Customer,Critical Risk,Moderate Cross-Sell Opportunity,Priority 3,P008,Premium Banking,0.3940565967449878,0.0,customer profile supports premium banking services,Retention,Strengthen the customer relationship while highlight premium services and exclusive benefits,Priority 3,0.3940565967449878,True,Discover more value with Premium Banking,Benefits designed around your banking needs,Explore Premium Banking and discover an option designed to support your evolving financial needs.,Explore Premium Banking,Fallback,Discover more value with Premium Banking,More value for your banking journey,Explore Premium Banking and discover an option that may complement your evolving financial needs.,Explore Premium Banking,Keep exploring your options with Premium Banking,Consider your next banking opportunity,Take a closer look at Premium Banking and consider whether it could be a suitable addition to your financial plans.,Learn More,Benefit-Focused,Action-Focused,A/B,Benefit-Focused,Action-Focused,91.27704072148983,8.845589177375338,A,Benefit-Focused,82.43145154411448,High,3,Model-Based A/B Evaluation,Estimated model-based performance; not based on actual customer engagement data.
C000366,Core Active,Core Relationship Customer,High Risk,Low Cross-Sell Opportunity,Priority 3,P008,Premium Banking,0.399812742722876,0.0,customer profile supports premium banking services; positive response to previous recommendations,Retention,Strengthen the customer relationship while highlight premium services and exclusive benefits,Priority 3,0.399812742722876,True,Discover more value with Premium Banking,Benefits designed around your banking needs,Explore Premium Banking and discover an option designed to support your evolving financial needs.,Explore Premium Banking,Fallback,Discover more value with Premium Banking,More value for your banking journey,Explore Premium Banking and discover an option that may complement your evolving financial needs.,Explore Premium Banking,Keep exploring your options with Premium Banking,Consider your next banking opportunity,Take a closer look at Premium Banking and consider whether it could be a suitable addition to your financial plans.,Learn More,Benefit-Focused,Action-Focused,A/B,Benefit-Focused,Action-Focused,91.4179983300788,8.974800318581917,A,Benefit-Focused,82.44319801149689,High,2,Model-Based A/B Evaluation,Estimated model-based performance; not based on actual customer engagement data.
C000367,Core Active,Core Digital Customer,Moderate Risk,Moderate Cross-Sell Opportunity,Priority 2,P003,Rewards Credit Card,0.4598446063167881,0.0,spending and transaction patterns support a rewards credit card; strong digital affinity,Cross-Sell,"Introduce a complementary product and highlight rewards, benefits and spending value",Priority 2,0.4598446063167881,True,Discover Rewards Credit Card,An option selected with your needs in mind,Explore Rewards Credit Card and discover how it may complement your financial needs.,Explore Rewards Credit Card,Fallback,Explore Rewards Credit Card for your financial needs,Discover another option for your financial journey,"Based on your banking relationship, explore Rewards Credit Card and see how it may complement your existing financial needs.",Explore Rewards Credit Card,Have you explored Rewards Credit Card?,Consider adding Rewards Credit Card to your financial plans,Take the next step and learn more about Rewards Credit Card. Review the available information to see whether it fits your financial needs.,Learn More,Benefit-Focused,Action-Focused,A/B,Benefit-Focused,Action-Focused,52.07441660248823,10.322366143619043,A,Benefit-Focused,41.752050458869185,High,3,Model-Based A/B Evaluation,Estimated model-based performance; not based on actual customer engagement data.
C000368,Core Active,Core Relationship Customer,Low Risk,Moderate Cross-Sell Opportunity,Priority 3,P007,Term Insurance,0.4253942321751094,0.0,customer profile indicates potential protection needs,Cross-Sell,Introduce a complementary product and highlight financial protection and security,Priority 3,0.4253942321751094,True,Discover Term Insurance,An option selected with your needs in mind,Explore Term Insurance and discover how it may complement your financial needs.,Explore Term Insurance,Fallback,Explore Term Insurance for your financial needs,Discover another option for your financial journey,"Based on your banking relationship, explore Term Insurance and see how it may complement your existing financial needs.",Explore Term Insurance,Have you explored Term Insurance?,Consider adding Term Insurance to your financial plans,Take the next step and learn more about Term Insurance. Review the available information to see whether it fits your financial needs.,Learn More,Benefit-Focused,Action-Focused,A/B,Benefit-Focused,Action-Focused,51.23078922183086,9.549041044683136,A,Benefit-Focused,41.681748177147725,High,3,Model-Based A/B Evaluation,Estimated model-based performance; not based on actual customer engagement data.
C000369,Core Active,Core Relationship Customer,Critical Risk,Moderate Cross-Sell Opportunity,Priority 3,P003,Rewards Credit Card,0.3974252604951575,0.0,spending and transaction patterns support a rewards credit card; strong digital affinity,Retention,"Strengthen the customer relationship while highlight rewards, benefits and spending value",Priority 3,0.3974252604951575,True,Discover more value with Rewards Credit Card,Benefits designed around your banking needs,Explore Rewards Credit Card and discover an option designed to support your evolving financial needs.,Explore Rewards Credit Card,Fallback,Discover more value with Rewards Credit Card,More value for your banking journey,Explore Rewards Credit Card and discover an option that may complement your evolving financial needs.,Explore Rewards Credit Card,Keep exploring your options with Rewards Credit Card,Consider your next banking opportunity,Take a closer look at Rewards Credit Card and consider whether it could be a suitable addition to your financial plans.,Learn More,Benefit-Focused,Action-Focused,A/B,Benefit-Focused,Action-Focused,91.3595332065985,8.921207288724965,A,Benefit-Focused,82.43832591787353,High,3,Model-Based A/B Evaluation,Estimated model-based performance; not based on actual customer engagement data.
C000370,Premium High-Value,Premium Relationship Customer,Moderate Risk,Moderate Cross-Sell Opportunity,Priority 2,P008,Premium Banking,0.8005130379560678,0.0,customer profile supports premium banking services; strong account balance; strong segment fit,Cross-Sell,Introduce a complementary product and highlight premium services and exclusive benefits,Priority 2,0.8005130379560678,True,Discover Premium Banking,An option selected with your needs in mind,Explore Premium Banking and discover how it may complement your financial needs.,Explore Premium Banking,Fallback,Explore Premium Banking for your financial needs,Discover another option for your financial journey,"Based on your banking relationship, explore Premium Banking and see how it may complement your existing financial needs.",Explore Premium Banking,Have you explored Premium Banking?,Consider adding Premium Banking to your financial plans,Take the next step and learn more about Premium Banking. Review the available information to see whether it fits your financial needs.,Learn More,Benefit-Focused,Action-Focused,A/B,Benefit-Focused,Action-Focused,60.41677060638263,17.969523980522258,A,Benefit-Focused,42.44724662586037,High,3,Model-Based A/B Evaluation,Estimated model-based performance; not based on actual customer engagement data.
C000371,Premium High-Value,Premium Cross-Sell Opportunity,Low Risk,High Cross-Sell Opportunity,Priority 2,P004,Personal Loan,0.6700322166548659,0.0,financial capacity and transaction activity support borrowing needs; strong segment fit,Cross-Sell,Introduce a complementary product and highlight flexible financing and convenience,Priority 2,0.6700322166548659,True,Discover Personal Loan,An option selected with your needs in mind,Explore Personal Loan and discover how it may complement your financial needs.,Explore Personal Loan,Fallback,Explore Personal Loan for your financial needs,Discover another option for your financial journey,"Based on your banking relationship, explore Personal Loan and see how it may complement your existing financial needs.",Explore Personal Loan,Have you explored Personal Loan?,Consider adding Personal Loan to your financial plans,Take the next step and learn more about Personal Loan. Review the available information to see whether it fits your financial needs.,Learn More,Benefit-Focused,Action-Focused,A/B,Benefit-Focused,Action-Focused,57.22153118611813,15.040554511946452,A,Benefit-Focused,42.180976674171674,High,3,Model-Based A/B Evaluation,Estimated model-based performance; not based on actual customer engagement data.
C000372,Dormant / Declining,Dormant Reactivation Target,Critical Risk,Low Cross-Sell Opportunity,Priority 3,P006,Mutual Fund Plan,0.2353326535044994,0.0,financial capacity indicates potential for investment products,Retention,Strengthen the customer relationship while highlight wealth creation and investment potential,Priority 3,0.2353326535044994,True,Discover more value with Mutual Fund Plan,Benefits designed around your banking needs,Explore Mutual Fund Plan and discover an option designed to support your evolving financial needs.,Explore Mutual Fund Plan,Fallback,Discover more value with Mutual Fund Plan,More value for your banking journey,Explore Mutual Fund Plan and discover an option that may complement your evolving financial needs.,Explore Mutual Fund Plan,Keep exploring your options with Mutual Fund Plan,Consider your next banking opportunity,Take a closer look at Mutual Fund Plan and consider whether it could be a suitable addition to your financial plans.,Learn More,Benefit-Focused,Action-Focused,A/B,Benefit-Focused,Action-Focused,87.39017830505004,5.282631962305547,A,Benefit-Focused,82.1075463427445,High,3,Model-Based A/B Evaluation,Estimated model-based performance; not based on actual customer engagement data.
C000373,Core Active,Core Relationship Customer,High Risk,Moderate Cross-Sell Opportunity,Priority 3,P007,Term Insurance,0.3676923614860972,0.0,customer profile indicates potential protection needs,Retention,Strengthen the customer relationship while highlight financial protection and security,Priority 3,0.3676923614860972,True,Discover more value with Term Insurance,Benefits designed around your banking needs,Explore Term Insurance and discover an option designed to support your evolving financial needs.,Explore Term Insurance,Fallback,Discover more value with Term Insurance,More value for your banking journey,Explore Term Insurance and discover an option that may complement your evolving financial needs.,Explore Term Insurance,Keep exploring your options with Term Insurance,Consider your next banking opportunity,Take a closer look at Term Insurance and consider whether it could be a suitable addition to your financial plans.,Learn More,Benefit-Focused,Action-Focused,A/B,Benefit-Focused,Action-Focused,90.63142826331962,8.253777757385993,A,Benefit-Focused,82.37765050593363,High,3,Model-Based A/B Evaluation,Estimated model-based performance; not based on actual customer engagement data.
C000374,Premium High-Value,Premium Digital Customer,Low Risk,Moderate Cross-Sell Opportunity,Priority 2,P008,Premium Banking,0.6729280042685168,0.0,customer profile supports premium banking services; strong digital affinity; strong segment fit,Cross-Sell,Introduce a complementary product and highlight premium services and exclusive benefits,Priority 2,0.6729280042685168,True,Discover Premium Banking,An option selected with your needs in mind,Explore Premium Banking and discover how it may complement your financial needs.,Explore Premium Banking,Fallback,Explore Premium Banking for your financial needs,Discover another option for your financial journey,"Based on your banking relationship, explore Premium Banking and see how it may complement your existing financial needs.",Explore Premium Banking,Have you explored Premium Banking?,Consider adding Premium Banking to your financial plans,Take the next step and learn more about Premium Banking. Review the available information to see whether it fits your financial needs.,Learn More,Benefit-Focused,Action-Focused,A/B,Benefit-Focused,Action-Focused,57.292443789545814,15.105557731755164,A,Benefit-Focused,42.18688605779065,High,3,Model-Based A/B Evaluation,Estimated model-based performance; not based on actual customer engagement data.
C000375,Core Active,Core Cross-Sell Opportunity,Low Risk,High Cross-Sell Opportunity,Priority 2,P007,Term Insurance,0.5353354222443905,0.0,customer profile indicates potential protection needs; high transaction activity,Cross-Sell,Introduce a complementary product and highlight financial protection and security,Priority 2,0.5353354222443905,True,Discover Term Insurance,An option selected with your needs in mind,Explore Term Insurance and discover how it may complement your financial needs.,Explore Term Insurance,Fallback,Explore Term Insurance for your financial needs,Discover another option for your financial journey,"Based on your banking relationship, explore Term Insurance and see how it may complement your existing financial needs.",Explore Term Insurance,Have you explored Term Insurance?,Consider adding Term Insurance to your financial plans,Take the next step and learn more about Term Insurance. Review the available information to see whether it fits your financial needs.,Learn More,Benefit-Focused,Action-Focused,A/B,Benefit-Focused,Action-Focused,53.923050206372395,12.016946947179532,A,Benefit-Focused,41.90610325919286,High,3,Model-Based A/B Evaluation,Estimated model-based performance; not based on actual customer engagement data.
C000376,Core Active,Core Digital Customer,High Risk,Moderate Cross-Sell Opportunity,Priority 4,P003,Rewards Credit Card,0.372965937235766,0.0,spending and transaction patterns support a rewards credit card; strong digital affinity,Retention,"Strengthen the customer relationship while highlight rewards, benefits and spending value",Priority 4,0.372965937235766,True,Discover more value with Rewards Credit Card,Benefits designed around your banking needs,Explore Rewards Credit Card and discover an option designed to support your evolving financial needs.,Explore Rewards Credit Card,Fallback,Discover more value with Rewards Credit Card,More value for your banking journey,Explore Rewards Credit Card and discover an option that may complement your evolving financial needs.,Explore Rewards Credit Card,Keep exploring your options with Rewards Credit Card,Consider your next banking opportunity,Take a closer look at Rewards Credit Card and consider whether it could be a suitable addition to your financial plans.,Learn More,Benefit-Focused,Action-Focused,A/B,Benefit-Focused,Action-Focused,90.7605685994476,8.372156398836646,A,Benefit-Focused,82.38841220061094,High,3,Model-Based A/B Evaluation,Estimated model-based performance; not based on actual customer engagement data.
C000377,Core Active,Core Digital Customer,Moderate Risk,Moderate Cross-Sell Opportunity,Priority 3,P008,Premium Banking,0.3721252809897404,0.0,customer profile supports premium banking services; strong digital affinity,Cross-Sell,Introduce a complementary product and highlight premium services and exclusive benefits,Priority 3,0.3721252809897404,True,Discover Premium Banking,An option selected with your needs in mind,Explore Premium Banking and discover how it may complement your financial needs.,Explore Premium Banking,Fallback,Explore Premium Banking for your financial needs,Discover another option for your financial journey,"Based on your banking relationship, explore Premium Banking and see how it may complement your existing financial needs.",Explore Premium Banking,Have you explored Premium Banking?,Consider adding Premium Banking to your financial plans,Take the next step and learn more about Premium Banking. Review the available information to see whether it fits your financial needs.,Learn More,Benefit-Focused,Action-Focused,A/B,Benefit-Focused,Action-Focused,49.92632891106435,8.353285759813822,A,Benefit-Focused,41.57304315125053,High,3,Model-Based A/B Evaluation,Estimated model-based performance; not based on actual customer engagement data.
C000378,Core Active,Core Relationship Customer,Moderate Risk,Moderate Cross-Sell Opportunity,Priority 4,P003,Rewards Credit Card,0.3098208243525714,0.0,spending and transaction patterns support a rewards credit card,Cross-Sell,"Introduce a complementary product and highlight rewards, benefits and spending value",Priority 4,0.3098208243525714,True,Discover Rewards Credit Card,An option selected with your needs in mind,Explore Rewards Credit Card and discover how it may complement your financial needs.,Explore Rewards Credit Card,Fallback,Explore Rewards Credit Card for your financial needs,Discover another option for your financial journey,"Based on your banking relationship, explore Rewards Credit Card and see how it may complement your existing financial needs.",Explore Rewards Credit Card,Have you explored Rewards Credit Card?,Consider adding Rewards Credit Card to your financial plans,Take the next step and learn more about Rewards Credit Card. Review the available information to see whether it fits your financial needs.,Learn More,Benefit-Focused,Action-Focused,A/B,Benefit-Focused,Action-Focused,48.40060540687446,6.954705880973099,A,Benefit-Focused,41.44589952590136,High,3,Model-Based A/B Evaluation,Estimated model-based performance; not based on actual customer engagement data.
C000379,Core Active,Core Relationship Customer,High Risk,Low Cross-Sell Opportunity,Priority 3,P006,Mutual Fund Plan,0.3269033483756366,0.0,financial capacity indicates potential for investment products,Retention,Strengthen the customer relationship while highlight wealth creation and investment potential,Priority 3,0.3269033483756366,True,Discover more value with Mutual Fund Plan,Benefits designed around your banking needs,Explore Mutual Fund Plan and discover an option designed to support your evolving financial needs.,Explore Mutual Fund Plan,Fallback,Discover more value with Mutual Fund Plan,More value for your banking journey,Explore Mutual Fund Plan and discover an option that may complement your evolving financial needs.,Explore Mutual Fund Plan,Keep exploring your options with Mutual Fund Plan,Consider your next banking opportunity,Take a closer look at Mutual Fund Plan and consider whether it could be a suitable addition to your financial plans.,Learn More,Benefit-Focused,Action-Focused,A/B,Benefit-Focused,Action-Focused,89.63257907380252,7.338166000328661,A,Benefit-Focused,82.29441307347386,High,3,Model-Based A/B Evaluation,Estimated model-based performance; not based on actual customer engagement data.
C000380,Core Active,Core Relationship Customer,Moderate Risk,Low Cross-Sell Opportunity,Priority 3,P004,Personal Loan,0.3797628946313399,0.0,financial capacity and transaction activity support borrowing needs,Engagement,Highlight flexible financing and convenience,Priority 3,0.3797628946313399,True,Explore Personal Loan,A financial option worth exploring,Take a closer look at Personal Loan and see how it could complement your banking needs.,Learn More,Fallback,Discover Personal Loan,An option worth exploring,Explore Personal Loan and learn how it may complement your financial needs.,Learn More,See what Personal Loan can offer,Take a closer look at Personal Loan,Learn more about Personal Loan and consider whether it could complement your financial needs.,Learn More,Benefit-Focused,Action-Focused,A/B,Benefit-Focused,Action-Focused,9.299706724551699,90.15203823761638,B,Action-Focused,80.85233151306468,High,3,Model-Based A/B Evaluation,Estimated model-based performance; not based on actual customer engagement data.
C000381,Premium High-Value,Premium Digital Customer,Low Risk,Moderate Cross-Sell Opportunity,Priority 2,P005,Home Loan,0.7641256769323062,0.0,financial capacity supports a potential home financing need; high transaction activity; strong digital affinity,Cross-Sell,Introduce a complementary product and highlight long-term home financing value,Priority 2,0.7641256769323062,True,Discover Home Loan,An option selected with your needs in mind,Explore Home Loan and discover how it may complement your financial needs.,Explore Home Loan,Fallback,Explore Home Loan for your financial needs,Discover another option for your financial journey,"Based on your banking relationship, explore Home Loan and see how it may complement your existing financial needs.",Explore Home Loan,Have you explored Home Loan?,Consider adding Home Loan to your financial plans,Take the next step and learn more about Home Loan. Review the available information to see whether it fits your financial needs.,Learn More,Benefit-Focused,Action-Focused,A/B,Benefit-Focused,Action-Focused,59.52570991881898,17.15271835025557,A,Benefit-Focused,42.372991568563414,High,2,Model-Based A/B Evaluation,Estimated model-based performance; not based on actual customer engagement data.
C000382,Core Active,Core Relationship Customer,High Risk,Low Cross-Sell Opportunity,Priority 4,P007,Term Insurance,0.3635152873505105,0.0,customer profile indicates potential protection needs,Retention,Strengthen the customer relationship while highlight financial protection and security,Priority 4,0.3635152873505105,True,Discover more value with Term Insurance,Benefits designed around your banking needs,Explore Term Insurance and discover an option designed to support your evolving financial needs.,Explore Term Insurance,Fallback,Discover more value with Term Insurance,More value for your banking journey,Explore Term Insurance and discover an option that may complement your evolving financial needs.,Explore Term Insurance,Keep exploring your options with Term Insurance,Consider your next banking opportunity,Take a closer look at Term Insurance and consider whether it could be a suitable addition to your financial plans.,Learn More,Benefit-Focused,Action-Focused,A/B,Benefit-Focused,Action-Focused,90.52913926937939,8.160012846274121,A,Benefit-Focused,82.36912642310526,High,3,Model-Based A/B Evaluation,Estimated model-based performance; not based on actual customer engagement data.
C000383,Premium High-Value,Premium Digital Customer,Moderate Risk,Moderate Cross-Sell Opportunity,Priority 2,P008,Premium Banking,0.6830625542283044,0.0,customer profile supports premium banking services; strong digital affinity; strong segment fit,Cross-Sell,Introduce a complementary product and highlight premium services and exclusive benefits,Priority 2,0.6830625542283044,True,Discover Premium Banking,An option selected with your needs in mind,Explore Premium Banking and discover how it may complement your financial needs.,Explore Premium Banking,Fallback,Explore Premium Banking for your financial needs,Discover another option for your financial journey,"Based on your banking relationship, explore Premium Banking and see how it may complement your existing financial needs.",Explore Premium Banking,Have you explored Premium Banking?,Consider adding Premium Banking to your financial plans,Take the next step and learn more about Premium Banking. Review the available information to see whether it fits your financial needs.,Learn More,Benefit-Focused,Action-Focused,A/B,Benefit-Focused,Action-Focused,57.54062059603143,15.33305313770032,A,Benefit-Focused,42.20756745833111,High,3,Model-Based A/B Evaluation,Estimated model-based performance; not based on actual customer engagement data.
C000384,At Risk,At-Risk Declining Customer,Critical Risk,Low Cross-Sell Opportunity,Priority 4,P007,Term Insurance,0.1847725728605503,0.0,customer profile indicates potential protection needs,Retention,Strengthen the customer relationship while highlight financial protection and security,Priority 4,0.1847725728605503,True,Discover more value with Term Insurance,Benefits designed around your banking needs,Explore Term Insurance and discover an option designed to support your evolving financial needs.,Explore Term Insurance,Fallback,Discover more value with Term Insurance,More value for your banking journey,Explore Term Insurance and discover an option that may complement your evolving financial needs.,Explore Term Insurance,Keep exploring your options with Term Insurance,Consider your next banking opportunity,Take a closer look at Term Insurance and consider whether it could be a suitable addition to your financial plans.,Learn More,Benefit-Focused,Action-Focused,A/B,Benefit-Focused,Action-Focused,86.15205333653553,4.147684074500572,A,Benefit-Focused,82.00436926203496,High,3,Model-Based A/B Evaluation,Estimated model-based performance; not based on actual customer engagement data.
C000385,Core Active,Core Digital Customer,Low Risk,Moderate Cross-Sell Opportunity,Priority 3,P003,Rewards Credit Card,0.4881271556831414,0.0,spending and transaction patterns support a rewards credit card; strong digital affinity,Cross-Sell,"Introduce a complementary product and highlight rewards, benefits and spending value",Priority 3,0.4881271556831414,True,Discover Rewards Credit Card,An option selected with your needs in mind,Explore Rewards Credit Card and discover how it may complement your financial needs.,Explore Rewards Credit Card,Fallback,Explore Rewards Credit Card for your financial needs,Discover another option for your financial journey,"Based on your banking relationship, explore Rewards Credit Card and see how it may complement your existing financial needs.",Explore Rewards Credit Card,Have you explored Rewards Credit Card?,Consider adding Rewards Credit Card to your financial plans,Take the next step and learn more about Rewards Credit Card. Review the available information to see whether it fits your financial needs.,Learn More,Benefit-Focused,Action-Focused,A/B,Benefit-Focused,Action-Focused,52.76700510507237,10.957238937654513,A,Benefit-Focused,41.80976616741786,High,3,Model-Based A/B Evaluation,Estimated model-based performance; not based on actual customer engagement data.
C000386,Premium High-Value,Premium Relationship Customer,Low Risk,Moderate Cross-Sell Opportunity,Priority 2,P004,Personal Loan,0.6668998665738856,0.0,financial capacity and transaction activity support borrowing needs; strong segment fit,Cross-Sell,Introduce a complementary product and highlight flexible financing and convenience,Priority 2,0.6668998665738856,True,Discover Personal Loan,An option selected with your needs in mind,Explore Personal Loan and discover how it may complement your financial needs.,Explore Personal Loan,Fallback,Explore Personal Loan for your financial needs,Discover another option for your financial journey,"Based on your banking relationship, explore Personal Loan and see how it may complement your existing financial needs.",Explore Personal Loan,Have you explored Personal Loan?,Consider adding Personal Loan to your financial plans,Take the next step and learn more about Personal Loan. Review the available information to see whether it fits your financial needs.,Learn More,Benefit-Focused,Action-Focused,A/B,Benefit-Focused,Action-Focused,57.14482559554162,14.970241053917979,A,Benefit-Focused,42.17458454162364,High,3,Model-Based A/B Evaluation,Estimated model-based performance; not based on actual customer engagement data.
C000387,Core Active,Core Relationship Customer,Critical Risk,Moderate Cross-Sell Opportunity,Priority 4,P008,Premium Banking,0.2577978355801518,0.0,customer profile supports premium banking services,Retention,Strengthen the customer relationship while highlight premium services and exclusive benefits,Priority 4,0.2577978355801518,True,Discover more value with Premium Banking,Benefits designed around your banking needs,Explore Premium Banking and discover an option designed to support your evolving financial needs.,Explore Premium Banking,Fallback,Discover more value with Premium Banking,More value for your banking journey,Explore Premium Banking and discover an option that may complement your evolving financial needs.,Explore Premium Banking,Keep exploring your options with Premium Banking,Consider your next banking opportunity,Take a closer look at Premium Banking and consider whether it could be a suitable addition to your financial plans.,Learn More,Benefit-Focused,Action-Focused,A/B,Benefit-Focused,Action-Focused,87.94030999977508,5.786919349136825,A,Benefit-Focused,82.15339065063826,High,3,Model-Based A/B Evaluation,Estimated model-based performance; not based on actual customer engagement data.
C000388,Premium High-Value,Premium Relationship Customer,Moderate Risk,Moderate Cross-Sell Opportunity,Priority 2,P008,Premium Banking,0.6036957064615557,0.0,customer profile supports premium banking services; strong segment fit; positive response to previous recommendations,Cross-Sell,Introduce a complementary product and highlight premium services and exclusive benefits,Priority 2,0.6036957064615557,True,Discover Premium Banking,An option selected with your needs in mind,Explore Premium Banking and discover how it may complement your financial needs.,Explore Premium Banking,Fallback,Explore Premium Banking for your financial needs,Discover another option for your financial journey,"Based on your banking relationship, explore Premium Banking and see how it may complement your existing financial needs.",Explore Premium Banking,Have you explored Premium Banking?,Consider adding Premium Banking to your financial plans,Take the next step and learn more about Premium Banking. Review the available information to see whether it fits your financial needs.,Learn More,Benefit-Focused,Action-Focused,A/B,Benefit-Focused,Action-Focused,55.59706997979913,13.551465072820706,A,Benefit-Focused,42.045604906978426,High,1,Model-Based A/B Evaluation,Estimated model-based performance; not based on actual customer engagement data.
C000389,At Risk,At-Risk Engagement Customer,Critical Risk,Low Cross-Sell Opportunity,Priority 3,P003,Rewards Credit Card,0.2662944154741458,0.0,spending and transaction patterns support a rewards credit card,Retention,"Strengthen the customer relationship while highlight rewards, benefits and spending value",Priority 3,0.2662944154741458,True,Discover more value with Rewards Credit Card,Benefits designed around your banking needs,Explore Rewards Credit Card and discover an option designed to support your evolving financial needs.,Explore Rewards Credit Card,Fallback,Discover more value with Rewards Credit Card,More value for your banking journey,Explore Rewards Credit Card and discover an option that may complement your evolving financial needs.,Explore Rewards Credit Card,Keep exploring your options with Rewards Credit Card,Consider your next banking opportunity,Take a closer look at Rewards Credit Card and consider whether it could be a suitable addition to your financial plans.,Learn More,Benefit-Focused,Action-Focused,A/B,Benefit-Focused,Action-Focused,88.1483758805994,5.977646406559128,A,Benefit-Focused,82.17072947404027,High,3,Model-Based A/B Evaluation,Estimated model-based performance; not based on actual customer engagement data.
C000390,Premium High-Value,Premium Digital Customer,High Risk,Moderate Cross-Sell Opportunity,Priority 2,P008,Premium Banking,0.6083251892167334,0.0,customer profile supports premium banking services; strong digital affinity; strong segment fit,Retention,Strengthen the customer relationship while highlight premium services and exclusive benefits,Priority 2,0.6083251892167334,True,Discover more value with Premium Banking,Benefits designed around your banking needs,Explore Premium Banking and discover an option designed to support your evolving financial needs.,Explore Premium Banking,Fallback,Discover more value with Premium Banking,More value for your banking journey,Explore Premium Banking and discover an option that may complement your evolving financial needs.,Explore Premium Banking,Keep exploring your options with Premium Banking,Consider your next banking opportunity,Take a closer look at Premium Banking and consider whether it could be a suitable addition to your financial plans.,Learn More,Benefit-Focused,Action-Focused,A/B,Benefit-Focused,Action-Focused,96.52409117965556,13.655385430693936,A,Benefit-Focused,82.86870574896162,High,3,Model-Based A/B Evaluation,Estimated model-based performance; not based on actual customer engagement data.
C000391,Premium High-Value,Premium Relationship Customer,Low Risk,Moderate Cross-Sell Opportunity,Priority 2,P003,Rewards Credit Card,0.682985681056504,0.0,spending and transaction patterns support a rewards credit card; strong digital affinity; strong segment fit,Cross-Sell,"Introduce a complementary product and highlight rewards, benefits and spending value",Priority 2,0.682985681056504,True,Discover Rewards Credit Card,An option selected with your needs in mind,Explore Rewards Credit Card and discover how it may complement your financial needs.,Explore Rewards Credit Card,Fallback,Explore Rewards Credit Card for your financial needs,Discover another option for your financial journey,"Based on your banking relationship, explore Rewards Credit Card and see how it may complement your existing financial needs.",Explore Rewards Credit Card,Have you explored Rewards Credit Card?,Consider adding Rewards Credit Card to your financial plans,Take the next step and learn more about Rewards Credit Card. Review the available information to see whether it fits your financial needs.,Learn More,Benefit-Focused,Action-Focused,A/B,Benefit-Focused,Action-Focused,57.538738111031364,15.331327526450247,A,Benefit-Focused,42.20741058458112,High,3,Model-Based A/B Evaluation,Estimated model-based performance; not based on actual customer engagement data.
C000392,Core Active,Core Relationship Customer,Low Risk,Moderate Cross-Sell Opportunity,Priority 3,P003,Rewards Credit Card,0.410916157419556,0.0,spending and transaction patterns support a rewards credit card,Cross-Sell,"Introduce a complementary product and highlight rewards, benefits and spending value",Priority 3,0.410916157419556,True,Discover Rewards Credit Card,An option selected with your needs in mind,Explore Rewards Credit Card and discover how it may complement your financial needs.,Explore Rewards Credit Card,Fallback,Explore Rewards Credit Card for your financial needs,Discover another option for your financial journey,"Based on your banking relationship, explore Rewards Credit Card and see how it may complement your existing financial needs.",Explore Rewards Credit Card,Have you explored Rewards Credit Card?,Consider adding Rewards Credit Card to your financial plans,Take the next step and learn more about Rewards Credit Card. Review the available information to see whether it fits your financial needs.,Learn More,Benefit-Focused,Action-Focused,A/B,Benefit-Focused,Action-Focused,50.87624734565972,9.224044324859582,A,Benefit-Focused,41.65220302080014,High,3,Model-Based A/B Evaluation,Estimated model-based performance; not based on actual customer engagement data.
C000393,Premium High-Value,Premium Digital Customer,Low Risk,Moderate Cross-Sell Opportunity,Priority 2,P003,Rewards Credit Card,0.7215784672701984,0.0,spending and transaction patterns support a rewards credit card; strong digital affinity; strong segment fit,Cross-Sell,"Introduce a complementary product and highlight rewards, benefits and spending value",Priority 2,0.7215784672701984,True,Discover Rewards Credit Card,An option selected with your needs in mind,Explore Rewards Credit Card and discover how it may complement your financial needs.,Explore Rewards Credit Card,Fallback,Explore Rewards Credit Card for your financial needs,Discover another option for your financial journey,"Based on your banking relationship, explore Rewards Credit Card and see how it may complement your existing financial needs.",Explore Rewards Credit Card,Have you explored Rewards Credit Card?,Consider adding Rewards Credit Card to your financial plans,Take the next step and learn more about Rewards Credit Card. Review the available information to see whether it fits your financial needs.,Learn More,Benefit-Focused,Action-Focused,A/B,Benefit-Focused,Action-Focused,58.483805674356844,16.19763945949862,A,Benefit-Focused,42.28616621485823,High,3,Model-Based A/B Evaluation,Estimated model-based performance; not based on actual customer engagement data.
C000394,Premium High-Value,Premium Relationship Customer,Moderate Risk,Moderate Cross-Sell Opportunity,Priority 3,P004,Personal Loan,0.5651630605104337,0.0,financial capacity and transaction activity support borrowing needs; high transaction activity; strong segment fit,Cross-Sell,Introduce a complementary product and highlight flexible financing and convenience,Priority 3,0.5651630605104337,True,Discover Personal Loan,An option selected with your needs in mind,Explore Personal Loan and discover how it may complement your financial needs.,Explore Personal Loan,Fallback,Explore Personal Loan for your financial needs,Discover another option for your financial journey,"Based on your banking relationship, explore Personal Loan and see how it may complement your existing financial needs.",Explore Personal Loan,Have you explored Personal Loan?,Consider adding Personal Loan to your financial plans,Take the next step and learn more about Personal Loan. Review the available information to see whether it fits your financial needs.,Learn More,Benefit-Focused,Action-Focused,A/B,Benefit-Focused,Action-Focused,54.65347514277777,12.686503138884461,A,Benefit-Focused,41.96697200389331,High,3,Model-Based A/B Evaluation,Estimated model-based performance; not based on actual customer engagement data.
C000395,Core Active,Core Digital Customer,Moderate Risk,Moderate Cross-Sell Opportunity,Priority 3,P003,Rewards Credit Card,0.4201933032134347,0.0,spending and transaction patterns support a rewards credit card; strong digital affinity,Cross-Sell,"Introduce a complementary product and highlight rewards, benefits and spending value",Priority 3,0.4201933032134347,True,Discover Rewards Credit Card,An option selected with your needs in mind,Explore Rewards Credit Card and discover how it may complement your financial needs.,Explore Rewards Credit Card,Fallback,Explore Rewards Credit Card for your financial needs,Discover another option for your financial journey,"Based on your banking relationship, explore Rewards Credit Card and see how it may complement your existing financial needs.",Explore Rewards Credit Card,Have you explored Rewards Credit Card?,Consider adding Rewards Credit Card to your financial plans,Take the next step and learn more about Rewards Credit Card. Review the available information to see whether it fits your financial needs.,Learn More,Benefit-Focused,Action-Focused,A/B,Benefit-Focused,Action-Focused,51.103427874204336,9.432293142692144,A,Benefit-Focused,41.67113473151219,High,3,Model-Based A/B Evaluation,Estimated model-based performance; not based on actual customer engagement data.
C000396,At Risk,At-Risk Engagement Customer,Critical Risk,Low Cross-Sell Opportunity,Priority 4,P007,Term Insurance,0.2335263881523875,0.0,customer profile indicates potential protection needs,Retention,Strengthen the customer relationship while highlight financial protection and security,Priority 4,0.2335263881523875,True,Discover more value with Term Insurance,Benefits designed around your banking needs,Explore Term Insurance and discover an option designed to support your evolving financial needs.,Explore Term Insurance,Fallback,Discover more value with Term Insurance,More value for your banking journey,Explore Term Insurance and discover an option that may complement your evolving financial needs.,Explore Term Insurance,Keep exploring your options with Term Insurance,Consider your next banking opportunity,Take a closer look at Term Insurance and consider whether it could be a suitable addition to your financial plans.,Learn More,Benefit-Focused,Action-Focused,A/B,Benefit-Focused,Action-Focused,87.34594613208415,5.242085803753483,A,Benefit-Focused,82.10386032833067,High,3,Model-Based A/B Evaluation,Estimated model-based performance; not based on actual customer engagement data.
C000397,Premium High-Value,Premium Digital Customer,Moderate Risk,Moderate Cross-Sell Opportunity,Priority 3,P008,Premium Banking,0.8181311037119845,0.0,customer profile supports premium banking services; strong account balance; high transaction activity,Cross-Sell,Introduce a complementary product and highlight premium services and exclusive benefits,Priority 3,0.8181311037119845,True,Discover Premium Banking,An option selected with your needs in mind,Explore Premium Banking and discover how it may complement your financial needs.,Explore Premium Banking,Fallback,Explore Premium Banking for your financial needs,Discover another option for your financial journey,"Based on your banking relationship, explore Premium Banking and see how it may complement your existing financial needs.",Explore Premium Banking,Have you explored Premium Banking?,Consider adding Premium Banking to your financial plans,Take the next step and learn more about Premium Banking. Review the available information to see whether it fits your financial needs.,Learn More,Benefit-Focused,Action-Focused,A/B,Benefit-Focused,Action-Focused,60.84820518543215,18.3650056779843,A,Benefit-Focused,42.48319950744785,High,3,Model-Based A/B Evaluation,Estimated model-based performance; not based on actual customer engagement data.
C000398,Premium High-Value,Premium Relationship Customer,High Risk,Moderate Cross-Sell Opportunity,Priority 3,P008,Premium Banking,0.5631090893254483,0.0,customer profile supports premium banking services; strong segment fit,Retention,Strengthen the customer relationship while highlight premium services and exclusive benefits,Priority 3,0.5631090893254483,True,Discover more value with Premium Banking,Benefits designed around your banking needs,Explore Premium Banking and discover an option designed to support your evolving financial needs.,Explore Premium Banking,Fallback,Discover more value with Premium Banking,More value for your banking journey,Explore Premium Banking and discover an option that may complement your evolving financial needs.,Explore Premium Banking,Keep exploring your options with Premium Banking,Consider your next banking opportunity,Take a closer look at Premium Banking and consider whether it could be a suitable addition to your financial plans.,Learn More,Benefit-Focused,Action-Focused,A/B,Benefit-Focused,Action-Focused,95.41683063850871,12.64039660130934,A,Benefit-Focused,82.77643403719938,High,3,Model-Based A/B Evaluation,Estimated model-based performance; not based on actual customer engagement data.
C000399,Premium High-Value,Premium Relationship Customer,Low Risk,Moderate Cross-Sell Opportunity,Priority 2,P008,Premium Banking,0.6081382191420917,0.0,customer profile supports premium banking services; strong digital affinity; strong segment fit,Cross-Sell,Introduce a complementary product and highlight premium services and exclusive benefits,Priority 2,0.6081382191420917,True,Discover Premium Banking,An option selected with your needs in mind,Explore Premium Banking and discover how it may complement your financial needs.,Explore Premium Banking,Fallback,Explore Premium Banking for your financial needs,Discover another option for your financial journey,"Based on your banking relationship, explore Premium Banking and see how it may complement your existing financial needs.",Explore Premium Banking,Have you explored Premium Banking?,Consider adding Premium Banking to your financial plans,Take the next step and learn more about Premium Banking. Review the available information to see whether it fits your financial needs.,Learn More,Benefit-Focused,Action-Focused,A/B,Benefit-Focused,Action-Focused,55.70585908382466,13.651188418177446,A,Benefit-Focused,42.054670665647215,High,3,Model-Based A/B Evaluation,Estimated model-based performance; not based on actual customer engagement data.
C000400,Premium High-Value,Premium Digital Customer,Moderate Risk,Moderate Cross-Sell Opportunity,Priority 2,P003,Rewards Credit Card,0.7811313271291978,0.0,spending and transaction patterns support a rewards credit card; high transaction activity; strong digital affinity,Cross-Sell,"Introduce a complementary product and highlight rewards, benefits and spending value",Priority 2,0.7811313271291978,True,Discover Rewards Credit Card,An option selected with your needs in mind,Explore Rewards Credit Card and discover how it may complement your financial needs.,Explore Rewards Credit Card,Fallback,Explore Rewards Credit Card for your financial needs,Discover another option for your financial journey,"Based on your banking relationship, explore Rewards Credit Card and see how it may complement your existing financial needs.",Explore Rewards Credit Card,Have you explored Rewards Credit Card?,Consider adding Rewards Credit Card to your financial plans,Take the next step and learn more about Rewards Credit Card. Review the available information to see whether it fits your financial needs.,Learn More,Benefit-Focused,Action-Focused,A/B,Benefit-Focused,Action-Focused,59.942147548000555,17.534452843672014,A,Benefit-Focused,42.40769470432854,High,3,Model-Based A/B Evaluation,Estimated model-based performance; not based on actual customer engagement data.
C000401,Core Active,Core Relationship Customer,High Risk,Moderate Cross-Sell Opportunity,Priority 3,P004,Personal Loan,0.4004084482792369,0.0,financial capacity and transaction activity support borrowing needs,Retention,Strengthen the customer relationship while highlight flexible financing and convenience,Priority 3,0.4004084482792369,True,Discover more value with Personal Loan,Benefits designed around your banking needs,Explore Personal Loan and discover an option designed to support your evolving financial needs.,Explore Personal Loan,Fallback,Discover more value with Personal Loan,More value for your banking journey,Explore Personal Loan and discover an option that may complement your evolving financial needs.,Explore Personal Loan,Keep exploring your options with Personal Loan,Consider your next banking opportunity,Take a closer look at Personal Loan and consider whether it could be a suitable addition to your financial plans.,Learn More,Benefit-Focused,Action-Focused,A/B,Benefit-Focused,Action-Focused,91.43258608219114,8.988172424684885,A,Benefit-Focused,82.44441365750625,High,3,Model-Based A/B Evaluation,Estimated model-based performance; not based on actual customer engagement data.
C000402,Core Active,Core Digital Customer,Moderate Risk,Moderate Cross-Sell Opportunity,Priority 3,P003,Rewards Credit Card,0.4803681183126322,0.0,spending and transaction patterns support a rewards credit card; strong digital affinity,Cross-Sell,"Introduce a complementary product and highlight rewards, benefits and spending value",Priority 3,0.4803681183126322,True,Discover Rewards Credit Card,An option selected with your needs in mind,Explore Rewards Credit Card and discover how it may complement your financial needs.,Explore Rewards Credit Card,Fallback,Explore Rewards Credit Card for your financial needs,Discover another option for your financial journey,"Based on your banking relationship, explore Rewards Credit Card and see how it may complement your existing financial needs.",Explore Rewards Credit Card,Have you explored Rewards Credit Card?,Consider adding Rewards Credit Card to your financial plans,Take the next step and learn more about Rewards Credit Card. Review the available information to see whether it fits your financial needs.,Learn More,Benefit-Focused,Action-Focused,A/B,Benefit-Focused,Action-Focused,52.5770003072613,10.78306787299437,A,Benefit-Focused,41.793932434266935,High,3,Model-Based A/B Evaluation,Estimated model-based performance; not based on actual customer engagement data.
C000403,Premium High-Value,Premium Relationship Customer,Low Risk,Moderate Cross-Sell Opportunity,Priority 3,P004,Personal Loan,0.588980701281853,0.0,financial capacity and transaction activity support borrowing needs; strong segment fit; positive response to previous recommendations,Cross-Sell,Introduce a complementary product and highlight flexible financing and convenience,Priority 3,0.588980701281853,True,Discover Personal Loan,An option selected with your needs in mind,Explore Personal Loan and discover how it may complement your financial needs.,Explore Personal Loan,Fallback,Explore Personal Loan for your financial needs,Discover another option for your financial journey,"Based on your banking relationship, explore Personal Loan and see how it may complement your existing financial needs.",Explore Personal Loan,Have you explored Personal Loan?,Consider adding Personal Loan to your financial plans,Take the next step and learn more about Personal Loan. Review the available information to see whether it fits your financial needs.,Learn More,Benefit-Focused,Action-Focused,A/B,Benefit-Focused,Action-Focused,55.236726105881864,13.221149855063208,A,Benefit-Focused,42.015576250818654,High,3,Model-Based A/B Evaluation,Estimated model-based performance; not based on actual customer engagement data.
C000404,Core Active,Core Relationship Customer,Moderate Risk,Moderate Cross-Sell Opportunity,Priority 3,P003,Rewards Credit Card,0.4405228253229008,0.0,spending and transaction patterns support a rewards credit card,Cross-Sell,"Introduce a complementary product and highlight rewards, benefits and spending value",Priority 3,0.4405228253229008,True,Discover Rewards Credit Card,An option selected with your needs in mind,Explore Rewards Credit Card and discover how it may complement your financial needs.,Explore Rewards Credit Card,Fallback,Explore Rewards Credit Card for your financial needs,Discover another option for your financial journey,"Based on your banking relationship, explore Rewards Credit Card and see how it may complement your existing financial needs.",Explore Rewards Credit Card,Have you explored Rewards Credit Card?,Consider adding Rewards Credit Card to your financial plans,Take the next step and learn more about Rewards Credit Card. Review the available information to see whether it fits your financial needs.,Learn More,Benefit-Focused,Action-Focused,A/B,Benefit-Focused,Action-Focused,51.60126111737006,9.888640282260727,A,Benefit-Focused,41.712620835109334,High,3,Model-Based A/B Evaluation,Estimated model-based performance; not based on actual customer engagement data.
C000405,Core Active,Core Relationship Customer,Low Risk,Moderate Cross-Sell Opportunity,Priority 3,P008,Premium Banking,0.447820222505368,0.0,customer profile supports premium banking services,Cross-Sell,Introduce a complementary product and highlight premium services and exclusive benefits,Priority 3,0.447820222505368,True,Discover Premium Banking,An option selected with your needs in mind,Explore Premium Banking and discover how it may complement your financial needs.,Explore Premium Banking,Fallback,Explore Premium Banking for your financial needs,Discover another option for your financial journey,"Based on your banking relationship, explore Premium Banking and see how it may complement your existing financial needs.",Explore Premium Banking,Have you explored Premium Banking?,Consider adding Premium Banking to your financial plans,Take the next step and learn more about Premium Banking. Review the available information to see whether it fits your financial needs.,Learn More,Benefit-Focused,Action-Focused,A/B,Benefit-Focused,Action-Focused,51.779961181565106,10.052448674439516,A,Benefit-Focused,41.72751250712559,High,3,Model-Based A/B Evaluation,Estimated model-based performance; not based on actual customer engagement data.
C000406,Core Active,Core Relationship Customer,Moderate Risk,Low Cross-Sell Opportunity,Priority 2,P008,Premium Banking,0.3672046926005508,0.0,customer profile supports premium banking services; positive response to previous recommendations,Engagement,Highlight premium services and exclusive benefits,Priority 2,0.3672046926005508,True,Explore Premium Banking,A financial option worth exploring,Take a closer look at Premium Banking and see how it could complement your banking needs.,Learn More,Fallback,Discover Premium Banking,An option worth exploring,Explore Premium Banking and learn how it may complement your financial needs.,Learn More,See what Premium Banking can offer,Take a closer look at Premium Banking,Learn more about Premium Banking and consider whether it could complement your financial needs.,Learn More,Benefit-Focused,Action-Focused,A/B,Benefit-Focused,Action-Focused,8.99217906051443,89.87013787891556,B,Action-Focused,80.87795881840113,High,3,Model-Based A/B Evaluation,Estimated model-based performance; not based on actual customer engagement data.
C000407,Core Active,Core Relationship Customer,High Risk,Moderate Cross-Sell Opportunity,Priority 2,P003,Rewards Credit Card,0.501303624481445,0.0,spending and transaction patterns support a rewards credit card; positive response to previous recommendations,Retention,"Strengthen the customer relationship while highlight rewards, benefits and spending value",Priority 2,0.501303624481445,True,Discover more value with Rewards Credit Card,Benefits designed around your banking needs,Explore Rewards Credit Card and discover an option designed to support your evolving financial needs.,Explore Rewards Credit Card,Fallback,Discover more value with Rewards Credit Card,More value for your banking journey,Explore Rewards Credit Card and discover an option that may complement your evolving financial needs.,Explore Rewards Credit Card,Keep exploring your options with Rewards Credit Card,Consider your next banking opportunity,Take a closer look at Rewards Credit Card and consider whether it could be a suitable addition to your financial plans.,Learn More,Benefit-Focused,Action-Focused,A/B,Benefit-Focused,Action-Focused,93.9033265412172,11.253017845458777,A,Benefit-Focused,82.65030869575843,High,3,Model-Based A/B Evaluation,Estimated model-based performance; not based on actual customer engagement data.
C000408,Core Active,Core Relationship Customer,Low Risk,Moderate Cross-Sell Opportunity,Priority 3,P007,Term Insurance,0.3997166523021704,0.0,customer profile indicates potential protection needs,Cross-Sell,Introduce a complementary product and highlight financial protection and security,Priority 3,0.3997166523021704,True,Discover Term Insurance,An option selected with your needs in mind,Explore Term Insurance and discover how it may complement your financial needs.,Explore Term Insurance,Fallback,Explore Term Insurance for your financial needs,Discover another option for your financial journey,"Based on your banking relationship, explore Term Insurance and see how it may complement your existing financial needs.",Explore Term Insurance,Have you explored Term Insurance?,Consider adding Term Insurance to your financial plans,Take the next step and learn more about Term Insurance. Review the available information to see whether it fits your financial needs.,Learn More,Benefit-Focused,Action-Focused,A/B,Benefit-Focused,Action-Focused,50.60199171267349,8.972643327955534,A,Benefit-Focused,41.62934838471796,High,3,Model-Based A/B Evaluation,Estimated model-based performance; not based on actual customer engagement data.
C000409,Core Active,Core Relationship Customer,High Risk,Moderate Cross-Sell Opportunity,Priority 3,P003,Rewards Credit Card,0.4131873494439315,0.0,spending and transaction patterns support a rewards credit card; strong digital affinity,Retention,"Strengthen the customer relationship while highlight rewards, benefits and spending value",Priority 3,0.4131873494439315,True,Discover more value with Rewards Credit Card,Benefits designed around your banking needs,Explore Rewards Credit Card and discover an option designed to support your evolving financial needs.,Explore Rewards Credit Card,Fallback,Discover more value with Rewards Credit Card,More value for your banking journey,Explore Rewards Credit Card and discover an option that may complement your evolving financial needs.,Explore Rewards Credit Card,Keep exploring your options with Rewards Credit Card,Consider your next banking opportunity,Take a closer look at Rewards Credit Card and consider whether it could be a suitable addition to your financial plans.,Learn More,Benefit-Focused,Action-Focused,A/B,Benefit-Focused,Action-Focused,91.74551826902065,9.275026929278607,A,Benefit-Focused,82.47049133974204,High,3,Model-Based A/B Evaluation,Estimated model-based performance; not based on actual customer engagement data.
C000410,Core Active,Core Relationship Customer,Low Risk,Moderate Cross-Sell Opportunity,Priority 3,P008,Premium Banking,0.394304283360847,0.0,customer profile supports premium banking services,Cross-Sell,Introduce a complementary product and highlight premium services and exclusive benefits,Priority 3,0.394304283360847,True,Discover Premium Banking,An option selected with your needs in mind,Explore Premium Banking and discover how it may complement your financial needs.,Explore Premium Banking,Fallback,Explore Premium Banking for your financial needs,Discover another option for your financial journey,"Based on your banking relationship, explore Premium Banking and see how it may complement your existing financial needs.",Explore Premium Banking,Have you explored Premium Banking?,Consider adding Premium Banking to your financial plans,Take the next step and learn more about Premium Banking. Review the available information to see whether it fits your financial needs.,Learn More,Benefit-Focused,Action-Focused,A/B,Benefit-Focused,Action-Focused,50.46945258220303,8.851149125024287,A,Benefit-Focused,41.61830345717875,High,3,Model-Based A/B Evaluation,Estimated model-based performance; not based on actual customer engagement data.
C000411,Dormant / Declining,Dormant Reactivation Target,Critical Risk,Low Cross-Sell Opportunity,Priority 4,P008,Premium Banking,0.1340572659415048,0.0,customer profile supports premium banking services,Retention,Strengthen the customer relationship while highlight premium services and exclusive benefits,Priority 4,0.1340572659415048,True,Discover more value with Premium Banking,Benefits designed around your banking needs,Explore Premium Banking and discover an option designed to support your evolving financial needs.,Explore Premium Banking,Fallback,Discover more value with Premium Banking,More value for your banking journey,Explore Premium Banking and discover an option that may complement your evolving financial needs.,Explore Premium Banking,Keep exploring your options with Premium Banking,Consider your next banking opportunity,Take a closer look at Premium Banking and consider whether it could be a suitable addition to your financial plans.,Learn More,Benefit-Focused,Action-Focused,A/B,Benefit-Focused,Action-Focused,84.91012715717406,3.0092517434192283,A,Benefit-Focused,81.90087541375483,High,3,Model-Based A/B Evaluation,Estimated model-based performance; not based on actual customer engagement data.
C000412,Premium High-Value,Premium Digital Customer,Moderate Risk,Moderate Cross-Sell Opportunity,Priority 3,P008,Premium Banking,0.5869453515431533,0.0,customer profile supports premium banking services; strong digital affinity; strong segment fit,Cross-Sell,Introduce a complementary product and highlight premium services and exclusive benefits,Priority 3,0.5869453515431533,True,Discover Premium Banking,An option selected with your needs in mind,Explore Premium Banking and discover how it may complement your financial needs.,Explore Premium Banking,Fallback,Explore Premium Banking for your financial needs,Discover another option for your financial journey,"Based on your banking relationship, explore Premium Banking and see how it may complement your existing financial needs.",Explore Premium Banking,Have you explored Premium Banking?,Consider adding Premium Banking to your financial plans,Take the next step and learn more about Premium Banking. Review the available information to see whether it fits your financial needs.,Learn More,Benefit-Focused,Action-Focused,A/B,Benefit-Focused,Action-Focused,55.18688407044505,13.175461322579466,A,Benefit-Focused,42.01142274786559,High,3,Model-Based A/B Evaluation,Estimated model-based performance; not based on actual customer engagement data.
C000413,Core Active,Core Relationship Customer,High Risk,Moderate Cross-Sell Opportunity,Priority 3,P008,Premium Banking,0.4428367600088213,0.0,customer profile supports premium banking services,Retention,Strengthen the customer relationship while highlight premium services and exclusive benefits,Priority 3,0.4428367600088213,True,Discover more value with Premium Banking,Benefits designed around your banking needs,Explore Premium Banking and discover an option designed to support your evolving financial needs.,Explore Premium Banking,Fallback,Discover more value with Premium Banking,More value for your banking journey,Explore Premium Banking and discover an option that may complement your evolving financial needs.,Explore Premium Banking,Keep exploring your options with Premium Banking,Consider your next banking opportunity,Take a closer look at Premium Banking and consider whether it could be a suitable addition to your financial plans.,Learn More,Benefit-Focused,Action-Focused,A/B,Benefit-Focused,Action-Focused,92.47157873123872,9.940582352978497,A,Benefit-Focused,82.53099637826023,High,3,Model-Based A/B Evaluation,Estimated model-based performance; not based on actual customer engagement data.
C000414,Premium High-Value,Premium Relationship Customer,Moderate Risk,Moderate Cross-Sell Opportunity,Priority 2,P008,Premium Banking,0.6546955782728098,0.0,customer profile supports premium banking services; strong segment fit; positive response to previous recommendations,Cross-Sell,Introduce a complementary product and highlight premium services and exclusive benefits,Priority 2,0.6546955782728098,True,Discover Premium Banking,An option selected with your needs in mind,Explore Premium Banking and discover how it may complement your financial needs.,Explore Premium Banking,Fallback,Explore Premium Banking for your financial needs,Discover another option for your financial journey,"Based on your banking relationship, explore Premium Banking and see how it may complement your existing financial needs.",Explore Premium Banking,Have you explored Premium Banking?,Consider adding Premium Banking to your financial plans,Take the next step and learn more about Premium Banking. Review the available information to see whether it fits your financial needs.,Learn More,Benefit-Focused,Action-Focused,A/B,Benefit-Focused,Action-Focused,56.845964638912186,14.696285177007674,A,Benefit-Focused,42.14967946190451,High,3,Model-Based A/B Evaluation,Estimated model-based performance; not based on actual customer engagement data.
C000415,Premium High-Value,Premium Relationship Customer,Low Risk,Moderate Cross-Sell Opportunity,Priority 2,P008,Premium Banking,0.579595609821273,0.0,customer profile supports premium banking services; strong segment fit,Cross-Sell,Introduce a complementary product and highlight premium services and exclusive benefits,Priority 2,0.579595609821273,True,Discover Premium Banking,An option selected with your needs in mind,Explore Premium Banking and discover how it may complement your financial needs.,Explore Premium Banking,Fallback,Explore Premium Banking for your financial needs,Discover another option for your financial journey,"Based on your banking relationship, explore Premium Banking and see how it may complement your existing financial needs.",Explore Premium Banking,Have you explored Premium Banking?,Consider adding Premium Banking to your financial plans,Take the next step and learn more about Premium Banking. Review the available information to see whether it fits your financial needs.,Learn More,Benefit-Focused,Action-Focused,A/B,Benefit-Focused,Action-Focused,55.00690218311232,13.0104779258578,A,Benefit-Focused,41.99642425725452,High,3,Model-Based A/B Evaluation,Estimated model-based performance; not based on actual customer engagement data.
C000416,Premium High-Value,Premium Relationship Customer,Low Risk,Moderate Cross-Sell Opportunity,Priority 2,P004,Personal Loan,0.8898570469527246,0.0,financial capacity and transaction activity support borrowing needs; strong income profile; high transaction activity,Cross-Sell,Introduce a complementary product and highlight flexible financing and convenience,Priority 2,0.8898570469527246,True,Discover Personal Loan,An option selected with your needs in mind,Explore Personal Loan and discover how it may complement your financial needs.,Explore Personal Loan,Fallback,Explore Personal Loan for your financial needs,Discover another option for your financial journey,"Based on your banking relationship, explore Personal Loan and see how it may complement your existing financial needs.",Explore Personal Loan,Have you explored Personal Loan?,Consider adding Personal Loan to your financial plans,Take the next step and learn more about Personal Loan. Review the available information to see whether it fits your financial needs.,Learn More,Benefit-Focused,Action-Focused,A/B,Benefit-Focused,Action-Focused,62.60464386364543,19.975074466346484,A,Benefit-Focused,42.629569397298944,High,3,Model-Based A/B Evaluation,Estimated model-based performance; not based on actual customer engagement data.
C000417,Premium High-Value,Premium Digital Customer,Low Risk,Moderate Cross-Sell Opportunity,Priority 3,P004,Personal Loan,0.6331274282135069,0.0,financial capacity and transaction activity support borrowing needs; high transaction activity; strong digital affinity,Cross-Sell,Introduce a complementary product and highlight flexible financing and convenience,Priority 3,0.6331274282135069,True,Discover Personal Loan,An option selected with your needs in mind,Explore Personal Loan and discover how it may complement your financial needs.,Explore Personal Loan,Fallback,Explore Personal Loan for your financial needs,Discover another option for your financial journey,"Based on your banking relationship, explore Personal Loan and see how it may complement your existing financial needs.",Explore Personal Loan,Have you explored Personal Loan?,Consider adding Personal Loan to your financial plans,Take the next step and learn more about Personal Loan. Review the available information to see whether it fits your financial needs.,Learn More,Benefit-Focused,Action-Focused,A/B,Benefit-Focused,Action-Focused,56.31779963654313,14.212133924836046,A,Benefit-Focused,42.10566571170708,High,3,Model-Based A/B Evaluation,Estimated model-based performance; not based on actual customer engagement data.
C000418,At Risk,At-Risk Declining Customer,Critical Risk,Low Cross-Sell Opportunity,Priority 4,P007,Term Insurance,0.1725984452637176,0.0,customer profile indicates potential protection needs,Retention,Strengthen the customer relationship while highlight financial protection and security,Priority 4,0.1725984452637176,True,Discover more value with Term Insurance,Benefits designed around your banking needs,Explore Term Insurance and discover an option designed to support your evolving financial needs.,Explore Term Insurance,Fallback,Discover more value with Term Insurance,More value for your banking journey,Explore Term Insurance and discover an option that may complement your evolving financial needs.,Explore Term Insurance,Keep exploring your options with Term Insurance,Consider your next banking opportunity,Take a closer look at Term Insurance and consider whether it could be a suitable addition to your financial plans.,Learn More,Benefit-Focused,Action-Focused,A/B,Benefit-Focused,Action-Focused,85.85393096102615,3.8744052302836356,A,Benefit-Focused,81.97952573074251,High,3,Model-Based A/B Evaluation,Estimated model-based performance; not based on actual customer engagement data.
C000419,Dormant / Declining,Dormant Reactivation Target,Critical Risk,Low Cross-Sell Opportunity,Priority 4,P007,Term Insurance,0.1790998509372063,0.0,customer profile indicates potential protection needs,Retention,Strengthen the customer relationship while highlight financial protection and security,Priority 4,0.1790998509372063,True,Discover more value with Term Insurance,Benefits designed around your banking needs,Explore Term Insurance and discover an option designed to support your evolving financial needs.,Explore Term Insurance,Fallback,Discover more value with Term Insurance,More value for your banking journey,Explore Term Insurance and discover an option that may complement your evolving financial needs.,Explore Term Insurance,Keep exploring your options with Term Insurance,Consider your next banking opportunity,Take a closer look at Term Insurance and consider whether it could be a suitable addition to your financial plans.,Learn More,Benefit-Focused,Action-Focused,A/B,Benefit-Focused,Action-Focused,86.01313863222181,4.02034559554633,A,Benefit-Focused,81.99279303667548,High,3,Model-Based A/B Evaluation,Estimated model-based performance; not based on actual customer engagement data.
C000420,Dormant / Declining,Dormant Reactivation Target,Critical Risk,Low Cross-Sell Opportunity,Priority 4,P007,Term Insurance,0.1548285692326085,0.0,customer profile indicates potential protection needs,Retention,Strengthen the customer relationship while highlight financial protection and security,Priority 4,0.1548285692326085,True,Discover more value with Term Insurance,Benefits designed around your banking needs,Explore Term Insurance and discover an option designed to support your evolving financial needs.,Explore Term Insurance,Fallback,Discover more value with Term Insurance,More value for your banking journey,Explore Term Insurance and discover an option that may complement your evolving financial needs.,Explore Term Insurance,Keep exploring your options with Term Insurance,Consider your next banking opportunity,Take a closer look at Term Insurance and consider whether it could be a suitable addition to your financial plans.,Learn More,Benefit-Focused,Action-Focused,A/B,Benefit-Focused,Action-Focused,85.41877882279164,3.475515770235332,A,Benefit-Focused,81.9432630525563,High,3,Model-Based A/B Evaluation,Estimated model-based performance; not based on actual customer engagement data.
C000421,Core Active,Core Relationship Customer,Low Risk,Moderate Cross-Sell Opportunity,Priority 3,P008,Premium Banking,0.4396460515568651,0.0,customer profile supports premium banking services,Cross-Sell,Introduce a complementary product and highlight premium services and exclusive benefits,Priority 3,0.4396460515568651,True,Discover Premium Banking,An option selected with your needs in mind,Explore Premium Banking and discover how it may complement your financial needs.,Explore Premium Banking,Fallback,Explore Premium Banking for your financial needs,Discover another option for your financial journey,"Based on your banking relationship, explore Premium Banking and see how it may complement your existing financial needs.",Explore Premium Banking,Have you explored Premium Banking?,Consider adding Premium Banking to your financial plans,Take the next step and learn more about Premium Banking. Review the available information to see whether it fits your financial needs.,Learn More,Benefit-Focused,Action-Focused,A/B,Benefit-Focused,Action-Focused,51.579790512939816,9.86895889486634,A,Benefit-Focused,41.71083161807348,High,3,Model-Based A/B Evaluation,Estimated model-based performance; not based on actual customer engagement data.
C000422,Premium High-Value,Premium Digital Customer,Moderate Risk,Moderate Cross-Sell Opportunity,Priority 2,P004,Personal Loan,0.7195723981062263,0.0,financial capacity and transaction activity support borrowing needs; strong digital affinity; strong segment fit,Cross-Sell,Introduce a complementary product and highlight flexible financing and convenience,Priority 2,0.7195723981062263,True,Discover Personal Loan,An option selected with your needs in mind,Explore Personal Loan and discover how it may complement your financial needs.,Explore Personal Loan,Fallback,Explore Personal Loan for your financial needs,Discover another option for your financial journey,"Based on your banking relationship, explore Personal Loan and see how it may complement your existing financial needs.",Explore Personal Loan,Have you explored Personal Loan?,Consider adding Personal Loan to your financial plans,Take the next step and learn more about Personal Loan. Review the available information to see whether it fits your financial needs.,Learn More,Benefit-Focused,Action-Focused,A/B,Benefit-Focused,Action-Focused,58.43468066725942,16.152608202992642,A,Benefit-Focused,42.282072464266776,High,3,Model-Based A/B Evaluation,Estimated model-based performance; not based on actual customer engagement data.
C000423,Premium High-Value,Premium Relationship Customer,Moderate Risk,Moderate Cross-Sell Opportunity,Priority 2,P008,Premium Banking,0.6319231674901461,0.0,customer profile supports premium banking services; strong digital affinity; strong segment fit,Cross-Sell,Introduce a complementary product and highlight premium services and exclusive benefits,Priority 2,0.6319231674901461,True,Discover Premium Banking,An option selected with your needs in mind,Explore Premium Banking and discover how it may complement your financial needs.,Explore Premium Banking,Fallback,Explore Premium Banking for your financial needs,Discover another option for your financial journey,"Based on your banking relationship, explore Premium Banking and see how it may complement your existing financial needs.",Explore Premium Banking,Have you explored Premium Banking?,Consider adding Premium Banking to your financial plans,Take the next step and learn more about Premium Banking. Review the available information to see whether it fits your financial needs.,Learn More,Benefit-Focused,Action-Focused,A/B,Benefit-Focused,Action-Focused,56.28830946858445,14.185101270873924,A,Benefit-Focused,42.10320819771053,High,3,Model-Based A/B Evaluation,Estimated model-based performance; not based on actual customer engagement data.
C000424,At Risk,At-Risk Declining Customer,Critical Risk,Low Cross-Sell Opportunity,Priority 4,P007,Term Insurance,0.2894208365591177,0.0,customer profile indicates potential protection needs,Retention,Strengthen the customer relationship while highlight financial protection and security,Priority 4,0.2894208365591177,True,Discover more value with Term Insurance,Benefits designed around your banking needs,Explore Term Insurance and discover an option designed to support your evolving financial needs.,Explore Term Insurance,Fallback,Discover more value with Term Insurance,More value for your banking journey,Explore Term Insurance and discover an option that may complement your evolving financial needs.,Explore Term Insurance,Keep exploring your options with Term Insurance,Consider your next banking opportunity,Take a closer look at Term Insurance and consider whether it could be a suitable addition to your financial plans.,Learn More,Benefit-Focused,Action-Focused,A/B,Benefit-Focused,Action-Focused,88.71470012322324,6.49677696229764,A,Benefit-Focused,82.2179231609256,High,3,Model-Based A/B Evaluation,Estimated model-based performance; not based on actual customer engagement data.
C000425,Core Active,Core Relationship Customer,Critical Risk,Low Cross-Sell Opportunity,Priority 3,P007,Term Insurance,0.354264379297839,0.0,customer profile indicates potential protection needs,Retention,Strengthen the customer relationship while highlight financial protection and security,Priority 3,0.354264379297839,True,Discover more value with Term Insurance,Benefits designed around your banking needs,Explore Term Insurance and discover an option designed to support your evolving financial needs.,Explore Term Insurance,Fallback,Discover more value with Term Insurance,More value for your banking journey,Explore Term Insurance and discover an option that may complement your evolving financial needs.,Explore Term Insurance,Keep exploring your options with Term Insurance,Consider your next banking opportunity,Take a closer look at Term Insurance and consider whether it could be a suitable addition to your financial plans.,Learn More,Benefit-Focused,Action-Focused,A/B,Benefit-Focused,Action-Focused,90.3026012556823,7.952353000385129,A,Benefit-Focused,82.35024825529717,High,3,Model-Based A/B Evaluation,Estimated model-based performance; not based on actual customer engagement data.
C000426,Core Active,Core Digital Customer,Moderate Risk,Moderate Cross-Sell Opportunity,Priority 2,P003,Rewards Credit Card,0.4777161820895542,0.0,spending and transaction patterns support a rewards credit card; strong digital affinity; positive response to previous recommendations,Cross-Sell,"Introduce a complementary product and highlight rewards, benefits and spending value",Priority 2,0.4777161820895542,True,Discover Rewards Credit Card,An option selected with your needs in mind,Explore Rewards Credit Card and discover how it may complement your financial needs.,Explore Rewards Credit Card,Fallback,Explore Rewards Credit Card for your financial needs,Discover another option for your financial journey,"Based on your banking relationship, explore Rewards Credit Card and see how it may complement your existing financial needs.",Explore Rewards Credit Card,Have you explored Rewards Credit Card?,Consider adding Rewards Credit Card to your financial plans,Take the next step and learn more about Rewards Credit Card. Review the available information to see whether it fits your financial needs.,Learn More,Benefit-Focused,Action-Focused,A/B,Benefit-Focused,Action-Focused,52.512059183535186,10.723538509578765,A,Benefit-Focused,41.78852067395642,High,3,Model-Based A/B Evaluation,Estimated model-based performance; not based on actual customer engagement data.
C000427,Premium High-Value,Premium Relationship Customer,Moderate Risk,Moderate Cross-Sell Opportunity,Priority 2,P003,Rewards Credit Card,0.7347444765773394,0.0,spending and transaction patterns support a rewards credit card; strong digital affinity; strong segment fit,Cross-Sell,"Introduce a complementary product and highlight rewards, benefits and spending value",Priority 2,0.7347444765773394,True,Discover Rewards Credit Card,An option selected with your needs in mind,Explore Rewards Credit Card and discover how it may complement your financial needs.,Explore Rewards Credit Card,Fallback,Explore Rewards Credit Card for your financial needs,Discover another option for your financial journey,"Based on your banking relationship, explore Rewards Credit Card and see how it may complement your existing financial needs.",Explore Rewards Credit Card,Have you explored Rewards Credit Card?,Consider adding Rewards Credit Card to your financial plans,Take the next step and learn more about Rewards Credit Card. Review the available information to see whether it fits your financial needs.,Learn More,Benefit-Focused,Action-Focused,A/B,Benefit-Focused,Action-Focused,58.80621743975061,16.49318357777623,A,Benefit-Focused,42.31303386197438,High,3,Model-Based A/B Evaluation,Estimated model-based performance; not based on actual customer engagement data.
C000428,Core Active,Core Relationship Customer,Moderate Risk,Moderate Cross-Sell Opportunity,Priority 3,P003,Rewards Credit Card,0.4067308172203094,0.0,spending and transaction patterns support a rewards credit card; positive response to previous recommendations,Cross-Sell,"Introduce a complementary product and highlight rewards, benefits and spending value",Priority 3,0.4067308172203094,True,Discover Rewards Credit Card,An option selected with your needs in mind,Explore Rewards Credit Card and discover how it may complement your financial needs.,Explore Rewards Credit Card,Fallback,Explore Rewards Credit Card for your financial needs,Discover another option for your financial journey,"Based on your banking relationship, explore Rewards Credit Card and see how it may complement your existing financial needs.",Explore Rewards Credit Card,Have you explored Rewards Credit Card?,Consider adding Rewards Credit Card to your financial plans,Take the next step and learn more about Rewards Credit Card. Review the available information to see whether it fits your financial needs.,Learn More,Benefit-Focused,Action-Focused,A/B,Benefit-Focused,Action-Focused,50.77375593076451,9.13009386120563,A,Benefit-Focused,41.64366206955888,High,3,Model-Based A/B Evaluation,Estimated model-based performance; not based on actual customer engagement data.
C000429,Core Active,Core Relationship Customer,Moderate Risk,Low Cross-Sell Opportunity,Priority 3,P008,Premium Banking,0.3833451272194982,0.0,customer profile supports premium banking services,Engagement,Highlight premium services and exclusive benefits,Priority 3,0.3833451272194982,True,Explore Premium Banking,A financial option worth exploring,Take a closer look at Premium Banking and see how it could complement your banking needs.,Learn More,Fallback,Discover Premium Banking,An option worth exploring,Explore Premium Banking and learn how it may complement your financial needs.,Learn More,See what Premium Banking can offer,Take a closer look at Premium Banking,Learn more about Premium Banking and consider whether it could complement your financial needs.,Learn More,Benefit-Focused,Action-Focused,A/B,Benefit-Focused,Action-Focused,9.387429124396329,90.23245043747397,B,Action-Focused,80.84502131307764,High,3,Model-Based A/B Evaluation,Estimated model-based performance; not based on actual customer engagement data.
C000430,At Risk,At-Risk Engagement Customer,High Risk,Low Cross-Sell Opportunity,Priority 3,P003,Rewards Credit Card,0.3581975008678165,0.0,spending and transaction patterns support a rewards credit card,Retention,"Strengthen the customer relationship while highlight rewards, benefits and spending value",Priority 3,0.3581975008678165,True,Discover more value with Rewards Credit Card,Benefits designed around your banking needs,Explore Rewards Credit Card and discover an option designed to support your evolving financial needs.,Explore Rewards Credit Card,Fallback,Discover more value with Rewards Credit Card,More value for your banking journey,Explore Rewards Credit Card and discover an option that may complement your evolving financial needs.,Explore Rewards Credit Card,Keep exploring your options with Rewards Credit Card,Consider your next banking opportunity,Take a closer look at Rewards Credit Card and consider whether it could be a suitable addition to your financial plans.,Learn More,Benefit-Focused,Action-Focused,A/B,Benefit-Focused,Action-Focused,90.39891629232723,8.040641783976307,A,Benefit-Focused,82.35827450835092,High,3,Model-Based A/B Evaluation,Estimated model-based performance; not based on actual customer engagement data.
C000431,Core Active,Core Relationship Customer,Moderate Risk,Moderate Cross-Sell Opportunity,Priority 3,P008,Premium Banking,0.4207686483510648,0.0,customer profile supports premium banking services; positive response to previous recommendations,Cross-Sell,Introduce a complementary product and highlight premium services and exclusive benefits,Priority 3,0.4207686483510648,True,Discover Premium Banking,An option selected with your needs in mind,Explore Premium Banking and discover how it may complement your financial needs.,Explore Premium Banking,Fallback,Explore Premium Banking for your financial needs,Discover another option for your financial journey,"Based on your banking relationship, explore Premium Banking and see how it may complement your existing financial needs.",Explore Premium Banking,Have you explored Premium Banking?,Consider adding Premium Banking to your financial plans,Take the next step and learn more about Premium Banking. Review the available information to see whether it fits your financial needs.,Learn More,Benefit-Focused,Action-Focused,A/B,Benefit-Focused,Action-Focused,51.11751703647111,9.445208208103345,A,Benefit-Focused,41.67230882836776,High,3,Model-Based A/B Evaluation,Estimated model-based performance; not based on actual customer engagement data.
C000432,Core Active,Core Relationship Customer,Moderate Risk,Moderate Cross-Sell Opportunity,Priority 3,P007,Term Insurance,0.3665599284684012,0.0,customer profile indicates potential protection needs,Cross-Sell,Introduce a complementary product and highlight financial protection and security,Priority 3,0.3665599284684012,True,Discover Term Insurance,An option selected with your needs in mind,Explore Term Insurance and discover how it may complement your financial needs.,Explore Term Insurance,Fallback,Explore Term Insurance for your financial needs,Discover another option for your financial journey,"Based on your banking relationship, explore Term Insurance and see how it may complement your existing financial needs.",Explore Term Insurance,Have you explored Term Insurance?,Consider adding Term Insurance to your financial plans,Take the next step and learn more about Term Insurance. Review the available information to see whether it fits your financial needs.,Learn More,Benefit-Focused,Action-Focused,A/B,Benefit-Focused,Action-Focused,49.79004348929495,8.228357456525208,A,Benefit-Focused,41.56168603276974,High,3,Model-Based A/B Evaluation,Estimated model-based performance; not based on actual customer engagement data.
C000433,Core Active,Core Relationship Customer,Low Risk,Moderate Cross-Sell Opportunity,Priority 2,P007,Term Insurance,0.4444210868504294,0.0,customer profile indicates potential protection needs,Cross-Sell,Introduce a complementary product and highlight financial protection and security,Priority 2,0.4444210868504294,True,Discover Term Insurance,An option selected with your needs in mind,Explore Term Insurance and discover how it may complement your financial needs.,Explore Term Insurance,Fallback,Explore Term Insurance for your financial needs,Discover another option for your financial journey,"Based on your banking relationship, explore Term Insurance and see how it may complement your existing financial needs.",Explore Term Insurance,Have you explored Term Insurance?,Consider adding Term Insurance to your financial plans,Take the next step and learn more about Term Insurance. Review the available information to see whether it fits your financial needs.,Learn More,Benefit-Focused,Action-Focused,A/B,Benefit-Focused,Action-Focused,51.69672249459811,9.976146544719775,A,Benefit-Focused,41.72057594987834,High,3,Model-Based A/B Evaluation,Estimated model-based performance; not based on actual customer engagement data.
C000434,Core Active,Core Digital Customer,Low Risk,Moderate Cross-Sell Opportunity,Priority 2,P003,Rewards Credit Card,0.5222587692297982,0.0,spending and transaction patterns support a rewards credit card; strong digital affinity; positive response to previous recommendations,Cross-Sell,"Introduce a complementary product and highlight rewards, benefits and spending value",Priority 2,0.5222587692297982,True,Discover Rewards Credit Card,An option selected with your needs in mind,Explore Rewards Credit Card and discover how it may complement your financial needs.,Explore Rewards Credit Card,Fallback,Explore Rewards Credit Card for your financial needs,Discover another option for your financial journey,"Based on your banking relationship, explore Rewards Credit Card and see how it may complement your existing financial needs.",Explore Rewards Credit Card,Have you explored Rewards Credit Card?,Consider adding Rewards Credit Card to your financial plans,Take the next step and learn more about Rewards Credit Card. Review the available information to see whether it fits your financial needs.,Learn More,Benefit-Focused,Action-Focused,A/B,Benefit-Focused,Action-Focused,53.60282661503789,11.723408655122908,A,Benefit-Focused,41.87941795991498,High,3,Model-Based A/B Evaluation,Estimated model-based performance; not based on actual customer engagement data.
C000435,Core Active,Core Relationship Customer,Moderate Risk,Low Cross-Sell Opportunity,Priority 3,P003,Rewards Credit Card,0.3777498600270287,0.0,spending and transaction patterns support a rewards credit card,Engagement,"Highlight rewards, benefits and spending value",Priority 3,0.3777498600270287,True,Explore Rewards Credit Card,A financial option worth exploring,Take a closer look at Rewards Credit Card and see how it could complement your banking needs.,Learn More,Fallback,Discover Rewards Credit Card,An option worth exploring,Explore Rewards Credit Card and learn how it may complement your financial needs.,Learn More,See what Rewards Credit Card can offer,Take a closer look at Rewards Credit Card,Learn more about Rewards Credit Card and consider whether it could complement your financial needs.,Learn More,Benefit-Focused,Action-Focused,A/B,Benefit-Focused,Action-Focused,9.250411146413025,90.10685062432259,B,Action-Focused,80.85643947790956,High,3,Model-Based A/B Evaluation,Estimated model-based performance; not based on actual customer engagement data.
C000436,At Risk,At-Risk Engagement Customer,Critical Risk,Low Cross-Sell Opportunity,Priority 4,P008,Premium Banking,0.2550599883460741,0.0,customer profile supports premium banking services,Retention,Strengthen the customer relationship while highlight premium services and exclusive benefits,Priority 4,0.2550599883460741,True,Discover more value with Premium Banking,Benefits designed around your banking needs,Explore Premium Banking and discover an option designed to support your evolving financial needs.,Explore Premium Banking,Fallback,Discover more value with Premium Banking,More value for your banking journey,Explore Premium Banking and discover an option that may complement your evolving financial needs.,Explore Premium Banking,Keep exploring your options with Premium Banking,Consider your next banking opportunity,Take a closer look at Premium Banking and consider whether it could be a suitable addition to your financial plans.,Learn More,Benefit-Focused,Action-Focused,A/B,Benefit-Focused,Action-Focused,87.87326507070621,5.72546149749036,A,Benefit-Focused,82.14780357321585,High,3,Model-Based A/B Evaluation,Estimated model-based performance; not based on actual customer engagement data.
C000437,Core Active,Core Relationship Customer,Low Risk,Moderate Cross-Sell Opportunity,Priority 3,P003,Rewards Credit Card,0.4560840061793277,0.0,spending and transaction patterns support a rewards credit card,Cross-Sell,"Introduce a complementary product and highlight rewards, benefits and spending value",Priority 3,0.4560840061793277,True,Discover Rewards Credit Card,An option selected with your needs in mind,Explore Rewards Credit Card and discover how it may complement your financial needs.,Explore Rewards Credit Card,Fallback,Explore Rewards Credit Card for your financial needs,Discover another option for your financial journey,"Based on your banking relationship, explore Rewards Credit Card and see how it may complement your existing financial needs.",Explore Rewards Credit Card,Have you explored Rewards Credit Card?,Consider adding Rewards Credit Card to your financial plans,Take the next step and learn more about Rewards Credit Card. Review the available information to see whether it fits your financial needs.,Learn More,Benefit-Focused,Action-Focused,A/B,Benefit-Focused,Action-Focused,51.98232630382795,10.237950036513793,A,Benefit-Focused,41.74437626731416,High,3,Model-Based A/B Evaluation,Estimated model-based performance; not based on actual customer engagement data.
C000438,Dormant / Declining,Dormant Reactivation Target,Critical Risk,Low Cross-Sell Opportunity,Priority 4,P008,Premium Banking,0.2073100449230312,0.0,customer profile supports premium banking services,Retention,Strengthen the customer relationship while highlight premium services and exclusive benefits,Priority 4,0.2073100449230312,True,Discover more value with Premium Banking,Benefits designed around your banking needs,Explore Premium Banking and discover an option designed to support your evolving financial needs.,Explore Premium Banking,Fallback,Discover more value with Premium Banking,More value for your banking journey,Explore Premium Banking and discover an option that may complement your evolving financial needs.,Explore Premium Banking,Keep exploring your options with Premium Banking,Consider your next banking opportunity,Take a closer look at Premium Banking and consider whether it could be a suitable addition to your financial plans.,Learn More,Benefit-Focused,Action-Focused,A/B,Benefit-Focused,Action-Focused,86.70395528234651,4.653594191493978,A,Benefit-Focused,82.05036109085253,High,3,Model-Based A/B Evaluation,Estimated model-based performance; not based on actual customer engagement data.
C000439,Core Active,Core Relationship Customer,Moderate Risk,Moderate Cross-Sell Opportunity,Priority 3,P003,Rewards Credit Card,0.4030611763971858,0.0,spending and transaction patterns support a rewards credit card,Cross-Sell,"Introduce a complementary product and highlight rewards, benefits and spending value",Priority 3,0.4030611763971858,True,Discover Rewards Credit Card,An option selected with your needs in mind,Explore Rewards Credit Card and discover how it may complement your financial needs.,Explore Rewards Credit Card,Fallback,Explore Rewards Credit Card for your financial needs,Discover another option for your financial journey,"Based on your banking relationship, explore Rewards Credit Card and see how it may complement your existing financial needs.",Explore Rewards Credit Card,Have you explored Rewards Credit Card?,Consider adding Rewards Credit Card to your financial plans,Take the next step and learn more about Rewards Credit Card. Review the available information to see whether it fits your financial needs.,Learn More,Benefit-Focused,Action-Focused,A/B,Benefit-Focused,Action-Focused,50.68389306126899,9.047719564168084,A,Benefit-Focused,41.636173497100906,High,3,Model-Based A/B Evaluation,Estimated model-based performance; not based on actual customer engagement data.
C000440,Core Active,Core Relationship Customer,Moderate Risk,Low Cross-Sell Opportunity,Priority 3,P007,Term Insurance,0.3977088918918664,0.0,customer profile indicates potential protection needs; strong digital affinity,Engagement,Highlight financial protection and security,Priority 3,0.3977088918918664,True,Explore Term Insurance,A financial option worth exploring,Take a closer look at Term Insurance and see how it could complement your banking needs.,Learn More,Fallback,Discover Term Insurance,An option worth exploring,Explore Term Insurance and learn how it may complement your financial needs.,Learn More,See what Term Insurance can offer,Take a closer look at Term Insurance,Learn more about Term Insurance and consider whether it could complement your financial needs.,Learn More,Benefit-Focused,Action-Focused,A/B,Benefit-Focused,Action-Focused,9.739171753288955,90.55488118062553,B,Action-Focused,80.81570942733657,High,3,Model-Based A/B Evaluation,Estimated model-based performance; not based on actual customer engagement data.
C000441,At Risk,At-Risk Engagement Customer,Moderate Risk,Moderate Cross-Sell Opportunity,Priority 3,P003,Rewards Credit Card,0.4658509284907982,0.0,spending and transaction patterns support a rewards credit card; strong digital affinity,Cross-Sell,"Introduce a complementary product and highlight rewards, benefits and spending value",Priority 3,0.4658509284907982,True,Discover Rewards Credit Card,An option selected with your needs in mind,Explore Rewards Credit Card and discover how it may complement your financial needs.,Explore Rewards Credit Card,Fallback,Explore Rewards Credit Card for your financial needs,Discover another option for your financial journey,"Based on your banking relationship, explore Rewards Credit Card and see how it may complement your existing financial needs.",Explore Rewards Credit Card,Have you explored Rewards Credit Card?,Consider adding Rewards Credit Card to your financial plans,Take the next step and learn more about Rewards Credit Card. Review the available information to see whether it fits your financial needs.,Learn More,Benefit-Focused,Action-Focused,A/B,Benefit-Focused,Action-Focused,52.221500573832216,10.457193117351032,A,Benefit-Focused,41.764307456481184,High,3,Model-Based A/B Evaluation,Estimated model-based performance; not based on actual customer engagement data.
C000442,Core Active,Core Relationship Customer,Moderate Risk,Moderate Cross-Sell Opportunity,Priority 3,P003,Rewards Credit Card,0.3965130343615884,0.0,spending and transaction patterns support a rewards credit card,Cross-Sell,"Introduce a complementary product and highlight rewards, benefits and spending value",Priority 3,0.3965130343615884,True,Discover Rewards Credit Card,An option selected with your needs in mind,Explore Rewards Credit Card and discover how it may complement your financial needs.,Explore Rewards Credit Card,Fallback,Explore Rewards Credit Card for your financial needs,Discover another option for your financial journey,"Based on your banking relationship, explore Rewards Credit Card and see how it may complement your existing financial needs.",Explore Rewards Credit Card,Have you explored Rewards Credit Card?,Consider adding Rewards Credit Card to your financial plans,Take the next step and learn more about Rewards Credit Card. Review the available information to see whether it fits your financial needs.,Learn More,Benefit-Focused,Action-Focused,A/B,Benefit-Focused,Action-Focused,50.523540901058915,8.900730083975517,A,Benefit-Focused,41.6228108170834,High,3,Model-Based A/B Evaluation,Estimated model-based performance; not based on actual customer engagement data.
C000443,Core Active,Core Relationship Customer,Moderate Risk,Low Cross-Sell Opportunity,Priority 4,P004,Personal Loan,0.393421153283105,0.0,financial capacity and transaction activity support borrowing needs,Engagement,Highlight flexible financing and convenience,Priority 4,0.393421153283105,True,Explore Personal Loan,A financial option worth exploring,Take a closer look at Personal Loan and see how it could complement your banking needs.,Learn More,Fallback,Discover Personal Loan,An option worth exploring,Explore Personal Loan and learn how it may complement your financial needs.,Learn More,See what Personal Loan can offer,Take a closer look at Personal Loan,Learn more about Personal Loan and consider whether it could complement your financial needs.,Learn More,Benefit-Focused,Action-Focused,A/B,Benefit-Focused,Action-Focused,9.634172786468547,90.45863212770682,B,Action-Focused,80.82445934123828,High,3,Model-Based A/B Evaluation,Estimated model-based performance; not based on actual customer engagement data.
C000444,Premium High-Value,Premium Relationship Customer,Moderate Risk,Moderate Cross-Sell Opportunity,Priority 2,P008,Premium Banking,0.6528047481211275,0.0,customer profile supports premium banking services; strong digital affinity; strong segment fit,Cross-Sell,Introduce a complementary product and highlight premium services and exclusive benefits,Priority 2,0.6528047481211275,True,Discover Premium Banking,An option selected with your needs in mind,Explore Premium Banking and discover how it may complement your financial needs.,Explore Premium Banking,Fallback,Explore Premium Banking for your financial needs,Discover another option for your financial journey,"Based on your banking relationship, explore Premium Banking and see how it may complement your existing financial needs.",Explore Premium Banking,Have you explored Premium Banking?,Consider adding Premium Banking to your financial plans,Take the next step and learn more about Premium Banking. Review the available information to see whether it fits your financial needs.,Learn More,Benefit-Focused,Action-Focused,A/B,Benefit-Focused,Action-Focused,56.799661626887655,14.653840749318526,A,Benefit-Focused,42.14582087756913,High,3,Model-Based A/B Evaluation,Estimated model-based performance; not based on actual customer engagement data.
C000445,Core Active,Core Relationship Customer,Moderate Risk,Low Cross-Sell Opportunity,Priority 3,P008,Premium Banking,0.4279827938268937,0.0,customer profile supports premium banking services,Engagement,Highlight premium services and exclusive benefits,Priority 3,0.4279827938268937,True,Explore Premium Banking,A financial option worth exploring,Take a closer look at Premium Banking and see how it could complement your banking needs.,Learn More,Fallback,Discover Premium Banking,An option worth exploring,Explore Premium Banking and learn how it may complement your financial needs.,Learn More,See what Premium Banking can offer,Take a closer look at Premium Banking,Learn more about Premium Banking and consider whether it could complement your financial needs.,Learn More,Benefit-Focused,Action-Focused,A/B,Benefit-Focused,Action-Focused,10.480524880157494,91.23445488025503,B,Action-Focused,80.75393000009754,High,3,Model-Based A/B Evaluation,Estimated model-based performance; not based on actual customer engagement data.
C000446,Premium High-Value,Premium Relationship Customer,Moderate Risk,Moderate Cross-Sell Opportunity,Priority 2,P003,Rewards Credit Card,0.6657454419186226,0.0,spending and transaction patterns support a rewards credit card; strong segment fit; positive response to previous recommendations,Cross-Sell,"Introduce a complementary product and highlight rewards, benefits and spending value",Priority 2,0.6657454419186226,True,Discover Rewards Credit Card,An option selected with your needs in mind,Explore Rewards Credit Card and discover how it may complement your financial needs.,Explore Rewards Credit Card,Fallback,Explore Rewards Credit Card for your financial needs,Discover another option for your financial journey,"Based on your banking relationship, explore Rewards Credit Card and see how it may complement your existing financial needs.",Explore Rewards Credit Card,Have you explored Rewards Credit Card?,Consider adding Rewards Credit Card to your financial plans,Take the next step and learn more about Rewards Credit Card. Review the available information to see whether it fits your financial needs.,Learn More,Benefit-Focused,Action-Focused,A/B,Benefit-Focused,Action-Focused,57.116555822793124,14.9443270955652,A,Benefit-Focused,42.172228727227925,High,3,Model-Based A/B Evaluation,Estimated model-based performance; not based on actual customer engagement data.
C000447,Core Active,Core Digital Customer,Low Risk,Moderate Cross-Sell Opportunity,Priority 2,P003,Rewards Credit Card,0.5439619495168841,0.0,spending and transaction patterns support a rewards credit card; strong digital affinity,Cross-Sell,"Introduce a complementary product and highlight rewards, benefits and spending value",Priority 2,0.5439619495168841,True,Discover Rewards Credit Card,An option selected with your needs in mind,Explore Rewards Credit Card and discover how it may complement your financial needs.,Explore Rewards Credit Card,Fallback,Explore Rewards Credit Card for your financial needs,Discover another option for your financial journey,"Based on your banking relationship, explore Rewards Credit Card and see how it may complement your existing financial needs.",Explore Rewards Credit Card,Have you explored Rewards Credit Card?,Consider adding Rewards Credit Card to your financial plans,Take the next step and learn more about Rewards Credit Card. Review the available information to see whether it fits your financial needs.,Learn More,Benefit-Focused,Action-Focused,A/B,Benefit-Focused,Action-Focused,54.13429826356718,12.210590999608083,A,Benefit-Focused,41.9237072639591,High,3,Model-Based A/B Evaluation,Estimated model-based performance; not based on actual customer engagement data.
C000448,At Risk,At-Risk Engagement Customer,Critical Risk,Moderate Cross-Sell Opportunity,Priority 4,P003,Rewards Credit Card,0.2674228804895968,0.0,spending and transaction patterns support a rewards credit card,Retention,"Strengthen the customer relationship while highlight rewards, benefits and spending value",Priority 4,0.2674228804895968,True,Discover more value with Rewards Credit Card,Benefits designed around your banking needs,Explore Rewards Credit Card and discover an option designed to support your evolving financial needs.,Explore Rewards Credit Card,Fallback,Discover more value with Rewards Credit Card,More value for your banking journey,Explore Rewards Credit Card and discover an option that may complement your evolving financial needs.,Explore Rewards Credit Card,Keep exploring your options with Rewards Credit Card,Consider your next banking opportunity,Take a closer look at Rewards Credit Card and consider whether it could be a suitable addition to your financial plans.,Learn More,Benefit-Focused,Action-Focused,A/B,Benefit-Focused,Action-Focused,88.17600994870077,6.00297763565204,A,Benefit-Focused,82.17303231304872,High,3,Model-Based A/B Evaluation,Estimated model-based performance; not based on actual customer engagement data.
C000449,Core Active,Core Relationship Customer,Moderate Risk,Moderate Cross-Sell Opportunity,Priority 3,P004,Personal Loan,0.4240967815567312,0.0,financial capacity and transaction activity support borrowing needs; high transaction activity,Cross-Sell,Introduce a complementary product and highlight flexible financing and convenience,Priority 3,0.4240967815567312,True,Discover Personal Loan,An option selected with your needs in mind,Explore Personal Loan and discover how it may complement your financial needs.,Explore Personal Loan,Fallback,Explore Personal Loan for your financial needs,Discover another option for your financial journey,"Based on your banking relationship, explore Personal Loan and see how it may complement your existing financial needs.",Explore Personal Loan,Have you explored Personal Loan?,Consider adding Personal Loan to your financial plans,Take the next step and learn more about Personal Loan. Review the available information to see whether it fits your financial needs.,Learn More,Benefit-Focused,Action-Focused,A/B,Benefit-Focused,Action-Focused,51.19901700181918,9.519916509672415,A,Benefit-Focused,41.679100492146766,High,3,Model-Based A/B Evaluation,Estimated model-based performance; not based on actual customer engagement data.
C000450,Core Active,Core Relationship Customer,Low Risk,Moderate Cross-Sell Opportunity,Priority 3,P007,Term Insurance,0.3739008499736479,0.0,customer profile indicates potential protection needs,Cross-Sell,Introduce a complementary product and highlight financial protection and security,Priority 3,0.3739008499736479,True,Discover Term Insurance,An option selected with your needs in mind,Explore Term Insurance and discover how it may complement your financial needs.,Explore Term Insurance,Fallback,Explore Term Insurance for your financial needs,Discover another option for your financial journey,"Based on your banking relationship, explore Term Insurance and see how it may complement your existing financial needs.",Explore Term Insurance,Have you explored Term Insurance?,Consider adding Term Insurance to your financial plans,Take the next step and learn more about Term Insurance. Review the available information to see whether it fits your financial needs.,Learn More,Benefit-Focused,Action-Focused,A/B,Benefit-Focused,Action-Focused,49.9698093854682,8.393142861350686,A,Benefit-Focused,41.57666652411751,High,3,Model-Based A/B Evaluation,Estimated model-based performance; not based on actual customer engagement data.
C000451,Core Active,Core Relationship Customer,High Risk,Moderate Cross-Sell Opportunity,Priority 3,P004,Personal Loan,0.4072613974239675,0.0,financial capacity and transaction activity support borrowing needs,Retention,Strengthen the customer relationship while highlight flexible financing and convenience,Priority 3,0.4072613974239675,True,Discover more value with Personal Loan,Benefits designed around your banking needs,Explore Personal Loan and discover an option designed to support your evolving financial needs.,Explore Personal Loan,Fallback,Discover more value with Personal Loan,More value for your banking journey,Explore Personal Loan and discover an option that may complement your evolving financial needs.,Explore Personal Loan,Keep exploring your options with Personal Loan,Consider your next banking opportunity,Take a closer look at Personal Loan and consider whether it could be a suitable addition to your financial plans.,Learn More,Benefit-Focused,Action-Focused,A/B,Benefit-Focused,Action-Focused,91.60040241744983,9.14200406533868,A,Benefit-Focused,82.45839835211115,High,3,Model-Based A/B Evaluation,Estimated model-based performance; not based on actual customer engagement data.
C000452,Premium High-Value,Premium Relationship Customer,High Risk,Moderate Cross-Sell Opportunity,Priority 2,P003,Rewards Credit Card,0.5847942271519383,0.0,spending and transaction patterns support a rewards credit card; strong segment fit,Retention,"Strengthen the customer relationship while highlight rewards, benefits and spending value",Priority 2,0.5847942271519383,True,Discover more value with Rewards Credit Card,Benefits designed around your banking needs,Explore Rewards Credit Card and discover an option designed to support your evolving financial needs.,Explore Rewards Credit Card,Fallback,Discover more value with Rewards Credit Card,More value for your banking journey,Explore Rewards Credit Card and discover an option that may complement your evolving financial needs.,Explore Rewards Credit Card,Keep exploring your options with Rewards Credit Card,Consider your next banking opportunity,Take a closer look at Rewards Credit Card and consider whether it could be a suitable addition to your financial plans.,Learn More,Benefit-Focused,Action-Focused,A/B,Benefit-Focused,Action-Focused,95.94786045979657,13.127173937489871,A,Benefit-Focused,82.8206865223067,High,3,Model-Based A/B Evaluation,Estimated model-based performance; not based on actual customer engagement data.
C000453,Core Active,Core Relationship Customer,Moderate Risk,Moderate Cross-Sell Opportunity,Priority 3,P003,Rewards Credit Card,0.4649419270289157,0.0,spending and transaction patterns support a rewards credit card,Cross-Sell,"Introduce a complementary product and highlight rewards, benefits and spending value",Priority 3,0.4649419270289157,True,Discover Rewards Credit Card,An option selected with your needs in mind,Explore Rewards Credit Card and discover how it may complement your financial needs.,Explore Rewards Credit Card,Fallback,Explore Rewards Credit Card for your financial needs,Discover another option for your financial journey,"Based on your banking relationship, explore Rewards Credit Card and see how it may complement your existing financial needs.",Explore Rewards Credit Card,Have you explored Rewards Credit Card?,Consider adding Rewards Credit Card to your financial plans,Take the next step and learn more about Rewards Credit Card. Review the available information to see whether it fits your financial needs.,Learn More,Benefit-Focused,Action-Focused,A/B,Benefit-Focused,Action-Focused,52.199240771394415,10.436788298449724,A,Benefit-Focused,41.76245247294469,High,3,Model-Based A/B Evaluation,Estimated model-based performance; not based on actual customer engagement data.
C000454,Core Active,Core Relationship Customer,Critical Risk,Moderate Cross-Sell Opportunity,Priority 4,P008,Premium Banking,0.3304999768988536,0.0,customer profile supports premium banking services; strong digital affinity,Retention,Strengthen the customer relationship while highlight premium services and exclusive benefits,Priority 4,0.3304999768988536,True,Discover more value with Premium Banking,Benefits designed around your banking needs,Explore Premium Banking and discover an option designed to support your evolving financial needs.,Explore Premium Banking,Fallback,Discover more value with Premium Banking,More value for your banking journey,Explore Premium Banking and discover an option that may complement your evolving financial needs.,Explore Premium Banking,Keep exploring your options with Premium Banking,Consider your next banking opportunity,Take a closer look at Premium Banking and consider whether it could be a suitable addition to your financial plans.,Learn More,Benefit-Focused,Action-Focused,A/B,Benefit-Focused,Action-Focused,89.72065400407064,7.418901353074439,A,Benefit-Focused,82.3017526509962,High,3,Model-Based A/B Evaluation,Estimated model-based performance; not based on actual customer engagement data.
C000455,Core Active,Core Relationship Customer,Critical Risk,Low Cross-Sell Opportunity,Priority 3,P006,Mutual Fund Plan,0.2737646161441904,0.0,financial capacity indicates potential for investment products,Retention,Strengthen the customer relationship while highlight wealth creation and investment potential,Priority 3,0.2737646161441904,True,Discover more value with Mutual Fund Plan,Benefits designed around your banking needs,Explore Mutual Fund Plan and discover an option designed to support your evolving financial needs.,Explore Mutual Fund Plan,Fallback,Discover more value with Mutual Fund Plan,More value for your banking journey,Explore Mutual Fund Plan and discover an option that may complement your evolving financial needs.,Explore Mutual Fund Plan,Keep exploring your options with Mutual Fund Plan,Consider your next banking opportunity,Take a closer look at Mutual Fund Plan and consider whether it could be a suitable addition to your financial plans.,Learn More,Benefit-Focused,Action-Focused,A/B,Benefit-Focused,Action-Focused,88.3313075897976,6.145333806657473,A,Benefit-Focused,82.18597378314013,High,3,Model-Based A/B Evaluation,Estimated model-based performance; not based on actual customer engagement data.
C000456,Core Active,Core Relationship Customer,Moderate Risk,Moderate Cross-Sell Opportunity,Priority 3,P003,Rewards Credit Card,0.4604902650388586,0.0,spending and transaction patterns support a rewards credit card,Cross-Sell,"Introduce a complementary product and highlight rewards, benefits and spending value",Priority 3,0.4604902650388586,True,Discover Rewards Credit Card,An option selected with your needs in mind,Explore Rewards Credit Card and discover how it may complement your financial needs.,Explore Rewards Credit Card,Fallback,Explore Rewards Credit Card for your financial needs,Discover another option for your financial journey,"Based on your banking relationship, explore Rewards Credit Card and see how it may complement your existing financial needs.",Explore Rewards Credit Card,Have you explored Rewards Credit Card?,Consider adding Rewards Credit Card to your financial plans,Take the next step and learn more about Rewards Credit Card. Review the available information to see whether it fits your financial needs.,Learn More,Benefit-Focused,Action-Focused,A/B,Benefit-Focused,Action-Focused,52.09022761731955,10.336859573881094,A,Benefit-Focused,41.753368043438456,High,3,Model-Based A/B Evaluation,Estimated model-based performance; not based on actual customer engagement data.
C000457,Premium High-Value,Premium Relationship Customer,Low Risk,Moderate Cross-Sell Opportunity,Priority 2,P005,Home Loan,0.8493564423644921,0.0,financial capacity supports a potential home financing need; strong income profile; strong segment fit,Cross-Sell,Introduce a complementary product and highlight long-term home financing value,Priority 2,0.8493564423644921,True,Discover Home Loan,An option selected with your needs in mind,Explore Home Loan and discover how it may complement your financial needs.,Explore Home Loan,Fallback,Explore Home Loan for your financial needs,Discover another option for your financial journey,"Based on your banking relationship, explore Home Loan and see how it may complement your existing financial needs.",Explore Home Loan,Have you explored Home Loan?,Consider adding Home Loan to your financial plans,Take the next step and learn more about Home Loan. Review the available information to see whether it fits your financial needs.,Learn More,Benefit-Focused,Action-Focused,A/B,Benefit-Focused,Action-Focused,61.61285727743029,19.065936762315943,A,Benefit-Focused,42.546920515114344,High,1,Model-Based A/B Evaluation,Estimated model-based performance; not based on actual customer engagement data.
C000458,Core Active,Core Relationship Customer,High Risk,Moderate Cross-Sell Opportunity,Priority 3,P008,Premium Banking,0.3465000588269887,0.0,customer profile supports premium banking services,Retention,Strengthen the customer relationship while highlight premium services and exclusive benefits,Priority 3,0.3465000588269887,True,Discover more value with Premium Banking,Benefits designed around your banking needs,Explore Premium Banking and discover an option designed to support your evolving financial needs.,Explore Premium Banking,Fallback,Discover more value with Premium Banking,More value for your banking journey,Explore Premium Banking and discover an option that may complement your evolving financial needs.,Explore Premium Banking,Keep exploring your options with Premium Banking,Consider your next banking opportunity,Take a closer look at Premium Banking and consider whether it could be a suitable addition to your financial plans.,Learn More,Benefit-Focused,Action-Focused,A/B,Benefit-Focused,Action-Focused,90.11246708429509,7.77806334328018,A,Benefit-Focused,82.33440374101491,High,3,Model-Based A/B Evaluation,Estimated model-based performance; not based on actual customer engagement data.
C000459,Premium High-Value,Premium Digital Customer,Moderate Risk,Moderate Cross-Sell Opportunity,Priority 2,P003,Rewards Credit Card,0.6709474161174651,0.0,spending and transaction patterns support a rewards credit card; high transaction activity; strong digital affinity,Cross-Sell,"Introduce a complementary product and highlight rewards, benefits and spending value",Priority 2,0.6709474161174651,True,Discover Rewards Credit Card,An option selected with your needs in mind,Explore Rewards Credit Card and discover how it may complement your financial needs.,Explore Rewards Credit Card,Fallback,Explore Rewards Credit Card for your financial needs,Discover another option for your financial journey,"Based on your banking relationship, explore Rewards Credit Card and see how it may complement your existing financial needs.",Explore Rewards Credit Card,Have you explored Rewards Credit Card?,Consider adding Rewards Credit Card to your financial plans,Take the next step and learn more about Rewards Credit Card. Review the available information to see whether it fits your financial needs.,Learn More,Benefit-Focused,Action-Focused,A/B,Benefit-Focused,Action-Focused,57.24394276638824,15.061098460527386,A,Benefit-Focused,42.182844305860854,High,3,Model-Based A/B Evaluation,Estimated model-based performance; not based on actual customer engagement data.
C000460,Premium High-Value,Premium Digital Customer,Low Risk,Moderate Cross-Sell Opportunity,Priority 3,P008,Premium Banking,0.6313887189080847,0.0,customer profile supports premium banking services; strong digital affinity; strong segment fit,Cross-Sell,Introduce a complementary product and highlight premium services and exclusive benefits,Priority 3,0.6313887189080847,True,Discover Premium Banking,An option selected with your needs in mind,Explore Premium Banking and discover how it may complement your financial needs.,Explore Premium Banking,Fallback,Explore Premium Banking for your financial needs,Discover another option for your financial journey,"Based on your banking relationship, explore Premium Banking and see how it may complement your existing financial needs.",Explore Premium Banking,Have you explored Premium Banking?,Consider adding Premium Banking to your financial plans,Take the next step and learn more about Premium Banking. Review the available information to see whether it fits your financial needs.,Learn More,Benefit-Focused,Action-Focused,A/B,Benefit-Focused,Action-Focused,56.27522178902758,14.173104231280128,A,Benefit-Focused,42.102117557747455,High,3,Model-Based A/B Evaluation,Estimated model-based performance; not based on actual customer engagement data.
C000461,Dormant / Declining,Dormant Reactivation Target,Critical Risk,Low Cross-Sell Opportunity,Priority 3,P008,Premium Banking,0.2156411147942455,0.0,customer profile supports premium banking services; positive response to previous recommendations,Retention,Strengthen the customer relationship while highlight premium services and exclusive benefits,Priority 3,0.2156411147942455,True,Discover more value with Premium Banking,Benefits designed around your banking needs,Explore Premium Banking and discover an option designed to support your evolving financial needs.,Explore Premium Banking,Fallback,Discover more value with Premium Banking,More value for your banking journey,Explore Premium Banking and discover an option that may complement your evolving financial needs.,Explore Premium Banking,Keep exploring your options with Premium Banking,Consider your next banking opportunity,Take a closer look at Premium Banking and consider whether it could be a suitable addition to your financial plans.,Learn More,Benefit-Focused,Action-Focused,A/B,Benefit-Focused,Action-Focused,86.9079681219349,4.840605961116657,A,Benefit-Focused,82.06736216081825,High,3,Model-Based A/B Evaluation,Estimated model-based performance; not based on actual customer engagement data.
C000462,Core Active,Core Relationship Customer,Low Risk,Moderate Cross-Sell Opportunity,Priority 3,P006,Mutual Fund Plan,0.4345545581106858,0.0,financial capacity indicates potential for investment products,Cross-Sell,Introduce a complementary product and highlight wealth creation and investment potential,Priority 3,0.4345545581106858,True,Discover Mutual Fund Plan,An option selected with your needs in mind,Explore Mutual Fund Plan and discover how it may complement your financial needs.,Explore Mutual Fund Plan,Fallback,Explore Mutual Fund Plan for your financial needs,Discover another option for your financial journey,"Based on your banking relationship, explore Mutual Fund Plan and see how it may complement your existing financial needs.",Explore Mutual Fund Plan,Have you explored Mutual Fund Plan?,Consider adding Mutual Fund Plan to your financial plans,Take the next step and learn more about Mutual Fund Plan. Review the available information to see whether it fits your financial needs.,Learn More,Benefit-Focused,Action-Focused,A/B,Benefit-Focused,Action-Focused,51.455109043241706,9.754667547643072,A,Benefit-Focused,41.70044149559863,High,3,Model-Based A/B Evaluation,Estimated model-based performance; not based on actual customer engagement data.
C000463,Core Active,Core Digital Customer,Moderate Risk,Moderate Cross-Sell Opportunity,Priority 3,P003,Rewards Credit Card,0.5655711583303189,0.0,spending and transaction patterns support a rewards credit card; strong digital affinity; positive response to previous recommendations,Cross-Sell,"Introduce a complementary product and highlight rewards, benefits and spending value",Priority 3,0.5655711583303189,True,Discover Rewards Credit Card,An option selected with your needs in mind,Explore Rewards Credit Card and discover how it may complement your financial needs.,Explore Rewards Credit Card,Fallback,Explore Rewards Credit Card for your financial needs,Discover another option for your financial journey,"Based on your banking relationship, explore Rewards Credit Card and see how it may complement your existing financial needs.",Explore Rewards Credit Card,Have you explored Rewards Credit Card?,Consider adding Rewards Credit Card to your financial plans,Take the next step and learn more about Rewards Credit Card. Review the available information to see whether it fits your financial needs.,Learn More,Benefit-Focused,Action-Focused,A/B,Benefit-Focused,Action-Focused,54.663468720595695,12.695663918550897,A,Benefit-Focused,41.967804802044796,High,3,Model-Based A/B Evaluation,Estimated model-based performance; not based on actual customer engagement data.
C000464,Core Active,Core Relationship Customer,Moderate Risk,Moderate Cross-Sell Opportunity,Priority 3,P003,Rewards Credit Card,0.4208081099976528,0.0,spending and transaction patterns support a rewards credit card,Cross-Sell,"Introduce a complementary product and highlight rewards, benefits and spending value",Priority 3,0.4208081099976528,True,Discover Rewards Credit Card,An option selected with your needs in mind,Explore Rewards Credit Card and discover how it may complement your financial needs.,Explore Rewards Credit Card,Fallback,Explore Rewards Credit Card for your financial needs,Discover another option for your financial journey,"Based on your banking relationship, explore Rewards Credit Card and see how it may complement your existing financial needs.",Explore Rewards Credit Card,Have you explored Rewards Credit Card?,Consider adding Rewards Credit Card to your financial plans,Take the next step and learn more about Rewards Credit Card. Review the available information to see whether it fits your financial needs.,Learn More,Benefit-Focused,Action-Focused,A/B,Benefit-Focused,Action-Focused,51.118483380854194,9.44609402378785,A,Benefit-Focused,41.67238935706634,High,3,Model-Based A/B Evaluation,Estimated model-based performance; not based on actual customer engagement data.
C000465,Core Active,Core Relationship Customer,Low Risk,Moderate Cross-Sell Opportunity,Priority 3,P004,Personal Loan,0.4254738603289627,0.0,financial capacity and transaction activity support borrowing needs,Cross-Sell,Introduce a complementary product and highlight flexible financing and convenience,Priority 3,0.4254738603289627,True,Discover Personal Loan,An option selected with your needs in mind,Explore Personal Loan and discover how it may complement your financial needs.,Explore Personal Loan,Fallback,Explore Personal Loan for your financial needs,Discover another option for your financial journey,"Based on your banking relationship, explore Personal Loan and see how it may complement your existing financial needs.",Explore Personal Loan,Have you explored Personal Loan?,Consider adding Personal Loan to your financial plans,Take the next step and learn more about Personal Loan. Review the available information to see whether it fits your financial needs.,Learn More,Benefit-Focused,Action-Focused,A/B,Benefit-Focused,Action-Focused,51.232739171360755,9.550828498418863,A,Benefit-Focused,41.681910672941896,High,3,Model-Based A/B Evaluation,Estimated model-based performance; not based on actual customer engagement data.
C000466,Premium High-Value,Premium Relationship Customer,Moderate Risk,Moderate Cross-Sell Opportunity,Priority 2,P004,Personal Loan,0.8208135492999058,0.0,financial capacity and transaction activity support borrowing needs; strong income profile; high spending activity,Cross-Sell,Introduce a complementary product and highlight flexible financing and convenience,Priority 2,0.8208135492999058,True,Discover Personal Loan,An option selected with your needs in mind,Explore Personal Loan and discover how it may complement your financial needs.,Explore Personal Loan,Fallback,Explore Personal Loan for your financial needs,Discover another option for your financial journey,"Based on your banking relationship, explore Personal Loan and see how it may complement your existing financial needs.",Explore Personal Loan,Have you explored Personal Loan?,Consider adding Personal Loan to your financial plans,Take the next step and learn more about Personal Loan. Review the available information to see whether it fits your financial needs.,Learn More,Benefit-Focused,Action-Focused,A/B,Benefit-Focused,Action-Focused,60.91389342834606,18.42521990065539,A,Benefit-Focused,42.488673527690665,High,3,Model-Based A/B Evaluation,Estimated model-based performance; not based on actual customer engagement data.
C000467,Core Active,Core Relationship Customer,High Risk,Moderate Cross-Sell Opportunity,Priority 3,P003,Rewards Credit Card,0.3750013644182305,0.0,spending and transaction patterns support a rewards credit card; strong digital affinity,Retention,"Strengthen the customer relationship while highlight rewards, benefits and spending value",Priority 3,0.3750013644182305,True,Discover more value with Rewards Credit Card,Benefits designed around your banking needs,Explore Rewards Credit Card and discover an option designed to support your evolving financial needs.,Explore Rewards Credit Card,Fallback,Discover more value with Rewards Credit Card,More value for your banking journey,Explore Rewards Credit Card and discover an option that may complement your evolving financial needs.,Explore Rewards Credit Card,Keep exploring your options with Rewards Credit Card,Consider your next banking opportunity,Take a closer look at Rewards Credit Card and consider whether it could be a suitable addition to your financial plans.,Learn More,Benefit-Focused,Action-Focused,A/B,Benefit-Focused,Action-Focused,90.8104125313422,8.41784666974003,A,Benefit-Focused,82.39256586160217,High,3,Model-Based A/B Evaluation,Estimated model-based performance; not based on actual customer engagement data.
C000468,Core Active,Core Relationship Customer,Moderate Risk,Moderate Cross-Sell Opportunity,Priority 3,P003,Rewards Credit Card,0.4444148907467156,0.0,spending and transaction patterns support a rewards credit card,Cross-Sell,"Introduce a complementary product and highlight rewards, benefits and spending value",Priority 3,0.4444148907467156,True,Discover Rewards Credit Card,An option selected with your needs in mind,Explore Rewards Credit Card and discover how it may complement your financial needs.,Explore Rewards Credit Card,Fallback,Explore Rewards Credit Card for your financial needs,Discover another option for your financial journey,"Based on your banking relationship, explore Rewards Credit Card and see how it may complement your existing financial needs.",Explore Rewards Credit Card,Have you explored Rewards Credit Card?,Consider adding Rewards Credit Card to your financial plans,Take the next step and learn more about Rewards Credit Card. Review the available information to see whether it fits your financial needs.,Learn More,Benefit-Focused,Action-Focused,A/B,Benefit-Focused,Action-Focused,51.69657076321996,9.976007457623135,A,Benefit-Focused,41.720563305596826,High,3,Model-Based A/B Evaluation,Estimated model-based performance; not based on actual customer engagement data.
C000469,At Risk,At-Risk Declining Customer,Critical Risk,Low Cross-Sell Opportunity,Priority 4,P007,Term Insurance,0.1596138664536615,0.0,customer profile indicates potential protection needs,Retention,Strengthen the customer relationship while highlight financial protection and security,Priority 4,0.1596138664536615,True,Discover more value with Term Insurance,Benefits designed around your banking needs,Explore Term Insurance and discover an option designed to support your evolving financial needs.,Explore Term Insurance,Fallback,Discover more value with Term Insurance,More value for your banking journey,Explore Term Insurance and discover an option that may complement your evolving financial needs.,Explore Term Insurance,Keep exploring your options with Term Insurance,Consider your next banking opportunity,Take a closer look at Term Insurance and consider whether it could be a suitable addition to your financial plans.,Learn More,Benefit-Focused,Action-Focused,A/B,Benefit-Focused,Action-Focused,85.53596210050179,3.582933774802995,A,Benefit-Focused,81.9530283256988,High,3,Model-Based A/B Evaluation,Estimated model-based performance; not based on actual customer engagement data.
C000470,Core Active,Core Relationship Customer,Moderate Risk,Moderate Cross-Sell Opportunity,Priority 2,P003,Rewards Credit Card,0.4592041413765667,0.0,spending and transaction patterns support a rewards credit card; positive response to previous recommendations,Cross-Sell,"Introduce a complementary product and highlight rewards, benefits and spending value",Priority 2,0.4592041413765667,True,Discover Rewards Credit Card,An option selected with your needs in mind,Explore Rewards Credit Card and discover how it may complement your financial needs.,Explore Rewards Credit Card,Fallback,Explore Rewards Credit Card for your financial needs,Discover another option for your financial journey,"Based on your banking relationship, explore Rewards Credit Card and see how it may complement your existing financial needs.",Explore Rewards Credit Card,Have you explored Rewards Credit Card?,Consider adding Rewards Credit Card to your financial plans,Take the next step and learn more about Rewards Credit Card. Review the available information to see whether it fits your financial needs.,Learn More,Benefit-Focused,Action-Focused,A/B,Benefit-Focused,Action-Focused,52.05873277398465,10.307989300824104,A,Benefit-Focused,41.75074347316055,High,3,Model-Based A/B Evaluation,Estimated model-based performance; not based on actual customer engagement data.
C000471,Premium High-Value,Premium Relationship Customer,Moderate Risk,Moderate Cross-Sell Opportunity,Priority 3,P005,Home Loan,0.6765808703720311,0.0,financial capacity supports a potential home financing need; high transaction activity; strong digital affinity,Cross-Sell,Introduce a complementary product and highlight long-term home financing value,Priority 3,0.6765808703720311,True,Discover Home Loan,An option selected with your needs in mind,Explore Home Loan and discover how it may complement your financial needs.,Explore Home Loan,Fallback,Explore Home Loan for your financial needs,Discover another option for your financial journey,"Based on your banking relationship, explore Home Loan and see how it may complement your existing financial needs.",Explore Home Loan,Have you explored Home Loan?,Consider adding Home Loan to your financial plans,Take the next step and learn more about Home Loan. Review the available information to see whether it fits your financial needs.,Learn More,Benefit-Focused,Action-Focused,A/B,Benefit-Focused,Action-Focused,57.381895876484734,15.187555478115843,A,Benefit-Focused,42.194340398368894,High,2,Model-Based A/B Evaluation,Estimated model-based performance; not based on actual customer engagement data.
C000472,Core Active,Core Relationship Customer,High Risk,Moderate Cross-Sell Opportunity,Priority 3,P003,Rewards Credit Card,0.4484336448823675,0.0,spending and transaction patterns support a rewards credit card; positive response to previous recommendations,Retention,"Strengthen the customer relationship while highlight rewards, benefits and spending value",Priority 3,0.4484336448823675,True,Discover more value with Rewards Credit Card,Benefits designed around your banking needs,Explore Rewards Credit Card and discover an option designed to support your evolving financial needs.,Explore Rewards Credit Card,Fallback,Discover more value with Rewards Credit Card,More value for your banking journey,Explore Rewards Credit Card and discover an option that may complement your evolving financial needs.,Explore Rewards Credit Card,Keep exploring your options with Rewards Credit Card,Consider your next banking opportunity,Take a closer look at Rewards Credit Card and consider whether it could be a suitable addition to your financial plans.,Learn More,Benefit-Focused,Action-Focused,A/B,Benefit-Focused,Action-Focused,92.60863632330701,10.066218479041106,A,Benefit-Focused,82.5424178442659,High,3,Model-Based A/B Evaluation,Estimated model-based performance; not based on actual customer engagement data.
C000473,Core Active,Core Relationship Customer,Moderate Risk,Moderate Cross-Sell Opportunity,Priority 3,P004,Personal Loan,0.3569365766376017,0.0,financial capacity and transaction activity support borrowing needs,Cross-Sell,Introduce a complementary product and highlight flexible financing and convenience,Priority 3,0.3569365766376017,True,Discover Personal Loan,An option selected with your needs in mind,Explore Personal Loan and discover how it may complement your financial needs.,Explore Personal Loan,Fallback,Explore Personal Loan for your financial needs,Discover another option for your financial journey,"Based on your banking relationship, explore Personal Loan and see how it may complement your existing financial needs.",Explore Personal Loan,Have you explored Personal Loan?,Consider adding Personal Loan to your financial plans,Take the next step and learn more about Personal Loan. Review the available information to see whether it fits your financial needs.,Learn More,Benefit-Focused,Action-Focused,A/B,Benefit-Focused,Action-Focused,49.554385000804416,8.012337175408883,A,Benefit-Focused,41.542047825395535,High,3,Model-Based A/B Evaluation,Estimated model-based performance; not based on actual customer engagement data.
C000474,Premium High-Value,Premium Digital Customer,Low Risk,Moderate Cross-Sell Opportunity,Priority 2,P004,Personal Loan,0.7134769876578236,0.0,financial capacity and transaction activity support borrowing needs; strong digital affinity; strong segment fit,Cross-Sell,Introduce a complementary product and highlight flexible financing and convenience,Priority 2,0.7134769876578236,True,Discover Personal Loan,An option selected with your needs in mind,Explore Personal Loan and discover how it may complement your financial needs.,Explore Personal Loan,Fallback,Explore Personal Loan for your financial needs,Discover another option for your financial journey,"Based on your banking relationship, explore Personal Loan and see how it may complement your existing financial needs.",Explore Personal Loan,Have you explored Personal Loan?,Consider adding Personal Loan to your financial plans,Take the next step and learn more about Personal Loan. Review the available information to see whether it fits your financial needs.,Learn More,Benefit-Focused,Action-Focused,A/B,Benefit-Focused,Action-Focused,58.285415085136286,16.01578141937977,A,Benefit-Focused,42.269633665756515,High,3,Model-Based A/B Evaluation,Estimated model-based performance; not based on actual customer engagement data.
C000475,Premium High-Value,Premium Digital Customer,Low Risk,Moderate Cross-Sell Opportunity,Priority 2,P008,Premium Banking,0.7361110777746285,0.0,customer profile supports premium banking services; high transaction activity; strong digital affinity,Cross-Sell,Introduce a complementary product and highlight premium services and exclusive benefits,Priority 2,0.7361110777746285,True,Discover Premium Banking,An option selected with your needs in mind,Explore Premium Banking and discover how it may complement your financial needs.,Explore Premium Banking,Fallback,Explore Premium Banking for your financial needs,Discover another option for your financial journey,"Based on your banking relationship, explore Premium Banking and see how it may complement your existing financial needs.",Explore Premium Banking,Have you explored Premium Banking?,Consider adding Premium Banking to your financial plans,Take the next step and learn more about Premium Banking. Review the available information to see whether it fits your financial needs.,Learn More,Benefit-Focused,Action-Focused,A/B,Benefit-Focused,Action-Focused,58.83968303242402,16.523860371060188,A,Benefit-Focused,42.31582266136383,High,3,Model-Based A/B Evaluation,Estimated model-based performance; not based on actual customer engagement data.
C000476,Core Active,Core Digital Customer,Moderate Risk,Moderate Cross-Sell Opportunity,Priority 3,P008,Premium Banking,0.4278143656480452,0.0,customer profile supports premium banking services; strong digital affinity,Cross-Sell,Introduce a complementary product and highlight premium services and exclusive benefits,Priority 3,0.4278143656480452,True,Discover Premium Banking,An option selected with your needs in mind,Explore Premium Banking and discover how it may complement your financial needs.,Explore Premium Banking,Fallback,Explore Premium Banking for your financial needs,Discover another option for your financial journey,"Based on your banking relationship, explore Premium Banking and see how it may complement your existing financial needs.",Explore Premium Banking,Have you explored Premium Banking?,Consider adding Premium Banking to your financial plans,Take the next step and learn more about Premium Banking. Review the available information to see whether it fits your financial needs.,Learn More,Benefit-Focused,Action-Focused,A/B,Benefit-Focused,Action-Focused,51.29005391527709,9.6033670136755,A,Benefit-Focused,41.68668690160159,High,3,Model-Based A/B Evaluation,Estimated model-based performance; not based on actual customer engagement data.
C000477,Core Active,Core Relationship Customer,Moderate Risk,Low Cross-Sell Opportunity,Priority 3,P004,Personal Loan,0.3194387014334761,0.0,financial capacity and transaction activity support borrowing needs,Engagement,Highlight flexible financing and convenience,Priority 3,0.3194387014334761,True,Explore Personal Loan,A financial option worth exploring,Take a closer look at Personal Loan and see how it could complement your banking needs.,Learn More,Fallback,Discover Personal Loan,An option worth exploring,Explore Personal Loan and learn how it may complement your financial needs.,Learn More,See what Personal Loan can offer,Take a closer look at Personal Loan,Learn more about Personal Loan and consider whether it could complement your financial needs.,Learn More,Benefit-Focused,Action-Focused,A/B,Benefit-Focused,Action-Focused,7.822476291915763,88.79791034103344,B,Action-Focused,80.97543404911768,High,3,Model-Based A/B Evaluation,Estimated model-based performance; not based on actual customer engagement data.
C000478,Core Active,Core Relationship Customer,High Risk,Low Cross-Sell Opportunity,Priority 4,P003,Rewards Credit Card,0.3299496747510234,0.0,spending and transaction patterns support a rewards credit card,Retention,"Strengthen the customer relationship while highlight rewards, benefits and spending value",Priority 4,0.3299496747510234,True,Discover more value with Rewards Credit Card,Benefits designed around your banking needs,Explore Rewards Credit Card and discover an option designed to support your evolving financial needs.,Explore Rewards Credit Card,Fallback,Discover more value with Rewards Credit Card,More value for your banking journey,Explore Rewards Credit Card and discover an option that may complement your evolving financial needs.,Explore Rewards Credit Card,Keep exploring your options with Rewards Credit Card,Consider your next banking opportunity,Take a closer look at Rewards Credit Card and consider whether it could be a suitable addition to your financial plans.,Learn More,Benefit-Focused,Action-Focused,A/B,Benefit-Focused,Action-Focused,89.70717809934942,7.406548440413309,A,Benefit-Focused,82.30062965893612,High,3,Model-Based A/B Evaluation,Estimated model-based performance; not based on actual customer engagement data.
C000479,At Risk,At-Risk Declining Customer,Critical Risk,Low Cross-Sell Opportunity,Priority 3,P007,Term Insurance,0.2926253115807956,0.0,customer profile indicates potential protection needs; positive response to previous recommendations,Retention,Strengthen the customer relationship while highlight financial protection and security,Priority 3,0.2926253115807956,True,Discover more value with Term Insurance,Benefits designed around your banking needs,Explore Term Insurance and discover an option designed to support your evolving financial needs.,Explore Term Insurance,Fallback,Discover more value with Term Insurance,More value for your banking journey,Explore Term Insurance and discover an option that may complement your evolving financial needs.,Explore Term Insurance,Keep exploring your options with Term Insurance,Consider your next banking opportunity,Take a closer look at Term Insurance and consider whether it could be a suitable addition to your financial plans.,Learn More,Benefit-Focused,Action-Focused,A/B,Benefit-Focused,Action-Focused,88.79317192320434,6.568709445613654,A,Benefit-Focused,82.22446247759069,High,3,Model-Based A/B Evaluation,Estimated model-based performance; not based on actual customer engagement data.
C000480,Core Active,Core Relationship Customer,Low Risk,Low Cross-Sell Opportunity,Priority 3,P007,Term Insurance,0.3815253151249423,0.0,customer profile indicates potential protection needs,Engagement,Highlight financial protection and security,Priority 3,0.3815253151249423,True,Explore Term Insurance,A financial option worth exploring,Take a closer look at Term Insurance and see how it could complement your banking needs.,Learn More,Fallback,Discover Term Insurance,An option worth exploring,Explore Term Insurance and learn how it may complement your financial needs.,Learn More,See what Term Insurance can offer,Take a closer look at Term Insurance,Learn more about Term Insurance and consider whether it could complement your financial needs.,Learn More,Benefit-Focused,Action-Focused,A/B,Benefit-Focused,Action-Focused,9.342865216198845,90.19160018829294,B,Action-Focused,80.84873497209409,High,3,Model-Based A/B Evaluation,Estimated model-based performance; not based on actual customer engagement data.
C000481,Premium High-Value,Premium Relationship Customer,Moderate Risk,Moderate Cross-Sell Opportunity,Priority 2,P003,Rewards Credit Card,0.7801942292515682,0.0,spending and transaction patterns support a rewards credit card; high transaction activity; strong segment fit,Cross-Sell,"Introduce a complementary product and highlight rewards, benefits and spending value",Priority 2,0.7801942292515682,True,Discover Rewards Credit Card,An option selected with your needs in mind,Explore Rewards Credit Card and discover how it may complement your financial needs.,Explore Rewards Credit Card,Fallback,Explore Rewards Credit Card for your financial needs,Discover another option for your financial journey,"Based on your banking relationship, explore Rewards Credit Card and see how it may complement your existing financial needs.",Explore Rewards Credit Card,Have you explored Rewards Credit Card?,Consider adding Rewards Credit Card to your financial plans,Take the next step and learn more about Rewards Credit Card. Review the available information to see whether it fits your financial needs.,Learn More,Benefit-Focused,Action-Focused,A/B,Benefit-Focused,Action-Focused,59.91919971513601,17.51341733021285,A,Benefit-Focused,42.40578238492316,High,3,Model-Based A/B Evaluation,Estimated model-based performance; not based on actual customer engagement data.
C000482,At Risk,At-Risk Engagement Customer,High Risk,Low Cross-Sell Opportunity,Priority 3,P008,Premium Banking,0.3767549726270101,0.0,customer profile supports premium banking services,Retention,Strengthen the customer relationship while highlight premium services and exclusive benefits,Priority 3,0.3767549726270101,True,Discover more value with Premium Banking,Benefits designed around your banking needs,Explore Premium Banking and discover an option designed to support your evolving financial needs.,Explore Premium Banking,Fallback,Discover more value with Premium Banking,More value for your banking journey,Explore Premium Banking and discover an option that may complement your evolving financial needs.,Explore Premium Banking,Keep exploring your options with Premium Banking,Consider your next banking opportunity,Take a closer look at Premium Banking and consider whether it could be a suitable addition to your financial plans.,Learn More,Benefit-Focused,Action-Focused,A/B,Benefit-Focused,Action-Focused,90.85335522606557,8.457210806569783,A,Benefit-Focused,82.39614441949578,High,3,Model-Based A/B Evaluation,Estimated model-based performance; not based on actual customer engagement data.
C000483,Premium High-Value,Premium Relationship Customer,Moderate Risk,Moderate Cross-Sell Opportunity,Priority 3,P004,Personal Loan,0.5873183264354025,0.0,financial capacity and transaction activity support borrowing needs; strong segment fit,Cross-Sell,Introduce a complementary product and highlight flexible financing and convenience,Priority 3,0.5873183264354025,True,Discover Personal Loan,An option selected with your needs in mind,Explore Personal Loan and discover how it may complement your financial needs.,Explore Personal Loan,Fallback,Explore Personal Loan for your financial needs,Discover another option for your financial journey,"Based on your banking relationship, explore Personal Loan and see how it may complement your existing financial needs.",Explore Personal Loan,Have you explored Personal Loan?,Consider adding Personal Loan to your financial plans,Take the next step and learn more about Personal Loan. Review the available information to see whether it fits your financial needs.,Learn More,Benefit-Focused,Action-Focused,A/B,Benefit-Focused,Action-Focused,55.19601755126315,13.183833679996052,A,Benefit-Focused,42.0121838712671,High,3,Model-Based A/B Evaluation,Estimated model-based performance; not based on actual customer engagement data.
C000484,Core Active,Core Relationship Customer,Moderate Risk,Moderate Cross-Sell Opportunity,Priority 3,P003,Rewards Credit Card,0.4590961217956462,0.0,spending and transaction patterns support a rewards credit card,Cross-Sell,"Introduce a complementary product and highlight rewards, benefits and spending value",Priority 3,0.4590961217956462,True,Discover Rewards Credit Card,An option selected with your needs in mind,Explore Rewards Credit Card and discover how it may complement your financial needs.,Explore Rewards Credit Card,Fallback,Explore Rewards Credit Card for your financial needs,Discover another option for your financial journey,"Based on your banking relationship, explore Rewards Credit Card and see how it may complement your existing financial needs.",Explore Rewards Credit Card,Have you explored Rewards Credit Card?,Consider adding Rewards Credit Card to your financial plans,Take the next step and learn more about Rewards Credit Card. Review the available information to see whether it fits your financial needs.,Learn More,Benefit-Focused,Action-Focused,A/B,Benefit-Focused,Action-Focused,52.05608756973413,10.305564530261126,A,Benefit-Focused,41.75052303947301,High,3,Model-Based A/B Evaluation,Estimated model-based performance; not based on actual customer engagement data.
C000485,Core Active,Core Relationship Customer,High Risk,Moderate Cross-Sell Opportunity,Priority 3,P004,Personal Loan,0.3799294414772149,0.0,financial capacity and transaction activity support borrowing needs,Retention,Strengthen the customer relationship while highlight flexible financing and convenience,Priority 3,0.3799294414772149,True,Discover more value with Personal Loan,Benefits designed around your banking needs,Explore Personal Loan and discover an option designed to support your evolving financial needs.,Explore Personal Loan,Fallback,Discover more value with Personal Loan,More value for your banking journey,Explore Personal Loan and discover an option that may complement your evolving financial needs.,Explore Personal Loan,Keep exploring your options with Personal Loan,Consider your next banking opportunity,Take a closer look at Personal Loan and consider whether it could be a suitable addition to your financial plans.,Learn More,Benefit-Focused,Action-Focused,A/B,Benefit-Focused,Action-Focused,90.93109222915481,8.52846972606824,A,Benefit-Focused,82.40262250308658,High,3,Model-Based A/B Evaluation,Estimated model-based performance; not based on actual customer engagement data.
C000486,Core Active,Core Relationship Customer,Moderate Risk,Moderate Cross-Sell Opportunity,Priority 3,P007,Term Insurance,0.3729016822013461,0.0,customer profile indicates potential protection needs,Cross-Sell,Introduce a complementary product and highlight financial protection and security,Priority 3,0.3729016822013461,True,Discover Term Insurance,An option selected with your needs in mind,Explore Term Insurance and discover how it may complement your financial needs.,Explore Term Insurance,Fallback,Explore Term Insurance for your financial needs,Discover another option for your financial journey,"Based on your banking relationship, explore Term Insurance and see how it may complement your existing financial needs.",Explore Term Insurance,Have you explored Term Insurance?,Consider adding Term Insurance to your financial plans,Take the next step and learn more about Term Insurance. Review the available information to see whether it fits your financial needs.,Learn More,Benefit-Focused,Action-Focused,A/B,Benefit-Focused,Action-Focused,49.94534157309792,8.370714033344605,A,Benefit-Focused,41.574627539753315,High,3,Model-Based A/B Evaluation,Estimated model-based performance; not based on actual customer engagement data.
C000487,Core Active,Core Relationship Customer,Moderate Risk,Low Cross-Sell Opportunity,Priority 3,P008,Premium Banking,0.3426689019258611,0.0,customer profile supports premium banking services,Engagement,Highlight premium services and exclusive benefits,Priority 3,0.3426689019258611,True,Explore Premium Banking,A financial option worth exploring,Take a closer look at Premium Banking and see how it could complement your banking needs.,Learn More,Fallback,Discover Premium Banking,An option worth exploring,Explore Premium Banking and learn how it may complement your financial needs.,Learn More,See what Premium Banking can offer,Take a closer look at Premium Banking,Learn more about Premium Banking and consider whether it could complement your financial needs.,Learn More,Benefit-Focused,Action-Focused,A/B,Benefit-Focused,Action-Focused,8.391341904606637,89.31937048600007,B,Action-Focused,80.92802858139343,High,3,Model-Based A/B Evaluation,Estimated model-based performance; not based on actual customer engagement data.
C000488,Premium High-Value,Premium Relationship Customer,Moderate Risk,Moderate Cross-Sell Opportunity,Priority 2,P008,Premium Banking,0.6714593442497265,0.0,customer profile supports premium banking services; strong segment fit; positive response to previous recommendations,Cross-Sell,Introduce a complementary product and highlight premium services and exclusive benefits,Priority 2,0.6714593442497265,True,Discover Premium Banking,An option selected with your needs in mind,Explore Premium Banking and discover how it may complement your financial needs.,Explore Premium Banking,Fallback,Explore Premium Banking for your financial needs,Discover another option for your financial journey,"Based on your banking relationship, explore Premium Banking and see how it may complement your existing financial needs.",Explore Premium Banking,Have you explored Premium Banking?,Consider adding Premium Banking to your financial plans,Take the next step and learn more about Premium Banking. Review the available information to see whether it fits your financial needs.,Learn More,Benefit-Focused,Action-Focused,A/B,Benefit-Focused,Action-Focused,57.25647896084373,15.072589972111588,A,Benefit-Focused,42.18388898873214,High,1,Model-Based A/B Evaluation,Estimated model-based performance; not based on actual customer engagement data.
C000489,Core Active,Core Digital Customer,High Risk,Moderate Cross-Sell Opportunity,Priority 3,P003,Rewards Credit Card,0.4230951071386704,0.0,spending and transaction patterns support a rewards credit card; strong digital affinity,Retention,"Strengthen the customer relationship while highlight rewards, benefits and spending value",Priority 3,0.4230951071386704,True,Discover more value with Rewards Credit Card,Benefits designed around your banking needs,Explore Rewards Credit Card and discover an option designed to support your evolving financial needs.,Explore Rewards Credit Card,Fallback,Discover more value with Rewards Credit Card,More value for your banking journey,Explore Rewards Credit Card and discover an option that may complement your evolving financial needs.,Explore Rewards Credit Card,Keep exploring your options with Rewards Credit Card,Consider your next banking opportunity,Take a closer look at Rewards Credit Card and consider whether it could be a suitable addition to your financial plans.,Learn More,Benefit-Focused,Action-Focused,A/B,Benefit-Focused,Action-Focused,91.98814134294797,9.497431413711983,A,Benefit-Focused,82.49070992923599,High,3,Model-Based A/B Evaluation,Estimated model-based performance; not based on actual customer engagement data.
C000490,Core Active,Core Digital Customer,Moderate Risk,Moderate Cross-Sell Opportunity,Priority 2,P007,Term Insurance,0.5134411680573002,0.0,customer profile indicates potential protection needs; strong digital affinity; positive response to previous recommendations,Cross-Sell,Introduce a complementary product and highlight financial protection and security,Priority 2,0.5134411680573002,True,Discover Term Insurance,An option selected with your needs in mind,Explore Term Insurance and discover how it may complement your financial needs.,Explore Term Insurance,Fallback,Explore Term Insurance for your financial needs,Discover another option for your financial journey,"Based on your banking relationship, explore Term Insurance and see how it may complement your existing financial needs.",Explore Term Insurance,Have you explored Term Insurance?,Consider adding Term Insurance to your financial plans,Take the next step and learn more about Term Insurance. Review the available information to see whether it fits your financial needs.,Learn More,Benefit-Focused,Action-Focused,A/B,Benefit-Focused,Action-Focused,53.386899503470296,11.525475469519279,A,Benefit-Focused,41.86142403395102,High,3,Model-Based A/B Evaluation,Estimated model-based performance; not based on actual customer engagement data.
C000491,Dormant / Declining,Dormant Reactivation Target,Critical Risk,Low Cross-Sell Opportunity,Priority 4,P008,Premium Banking,0.1933691932702178,0.0,customer profile supports premium banking services,Retention,Strengthen the customer relationship while highlight premium services and exclusive benefits,Priority 4,0.1933691932702178,True,Discover more value with Premium Banking,Benefits designed around your banking needs,Explore Premium Banking and discover an option designed to support your evolving financial needs.,Explore Premium Banking,Fallback,Discover more value with Premium Banking,More value for your banking journey,Explore Premium Banking and discover an option that may complement your evolving financial needs.,Explore Premium Banking,Keep exploring your options with Premium Banking,Consider your next banking opportunity,Take a closer look at Premium Banking and consider whether it could be a suitable addition to your financial plans.,Learn More,Benefit-Focused,Action-Focused,A/B,Benefit-Focused,Action-Focused,86.36256902872765,4.340656792343357,A,Benefit-Focused,82.0219122363843,High,3,Model-Based A/B Evaluation,Estimated model-based performance; not based on actual customer engagement data.
C000492,Premium High-Value,Premium Relationship Customer,Moderate Risk,Moderate Cross-Sell Opportunity,Priority 2,P008,Premium Banking,0.5552259678786644,0.0,customer profile supports premium banking services; strong segment fit,Cross-Sell,Introduce a complementary product and highlight premium services and exclusive benefits,Priority 2,0.5552259678786644,True,Discover Premium Banking,An option selected with your needs in mind,Explore Premium Banking and discover how it may complement your financial needs.,Explore Premium Banking,Fallback,Explore Premium Banking for your financial needs,Discover another option for your financial journey,"Based on your banking relationship, explore Premium Banking and see how it may complement your existing financial needs.",Explore Premium Banking,Have you explored Premium Banking?,Consider adding Premium Banking to your financial plans,Take the next step and learn more about Premium Banking. Review the available information to see whether it fits your financial needs.,Learn More,Benefit-Focused,Action-Focused,A/B,Benefit-Focused,Action-Focused,54.410133709276565,12.463440158175022,A,Benefit-Focused,41.946693551101546,High,3,Model-Based A/B Evaluation,Estimated model-based performance; not based on actual customer engagement data.
C000493,Core Active,Core Relationship Customer,Low Risk,Moderate Cross-Sell Opportunity,Priority 3,P003,Rewards Credit Card,0.4492372278023088,0.0,spending and transaction patterns support a rewards credit card,Cross-Sell,"Introduce a complementary product and highlight rewards, benefits and spending value",Priority 3,0.4492372278023088,True,Discover Rewards Credit Card,An option selected with your needs in mind,Explore Rewards Credit Card and discover how it may complement your financial needs.,Explore Rewards Credit Card,Fallback,Explore Rewards Credit Card for your financial needs,Discover another option for your financial journey,"Based on your banking relationship, explore Rewards Credit Card and see how it may complement your existing financial needs.",Explore Rewards Credit Card,Have you explored Rewards Credit Card?,Consider adding Rewards Credit Card to your financial plans,Take the next step and learn more about Rewards Credit Card. Review the available information to see whether it fits your financial needs.,Learn More,Benefit-Focused,Action-Focused,A/B,Benefit-Focused,Action-Focused,51.814661079514536,10.084256914226488,A,Benefit-Focused,41.73040416528805,High,3,Model-Based A/B Evaluation,Estimated model-based performance; not based on actual customer engagement data.
C000494,Core Active,Core Relationship Customer,Low Risk,Moderate Cross-Sell Opportunity,Priority 3,P003,Rewards Credit Card,0.3652021408150086,0.0,spending and transaction patterns support a rewards credit card,Cross-Sell,"Introduce a complementary product and highlight rewards, benefits and spending value",Priority 3,0.3652021408150086,True,Discover Rewards Credit Card,An option selected with your needs in mind,Explore Rewards Credit Card and discover how it may complement your financial needs.,Explore Rewards Credit Card,Fallback,Explore Rewards Credit Card for your financial needs,Discover another option for your financial journey,"Based on your banking relationship, explore Rewards Credit Card and see how it may complement your existing financial needs.",Explore Rewards Credit Card,Have you explored Rewards Credit Card?,Consider adding Rewards Credit Card to your financial plans,Take the next step and learn more about Rewards Credit Card. Review the available information to see whether it fits your financial needs.,Learn More,Benefit-Focused,Action-Focused,A/B,Benefit-Focused,Action-Focused,49.756793724377744,8.197878505351106,A,Benefit-Focused,41.55891521902664,High,3,Model-Based A/B Evaluation,Estimated model-based performance; not based on actual customer engagement data.
C000495,Core Active,Core Relationship Customer,Moderate Risk,Moderate Cross-Sell Opportunity,Priority 2,P008,Premium Banking,0.5415572166009173,0.0,customer profile supports premium banking services; strong digital affinity,Cross-Sell,Introduce a complementary product and highlight premium services and exclusive benefits,Priority 2,0.5415572166009173,True,Discover Premium Banking,An option selected with your needs in mind,Explore Premium Banking and discover how it may complement your financial needs.,Explore Premium Banking,Fallback,Explore Premium Banking for your financial needs,Discover another option for your financial journey,"Based on your banking relationship, explore Premium Banking and see how it may complement your existing financial needs.",Explore Premium Banking,Have you explored Premium Banking?,Consider adding Premium Banking to your financial plans,Take the next step and learn more about Premium Banking. Review the available information to see whether it fits your financial needs.,Learn More,Benefit-Focused,Action-Focused,A/B,Benefit-Focused,Action-Focused,54.075410701918806,12.156610734763742,A,Benefit-Focused,41.91879996715507,High,3,Model-Based A/B Evaluation,Estimated model-based performance; not based on actual customer engagement data.
C000496,Dormant / Declining,Dormant Reactivation Target,Critical Risk,Low Cross-Sell Opportunity,Priority 4,P007,Term Insurance,0.2035289843251032,0.0,customer profile indicates potential protection needs; positive response to previous recommendations,Retention,Strengthen the customer relationship while highlight financial protection and security,Priority 4,0.2035289843251032,True,Discover more value with Term Insurance,Benefits designed around your banking needs,Explore Term Insurance and discover an option designed to support your evolving financial needs.,Explore Term Insurance,Fallback,Discover more value with Term Insurance,More value for your banking journey,Explore Term Insurance and discover an option that may complement your evolving financial needs.,Explore Term Insurance,Keep exploring your options with Term Insurance,Consider your next banking opportunity,Take a closer look at Term Insurance and consider whether it could be a suitable addition to your financial plans.,Learn More,Benefit-Focused,Action-Focused,A/B,Benefit-Focused,Action-Focused,86.6113639439994,4.568718798009126,A,Benefit-Focused,82.04264514599026,High,3,Model-Based A/B Evaluation,Estimated model-based performance; not based on actual customer engagement data.
C000497,Core Active,Core Relationship Customer,Moderate Risk,Moderate Cross-Sell Opportunity,Priority 3,P008,Premium Banking,0.3324895439206292,0.0,customer profile supports premium banking services,Cross-Sell,Introduce a complementary product and highlight premium services and exclusive benefits,Priority 3,0.3324895439206292,True,Discover Premium Banking,An option selected with your needs in mind,Explore Premium Banking and discover how it may complement your financial needs.,Explore Premium Banking,Fallback,Explore Premium Banking for your financial needs,Discover another option for your financial journey,"Based on your banking relationship, explore Premium Banking and see how it may complement your existing financial needs.",Explore Premium Banking,Have you explored Premium Banking?,Consider adding Premium Banking to your financial plans,Take the next step and learn more about Premium Banking. Review the available information to see whether it fits your financial needs.,Learn More,Benefit-Focused,Action-Focused,A/B,Benefit-Focused,Action-Focused,48.955721366817556,7.463562177587598,A,Benefit-Focused,41.49215918922996,High,3,Model-Based A/B Evaluation,Estimated model-based performance; not based on actual customer engagement data.
C000498,Core Active,Core Relationship Customer,High Risk,Moderate Cross-Sell Opportunity,Priority 3,P008,Premium Banking,0.4526996950536681,0.0,customer profile supports premium banking services,Retention,Strengthen the customer relationship while highlight premium services and exclusive benefits,Priority 3,0.4526996950536681,True,Discover more value with Premium Banking,Benefits designed around your banking needs,Explore Premium Banking and discover an option designed to support your evolving financial needs.,Explore Premium Banking,Fallback,Discover more value with Premium Banking,More value for your banking journey,Explore Premium Banking and discover an option that may complement your evolving financial needs.,Explore Premium Banking,Keep exploring your options with Premium Banking,Consider your next banking opportunity,Take a closer look at Premium Banking and consider whether it could be a suitable addition to your financial plans.,Learn More,Benefit-Focused,Action-Focused,A/B,Benefit-Focused,Action-Focused,92.71310417950406,10.161980680555061,A,Benefit-Focused,82.551123498949,High,3,Model-Based A/B Evaluation,Estimated model-based performance; not based on actual customer engagement data.
C000499,Core Active,Core Relationship Customer,High Risk,Moderate Cross-Sell Opportunity,Priority 3,P003,Rewards Credit Card,0.4012955807047363,0.0,spending and transaction patterns support a rewards credit card; strong digital affinity,Retention,"Strengthen the customer relationship while highlight rewards, benefits and spending value",Priority 3,0.4012955807047363,True,Discover more value with Rewards Credit Card,Benefits designed around your banking needs,Explore Rewards Credit Card and discover an option designed to support your evolving financial needs.,Explore Rewards Credit Card,Fallback,Discover more value with Rewards Credit Card,More value for your banking journey,Explore Rewards Credit Card and discover an option that may complement your evolving financial needs.,Explore Rewards Credit Card,Keep exploring your options with Rewards Credit Card,Consider your next banking opportunity,Take a closer look at Rewards Credit Card and consider whether it could be a suitable addition to your financial plans.,Learn More,Benefit-Focused,Action-Focused,A/B,Benefit-Focused,Action-Focused,91.45431035146446,9.008086338185423,A,Benefit-Focused,82.44622401327904,High,3,Model-Based A/B Evaluation,Estimated model-based performance; not based on actual customer engagement data.
C000500,Core Active,Core Relationship Customer,Moderate Risk,Moderate Cross-Sell Opportunity,Priority 3,P003,Rewards Credit Card,0.432663935120466,0.0,spending and transaction patterns support a rewards credit card; strong digital affinity,Cross-Sell,"Introduce a complementary product and highlight rewards, benefits and spending value",Priority 3,0.432663935120466,True,Discover Rewards Credit Card,An option selected with your needs in mind,Explore Rewards Credit Card and discover how it may complement your financial needs.,Explore Rewards Credit Card,Fallback,Explore Rewards Credit Card for your financial needs,Discover another option for your financial journey,"Based on your banking relationship, explore Rewards Credit Card and see how it may complement your existing financial needs.",Explore Rewards Credit Card,Have you explored Rewards Credit Card?,Consider adding Rewards Credit Card to your financial plans,Take the next step and learn more about Rewards Credit Card. Review the available information to see whether it fits your financial needs.,Learn More,Benefit-Focused,Action-Focused,A/B,Benefit-Focused,Action-Focused,51.40881110422687,9.712227770212806,A,Benefit-Focused,41.696583334014065,High,3,Model-Based A/B Evaluation,Estimated model-based performance; not based on actual customer engagement data.
C000501,Premium High-Value,Premium Relationship Customer,Moderate Risk,Moderate Cross-Sell Opportunity,Priority 2,P004,Personal Loan,0.7147036293679352,0.0,financial capacity and transaction activity support borrowing needs; strong segment fit,Cross-Sell,Introduce a complementary product and highlight flexible financing and convenience,Priority 2,0.7147036293679352,True,Discover Personal Loan,An option selected with your needs in mind,Explore Personal Loan and discover how it may complement your financial needs.,Explore Personal Loan,Fallback,Explore Personal Loan for your financial needs,Discover another option for your financial journey,"Based on your banking relationship, explore Personal Loan and see how it may complement your existing financial needs.",Explore Personal Loan,Have you explored Personal Loan?,Consider adding Personal Loan to your financial plans,Take the next step and learn more about Personal Loan. Review the available information to see whether it fits your financial needs.,Learn More,Benefit-Focused,Action-Focused,A/B,Benefit-Focused,Action-Focused,58.3154533229984,16.04331647075337,A,Benefit-Focused,42.272136852245026,High,1,Model-Based A/B Evaluation,Estimated model-based performance; not based on actual customer engagement data.
C000502,Core Active,Core Digital Customer,Low Risk,Moderate Cross-Sell Opportunity,Priority 3,P008,Premium Banking,0.4785932754736047,0.0,customer profile supports premium banking services; strong digital affinity,Cross-Sell,Introduce a complementary product and highlight premium services and exclusive benefits,Priority 3,0.4785932754736047,True,Discover Premium Banking,An option selected with your needs in mind,Explore Premium Banking and discover how it may complement your financial needs.,Explore Premium Banking,Fallback,Explore Premium Banking for your financial needs,Discover another option for your financial journey,"Based on your banking relationship, explore Premium Banking and see how it may complement your existing financial needs.",Explore Premium Banking,Have you explored Premium Banking?,Consider adding Premium Banking to your financial plans,Take the next step and learn more about Premium Banking. Review the available information to see whether it fits your financial needs.,Learn More,Benefit-Focused,Action-Focused,A/B,Benefit-Focused,Action-Focused,52.533537614832795,10.74322707160156,A,Benefit-Focused,41.790310543231236,High,3,Model-Based A/B Evaluation,Estimated model-based performance; not based on actual customer engagement data.
C000503,Dormant / Declining,Dormant Reactivation Target,Critical Risk,Low Cross-Sell Opportunity,Priority 4,P007,Term Insurance,0.1875242440875301,0.0,customer profile indicates potential protection needs,Retention,Strengthen the customer relationship while highlight financial protection and security,Priority 4,0.1875242440875301,True,Discover more value with Term Insurance,Benefits designed around your banking needs,Explore Term Insurance and discover an option designed to support your evolving financial needs.,Explore Term Insurance,Fallback,Discover more value with Term Insurance,More value for your banking journey,Explore Term Insurance and discover an option that may complement your evolving financial needs.,Explore Term Insurance,Keep exploring your options with Term Insurance,Consider your next banking opportunity,Take a closer look at Term Insurance and consider whether it could be a suitable addition to your financial plans.,Learn More,Benefit-Focused,Action-Focused,A/B,Benefit-Focused,Action-Focused,86.21943679019847,4.209452240358278,A,Benefit-Focused,82.0099845498402,High,3,Model-Based A/B Evaluation,Estimated model-based performance; not based on actual customer engagement data.
C000504,Core Active,Core Relationship Customer,Critical Risk,Moderate Cross-Sell Opportunity,Priority 3,P003,Rewards Credit Card,0.375328490832029,0.0,spending and transaction patterns support a rewards credit card,Retention,"Strengthen the customer relationship while highlight rewards, benefits and spending value",Priority 3,0.375328490832029,True,Discover more value with Rewards Credit Card,Benefits designed around your banking needs,Explore Rewards Credit Card and discover an option designed to support your evolving financial needs.,Explore Rewards Credit Card,Fallback,Discover more value with Rewards Credit Card,More value for your banking journey,Explore Rewards Credit Card and discover an option that may complement your evolving financial needs.,Explore Rewards Credit Card,Keep exploring your options with Rewards Credit Card,Consider your next banking opportunity,Take a closer look at Rewards Credit Card and consider whether it could be a suitable addition to your financial plans.,Learn More,Benefit-Focused,Action-Focused,A/B,Benefit-Focused,Action-Focused,90.8184232658115,8.425189843003544,A,Benefit-Focused,82.39323342280795,High,3,Model-Based A/B Evaluation,Estimated model-based performance; not based on actual customer engagement data.
C000505,Core Active,Core Relationship Customer,Critical Risk,Low Cross-Sell Opportunity,Priority 3,P007,Term Insurance,0.2826578883010807,0.0,customer profile indicates potential protection needs,Retention,Strengthen the customer relationship while highlight financial protection and security,Priority 3,0.2826578883010807,True,Discover more value with Term Insurance,Benefits designed around your banking needs,Explore Term Insurance and discover an option designed to support your evolving financial needs.,Explore Term Insurance,Fallback,Discover more value with Term Insurance,More value for your banking journey,Explore Term Insurance and discover an option that may complement your evolving financial needs.,Explore Term Insurance,Keep exploring your options with Term Insurance,Consider your next banking opportunity,Take a closer look at Term Insurance and consider whether it could be a suitable addition to your financial plans.,Learn More,Benefit-Focused,Action-Focused,A/B,Benefit-Focused,Action-Focused,88.54908774696905,6.344965617397976,A,Benefit-Focused,82.20412212957108,High,3,Model-Based A/B Evaluation,Estimated model-based performance; not based on actual customer engagement data.
C000506,At Risk,At-Risk Declining Customer,Critical Risk,Low Cross-Sell Opportunity,Priority 4,P007,Term Insurance,0.2487474995061379,0.0,customer profile indicates potential protection needs,Retention,Strengthen the customer relationship while highlight financial protection and security,Priority 4,0.2487474995061379,True,Discover more value with Term Insurance,Benefits designed around your banking needs,Explore Term Insurance and discover an option designed to support your evolving financial needs.,Explore Term Insurance,Fallback,Discover more value with Term Insurance,More value for your banking journey,Explore Term Insurance and discover an option that may complement your evolving financial needs.,Explore Term Insurance,Keep exploring your options with Term Insurance,Consider your next banking opportunity,Take a closer look at Term Insurance and consider whether it could be a suitable addition to your financial plans.,Learn More,Benefit-Focused,Action-Focused,A/B,Benefit-Focused,Action-Focused,87.71868363122566,5.583761844633191,A,Benefit-Focused,82.13492178659247,High,3,Model-Based A/B Evaluation,Estimated model-based performance; not based on actual customer engagement data.
C000507,Core Active,Core Cross-Sell Opportunity,Moderate Risk,High Cross-Sell Opportunity,Priority 2,P003,Rewards Credit Card,0.6072172217441679,0.0,spending and transaction patterns support a rewards credit card; strong digital affinity,Cross-Sell,"Introduce a complementary product and highlight rewards, benefits and spending value",Priority 2,0.6072172217441679,True,Discover Rewards Credit Card,An option selected with your needs in mind,Explore Rewards Credit Card and discover how it may complement your financial needs.,Explore Rewards Credit Card,Fallback,Explore Rewards Credit Card for your financial needs,Discover another option for your financial journey,"Based on your banking relationship, explore Rewards Credit Card and see how it may complement your existing financial needs.",Explore Rewards Credit Card,Have you explored Rewards Credit Card?,Consider adding Rewards Credit Card to your financial plans,Take the next step and learn more about Rewards Credit Card. Review the available information to see whether it fits your financial needs.,Learn More,Benefit-Focused,Action-Focused,A/B,Benefit-Focused,Action-Focused,55.68330552260042,13.630514320388551,A,Benefit-Focused,42.05279120221187,High,3,Model-Based A/B Evaluation,Estimated model-based performance; not based on actual customer engagement data.
C000508,Premium High-Value,Premium Relationship Customer,Low Risk,Moderate Cross-Sell Opportunity,Priority 2,P007,Term Insurance,0.6512362796555005,0.0,customer profile indicates potential protection needs; high transaction activity; strong segment fit,Cross-Sell,Introduce a complementary product and highlight financial protection and security,Priority 2,0.6512362796555005,True,Discover Term Insurance,An option selected with your needs in mind,Explore Term Insurance and discover how it may complement your financial needs.,Explore Term Insurance,Fallback,Explore Term Insurance for your financial needs,Discover another option for your financial journey,"Based on your banking relationship, explore Term Insurance and see how it may complement your existing financial needs.",Explore Term Insurance,Have you explored Term Insurance?,Consider adding Term Insurance to your financial plans,Take the next step and learn more about Term Insurance. Review the available information to see whether it fits your financial needs.,Learn More,Benefit-Focused,Action-Focused,A/B,Benefit-Focused,Action-Focused,56.761252669764026,14.618632538621867,A,Benefit-Focused,42.14262013114216,High,3,Model-Based A/B Evaluation,Estimated model-based performance; not based on actual customer engagement data.
C000509,Core Active,Core Digital Customer,Moderate Risk,Moderate Cross-Sell Opportunity,Priority 3,P003,Rewards Credit Card,0.4833992230481505,0.0,spending and transaction patterns support a rewards credit card; strong digital affinity,Cross-Sell,"Introduce a complementary product and highlight rewards, benefits and spending value",Priority 3,0.4833992230481505,True,Discover Rewards Credit Card,An option selected with your needs in mind,Explore Rewards Credit Card and discover how it may complement your financial needs.,Explore Rewards Credit Card,Fallback,Explore Rewards Credit Card for your financial needs,Discover another option for your financial journey,"Based on your banking relationship, explore Rewards Credit Card and see how it may complement your existing financial needs.",Explore Rewards Credit Card,Have you explored Rewards Credit Card?,Consider adding Rewards Credit Card to your financial plans,Take the next step and learn more about Rewards Credit Card. Review the available information to see whether it fits your financial needs.,Learn More,Benefit-Focused,Action-Focused,A/B,Benefit-Focused,Action-Focused,52.651226582366675,10.851108625174296,A,Benefit-Focused,41.80011795719238,High,3,Model-Based A/B Evaluation,Estimated model-based performance; not based on actual customer engagement data.
C000510,Premium High-Value,Premium Relationship Customer,Moderate Risk,Moderate Cross-Sell Opportunity,Priority 2,P006,Mutual Fund Plan,0.6446327573487161,0.0,financial capacity indicates potential for investment products; strong segment fit,Cross-Sell,Introduce a complementary product and highlight wealth creation and investment potential,Priority 2,0.6446327573487161,True,Discover Mutual Fund Plan,An option selected with your needs in mind,Explore Mutual Fund Plan and discover how it may complement your financial needs.,Explore Mutual Fund Plan,Fallback,Explore Mutual Fund Plan for your financial needs,Discover another option for your financial journey,"Based on your banking relationship, explore Mutual Fund Plan and see how it may complement your existing financial needs.",Explore Mutual Fund Plan,Have you explored Mutual Fund Plan?,Consider adding Mutual Fund Plan to your financial plans,Take the next step and learn more about Mutual Fund Plan. Review the available information to see whether it fits your financial needs.,Learn More,Benefit-Focused,Action-Focused,A/B,Benefit-Focused,Action-Focused,56.59954434683336,14.470399909268753,A,Benefit-Focused,42.129144437564605,High,3,Model-Based A/B Evaluation,Estimated model-based performance; not based on actual customer engagement data.
C000511,Core Active,Core Relationship Customer,Low Risk,Moderate Cross-Sell Opportunity,Priority 2,P003,Rewards Credit Card,0.5113650265337623,0.0,spending and transaction patterns support a rewards credit card; positive response to previous recommendations,Cross-Sell,"Introduce a complementary product and highlight rewards, benefits and spending value",Priority 2,0.5113650265337623,True,Discover Rewards Credit Card,An option selected with your needs in mind,Explore Rewards Credit Card and discover how it may complement your financial needs.,Explore Rewards Credit Card,Fallback,Explore Rewards Credit Card for your financial needs,Discover another option for your financial journey,"Based on your banking relationship, explore Rewards Credit Card and see how it may complement your existing financial needs.",Explore Rewards Credit Card,Have you explored Rewards Credit Card?,Consider adding Rewards Credit Card to your financial plans,Take the next step and learn more about Rewards Credit Card. Review the available information to see whether it fits your financial needs.,Learn More,Benefit-Focused,Action-Focused,A/B,Benefit-Focused,Action-Focused,53.33605855096937,11.478871263060094,A,Benefit-Focused,41.85718728790928,High,3,Model-Based A/B Evaluation,Estimated model-based performance; not based on actual customer engagement data.
C000512,Premium High-Value,Premium Relationship Customer,Low Risk,Moderate Cross-Sell Opportunity,Priority 2,P005,Home Loan,0.7330709052202629,0.0,financial capacity supports a potential home financing need; high transaction activity; high spending activity,Cross-Sell,Introduce a complementary product and highlight long-term home financing value,Priority 2,0.7330709052202629,True,Discover Home Loan,An option selected with your needs in mind,Explore Home Loan and discover how it may complement your financial needs.,Explore Home Loan,Fallback,Explore Home Loan for your financial needs,Discover another option for your financial journey,"Based on your banking relationship, explore Home Loan and see how it may complement your existing financial needs.",Explore Home Loan,Have you explored Home Loan?,Consider adding Home Loan to your financial plans,Take the next step and learn more about Home Loan. Review the available information to see whether it fits your financial needs.,Learn More,Benefit-Focused,Action-Focused,A/B,Benefit-Focused,Action-Focused,58.765234702828586,16.455616068931036,A,Benefit-Focused,42.30961863389755,High,3,Model-Based A/B Evaluation,Estimated model-based performance; not based on actual customer engagement data.
C000513,Premium High-Value,Premium Relationship Customer,High Risk,Moderate Cross-Sell Opportunity,Priority 2,P008,Premium Banking,0.634507700211925,0.0,customer profile supports premium banking services; strong segment fit; positive response to previous recommendations,Retention,Strengthen the customer relationship while highlight premium services and exclusive benefits,Priority 2,0.634507700211925,True,Discover more value with Premium Banking,Benefits designed around your banking needs,Explore Premium Banking and discover an option designed to support your evolving financial needs.,Explore Premium Banking,Fallback,Discover more value with Premium Banking,More value for your banking journey,Explore Premium Banking and discover an option that may complement your evolving financial needs.,Explore Premium Banking,Keep exploring your options with Premium Banking,Consider your next banking opportunity,Take a closer look at Premium Banking and consider whether it could be a suitable addition to your financial plans.,Learn More,Benefit-Focused,Action-Focused,A/B,Benefit-Focused,Action-Focused,97.16525353914307,14.243117593557479,A,Benefit-Focused,82.92213594558558,High,3,Model-Based A/B Evaluation,Estimated model-based performance; not based on actual customer engagement data.
C000514,Core Active,Core Relationship Customer,Moderate Risk,Moderate Cross-Sell Opportunity,Priority 3,P003,Rewards Credit Card,0.3762494227471508,0.0,spending and transaction patterns support a rewards credit card; strong digital affinity,Cross-Sell,"Introduce a complementary product and highlight rewards, benefits and spending value",Priority 3,0.3762494227471508,True,Discover Rewards Credit Card,An option selected with your needs in mind,Explore Rewards Credit Card and discover how it may complement your financial needs.,Explore Rewards Credit Card,Fallback,Explore Rewards Credit Card for your financial needs,Discover another option for your financial journey,"Based on your banking relationship, explore Rewards Credit Card and see how it may complement your existing financial needs.",Explore Rewards Credit Card,Have you explored Rewards Credit Card?,Consider adding Rewards Credit Card to your financial plans,Take the next step and learn more about Rewards Credit Card. Review the available information to see whether it fits your financial needs.,Learn More,Benefit-Focused,Action-Focused,A/B,Benefit-Focused,Action-Focused,50.02732168675832,8.445862470866624,A,Benefit-Focused,41.5814592158917,High,3,Model-Based A/B Evaluation,Estimated model-based performance; not based on actual customer engagement data.
C000515,Premium High-Value,Premium Relationship Customer,Moderate Risk,Moderate Cross-Sell Opportunity,Priority 2,P004,Personal Loan,0.7589025662455985,0.0,financial capacity and transaction activity support borrowing needs; high transaction activity; strong segment fit,Cross-Sell,Introduce a complementary product and highlight flexible financing and convenience,Priority 2,0.7589025662455985,True,Discover Personal Loan,An option selected with your needs in mind,Explore Personal Loan and discover how it may complement your financial needs.,Explore Personal Loan,Fallback,Explore Personal Loan for your financial needs,Discover another option for your financial journey,"Based on your banking relationship, explore Personal Loan and see how it may complement your existing financial needs.",Explore Personal Loan,Have you explored Personal Loan?,Consider adding Personal Loan to your financial plans,Take the next step and learn more about Personal Loan. Review the available information to see whether it fits your financial needs.,Learn More,Benefit-Focused,Action-Focused,A/B,Benefit-Focused,Action-Focused,59.39780538084823,17.035472523782392,A,Benefit-Focused,42.36233285706584,High,3,Model-Based A/B Evaluation,Estimated model-based performance; not based on actual customer engagement data.
C000516,Premium High-Value,Premium Relationship Customer,Moderate Risk,Moderate Cross-Sell Opportunity,Priority 3,P003,Rewards Credit Card,0.7159873217787207,0.0,spending and transaction patterns support a rewards credit card; high transaction activity; strong segment fit,Cross-Sell,"Introduce a complementary product and highlight rewards, benefits and spending value",Priority 3,0.7159873217787207,True,Discover Rewards Credit Card,An option selected with your needs in mind,Explore Rewards Credit Card and discover how it may complement your financial needs.,Explore Rewards Credit Card,Fallback,Explore Rewards Credit Card for your financial needs,Discover another option for your financial journey,"Based on your banking relationship, explore Rewards Credit Card and see how it may complement your existing financial needs.",Explore Rewards Credit Card,Have you explored Rewards Credit Card?,Consider adding Rewards Credit Card to your financial plans,Take the next step and learn more about Rewards Credit Card. Review the available information to see whether it fits your financial needs.,Learn More,Benefit-Focused,Action-Focused,A/B,Benefit-Focused,Action-Focused,58.346888629379315,16.07213216826921,A,Benefit-Focused,42.2747564611101,High,2,Model-Based A/B Evaluation,Estimated model-based performance; not based on actual customer engagement data.
C000517,Core Active,Core Relationship Customer,High Risk,Moderate Cross-Sell Opportunity,Priority 3,P003,Rewards Credit Card,0.4546836053764814,0.0,spending and transaction patterns support a rewards credit card; positive response to previous recommendations,Retention,"Strengthen the customer relationship while highlight rewards, benefits and spending value",Priority 3,0.4546836053764814,True,Discover more value with Rewards Credit Card,Benefits designed around your banking needs,Explore Rewards Credit Card and discover an option designed to support your evolving financial needs.,Explore Rewards Credit Card,Fallback,Discover more value with Rewards Credit Card,More value for your banking journey,Explore Rewards Credit Card and discover an option that may complement your evolving financial needs.,Explore Rewards Credit Card,Keep exploring your options with Rewards Credit Card,Consider your next banking opportunity,Take a closer look at Rewards Credit Card and consider whether it could be a suitable addition to your financial plans.,Learn More,Benefit-Focused,Action-Focused,A/B,Benefit-Focused,Action-Focused,92.76168655664199,10.206514526264836,A,Benefit-Focused,82.55517203037715,High,3,Model-Based A/B Evaluation,Estimated model-based performance; not based on actual customer engagement data.
C000518,Premium High-Value,Premium Digital Customer,Low Risk,Moderate Cross-Sell Opportunity,Priority 2,P004,Personal Loan,0.753361863239397,0.0,financial capacity and transaction activity support borrowing needs; high transaction activity; strong digital affinity,Cross-Sell,Introduce a complementary product and highlight flexible financing and convenience,Priority 2,0.753361863239397,True,Discover Personal Loan,An option selected with your needs in mind,Explore Personal Loan and discover how it may complement your financial needs.,Explore Personal Loan,Fallback,Explore Personal Loan for your financial needs,Discover another option for your financial journey,"Based on your banking relationship, explore Personal Loan and see how it may complement your existing financial needs.",Explore Personal Loan,Have you explored Personal Loan?,Consider adding Personal Loan to your financial plans,Take the next step and learn more about Personal Loan. Review the available information to see whether it fits your financial needs.,Learn More,Benefit-Focused,Action-Focused,A/B,Benefit-Focused,Action-Focused,59.262123581141246,16.911097540717652,A,Benefit-Focused,42.35102604042359,High,3,Model-Based A/B Evaluation,Estimated model-based performance; not based on actual customer engagement data.
C000519,At Risk,At-Risk Engagement Customer,Critical Risk,Low Cross-Sell Opportunity,Priority 4,P007,Term Insurance,0.1641755258797541,0.0,customer profile indicates potential protection needs,Retention,Strengthen the customer relationship while highlight financial protection and security,Priority 4,0.1641755258797541,True,Discover more value with Term Insurance,Benefits designed around your banking needs,Explore Term Insurance and discover an option designed to support your evolving financial needs.,Explore Term Insurance,Fallback,Discover more value with Term Insurance,More value for your banking journey,Explore Term Insurance and discover an option that may complement your evolving financial needs.,Explore Term Insurance,Keep exploring your options with Term Insurance,Consider your next banking opportunity,Take a closer look at Term Insurance and consider whether it could be a suitable addition to your financial plans.,Learn More,Benefit-Focused,Action-Focused,A/B,Benefit-Focused,Action-Focused,85.64766889292325,3.685331667855981,A,Benefit-Focused,81.96233722506727,High,3,Model-Based A/B Evaluation,Estimated model-based performance; not based on actual customer engagement data.
C000520,Core Active,Core Relationship Customer,Moderate Risk,Low Cross-Sell Opportunity,Priority 4,P004,Personal Loan,0.3566708194632219,0.0,financial capacity and transaction activity support borrowing needs,Engagement,Highlight flexible financing and convenience,Priority 4,0.3566708194632219,True,Explore Personal Loan,A financial option worth exploring,Take a closer look at Personal Loan and see how it could complement your banking needs.,Learn More,Fallback,Discover Personal Loan,An option worth exploring,Explore Personal Loan and learn how it may complement your financial needs.,Learn More,See what Personal Loan can offer,Take a closer look at Personal Loan,Learn more about Personal Loan and consider whether it could complement your financial needs.,Learn More,Benefit-Focused,Action-Focused,A/B,Benefit-Focused,Action-Focused,8.734223551338394,89.63367866217085,B,Action-Focused,80.89945511083246,High,3,Model-Based A/B Evaluation,Estimated model-based performance; not based on actual customer engagement data.
C000521,Premium High-Value,Premium Digital Customer,Low Risk,Moderate Cross-Sell Opportunity,Priority 2,P007,Term Insurance,0.733591000870625,0.0,customer profile indicates potential protection needs; strong digital affinity; strong segment fit,Cross-Sell,Introduce a complementary product and highlight financial protection and security,Priority 2,0.733591000870625,True,Discover Term Insurance,An option selected with your needs in mind,Explore Term Insurance and discover how it may complement your financial needs.,Explore Term Insurance,Fallback,Explore Term Insurance for your financial needs,Discover another option for your financial journey,"Based on your banking relationship, explore Term Insurance and see how it may complement your existing financial needs.",Explore Term Insurance,Have you explored Term Insurance?,Consider adding Term Insurance to your financial plans,Take the next step and learn more about Term Insurance. Review the available information to see whether it fits your financial needs.,Learn More,Benefit-Focused,Action-Focused,A/B,Benefit-Focused,Action-Focused,58.77797090503649,16.467290920954948,A,Benefit-Focused,42.310679984081546,High,1,Model-Based A/B Evaluation,Estimated model-based performance; not based on actual customer engagement data.
C000522,Core Active,Core Digital Customer,Moderate Risk,Moderate Cross-Sell Opportunity,Priority 3,P008,Premium Banking,0.4568546631920207,0.0,customer profile supports premium banking services; strong digital affinity,Cross-Sell,Introduce a complementary product and highlight premium services and exclusive benefits,Priority 3,0.4568546631920207,True,Discover Premium Banking,An option selected with your needs in mind,Explore Premium Banking and discover how it may complement your financial needs.,Explore Premium Banking,Fallback,Explore Premium Banking for your financial needs,Discover another option for your financial journey,"Based on your banking relationship, explore Premium Banking and see how it may complement your existing financial needs.",Explore Premium Banking,Have you explored Premium Banking?,Consider adding Premium Banking to your financial plans,Take the next step and learn more about Premium Banking. Review the available information to see whether it fits your financial needs.,Learn More,Benefit-Focused,Action-Focused,A/B,Benefit-Focused,Action-Focused,52.00119830081496,10.255249367085224,A,Benefit-Focused,41.745948933729736,High,3,Model-Based A/B Evaluation,Estimated model-based performance; not based on actual customer engagement data.
C000523,At Risk,At-Risk Engagement Customer,High Risk,Low Cross-Sell Opportunity,Priority 4,P006,Mutual Fund Plan,0.2439123596278701,0.0,financial capacity indicates potential for investment products,Retention,Strengthen the customer relationship while highlight wealth creation and investment potential,Priority 4,0.2439123596278701,True,Discover more value with Mutual Fund Plan,Benefits designed around your banking needs,Explore Mutual Fund Plan and discover an option designed to support your evolving financial needs.,Explore Mutual Fund Plan,Fallback,Discover more value with Mutual Fund Plan,More value for your banking journey,Explore Mutual Fund Plan and discover an option that may complement your evolving financial needs.,Explore Mutual Fund Plan,Keep exploring your options with Mutual Fund Plan,Consider your next banking opportunity,Take a closer look at Mutual Fund Plan and consider whether it could be a suitable addition to your financial plans.,Learn More,Benefit-Focused,Action-Focused,A/B,Benefit-Focused,Action-Focused,87.60027979694972,5.475224996546926,A,Benefit-Focused,82.1250548004028,High,3,Model-Based A/B Evaluation,Estimated model-based performance; not based on actual customer engagement data.
C000524,Core Active,Core Digital Customer,Low Risk,Moderate Cross-Sell Opportunity,Priority 2,P008,Premium Banking,0.4669703860399956,0.0,customer profile supports premium banking services; strong digital affinity,Cross-Sell,Introduce a complementary product and highlight premium services and exclusive benefits,Priority 2,0.4669703860399956,True,Discover Premium Banking,An option selected with your needs in mind,Explore Premium Banking and discover how it may complement your financial needs.,Explore Premium Banking,Fallback,Explore Premium Banking for your financial needs,Discover another option for your financial journey,"Based on your banking relationship, explore Premium Banking and see how it may complement your existing financial needs.",Explore Premium Banking,Have you explored Premium Banking?,Consider adding Premium Banking to your financial plans,Take the next step and learn more about Premium Banking. Review the available information to see whether it fits your financial needs.,Learn More,Benefit-Focused,Action-Focused,A/B,Benefit-Focused,Action-Focused,52.24891406536941,10.482322151260135,A,Benefit-Focused,41.76659191410928,High,3,Model-Based A/B Evaluation,Estimated model-based performance; not based on actual customer engagement data.
C000525,Core Active,Core Relationship Customer,High Risk,Low Cross-Sell Opportunity,Priority 4,P007,Term Insurance,0.3084979749429247,0.0,customer profile indicates potential protection needs,Retention,Strengthen the customer relationship while highlight financial protection and security,Priority 4,0.3084979749429247,True,Discover more value with Term Insurance,Benefits designed around your banking needs,Explore Term Insurance and discover an option designed to support your evolving financial needs.,Explore Term Insurance,Fallback,Discover more value with Term Insurance,More value for your banking journey,Explore Term Insurance and discover an option that may complement your evolving financial needs.,Explore Term Insurance,Keep exploring your options with Term Insurance,Consider your next banking opportunity,Take a closer look at Term Insurance and consider whether it could be a suitable addition to your financial plans.,Learn More,Benefit-Focused,Action-Focused,A/B,Benefit-Focused,Action-Focused,89.1818647531045,6.92501120635548,A,Benefit-Focused,82.25685354674903,High,3,Model-Based A/B Evaluation,Estimated model-based performance; not based on actual customer engagement data.
C000526,Premium High-Value,Premium Digital Customer,Low Risk,High Cross-Sell Opportunity,Priority 2,P003,Rewards Credit Card,0.7584692151378583,0.0,spending and transaction patterns support a rewards credit card; strong digital affinity; strong segment fit,Cross-Sell,"Introduce a complementary product and highlight rewards, benefits and spending value",Priority 2,0.7584692151378583,True,Discover Rewards Credit Card,An option selected with your needs in mind,Explore Rewards Credit Card and discover how it may complement your financial needs.,Explore Rewards Credit Card,Fallback,Explore Rewards Credit Card for your financial needs,Discover another option for your financial journey,"Based on your banking relationship, explore Rewards Credit Card and see how it may complement your existing financial needs.",Explore Rewards Credit Card,Have you explored Rewards Credit Card?,Consider adding Rewards Credit Card to your financial plans,Take the next step and learn more about Rewards Credit Card. Review the available information to see whether it fits your financial needs.,Learn More,Benefit-Focused,Action-Focused,A/B,Benefit-Focused,Action-Focused,59.38719339566559,17.025744870698304,A,Benefit-Focused,42.36144852496729,High,3,Model-Based A/B Evaluation,Estimated model-based performance; not based on actual customer engagement data.
C000527,Core Active,Core Relationship Customer,Low Risk,Moderate Cross-Sell Opportunity,Priority 3,P004,Personal Loan,0.4600245894654853,0.0,financial capacity and transaction activity support borrowing needs,Cross-Sell,Introduce a complementary product and highlight flexible financing and convenience,Priority 3,0.4600245894654853,True,Discover Personal Loan,An option selected with your needs in mind,Explore Personal Loan and discover how it may complement your financial needs.,Explore Personal Loan,Fallback,Explore Personal Loan for your financial needs,Discover another option for your financial journey,"Based on your banking relationship, explore Personal Loan and see how it may complement your existing financial needs.",Explore Personal Loan,Have you explored Personal Loan?,Consider adding Personal Loan to your financial plans,Take the next step and learn more about Personal Loan. Review the available information to see whether it fits your financial needs.,Learn More,Benefit-Focused,Action-Focused,A/B,Benefit-Focused,Action-Focused,52.078824064412245,10.326406317049399,A,Benefit-Focused,41.75241774736285,High,3,Model-Based A/B Evaluation,Estimated model-based performance; not based on actual customer engagement data.
C000528,Core Active,Core Relationship Customer,High Risk,Moderate Cross-Sell Opportunity,Priority 3,P003,Rewards Credit Card,0.3757766107731555,0.0,spending and transaction patterns support a rewards credit card,Retention,"Strengthen the customer relationship while highlight rewards, benefits and spending value",Priority 3,0.3757766107731555,True,Discover more value with Rewards Credit Card,Benefits designed around your banking needs,Explore Rewards Credit Card and discover an option designed to support your evolving financial needs.,Explore Rewards Credit Card,Fallback,Discover more value with Rewards Credit Card,More value for your banking journey,Explore Rewards Credit Card and discover an option that may complement your evolving financial needs.,Explore Rewards Credit Card,Keep exploring your options with Rewards Credit Card,Consider your next banking opportunity,Take a closer look at Rewards Credit Card and consider whether it could be a suitable addition to your financial plans.,Learn More,Benefit-Focused,Action-Focused,A/B,Benefit-Focused,Action-Focused,90.8293969130235,8.435249019614561,A,Benefit-Focused,82.39414789340894,High,3,Model-Based A/B Evaluation,Estimated model-based performance; not based on actual customer engagement data.
C000529,Premium High-Value,Premium Relationship Customer,Moderate Risk,Moderate Cross-Sell Opportunity,Priority 3,P008,Premium Banking,0.5755789729555891,0.0,customer profile supports premium banking services; strong segment fit,Cross-Sell,Introduce a complementary product and highlight premium services and exclusive benefits,Priority 3,0.5755789729555891,True,Discover Premium Banking,An option selected with your needs in mind,Explore Premium Banking and discover how it may complement your financial needs.,Explore Premium Banking,Fallback,Explore Premium Banking for your financial needs,Discover another option for your financial journey,"Based on your banking relationship, explore Premium Banking and see how it may complement your existing financial needs.",Explore Premium Banking,Have you explored Premium Banking?,Consider adding Premium Banking to your financial plans,Take the next step and learn more about Premium Banking. Review the available information to see whether it fits your financial needs.,Learn More,Benefit-Focused,Action-Focused,A/B,Benefit-Focused,Action-Focused,54.90854200786101,12.920314431877433,A,Benefit-Focused,41.98822757598357,High,3,Model-Based A/B Evaluation,Estimated model-based performance; not based on actual customer engagement data.
C000530,Premium High-Value,Premium Digital Customer,Moderate Risk,Moderate Cross-Sell Opportunity,Priority 2,P004,Personal Loan,0.7472280648375247,0.0,financial capacity and transaction activity support borrowing needs; strong digital affinity; strong segment fit,Cross-Sell,Introduce a complementary product and highlight flexible financing and convenience,Priority 2,0.7472280648375247,True,Discover Personal Loan,An option selected with your needs in mind,Explore Personal Loan and discover how it may complement your financial needs.,Explore Personal Loan,Fallback,Explore Personal Loan for your financial needs,Discover another option for your financial journey,"Based on your banking relationship, explore Personal Loan and see how it may complement your existing financial needs.",Explore Personal Loan,Have you explored Personal Loan?,Consider adding Personal Loan to your financial plans,Take the next step and learn more about Personal Loan. Review the available information to see whether it fits your financial needs.,Learn More,Benefit-Focused,Action-Focused,A/B,Benefit-Focused,Action-Focused,59.111917947438386,16.773409043156686,A,Benefit-Focused,42.338508904281696,High,3,Model-Based A/B Evaluation,Estimated model-based performance; not based on actual customer engagement data.
C000531,Core Active,Core Relationship Customer,High Risk,Moderate Cross-Sell Opportunity,Priority 3,P003,Rewards Credit Card,0.3412579876878715,0.0,spending and transaction patterns support a rewards credit card,Retention,"Strengthen the customer relationship while highlight rewards, benefits and spending value",Priority 3,0.3412579876878715,True,Discover more value with Rewards Credit Card,Benefits designed around your banking needs,Explore Rewards Credit Card and discover an option designed to support your evolving financial needs.,Explore Rewards Credit Card,Fallback,Discover more value with Rewards Credit Card,More value for your banking journey,Explore Rewards Credit Card and discover an option that may complement your evolving financial needs.,Explore Rewards Credit Card,Keep exploring your options with Rewards Credit Card,Consider your next banking opportunity,Take a closer look at Rewards Credit Card and consider whether it could be a suitable addition to your financial plans.,Learn More,Benefit-Focused,Action-Focused,A/B,Benefit-Focused,Action-Focused,89.98409823912303,7.660391901872451,A,Benefit-Focused,82.32370633725057,High,3,Model-Based A/B Evaluation,Estimated model-based performance; not based on actual customer engagement data.
C000532,Core Active,Core Relationship Customer,Moderate Risk,Moderate Cross-Sell Opportunity,Priority 3,P003,Rewards Credit Card,0.4219777237715915,0.0,spending and transaction patterns support a rewards credit card,Cross-Sell,"Introduce a complementary product and highlight rewards, benefits and spending value",Priority 3,0.4219777237715915,True,Discover Rewards Credit Card,An option selected with your needs in mind,Explore Rewards Credit Card and discover how it may complement your financial needs.,Explore Rewards Credit Card,Fallback,Explore Rewards Credit Card for your financial needs,Discover another option for your financial journey,"Based on your banking relationship, explore Rewards Credit Card and see how it may complement your existing financial needs.",Explore Rewards Credit Card,Have you explored Rewards Credit Card?,Consider adding Rewards Credit Card to your financial plans,Take the next step and learn more about Rewards Credit Card. Review the available information to see whether it fits your financial needs.,Learn More,Benefit-Focused,Action-Focused,A/B,Benefit-Focused,Action-Focused,51.14712510765899,9.472348940025572,A,Benefit-Focused,41.67477616763341,High,3,Model-Based A/B Evaluation,Estimated model-based performance; not based on actual customer engagement data.
C000533,Premium High-Value,Premium Digital Customer,Moderate Risk,Moderate Cross-Sell Opportunity,Priority 2,P008,Premium Banking,0.592271149235326,0.0,customer profile supports premium banking services; strong digital affinity; strong segment fit,Cross-Sell,Introduce a complementary product and highlight premium services and exclusive benefits,Priority 2,0.592271149235326,True,Discover Premium Banking,An option selected with your needs in mind,Explore Premium Banking and discover how it may complement your financial needs.,Explore Premium Banking,Fallback,Explore Premium Banking for your financial needs,Discover another option for your financial journey,"Based on your banking relationship, explore Premium Banking and see how it may complement your existing financial needs.",Explore Premium Banking,Have you explored Premium Banking?,Consider adding Premium Banking to your financial plans,Take the next step and learn more about Premium Banking. Review the available information to see whether it fits your financial needs.,Learn More,Benefit-Focused,Action-Focused,A/B,Benefit-Focused,Action-Focused,55.317303227534055,13.295012216577721,A,Benefit-Focused,42.02229101095634,High,3,Model-Based A/B Evaluation,Estimated model-based performance; not based on actual customer engagement data.
C000534,Core Active,Core Relationship Customer,High Risk,Moderate Cross-Sell Opportunity,Priority 2,P003,Rewards Credit Card,0.4379187520994189,0.0,spending and transaction patterns support a rewards credit card; positive response to previous recommendations,Retention,"Strengthen the customer relationship while highlight rewards, benefits and spending value",Priority 2,0.4379187520994189,True,Discover more value with Rewards Credit Card,Benefits designed around your banking needs,Explore Rewards Credit Card and discover an option designed to support your evolving financial needs.,Explore Rewards Credit Card,Fallback,Discover more value with Rewards Credit Card,More value for your banking journey,Explore Rewards Credit Card and discover an option that may complement your evolving financial needs.,Explore Rewards Credit Card,Keep exploring your options with Rewards Credit Card,Consider your next banking opportunity,Take a closer look at Rewards Credit Card and consider whether it could be a suitable addition to your financial plans.,Learn More,Benefit-Focused,Action-Focused,A/B,Benefit-Focused,Action-Focused,92.35114560869559,9.830185323980633,A,Benefit-Focused,82.52096028471496,High,3,Model-Based A/B Evaluation,Estimated model-based performance; not based on actual customer engagement data.
C000535,Core Active,Core Relationship Customer,Low Risk,Moderate Cross-Sell Opportunity,Priority 3,P008,Premium Banking,0.3934478101679144,0.0,customer profile supports premium banking services,Cross-Sell,Introduce a complementary product and highlight premium services and exclusive benefits,Priority 3,0.3934478101679144,True,Discover Premium Banking,An option selected with your needs in mind,Explore Premium Banking and discover how it may complement your financial needs.,Explore Premium Banking,Fallback,Explore Premium Banking for your financial needs,Discover another option for your financial journey,"Based on your banking relationship, explore Premium Banking and see how it may complement your existing financial needs.",Explore Premium Banking,Have you explored Premium Banking?,Consider adding Premium Banking to your financial plans,Take the next step and learn more about Premium Banking. Review the available information to see whether it fits your financial needs.,Learn More,Benefit-Focused,Action-Focused,A/B,Benefit-Focused,Action-Focused,50.44847910210712,8.831923434936375,A,Benefit-Focused,41.61655566717074,High,3,Model-Based A/B Evaluation,Estimated model-based performance; not based on actual customer engagement data.
C000536,Core Active,Core Relationship Customer,High Risk,Moderate Cross-Sell Opportunity,Priority 2,P008,Premium Banking,0.4281336028245404,0.0,customer profile supports premium banking services,Retention,Strengthen the customer relationship while highlight premium services and exclusive benefits,Priority 2,0.4281336028245404,True,Discover more value with Premium Banking,Benefits designed around your banking needs,Explore Premium Banking and discover an option designed to support your evolving financial needs.,Explore Premium Banking,Fallback,Discover more value with Premium Banking,More value for your banking journey,Explore Premium Banking and discover an option that may complement your evolving financial needs.,Explore Premium Banking,Keep exploring your options with Premium Banking,Consider your next banking opportunity,Take a closer look at Premium Banking and consider whether it could be a suitable addition to your financial plans.,Learn More,Benefit-Focused,Action-Focused,A/B,Benefit-Focused,Action-Focused,92.11152499330957,9.610533093210135,A,Benefit-Focused,82.50099190009944,High,3,Model-Based A/B Evaluation,Estimated model-based performance; not based on actual customer engagement data.
C000537,Premium High-Value,Premium Relationship Customer,Low Risk,Moderate Cross-Sell Opportunity,Priority 2,P008,Premium Banking,0.5329994327383608,0.0,customer profile supports premium banking services; strong segment fit,Cross-Sell,Introduce a complementary product and highlight premium services and exclusive benefits,Priority 2,0.5329994327383608,True,Discover Premium Banking,An option selected with your needs in mind,Explore Premium Banking and discover how it may complement your financial needs.,Explore Premium Banking,Fallback,Explore Premium Banking for your financial needs,Discover another option for your financial journey,"Based on your banking relationship, explore Premium Banking and see how it may complement your existing financial needs.",Explore Premium Banking,Have you explored Premium Banking?,Consider adding Premium Banking to your financial plans,Take the next step and learn more about Premium Banking. Review the available information to see whether it fits your financial needs.,Learn More,Benefit-Focused,Action-Focused,A/B,Benefit-Focused,Action-Focused,53.86584604655368,11.96450980067905,A,Benefit-Focused,41.90133624587463,High,3,Model-Based A/B Evaluation,Estimated model-based performance; not based on actual customer engagement data.
C000538,Core Active,Core Relationship Customer,Moderate Risk,Moderate Cross-Sell Opportunity,Priority 3,P003,Rewards Credit Card,0.3749139249559449,0.0,spending and transaction patterns support a rewards credit card,Cross-Sell,"Introduce a complementary product and highlight rewards, benefits and spending value",Priority 3,0.3749139249559449,True,Discover Rewards Credit Card,An option selected with your needs in mind,Explore Rewards Credit Card and discover how it may complement your financial needs.,Explore Rewards Credit Card,Fallback,Explore Rewards Credit Card for your financial needs,Discover another option for your financial journey,"Based on your banking relationship, explore Rewards Credit Card and see how it may complement your existing financial needs.",Explore Rewards Credit Card,Have you explored Rewards Credit Card?,Consider adding Rewards Credit Card to your financial plans,Take the next step and learn more about Rewards Credit Card. Review the available information to see whether it fits your financial needs.,Learn More,Benefit-Focused,Action-Focused,A/B,Benefit-Focused,Action-Focused,49.99461776026871,8.415883871584489,A,Benefit-Focused,41.57873388868422,High,3,Model-Based A/B Evaluation,Estimated model-based performance; not based on actual customer engagement data.
C000539,At Risk,At-Risk Declining Customer,Critical Risk,Low Cross-Sell Opportunity,Priority 4,P007,Term Insurance,0.2437732228472861,0.0,customer profile indicates potential protection needs,Retention,Strengthen the customer relationship while highlight financial protection and security,Priority 4,0.2437732228472861,True,Discover more value with Term Insurance,Benefits designed around your banking needs,Explore Term Insurance and discover an option designed to support your evolving financial needs.,Explore Term Insurance,Fallback,Discover more value with Term Insurance,More value for your banking journey,Explore Term Insurance and discover an option that may complement your evolving financial needs.,Explore Term Insurance,Keep exploring your options with Term Insurance,Consider your next banking opportunity,Take a closer look at Term Insurance and consider whether it could be a suitable addition to your financial plans.,Learn More,Benefit-Focused,Action-Focused,A/B,Benefit-Focused,Action-Focused,87.59687258873555,5.472101722350591,A,Benefit-Focused,82.12477086638496,High,3,Model-Based A/B Evaluation,Estimated model-based performance; not based on actual customer engagement data.
C000540,Core Active,Core Relationship Customer,Moderate Risk,Moderate Cross-Sell Opportunity,Priority 3,P004,Personal Loan,0.4373806222277993,0.0,financial capacity and transaction activity support borrowing needs,Cross-Sell,Introduce a complementary product and highlight flexible financing and convenience,Priority 3,0.4373806222277993,True,Discover Personal Loan,An option selected with your needs in mind,Explore Personal Loan and discover how it may complement your financial needs.,Explore Personal Loan,Fallback,Explore Personal Loan for your financial needs,Discover another option for your financial journey,"Based on your banking relationship, explore Personal Loan and see how it may complement your existing financial needs.",Explore Personal Loan,Have you explored Personal Loan?,Consider adding Personal Loan to your financial plans,Take the next step and learn more about Personal Loan. Review the available information to see whether it fits your financial needs.,Learn More,Benefit-Focused,Action-Focused,A/B,Benefit-Focused,Action-Focused,51.52431424429077,9.818105648604709,A,Benefit-Focused,41.706208595686064,High,3,Model-Based A/B Evaluation,Estimated model-based performance; not based on actual customer engagement data.
C000541,Dormant / Declining,Dormant Reactivation Target,Critical Risk,Low Cross-Sell Opportunity,Priority 4,P008,Premium Banking,0.2003006305847567,0.0,customer profile supports premium banking services,Retention,Strengthen the customer relationship while highlight premium services and exclusive benefits,Priority 4,0.2003006305847567,True,Discover more value with Premium Banking,Benefits designed around your banking needs,Explore Premium Banking and discover an option designed to support your evolving financial needs.,Explore Premium Banking,Fallback,Discover more value with Premium Banking,More value for your banking journey,Explore Premium Banking and discover an option that may complement your evolving financial needs.,Explore Premium Banking,Keep exploring your options with Premium Banking,Consider your next banking opportunity,Take a closer look at Premium Banking and consider whether it could be a suitable addition to your financial plans.,Learn More,Benefit-Focused,Action-Focused,A/B,Benefit-Focused,Action-Focused,86.53230739736792,4.496250296930262,A,Benefit-Focused,82.03605710043766,High,3,Model-Based A/B Evaluation,Estimated model-based performance; not based on actual customer engagement data.
C000542,Core Active,Core Relationship Customer,Moderate Risk,Moderate Cross-Sell Opportunity,Priority 3,P008,Premium Banking,0.3934191118185922,0.0,customer profile supports premium banking services; strong digital affinity,Cross-Sell,Introduce a complementary product and highlight premium services and exclusive benefits,Priority 3,0.3934191118185922,True,Discover Premium Banking,An option selected with your needs in mind,Explore Premium Banking and discover how it may complement your financial needs.,Explore Premium Banking,Fallback,Explore Premium Banking for your financial needs,Discover another option for your financial journey,"Based on your banking relationship, explore Premium Banking and see how it may complement your existing financial needs.",Explore Premium Banking,Have you explored Premium Banking?,Consider adding Premium Banking to your financial plans,Take the next step and learn more about Premium Banking. Review the available information to see whether it fits your financial needs.,Learn More,Benefit-Focused,Action-Focused,A/B,Benefit-Focused,Action-Focused,50.44777633141534,8.831279228468903,A,Benefit-Focused,41.61649710294644,High,3,Model-Based A/B Evaluation,Estimated model-based performance; not based on actual customer engagement data.
C000543,Core Active,Core Relationship Customer,High Risk,Moderate Cross-Sell Opportunity,Priority 3,P003,Rewards Credit Card,0.3902806536105919,0.0,spending and transaction patterns support a rewards credit card,Retention,"Strengthen the customer relationship while highlight rewards, benefits and spending value",Priority 3,0.3902806536105919,True,Discover more value with Rewards Credit Card,Benefits designed around your banking needs,Explore Rewards Credit Card and discover an option designed to support your evolving financial needs.,Explore Rewards Credit Card,Fallback,Discover more value with Rewards Credit Card,More value for your banking journey,Explore Rewards Credit Card and discover an option that may complement your evolving financial needs.,Explore Rewards Credit Card,Keep exploring your options with Rewards Credit Card,Consider your next banking opportunity,Take a closer look at Rewards Credit Card and consider whether it could be a suitable addition to your financial plans.,Learn More,Benefit-Focused,Action-Focused,A/B,Benefit-Focused,Action-Focused,91.18457470057287,8.76082865820146,A,Benefit-Focused,82.4237460423714,High,3,Model-Based A/B Evaluation,Estimated model-based performance; not based on actual customer engagement data.
C000544,Premium High-Value,Premium Digital Customer,Low Risk,Moderate Cross-Sell Opportunity,Priority 2,P008,Premium Banking,0.5971173637451327,0.0,customer profile supports premium banking services; strong digital affinity; strong segment fit,Cross-Sell,Introduce a complementary product and highlight premium services and exclusive benefits,Priority 2,0.5971173637451327,True,Discover Premium Banking,An option selected with your needs in mind,Explore Premium Banking and discover how it may complement your financial needs.,Explore Premium Banking,Fallback,Explore Premium Banking for your financial needs,Discover another option for your financial journey,"Based on your banking relationship, explore Premium Banking and see how it may complement your existing financial needs.",Explore Premium Banking,Have you explored Premium Banking?,Consider adding Premium Banking to your financial plans,Take the next step and learn more about Premium Banking. Review the available information to see whether it fits your financial needs.,Learn More,Benefit-Focused,Action-Focused,A/B,Benefit-Focused,Action-Focused,55.43597825951478,13.403797662560057,A,Benefit-Focused,42.032180596954724,High,3,Model-Based A/B Evaluation,Estimated model-based performance; not based on actual customer engagement data.
C000545,Premium High-Value,Premium Relationship Customer,Low Risk,Moderate Cross-Sell Opportunity,Priority 2,P008,Premium Banking,0.663734666752112,0.0,customer profile supports premium banking services; strong digital affinity; strong segment fit,Cross-Sell,Introduce a complementary product and highlight premium services and exclusive benefits,Priority 2,0.663734666752112,True,Discover Premium Banking,An option selected with your needs in mind,Explore Premium Banking and discover how it may complement your financial needs.,Explore Premium Banking,Fallback,Explore Premium Banking for your financial needs,Discover another option for your financial journey,"Based on your banking relationship, explore Premium Banking and see how it may complement your existing financial needs.",Explore Premium Banking,Have you explored Premium Banking?,Consider adding Premium Banking to your financial plans,Take the next step and learn more about Premium Banking. Review the available information to see whether it fits your financial needs.,Learn More,Benefit-Focused,Action-Focused,A/B,Benefit-Focused,Action-Focused,57.067315574201395,14.899190201022783,A,Benefit-Focused,42.16812537317861,High,3,Model-Based A/B Evaluation,Estimated model-based performance; not based on actual customer engagement data.
C000546,Core Active,Core Relationship Customer,Moderate Risk,Moderate Cross-Sell Opportunity,Priority 3,P003,Rewards Credit Card,0.3724536526287901,0.0,spending and transaction patterns support a rewards credit card,Cross-Sell,"Introduce a complementary product and highlight rewards, benefits and spending value",Priority 3,0.3724536526287901,True,Discover Rewards Credit Card,An option selected with your needs in mind,Explore Rewards Credit Card and discover how it may complement your financial needs.,Explore Rewards Credit Card,Fallback,Explore Rewards Credit Card for your financial needs,Discover another option for your financial journey,"Based on your banking relationship, explore Rewards Credit Card and see how it may complement your existing financial needs.",Explore Rewards Credit Card,Have you explored Rewards Credit Card?,Consider adding Rewards Credit Card to your financial plans,Take the next step and learn more about Rewards Credit Card. Review the available information to see whether it fits your financial needs.,Learn More,Benefit-Focused,Action-Focused,A/B,Benefit-Focused,Action-Focused,49.93437013884883,8.360656885282925,A,Benefit-Focused,41.5737132535659,High,3,Model-Based A/B Evaluation,Estimated model-based performance; not based on actual customer engagement data.
C000547,Core Active,Core Relationship Customer,Moderate Risk,Moderate Cross-Sell Opportunity,Priority 3,P007,Term Insurance,0.4399119553641059,0.0,customer profile indicates potential protection needs,Cross-Sell,Introduce a complementary product and highlight financial protection and security,Priority 3,0.4399119553641059,True,Discover Term Insurance,An option selected with your needs in mind,Explore Term Insurance and discover how it may complement your financial needs.,Explore Term Insurance,Fallback,Explore Term Insurance for your financial needs,Discover another option for your financial journey,"Based on your banking relationship, explore Term Insurance and see how it may complement your existing financial needs.",Explore Term Insurance,Have you explored Term Insurance?,Consider adding Term Insurance to your financial plans,Take the next step and learn more about Term Insurance. Review the available information to see whether it fits your financial needs.,Learn More,Benefit-Focused,Action-Focused,A/B,Benefit-Focused,Action-Focused,51.58630201645751,9.874927773090892,A,Benefit-Focused,41.71137424336662,High,3,Model-Based A/B Evaluation,Estimated model-based performance; not based on actual customer engagement data.
C000548,Core Active,Core Digital Customer,Moderate Risk,Moderate Cross-Sell Opportunity,Priority 3,P003,Rewards Credit Card,0.4291205008940488,0.0,spending and transaction patterns support a rewards credit card; strong digital affinity,Cross-Sell,"Introduce a complementary product and highlight rewards, benefits and spending value",Priority 3,0.4291205008940488,True,Discover Rewards Credit Card,An option selected with your needs in mind,Explore Rewards Credit Card and discover how it may complement your financial needs.,Explore Rewards Credit Card,Fallback,Explore Rewards Credit Card for your financial needs,Discover another option for your financial journey,"Based on your banking relationship, explore Rewards Credit Card and see how it may complement your existing financial needs.",Explore Rewards Credit Card,Have you explored Rewards Credit Card?,Consider adding Rewards Credit Card to your financial plans,Take the next step and learn more about Rewards Credit Card. Review the available information to see whether it fits your financial needs.,Learn More,Benefit-Focused,Action-Focused,A/B,Benefit-Focused,Action-Focused,51.32203880611858,9.632686496946869,A,Benefit-Focused,41.68935230917171,High,3,Model-Based A/B Evaluation,Estimated model-based performance; not based on actual customer engagement data.
C000549,Premium High-Value,Premium Digital Customer,Low Risk,Moderate Cross-Sell Opportunity,Priority 2,P008,Premium Banking,0.6681000058832608,0.0,customer profile supports premium banking services; high transaction activity; strong digital affinity,Cross-Sell,Introduce a complementary product and highlight premium services and exclusive benefits,Priority 2,0.6681000058832608,True,Discover Premium Banking,An option selected with your needs in mind,Explore Premium Banking and discover how it may complement your financial needs.,Explore Premium Banking,Fallback,Explore Premium Banking for your financial needs,Discover another option for your financial journey,"Based on your banking relationship, explore Premium Banking and see how it may complement your existing financial needs.",Explore Premium Banking,Have you explored Premium Banking?,Consider adding Premium Banking to your financial plans,Take the next step and learn more about Premium Banking. Review the available information to see whether it fits your financial needs.,Learn More,Benefit-Focused,Action-Focused,A/B,Benefit-Focused,Action-Focused,57.1742148375228,14.997181192400733,A,Benefit-Focused,42.177033645122066,High,2,Model-Based A/B Evaluation,Estimated model-based performance; not based on actual customer engagement data.
C000550,Core Active,Core Relationship Customer,High Risk,Moderate Cross-Sell Opportunity,Priority 3,P008,Premium Banking,0.4027890908556331,0.0,customer profile supports premium banking services,Retention,Strengthen the customer relationship while highlight premium services and exclusive benefits,Priority 3,0.4027890908556331,True,Discover more value with Premium Banking,Benefits designed around your banking needs,Explore Premium Banking and discover an option designed to support your evolving financial needs.,Explore Premium Banking,Fallback,Discover more value with Premium Banking,More value for your banking journey,Explore Premium Banking and discover an option that may complement your evolving financial needs.,Explore Premium Banking,Keep exploring your options with Premium Banking,Consider your next banking opportunity,Take a closer look at Premium Banking and consider whether it could be a suitable addition to your financial plans.,Learn More,Benefit-Focused,Action-Focused,A/B,Benefit-Focused,Action-Focused,91.49088371497582,9.041611921404176,A,Benefit-Focused,82.44927179357165,High,3,Model-Based A/B Evaluation,Estimated model-based performance; not based on actual customer engagement data.
C000551,Core Active,Core Relationship Customer,High Risk,Moderate Cross-Sell Opportunity,Priority 3,P007,Term Insurance,0.4128261624699195,0.0,customer profile indicates potential protection needs,Retention,Strengthen the customer relationship while highlight financial protection and security,Priority 3,0.4128261624699195,True,Discover more value with Term Insurance,Benefits designed around your banking needs,Explore Term Insurance and discover an option designed to support your evolving financial needs.,Explore Term Insurance,Fallback,Discover more value with Term Insurance,More value for your banking journey,Explore Term Insurance and discover an option that may complement your evolving financial needs.,Explore Term Insurance,Keep exploring your options with Term Insurance,Consider your next banking opportunity,Take a closer look at Term Insurance and consider whether it could be a suitable addition to your financial plans.,Learn More,Benefit-Focused,Action-Focused,A/B,Benefit-Focused,Action-Focused,91.73667345300906,9.266919181267989,A,Benefit-Focused,82.46975427174107,High,3,Model-Based A/B Evaluation,Estimated model-based performance; not based on actual customer engagement data.
C000552,Core Active,Core Relationship Customer,Moderate Risk,Low Cross-Sell Opportunity,Priority 3,P003,Rewards Credit Card,0.4113648857105138,0.0,spending and transaction patterns support a rewards credit card,Engagement,"Highlight rewards, benefits and spending value",Priority 3,0.4113648857105138,True,Explore Rewards Credit Card,A financial option worth exploring,Take a closer look at Rewards Credit Card and see how it could complement your banking needs.,Learn More,Fallback,Discover Rewards Credit Card,An option worth exploring,Explore Rewards Credit Card and learn how it may complement your financial needs.,Learn More,See what Rewards Credit Card can offer,Take a closer look at Rewards Credit Card,Learn more about Rewards Credit Card and consider whether it could complement your financial needs.,Learn More,Benefit-Focused,Action-Focused,A/B,Benefit-Focused,Action-Focused,10.07358235353729,90.86142423085319,B,Action-Focused,80.7878418773159,High,3,Model-Based A/B Evaluation,Estimated model-based performance; not based on actual customer engagement data.
C000553,Premium High-Value,Premium Relationship Customer,High Risk,Moderate Cross-Sell Opportunity,Priority 3,P008,Premium Banking,0.6757888862232146,0.0,customer profile supports premium banking services; strong digital affinity; strong segment fit,Retention,Strengthen the customer relationship while highlight premium services and exclusive benefits,Priority 3,0.6757888862232146,True,Discover more value with Premium Banking,Benefits designed around your banking needs,Explore Premium Banking and discover an option designed to support your evolving financial needs.,Explore Premium Banking,Fallback,Discover more value with Premium Banking,More value for your banking journey,Explore Premium Banking and discover an option that may complement your evolving financial needs.,Explore Premium Banking,Keep exploring your options with Premium Banking,Consider your next banking opportunity,Take a closer look at Premium Banking and consider whether it could be a suitable addition to your financial plans.,Learn More,Benefit-Focused,Action-Focused,A/B,Benefit-Focused,Action-Focused,98.1761551532129,15.16977740645484,A,Benefit-Focused,83.00637774675806,High,1,Model-Based A/B Evaluation,Estimated model-based performance; not based on actual customer engagement data.
C000554,Core Active,Core Digital Customer,Low Risk,Moderate Cross-Sell Opportunity,Priority 3,P003,Rewards Credit Card,0.457632320425041,0.0,spending and transaction patterns support a rewards credit card; strong digital affinity,Cross-Sell,"Introduce a complementary product and highlight rewards, benefits and spending value",Priority 3,0.457632320425041,True,Discover Rewards Credit Card,An option selected with your needs in mind,Explore Rewards Credit Card and discover how it may complement your financial needs.,Explore Rewards Credit Card,Fallback,Explore Rewards Credit Card for your financial needs,Discover another option for your financial journey,"Based on your banking relationship, explore Rewards Credit Card and see how it may complement your existing financial needs.",Explore Rewards Credit Card,Have you explored Rewards Credit Card?,Consider adding Rewards Credit Card to your financial plans,Take the next step and learn more about Rewards Credit Card. Review the available information to see whether it fits your financial needs.,Learn More,Benefit-Focused,Action-Focused,A/B,Benefit-Focused,Action-Focused,52.02024172054226,10.272705835168573,A,Benefit-Focused,41.747535885373686,High,3,Model-Based A/B Evaluation,Estimated model-based performance; not based on actual customer engagement data.
C000555,Core Active,Core Relationship Customer,Low Risk,Moderate Cross-Sell Opportunity,Priority 3,P003,Rewards Credit Card,0.4443713291275125,0.0,spending and transaction patterns support a rewards credit card,Cross-Sell,"Introduce a complementary product and highlight rewards, benefits and spending value",Priority 3,0.4443713291275125,True,Discover Rewards Credit Card,An option selected with your needs in mind,Explore Rewards Credit Card and discover how it may complement your financial needs.,Explore Rewards Credit Card,Fallback,Explore Rewards Credit Card for your financial needs,Discover another option for your financial journey,"Based on your banking relationship, explore Rewards Credit Card and see how it may complement your existing financial needs.",Explore Rewards Credit Card,Have you explored Rewards Credit Card?,Consider adding Rewards Credit Card to your financial plans,Take the next step and learn more about Rewards Credit Card. Review the available information to see whether it fits your financial needs.,Learn More,Benefit-Focused,Action-Focused,A/B,Benefit-Focused,Action-Focused,51.69550401791977,9.975029607764625,A,Benefit-Focused,41.72047441015514,High,3,Model-Based A/B Evaluation,Estimated model-based performance; not based on actual customer engagement data.
C000556,Core Active,Core High-Activity Customer,Moderate Risk,Moderate Cross-Sell Opportunity,Priority 2,P004,Personal Loan,0.481096577297725,0.0,financial capacity and transaction activity support borrowing needs,Cross-Sell,Introduce a complementary product and highlight flexible financing and convenience,Priority 2,0.481096577297725,True,Discover Personal Loan,An option selected with your needs in mind,Explore Personal Loan and discover how it may complement your financial needs.,Explore Personal Loan,Fallback,Explore Personal Loan for your financial needs,Discover another option for your financial journey,"Based on your banking relationship, explore Personal Loan and see how it may complement your existing financial needs.",Explore Personal Loan,Have you explored Personal Loan?,Consider adding Personal Loan to your financial plans,Take the next step and learn more about Personal Loan. Review the available information to see whether it fits your financial needs.,Learn More,Benefit-Focused,Action-Focused,A/B,Benefit-Focused,Action-Focused,52.594838950841286,10.799419962942679,A,Benefit-Focused,41.79541898789861,High,3,Model-Based A/B Evaluation,Estimated model-based performance; not based on actual customer engagement data.
C000557,Dormant / Declining,Dormant Reactivation Target,Critical Risk,Low Cross-Sell Opportunity,Priority 4,P007,Term Insurance,0.2182728893150464,0.0,customer profile indicates potential protection needs,Retention,Strengthen the customer relationship while highlight financial protection and security,Priority 4,0.2182728893150464,True,Discover more value with Term Insurance,Benefits designed around your banking needs,Explore Term Insurance and discover an option designed to support your evolving financial needs.,Explore Term Insurance,Fallback,Discover more value with Term Insurance,More value for your banking journey,Explore Term Insurance and discover an option that may complement your evolving financial needs.,Explore Term Insurance,Keep exploring your options with Term Insurance,Consider your next banking opportunity,Take a closer look at Term Insurance and consider whether it could be a suitable addition to your financial plans.,Learn More,Benefit-Focused,Action-Focused,A/B,Benefit-Focused,Action-Focused,86.97241552202213,4.899682744529965,A,Benefit-Focused,82.07273277749216,High,3,Model-Based A/B Evaluation,Estimated model-based performance; not based on actual customer engagement data.
C000558,Premium High-Value,Premium Relationship Customer,Low Risk,Moderate Cross-Sell Opportunity,Priority 2,P005,Home Loan,0.975193376676813,0.0,financial capacity supports a potential home financing need; strong income profile; strong account balance,Cross-Sell,Introduce a complementary product and highlight long-term home financing value,Priority 2,0.975193376676813,True,Discover Home Loan,An option selected with your needs in mind,Explore Home Loan and discover how it may complement your financial needs.,Explore Home Loan,Fallback,Explore Home Loan for your financial needs,Discover another option for your financial journey,"Based on your banking relationship, explore Home Loan and see how it may complement your existing financial needs.",Explore Home Loan,Have you explored Home Loan?,Consider adding Home Loan to your financial plans,Take the next step and learn more about Home Loan. Review the available information to see whether it fits your financial needs.,Learn More,Benefit-Focused,Action-Focused,A/B,Benefit-Focused,Action-Focused,64.69437630091808,21.89066253384641,A,Benefit-Focused,42.80371376707167,High,2,Model-Based A/B Evaluation,Estimated model-based performance; not based on actual customer engagement data.
C000559,Core Active,Core Relationship Customer,Low Risk,Moderate Cross-Sell Opportunity,Priority 3,P008,Premium Banking,0.4366731285051624,0.0,customer profile supports premium banking services; strong digital affinity,Cross-Sell,Introduce a complementary product and highlight premium services and exclusive benefits,Priority 3,0.4366731285051624,True,Discover Premium Banking,An option selected with your needs in mind,Explore Premium Banking and discover how it may complement your financial needs.,Explore Premium Banking,Fallback,Explore Premium Banking for your financial needs,Discover another option for your financial journey,"Based on your banking relationship, explore Premium Banking and see how it may complement your existing financial needs.",Explore Premium Banking,Have you explored Premium Banking?,Consider adding Premium Banking to your financial plans,Take the next step and learn more about Premium Banking. Review the available information to see whether it fits your financial needs.,Learn More,Benefit-Focused,Action-Focused,A/B,Benefit-Focused,Action-Focused,51.5069890020857,9.8022241765834,A,Benefit-Focused,41.7047648255023,High,3,Model-Based A/B Evaluation,Estimated model-based performance; not based on actual customer engagement data.
C000560,Core Active,Core Relationship Customer,Moderate Risk,Low Cross-Sell Opportunity,Priority 3,P008,Premium Banking,0.3754309164418863,0.0,customer profile supports premium banking services,Engagement,Highlight premium services and exclusive benefits,Priority 3,0.3754309164418863,True,Explore Premium Banking,A financial option worth exploring,Take a closer look at Premium Banking and see how it could complement your banking needs.,Learn More,Fallback,Discover Premium Banking,An option worth exploring,Explore Premium Banking and learn how it may complement your financial needs.,Learn More,See what Premium Banking can offer,Take a closer look at Premium Banking,Learn more about Premium Banking and consider whether it could complement your financial needs.,Learn More,Benefit-Focused,Action-Focused,A/B,Benefit-Focused,Action-Focused,9.193624410379904,90.05479611629224,B,Action-Focused,80.86117170591234,High,3,Model-Based A/B Evaluation,Estimated model-based performance; not based on actual customer engagement data.
C000561,Core Active,Core Digital Customer,Moderate Risk,Moderate Cross-Sell Opportunity,Priority 3,P003,Rewards Credit Card,0.4427722930459194,0.0,spending and transaction patterns support a rewards credit card; strong digital affinity,Cross-Sell,"Introduce a complementary product and highlight rewards, benefits and spending value",Priority 3,0.4427722930459194,True,Discover Rewards Credit Card,An option selected with your needs in mind,Explore Rewards Credit Card and discover how it may complement your financial needs.,Explore Rewards Credit Card,Fallback,Explore Rewards Credit Card for your financial needs,Discover another option for your financial journey,"Based on your banking relationship, explore Rewards Credit Card and see how it may complement your existing financial needs.",Explore Rewards Credit Card,Have you explored Rewards Credit Card?,Consider adding Rewards Credit Card to your financial plans,Take the next step and learn more about Rewards Credit Card. Review the available information to see whether it fits your financial needs.,Learn More,Benefit-Focused,Action-Focused,A/B,Benefit-Focused,Action-Focused,51.65634651514366,9.939135230219854,A,Benefit-Focused,41.717211284923806,High,3,Model-Based A/B Evaluation,Estimated model-based performance; not based on actual customer engagement data.
C000562,Core Active,Core Relationship Customer,Low Risk,Moderate Cross-Sell Opportunity,Priority 3,P008,Premium Banking,0.4085748594176594,0.0,customer profile supports premium banking services,Cross-Sell,Introduce a complementary product and highlight premium services and exclusive benefits,Priority 3,0.4085748594176594,True,Discover Premium Banking,An option selected with your needs in mind,Explore Premium Banking and discover how it may complement your financial needs.,Explore Premium Banking,Fallback,Explore Premium Banking for your financial needs,Discover another option for your financial journey,"Based on your banking relationship, explore Premium Banking and see how it may complement your existing financial needs.",Explore Premium Banking,Have you explored Premium Banking?,Consider adding Premium Banking to your financial plans,Take the next step and learn more about Premium Banking. Review the available information to see whether it fits your financial needs.,Learn More,Benefit-Focused,Action-Focused,A/B,Benefit-Focused,Action-Focused,50.81891319037434,9.171488015847986,A,Benefit-Focused,41.647425174526354,High,3,Model-Based A/B Evaluation,Estimated model-based performance; not based on actual customer engagement data.
C000563,Premium High-Value,Premium Digital Customer,Moderate Risk,Moderate Cross-Sell Opportunity,Priority 2,P008,Premium Banking,0.6952905839362573,0.0,customer profile supports premium banking services; strong digital affinity; strong segment fit,Cross-Sell,Introduce a complementary product and highlight premium services and exclusive benefits,Priority 2,0.6952905839362573,True,Discover Premium Banking,An option selected with your needs in mind,Explore Premium Banking and discover how it may complement your financial needs.,Explore Premium Banking,Fallback,Explore Premium Banking for your financial needs,Discover another option for your financial journey,"Based on your banking relationship, explore Premium Banking and see how it may complement your existing financial needs.",Explore Premium Banking,Have you explored Premium Banking?,Consider adding Premium Banking to your financial plans,Take the next step and learn more about Premium Banking. Review the available information to see whether it fits your financial needs.,Learn More,Benefit-Focused,Action-Focused,A/B,Benefit-Focused,Action-Focused,57.840062936793714,15.607541950065743,A,Benefit-Focused,42.23252098672797,High,2,Model-Based A/B Evaluation,Estimated model-based performance; not based on actual customer engagement data.
C000564,At Risk,At-Risk Engagement Customer,Critical Risk,Low Cross-Sell Opportunity,Priority 4,P003,Rewards Credit Card,0.201985823550397,0.0,spending and transaction patterns support a rewards credit card,Retention,"Strengthen the customer relationship while highlight rewards, benefits and spending value",Priority 4,0.201985823550397,True,Discover more value with Rewards Credit Card,Benefits designed around your banking needs,Explore Rewards Credit Card and discover an option designed to support your evolving financial needs.,Explore Rewards Credit Card,Fallback,Discover more value with Rewards Credit Card,More value for your banking journey,Explore Rewards Credit Card and discover an option that may complement your evolving financial needs.,Explore Rewards Credit Card,Keep exploring your options with Rewards Credit Card,Consider your next banking opportunity,Take a closer look at Rewards Credit Card and consider whether it could be a suitable addition to your financial plans.,Learn More,Benefit-Focused,Action-Focused,A/B,Benefit-Focused,Action-Focused,86.5735747264732,4.534078681943451,A,Benefit-Focused,82.03949604452974,High,3,Model-Based A/B Evaluation,Estimated model-based performance; not based on actual customer engagement data.
C000565,Premium High-Value,Premium Relationship Customer,Moderate Risk,Moderate Cross-Sell Opportunity,Priority 2,P008,Premium Banking,0.740586931630391,0.0,customer profile supports premium banking services; strong account balance; high transaction activity,Cross-Sell,Introduce a complementary product and highlight premium services and exclusive benefits,Priority 2,0.740586931630391,True,Discover Premium Banking,An option selected with your needs in mind,Explore Premium Banking and discover how it may complement your financial needs.,Explore Premium Banking,Fallback,Explore Premium Banking for your financial needs,Discover another option for your financial journey,"Based on your banking relationship, explore Premium Banking and see how it may complement your existing financial needs.",Explore Premium Banking,Have you explored Premium Banking?,Consider adding Premium Banking to your financial plans,Take the next step and learn more about Premium Banking. Review the available information to see whether it fits your financial needs.,Learn More,Benefit-Focused,Action-Focused,A/B,Benefit-Focused,Action-Focused,58.94928860155407,16.62433214276274,A,Benefit-Focused,42.324956458791334,High,3,Model-Based A/B Evaluation,Estimated model-based performance; not based on actual customer engagement data.
C000566,Core Active,Core Relationship Customer,Moderate Risk,Low Cross-Sell Opportunity,Priority 3,P007,Term Insurance,0.3674650260464697,0.0,customer profile indicates potential protection needs,Engagement,Highlight financial protection and security,Priority 3,0.3674650260464697,True,Explore Term Insurance,A financial option worth exploring,Take a closer look at Term Insurance and see how it could complement your banking needs.,Learn More,Fallback,Discover Term Insurance,An option worth exploring,Explore Term Insurance and learn how it may complement your financial needs.,Learn More,See what Term Insurance can offer,Take a closer look at Term Insurance,Learn more about Term Insurance and consider whether it could complement your financial needs.,Learn More,Benefit-Focused,Action-Focused,A/B,Benefit-Focused,Action-Focused,8.998554155953881,89.87598171640172,B,Action-Focused,80.87742756044784,High,3,Model-Based A/B Evaluation,Estimated model-based performance; not based on actual customer engagement data.
C000567,Core Active,Core Relationship Customer,Moderate Risk,Moderate Cross-Sell Opportunity,Priority 3,P008,Premium Banking,0.4315498384525486,0.0,customer profile supports premium banking services,Cross-Sell,Introduce a complementary product and highlight premium services and exclusive benefits,Priority 3,0.4315498384525486,True,Discover Premium Banking,An option selected with your needs in mind,Explore Premium Banking and discover how it may complement your financial needs.,Explore Premium Banking,Fallback,Explore Premium Banking for your financial needs,Discover another option for your financial journey,"Based on your banking relationship, explore Premium Banking and see how it may complement your existing financial needs.",Explore Premium Banking,Have you explored Premium Banking?,Consider adding Premium Banking to your financial plans,Take the next step and learn more about Premium Banking. Review the available information to see whether it fits your financial needs.,Learn More,Benefit-Focused,Action-Focused,A/B,Benefit-Focused,Action-Focused,51.38152889098039,9.687219074736866,A,Benefit-Focused,41.694309816243525,High,3,Model-Based A/B Evaluation,Estimated model-based performance; not based on actual customer engagement data.
C000568,Core Active,Core Relationship Customer,High Risk,Moderate Cross-Sell Opportunity,Priority 3,P008,Premium Banking,0.4078464428615629,0.0,customer profile supports premium banking services,Retention,Strengthen the customer relationship while highlight premium services and exclusive benefits,Priority 3,0.4078464428615629,True,Discover more value with Premium Banking,Benefits designed around your banking needs,Explore Premium Banking and discover an option designed to support your evolving financial needs.,Explore Premium Banking,Fallback,Discover more value with Premium Banking,More value for your banking journey,Explore Premium Banking and discover an option that may complement your evolving financial needs.,Explore Premium Banking,Keep exploring your options with Premium Banking,Consider your next banking opportunity,Take a closer look at Premium Banking and consider whether it could be a suitable addition to your financial plans.,Learn More,Benefit-Focused,Action-Focused,A/B,Benefit-Focused,Action-Focused,91.61472912252577,9.155136878324972,A,Benefit-Focused,82.4595922442008,High,3,Model-Based A/B Evaluation,Estimated model-based performance; not based on actual customer engagement data.
C000569,Premium High-Value,Premium Relationship Customer,High Risk,Moderate Cross-Sell Opportunity,Priority 3,P008,Premium Banking,0.5905759514032825,0.0,customer profile supports premium banking services; strong segment fit,Retention,Strengthen the customer relationship while highlight premium services and exclusive benefits,Priority 3,0.5905759514032825,True,Discover more value with Premium Banking,Benefits designed around your banking needs,Explore Premium Banking and discover an option designed to support your evolving financial needs.,Explore Premium Banking,Fallback,Discover more value with Premium Banking,More value for your banking journey,Explore Premium Banking and discover an option that may complement your evolving financial needs.,Explore Premium Banking,Keep exploring your options with Premium Banking,Consider your next banking opportunity,Take a closer look at Premium Banking and consider whether it could be a suitable addition to your financial plans.,Learn More,Benefit-Focused,Action-Focused,A/B,Benefit-Focused,Action-Focused,96.08944443406013,13.256959247231444,A,Benefit-Focused,82.83248518682868,High,2,Model-Based A/B Evaluation,Estimated model-based performance; not based on actual customer engagement data.
C000570,Premium High-Value,Premium Digital Customer,Low Risk,Moderate Cross-Sell Opportunity,Priority 2,P005,Home Loan,0.8226830863938683,0.0,financial capacity supports a potential home financing need; high transaction activity; strong digital affinity,Cross-Sell,Introduce a complementary product and highlight long-term home financing value,Priority 2,0.8226830863938683,True,Discover Home Loan,An option selected with your needs in mind,Explore Home Loan and discover how it may complement your financial needs.,Explore Home Loan,Fallback,Explore Home Loan for your financial needs,Discover another option for your financial journey,"Based on your banking relationship, explore Home Loan and see how it may complement your existing financial needs.",Explore Home Loan,Have you explored Home Loan?,Consider adding Home Loan to your financial plans,Take the next step and learn more about Home Loan. Review the available information to see whether it fits your financial needs.,Learn More,Benefit-Focused,Action-Focused,A/B,Benefit-Focused,Action-Focused,60.959675011882275,18.46718635223026,A,Benefit-Focused,42.49248865965201,High,2,Model-Based A/B Evaluation,Estimated model-based performance; not based on actual customer engagement data.
C000571,Core Active,Core Relationship Customer,Low Risk,Low Cross-Sell Opportunity,Priority 3,P003,Rewards Credit Card,0.3910537055053682,0.0,spending and transaction patterns support a rewards credit card,Engagement,"Highlight rewards, benefits and spending value",Priority 3,0.3910537055053682,True,Explore Rewards Credit Card,A financial option worth exploring,Take a closer look at Rewards Credit Card and see how it could complement your banking needs.,Learn More,Fallback,Discover Rewards Credit Card,An option worth exploring,Explore Rewards Credit Card and learn how it may complement your financial needs.,Learn More,See what Rewards Credit Card can offer,Take a closer look at Rewards Credit Card,Learn more about Rewards Credit Card and consider whether it could complement your financial needs.,Learn More,Benefit-Focused,Action-Focused,A/B,Benefit-Focused,Action-Focused,9.576198270448447,90.40548882135508,B,Action-Focused,80.82929055090663,High,3,Model-Based A/B Evaluation,Estimated model-based performance; not based on actual customer engagement data.
C000572,Premium High-Value,Premium Relationship Customer,Moderate Risk,Moderate Cross-Sell Opportunity,Priority 3,P008,Premium Banking,0.6377941199595935,0.0,customer profile supports premium banking services; high transaction activity; strong digital affinity,Cross-Sell,Introduce a complementary product and highlight premium services and exclusive benefits,Priority 3,0.6377941199595935,True,Discover Premium Banking,An option selected with your needs in mind,Explore Premium Banking and discover how it may complement your financial needs.,Explore Premium Banking,Fallback,Explore Premium Banking for your financial needs,Discover another option for your financial journey,"Based on your banking relationship, explore Premium Banking and see how it may complement your existing financial needs.",Explore Premium Banking,Have you explored Premium Banking?,Consider adding Premium Banking to your financial plans,Take the next step and learn more about Premium Banking. Review the available information to see whether it fits your financial needs.,Learn More,Benefit-Focused,Action-Focused,A/B,Benefit-Focused,Action-Focused,56.43207848059561,14.316889531884144,A,Benefit-Focused,42.11518894871146,High,2,Model-Based A/B Evaluation,Estimated model-based performance; not based on actual customer engagement data.
C000573,Premium High-Value,Premium Digital Customer,Low Risk,Moderate Cross-Sell Opportunity,Priority 2,P004,Personal Loan,0.6760787904554663,0.0,financial capacity and transaction activity support borrowing needs; high transaction activity; strong digital affinity,Cross-Sell,Introduce a complementary product and highlight flexible financing and convenience,Priority 2,0.6760787904554663,True,Discover Personal Loan,An option selected with your needs in mind,Explore Personal Loan and discover how it may complement your financial needs.,Explore Personal Loan,Fallback,Explore Personal Loan for your financial needs,Discover another option for your financial journey,"Based on your banking relationship, explore Personal Loan and see how it may complement your existing financial needs.",Explore Personal Loan,Have you explored Personal Loan?,Consider adding Personal Loan to your financial plans,Take the next step and learn more about Personal Loan. Review the available information to see whether it fits your financial needs.,Learn More,Benefit-Focused,Action-Focused,A/B,Benefit-Focused,Action-Focused,57.36960084702728,15.17628503444651,A,Benefit-Focused,42.19331581258077,High,3,Model-Based A/B Evaluation,Estimated model-based performance; not based on actual customer engagement data.
C000574,Premium High-Value,Premium Relationship Customer,Low Risk,Moderate Cross-Sell Opportunity,Priority 2,P004,Personal Loan,0.807319269136945,0.0,financial capacity and transaction activity support borrowing needs; high transaction activity; strong segment fit,Cross-Sell,Introduce a complementary product and highlight flexible financing and convenience,Priority 2,0.807319269136945,True,Discover Personal Loan,An option selected with your needs in mind,Explore Personal Loan and discover how it may complement your financial needs.,Explore Personal Loan,Fallback,Explore Personal Loan for your financial needs,Discover another option for your financial journey,"Based on your banking relationship, explore Personal Loan and see how it may complement your existing financial needs.",Explore Personal Loan,Have you explored Personal Loan?,Consider adding Personal Loan to your financial plans,Take the next step and learn more about Personal Loan. Review the available information to see whether it fits your financial needs.,Learn More,Benefit-Focused,Action-Focused,A/B,Benefit-Focused,Action-Focused,60.583442903166926,18.12230691924119,A,Benefit-Focused,42.461135983925736,High,2,Model-Based A/B Evaluation,Estimated model-based performance; not based on actual customer engagement data.
C000575,Core Active,Core Relationship Customer,High Risk,Moderate Cross-Sell Opportunity,Priority 4,P008,Premium Banking,0.3388214470580377,0.0,customer profile supports premium banking services,Retention,Strengthen the customer relationship while highlight premium services and exclusive benefits,Priority 4,0.3388214470580377,True,Discover more value with Premium Banking,Benefits designed around your banking needs,Explore Premium Banking and discover an option designed to support your evolving financial needs.,Explore Premium Banking,Fallback,Discover more value with Premium Banking,More value for your banking journey,Explore Premium Banking and discover an option that may complement your evolving financial needs.,Explore Premium Banking,Keep exploring your options with Premium Banking,Consider your next banking opportunity,Take a closer look at Premium Banking and consider whether it could be a suitable addition to your financial plans.,Learn More,Benefit-Focused,Action-Focused,A/B,Benefit-Focused,Action-Focused,89.92443176406651,7.60569763307065,A,Benefit-Focused,82.31873413099586,High,3,Model-Based A/B Evaluation,Estimated model-based performance; not based on actual customer engagement data.
C000576,Premium High-Value,Premium Relationship Customer,Low Risk,Moderate Cross-Sell Opportunity,Priority 2,P003,Rewards Credit Card,0.6695995478985837,0.0,spending and transaction patterns support a rewards credit card; strong segment fit; positive response to previous recommendations,Cross-Sell,"Introduce a complementary product and highlight rewards, benefits and spending value",Priority 2,0.6695995478985837,True,Discover Rewards Credit Card,An option selected with your needs in mind,Explore Rewards Credit Card and discover how it may complement your financial needs.,Explore Rewards Credit Card,Fallback,Explore Rewards Credit Card for your financial needs,Discover another option for your financial journey,"Based on your banking relationship, explore Rewards Credit Card and see how it may complement your existing financial needs.",Explore Rewards Credit Card,Have you explored Rewards Credit Card?,Consider adding Rewards Credit Card to your financial plans,Take the next step and learn more about Rewards Credit Card. Review the available information to see whether it fits your financial needs.,Learn More,Benefit-Focused,Action-Focused,A/B,Benefit-Focused,Action-Focused,57.21093591048908,15.030842175953163,A,Benefit-Focused,42.180093734535916,High,3,Model-Based A/B Evaluation,Estimated model-based performance; not based on actual customer engagement data.
C000577,Core Active,Core Digital Customer,Low Risk,Moderate Cross-Sell Opportunity,Priority 3,P003,Rewards Credit Card,0.5012712485665621,0.0,spending and transaction patterns support a rewards credit card; strong digital affinity,Cross-Sell,"Introduce a complementary product and highlight rewards, benefits and spending value",Priority 3,0.5012712485665621,True,Discover Rewards Credit Card,An option selected with your needs in mind,Explore Rewards Credit Card and discover how it may complement your financial needs.,Explore Rewards Credit Card,Fallback,Explore Rewards Credit Card for your financial needs,Discover another option for your financial journey,"Based on your banking relationship, explore Rewards Credit Card and see how it may complement your existing financial needs.",Explore Rewards Credit Card,Have you explored Rewards Credit Card?,Consider adding Rewards Credit Card to your financial plans,Take the next step and learn more about Rewards Credit Card. Review the available information to see whether it fits your financial needs.,Learn More,Benefit-Focused,Action-Focused,A/B,Benefit-Focused,Action-Focused,53.088880176871434,11.252291086803647,A,Benefit-Focused,41.83658909006779,High,3,Model-Based A/B Evaluation,Estimated model-based performance; not based on actual customer engagement data.
C000578,Core Active,Core Relationship Customer,Moderate Risk,Moderate Cross-Sell Opportunity,Priority 3,P003,Rewards Credit Card,0.3825490757702499,0.0,spending and transaction patterns support a rewards credit card,Cross-Sell,"Introduce a complementary product and highlight rewards, benefits and spending value",Priority 3,0.3825490757702499,True,Discover Rewards Credit Card,An option selected with your needs in mind,Explore Rewards Credit Card and discover how it may complement your financial needs.,Explore Rewards Credit Card,Fallback,Explore Rewards Credit Card for your financial needs,Discover another option for your financial journey,"Based on your banking relationship, explore Rewards Credit Card and see how it may complement your existing financial needs.",Explore Rewards Credit Card,Have you explored Rewards Credit Card?,Consider adding Rewards Credit Card to your financial plans,Take the next step and learn more about Rewards Credit Card. Review the available information to see whether it fits your financial needs.,Learn More,Benefit-Focused,Action-Focused,A/B,Benefit-Focused,Action-Focused,50.181588800290115,8.587273991604105,A,Benefit-Focused,41.59431480868601,High,3,Model-Based A/B Evaluation,Estimated model-based performance; not based on actual customer engagement data.
C000579,Premium High-Value,Premium Digital Customer,Moderate Risk,Moderate Cross-Sell Opportunity,Priority 2,P004,Personal Loan,0.6891633278811985,0.0,financial capacity and transaction activity support borrowing needs; strong digital affinity; strong segment fit,Cross-Sell,Introduce a complementary product and highlight flexible financing and convenience,Priority 2,0.6891633278811985,True,Discover Personal Loan,An option selected with your needs in mind,Explore Personal Loan and discover how it may complement your financial needs.,Explore Personal Loan,Fallback,Explore Personal Loan for your financial needs,Discover another option for your financial journey,"Based on your banking relationship, explore Personal Loan and see how it may complement your existing financial needs.",Explore Personal Loan,Have you explored Personal Loan?,Consider adding Personal Loan to your financial plans,Take the next step and learn more about Personal Loan. Review the available information to see whether it fits your financial needs.,Learn More,Benefit-Focused,Action-Focused,A/B,Benefit-Focused,Action-Focused,57.69001751333654,15.47000031189667,A,Benefit-Focused,42.22001720143987,High,3,Model-Based A/B Evaluation,Estimated model-based performance; not based on actual customer engagement data.
C000580,Core Active,Core Cross-Sell Opportunity,Low Risk,High Cross-Sell Opportunity,Priority 2,P006,Mutual Fund Plan,0.4492286481968901,0.0,financial capacity indicates potential for investment products,Cross-Sell,Introduce a complementary product and highlight wealth creation and investment potential,Priority 2,0.4492286481968901,True,Discover Mutual Fund Plan,An option selected with your needs in mind,Explore Mutual Fund Plan and discover how it may complement your financial needs.,Explore Mutual Fund Plan,Fallback,Explore Mutual Fund Plan for your financial needs,Discover another option for your financial journey,"Based on your banking relationship, explore Mutual Fund Plan and see how it may complement your existing financial needs.",Explore Mutual Fund Plan,Have you explored Mutual Fund Plan?,Consider adding Mutual Fund Plan to your financial plans,Take the next step and learn more about Mutual Fund Plan. Review the available information to see whether it fits your financial needs.,Learn More,Benefit-Focused,Action-Focused,A/B,Benefit-Focused,Action-Focused,51.8144509804887,10.084064323452816,A,Benefit-Focused,41.730386657035886,High,3,Model-Based A/B Evaluation,Estimated model-based performance; not based on actual customer engagement data.
C000581,Premium High-Value,Premium Relationship Customer,Low Risk,Moderate Cross-Sell Opportunity,Priority 3,P008,Premium Banking,0.5778135042184901,0.0,customer profile supports premium banking services; strong segment fit,Cross-Sell,Introduce a complementary product and highlight premium services and exclusive benefits,Priority 3,0.5778135042184901,True,Discover Premium Banking,An option selected with your needs in mind,Explore Premium Banking and discover how it may complement your financial needs.,Explore Premium Banking,Fallback,Explore Premium Banking for your financial needs,Discover another option for your financial journey,"Based on your banking relationship, explore Premium Banking and see how it may complement your existing financial needs.",Explore Premium Banking,Have you explored Premium Banking?,Consider adding Premium Banking to your financial plans,Take the next step and learn more about Premium Banking. Review the available information to see whether it fits your financial needs.,Learn More,Benefit-Focused,Action-Focused,A/B,Benefit-Focused,Action-Focused,54.96326163872962,12.97047409350699,A,Benefit-Focused,41.992787545222626,High,3,Model-Based A/B Evaluation,Estimated model-based performance; not based on actual customer engagement data.
C000582,Dormant / Declining,Dormant Reactivation Target,Critical Risk,Moderate Cross-Sell Opportunity,Priority 3,P008,Premium Banking,0.3343635212958903,0.0,customer profile supports premium banking services,Retention,Strengthen the customer relationship while highlight premium services and exclusive benefits,Priority 3,0.3343635212958903,True,Discover more value with Premium Banking,Benefits designed around your banking needs,Explore Premium Banking and discover an option designed to support your evolving financial needs.,Explore Premium Banking,Fallback,Discover more value with Premium Banking,More value for your banking journey,Explore Premium Banking and discover an option that may complement your evolving financial needs.,Explore Premium Banking,Keep exploring your options with Premium Banking,Consider your next banking opportunity,Take a closer look at Premium Banking and consider whether it could be a suitable addition to your financial plans.,Learn More,Benefit-Focused,Action-Focused,A/B,Benefit-Focused,Action-Focused,89.8152652215373,7.5056283024188595,A,Benefit-Focused,82.30963691911845,High,3,Model-Based A/B Evaluation,Estimated model-based performance; not based on actual customer engagement data.
C000583,Premium High-Value,Premium Digital Customer,Low Risk,Moderate Cross-Sell Opportunity,Priority 2,P004,Personal Loan,0.7862550723619597,0.0,financial capacity and transaction activity support borrowing needs; high transaction activity; strong segment fit,Cross-Sell,Introduce a complementary product and highlight flexible financing and convenience,Priority 2,0.7862550723619597,True,Discover Personal Loan,An option selected with your needs in mind,Explore Personal Loan and discover how it may complement your financial needs.,Explore Personal Loan,Fallback,Explore Personal Loan for your financial needs,Discover another option for your financial journey,"Based on your banking relationship, explore Personal Loan and see how it may complement your existing financial needs.",Explore Personal Loan,Have you explored Personal Loan?,Consider adding Personal Loan to your financial plans,Take the next step and learn more about Personal Loan. Review the available information to see whether it fits your financial needs.,Learn More,Benefit-Focused,Action-Focused,A/B,Benefit-Focused,Action-Focused,60.06761880564477,17.64946816317922,A,Benefit-Focused,42.41815064246555,High,3,Model-Based A/B Evaluation,Estimated model-based performance; not based on actual customer engagement data.
C000584,Core Active,Core Relationship Customer,High Risk,Moderate Cross-Sell Opportunity,Priority 3,P003,Rewards Credit Card,0.4134479460258521,0.0,spending and transaction patterns support a rewards credit card,Retention,"Strengthen the customer relationship while highlight rewards, benefits and spending value",Priority 3,0.4134479460258521,True,Discover more value with Rewards Credit Card,Benefits designed around your banking needs,Explore Rewards Credit Card and discover an option designed to support your evolving financial needs.,Explore Rewards Credit Card,Fallback,Discover more value with Rewards Credit Card,More value for your banking journey,Explore Rewards Credit Card and discover an option that may complement your evolving financial needs.,Explore Rewards Credit Card,Keep exploring your options with Rewards Credit Card,Consider your next banking opportunity,Take a closer look at Rewards Credit Card and consider whether it could be a suitable addition to your financial plans.,Learn More,Benefit-Focused,Action-Focused,A/B,Benefit-Focused,Action-Focused,91.75189980818507,9.280876673512656,A,Benefit-Focused,82.47102313467242,High,3,Model-Based A/B Evaluation,Estimated model-based performance; not based on actual customer engagement data.
C000585,Premium High-Value,Premium Relationship Customer,Low Risk,Moderate Cross-Sell Opportunity,Priority 2,P007,Term Insurance,0.605872444364348,0.0,customer profile indicates potential protection needs; strong segment fit,Cross-Sell,Introduce a complementary product and highlight financial protection and security,Priority 2,0.605872444364348,True,Discover Term Insurance,An option selected with your needs in mind,Explore Term Insurance and discover how it may complement your financial needs.,Explore Term Insurance,Fallback,Explore Term Insurance for your financial needs,Discover another option for your financial journey,"Based on your banking relationship, explore Term Insurance and see how it may complement your existing financial needs.",Explore Term Insurance,Have you explored Term Insurance?,Consider adding Term Insurance to your financial plans,Take the next step and learn more about Term Insurance. Review the available information to see whether it fits your financial needs.,Learn More,Benefit-Focused,Action-Focused,A/B,Benefit-Focused,Action-Focused,55.65037435576201,13.600327417453354,A,Benefit-Focused,42.050046938308654,High,3,Model-Based A/B Evaluation,Estimated model-based performance; not based on actual customer engagement data.
C000586,Core Active,Core Digital Customer,Moderate Risk,Moderate Cross-Sell Opportunity,Priority 2,P003,Rewards Credit Card,0.4274431688044259,0.0,spending and transaction patterns support a rewards credit card; strong digital affinity,Cross-Sell,"Introduce a complementary product and highlight rewards, benefits and spending value",Priority 2,0.4274431688044259,True,Discover Rewards Credit Card,An option selected with your needs in mind,Explore Rewards Credit Card and discover how it may complement your financial needs.,Explore Rewards Credit Card,Fallback,Explore Rewards Credit Card for your financial needs,Discover another option for your financial journey,"Based on your banking relationship, explore Rewards Credit Card and see how it may complement your existing financial needs.",Explore Rewards Credit Card,Have you explored Rewards Credit Card?,Consider adding Rewards Credit Card to your financial plans,Take the next step and learn more about Rewards Credit Card. Review the available information to see whether it fits your financial needs.,Learn More,Benefit-Focused,Action-Focused,A/B,Benefit-Focused,Action-Focused,51.280963975655446,9.595034569022328,A,Benefit-Focused,41.68592940663312,High,3,Model-Based A/B Evaluation,Estimated model-based performance; not based on actual customer engagement data.
C000587,Premium High-Value,Premium Digital Customer,Low Risk,High Cross-Sell Opportunity,Priority 2,P003,Rewards Credit Card,0.6821410326326764,0.0,spending and transaction patterns support a rewards credit card; high transaction activity; strong digital affinity,Cross-Sell,"Introduce a complementary product and highlight rewards, benefits and spending value",Priority 2,0.6821410326326764,True,Discover Rewards Credit Card,An option selected with your needs in mind,Explore Rewards Credit Card and discover how it may complement your financial needs.,Explore Rewards Credit Card,Fallback,Explore Rewards Credit Card for your financial needs,Discover another option for your financial journey,"Based on your banking relationship, explore Rewards Credit Card and see how it may complement your existing financial needs.",Explore Rewards Credit Card,Have you explored Rewards Credit Card?,Consider adding Rewards Credit Card to your financial plans,Take the next step and learn more about Rewards Credit Card. Review the available information to see whether it fits your financial needs.,Learn More,Benefit-Focused,Action-Focused,A/B,Benefit-Focused,Action-Focused,57.51805419815309,15.312367272978507,A,Benefit-Focused,42.20568692517458,High,3,Model-Based A/B Evaluation,Estimated model-based performance; not based on actual customer engagement data.
C000588,Core Active,Core Relationship Customer,Low Risk,Moderate Cross-Sell Opportunity,Priority 3,P004,Personal Loan,0.3737413999605237,0.0,financial capacity and transaction activity support borrowing needs,Cross-Sell,Introduce a complementary product and highlight flexible financing and convenience,Priority 3,0.3737413999605237,True,Discover Personal Loan,An option selected with your needs in mind,Explore Personal Loan and discover how it may complement your financial needs.,Explore Personal Loan,Fallback,Explore Personal Loan for your financial needs,Discover another option for your financial journey,"Based on your banking relationship, explore Personal Loan and see how it may complement your existing financial needs.",Explore Personal Loan,Have you explored Personal Loan?,Consider adding Personal Loan to your financial plans,Take the next step and learn more about Personal Loan. Review the available information to see whether it fits your financial needs.,Learn More,Benefit-Focused,Action-Focused,A/B,Benefit-Focused,Action-Focused,49.96590474291295,8.389563605675042,A,Benefit-Focused,41.576341137237904,High,3,Model-Based A/B Evaluation,Estimated model-based performance; not based on actual customer engagement data.
C000589,Dormant / Declining,Dormant Reactivation Target,Critical Risk,Low Cross-Sell Opportunity,Priority 4,P006,Mutual Fund Plan,0.1671317029560848,0.0,financial capacity indicates potential for investment products,Retention,Strengthen the customer relationship while highlight wealth creation and investment potential,Priority 4,0.1671317029560848,True,Discover more value with Mutual Fund Plan,Benefits designed around your banking needs,Explore Mutual Fund Plan and discover an option designed to support your evolving financial needs.,Explore Mutual Fund Plan,Fallback,Discover more value with Mutual Fund Plan,More value for your banking journey,Explore Mutual Fund Plan and discover an option that may complement your evolving financial needs.,Explore Mutual Fund Plan,Keep exploring your options with Mutual Fund Plan,Consider your next banking opportunity,Take a closer look at Mutual Fund Plan and consider whether it could be a suitable addition to your financial plans.,Learn More,Benefit-Focused,Action-Focused,A/B,Benefit-Focused,Action-Focused,85.72006032511517,3.7516904806985893,A,Benefit-Focused,81.96836984441659,High,3,Model-Based A/B Evaluation,Estimated model-based performance; not based on actual customer engagement data.
C000590,Core Active,Core Relationship Customer,High Risk,Moderate Cross-Sell Opportunity,Priority 3,P003,Rewards Credit Card,0.4025209752502158,0.0,spending and transaction patterns support a rewards credit card; strong digital affinity,Retention,"Strengthen the customer relationship while highlight rewards, benefits and spending value",Priority 3,0.4025209752502158,True,Discover more value with Rewards Credit Card,Benefits designed around your banking needs,Explore Rewards Credit Card and discover an option designed to support your evolving financial needs.,Explore Rewards Credit Card,Fallback,Discover more value with Rewards Credit Card,More value for your banking journey,Explore Rewards Credit Card and discover an option that may complement your evolving financial needs.,Explore Rewards Credit Card,Keep exploring your options with Rewards Credit Card,Consider your next banking opportunity,Take a closer look at Rewards Credit Card and consider whether it could be a suitable addition to your financial plans.,Learn More,Benefit-Focused,Action-Focused,A/B,Benefit-Focused,Action-Focused,91.48431804851944,9.035593393819168,A,Benefit-Focused,82.44872465470027,High,3,Model-Based A/B Evaluation,Estimated model-based performance; not based on actual customer engagement data.
C000591,Core Active,Core Digital Customer,Moderate Risk,Moderate Cross-Sell Opportunity,Priority 3,P003,Rewards Credit Card,0.4717708954543655,0.0,spending and transaction patterns support a rewards credit card; strong digital affinity; positive response to previous recommendations,Cross-Sell,"Introduce a complementary product and highlight rewards, benefits and spending value",Priority 3,0.4717708954543655,True,Discover Rewards Credit Card,An option selected with your needs in mind,Explore Rewards Credit Card and discover how it may complement your financial needs.,Explore Rewards Credit Card,Fallback,Explore Rewards Credit Card for your financial needs,Discover another option for your financial journey,"Based on your banking relationship, explore Rewards Credit Card and see how it may complement your existing financial needs.",Explore Rewards Credit Card,Have you explored Rewards Credit Card?,Consider adding Rewards Credit Card to your financial plans,Take the next step and learn more about Rewards Credit Card. Review the available information to see whether it fits your financial needs.,Learn More,Benefit-Focused,Action-Focused,A/B,Benefit-Focused,Action-Focused,52.36646986219215,10.590081631680963,A,Benefit-Focused,41.77638823051119,High,3,Model-Based A/B Evaluation,Estimated model-based performance; not based on actual customer engagement data.
C000592,Core Active,Core Relationship Customer,Low Risk,Moderate Cross-Sell Opportunity,Priority 3,P004,Personal Loan,0.4006816145067958,0.0,financial capacity and transaction activity support borrowing needs,Cross-Sell,Introduce a complementary product and highlight flexible financing and convenience,Priority 3,0.4006816145067958,True,Discover Personal Loan,An option selected with your needs in mind,Explore Personal Loan and discover how it may complement your financial needs.,Explore Personal Loan,Fallback,Explore Personal Loan for your financial needs,Discover another option for your financial journey,"Based on your banking relationship, explore Personal Loan and see how it may complement your existing financial needs.",Explore Personal Loan,Have you explored Personal Loan?,Consider adding Personal Loan to your financial plans,Take the next step and learn more about Personal Loan. Review the available information to see whether it fits your financial needs.,Learn More,Benefit-Focused,Action-Focused,A/B,Benefit-Focused,Action-Focused,50.625621892530845,8.994304326158122,A,Benefit-Focused,41.63131756637272,High,3,Model-Based A/B Evaluation,Estimated model-based performance; not based on actual customer engagement data.
C000593,Core Active,Core Digital Customer,Moderate Risk,Moderate Cross-Sell Opportunity,Priority 3,P003,Rewards Credit Card,0.4558547574643826,0.0,spending and transaction patterns support a rewards credit card; strong digital affinity,Cross-Sell,"Introduce a complementary product and highlight rewards, benefits and spending value",Priority 3,0.4558547574643826,True,Discover Rewards Credit Card,An option selected with your needs in mind,Explore Rewards Credit Card and discover how it may complement your financial needs.,Explore Rewards Credit Card,Fallback,Explore Rewards Credit Card for your financial needs,Discover another option for your financial journey,"Based on your banking relationship, explore Rewards Credit Card and see how it may complement your existing financial needs.",Explore Rewards Credit Card,Have you explored Rewards Credit Card?,Consider adding Rewards Credit Card to your financial plans,Take the next step and learn more about Rewards Credit Card. Review the available information to see whether it fits your financial needs.,Learn More,Benefit-Focused,Action-Focused,A/B,Benefit-Focused,Action-Focused,51.97671241725265,10.232803973819761,A,Benefit-Focused,41.743908443432886,High,3,Model-Based A/B Evaluation,Estimated model-based performance; not based on actual customer engagement data.
C000594,Premium High-Value,Premium Digital Customer,Low Risk,Moderate Cross-Sell Opportunity,Priority 2,P004,Personal Loan,0.7925631624723767,0.0,financial capacity and transaction activity support borrowing needs; high transaction activity; strong digital affinity,Cross-Sell,Introduce a complementary product and highlight flexible financing and convenience,Priority 2,0.7925631624723767,True,Discover Personal Loan,An option selected with your needs in mind,Explore Personal Loan and discover how it may complement your financial needs.,Explore Personal Loan,Fallback,Explore Personal Loan for your financial needs,Discover another option for your financial journey,"Based on your banking relationship, explore Personal Loan and see how it may complement your existing financial needs.",Explore Personal Loan,Have you explored Personal Loan?,Consider adding Personal Loan to your financial plans,Take the next step and learn more about Personal Loan. Review the available information to see whether it fits your financial needs.,Learn More,Benefit-Focused,Action-Focused,A/B,Benefit-Focused,Action-Focused,60.22209252819176,17.791069075513956,A,Benefit-Focused,42.431023452677806,High,3,Model-Based A/B Evaluation,Estimated model-based performance; not based on actual customer engagement data.
C000595,Premium High-Value,Premium Relationship Customer,High Risk,Low Cross-Sell Opportunity,Priority 3,P008,Premium Banking,0.5756929234698666,0.0,customer profile supports premium banking services; strong segment fit,Retention,Strengthen the customer relationship while highlight premium services and exclusive benefits,Priority 3,0.5756929234698666,True,Discover more value with Premium Banking,Benefits designed around your banking needs,Explore Premium Banking and discover an option designed to support your evolving financial needs.,Explore Premium Banking,Fallback,Discover more value with Premium Banking,More value for your banking journey,Explore Premium Banking and discover an option that may complement your evolving financial needs.,Explore Premium Banking,Keep exploring your options with Premium Banking,Consider your next banking opportunity,Take a closer look at Premium Banking and consider whether it could be a suitable addition to your financial plans.,Learn More,Benefit-Focused,Action-Focused,A/B,Benefit-Focused,Action-Focused,95.72498598666904,12.922872337122959,A,Benefit-Focused,82.80211364954609,High,2,Model-Based A/B Evaluation,Estimated model-based performance; not based on actual customer engagement data.
C000596,Premium High-Value,Premium Digital Customer,Moderate Risk,Moderate Cross-Sell Opportunity,Priority 2,P008,Premium Banking,0.6302733773444257,0.0,customer profile supports premium banking services; strong digital affinity; strong segment fit,Cross-Sell,Introduce a complementary product and highlight premium services and exclusive benefits,Priority 2,0.6302733773444257,True,Discover Premium Banking,An option selected with your needs in mind,Explore Premium Banking and discover how it may complement your financial needs.,Explore Premium Banking,Fallback,Explore Premium Banking for your financial needs,Discover another option for your financial journey,"Based on your banking relationship, explore Premium Banking and see how it may complement your existing financial needs.",Explore Premium Banking,Have you explored Premium Banking?,Consider adding Premium Banking to your financial plans,Take the next step and learn more about Premium Banking. Review the available information to see whether it fits your financial needs.,Learn More,Benefit-Focused,Action-Focused,A/B,Benefit-Focused,Action-Focused,56.24790909053502,14.14806759099527,A,Benefit-Focused,42.09984149953975,High,3,Model-Based A/B Evaluation,Estimated model-based performance; not based on actual customer engagement data.
C000597,Core Active,Core Relationship Customer,Moderate Risk,Moderate Cross-Sell Opportunity,Priority 3,P007,Term Insurance,0.3484617676486524,0.0,customer profile indicates potential protection needs,Cross-Sell,Introduce a complementary product and highlight financial protection and security,Priority 3,0.3484617676486524,True,Discover Term Insurance,An option selected with your needs in mind,Explore Term Insurance and discover how it may complement your financial needs.,Explore Term Insurance,Fallback,Explore Term Insurance for your financial needs,Discover another option for your financial journey,"Based on your banking relationship, explore Term Insurance and see how it may complement your existing financial needs.",Explore Term Insurance,Have you explored Term Insurance?,Consider adding Term Insurance to your financial plans,Take the next step and learn more about Term Insurance. Review the available information to see whether it fits your financial needs.,Learn More,Benefit-Focused,Action-Focused,A/B,Benefit-Focused,Action-Focused,49.34685225008549,7.822098820583203,A,Benefit-Focused,41.52475342950229,High,3,Model-Based A/B Evaluation,Estimated model-based performance; not based on actual customer engagement data.
C000598,Core Active,Core Digital Customer,High Risk,Moderate Cross-Sell Opportunity,Priority 3,P003,Rewards Credit Card,0.4172528599490853,0.0,spending and transaction patterns support a rewards credit card; strong digital affinity,Retention,"Strengthen the customer relationship while highlight rewards, benefits and spending value",Priority 3,0.4172528599490853,True,Discover more value with Rewards Credit Card,Benefits designed around your banking needs,Explore Rewards Credit Card and discover an option designed to support your evolving financial needs.,Explore Rewards Credit Card,Fallback,Discover more value with Rewards Credit Card,More value for your banking journey,Explore Rewards Credit Card and discover an option that may complement your evolving financial needs.,Explore Rewards Credit Card,Keep exploring your options with Rewards Credit Card,Consider your next banking opportunity,Take a closer look at Rewards Credit Card and consider whether it could be a suitable addition to your financial plans.,Learn More,Benefit-Focused,Action-Focused,A/B,Benefit-Focused,Action-Focused,91.845075271345,9.366287514742593,A,Benefit-Focused,82.4787877566024,High,3,Model-Based A/B Evaluation,Estimated model-based performance; not based on actual customer engagement data.
C000599,Core Active,Core Relationship Customer,High Risk,Moderate Cross-Sell Opportunity,Priority 3,P003,Rewards Credit Card,0.3930575012719185,0.0,spending and transaction patterns support a rewards credit card; positive response to previous recommendations,Retention,"Strengthen the customer relationship while highlight rewards, benefits and spending value",Priority 3,0.3930575012719185,True,Discover more value with Rewards Credit Card,Benefits designed around your banking needs,Explore Rewards Credit Card and discover an option designed to support your evolving financial needs.,Explore Rewards Credit Card,Fallback,Discover more value with Rewards Credit Card,More value for your banking journey,Explore Rewards Credit Card and discover an option that may complement your evolving financial needs.,Explore Rewards Credit Card,Keep exploring your options with Rewards Credit Card,Consider your next banking opportunity,Take a closer look at Rewards Credit Card and consider whether it could be a suitable addition to your financial plans.,Learn More,Benefit-Focused,Action-Focused,A/B,Benefit-Focused,Action-Focused,91.25257467959705,8.823161972306961,A,Benefit-Focused,82.42941270729008,High,3,Model-Based A/B Evaluation,Estimated model-based performance; not based on actual customer engagement data.
C000600,Premium High-Value,Premium Relationship Customer,Moderate Risk,Moderate Cross-Sell Opportunity,Priority 2,P008,Premium Banking,0.6508092602894489,0.0,customer profile supports premium banking services; high transaction activity; strong segment fit,Cross-Sell,Introduce a complementary product and highlight premium services and exclusive benefits,Priority 2,0.6508092602894489,True,Discover Premium Banking,An option selected with your needs in mind,Explore Premium Banking and discover how it may complement your financial needs.,Explore Premium Banking,Fallback,Explore Premium Banking for your financial needs,Discover another option for your financial journey,"Based on your banking relationship, explore Premium Banking and see how it may complement your existing financial needs.",Explore Premium Banking,Have you explored Premium Banking?,Consider adding Premium Banking to your financial plans,Take the next step and learn more about Premium Banking. Review the available information to see whether it fits your financial needs.,Learn More,Benefit-Focused,Action-Focused,A/B,Benefit-Focused,Action-Focused,56.750795737488325,14.609047017369143,A,Benefit-Focused,42.14174872011918,High,2,Model-Based A/B Evaluation,Estimated model-based performance; not based on actual customer engagement data.
