customer_id,primary_segment,customer_persona,retention_risk,cross_sell_opportunity,genai_targeting_priority,product_id,product_name,recommendation_score,recommendation_confidence,recommendation_reason,campaign_objective,marketing_angle,campaign_priority,recommendation_strength,campaign_context_ready
C000001,Premium High-Value,Premium Digital Customer,Low Risk,Moderate Cross-Sell Opportunity,Priority 2,P004,Personal Loan,0.6698216937576357,Medium,financial capacity and transaction activity support borrowing needs; strong digital affinity; strong segment fit,Cross-Sell,Introduce a complementary product and highlight flexible financing and convenience,Priority 2,0.6698216937576357,True
C000002,Core Active,Core Relationship Customer,Low Risk,Low Cross-Sell Opportunity,Priority 3,P008,Premium Banking,0.3507481116048571,Low,customer profile supports premium banking services,Engagement,Highlight premium services and exclusive benefits,Priority 3,0.3507481116048571,True
C000003,Core Active,Core Relationship Customer,Low Risk,Moderate Cross-Sell Opportunity,Priority 3,P007,Term Insurance,0.4300035192394279,Low,customer profile indicates potential protection needs,Cross-Sell,Introduce a complementary product and highlight financial protection and security,Priority 3,0.4300035192394279,True
C000004,Premium High-Value,Premium Digital Customer,Low Risk,Moderate Cross-Sell Opportunity,Priority 2,P008,Premium Banking,0.6923664547305816,Medium,customer profile supports premium banking services; strong digital affinity; strong segment fit,Cross-Sell,Introduce a complementary product and highlight premium services and exclusive benefits,Priority 2,0.6923664547305816,True
C000005,Premium High-Value,Premium Relationship Customer,Moderate Risk,Moderate Cross-Sell Opportunity,Priority 2,P008,Premium Banking,0.7277838846415925,Medium,customer profile supports premium banking services; high transaction activity; strong digital affinity,Cross-Sell,Introduce a complementary product and highlight premium services and exclusive benefits,Priority 2,0.7277838846415925,True
C000006,Core Active,Core Relationship Customer,Moderate Risk,Low Cross-Sell Opportunity,Priority 3,P007,Term Insurance,0.3890692117383832,Low,customer profile indicates potential protection needs,Engagement,Highlight financial protection and security,Priority 3,0.3890692117383832,True
C000007,Core Active,Core Relationship Customer,Critical Risk,Low Cross-Sell Opportunity,Priority 3,P008,Premium Banking,0.3926992544524754,Low,customer profile supports premium banking services; positive response to previous recommendations,Retention,Strengthen the customer relationship while highlight premium services and exclusive benefits,Priority 3,0.3926992544524754,True
C000008,Dormant / Declining,Dormant Reactivation Target,Critical Risk,Low Cross-Sell Opportunity,Priority 4,P007,Term Insurance,0.2457434756840189,Low,customer profile indicates potential protection needs; positive response to previous recommendations,Retention,Strengthen the customer relationship while highlight financial protection and security,Priority 4,0.2457434756840189,True
C000009,Core Active,Core Relationship Customer,High Risk,Low Cross-Sell Opportunity,Priority 4,P003,Rewards Credit Card,0.3021930440701942,Low,spending and transaction patterns support a rewards credit card,Retention,"Strengthen the customer relationship while highlight rewards, benefits and spending value",Priority 4,0.3021930440701942,True
C000010,Core Active,Core Relationship Customer,Critical Risk,Low Cross-Sell Opportunity,Priority 4,P007,Term Insurance,0.2620674618571345,Low,customer profile indicates potential protection needs,Retention,Strengthen the customer relationship while highlight financial protection and security,Priority 4,0.2620674618571345,True
C000011,Core Active,Core Digital Customer,High Risk,Moderate Cross-Sell Opportunity,Priority 3,P003,Rewards Credit Card,0.4057693188843579,Low,spending and transaction patterns support a rewards credit card; strong digital affinity,Retention,"Strengthen the customer relationship while highlight rewards, benefits and spending value",Priority 3,0.4057693188843579,True
C000012,Premium High-Value,Premium Relationship Customer,Moderate Risk,Moderate Cross-Sell Opportunity,Priority 2,P004,Personal Loan,0.7491054058171531,Medium,financial capacity and transaction activity support borrowing needs; strong segment fit; positive response to previous recommendations,Cross-Sell,Introduce a complementary product and highlight flexible financing and convenience,Priority 2,0.7491054058171531,True
C000013,Premium High-Value,Premium Digital Customer,Low Risk,Moderate Cross-Sell Opportunity,Priority 2,P003,Rewards Credit Card,0.6528808736164949,Medium,spending and transaction patterns support a rewards credit card; strong digital affinity; strong segment fit,Cross-Sell,"Introduce a complementary product and highlight rewards, benefits and spending value",Priority 2,0.6528808736164949,True
C000014,Premium High-Value,Premium Digital Customer,Moderate Risk,Moderate Cross-Sell Opportunity,Priority 2,P004,Personal Loan,0.6811446162662775,Medium,financial capacity and transaction activity support borrowing needs; high transaction activity; strong digital affinity,Cross-Sell,Introduce a complementary product and highlight flexible financing and convenience,Priority 2,0.6811446162662775,True
C000015,Core Active,Core Digital Customer,High Risk,Moderate Cross-Sell Opportunity,Priority 3,P003,Rewards Credit Card,0.4076368678649196,Low,spending and transaction patterns support a rewards credit card; strong digital affinity,Retention,"Strengthen the customer relationship while highlight rewards, benefits and spending value",Priority 3,0.4076368678649196,True
C000016,Core Active,Core Relationship Customer,Low Risk,Moderate Cross-Sell Opportunity,Priority 3,P007,Term Insurance,0.4528831595121375,Low,customer profile indicates potential protection needs; positive response to previous recommendations,Cross-Sell,Introduce a complementary product and highlight financial protection and security,Priority 3,0.4528831595121375,True
C000017,Dormant / Declining,Dormant Reactivation Target,Critical Risk,Low Cross-Sell Opportunity,Priority 4,P007,Term Insurance,0.1841854160546713,Low,customer profile indicates potential protection needs,Retention,Strengthen the customer relationship while highlight financial protection and security,Priority 4,0.1841854160546713,True
C000018,Premium High-Value,Premium Relationship Customer,High Risk,Moderate Cross-Sell Opportunity,Priority 3,P007,Term Insurance,0.5137709674047866,Low,customer profile indicates potential protection needs; strong segment fit,Retention,Strengthen the customer relationship while highlight financial protection and security,Priority 3,0.5137709674047866,True
C000019,At Risk,At-Risk Declining Customer,Critical Risk,Moderate Cross-Sell Opportunity,Priority 3,P003,Rewards Credit Card,0.3180763505598206,Low,spending and transaction patterns support a rewards credit card,Retention,"Strengthen the customer relationship while highlight rewards, benefits and spending value",Priority 3,0.3180763505598206,True
C000020,Core Active,Core Digital Customer,Moderate Risk,Low Cross-Sell Opportunity,Priority 2,P008,Premium Banking,0.4658547231730105,Low,customer profile supports premium banking services; strong digital affinity; positive response to previous recommendations,Engagement,Highlight premium services and exclusive benefits,Priority 2,0.4658547231730105,True
C000021,Core Active,Core Relationship Customer,Moderate Risk,Moderate Cross-Sell Opportunity,Priority 3,P004,Personal Loan,0.4054619758569014,Low,financial capacity and transaction activity support borrowing needs,Cross-Sell,Introduce a complementary product and highlight flexible financing and convenience,Priority 3,0.4054619758569014,True
C000022,At Risk,At-Risk Engagement Customer,Critical Risk,Low Cross-Sell Opportunity,Priority 4,P007,Term Insurance,0.2391784078296293,Low,customer profile indicates potential protection needs,Retention,Strengthen the customer relationship while highlight financial protection and security,Priority 4,0.2391784078296293,True
C000023,Premium High-Value,Premium Relationship Customer,Low Risk,Moderate Cross-Sell Opportunity,Priority 2,P007,Term Insurance,0.5980348465260032,Medium,customer profile indicates potential protection needs; strong segment fit,Cross-Sell,Introduce a complementary product and highlight financial protection and security,Priority 2,0.5980348465260032,True
C000024,Premium High-Value,Premium Digital Customer,Low Risk,Moderate Cross-Sell Opportunity,Priority 2,P004,Personal Loan,0.854285940561937,High,financial capacity and transaction activity support borrowing needs; strong income profile; high transaction activity,Cross-Sell,Introduce a complementary product and highlight flexible financing and convenience,Priority 2,0.854285940561937,True
C000025,Core Active,Core Relationship Customer,Moderate Risk,Moderate Cross-Sell Opportunity,Priority 3,P003,Rewards Credit Card,0.4598288760557259,Low,spending and transaction patterns support a rewards credit card,Cross-Sell,"Introduce a complementary product and highlight rewards, benefits and spending value",Priority 3,0.4598288760557259,True
C000026,Premium High-Value,Premium Digital Customer,Moderate Risk,Moderate Cross-Sell Opportunity,Priority 2,P008,Premium Banking,0.8043864282811584,High,customer profile supports premium banking services; strong digital affinity; strong segment fit,Cross-Sell,Introduce a complementary product and highlight premium services and exclusive benefits,Priority 2,0.8043864282811584,True
C000027,At Risk,At-Risk Declining Customer,Critical Risk,Moderate Cross-Sell Opportunity,Priority 3,P003,Rewards Credit Card,0.3275849566587577,Low,spending and transaction patterns support a rewards credit card; positive response to previous recommendations,Retention,"Strengthen the customer relationship while highlight rewards, benefits and spending value",Priority 3,0.3275849566587577,True
C000028,Premium High-Value,Premium Digital Customer,Low Risk,Moderate Cross-Sell Opportunity,Priority 2,P008,Premium Banking,0.7666312201134888,High,customer profile supports premium banking services; strong digital affinity; strong segment fit,Cross-Sell,Introduce a complementary product and highlight premium services and exclusive benefits,Priority 2,0.7666312201134888,True
C000029,Core Active,Core Relationship Customer,High Risk,Moderate Cross-Sell Opportunity,Priority 3,P007,Term Insurance,0.4031373220274633,Low,customer profile indicates potential protection needs,Retention,Strengthen the customer relationship while highlight financial protection and security,Priority 3,0.4031373220274633,True
C000030,At Risk,At-Risk Declining Customer,Critical Risk,Low Cross-Sell Opportunity,Priority 4,P007,Term Insurance,0.2099605158753227,Low,customer profile indicates potential protection needs,Retention,Strengthen the customer relationship while highlight financial protection and security,Priority 4,0.2099605158753227,True
C000031,At Risk,At-Risk Engagement Customer,Critical Risk,Moderate Cross-Sell Opportunity,Priority 4,P007,Term Insurance,0.2742471372049131,Low,customer profile indicates potential protection needs,Retention,Strengthen the customer relationship while highlight financial protection and security,Priority 4,0.2742471372049131,True
C000032,Core Active,Core Relationship Customer,High Risk,Moderate Cross-Sell Opportunity,Priority 3,P003,Rewards Credit Card,0.3748945043261238,Low,spending and transaction patterns support a rewards credit card; strong digital affinity,Retention,"Strengthen the customer relationship while highlight rewards, benefits and spending value",Priority 3,0.3748945043261238,True
C000033,At Risk,At-Risk Engagement Customer,Critical Risk,Low Cross-Sell Opportunity,Priority 4,P007,Term Insurance,0.2322877267548394,Low,customer profile indicates potential protection needs,Retention,Strengthen the customer relationship while highlight financial protection and security,Priority 4,0.2322877267548394,True
C000034,Core Active,Core Relationship Customer,High Risk,Low Cross-Sell Opportunity,Priority 3,P004,Personal Loan,0.3641809251989278,Low,financial capacity and transaction activity support borrowing needs,Retention,Strengthen the customer relationship while highlight flexible financing and convenience,Priority 3,0.3641809251989278,True
C000035,Core Active,Core Relationship Customer,Moderate Risk,Moderate Cross-Sell Opportunity,Priority 3,P008,Premium Banking,0.3573808392530136,Low,customer profile supports premium banking services,Cross-Sell,Introduce a complementary product and highlight premium services and exclusive benefits,Priority 3,0.3573808392530136,True
C000036,Core Active,Core Relationship Customer,Moderate Risk,Moderate Cross-Sell Opportunity,Priority 3,P007,Term Insurance,0.3893780903669576,Low,customer profile indicates potential protection needs,Cross-Sell,Introduce a complementary product and highlight financial protection and security,Priority 3,0.3893780903669576,True
C000037,Core Active,Core Digital Customer,Moderate Risk,Moderate Cross-Sell Opportunity,Priority 2,P004,Personal Loan,0.5210247336110845,Low,financial capacity and transaction activity support borrowing needs; high transaction activity; strong digital affinity,Cross-Sell,Introduce a complementary product and highlight flexible financing and convenience,Priority 2,0.5210247336110845,True
C000038,Core Active,Core Digital Customer,Moderate Risk,Moderate Cross-Sell Opportunity,Priority 2,P003,Rewards Credit Card,0.5167905392376315,Low,spending and transaction patterns support a rewards credit card; strong digital affinity,Cross-Sell,"Introduce a complementary product and highlight rewards, benefits and spending value",Priority 2,0.5167905392376315,True
C000039,Core Active,Core Relationship Customer,Moderate Risk,Moderate Cross-Sell Opportunity,Priority 2,P003,Rewards Credit Card,0.4205846316858137,Low,spending and transaction patterns support a rewards credit card; positive response to previous recommendations,Cross-Sell,"Introduce a complementary product and highlight rewards, benefits and spending value",Priority 2,0.4205846316858137,True
C000040,Core Active,Core Digital Customer,High Risk,Low Cross-Sell Opportunity,Priority 3,P004,Personal Loan,0.3852216225717786,Low,financial capacity and transaction activity support borrowing needs; strong digital affinity,Retention,Strengthen the customer relationship while highlight flexible financing and convenience,Priority 3,0.3852216225717786,True
C000041,Core Active,Core Relationship Customer,Moderate Risk,Moderate Cross-Sell Opportunity,Priority 3,P003,Rewards Credit Card,0.3909509482596552,Low,spending and transaction patterns support a rewards credit card; positive response to previous recommendations,Cross-Sell,"Introduce a complementary product and highlight rewards, benefits and spending value",Priority 3,0.3909509482596552,True
C000042,Premium High-Value,Premium Relationship Customer,Moderate Risk,Moderate Cross-Sell Opportunity,Priority 3,P008,Premium Banking,0.5897276803804345,Medium,customer profile supports premium banking services; strong segment fit,Cross-Sell,Introduce a complementary product and highlight premium services and exclusive benefits,Priority 3,0.5897276803804345,True
C000043,Core Active,Core Relationship Customer,Moderate Risk,Moderate Cross-Sell Opportunity,Priority 3,P003,Rewards Credit Card,0.4824079880055952,Low,spending and transaction patterns support a rewards credit card,Cross-Sell,"Introduce a complementary product and highlight rewards, benefits and spending value",Priority 3,0.4824079880055952,True
C000044,Premium High-Value,Premium Digital Customer,Moderate Risk,Moderate Cross-Sell Opportunity,Priority 2,P004,Personal Loan,0.7326813949851788,Medium,financial capacity and transaction activity support borrowing needs; strong digital affinity; strong segment fit,Cross-Sell,Introduce a complementary product and highlight flexible financing and convenience,Priority 2,0.7326813949851788,True
C000045,Core Active,Core Relationship Customer,Low Risk,Moderate Cross-Sell Opportunity,Priority 2,P003,Rewards Credit Card,0.4250572312060049,Low,spending and transaction patterns support a rewards credit card,Cross-Sell,"Introduce a complementary product and highlight rewards, benefits and spending value",Priority 2,0.4250572312060049,True
C000046,Premium High-Value,Premium Relationship Customer,Moderate Risk,Moderate Cross-Sell Opportunity,Priority 2,P006,Mutual Fund Plan,0.5812733102047639,Medium,financial capacity indicates potential for investment products; strong segment fit,Cross-Sell,Introduce a complementary product and highlight wealth creation and investment potential,Priority 2,0.5812733102047639,True
C000047,Core Active,Core Relationship Customer,Moderate Risk,Moderate Cross-Sell Opportunity,Priority 2,P003,Rewards Credit Card,0.4621522363923235,Low,spending and transaction patterns support a rewards credit card,Cross-Sell,"Introduce a complementary product and highlight rewards, benefits and spending value",Priority 2,0.4621522363923235,True
C000048,Core Active,Core Relationship Customer,Low Risk,Moderate Cross-Sell Opportunity,Priority 3,P003,Rewards Credit Card,0.3862963262295856,Low,spending and transaction patterns support a rewards credit card,Cross-Sell,"Introduce a complementary product and highlight rewards, benefits and spending value",Priority 3,0.3862963262295856,True
C000049,Premium High-Value,Premium Relationship Customer,Moderate Risk,Moderate Cross-Sell Opportunity,Priority 3,P004,Personal Loan,0.6948750763397827,Medium,financial capacity and transaction activity support borrowing needs; strong segment fit,Cross-Sell,Introduce a complementary product and highlight flexible financing and convenience,Priority 3,0.6948750763397827,True
C000050,Core Active,Core Relationship Customer,High Risk,Low Cross-Sell Opportunity,Priority 3,P007,Term Insurance,0.260967528170149,Low,customer profile indicates potential protection needs,Retention,Strengthen the customer relationship while highlight financial protection and security,Priority 3,0.260967528170149,True
C000051,Core Active,Core Relationship Customer,High Risk,Moderate Cross-Sell Opportunity,Priority 3,P008,Premium Banking,0.4097159736422597,Low,customer profile supports premium banking services,Retention,Strengthen the customer relationship while highlight premium services and exclusive benefits,Priority 3,0.4097159736422597,True
C000052,Core Active,Core Relationship Customer,High Risk,Low Cross-Sell Opportunity,Priority 3,P003,Rewards Credit Card,0.388306024756432,Low,spending and transaction patterns support a rewards credit card,Retention,"Strengthen the customer relationship while highlight rewards, benefits and spending value",Priority 3,0.388306024756432,True
C000053,Core Active,Core Relationship Customer,Low Risk,Moderate Cross-Sell Opportunity,Priority 2,P003,Rewards Credit Card,0.519359865347343,Low,spending and transaction patterns support a rewards credit card; positive response to previous recommendations,Cross-Sell,"Introduce a complementary product and highlight rewards, benefits and spending value",Priority 2,0.519359865347343,True
C000054,Premium High-Value,Premium Relationship Customer,Moderate Risk,Moderate Cross-Sell Opportunity,Priority 3,P003,Rewards Credit Card,0.5814974618249911,Medium,spending and transaction patterns support a rewards credit card; strong segment fit,Cross-Sell,"Introduce a complementary product and highlight rewards, benefits and spending value",Priority 3,0.5814974618249911,True
C000055,Premium High-Value,Premium Digital Customer,Low Risk,Moderate Cross-Sell Opportunity,Priority 2,P008,Premium Banking,0.6287253630683166,Medium,customer profile supports premium banking services; strong digital affinity; strong segment fit,Cross-Sell,Introduce a complementary product and highlight premium services and exclusive benefits,Priority 2,0.6287253630683166,True
C000056,Core Active,Core Relationship Customer,Low Risk,Moderate Cross-Sell Opportunity,Priority 2,P003,Rewards Credit Card,0.4871275764508827,Low,spending and transaction patterns support a rewards credit card,Cross-Sell,"Introduce a complementary product and highlight rewards, benefits and spending value",Priority 2,0.4871275764508827,True
C000057,Core Active,Core Relationship Customer,High Risk,Moderate Cross-Sell Opportunity,Priority 3,P008,Premium Banking,0.401600293369888,Low,customer profile supports premium banking services; strong digital affinity,Retention,Strengthen the customer relationship while highlight premium services and exclusive benefits,Priority 3,0.401600293369888,True
C000058,Core Active,Core Relationship Customer,High Risk,Low Cross-Sell Opportunity,Priority 4,P007,Term Insurance,0.2971047753300564,Low,customer profile indicates potential protection needs,Retention,Strengthen the customer relationship while highlight financial protection and security,Priority 4,0.2971047753300564,True
C000059,Core Active,Core Digital Customer,Moderate Risk,Moderate Cross-Sell Opportunity,Priority 3,P003,Rewards Credit Card,0.5670794620160751,Medium,spending and transaction patterns support a rewards credit card; strong digital affinity,Cross-Sell,"Introduce a complementary product and highlight rewards, benefits and spending value",Priority 3,0.5670794620160751,True
C000060,Core Active,Core Relationship Customer,High Risk,Moderate Cross-Sell Opportunity,Priority 3,P007,Term Insurance,0.435157070528865,Low,customer profile indicates potential protection needs,Retention,Strengthen the customer relationship while highlight financial protection and security,Priority 3,0.435157070528865,True
C000061,At Risk,At-Risk Engagement Customer,High Risk,Low Cross-Sell Opportunity,Priority 3,P008,Premium Banking,0.2941744921007586,Low,customer profile supports premium banking services; positive response to previous recommendations,Retention,Strengthen the customer relationship while highlight premium services and exclusive benefits,Priority 3,0.2941744921007586,True
C000062,Premium High-Value,Premium Digital Customer,High Risk,High Cross-Sell Opportunity,Priority 2,P008,Premium Banking,0.7291921207894679,Medium,customer profile supports premium banking services; high transaction activity; strong digital affinity,Retention,Strengthen the customer relationship while highlight premium services and exclusive benefits,Priority 2,0.7291921207894679,True
C000063,Core Active,Core Relationship Customer,Moderate Risk,Moderate Cross-Sell Opportunity,Priority 3,P006,Mutual Fund Plan,0.3739833321569721,Low,financial capacity indicates potential for investment products,Cross-Sell,Introduce a complementary product and highlight wealth creation and investment potential,Priority 3,0.3739833321569721,True
C000064,Core Active,Core Relationship Customer,Low Risk,Moderate Cross-Sell Opportunity,Priority 2,P003,Rewards Credit Card,0.4209110987448043,Low,spending and transaction patterns support a rewards credit card,Cross-Sell,"Introduce a complementary product and highlight rewards, benefits and spending value",Priority 2,0.4209110987448043,True
C000065,Core Active,Core Digital Customer,Moderate Risk,Moderate Cross-Sell Opportunity,Priority 3,P003,Rewards Credit Card,0.4194803551009887,Low,spending and transaction patterns support a rewards credit card; strong digital affinity,Cross-Sell,"Introduce a complementary product and highlight rewards, benefits and spending value",Priority 3,0.4194803551009887,True
C000066,Core Active,Core Relationship Customer,High Risk,Moderate Cross-Sell Opportunity,Priority 3,P003,Rewards Credit Card,0.3920862932011372,Low,spending and transaction patterns support a rewards credit card; positive response to previous recommendations,Retention,"Strengthen the customer relationship while highlight rewards, benefits and spending value",Priority 3,0.3920862932011372,True
C000067,At Risk,At-Risk Declining Customer,Critical Risk,Low Cross-Sell Opportunity,Priority 4,P007,Term Insurance,0.1897590986633273,Low,customer profile indicates potential protection needs,Retention,Strengthen the customer relationship while highlight financial protection and security,Priority 4,0.1897590986633273,True
C000068,Premium High-Value,Premium Relationship Customer,Moderate Risk,Low Cross-Sell Opportunity,Priority 3,P004,Personal Loan,0.57067933526301,Medium,financial capacity and transaction activity support borrowing needs; strong segment fit,Upsell,Emphasize premium value and highlight flexible financing and convenience,Priority 3,0.57067933526301,True
C000069,Premium High-Value,Premium Relationship Customer,Moderate Risk,Moderate Cross-Sell Opportunity,Priority 3,P003,Rewards Credit Card,0.658328986712224,Medium,spending and transaction patterns support a rewards credit card; strong segment fit,Cross-Sell,"Introduce a complementary product and highlight rewards, benefits and spending value",Priority 3,0.658328986712224,True
C000070,Premium High-Value,Premium Digital Customer,Low Risk,Moderate Cross-Sell Opportunity,Priority 2,P004,Personal Loan,0.6925981788026413,Medium,financial capacity and transaction activity support borrowing needs; strong digital affinity; strong segment fit,Cross-Sell,Introduce a complementary product and highlight flexible financing and convenience,Priority 2,0.6925981788026413,True
C000071,Core Active,Core Relationship Customer,Moderate Risk,Moderate Cross-Sell Opportunity,Priority 3,P003,Rewards Credit Card,0.3395645058925829,Low,spending and transaction patterns support a rewards credit card,Cross-Sell,"Introduce a complementary product and highlight rewards, benefits and spending value",Priority 3,0.3395645058925829,True
C000072,Premium High-Value,Premium Relationship Customer,Moderate Risk,Moderate Cross-Sell Opportunity,Priority 2,P004,Personal Loan,0.9310595410702192,High,financial capacity and transaction activity support borrowing needs; strong income profile; high transaction activity,Cross-Sell,Introduce a complementary product and highlight flexible financing and convenience,Priority 2,0.9310595410702192,True
C000073,Core Active,Core Relationship Customer,High Risk,Low Cross-Sell Opportunity,Priority 4,P003,Rewards Credit Card,0.3090581459951255,Low,spending and transaction patterns support a rewards credit card,Retention,"Strengthen the customer relationship while highlight rewards, benefits and spending value",Priority 4,0.3090581459951255,True
C000074,Premium High-Value,Premium Digital Customer,Moderate Risk,Moderate Cross-Sell Opportunity,Priority 2,P008,Premium Banking,0.7280072090469717,Medium,customer profile supports premium banking services; high transaction activity; strong digital affinity,Cross-Sell,Introduce a complementary product and highlight premium services and exclusive benefits,Priority 2,0.7280072090469717,True
C000075,Premium High-Value,Premium Cross-Sell Opportunity,Low Risk,High Cross-Sell Opportunity,Priority 2,P003,Rewards Credit Card,0.7033917871864537,Medium,spending and transaction patterns support a rewards credit card; high transaction activity; strong segment fit,Cross-Sell,"Introduce a complementary product and highlight rewards, benefits and spending value",Priority 2,0.7033917871864537,True
C000076,Premium High-Value,Premium Digital Customer,Moderate Risk,Moderate Cross-Sell Opportunity,Priority 2,P005,Home Loan,0.7938267758176272,High,financial capacity supports a potential home financing need; high transaction activity; strong digital affinity,Cross-Sell,Introduce a complementary product and highlight long-term home financing value,Priority 2,0.7938267758176272,True
C000077,At Risk,At-Risk Engagement Customer,Critical Risk,Moderate Cross-Sell Opportunity,Priority 3,P003,Rewards Credit Card,0.3182437440709953,Low,spending and transaction patterns support a rewards credit card,Retention,"Strengthen the customer relationship while highlight rewards, benefits and spending value",Priority 3,0.3182437440709953,True
C000078,Dormant / Declining,Dormant Reactivation Target,Critical Risk,Low Cross-Sell Opportunity,Priority 3,P003,Rewards Credit Card,0.2670322326677601,Low,spending and transaction patterns support a rewards credit card; positive response to previous recommendations,Retention,"Strengthen the customer relationship while highlight rewards, benefits and spending value",Priority 3,0.2670322326677601,True
C000079,Core Active,Core Cross-Sell Opportunity,Moderate Risk,High Cross-Sell Opportunity,Priority 2,P003,Rewards Credit Card,0.512612849147811,Low,spending and transaction patterns support a rewards credit card; strong digital affinity,Cross-Sell,"Introduce a complementary product and highlight rewards, benefits and spending value",Priority 2,0.512612849147811,True
C000080,Premium High-Value,Premium Relationship Customer,Moderate Risk,Moderate Cross-Sell Opportunity,Priority 2,P003,Rewards Credit Card,0.5968491404133281,Medium,spending and transaction patterns support a rewards credit card; strong segment fit,Cross-Sell,"Introduce a complementary product and highlight rewards, benefits and spending value",Priority 2,0.5968491404133281,True
C000081,Core Active,Core High-Activity Customer,Moderate Risk,Moderate Cross-Sell Opportunity,Priority 3,P007,Term Insurance,0.4453583575827485,Low,customer profile indicates potential protection needs; high transaction activity,Cross-Sell,Introduce a complementary product and highlight financial protection and security,Priority 3,0.4453583575827485,True
C000082,Core Active,Core Relationship Customer,Moderate Risk,Moderate Cross-Sell Opportunity,Priority 3,P004,Personal Loan,0.3887672580296647,Low,financial capacity and transaction activity support borrowing needs,Cross-Sell,Introduce a complementary product and highlight flexible financing and convenience,Priority 3,0.3887672580296647,True
C000083,Premium High-Value,Premium Cross-Sell Opportunity,Moderate Risk,High Cross-Sell Opportunity,Priority 2,P003,Rewards Credit Card,0.636460171588108,Medium,spending and transaction patterns support a rewards credit card; strong segment fit,Cross-Sell,"Introduce a complementary product and highlight rewards, benefits and spending value",Priority 2,0.636460171588108,True
C000084,Core Active,Core Relationship Customer,Moderate Risk,Moderate Cross-Sell Opportunity,Priority 3,P003,Rewards Credit Card,0.3622136161992335,Low,spending and transaction patterns support a rewards credit card,Cross-Sell,"Introduce a complementary product and highlight rewards, benefits and spending value",Priority 3,0.3622136161992335,True
C000085,Core Active,Core Relationship Customer,Low Risk,Moderate Cross-Sell Opportunity,Priority 2,P004,Personal Loan,0.5039666657929518,Low,financial capacity and transaction activity support borrowing needs; positive response to previous recommendations,Cross-Sell,Introduce a complementary product and highlight flexible financing and convenience,Priority 2,0.5039666657929518,True
C000086,Core Active,Core Relationship Customer,Moderate Risk,Low Cross-Sell Opportunity,Priority 3,P004,Personal Loan,0.3749859961966766,Low,financial capacity and transaction activity support borrowing needs,Engagement,Highlight flexible financing and convenience,Priority 3,0.3749859961966766,True
C000087,Premium High-Value,Premium Relationship Customer,Low Risk,Moderate Cross-Sell Opportunity,Priority 3,P004,Personal Loan,0.6242470125429058,Medium,financial capacity and transaction activity support borrowing needs; strong segment fit,Cross-Sell,Introduce a complementary product and highlight flexible financing and convenience,Priority 3,0.6242470125429058,True
C000088,At Risk,At-Risk Declining Customer,Critical Risk,Low Cross-Sell Opportunity,Priority 4,P007,Term Insurance,0.1705799019722226,Low,customer profile indicates potential protection needs,Retention,Strengthen the customer relationship while highlight financial protection and security,Priority 4,0.1705799019722226,True
C000089,At Risk,At-Risk Declining Customer,Critical Risk,Low Cross-Sell Opportunity,Priority 3,P003,Rewards Credit Card,0.3484949333970936,Low,spending and transaction patterns support a rewards credit card; positive response to previous recommendations,Retention,"Strengthen the customer relationship while highlight rewards, benefits and spending value",Priority 3,0.3484949333970936,True
C000090,Premium High-Value,Premium Digital Customer,Low Risk,Moderate Cross-Sell Opportunity,Priority 2,P008,Premium Banking,0.8661597343837367,High,customer profile supports premium banking services; strong account balance; high spending activity,Cross-Sell,Introduce a complementary product and highlight premium services and exclusive benefits,Priority 2,0.8661597343837367,True
C000091,Premium High-Value,Premium Relationship Customer,Low Risk,Moderate Cross-Sell Opportunity,Priority 2,P003,Rewards Credit Card,0.7487590832627996,Medium,spending and transaction patterns support a rewards credit card; high transaction activity; strong segment fit,Cross-Sell,"Introduce a complementary product and highlight rewards, benefits and spending value",Priority 2,0.7487590832627996,True
C000092,Core Active,Core Relationship Customer,Moderate Risk,Moderate Cross-Sell Opportunity,Priority 3,P003,Rewards Credit Card,0.4914967266636498,Low,spending and transaction patterns support a rewards credit card; positive response to previous recommendations,Cross-Sell,"Introduce a complementary product and highlight rewards, benefits and spending value",Priority 3,0.4914967266636498,True
C000093,Premium High-Value,Premium Digital Customer,Moderate Risk,Moderate Cross-Sell Opportunity,Priority 2,P008,Premium Banking,0.742042447943227,Medium,customer profile supports premium banking services; high transaction activity; strong segment fit,Cross-Sell,Introduce a complementary product and highlight premium services and exclusive benefits,Priority 2,0.742042447943227,True
C000094,Core Active,Core Relationship Customer,Low Risk,Moderate Cross-Sell Opportunity,Priority 3,P003,Rewards Credit Card,0.4861422295581274,Low,spending and transaction patterns support a rewards credit card; high transaction activity,Cross-Sell,"Introduce a complementary product and highlight rewards, benefits and spending value",Priority 3,0.4861422295581274,True
C000095,Core Active,Core Relationship Customer,Low Risk,Moderate Cross-Sell Opportunity,Priority 3,P003,Rewards Credit Card,0.481934356617052,Low,spending and transaction patterns support a rewards credit card; positive response to previous recommendations,Cross-Sell,"Introduce a complementary product and highlight rewards, benefits and spending value",Priority 3,0.481934356617052,True
C000096,Core Active,Core High-Activity Customer,Moderate Risk,Moderate Cross-Sell Opportunity,Priority 3,P004,Personal Loan,0.47780268457168,Low,financial capacity and transaction activity support borrowing needs; high transaction activity,Cross-Sell,Introduce a complementary product and highlight flexible financing and convenience,Priority 3,0.47780268457168,True
C000097,Core Active,Core Relationship Customer,Low Risk,Moderate Cross-Sell Opportunity,Priority 3,P003,Rewards Credit Card,0.3881503653207515,Low,spending and transaction patterns support a rewards credit card,Cross-Sell,"Introduce a complementary product and highlight rewards, benefits and spending value",Priority 3,0.3881503653207515,True
C000098,Premium High-Value,Premium Digital Customer,Low Risk,Moderate Cross-Sell Opportunity,Priority 2,P007,Term Insurance,0.8236934658323463,High,customer profile indicates potential protection needs; strong income profile; high transaction activity,Cross-Sell,Introduce a complementary product and highlight financial protection and security,Priority 2,0.8236934658323463,True
C000099,Dormant / Declining,Dormant Reactivation Target,Critical Risk,Low Cross-Sell Opportunity,Priority 4,P008,Premium Banking,0.171583329218826,Low,customer profile supports premium banking services,Retention,Strengthen the customer relationship while highlight premium services and exclusive benefits,Priority 4,0.171583329218826,True
C000100,Core Active,Core Digital Customer,Moderate Risk,Moderate Cross-Sell Opportunity,Priority 3,P008,Premium Banking,0.4040754416133722,Low,customer profile supports premium banking services; strong digital affinity,Cross-Sell,Introduce a complementary product and highlight premium services and exclusive benefits,Priority 3,0.4040754416133722,True
C000101,Core Active,Core Relationship Customer,Moderate Risk,Moderate Cross-Sell Opportunity,Priority 3,P003,Rewards Credit Card,0.4268828879092712,Low,spending and transaction patterns support a rewards credit card,Cross-Sell,"Introduce a complementary product and highlight rewards, benefits and spending value",Priority 3,0.4268828879092712,True
C000102,Core Active,Core Relationship Customer,High Risk,Moderate Cross-Sell Opportunity,Priority 3,P008,Premium Banking,0.4547723893421072,Low,customer profile supports premium banking services; positive response to previous recommendations,Retention,Strengthen the customer relationship while highlight premium services and exclusive benefits,Priority 3,0.4547723893421072,True
C000103,Core Active,Core Relationship Customer,Critical Risk,Low Cross-Sell Opportunity,Priority 4,P004,Personal Loan,0.2813396199300277,Low,financial capacity and transaction activity support borrowing needs,Retention,Strengthen the customer relationship while highlight flexible financing and convenience,Priority 4,0.2813396199300277,True
C000104,Core Active,Core Relationship Customer,High Risk,Moderate Cross-Sell Opportunity,Priority 3,P003,Rewards Credit Card,0.4010720580463311,Low,spending and transaction patterns support a rewards credit card; positive response to previous recommendations,Retention,"Strengthen the customer relationship while highlight rewards, benefits and spending value",Priority 3,0.4010720580463311,True
C000105,Core Active,Core Relationship Customer,Low Risk,Moderate Cross-Sell Opportunity,Priority 3,P008,Premium Banking,0.3451108568130403,Low,customer profile supports premium banking services,Cross-Sell,Introduce a complementary product and highlight premium services and exclusive benefits,Priority 3,0.3451108568130403,True
C000106,Premium High-Value,Premium Relationship Customer,Critical Risk,Moderate Cross-Sell Opportunity,Priority 2,P007,Term Insurance,0.6099560560204972,Medium,customer profile indicates potential protection needs; strong segment fit; positive response to previous recommendations,Retention,Strengthen the customer relationship while highlight financial protection and security,Priority 2,0.6099560560204972,True
C000107,Dormant / Declining,Dormant Reactivation Target,Critical Risk,Low Cross-Sell Opportunity,Priority 4,P007,Term Insurance,0.2292337449957028,Low,customer profile indicates potential protection needs,Retention,Strengthen the customer relationship while highlight financial protection and security,Priority 4,0.2292337449957028,True
C000108,Premium High-Value,Premium Relationship Customer,Low Risk,Moderate Cross-Sell Opportunity,Priority 2,P004,Personal Loan,0.6218813086319089,Medium,financial capacity and transaction activity support borrowing needs; high transaction activity; strong digital affinity,Cross-Sell,Introduce a complementary product and highlight flexible financing and convenience,Priority 2,0.6218813086319089,True
C000109,Core Active,Core Relationship Customer,Low Risk,Moderate Cross-Sell Opportunity,Priority 2,P007,Term Insurance,0.4874519180743042,Low,customer profile indicates potential protection needs,Cross-Sell,Introduce a complementary product and highlight financial protection and security,Priority 2,0.4874519180743042,True
C000110,At Risk,At-Risk Declining Customer,Critical Risk,Low Cross-Sell Opportunity,Priority 4,P007,Term Insurance,0.2469347935646179,Low,customer profile indicates potential protection needs,Retention,Strengthen the customer relationship while highlight financial protection and security,Priority 4,0.2469347935646179,True
C000111,Premium High-Value,Premium Digital Customer,Low Risk,Moderate Cross-Sell Opportunity,Priority 2,P004,Personal Loan,0.8173592114204327,High,financial capacity and transaction activity support borrowing needs; high transaction activity; strong digital affinity,Cross-Sell,Introduce a complementary product and highlight flexible financing and convenience,Priority 2,0.8173592114204327,True
C000112,Core Active,Core Relationship Customer,Moderate Risk,Moderate Cross-Sell Opportunity,Priority 3,P003,Rewards Credit Card,0.4073435427421607,Low,spending and transaction patterns support a rewards credit card,Cross-Sell,"Introduce a complementary product and highlight rewards, benefits and spending value",Priority 3,0.4073435427421607,True
C000113,Core Active,Core Relationship Customer,High Risk,Moderate Cross-Sell Opportunity,Priority 3,P008,Premium Banking,0.3297939909864239,Low,customer profile supports premium banking services,Retention,Strengthen the customer relationship while highlight premium services and exclusive benefits,Priority 3,0.3297939909864239,True
C000114,Core Active,Core Relationship Customer,Moderate Risk,Moderate Cross-Sell Opportunity,Priority 3,P007,Term Insurance,0.3561602094325181,Low,customer profile indicates potential protection needs,Cross-Sell,Introduce a complementary product and highlight financial protection and security,Priority 3,0.3561602094325181,True
C000115,Premium High-Value,Premium Relationship Customer,Low Risk,Moderate Cross-Sell Opportunity,Priority 2,P007,Term Insurance,0.5934443506550969,Medium,customer profile indicates potential protection needs; strong digital affinity; strong segment fit,Cross-Sell,Introduce a complementary product and highlight financial protection and security,Priority 2,0.5934443506550969,True
C000116,Premium High-Value,Premium Digital Customer,Low Risk,Moderate Cross-Sell Opportunity,Priority 3,P005,Home Loan,0.6475720852793612,Medium,financial capacity supports a potential home financing need; strong segment fit,Cross-Sell,Introduce a complementary product and highlight long-term home financing value,Priority 3,0.6475720852793612,True
C000117,Core Active,Core Relationship Customer,High Risk,Low Cross-Sell Opportunity,Priority 3,P003,Rewards Credit Card,0.3125316462772143,Low,spending and transaction patterns support a rewards credit card,Retention,"Strengthen the customer relationship while highlight rewards, benefits and spending value",Priority 3,0.3125316462772143,True
C000118,Core Active,Core Relationship Customer,Moderate Risk,Low Cross-Sell Opportunity,Priority 3,P008,Premium Banking,0.4246559747564773,Low,customer profile supports premium banking services,Engagement,Highlight premium services and exclusive benefits,Priority 3,0.4246559747564773,True
C000119,Premium High-Value,Premium Digital Customer,Low Risk,Moderate Cross-Sell Opportunity,Priority 3,P006,Mutual Fund Plan,0.6164598170192094,Medium,financial capacity indicates potential for investment products; strong digital affinity; strong segment fit,Cross-Sell,Introduce a complementary product and highlight wealth creation and investment potential,Priority 3,0.6164598170192094,True
C000120,Premium High-Value,Premium Relationship Customer,Low Risk,Moderate Cross-Sell Opportunity,Priority 2,P005,Home Loan,0.657633459500146,Medium,financial capacity supports a potential home financing need; high transaction activity; strong digital affinity,Cross-Sell,Introduce a complementary product and highlight long-term home financing value,Priority 2,0.657633459500146,True
C000121,Premium High-Value,Premium Relationship Customer,Moderate Risk,Moderate Cross-Sell Opportunity,Priority 3,P008,Premium Banking,0.6386832898946841,Medium,customer profile supports premium banking services; strong segment fit; positive response to previous recommendations,Cross-Sell,Introduce a complementary product and highlight premium services and exclusive benefits,Priority 3,0.6386832898946841,True
C000122,Core Active,Core Relationship Customer,Moderate Risk,Moderate Cross-Sell Opportunity,Priority 3,P003,Rewards Credit Card,0.4408219294879431,Low,spending and transaction patterns support a rewards credit card,Cross-Sell,"Introduce a complementary product and highlight rewards, benefits and spending value",Priority 3,0.4408219294879431,True
C000123,At Risk,At-Risk Declining Customer,Critical Risk,Low Cross-Sell Opportunity,Priority 4,P004,Personal Loan,0.2391334333543615,Low,financial capacity and transaction activity support borrowing needs,Retention,Strengthen the customer relationship while highlight flexible financing and convenience,Priority 4,0.2391334333543615,True
C000124,Premium High-Value,Premium Relationship Customer,Low Risk,Moderate Cross-Sell Opportunity,Priority 2,P006,Mutual Fund Plan,0.5767643374295742,Medium,financial capacity indicates potential for investment products; strong segment fit,Cross-Sell,Introduce a complementary product and highlight wealth creation and investment potential,Priority 2,0.5767643374295742,True
C000125,Core Active,Core High-Activity Customer,Moderate Risk,Moderate Cross-Sell Opportunity,Priority 3,P004,Personal Loan,0.4110660801853076,Low,financial capacity and transaction activity support borrowing needs,Cross-Sell,Introduce a complementary product and highlight flexible financing and convenience,Priority 3,0.4110660801853076,True
C000126,Dormant / Declining,Dormant Reactivation Target,Critical Risk,Low Cross-Sell Opportunity,Priority 4,P007,Term Insurance,0.2320946337939092,Low,customer profile indicates potential protection needs,Retention,Strengthen the customer relationship while highlight financial protection and security,Priority 4,0.2320946337939092,True
C000127,Premium High-Value,Premium Digital Customer,Low Risk,Moderate Cross-Sell Opportunity,Priority 2,P008,Premium Banking,0.6387157333862961,Medium,customer profile supports premium banking services; high transaction activity; strong digital affinity,Cross-Sell,Introduce a complementary product and highlight premium services and exclusive benefits,Priority 2,0.6387157333862961,True
C000128,Core Active,Core Relationship Customer,Moderate Risk,Low Cross-Sell Opportunity,Priority 4,P004,Personal Loan,0.3104249599419093,Low,financial capacity and transaction activity support borrowing needs,Engagement,Highlight flexible financing and convenience,Priority 4,0.3104249599419093,True
C000129,Core Active,Core Relationship Customer,Low Risk,Moderate Cross-Sell Opportunity,Priority 2,P008,Premium Banking,0.4686226906891164,Low,customer profile supports premium banking services,Cross-Sell,Introduce a complementary product and highlight premium services and exclusive benefits,Priority 2,0.4686226906891164,True
C000130,Core Active,Core Relationship Customer,Moderate Risk,Moderate Cross-Sell Opportunity,Priority 3,P004,Personal Loan,0.4214563969863247,Low,financial capacity and transaction activity support borrowing needs,Cross-Sell,Introduce a complementary product and highlight flexible financing and convenience,Priority 3,0.4214563969863247,True
C000131,Core Active,Core Digital Customer,Low Risk,Moderate Cross-Sell Opportunity,Priority 2,P008,Premium Banking,0.511048906058943,Low,customer profile supports premium banking services; strong digital affinity,Cross-Sell,Introduce a complementary product and highlight premium services and exclusive benefits,Priority 2,0.511048906058943,True
C000132,Premium High-Value,Premium Digital Customer,Low Risk,Moderate Cross-Sell Opportunity,Priority 2,P004,Personal Loan,0.9122124958369038,High,financial capacity and transaction activity support borrowing needs; strong income profile; high transaction activity,Cross-Sell,Introduce a complementary product and highlight flexible financing and convenience,Priority 2,0.9122124958369038,True
C000133,Core Active,Core Digital Customer,Moderate Risk,Moderate Cross-Sell Opportunity,Priority 2,P008,Premium Banking,0.4838814064813271,Low,customer profile supports premium banking services; strong digital affinity; positive response to previous recommendations,Cross-Sell,Introduce a complementary product and highlight premium services and exclusive benefits,Priority 2,0.4838814064813271,True
C000134,Premium High-Value,Premium Relationship Customer,Moderate Risk,Moderate Cross-Sell Opportunity,Priority 2,P006,Mutual Fund Plan,0.6348337367646549,Medium,financial capacity indicates potential for investment products; high transaction activity; strong segment fit,Cross-Sell,Introduce a complementary product and highlight wealth creation and investment potential,Priority 2,0.6348337367646549,True
C000135,Core Active,Core Digital Customer,Moderate Risk,Moderate Cross-Sell Opportunity,Priority 2,P003,Rewards Credit Card,0.4574434393521969,Low,spending and transaction patterns support a rewards credit card; strong digital affinity,Cross-Sell,"Introduce a complementary product and highlight rewards, benefits and spending value",Priority 2,0.4574434393521969,True
C000136,Core Active,Core Relationship Customer,Critical Risk,Low Cross-Sell Opportunity,Priority 4,P008,Premium Banking,0.2405503214011484,Low,customer profile supports premium banking services,Retention,Strengthen the customer relationship while highlight premium services and exclusive benefits,Priority 4,0.2405503214011484,True
C000137,Core Active,Core Relationship Customer,High Risk,Moderate Cross-Sell Opportunity,Priority 3,P004,Personal Loan,0.3393416467598946,Low,financial capacity and transaction activity support borrowing needs,Retention,Strengthen the customer relationship while highlight flexible financing and convenience,Priority 3,0.3393416467598946,True
C000138,Core Active,Core Relationship Customer,High Risk,Moderate Cross-Sell Opportunity,Priority 3,P003,Rewards Credit Card,0.4326352248772552,Low,spending and transaction patterns support a rewards credit card; strong digital affinity,Retention,"Strengthen the customer relationship while highlight rewards, benefits and spending value",Priority 3,0.4326352248772552,True
C000139,Premium High-Value,Premium Relationship Customer,Moderate Risk,Moderate Cross-Sell Opportunity,Priority 3,P004,Personal Loan,0.625297039926134,Medium,financial capacity and transaction activity support borrowing needs; high transaction activity; strong segment fit,Cross-Sell,Introduce a complementary product and highlight flexible financing and convenience,Priority 3,0.625297039926134,True
C000140,Core Active,Core Relationship Customer,Moderate Risk,Moderate Cross-Sell Opportunity,Priority 2,P008,Premium Banking,0.4274162289856461,Low,customer profile supports premium banking services; strong digital affinity,Cross-Sell,Introduce a complementary product and highlight premium services and exclusive benefits,Priority 2,0.4274162289856461,True
C000141,Core Active,Core Relationship Customer,Moderate Risk,Moderate Cross-Sell Opportunity,Priority 3,P008,Premium Banking,0.4124857991906928,Low,customer profile supports premium banking services,Cross-Sell,Introduce a complementary product and highlight premium services and exclusive benefits,Priority 3,0.4124857991906928,True
C000142,Premium High-Value,Premium Digital Customer,Low Risk,Moderate Cross-Sell Opportunity,Priority 2,P004,Personal Loan,0.778567135881063,High,financial capacity and transaction activity support borrowing needs; strong digital affinity; strong segment fit,Cross-Sell,Introduce a complementary product and highlight flexible financing and convenience,Priority 2,0.778567135881063,True
C000143,Dormant / Declining,Dormant Reactivation Target,Critical Risk,Low Cross-Sell Opportunity,Priority 4,P007,Term Insurance,0.1431192360995422,Low,customer profile indicates potential protection needs,Retention,Strengthen the customer relationship while highlight financial protection and security,Priority 4,0.1431192360995422,True
C000144,At Risk,At-Risk Engagement Customer,Critical Risk,Low Cross-Sell Opportunity,Priority 4,P008,Premium Banking,0.23086144499432,Low,customer profile supports premium banking services,Retention,Strengthen the customer relationship while highlight premium services and exclusive benefits,Priority 4,0.23086144499432,True
C000145,Core Active,Core Relationship Customer,Moderate Risk,Moderate Cross-Sell Opportunity,Priority 3,P003,Rewards Credit Card,0.3535333326311873,Low,spending and transaction patterns support a rewards credit card,Cross-Sell,"Introduce a complementary product and highlight rewards, benefits and spending value",Priority 3,0.3535333326311873,True
C000146,Core Active,Core Relationship Customer,Moderate Risk,Moderate Cross-Sell Opportunity,Priority 2,P003,Rewards Credit Card,0.5035181059142751,Low,spending and transaction patterns support a rewards credit card; strong digital affinity,Cross-Sell,"Introduce a complementary product and highlight rewards, benefits and spending value",Priority 2,0.5035181059142751,True
C000147,At Risk,At-Risk Declining Customer,Critical Risk,Low Cross-Sell Opportunity,Priority 4,P007,Term Insurance,0.2230186998085293,Low,customer profile indicates potential protection needs,Retention,Strengthen the customer relationship while highlight financial protection and security,Priority 4,0.2230186998085293,True
C000148,At Risk,At-Risk Declining Customer,Critical Risk,Moderate Cross-Sell Opportunity,Priority 3,P007,Term Insurance,0.3008062976796329,Low,customer profile indicates potential protection needs,Retention,Strengthen the customer relationship while highlight financial protection and security,Priority 3,0.3008062976796329,True
C000149,Core Active,Core Relationship Customer,High Risk,Low Cross-Sell Opportunity,Priority 3,P007,Term Insurance,0.3641219360625508,Low,customer profile indicates potential protection needs,Retention,Strengthen the customer relationship while highlight financial protection and security,Priority 3,0.3641219360625508,True
C000150,Premium High-Value,Premium Relationship Customer,Low Risk,Moderate Cross-Sell Opportunity,Priority 3,P004,Personal Loan,0.5573594087305055,Medium,financial capacity and transaction activity support borrowing needs; high transaction activity; strong segment fit,Cross-Sell,Introduce a complementary product and highlight flexible financing and convenience,Priority 3,0.5573594087305055,True
C000151,Core Active,Core Digital Customer,Moderate Risk,Moderate Cross-Sell Opportunity,Priority 3,P003,Rewards Credit Card,0.4761953566703725,Low,spending and transaction patterns support a rewards credit card; strong digital affinity,Cross-Sell,"Introduce a complementary product and highlight rewards, benefits and spending value",Priority 3,0.4761953566703725,True
C000152,At Risk,At-Risk Declining Customer,Critical Risk,Low Cross-Sell Opportunity,Priority 4,P007,Term Insurance,0.1486809953430207,Low,customer profile indicates potential protection needs,Retention,Strengthen the customer relationship while highlight financial protection and security,Priority 4,0.1486809953430207,True
C000153,Core Active,Core Digital Customer,Moderate Risk,Moderate Cross-Sell Opportunity,Priority 3,P003,Rewards Credit Card,0.5169862300070724,Low,spending and transaction patterns support a rewards credit card; strong digital affinity,Cross-Sell,"Introduce a complementary product and highlight rewards, benefits and spending value",Priority 3,0.5169862300070724,True
C000154,Premium High-Value,Premium Digital Customer,Moderate Risk,Moderate Cross-Sell Opportunity,Priority 3,P006,Mutual Fund Plan,0.7365400568909536,Medium,financial capacity indicates potential for investment products; high transaction activity; strong digital affinity,Cross-Sell,Introduce a complementary product and highlight wealth creation and investment potential,Priority 3,0.7365400568909536,True
C000155,Dormant / Declining,Dormant Reactivation Target,Critical Risk,Low Cross-Sell Opportunity,Priority 4,P007,Term Insurance,0.2290282521184362,Low,customer profile indicates potential protection needs; positive response to previous recommendations,Retention,Strengthen the customer relationship while highlight financial protection and security,Priority 4,0.2290282521184362,True
C000156,Core Active,Core Digital Customer,Moderate Risk,Moderate Cross-Sell Opportunity,Priority 3,P003,Rewards Credit Card,0.439325324330921,Low,spending and transaction patterns support a rewards credit card; strong digital affinity,Cross-Sell,"Introduce a complementary product and highlight rewards, benefits and spending value",Priority 3,0.439325324330921,True
C000157,Premium High-Value,Premium Digital Customer,Low Risk,Moderate Cross-Sell Opportunity,Priority 2,P008,Premium Banking,0.6593926797832377,Medium,customer profile supports premium banking services; strong segment fit,Cross-Sell,Introduce a complementary product and highlight premium services and exclusive benefits,Priority 2,0.6593926797832377,True
C000158,Core Active,Core Digital Customer,High Risk,Moderate Cross-Sell Opportunity,Priority 3,P003,Rewards Credit Card,0.4043994892075332,Low,spending and transaction patterns support a rewards credit card; strong digital affinity,Retention,"Strengthen the customer relationship while highlight rewards, benefits and spending value",Priority 3,0.4043994892075332,True
C000159,Core Active,Core Digital Customer,High Risk,Moderate Cross-Sell Opportunity,Priority 2,P008,Premium Banking,0.4978868571320943,Low,customer profile supports premium banking services; strong digital affinity; positive response to previous recommendations,Retention,Strengthen the customer relationship while highlight premium services and exclusive benefits,Priority 2,0.4978868571320943,True
C000160,At Risk,At-Risk Engagement Customer,Critical Risk,Low Cross-Sell Opportunity,Priority 3,P007,Term Insurance,0.3384125950099098,Low,customer profile indicates potential protection needs,Retention,Strengthen the customer relationship while highlight financial protection and security,Priority 3,0.3384125950099098,True
C000161,Core Active,Core Relationship Customer,Moderate Risk,Moderate Cross-Sell Opportunity,Priority 3,P007,Term Insurance,0.3539933796510677,Low,customer profile indicates potential protection needs,Cross-Sell,Introduce a complementary product and highlight financial protection and security,Priority 3,0.3539933796510677,True
C000162,Core Active,Core Digital Customer,Moderate Risk,Moderate Cross-Sell Opportunity,Priority 3,P003,Rewards Credit Card,0.4417542790435914,Low,spending and transaction patterns support a rewards credit card; strong digital affinity,Cross-Sell,"Introduce a complementary product and highlight rewards, benefits and spending value",Priority 3,0.4417542790435914,True
C000163,Premium High-Value,Premium Relationship Customer,Low Risk,Moderate Cross-Sell Opportunity,Priority 2,P005,Home Loan,0.8260770327953795,High,financial capacity supports a potential home financing need; strong income profile; high transaction activity,Cross-Sell,Introduce a complementary product and highlight long-term home financing value,Priority 2,0.8260770327953795,True
C000164,Premium High-Value,Premium Relationship Customer,Moderate Risk,Moderate Cross-Sell Opportunity,Priority 2,P004,Personal Loan,0.6373730684466408,Medium,financial capacity and transaction activity support borrowing needs; strong segment fit,Cross-Sell,Introduce a complementary product and highlight flexible financing and convenience,Priority 2,0.6373730684466408,True
C000165,Core Active,Core Relationship Customer,Moderate Risk,Moderate Cross-Sell Opportunity,Priority 3,P003,Rewards Credit Card,0.4335897554506372,Low,spending and transaction patterns support a rewards credit card; strong digital affinity,Cross-Sell,"Introduce a complementary product and highlight rewards, benefits and spending value",Priority 3,0.4335897554506372,True
C000166,Premium High-Value,Premium Relationship Customer,Moderate Risk,Moderate Cross-Sell Opportunity,Priority 2,P003,Rewards Credit Card,0.6240377320531807,Medium,spending and transaction patterns support a rewards credit card; strong segment fit; positive response to previous recommendations,Cross-Sell,"Introduce a complementary product and highlight rewards, benefits and spending value",Priority 2,0.6240377320531807,True
C000167,Premium High-Value,Premium Digital Customer,Low Risk,Moderate Cross-Sell Opportunity,Priority 2,P008,Premium Banking,0.6863399214576741,Medium,customer profile supports premium banking services; strong digital affinity; strong segment fit,Cross-Sell,Introduce a complementary product and highlight premium services and exclusive benefits,Priority 2,0.6863399214576741,True
C000168,Core Active,Core Relationship Customer,Critical Risk,Moderate Cross-Sell Opportunity,Priority 4,P003,Rewards Credit Card,0.3462834579265419,Low,spending and transaction patterns support a rewards credit card,Retention,"Strengthen the customer relationship while highlight rewards, benefits and spending value",Priority 4,0.3462834579265419,True
C000169,Core Active,Core Relationship Customer,Moderate Risk,Moderate Cross-Sell Opportunity,Priority 3,P003,Rewards Credit Card,0.3888215585789331,Low,spending and transaction patterns support a rewards credit card,Cross-Sell,"Introduce a complementary product and highlight rewards, benefits and spending value",Priority 3,0.3888215585789331,True
C000170,Premium High-Value,Premium Digital Customer,Low Risk,Moderate Cross-Sell Opportunity,Priority 2,P008,Premium Banking,0.7394440625450278,Medium,customer profile supports premium banking services; strong digital affinity; strong segment fit,Cross-Sell,Introduce a complementary product and highlight premium services and exclusive benefits,Priority 2,0.7394440625450278,True
C000171,Premium High-Value,Premium Relationship Customer,Moderate Risk,Moderate Cross-Sell Opportunity,Priority 2,P004,Personal Loan,0.6176460416261121,Medium,financial capacity and transaction activity support borrowing needs; strong segment fit; positive response to previous recommendations,Cross-Sell,Introduce a complementary product and highlight flexible financing and convenience,Priority 2,0.6176460416261121,True
C000172,Core Active,Core Relationship Customer,Low Risk,Moderate Cross-Sell Opportunity,Priority 3,P003,Rewards Credit Card,0.4094873010447425,Low,spending and transaction patterns support a rewards credit card,Cross-Sell,"Introduce a complementary product and highlight rewards, benefits and spending value",Priority 3,0.4094873010447425,True
C000173,Core Active,Core Digital Customer,Moderate Risk,Moderate Cross-Sell Opportunity,Priority 2,P006,Mutual Fund Plan,0.4798602937336456,Low,financial capacity indicates potential for investment products; strong digital affinity,Cross-Sell,Introduce a complementary product and highlight wealth creation and investment potential,Priority 2,0.4798602937336456,True
C000174,Core Active,Core Relationship Customer,Moderate Risk,Moderate Cross-Sell Opportunity,Priority 3,P003,Rewards Credit Card,0.4223537147995172,Low,spending and transaction patterns support a rewards credit card,Cross-Sell,"Introduce a complementary product and highlight rewards, benefits and spending value",Priority 3,0.4223537147995172,True
C000175,Premium High-Value,Premium Relationship Customer,Moderate Risk,Moderate Cross-Sell Opportunity,Priority 3,P004,Personal Loan,0.6033210408661707,Medium,financial capacity and transaction activity support borrowing needs; high transaction activity; strong segment fit,Cross-Sell,Introduce a complementary product and highlight flexible financing and convenience,Priority 3,0.6033210408661707,True
C000176,Premium High-Value,Premium Relationship Customer,Moderate Risk,Moderate Cross-Sell Opportunity,Priority 3,P004,Personal Loan,0.6873962281874061,Medium,financial capacity and transaction activity support borrowing needs; strong segment fit,Cross-Sell,Introduce a complementary product and highlight flexible financing and convenience,Priority 3,0.6873962281874061,True
C000177,Dormant / Declining,Dormant Reactivation Target,Critical Risk,Low Cross-Sell Opportunity,Priority 3,P007,Term Insurance,0.2577053738104569,Low,customer profile indicates potential protection needs,Retention,Strengthen the customer relationship while highlight financial protection and security,Priority 3,0.2577053738104569,True
C000178,Core Active,Core Relationship Customer,Moderate Risk,Moderate Cross-Sell Opportunity,Priority 3,P003,Rewards Credit Card,0.4400781771406201,Low,spending and transaction patterns support a rewards credit card; positive response to previous recommendations,Cross-Sell,"Introduce a complementary product and highlight rewards, benefits and spending value",Priority 3,0.4400781771406201,True
C000179,Core Active,Core High-Activity Customer,Low Risk,Moderate Cross-Sell Opportunity,Priority 3,P004,Personal Loan,0.4522022261080295,Low,financial capacity and transaction activity support borrowing needs,Cross-Sell,Introduce a complementary product and highlight flexible financing and convenience,Priority 3,0.4522022261080295,True
C000180,Core Active,Core Digital Customer,Low Risk,Moderate Cross-Sell Opportunity,Priority 3,P003,Rewards Credit Card,0.4435084031438636,Low,spending and transaction patterns support a rewards credit card; strong digital affinity,Cross-Sell,"Introduce a complementary product and highlight rewards, benefits and spending value",Priority 3,0.4435084031438636,True
C000181,Core Active,Core Relationship Customer,High Risk,Low Cross-Sell Opportunity,Priority 3,P004,Personal Loan,0.3688208449200346,Low,financial capacity and transaction activity support borrowing needs,Retention,Strengthen the customer relationship while highlight flexible financing and convenience,Priority 3,0.3688208449200346,True
C000182,Core Active,Core Digital Customer,Moderate Risk,Moderate Cross-Sell Opportunity,Priority 3,P003,Rewards Credit Card,0.4129052281264352,Low,spending and transaction patterns support a rewards credit card; strong digital affinity,Cross-Sell,"Introduce a complementary product and highlight rewards, benefits and spending value",Priority 3,0.4129052281264352,True
C000183,At Risk,At-Risk Declining Customer,Critical Risk,Moderate Cross-Sell Opportunity,Priority 3,P008,Premium Banking,0.2681796992533276,Low,customer profile supports premium banking services,Retention,Strengthen the customer relationship while highlight premium services and exclusive benefits,Priority 3,0.2681796992533276,True
C000184,Core Active,Core Relationship Customer,Low Risk,Moderate Cross-Sell Opportunity,Priority 3,P003,Rewards Credit Card,0.4875769419855936,Low,spending and transaction patterns support a rewards credit card,Cross-Sell,"Introduce a complementary product and highlight rewards, benefits and spending value",Priority 3,0.4875769419855936,True
C000185,Core Active,Core Digital Customer,Moderate Risk,Moderate Cross-Sell Opportunity,Priority 2,P003,Rewards Credit Card,0.4729456043953971,Low,spending and transaction patterns support a rewards credit card; strong digital affinity,Cross-Sell,"Introduce a complementary product and highlight rewards, benefits and spending value",Priority 2,0.4729456043953971,True
C000186,Core Active,Core Relationship Customer,High Risk,Moderate Cross-Sell Opportunity,Priority 3,P007,Term Insurance,0.398124858397806,Low,customer profile indicates potential protection needs,Retention,Strengthen the customer relationship while highlight financial protection and security,Priority 3,0.398124858397806,True
C000187,At Risk,At-Risk Engagement Customer,Critical Risk,Low Cross-Sell Opportunity,Priority 4,P007,Term Insurance,0.1881877412660218,Low,customer profile indicates potential protection needs,Retention,Strengthen the customer relationship while highlight financial protection and security,Priority 4,0.1881877412660218,True
C000188,Dormant / Declining,Dormant Reactivation Target,Critical Risk,Low Cross-Sell Opportunity,Priority 4,P007,Term Insurance,0.1777775503656117,Low,customer profile indicates potential protection needs,Retention,Strengthen the customer relationship while highlight financial protection and security,Priority 4,0.1777775503656117,True
C000189,Premium High-Value,Premium Relationship Customer,Moderate Risk,Moderate Cross-Sell Opportunity,Priority 2,P003,Rewards Credit Card,0.6211708272372943,Medium,spending and transaction patterns support a rewards credit card; strong segment fit,Cross-Sell,"Introduce a complementary product and highlight rewards, benefits and spending value",Priority 2,0.6211708272372943,True
C000190,Dormant / Declining,Dormant Reactivation Target,Critical Risk,Low Cross-Sell Opportunity,Priority 4,P006,Mutual Fund Plan,0.2182619443239153,Low,financial capacity indicates potential for investment products,Retention,Strengthen the customer relationship while highlight wealth creation and investment potential,Priority 4,0.2182619443239153,True
C000191,Premium High-Value,Premium Relationship Customer,Low Risk,Moderate Cross-Sell Opportunity,Priority 2,P005,Home Loan,0.7115644597888197,Medium,financial capacity supports a potential home financing need; high transaction activity; strong digital affinity,Cross-Sell,Introduce a complementary product and highlight long-term home financing value,Priority 2,0.7115644597888197,True
C000192,Core Active,Core Relationship Customer,Moderate Risk,Low Cross-Sell Opportunity,Priority 4,P007,Term Insurance,0.366837474453668,Low,customer profile indicates potential protection needs,Engagement,Highlight financial protection and security,Priority 4,0.366837474453668,True
C000193,Premium High-Value,Premium Digital Customer,Low Risk,Moderate Cross-Sell Opportunity,Priority 2,P008,Premium Banking,0.6547618644253036,Medium,customer profile supports premium banking services; high transaction activity; strong digital affinity,Cross-Sell,Introduce a complementary product and highlight premium services and exclusive benefits,Priority 2,0.6547618644253036,True
C000194,Core Active,Core Digital Customer,Low Risk,Moderate Cross-Sell Opportunity,Priority 3,P008,Premium Banking,0.4334327230638107,Low,customer profile supports premium banking services; strong digital affinity,Cross-Sell,Introduce a complementary product and highlight premium services and exclusive benefits,Priority 3,0.4334327230638107,True
C000195,At Risk,At-Risk Engagement Customer,Critical Risk,Low Cross-Sell Opportunity,Priority 3,P007,Term Insurance,0.2719803299908673,Low,customer profile indicates potential protection needs,Retention,Strengthen the customer relationship while highlight financial protection and security,Priority 3,0.2719803299908673,True
C000196,Core Active,Core Digital Customer,Low Risk,Moderate Cross-Sell Opportunity,Priority 2,P006,Mutual Fund Plan,0.4949070084820752,Low,financial capacity indicates potential for investment products; strong digital affinity,Cross-Sell,Introduce a complementary product and highlight wealth creation and investment potential,Priority 2,0.4949070084820752,True
C000197,Core Active,Core Relationship Customer,High Risk,Moderate Cross-Sell Opportunity,Priority 3,P003,Rewards Credit Card,0.4025693167996262,Low,spending and transaction patterns support a rewards credit card,Retention,"Strengthen the customer relationship while highlight rewards, benefits and spending value",Priority 3,0.4025693167996262,True
C000198,Core Active,Core Digital Customer,Moderate Risk,Moderate Cross-Sell Opportunity,Priority 3,P008,Premium Banking,0.4627843971998783,Low,customer profile supports premium banking services; strong digital affinity,Cross-Sell,Introduce a complementary product and highlight premium services and exclusive benefits,Priority 3,0.4627843971998783,True
C000199,Core Active,Core Relationship Customer,Low Risk,Moderate Cross-Sell Opportunity,Priority 3,P004,Personal Loan,0.4084140692926027,Low,financial capacity and transaction activity support borrowing needs; positive response to previous recommendations,Cross-Sell,Introduce a complementary product and highlight flexible financing and convenience,Priority 3,0.4084140692926027,True
C000200,Core Active,Core Relationship Customer,Moderate Risk,Moderate Cross-Sell Opportunity,Priority 3,P008,Premium Banking,0.4249892046321828,Low,customer profile supports premium banking services,Cross-Sell,Introduce a complementary product and highlight premium services and exclusive benefits,Priority 3,0.4249892046321828,True
C000201,Core Active,Core Relationship Customer,Moderate Risk,Moderate Cross-Sell Opportunity,Priority 3,P003,Rewards Credit Card,0.3971994729101324,Low,spending and transaction patterns support a rewards credit card,Cross-Sell,"Introduce a complementary product and highlight rewards, benefits and spending value",Priority 3,0.3971994729101324,True
C000202,Core Active,Core Relationship Customer,Moderate Risk,Low Cross-Sell Opportunity,Priority 3,P008,Premium Banking,0.3631099058992407,Low,customer profile supports premium banking services; strong digital affinity,Engagement,Highlight premium services and exclusive benefits,Priority 3,0.3631099058992407,True
C000203,At Risk,At-Risk Declining Customer,Critical Risk,Low Cross-Sell Opportunity,Priority 4,P007,Term Insurance,0.1896824935679741,Low,customer profile indicates potential protection needs,Retention,Strengthen the customer relationship while highlight financial protection and security,Priority 4,0.1896824935679741,True
C000204,Core Active,Core Relationship Customer,High Risk,Moderate Cross-Sell Opportunity,Priority 3,P003,Rewards Credit Card,0.389513354018117,Low,spending and transaction patterns support a rewards credit card,Retention,"Strengthen the customer relationship while highlight rewards, benefits and spending value",Priority 3,0.389513354018117,True
C000205,Dormant / Declining,Dormant Reactivation Target,Critical Risk,Moderate Cross-Sell Opportunity,Priority 3,P008,Premium Banking,0.2872747500404574,Low,customer profile supports premium banking services,Retention,Strengthen the customer relationship while highlight premium services and exclusive benefits,Priority 3,0.2872747500404574,True
C000206,Core Active,Core Relationship Customer,Low Risk,Moderate Cross-Sell Opportunity,Priority 3,P008,Premium Banking,0.4379866410752553,Low,customer profile supports premium banking services,Cross-Sell,Introduce a complementary product and highlight premium services and exclusive benefits,Priority 3,0.4379866410752553,True
C000208,Core Active,Core Digital Customer,High Risk,Moderate Cross-Sell Opportunity,Priority 3,P008,Premium Banking,0.3665170778790154,Low,customer profile supports premium banking services; strong digital affinity,Retention,Strengthen the customer relationship while highlight premium services and exclusive benefits,Priority 3,0.3665170778790154,True
C000209,Core Active,Core Relationship Customer,Moderate Risk,Moderate Cross-Sell Opportunity,Priority 3,P003,Rewards Credit Card,0.4026568553582947,Low,spending and transaction patterns support a rewards credit card; strong digital affinity,Cross-Sell,"Introduce a complementary product and highlight rewards, benefits and spending value",Priority 3,0.4026568553582947,True
C000210,Core Active,Core Relationship Customer,Low Risk,Moderate Cross-Sell Opportunity,Priority 3,P003,Rewards Credit Card,0.4305691380239949,Low,spending and transaction patterns support a rewards credit card; strong digital affinity,Cross-Sell,"Introduce a complementary product and highlight rewards, benefits and spending value",Priority 3,0.4305691380239949,True
C000211,Core Active,Core Relationship Customer,Moderate Risk,Moderate Cross-Sell Opportunity,Priority 3,P008,Premium Banking,0.3918923883459009,Low,customer profile supports premium banking services,Cross-Sell,Introduce a complementary product and highlight premium services and exclusive benefits,Priority 3,0.3918923883459009,True
C000212,Core Active,Core Digital Customer,Low Risk,Moderate Cross-Sell Opportunity,Priority 3,P003,Rewards Credit Card,0.4718258342932209,Low,spending and transaction patterns support a rewards credit card; strong digital affinity,Cross-Sell,"Introduce a complementary product and highlight rewards, benefits and spending value",Priority 3,0.4718258342932209,True
C000213,Core Active,Core Relationship Customer,Moderate Risk,Moderate Cross-Sell Opportunity,Priority 3,P003,Rewards Credit Card,0.4094713973369743,Low,spending and transaction patterns support a rewards credit card,Cross-Sell,"Introduce a complementary product and highlight rewards, benefits and spending value",Priority 3,0.4094713973369743,True
C000214,Premium High-Value,Premium Digital Customer,Moderate Risk,Moderate Cross-Sell Opportunity,Priority 2,P008,Premium Banking,0.6875449761769362,Medium,customer profile supports premium banking services; high transaction activity; strong digital affinity,Cross-Sell,Introduce a complementary product and highlight premium services and exclusive benefits,Priority 2,0.6875449761769362,True
C000215,At Risk,At-Risk Declining Customer,Critical Risk,Low Cross-Sell Opportunity,Priority 3,P003,Rewards Credit Card,0.3208125696464535,Low,spending and transaction patterns support a rewards credit card,Retention,"Strengthen the customer relationship while highlight rewards, benefits and spending value",Priority 3,0.3208125696464535,True
C000216,At Risk,At-Risk Engagement Customer,High Risk,Moderate Cross-Sell Opportunity,Priority 3,P003,Rewards Credit Card,0.407826586926944,Low,spending and transaction patterns support a rewards credit card; positive response to previous recommendations,Retention,"Strengthen the customer relationship while highlight rewards, benefits and spending value",Priority 3,0.407826586926944,True
C000217,Premium High-Value,Premium Digital Customer,Low Risk,Moderate Cross-Sell Opportunity,Priority 2,P003,Rewards Credit Card,0.8379441590997915,High,spending and transaction patterns support a rewards credit card; high transaction activity; strong digital affinity,Cross-Sell,"Introduce a complementary product and highlight rewards, benefits and spending value",Priority 2,0.8379441590997915,True
C000218,Premium High-Value,Premium Relationship Customer,Moderate Risk,Moderate Cross-Sell Opportunity,Priority 2,P008,Premium Banking,0.5881955580738689,Medium,customer profile supports premium banking services; strong segment fit,Cross-Sell,Introduce a complementary product and highlight premium services and exclusive benefits,Priority 2,0.5881955580738689,True
C000219,Core Active,Core Relationship Customer,Low Risk,Moderate Cross-Sell Opportunity,Priority 3,P008,Premium Banking,0.5230040213814539,Low,customer profile supports premium banking services; high transaction activity; positive response to previous recommendations,Cross-Sell,Introduce a complementary product and highlight premium services and exclusive benefits,Priority 3,0.5230040213814539,True
C000220,Core Active,Core Digital Customer,Moderate Risk,Moderate Cross-Sell Opportunity,Priority 2,P003,Rewards Credit Card,0.5133498132998325,Low,spending and transaction patterns support a rewards credit card; strong digital affinity,Cross-Sell,"Introduce a complementary product and highlight rewards, benefits and spending value",Priority 2,0.5133498132998325,True
C000221,Premium High-Value,Premium Digital Customer,Low Risk,Moderate Cross-Sell Opportunity,Priority 2,P008,Premium Banking,0.6353231519402078,Medium,customer profile supports premium banking services; strong digital affinity; strong segment fit,Cross-Sell,Introduce a complementary product and highlight premium services and exclusive benefits,Priority 2,0.6353231519402078,True
C000222,Core Active,Core Relationship Customer,Moderate Risk,Low Cross-Sell Opportunity,Priority 4,P007,Term Insurance,0.3196425586638397,Low,customer profile indicates potential protection needs,Engagement,Highlight financial protection and security,Priority 4,0.3196425586638397,True
C000223,Premium High-Value,Premium Digital Customer,Moderate Risk,Moderate Cross-Sell Opportunity,Priority 2,P008,Premium Banking,0.6622768193100959,Medium,customer profile supports premium banking services; high transaction activity; strong digital affinity,Cross-Sell,Introduce a complementary product and highlight premium services and exclusive benefits,Priority 2,0.6622768193100959,True
C000224,Core Active,Core Relationship Customer,High Risk,Moderate Cross-Sell Opportunity,Priority 3,P003,Rewards Credit Card,0.4195046492657031,Low,spending and transaction patterns support a rewards credit card; strong digital affinity,Retention,"Strengthen the customer relationship while highlight rewards, benefits and spending value",Priority 3,0.4195046492657031,True
C000225,Dormant / Declining,Dormant Reactivation Target,Critical Risk,Low Cross-Sell Opportunity,Priority 4,P007,Term Insurance,0.1421576832041913,Low,customer profile indicates potential protection needs,Retention,Strengthen the customer relationship while highlight financial protection and security,Priority 4,0.1421576832041913,True
C000226,Premium High-Value,Premium Digital Customer,Moderate Risk,Moderate Cross-Sell Opportunity,Priority 2,P004,Personal Loan,0.8026377669891976,High,financial capacity and transaction activity support borrowing needs; high transaction activity; high spending activity,Cross-Sell,Introduce a complementary product and highlight flexible financing and convenience,Priority 2,0.8026377669891976,True
C000227,Core Active,Core Relationship Customer,High Risk,Moderate Cross-Sell Opportunity,Priority 3,P007,Term Insurance,0.3075246526157732,Low,customer profile indicates potential protection needs,Retention,Strengthen the customer relationship while highlight financial protection and security,Priority 3,0.3075246526157732,True
C000228,Core Active,Core Cross-Sell Opportunity,Low Risk,High Cross-Sell Opportunity,Priority 3,P007,Term Insurance,0.4571775900263974,Low,customer profile indicates potential protection needs,Cross-Sell,Introduce a complementary product and highlight financial protection and security,Priority 3,0.4571775900263974,True
C000229,Core Active,Core Digital Customer,Low Risk,Moderate Cross-Sell Opportunity,Priority 3,P003,Rewards Credit Card,0.4484828116869525,Low,spending and transaction patterns support a rewards credit card; strong digital affinity,Cross-Sell,"Introduce a complementary product and highlight rewards, benefits and spending value",Priority 3,0.4484828116869525,True
C000230,Core Active,Core Relationship Customer,High Risk,Moderate Cross-Sell Opportunity,Priority 3,P003,Rewards Credit Card,0.3886330983118625,Low,spending and transaction patterns support a rewards credit card,Retention,"Strengthen the customer relationship while highlight rewards, benefits and spending value",Priority 3,0.3886330983118625,True
C000231,Premium High-Value,Premium Digital Customer,Low Risk,Moderate Cross-Sell Opportunity,Priority 2,P003,Rewards Credit Card,0.7547086102091184,High,spending and transaction patterns support a rewards credit card; high transaction activity; strong digital affinity,Cross-Sell,"Introduce a complementary product and highlight rewards, benefits and spending value",Priority 2,0.7547086102091184,True
C000232,At Risk,At-Risk Engagement Customer,High Risk,Low Cross-Sell Opportunity,Priority 4,P007,Term Insurance,0.2341930036087212,Low,customer profile indicates potential protection needs,Retention,Strengthen the customer relationship while highlight financial protection and security,Priority 4,0.2341930036087212,True
C000233,At Risk,At-Risk Declining Customer,Critical Risk,Moderate Cross-Sell Opportunity,Priority 4,P003,Rewards Credit Card,0.2790832232941488,Low,spending and transaction patterns support a rewards credit card,Retention,"Strengthen the customer relationship while highlight rewards, benefits and spending value",Priority 4,0.2790832232941488,True
C000234,At Risk,At-Risk Declining Customer,Critical Risk,Low Cross-Sell Opportunity,Priority 4,P007,Term Insurance,0.1556163341889554,Low,customer profile indicates potential protection needs,Retention,Strengthen the customer relationship while highlight financial protection and security,Priority 4,0.1556163341889554,True
C000235,Core Active,Core Relationship Customer,Moderate Risk,Moderate Cross-Sell Opportunity,Priority 3,P003,Rewards Credit Card,0.3486734494777956,Low,spending and transaction patterns support a rewards credit card,Cross-Sell,"Introduce a complementary product and highlight rewards, benefits and spending value",Priority 3,0.3486734494777956,True
C000236,Premium High-Value,Premium Digital Customer,Low Risk,Moderate Cross-Sell Opportunity,Priority 2,P003,Rewards Credit Card,0.7418011925160858,Medium,spending and transaction patterns support a rewards credit card; high transaction activity; strong digital affinity,Cross-Sell,"Introduce a complementary product and highlight rewards, benefits and spending value",Priority 2,0.7418011925160858,True
C000237,Core Active,Core Relationship Customer,Moderate Risk,Moderate Cross-Sell Opportunity,Priority 3,P003,Rewards Credit Card,0.4157128128021658,Low,spending and transaction patterns support a rewards credit card,Cross-Sell,"Introduce a complementary product and highlight rewards, benefits and spending value",Priority 3,0.4157128128021658,True
C000238,Core Active,Core Relationship Customer,Low Risk,Moderate Cross-Sell Opportunity,Priority 3,P004,Personal Loan,0.4414820529407829,Low,financial capacity and transaction activity support borrowing needs,Cross-Sell,Introduce a complementary product and highlight flexible financing and convenience,Priority 3,0.4414820529407829,True
C000239,Premium High-Value,Premium Digital Customer,Moderate Risk,Moderate Cross-Sell Opportunity,Priority 3,P004,Personal Loan,0.7689680273031381,High,financial capacity and transaction activity support borrowing needs; high transaction activity; strong digital affinity,Cross-Sell,Introduce a complementary product and highlight flexible financing and convenience,Priority 3,0.7689680273031381,True
C000240,Core Active,Core Relationship Customer,Moderate Risk,Moderate Cross-Sell Opportunity,Priority 3,P004,Personal Loan,0.4669983149387414,Low,financial capacity and transaction activity support borrowing needs; strong digital affinity,Cross-Sell,Introduce a complementary product and highlight flexible financing and convenience,Priority 3,0.4669983149387414,True
C000241,Core Active,Core Relationship Customer,High Risk,Moderate Cross-Sell Opportunity,Priority 3,P003,Rewards Credit Card,0.3860158652296096,Low,spending and transaction patterns support a rewards credit card; strong digital affinity,Retention,"Strengthen the customer relationship while highlight rewards, benefits and spending value",Priority 3,0.3860158652296096,True
C000242,Core Active,Core Relationship Customer,High Risk,Moderate Cross-Sell Opportunity,Priority 3,P003,Rewards Credit Card,0.4786033040772606,Low,spending and transaction patterns support a rewards credit card; strong digital affinity; positive response to previous recommendations,Retention,"Strengthen the customer relationship while highlight rewards, benefits and spending value",Priority 3,0.4786033040772606,True
C000243,Core Active,Core Relationship Customer,Moderate Risk,Moderate Cross-Sell Opportunity,Priority 3,P008,Premium Banking,0.2985070001275795,Low,customer profile supports premium banking services,Cross-Sell,Introduce a complementary product and highlight premium services and exclusive benefits,Priority 3,0.2985070001275795,True
C000244,Core Active,Core Relationship Customer,Low Risk,Moderate Cross-Sell Opportunity,Priority 3,P008,Premium Banking,0.4165701809976586,Low,customer profile supports premium banking services,Cross-Sell,Introduce a complementary product and highlight premium services and exclusive benefits,Priority 3,0.4165701809976586,True
C000245,Core Active,Core Relationship Customer,High Risk,Low Cross-Sell Opportunity,Priority 3,P004,Personal Loan,0.4190491486324812,Low,financial capacity and transaction activity support borrowing needs; strong digital affinity,Retention,Strengthen the customer relationship while highlight flexible financing and convenience,Priority 3,0.4190491486324812,True
C000246,Core Active,Core Relationship Customer,High Risk,Low Cross-Sell Opportunity,Priority 4,P003,Rewards Credit Card,0.3293844914315718,Low,spending and transaction patterns support a rewards credit card,Retention,"Strengthen the customer relationship while highlight rewards, benefits and spending value",Priority 4,0.3293844914315718,True
C000247,At Risk,At-Risk Declining Customer,Critical Risk,Low Cross-Sell Opportunity,Priority 4,P008,Premium Banking,0.2512570473631196,Low,customer profile supports premium banking services,Retention,Strengthen the customer relationship while highlight premium services and exclusive benefits,Priority 4,0.2512570473631196,True
C000248,Core Active,Core Relationship Customer,Moderate Risk,Moderate Cross-Sell Opportunity,Priority 3,P007,Term Insurance,0.4202808619282203,Low,customer profile indicates potential protection needs,Cross-Sell,Introduce a complementary product and highlight financial protection and security,Priority 3,0.4202808619282203,True
C000249,Premium High-Value,Premium Relationship Customer,Low Risk,Moderate Cross-Sell Opportunity,Priority 2,P008,Premium Banking,0.7579141159273955,High,customer profile supports premium banking services; high transaction activity; strong digital affinity,Cross-Sell,Introduce a complementary product and highlight premium services and exclusive benefits,Priority 2,0.7579141159273955,True
C000250,Premium High-Value,Premium Digital Customer,Low Risk,Moderate Cross-Sell Opportunity,Priority 3,P008,Premium Banking,0.597397573485878,Medium,customer profile supports premium banking services; strong digital affinity; strong segment fit,Cross-Sell,Introduce a complementary product and highlight premium services and exclusive benefits,Priority 3,0.597397573485878,True
C000251,Core Active,Core Relationship Customer,Moderate Risk,Moderate Cross-Sell Opportunity,Priority 3,P003,Rewards Credit Card,0.436546342500498,Low,spending and transaction patterns support a rewards credit card,Cross-Sell,"Introduce a complementary product and highlight rewards, benefits and spending value",Priority 3,0.436546342500498,True
C000252,Premium High-Value,Premium Relationship Customer,Moderate Risk,Moderate Cross-Sell Opportunity,Priority 3,P003,Rewards Credit Card,0.5691160771031054,Medium,spending and transaction patterns support a rewards credit card; strong digital affinity; strong segment fit,Cross-Sell,"Introduce a complementary product and highlight rewards, benefits and spending value",Priority 3,0.5691160771031054,True
C000253,Premium High-Value,Premium Digital Customer,Low Risk,Moderate Cross-Sell Opportunity,Priority 2,P004,Personal Loan,0.7253977401375158,Medium,financial capacity and transaction activity support borrowing needs; high transaction activity; strong digital affinity,Cross-Sell,Introduce a complementary product and highlight flexible financing and convenience,Priority 2,0.7253977401375158,True
C000254,Core Active,Core Relationship Customer,Moderate Risk,Low Cross-Sell Opportunity,Priority 4,P004,Personal Loan,0.345690795277928,Low,financial capacity and transaction activity support borrowing needs,Engagement,Highlight flexible financing and convenience,Priority 4,0.345690795277928,True
C000255,Core Active,Core Relationship Customer,High Risk,Moderate Cross-Sell Opportunity,Priority 3,P006,Mutual Fund Plan,0.4566987610705935,Low,financial capacity indicates potential for investment products; positive response to previous recommendations,Retention,Strengthen the customer relationship while highlight wealth creation and investment potential,Priority 3,0.4566987610705935,True
C000256,Core Active,Core Relationship Customer,Moderate Risk,Low Cross-Sell Opportunity,Priority 3,P008,Premium Banking,0.3614368934012785,Low,customer profile supports premium banking services,Engagement,Highlight premium services and exclusive benefits,Priority 3,0.3614368934012785,True
C000257,Core Active,Core Relationship Customer,Moderate Risk,Low Cross-Sell Opportunity,Priority 4,P004,Personal Loan,0.3018446849676461,Low,financial capacity and transaction activity support borrowing needs,Engagement,Highlight flexible financing and convenience,Priority 4,0.3018446849676461,True
C000258,Dormant / Declining,Dormant Reactivation Target,Critical Risk,Low Cross-Sell Opportunity,Priority 4,P007,Term Insurance,0.1870273507786408,Low,customer profile indicates potential protection needs,Retention,Strengthen the customer relationship while highlight financial protection and security,Priority 4,0.1870273507786408,True
C000259,Premium High-Value,Premium Relationship Customer,Low Risk,Moderate Cross-Sell Opportunity,Priority 2,P004,Personal Loan,0.5394347463577823,Low,financial capacity and transaction activity support borrowing needs; high transaction activity; strong segment fit,Cross-Sell,Introduce a complementary product and highlight flexible financing and convenience,Priority 2,0.5394347463577823,True
C000260,Premium High-Value,Premium Digital Customer,Low Risk,Moderate Cross-Sell Opportunity,Priority 2,P004,Personal Loan,0.7136552570829091,Medium,financial capacity and transaction activity support borrowing needs; high transaction activity; strong digital affinity,Cross-Sell,Introduce a complementary product and highlight flexible financing and convenience,Priority 2,0.7136552570829091,True
C000261,Core Active,Core Digital Customer,High Risk,Moderate Cross-Sell Opportunity,Priority 3,P003,Rewards Credit Card,0.3976963105537538,Low,spending and transaction patterns support a rewards credit card; strong digital affinity,Retention,"Strengthen the customer relationship while highlight rewards, benefits and spending value",Priority 3,0.3976963105537538,True
C000262,Core Active,Core Digital Customer,High Risk,Moderate Cross-Sell Opportunity,Priority 3,P003,Rewards Credit Card,0.4695470765764866,Low,spending and transaction patterns support a rewards credit card; strong digital affinity,Retention,"Strengthen the customer relationship while highlight rewards, benefits and spending value",Priority 3,0.4695470765764866,True
C000263,Core Active,Core Relationship Customer,Moderate Risk,Moderate Cross-Sell Opportunity,Priority 2,P007,Term Insurance,0.39955029772011,Low,customer profile indicates potential protection needs,Cross-Sell,Introduce a complementary product and highlight financial protection and security,Priority 2,0.39955029772011,True
C000264,Premium High-Value,Premium Digital Customer,Low Risk,Moderate Cross-Sell Opportunity,Priority 2,P003,Rewards Credit Card,0.7697563326907482,High,spending and transaction patterns support a rewards credit card; high transaction activity; strong digital affinity,Cross-Sell,"Introduce a complementary product and highlight rewards, benefits and spending value",Priority 2,0.7697563326907482,True
C000265,Premium High-Value,Premium Relationship Customer,Low Risk,Moderate Cross-Sell Opportunity,Priority 2,P005,Home Loan,0.745859605507609,Medium,financial capacity supports a potential home financing need; high transaction activity; strong digital affinity,Cross-Sell,Introduce a complementary product and highlight long-term home financing value,Priority 2,0.745859605507609,True
C000266,Core Active,Core Relationship Customer,Low Risk,Moderate Cross-Sell Opportunity,Priority 3,P003,Rewards Credit Card,0.3637718208077868,Low,spending and transaction patterns support a rewards credit card,Cross-Sell,"Introduce a complementary product and highlight rewards, benefits and spending value",Priority 3,0.3637718208077868,True
C000267,Core Active,Core Digital Customer,High Risk,Moderate Cross-Sell Opportunity,Priority 3,P008,Premium Banking,0.3976837589229183,Low,customer profile supports premium banking services; strong digital affinity,Retention,Strengthen the customer relationship while highlight premium services and exclusive benefits,Priority 3,0.3976837589229183,True
C000268,Core Active,Core Relationship Customer,High Risk,Moderate Cross-Sell Opportunity,Priority 3,P003,Rewards Credit Card,0.4501041207053017,Low,spending and transaction patterns support a rewards credit card,Retention,"Strengthen the customer relationship while highlight rewards, benefits and spending value",Priority 3,0.4501041207053017,True
C000269,Core Active,Core Relationship Customer,Moderate Risk,Moderate Cross-Sell Opportunity,Priority 3,P008,Premium Banking,0.3974693978484898,Low,customer profile supports premium banking services,Cross-Sell,Introduce a complementary product and highlight premium services and exclusive benefits,Priority 3,0.3974693978484898,True
C000270,Core Active,Core Relationship Customer,Low Risk,Moderate Cross-Sell Opportunity,Priority 3,P003,Rewards Credit Card,0.470058751988,Low,spending and transaction patterns support a rewards credit card; strong digital affinity,Cross-Sell,"Introduce a complementary product and highlight rewards, benefits and spending value",Priority 3,0.470058751988,True
C000271,Core Active,Core Relationship Customer,Moderate Risk,Low Cross-Sell Opportunity,Priority 3,P003,Rewards Credit Card,0.442883762598649,Low,spending and transaction patterns support a rewards credit card,Engagement,"Highlight rewards, benefits and spending value",Priority 3,0.442883762598649,True
C000272,Premium High-Value,Premium Digital Customer,Moderate Risk,Moderate Cross-Sell Opportunity,Priority 2,P004,Personal Loan,0.7522336698602203,High,financial capacity and transaction activity support borrowing needs; high transaction activity; strong digital affinity,Cross-Sell,Introduce a complementary product and highlight flexible financing and convenience,Priority 2,0.7522336698602203,True
C000273,Core Active,Core Relationship Customer,Critical Risk,Low Cross-Sell Opportunity,Priority 4,P003,Rewards Credit Card,0.2896173056282283,Low,spending and transaction patterns support a rewards credit card,Retention,"Strengthen the customer relationship while highlight rewards, benefits and spending value",Priority 4,0.2896173056282283,True
C000274,Premium High-Value,Premium Digital Customer,Moderate Risk,Moderate Cross-Sell Opportunity,Priority 2,P008,Premium Banking,0.7074869351779484,Medium,customer profile supports premium banking services; strong digital affinity; strong segment fit,Cross-Sell,Introduce a complementary product and highlight premium services and exclusive benefits,Priority 2,0.7074869351779484,True
C000275,Core Active,Core Relationship Customer,Critical Risk,Low Cross-Sell Opportunity,Priority 4,P003,Rewards Credit Card,0.4121995471582335,Low,spending and transaction patterns support a rewards credit card,Retention,"Strengthen the customer relationship while highlight rewards, benefits and spending value",Priority 4,0.4121995471582335,True
C000276,Core Active,Core Relationship Customer,Moderate Risk,Moderate Cross-Sell Opportunity,Priority 3,P008,Premium Banking,0.3810049737643074,Low,customer profile supports premium banking services,Cross-Sell,Introduce a complementary product and highlight premium services and exclusive benefits,Priority 3,0.3810049737643074,True
C000277,Premium High-Value,Premium Digital Customer,Low Risk,Moderate Cross-Sell Opportunity,Priority 2,P008,Premium Banking,0.6377088010983133,Medium,customer profile supports premium banking services; strong digital affinity; strong segment fit,Cross-Sell,Introduce a complementary product and highlight premium services and exclusive benefits,Priority 2,0.6377088010983133,True
C000278,Core Active,Core Relationship Customer,Moderate Risk,Moderate Cross-Sell Opportunity,Priority 3,P003,Rewards Credit Card,0.4646699104836558,Low,spending and transaction patterns support a rewards credit card; strong digital affinity,Cross-Sell,"Introduce a complementary product and highlight rewards, benefits and spending value",Priority 3,0.4646699104836558,True
C000279,Premium High-Value,Premium Relationship Customer,Low Risk,Moderate Cross-Sell Opportunity,Priority 3,P003,Rewards Credit Card,0.6555939567259647,Medium,spending and transaction patterns support a rewards credit card; high transaction activity; strong segment fit,Cross-Sell,"Introduce a complementary product and highlight rewards, benefits and spending value",Priority 3,0.6555939567259647,True
C000280,Core Active,Core Relationship Customer,Moderate Risk,Moderate Cross-Sell Opportunity,Priority 4,P003,Rewards Credit Card,0.3900483102740432,Low,spending and transaction patterns support a rewards credit card; strong digital affinity,Cross-Sell,"Introduce a complementary product and highlight rewards, benefits and spending value",Priority 4,0.3900483102740432,True
C000281,Core Active,Core Relationship Customer,Low Risk,Moderate Cross-Sell Opportunity,Priority 3,P008,Premium Banking,0.4473880746650464,Low,customer profile supports premium banking services; positive response to previous recommendations,Cross-Sell,Introduce a complementary product and highlight premium services and exclusive benefits,Priority 3,0.4473880746650464,True
C000282,Premium High-Value,Premium Digital Customer,Moderate Risk,Moderate Cross-Sell Opportunity,Priority 2,P008,Premium Banking,0.7577973313206848,High,customer profile supports premium banking services; strong digital affinity; strong segment fit,Cross-Sell,Introduce a complementary product and highlight premium services and exclusive benefits,Priority 2,0.7577973313206848,True
C000283,Premium High-Value,Premium Digital Customer,Low Risk,High Cross-Sell Opportunity,Priority 2,P008,Premium Banking,0.8256570573942225,High,customer profile supports premium banking services; strong account balance; strong digital affinity,Cross-Sell,Introduce a complementary product and highlight premium services and exclusive benefits,Priority 2,0.8256570573942225,True
C000284,Core Active,Core Relationship Customer,High Risk,Low Cross-Sell Opportunity,Priority 4,P008,Premium Banking,0.2597231008066562,Low,customer profile supports premium banking services,Retention,Strengthen the customer relationship while highlight premium services and exclusive benefits,Priority 4,0.2597231008066562,True
C000285,Premium High-Value,Premium Digital Customer,Low Risk,Moderate Cross-Sell Opportunity,Priority 3,P008,Premium Banking,0.6990369093962276,Medium,customer profile supports premium banking services; high transaction activity; strong digital affinity,Cross-Sell,Introduce a complementary product and highlight premium services and exclusive benefits,Priority 3,0.6990369093962276,True
C000286,Premium High-Value,Premium Digital Customer,Low Risk,Moderate Cross-Sell Opportunity,Priority 2,P008,Premium Banking,0.6948514047184746,Medium,customer profile supports premium banking services; high transaction activity; strong digital affinity,Cross-Sell,Introduce a complementary product and highlight premium services and exclusive benefits,Priority 2,0.6948514047184746,True
C000287,Premium High-Value,Premium Relationship Customer,High Risk,Moderate Cross-Sell Opportunity,Priority 3,P004,Personal Loan,0.5866580374205086,Medium,financial capacity and transaction activity support borrowing needs; high transaction activity; strong segment fit,Retention,Strengthen the customer relationship while highlight flexible financing and convenience,Priority 3,0.5866580374205086,True
C000288,Core Active,Core Relationship Customer,Critical Risk,Low Cross-Sell Opportunity,Priority 3,P007,Term Insurance,0.3629933970762685,Low,customer profile indicates potential protection needs; strong digital affinity,Retention,Strengthen the customer relationship while highlight financial protection and security,Priority 3,0.3629933970762685,True
C000289,At Risk,At-Risk Declining Customer,Critical Risk,Low Cross-Sell Opportunity,Priority 3,P007,Term Insurance,0.2527658021896412,Low,customer profile indicates potential protection needs,Retention,Strengthen the customer relationship while highlight financial protection and security,Priority 3,0.2527658021896412,True
C000290,Core Active,Core Relationship Customer,High Risk,Moderate Cross-Sell Opportunity,Priority 3,P003,Rewards Credit Card,0.343659713871306,Low,spending and transaction patterns support a rewards credit card,Retention,"Strengthen the customer relationship while highlight rewards, benefits and spending value",Priority 3,0.343659713871306,True
C000291,Core Active,Core Relationship Customer,Low Risk,Moderate Cross-Sell Opportunity,Priority 3,P007,Term Insurance,0.3729234389938725,Low,customer profile indicates potential protection needs,Cross-Sell,Introduce a complementary product and highlight financial protection and security,Priority 3,0.3729234389938725,True
C000292,Premium High-Value,Premium Relationship Customer,Moderate Risk,Moderate Cross-Sell Opportunity,Priority 3,P003,Rewards Credit Card,0.5815023247475196,Medium,spending and transaction patterns support a rewards credit card; strong segment fit,Cross-Sell,"Introduce a complementary product and highlight rewards, benefits and spending value",Priority 3,0.5815023247475196,True
C000293,Premium High-Value,Premium Relationship Customer,Moderate Risk,Moderate Cross-Sell Opportunity,Priority 2,P004,Personal Loan,0.6656008401341488,Medium,financial capacity and transaction activity support borrowing needs; high transaction activity; strong segment fit,Cross-Sell,Introduce a complementary product and highlight flexible financing and convenience,Priority 2,0.6656008401341488,True
C000294,Premium High-Value,Premium Relationship Customer,Low Risk,Moderate Cross-Sell Opportunity,Priority 2,P003,Rewards Credit Card,0.6403916162928156,Medium,spending and transaction patterns support a rewards credit card; strong segment fit; positive response to previous recommendations,Cross-Sell,"Introduce a complementary product and highlight rewards, benefits and spending value",Priority 2,0.6403916162928156,True
C000295,Core Active,Core Relationship Customer,Low Risk,Moderate Cross-Sell Opportunity,Priority 3,P007,Term Insurance,0.3871309869217228,Low,customer profile indicates potential protection needs,Cross-Sell,Introduce a complementary product and highlight financial protection and security,Priority 3,0.3871309869217228,True
C000296,Premium High-Value,Premium Digital Customer,Low Risk,Moderate Cross-Sell Opportunity,Priority 2,P003,Rewards Credit Card,0.8664568264217462,High,spending and transaction patterns support a rewards credit card; strong income profile; high transaction activity,Cross-Sell,"Introduce a complementary product and highlight rewards, benefits and spending value",Priority 2,0.8664568264217462,True
C000297,Premium High-Value,Premium Digital Customer,Low Risk,Moderate Cross-Sell Opportunity,Priority 2,P008,Premium Banking,0.6865122233334713,Medium,customer profile supports premium banking services; high transaction activity; strong digital affinity,Cross-Sell,Introduce a complementary product and highlight premium services and exclusive benefits,Priority 2,0.6865122233334713,True
C000298,Dormant / Declining,Dormant Reactivation Target,Critical Risk,Low Cross-Sell Opportunity,Priority 3,P007,Term Insurance,0.2224686026940347,Low,customer profile indicates potential protection needs,Retention,Strengthen the customer relationship while highlight financial protection and security,Priority 3,0.2224686026940347,True
C000299,Core Active,Core Relationship Customer,Low Risk,Moderate Cross-Sell Opportunity,Priority 3,P004,Personal Loan,0.43147568899165,Low,financial capacity and transaction activity support borrowing needs,Cross-Sell,Introduce a complementary product and highlight flexible financing and convenience,Priority 3,0.43147568899165,True
C000300,Core Active,Core Relationship Customer,Low Risk,Moderate Cross-Sell Opportunity,Priority 3,P003,Rewards Credit Card,0.4117094076755058,Low,spending and transaction patterns support a rewards credit card,Cross-Sell,"Introduce a complementary product and highlight rewards, benefits and spending value",Priority 3,0.4117094076755058,True
C000301,Core Active,Core Relationship Customer,Moderate Risk,Moderate Cross-Sell Opportunity,Priority 2,P003,Rewards Credit Card,0.4016993629667089,Low,spending and transaction patterns support a rewards credit card,Cross-Sell,"Introduce a complementary product and highlight rewards, benefits and spending value",Priority 2,0.4016993629667089,True
C000302,Core Active,Core Relationship Customer,Low Risk,Moderate Cross-Sell Opportunity,Priority 3,P008,Premium Banking,0.3740812429971863,Low,customer profile supports premium banking services,Cross-Sell,Introduce a complementary product and highlight premium services and exclusive benefits,Priority 3,0.3740812429971863,True
C000303,Core Active,Core Digital Customer,Moderate Risk,Moderate Cross-Sell Opportunity,Priority 3,P008,Premium Banking,0.4532277247052512,Low,customer profile supports premium banking services; positive response to previous recommendations,Cross-Sell,Introduce a complementary product and highlight premium services and exclusive benefits,Priority 3,0.4532277247052512,True
C000304,Core Active,Core Relationship Customer,Moderate Risk,Moderate Cross-Sell Opportunity,Priority 3,P004,Personal Loan,0.4356088871640138,Low,financial capacity and transaction activity support borrowing needs,Cross-Sell,Introduce a complementary product and highlight flexible financing and convenience,Priority 3,0.4356088871640138,True
C000305,At Risk,At-Risk Engagement Customer,Critical Risk,Low Cross-Sell Opportunity,Priority 4,P007,Term Insurance,0.233366303609193,Low,customer profile indicates potential protection needs,Retention,Strengthen the customer relationship while highlight financial protection and security,Priority 4,0.233366303609193,True
C000306,Core Active,Core Relationship Customer,High Risk,Low Cross-Sell Opportunity,Priority 3,P003,Rewards Credit Card,0.4388072072136762,Low,spending and transaction patterns support a rewards credit card; positive response to previous recommendations,Retention,"Strengthen the customer relationship while highlight rewards, benefits and spending value",Priority 3,0.4388072072136762,True
C000307,Premium High-Value,Premium Relationship Customer,Low Risk,Moderate Cross-Sell Opportunity,Priority 2,P003,Rewards Credit Card,0.6548955002146819,Medium,spending and transaction patterns support a rewards credit card; high transaction activity; strong segment fit,Cross-Sell,"Introduce a complementary product and highlight rewards, benefits and spending value",Priority 2,0.6548955002146819,True
C000308,At Risk,At-Risk Declining Customer,Critical Risk,Low Cross-Sell Opportunity,Priority 4,P007,Term Insurance,0.2197865328394299,Low,customer profile indicates potential protection needs,Retention,Strengthen the customer relationship while highlight financial protection and security,Priority 4,0.2197865328394299,True
C000309,Dormant / Declining,Dormant Reactivation Target,Critical Risk,Moderate Cross-Sell Opportunity,Priority 3,P007,Term Insurance,0.2394467817329182,Low,customer profile indicates potential protection needs,Retention,Strengthen the customer relationship while highlight financial protection and security,Priority 3,0.2394467817329182,True
C000310,Dormant / Declining,Dormant Reactivation Target,Critical Risk,Low Cross-Sell Opportunity,Priority 4,P007,Term Insurance,0.1389677170589641,Low,customer profile indicates potential protection needs,Retention,Strengthen the customer relationship while highlight financial protection and security,Priority 4,0.1389677170589641,True
C000311,Core Active,Core Relationship Customer,Moderate Risk,Moderate Cross-Sell Opportunity,Priority 3,P003,Rewards Credit Card,0.4226500372428509,Low,spending and transaction patterns support a rewards credit card,Cross-Sell,"Introduce a complementary product and highlight rewards, benefits and spending value",Priority 3,0.4226500372428509,True
C000312,Premium High-Value,Premium Digital Customer,Low Risk,Moderate Cross-Sell Opportunity,Priority 2,P003,Rewards Credit Card,0.7911909896897531,High,spending and transaction patterns support a rewards credit card; high transaction activity; strong digital affinity,Cross-Sell,"Introduce a complementary product and highlight rewards, benefits and spending value",Priority 2,0.7911909896897531,True
C000313,Premium High-Value,Premium Relationship Customer,Low Risk,Moderate Cross-Sell Opportunity,Priority 3,P004,Personal Loan,0.6063943028594077,Medium,financial capacity and transaction activity support borrowing needs; strong digital affinity; strong segment fit,Cross-Sell,Introduce a complementary product and highlight flexible financing and convenience,Priority 3,0.6063943028594077,True
C000314,Core Active,Core Relationship Customer,High Risk,Moderate Cross-Sell Opportunity,Priority 3,P008,Premium Banking,0.4380265469339218,Low,customer profile supports premium banking services; strong digital affinity,Retention,Strengthen the customer relationship while highlight premium services and exclusive benefits,Priority 3,0.4380265469339218,True
C000315,Core Active,Core Relationship Customer,Low Risk,Moderate Cross-Sell Opportunity,Priority 3,P003,Rewards Credit Card,0.3861587895456597,Low,spending and transaction patterns support a rewards credit card,Cross-Sell,"Introduce a complementary product and highlight rewards, benefits and spending value",Priority 3,0.3861587895456597,True
C000316,Core Active,Core Relationship Customer,Moderate Risk,Moderate Cross-Sell Opportunity,Priority 3,P008,Premium Banking,0.3589627702512218,Low,customer profile supports premium banking services,Cross-Sell,Introduce a complementary product and highlight premium services and exclusive benefits,Priority 3,0.3589627702512218,True
C000317,Core Active,Core Relationship Customer,Moderate Risk,Moderate Cross-Sell Opportunity,Priority 3,P004,Personal Loan,0.4204509897657995,Low,financial capacity and transaction activity support borrowing needs,Cross-Sell,Introduce a complementary product and highlight flexible financing and convenience,Priority 3,0.4204509897657995,True
C000318,Core Active,Core Relationship Customer,Moderate Risk,Moderate Cross-Sell Opportunity,Priority 3,P003,Rewards Credit Card,0.4785115936831441,Low,spending and transaction patterns support a rewards credit card; positive response to previous recommendations,Cross-Sell,"Introduce a complementary product and highlight rewards, benefits and spending value",Priority 3,0.4785115936831441,True
C000319,Core Active,Core Relationship Customer,Low Risk,Moderate Cross-Sell Opportunity,Priority 3,P003,Rewards Credit Card,0.3918686267498568,Low,spending and transaction patterns support a rewards credit card,Cross-Sell,"Introduce a complementary product and highlight rewards, benefits and spending value",Priority 3,0.3918686267498568,True
C000320,Core Active,Core Relationship Customer,Moderate Risk,Low Cross-Sell Opportunity,Priority 3,P006,Mutual Fund Plan,0.3607634644567689,Low,financial capacity indicates potential for investment products; positive response to previous recommendations,Engagement,Highlight wealth creation and investment potential,Priority 3,0.3607634644567689,True
C000321,At Risk,At-Risk Engagement Customer,Critical Risk,Low Cross-Sell Opportunity,Priority 3,P007,Term Insurance,0.2282432276799951,Low,customer profile indicates potential protection needs,Retention,Strengthen the customer relationship while highlight financial protection and security,Priority 3,0.2282432276799951,True
C000322,Core Active,Core Relationship Customer,Moderate Risk,Moderate Cross-Sell Opportunity,Priority 2,P008,Premium Banking,0.4212587212657134,Low,customer profile supports premium banking services,Cross-Sell,Introduce a complementary product and highlight premium services and exclusive benefits,Priority 2,0.4212587212657134,True
C000323,Core Active,Core Relationship Customer,High Risk,Low Cross-Sell Opportunity,Priority 4,P008,Premium Banking,0.2974401886973841,Low,customer profile supports premium banking services,Retention,Strengthen the customer relationship while highlight premium services and exclusive benefits,Priority 4,0.2974401886973841,True
C000324,Premium High-Value,Premium Relationship Customer,High Risk,Moderate Cross-Sell Opportunity,Priority 3,P004,Personal Loan,0.6200454157557918,Medium,financial capacity and transaction activity support borrowing needs; strong segment fit,Retention,Strengthen the customer relationship while highlight flexible financing and convenience,Priority 3,0.6200454157557918,True
C000325,Premium High-Value,Premium Digital Customer,Moderate Risk,Moderate Cross-Sell Opportunity,Priority 2,P003,Rewards Credit Card,0.6394439919957248,Medium,spending and transaction patterns support a rewards credit card; high transaction activity; strong digital affinity,Cross-Sell,"Introduce a complementary product and highlight rewards, benefits and spending value",Priority 2,0.6394439919957248,True
C000326,Premium High-Value,Premium Relationship Customer,Moderate Risk,Moderate Cross-Sell Opportunity,Priority 2,P008,Premium Banking,0.5770202748479517,Medium,customer profile supports premium banking services; strong segment fit,Cross-Sell,Introduce a complementary product and highlight premium services and exclusive benefits,Priority 2,0.5770202748479517,True
C000327,Core Active,Core Relationship Customer,Low Risk,Moderate Cross-Sell Opportunity,Priority 3,P008,Premium Banking,0.4210645552183597,Low,customer profile supports premium banking services,Cross-Sell,Introduce a complementary product and highlight premium services and exclusive benefits,Priority 3,0.4210645552183597,True
C000328,Core Active,Core Relationship Customer,Moderate Risk,Moderate Cross-Sell Opportunity,Priority 3,P008,Premium Banking,0.4027206747102803,Low,customer profile supports premium banking services,Cross-Sell,Introduce a complementary product and highlight premium services and exclusive benefits,Priority 3,0.4027206747102803,True
C000329,Core Active,Core Relationship Customer,Low Risk,Moderate Cross-Sell Opportunity,Priority 3,P003,Rewards Credit Card,0.4286068102932798,Low,spending and transaction patterns support a rewards credit card,Cross-Sell,"Introduce a complementary product and highlight rewards, benefits and spending value",Priority 3,0.4286068102932798,True
C000330,Core Active,Core Digital Customer,Moderate Risk,Moderate Cross-Sell Opportunity,Priority 2,P003,Rewards Credit Card,0.4868916586450388,Low,spending and transaction patterns support a rewards credit card; strong digital affinity,Cross-Sell,"Introduce a complementary product and highlight rewards, benefits and spending value",Priority 2,0.4868916586450388,True
C000331,Core Active,Core Relationship Customer,Moderate Risk,Moderate Cross-Sell Opportunity,Priority 3,P003,Rewards Credit Card,0.4077187858050647,Low,spending and transaction patterns support a rewards credit card,Cross-Sell,"Introduce a complementary product and highlight rewards, benefits and spending value",Priority 3,0.4077187858050647,True
C000332,At Risk,At-Risk Engagement Customer,Critical Risk,Low Cross-Sell Opportunity,Priority 4,P007,Term Insurance,0.2521185930675028,Low,customer profile indicates potential protection needs,Retention,Strengthen the customer relationship while highlight financial protection and security,Priority 4,0.2521185930675028,True
C000333,Premium High-Value,Premium Digital Customer,Low Risk,Moderate Cross-Sell Opportunity,Priority 3,P008,Premium Banking,0.5754652181605152,Medium,customer profile supports premium banking services; strong digital affinity; strong segment fit,Cross-Sell,Introduce a complementary product and highlight premium services and exclusive benefits,Priority 3,0.5754652181605152,True
C000334,Core Active,Core Relationship Customer,High Risk,Moderate Cross-Sell Opportunity,Priority 3,P003,Rewards Credit Card,0.4356474565836813,Low,spending and transaction patterns support a rewards credit card; positive response to previous recommendations,Retention,"Strengthen the customer relationship while highlight rewards, benefits and spending value",Priority 3,0.4356474565836813,True
C000335,Core Active,Core Relationship Customer,Critical Risk,Low Cross-Sell Opportunity,Priority 4,P008,Premium Banking,0.3107322720548993,Low,customer profile supports premium banking services,Retention,Strengthen the customer relationship while highlight premium services and exclusive benefits,Priority 4,0.3107322720548993,True
C000336,Core Active,Core Digital Customer,Moderate Risk,Moderate Cross-Sell Opportunity,Priority 3,P003,Rewards Credit Card,0.4461033455527489,Low,spending and transaction patterns support a rewards credit card; strong digital affinity,Cross-Sell,"Introduce a complementary product and highlight rewards, benefits and spending value",Priority 3,0.4461033455527489,True
C000337,Core Active,Core Relationship Customer,Low Risk,Moderate Cross-Sell Opportunity,Priority 2,P004,Personal Loan,0.392902203951097,Low,financial capacity and transaction activity support borrowing needs,Cross-Sell,Introduce a complementary product and highlight flexible financing and convenience,Priority 2,0.392902203951097,True
C000338,Premium High-Value,Premium Digital Customer,Low Risk,Moderate Cross-Sell Opportunity,Priority 2,P008,Premium Banking,0.6369404789811708,Medium,customer profile supports premium banking services; strong digital affinity; strong segment fit,Cross-Sell,Introduce a complementary product and highlight premium services and exclusive benefits,Priority 2,0.6369404789811708,True
C000339,Core Active,Core Relationship Customer,Low Risk,Moderate Cross-Sell Opportunity,Priority 2,P003,Rewards Credit Card,0.5387331847022951,Low,spending and transaction patterns support a rewards credit card; strong digital affinity,Cross-Sell,"Introduce a complementary product and highlight rewards, benefits and spending value",Priority 2,0.5387331847022951,True
C000340,Core Active,Core Relationship Customer,High Risk,Moderate Cross-Sell Opportunity,Priority 3,P008,Premium Banking,0.3098611714234006,Low,customer profile supports premium banking services,Retention,Strengthen the customer relationship while highlight premium services and exclusive benefits,Priority 3,0.3098611714234006,True
C000341,Core Active,Core Relationship Customer,Moderate Risk,Moderate Cross-Sell Opportunity,Priority 3,P008,Premium Banking,0.3992435000912424,Low,customer profile supports premium banking services,Cross-Sell,Introduce a complementary product and highlight premium services and exclusive benefits,Priority 3,0.3992435000912424,True
C000342,Premium High-Value,Premium Relationship Customer,High Risk,Moderate Cross-Sell Opportunity,Priority 2,P008,Premium Banking,0.7502674282772072,High,customer profile supports premium banking services; strong income profile; high spending activity,Retention,Strengthen the customer relationship while highlight premium services and exclusive benefits,Priority 2,0.7502674282772072,True
C000343,Core Active,Core Relationship Customer,Moderate Risk,Moderate Cross-Sell Opportunity,Priority 3,P008,Premium Banking,0.3852938101167823,Low,customer profile supports premium banking services,Cross-Sell,Introduce a complementary product and highlight premium services and exclusive benefits,Priority 3,0.3852938101167823,True
C000344,Core Active,Core Relationship Customer,High Risk,Low Cross-Sell Opportunity,Priority 3,P003,Rewards Credit Card,0.392005701203284,Low,spending and transaction patterns support a rewards credit card; strong digital affinity,Retention,"Strengthen the customer relationship while highlight rewards, benefits and spending value",Priority 3,0.392005701203284,True
C000345,Premium High-Value,Premium Relationship Customer,High Risk,Low Cross-Sell Opportunity,Priority 3,P007,Term Insurance,0.4708693316905122,Low,customer profile indicates potential protection needs; strong segment fit,Retention,Strengthen the customer relationship while highlight financial protection and security,Priority 3,0.4708693316905122,True
C000346,Core Active,Core Digital Customer,High Risk,Low Cross-Sell Opportunity,Priority 3,P008,Premium Banking,0.3778034596947525,Low,customer profile supports premium banking services; strong digital affinity,Retention,Strengthen the customer relationship while highlight premium services and exclusive benefits,Priority 3,0.3778034596947525,True
C000347,Premium High-Value,Premium Relationship Customer,Low Risk,Moderate Cross-Sell Opportunity,Priority 3,P004,Personal Loan,0.6897614376816392,Medium,financial capacity and transaction activity support borrowing needs; high transaction activity; strong segment fit,Cross-Sell,Introduce a complementary product and highlight flexible financing and convenience,Priority 3,0.6897614376816392,True
C000348,Core Active,Core Relationship Customer,Moderate Risk,Moderate Cross-Sell Opportunity,Priority 3,P003,Rewards Credit Card,0.4719151738572261,Low,spending and transaction patterns support a rewards credit card; strong digital affinity,Cross-Sell,"Introduce a complementary product and highlight rewards, benefits and spending value",Priority 3,0.4719151738572261,True
C000349,Core Active,Core Relationship Customer,Critical Risk,Low Cross-Sell Opportunity,Priority 4,P008,Premium Banking,0.2644762738865677,Low,customer profile supports premium banking services,Retention,Strengthen the customer relationship while highlight premium services and exclusive benefits,Priority 4,0.2644762738865677,True
C000350,Core Active,Core Relationship Customer,High Risk,Moderate Cross-Sell Opportunity,Priority 4,P008,Premium Banking,0.2929495774261226,Low,customer profile supports premium banking services,Retention,Strengthen the customer relationship while highlight premium services and exclusive benefits,Priority 4,0.2929495774261226,True
C000351,Core Active,Core Relationship Customer,Moderate Risk,Moderate Cross-Sell Opportunity,Priority 3,P003,Rewards Credit Card,0.47816214878207,Low,spending and transaction patterns support a rewards credit card,Cross-Sell,"Introduce a complementary product and highlight rewards, benefits and spending value",Priority 3,0.47816214878207,True
C000352,Core Active,Core Relationship Customer,High Risk,Low Cross-Sell Opportunity,Priority 3,P007,Term Insurance,0.3357018450742405,Low,customer profile indicates potential protection needs,Retention,Strengthen the customer relationship while highlight financial protection and security,Priority 3,0.3357018450742405,True
C000353,Premium High-Value,Premium Digital Customer,Moderate Risk,Moderate Cross-Sell Opportunity,Priority 2,P008,Premium Banking,0.837436359888293,High,customer profile supports premium banking services; high transaction activity; strong digital affinity,Cross-Sell,Introduce a complementary product and highlight premium services and exclusive benefits,Priority 2,0.837436359888293,True
C000354,At Risk,At-Risk Engagement Customer,Critical Risk,Low Cross-Sell Opportunity,Priority 4,P007,Term Insurance,0.2002987221466771,Low,customer profile indicates potential protection needs,Retention,Strengthen the customer relationship while highlight financial protection and security,Priority 4,0.2002987221466771,True
C000355,At Risk,At-Risk Declining Customer,Critical Risk,Moderate Cross-Sell Opportunity,Priority 3,P008,Premium Banking,0.3733865100171095,Low,customer profile supports premium banking services; strong digital affinity; positive response to previous recommendations,Retention,Strengthen the customer relationship while highlight premium services and exclusive benefits,Priority 3,0.3733865100171095,True
C000356,Premium High-Value,Premium Digital Customer,Low Risk,Moderate Cross-Sell Opportunity,Priority 2,P005,Home Loan,1.0,High,financial capacity supports a potential home financing need; strong income profile; strong account balance,Cross-Sell,Introduce a complementary product and highlight long-term home financing value,Priority 2,1.0,True
C000357,Premium High-Value,Premium Relationship Customer,Moderate Risk,Moderate Cross-Sell Opportunity,Priority 3,P004,Personal Loan,0.5183578716708247,Low,financial capacity and transaction activity support borrowing needs; strong segment fit,Cross-Sell,Introduce a complementary product and highlight flexible financing and convenience,Priority 3,0.5183578716708247,True
C000358,Core Active,Core Relationship Customer,Critical Risk,Moderate Cross-Sell Opportunity,Priority 3,P008,Premium Banking,0.3834178421644457,Low,customer profile supports premium banking services; strong digital affinity,Retention,Strengthen the customer relationship while highlight premium services and exclusive benefits,Priority 3,0.3834178421644457,True
C000359,Core Active,Core Digital Customer,High Risk,Moderate Cross-Sell Opportunity,Priority 4,P008,Premium Banking,0.3498719794674497,Low,customer profile supports premium banking services; strong digital affinity,Retention,Strengthen the customer relationship while highlight premium services and exclusive benefits,Priority 4,0.3498719794674497,True
C000360,Core Active,Core Digital Customer,Moderate Risk,Moderate Cross-Sell Opportunity,Priority 3,P003,Rewards Credit Card,0.4329278585261996,Low,spending and transaction patterns support a rewards credit card; strong digital affinity,Cross-Sell,"Introduce a complementary product and highlight rewards, benefits and spending value",Priority 3,0.4329278585261996,True
C000361,Core Active,Core Relationship Customer,High Risk,Moderate Cross-Sell Opportunity,Priority 4,P003,Rewards Credit Card,0.3779499192355832,Low,spending and transaction patterns support a rewards credit card; strong digital affinity,Retention,"Strengthen the customer relationship while highlight rewards, benefits and spending value",Priority 4,0.3779499192355832,True
C000362,Premium High-Value,Premium Relationship Customer,Moderate Risk,Moderate Cross-Sell Opportunity,Priority 2,P007,Term Insurance,0.7797333350551411,High,customer profile indicates potential protection needs; strong income profile; high transaction activity,Cross-Sell,Introduce a complementary product and highlight financial protection and security,Priority 2,0.7797333350551411,True
C000363,Core Active,Core Relationship Customer,Low Risk,Moderate Cross-Sell Opportunity,Priority 3,P003,Rewards Credit Card,0.4821185185939072,Low,spending and transaction patterns support a rewards credit card,Cross-Sell,"Introduce a complementary product and highlight rewards, benefits and spending value",Priority 3,0.4821185185939072,True
C000364,Core Active,Core Relationship Customer,Moderate Risk,Moderate Cross-Sell Opportunity,Priority 3,P008,Premium Banking,0.4185042395402027,Low,customer profile supports premium banking services,Cross-Sell,Introduce a complementary product and highlight premium services and exclusive benefits,Priority 3,0.4185042395402027,True
C000365,Core Active,Core Relationship Customer,Critical Risk,Moderate Cross-Sell Opportunity,Priority 3,P008,Premium Banking,0.3940565967449878,Low,customer profile supports premium banking services,Retention,Strengthen the customer relationship while highlight premium services and exclusive benefits,Priority 3,0.3940565967449878,True
C000366,Core Active,Core Relationship Customer,High Risk,Low Cross-Sell Opportunity,Priority 3,P008,Premium Banking,0.399812742722876,Low,customer profile supports premium banking services; positive response to previous recommendations,Retention,Strengthen the customer relationship while highlight premium services and exclusive benefits,Priority 3,0.399812742722876,True
C000367,Core Active,Core Digital Customer,Moderate Risk,Moderate Cross-Sell Opportunity,Priority 2,P003,Rewards Credit Card,0.4598446063167881,Low,spending and transaction patterns support a rewards credit card; strong digital affinity,Cross-Sell,"Introduce a complementary product and highlight rewards, benefits and spending value",Priority 2,0.4598446063167881,True
C000368,Core Active,Core Relationship Customer,Low Risk,Moderate Cross-Sell Opportunity,Priority 3,P007,Term Insurance,0.4253942321751094,Low,customer profile indicates potential protection needs,Cross-Sell,Introduce a complementary product and highlight financial protection and security,Priority 3,0.4253942321751094,True
C000369,Core Active,Core Relationship Customer,Critical Risk,Moderate Cross-Sell Opportunity,Priority 3,P003,Rewards Credit Card,0.3974252604951575,Low,spending and transaction patterns support a rewards credit card; strong digital affinity,Retention,"Strengthen the customer relationship while highlight rewards, benefits and spending value",Priority 3,0.3974252604951575,True
C000370,Premium High-Value,Premium Relationship Customer,Moderate Risk,Moderate Cross-Sell Opportunity,Priority 2,P008,Premium Banking,0.8005130379560678,High,customer profile supports premium banking services; strong account balance; strong segment fit,Cross-Sell,Introduce a complementary product and highlight premium services and exclusive benefits,Priority 2,0.8005130379560678,True
C000371,Premium High-Value,Premium Cross-Sell Opportunity,Low Risk,High Cross-Sell Opportunity,Priority 2,P004,Personal Loan,0.6700322166548659,Medium,financial capacity and transaction activity support borrowing needs; strong segment fit,Cross-Sell,Introduce a complementary product and highlight flexible financing and convenience,Priority 2,0.6700322166548659,True
C000372,Dormant / Declining,Dormant Reactivation Target,Critical Risk,Low Cross-Sell Opportunity,Priority 3,P006,Mutual Fund Plan,0.2353326535044994,Low,financial capacity indicates potential for investment products,Retention,Strengthen the customer relationship while highlight wealth creation and investment potential,Priority 3,0.2353326535044994,True
C000373,Core Active,Core Relationship Customer,High Risk,Moderate Cross-Sell Opportunity,Priority 3,P007,Term Insurance,0.3676923614860972,Low,customer profile indicates potential protection needs,Retention,Strengthen the customer relationship while highlight financial protection and security,Priority 3,0.3676923614860972,True
C000374,Premium High-Value,Premium Digital Customer,Low Risk,Moderate Cross-Sell Opportunity,Priority 2,P008,Premium Banking,0.6729280042685168,Medium,customer profile supports premium banking services; strong digital affinity; strong segment fit,Cross-Sell,Introduce a complementary product and highlight premium services and exclusive benefits,Priority 2,0.6729280042685168,True
C000375,Core Active,Core Cross-Sell Opportunity,Low Risk,High Cross-Sell Opportunity,Priority 2,P007,Term Insurance,0.5353354222443905,Low,customer profile indicates potential protection needs; high transaction activity,Cross-Sell,Introduce a complementary product and highlight financial protection and security,Priority 2,0.5353354222443905,True
C000376,Core Active,Core Digital Customer,High Risk,Moderate Cross-Sell Opportunity,Priority 4,P003,Rewards Credit Card,0.372965937235766,Low,spending and transaction patterns support a rewards credit card; strong digital affinity,Retention,"Strengthen the customer relationship while highlight rewards, benefits and spending value",Priority 4,0.372965937235766,True
C000377,Core Active,Core Digital Customer,Moderate Risk,Moderate Cross-Sell Opportunity,Priority 3,P008,Premium Banking,0.3721252809897404,Low,customer profile supports premium banking services; strong digital affinity,Cross-Sell,Introduce a complementary product and highlight premium services and exclusive benefits,Priority 3,0.3721252809897404,True
C000378,Core Active,Core Relationship Customer,Moderate Risk,Moderate Cross-Sell Opportunity,Priority 4,P003,Rewards Credit Card,0.3098208243525714,Low,spending and transaction patterns support a rewards credit card,Cross-Sell,"Introduce a complementary product and highlight rewards, benefits and spending value",Priority 4,0.3098208243525714,True
C000379,Core Active,Core Relationship Customer,High Risk,Low Cross-Sell Opportunity,Priority 3,P006,Mutual Fund Plan,0.3269033483756366,Low,financial capacity indicates potential for investment products,Retention,Strengthen the customer relationship while highlight wealth creation and investment potential,Priority 3,0.3269033483756366,True
C000380,Core Active,Core Relationship Customer,Moderate Risk,Low Cross-Sell Opportunity,Priority 3,P004,Personal Loan,0.3797628946313399,Low,financial capacity and transaction activity support borrowing needs,Engagement,Highlight flexible financing and convenience,Priority 3,0.3797628946313399,True
C000381,Premium High-Value,Premium Digital Customer,Low Risk,Moderate Cross-Sell Opportunity,Priority 2,P005,Home Loan,0.7641256769323062,High,financial capacity supports a potential home financing need; high transaction activity; strong digital affinity,Cross-Sell,Introduce a complementary product and highlight long-term home financing value,Priority 2,0.7641256769323062,True
C000382,Core Active,Core Relationship Customer,High Risk,Low Cross-Sell Opportunity,Priority 4,P007,Term Insurance,0.3635152873505105,Low,customer profile indicates potential protection needs,Retention,Strengthen the customer relationship while highlight financial protection and security,Priority 4,0.3635152873505105,True
C000383,Premium High-Value,Premium Digital Customer,Moderate Risk,Moderate Cross-Sell Opportunity,Priority 2,P008,Premium Banking,0.6830625542283044,Medium,customer profile supports premium banking services; strong digital affinity; strong segment fit,Cross-Sell,Introduce a complementary product and highlight premium services and exclusive benefits,Priority 2,0.6830625542283044,True
C000384,At Risk,At-Risk Declining Customer,Critical Risk,Low Cross-Sell Opportunity,Priority 4,P007,Term Insurance,0.1847725728605503,Low,customer profile indicates potential protection needs,Retention,Strengthen the customer relationship while highlight financial protection and security,Priority 4,0.1847725728605503,True
C000385,Core Active,Core Digital Customer,Low Risk,Moderate Cross-Sell Opportunity,Priority 3,P003,Rewards Credit Card,0.4881271556831414,Low,spending and transaction patterns support a rewards credit card; strong digital affinity,Cross-Sell,"Introduce a complementary product and highlight rewards, benefits and spending value",Priority 3,0.4881271556831414,True
C000386,Premium High-Value,Premium Relationship Customer,Low Risk,Moderate Cross-Sell Opportunity,Priority 2,P004,Personal Loan,0.6668998665738856,Medium,financial capacity and transaction activity support borrowing needs; strong segment fit,Cross-Sell,Introduce a complementary product and highlight flexible financing and convenience,Priority 2,0.6668998665738856,True
C000387,Core Active,Core Relationship Customer,Critical Risk,Moderate Cross-Sell Opportunity,Priority 4,P008,Premium Banking,0.2577978355801518,Low,customer profile supports premium banking services,Retention,Strengthen the customer relationship while highlight premium services and exclusive benefits,Priority 4,0.2577978355801518,True
C000388,Premium High-Value,Premium Relationship Customer,Moderate Risk,Moderate Cross-Sell Opportunity,Priority 2,P008,Premium Banking,0.6036957064615557,Medium,customer profile supports premium banking services; strong segment fit; positive response to previous recommendations,Cross-Sell,Introduce a complementary product and highlight premium services and exclusive benefits,Priority 2,0.6036957064615557,True
C000389,At Risk,At-Risk Engagement Customer,Critical Risk,Low Cross-Sell Opportunity,Priority 3,P003,Rewards Credit Card,0.2662944154741458,Low,spending and transaction patterns support a rewards credit card,Retention,"Strengthen the customer relationship while highlight rewards, benefits and spending value",Priority 3,0.2662944154741458,True
C000390,Premium High-Value,Premium Digital Customer,High Risk,Moderate Cross-Sell Opportunity,Priority 2,P008,Premium Banking,0.6083251892167334,Medium,customer profile supports premium banking services; strong digital affinity; strong segment fit,Retention,Strengthen the customer relationship while highlight premium services and exclusive benefits,Priority 2,0.6083251892167334,True
C000391,Premium High-Value,Premium Relationship Customer,Low Risk,Moderate Cross-Sell Opportunity,Priority 2,P003,Rewards Credit Card,0.682985681056504,Medium,spending and transaction patterns support a rewards credit card; strong digital affinity; strong segment fit,Cross-Sell,"Introduce a complementary product and highlight rewards, benefits and spending value",Priority 2,0.682985681056504,True
C000392,Core Active,Core Relationship Customer,Low Risk,Moderate Cross-Sell Opportunity,Priority 3,P003,Rewards Credit Card,0.410916157419556,Low,spending and transaction patterns support a rewards credit card,Cross-Sell,"Introduce a complementary product and highlight rewards, benefits and spending value",Priority 3,0.410916157419556,True
C000393,Premium High-Value,Premium Digital Customer,Low Risk,Moderate Cross-Sell Opportunity,Priority 2,P003,Rewards Credit Card,0.7215784672701984,Medium,spending and transaction patterns support a rewards credit card; strong digital affinity; strong segment fit,Cross-Sell,"Introduce a complementary product and highlight rewards, benefits and spending value",Priority 2,0.7215784672701984,True
C000394,Premium High-Value,Premium Relationship Customer,Moderate Risk,Moderate Cross-Sell Opportunity,Priority 3,P004,Personal Loan,0.5651630605104337,Medium,financial capacity and transaction activity support borrowing needs; high transaction activity; strong segment fit,Cross-Sell,Introduce a complementary product and highlight flexible financing and convenience,Priority 3,0.5651630605104337,True
C000395,Core Active,Core Digital Customer,Moderate Risk,Moderate Cross-Sell Opportunity,Priority 3,P003,Rewards Credit Card,0.4201933032134347,Low,spending and transaction patterns support a rewards credit card; strong digital affinity,Cross-Sell,"Introduce a complementary product and highlight rewards, benefits and spending value",Priority 3,0.4201933032134347,True
C000396,At Risk,At-Risk Engagement Customer,Critical Risk,Low Cross-Sell Opportunity,Priority 4,P007,Term Insurance,0.2335263881523875,Low,customer profile indicates potential protection needs,Retention,Strengthen the customer relationship while highlight financial protection and security,Priority 4,0.2335263881523875,True
C000397,Premium High-Value,Premium Digital Customer,Moderate Risk,Moderate Cross-Sell Opportunity,Priority 3,P008,Premium Banking,0.8181311037119845,High,customer profile supports premium banking services; strong account balance; high transaction activity,Cross-Sell,Introduce a complementary product and highlight premium services and exclusive benefits,Priority 3,0.8181311037119845,True
C000398,Premium High-Value,Premium Relationship Customer,High Risk,Moderate Cross-Sell Opportunity,Priority 3,P008,Premium Banking,0.5631090893254483,Medium,customer profile supports premium banking services; strong segment fit,Retention,Strengthen the customer relationship while highlight premium services and exclusive benefits,Priority 3,0.5631090893254483,True
C000399,Premium High-Value,Premium Relationship Customer,Low Risk,Moderate Cross-Sell Opportunity,Priority 2,P008,Premium Banking,0.6081382191420917,Medium,customer profile supports premium banking services; strong digital affinity; strong segment fit,Cross-Sell,Introduce a complementary product and highlight premium services and exclusive benefits,Priority 2,0.6081382191420917,True
C000400,Premium High-Value,Premium Digital Customer,Moderate Risk,Moderate Cross-Sell Opportunity,Priority 2,P003,Rewards Credit Card,0.7811313271291978,High,spending and transaction patterns support a rewards credit card; high transaction activity; strong digital affinity,Cross-Sell,"Introduce a complementary product and highlight rewards, benefits and spending value",Priority 2,0.7811313271291978,True
C000401,Core Active,Core Relationship Customer,High Risk,Moderate Cross-Sell Opportunity,Priority 3,P004,Personal Loan,0.4004084482792369,Low,financial capacity and transaction activity support borrowing needs,Retention,Strengthen the customer relationship while highlight flexible financing and convenience,Priority 3,0.4004084482792369,True
C000402,Core Active,Core Digital Customer,Moderate Risk,Moderate Cross-Sell Opportunity,Priority 3,P003,Rewards Credit Card,0.4803681183126322,Low,spending and transaction patterns support a rewards credit card; strong digital affinity,Cross-Sell,"Introduce a complementary product and highlight rewards, benefits and spending value",Priority 3,0.4803681183126322,True
C000403,Premium High-Value,Premium Relationship Customer,Low Risk,Moderate Cross-Sell Opportunity,Priority 3,P004,Personal Loan,0.588980701281853,Medium,financial capacity and transaction activity support borrowing needs; strong segment fit; positive response to previous recommendations,Cross-Sell,Introduce a complementary product and highlight flexible financing and convenience,Priority 3,0.588980701281853,True
C000404,Core Active,Core Relationship Customer,Moderate Risk,Moderate Cross-Sell Opportunity,Priority 3,P003,Rewards Credit Card,0.4405228253229008,Low,spending and transaction patterns support a rewards credit card,Cross-Sell,"Introduce a complementary product and highlight rewards, benefits and spending value",Priority 3,0.4405228253229008,True
C000405,Core Active,Core Relationship Customer,Low Risk,Moderate Cross-Sell Opportunity,Priority 3,P008,Premium Banking,0.447820222505368,Low,customer profile supports premium banking services,Cross-Sell,Introduce a complementary product and highlight premium services and exclusive benefits,Priority 3,0.447820222505368,True
C000406,Core Active,Core Relationship Customer,Moderate Risk,Low Cross-Sell Opportunity,Priority 2,P008,Premium Banking,0.3672046926005508,Low,customer profile supports premium banking services; positive response to previous recommendations,Engagement,Highlight premium services and exclusive benefits,Priority 2,0.3672046926005508,True
C000407,Core Active,Core Relationship Customer,High Risk,Moderate Cross-Sell Opportunity,Priority 2,P003,Rewards Credit Card,0.501303624481445,Low,spending and transaction patterns support a rewards credit card; positive response to previous recommendations,Retention,"Strengthen the customer relationship while highlight rewards, benefits and spending value",Priority 2,0.501303624481445,True
C000408,Core Active,Core Relationship Customer,Low Risk,Moderate Cross-Sell Opportunity,Priority 3,P007,Term Insurance,0.3997166523021704,Low,customer profile indicates potential protection needs,Cross-Sell,Introduce a complementary product and highlight financial protection and security,Priority 3,0.3997166523021704,True
C000409,Core Active,Core Relationship Customer,High Risk,Moderate Cross-Sell Opportunity,Priority 3,P003,Rewards Credit Card,0.4131873494439315,Low,spending and transaction patterns support a rewards credit card; strong digital affinity,Retention,"Strengthen the customer relationship while highlight rewards, benefits and spending value",Priority 3,0.4131873494439315,True
C000410,Core Active,Core Relationship Customer,Low Risk,Moderate Cross-Sell Opportunity,Priority 3,P008,Premium Banking,0.394304283360847,Low,customer profile supports premium banking services,Cross-Sell,Introduce a complementary product and highlight premium services and exclusive benefits,Priority 3,0.394304283360847,True
C000411,Dormant / Declining,Dormant Reactivation Target,Critical Risk,Low Cross-Sell Opportunity,Priority 4,P008,Premium Banking,0.1340572659415048,Low,customer profile supports premium banking services,Retention,Strengthen the customer relationship while highlight premium services and exclusive benefits,Priority 4,0.1340572659415048,True
C000412,Premium High-Value,Premium Digital Customer,Moderate Risk,Moderate Cross-Sell Opportunity,Priority 3,P008,Premium Banking,0.5869453515431533,Medium,customer profile supports premium banking services; strong digital affinity; strong segment fit,Cross-Sell,Introduce a complementary product and highlight premium services and exclusive benefits,Priority 3,0.5869453515431533,True
C000413,Core Active,Core Relationship Customer,High Risk,Moderate Cross-Sell Opportunity,Priority 3,P008,Premium Banking,0.4428367600088213,Low,customer profile supports premium banking services,Retention,Strengthen the customer relationship while highlight premium services and exclusive benefits,Priority 3,0.4428367600088213,True
C000414,Premium High-Value,Premium Relationship Customer,Moderate Risk,Moderate Cross-Sell Opportunity,Priority 2,P008,Premium Banking,0.6546955782728098,Medium,customer profile supports premium banking services; strong segment fit; positive response to previous recommendations,Cross-Sell,Introduce a complementary product and highlight premium services and exclusive benefits,Priority 2,0.6546955782728098,True
C000415,Premium High-Value,Premium Relationship Customer,Low Risk,Moderate Cross-Sell Opportunity,Priority 2,P008,Premium Banking,0.579595609821273,Medium,customer profile supports premium banking services; strong segment fit,Cross-Sell,Introduce a complementary product and highlight premium services and exclusive benefits,Priority 2,0.579595609821273,True
C000416,Premium High-Value,Premium Relationship Customer,Low Risk,Moderate Cross-Sell Opportunity,Priority 2,P004,Personal Loan,0.8898570469527246,High,financial capacity and transaction activity support borrowing needs; strong income profile; high transaction activity,Cross-Sell,Introduce a complementary product and highlight flexible financing and convenience,Priority 2,0.8898570469527246,True
C000417,Premium High-Value,Premium Digital Customer,Low Risk,Moderate Cross-Sell Opportunity,Priority 3,P004,Personal Loan,0.6331274282135069,Medium,financial capacity and transaction activity support borrowing needs; high transaction activity; strong digital affinity,Cross-Sell,Introduce a complementary product and highlight flexible financing and convenience,Priority 3,0.6331274282135069,True
C000418,At Risk,At-Risk Declining Customer,Critical Risk,Low Cross-Sell Opportunity,Priority 4,P007,Term Insurance,0.1725984452637176,Low,customer profile indicates potential protection needs,Retention,Strengthen the customer relationship while highlight financial protection and security,Priority 4,0.1725984452637176,True
C000419,Dormant / Declining,Dormant Reactivation Target,Critical Risk,Low Cross-Sell Opportunity,Priority 4,P007,Term Insurance,0.1790998509372063,Low,customer profile indicates potential protection needs,Retention,Strengthen the customer relationship while highlight financial protection and security,Priority 4,0.1790998509372063,True
C000420,Dormant / Declining,Dormant Reactivation Target,Critical Risk,Low Cross-Sell Opportunity,Priority 4,P007,Term Insurance,0.1548285692326085,Low,customer profile indicates potential protection needs,Retention,Strengthen the customer relationship while highlight financial protection and security,Priority 4,0.1548285692326085,True
C000421,Core Active,Core Relationship Customer,Low Risk,Moderate Cross-Sell Opportunity,Priority 3,P008,Premium Banking,0.4396460515568651,Low,customer profile supports premium banking services,Cross-Sell,Introduce a complementary product and highlight premium services and exclusive benefits,Priority 3,0.4396460515568651,True
C000422,Premium High-Value,Premium Digital Customer,Moderate Risk,Moderate Cross-Sell Opportunity,Priority 2,P004,Personal Loan,0.7195723981062263,Medium,financial capacity and transaction activity support borrowing needs; strong digital affinity; strong segment fit,Cross-Sell,Introduce a complementary product and highlight flexible financing and convenience,Priority 2,0.7195723981062263,True
C000423,Premium High-Value,Premium Relationship Customer,Moderate Risk,Moderate Cross-Sell Opportunity,Priority 2,P008,Premium Banking,0.6319231674901461,Medium,customer profile supports premium banking services; strong digital affinity; strong segment fit,Cross-Sell,Introduce a complementary product and highlight premium services and exclusive benefits,Priority 2,0.6319231674901461,True
C000424,At Risk,At-Risk Declining Customer,Critical Risk,Low Cross-Sell Opportunity,Priority 4,P007,Term Insurance,0.2894208365591177,Low,customer profile indicates potential protection needs,Retention,Strengthen the customer relationship while highlight financial protection and security,Priority 4,0.2894208365591177,True
C000425,Core Active,Core Relationship Customer,Critical Risk,Low Cross-Sell Opportunity,Priority 3,P007,Term Insurance,0.354264379297839,Low,customer profile indicates potential protection needs,Retention,Strengthen the customer relationship while highlight financial protection and security,Priority 3,0.354264379297839,True
C000426,Core Active,Core Digital Customer,Moderate Risk,Moderate Cross-Sell Opportunity,Priority 2,P003,Rewards Credit Card,0.4777161820895542,Low,spending and transaction patterns support a rewards credit card; strong digital affinity; positive response to previous recommendations,Cross-Sell,"Introduce a complementary product and highlight rewards, benefits and spending value",Priority 2,0.4777161820895542,True
C000427,Premium High-Value,Premium Relationship Customer,Moderate Risk,Moderate Cross-Sell Opportunity,Priority 2,P003,Rewards Credit Card,0.7347444765773394,Medium,spending and transaction patterns support a rewards credit card; strong digital affinity; strong segment fit,Cross-Sell,"Introduce a complementary product and highlight rewards, benefits and spending value",Priority 2,0.7347444765773394,True
C000428,Core Active,Core Relationship Customer,Moderate Risk,Moderate Cross-Sell Opportunity,Priority 3,P003,Rewards Credit Card,0.4067308172203094,Low,spending and transaction patterns support a rewards credit card; positive response to previous recommendations,Cross-Sell,"Introduce a complementary product and highlight rewards, benefits and spending value",Priority 3,0.4067308172203094,True
C000429,Core Active,Core Relationship Customer,Moderate Risk,Low Cross-Sell Opportunity,Priority 3,P008,Premium Banking,0.3833451272194982,Low,customer profile supports premium banking services,Engagement,Highlight premium services and exclusive benefits,Priority 3,0.3833451272194982,True
C000430,At Risk,At-Risk Engagement Customer,High Risk,Low Cross-Sell Opportunity,Priority 3,P003,Rewards Credit Card,0.3581975008678165,Low,spending and transaction patterns support a rewards credit card,Retention,"Strengthen the customer relationship while highlight rewards, benefits and spending value",Priority 3,0.3581975008678165,True
C000431,Core Active,Core Relationship Customer,Moderate Risk,Moderate Cross-Sell Opportunity,Priority 3,P008,Premium Banking,0.4207686483510648,Low,customer profile supports premium banking services; positive response to previous recommendations,Cross-Sell,Introduce a complementary product and highlight premium services and exclusive benefits,Priority 3,0.4207686483510648,True
C000432,Core Active,Core Relationship Customer,Moderate Risk,Moderate Cross-Sell Opportunity,Priority 3,P007,Term Insurance,0.3665599284684012,Low,customer profile indicates potential protection needs,Cross-Sell,Introduce a complementary product and highlight financial protection and security,Priority 3,0.3665599284684012,True
C000433,Core Active,Core Relationship Customer,Low Risk,Moderate Cross-Sell Opportunity,Priority 2,P007,Term Insurance,0.4444210868504294,Low,customer profile indicates potential protection needs,Cross-Sell,Introduce a complementary product and highlight financial protection and security,Priority 2,0.4444210868504294,True
C000434,Core Active,Core Digital Customer,Low Risk,Moderate Cross-Sell Opportunity,Priority 2,P003,Rewards Credit Card,0.5222587692297982,Low,spending and transaction patterns support a rewards credit card; strong digital affinity; positive response to previous recommendations,Cross-Sell,"Introduce a complementary product and highlight rewards, benefits and spending value",Priority 2,0.5222587692297982,True
C000435,Core Active,Core Relationship Customer,Moderate Risk,Low Cross-Sell Opportunity,Priority 3,P003,Rewards Credit Card,0.3777498600270287,Low,spending and transaction patterns support a rewards credit card,Engagement,"Highlight rewards, benefits and spending value",Priority 3,0.3777498600270287,True
C000436,At Risk,At-Risk Engagement Customer,Critical Risk,Low Cross-Sell Opportunity,Priority 4,P008,Premium Banking,0.2550599883460741,Low,customer profile supports premium banking services,Retention,Strengthen the customer relationship while highlight premium services and exclusive benefits,Priority 4,0.2550599883460741,True
C000437,Core Active,Core Relationship Customer,Low Risk,Moderate Cross-Sell Opportunity,Priority 3,P003,Rewards Credit Card,0.4560840061793277,Low,spending and transaction patterns support a rewards credit card,Cross-Sell,"Introduce a complementary product and highlight rewards, benefits and spending value",Priority 3,0.4560840061793277,True
C000438,Dormant / Declining,Dormant Reactivation Target,Critical Risk,Low Cross-Sell Opportunity,Priority 4,P008,Premium Banking,0.2073100449230312,Low,customer profile supports premium banking services,Retention,Strengthen the customer relationship while highlight premium services and exclusive benefits,Priority 4,0.2073100449230312,True
C000439,Core Active,Core Relationship Customer,Moderate Risk,Moderate Cross-Sell Opportunity,Priority 3,P003,Rewards Credit Card,0.4030611763971858,Low,spending and transaction patterns support a rewards credit card,Cross-Sell,"Introduce a complementary product and highlight rewards, benefits and spending value",Priority 3,0.4030611763971858,True
C000440,Core Active,Core Relationship Customer,Moderate Risk,Low Cross-Sell Opportunity,Priority 3,P007,Term Insurance,0.3977088918918664,Low,customer profile indicates potential protection needs; strong digital affinity,Engagement,Highlight financial protection and security,Priority 3,0.3977088918918664,True
C000441,At Risk,At-Risk Engagement Customer,Moderate Risk,Moderate Cross-Sell Opportunity,Priority 3,P003,Rewards Credit Card,0.4658509284907982,Low,spending and transaction patterns support a rewards credit card; strong digital affinity,Cross-Sell,"Introduce a complementary product and highlight rewards, benefits and spending value",Priority 3,0.4658509284907982,True
C000442,Core Active,Core Relationship Customer,Moderate Risk,Moderate Cross-Sell Opportunity,Priority 3,P003,Rewards Credit Card,0.3965130343615884,Low,spending and transaction patterns support a rewards credit card,Cross-Sell,"Introduce a complementary product and highlight rewards, benefits and spending value",Priority 3,0.3965130343615884,True
C000443,Core Active,Core Relationship Customer,Moderate Risk,Low Cross-Sell Opportunity,Priority 4,P004,Personal Loan,0.393421153283105,Low,financial capacity and transaction activity support borrowing needs,Engagement,Highlight flexible financing and convenience,Priority 4,0.393421153283105,True
C000444,Premium High-Value,Premium Relationship Customer,Moderate Risk,Moderate Cross-Sell Opportunity,Priority 2,P008,Premium Banking,0.6528047481211275,Medium,customer profile supports premium banking services; strong digital affinity; strong segment fit,Cross-Sell,Introduce a complementary product and highlight premium services and exclusive benefits,Priority 2,0.6528047481211275,True
C000445,Core Active,Core Relationship Customer,Moderate Risk,Low Cross-Sell Opportunity,Priority 3,P008,Premium Banking,0.4279827938268937,Low,customer profile supports premium banking services,Engagement,Highlight premium services and exclusive benefits,Priority 3,0.4279827938268937,True
C000446,Premium High-Value,Premium Relationship Customer,Moderate Risk,Moderate Cross-Sell Opportunity,Priority 2,P003,Rewards Credit Card,0.6657454419186226,Medium,spending and transaction patterns support a rewards credit card; strong segment fit; positive response to previous recommendations,Cross-Sell,"Introduce a complementary product and highlight rewards, benefits and spending value",Priority 2,0.6657454419186226,True
C000447,Core Active,Core Digital Customer,Low Risk,Moderate Cross-Sell Opportunity,Priority 2,P003,Rewards Credit Card,0.5439619495168841,Low,spending and transaction patterns support a rewards credit card; strong digital affinity,Cross-Sell,"Introduce a complementary product and highlight rewards, benefits and spending value",Priority 2,0.5439619495168841,True
C000448,At Risk,At-Risk Engagement Customer,Critical Risk,Moderate Cross-Sell Opportunity,Priority 4,P003,Rewards Credit Card,0.2674228804895968,Low,spending and transaction patterns support a rewards credit card,Retention,"Strengthen the customer relationship while highlight rewards, benefits and spending value",Priority 4,0.2674228804895968,True
C000449,Core Active,Core Relationship Customer,Moderate Risk,Moderate Cross-Sell Opportunity,Priority 3,P004,Personal Loan,0.4240967815567312,Low,financial capacity and transaction activity support borrowing needs; high transaction activity,Cross-Sell,Introduce a complementary product and highlight flexible financing and convenience,Priority 3,0.4240967815567312,True
C000450,Core Active,Core Relationship Customer,Low Risk,Moderate Cross-Sell Opportunity,Priority 3,P007,Term Insurance,0.3739008499736479,Low,customer profile indicates potential protection needs,Cross-Sell,Introduce a complementary product and highlight financial protection and security,Priority 3,0.3739008499736479,True
C000451,Core Active,Core Relationship Customer,High Risk,Moderate Cross-Sell Opportunity,Priority 3,P004,Personal Loan,0.4072613974239675,Low,financial capacity and transaction activity support borrowing needs,Retention,Strengthen the customer relationship while highlight flexible financing and convenience,Priority 3,0.4072613974239675,True
C000452,Premium High-Value,Premium Relationship Customer,High Risk,Moderate Cross-Sell Opportunity,Priority 2,P003,Rewards Credit Card,0.5847942271519383,Medium,spending and transaction patterns support a rewards credit card; strong segment fit,Retention,"Strengthen the customer relationship while highlight rewards, benefits and spending value",Priority 2,0.5847942271519383,True
C000453,Core Active,Core Relationship Customer,Moderate Risk,Moderate Cross-Sell Opportunity,Priority 3,P003,Rewards Credit Card,0.4649419270289157,Low,spending and transaction patterns support a rewards credit card,Cross-Sell,"Introduce a complementary product and highlight rewards, benefits and spending value",Priority 3,0.4649419270289157,True
C000454,Core Active,Core Relationship Customer,Critical Risk,Moderate Cross-Sell Opportunity,Priority 4,P008,Premium Banking,0.3304999768988536,Low,customer profile supports premium banking services; strong digital affinity,Retention,Strengthen the customer relationship while highlight premium services and exclusive benefits,Priority 4,0.3304999768988536,True
C000455,Core Active,Core Relationship Customer,Critical Risk,Low Cross-Sell Opportunity,Priority 3,P006,Mutual Fund Plan,0.2737646161441904,Low,financial capacity indicates potential for investment products,Retention,Strengthen the customer relationship while highlight wealth creation and investment potential,Priority 3,0.2737646161441904,True
C000456,Core Active,Core Relationship Customer,Moderate Risk,Moderate Cross-Sell Opportunity,Priority 3,P003,Rewards Credit Card,0.4604902650388586,Low,spending and transaction patterns support a rewards credit card,Cross-Sell,"Introduce a complementary product and highlight rewards, benefits and spending value",Priority 3,0.4604902650388586,True
C000457,Premium High-Value,Premium Relationship Customer,Low Risk,Moderate Cross-Sell Opportunity,Priority 2,P005,Home Loan,0.8493564423644921,High,financial capacity supports a potential home financing need; strong income profile; strong segment fit,Cross-Sell,Introduce a complementary product and highlight long-term home financing value,Priority 2,0.8493564423644921,True
C000458,Core Active,Core Relationship Customer,High Risk,Moderate Cross-Sell Opportunity,Priority 3,P008,Premium Banking,0.3465000588269887,Low,customer profile supports premium banking services,Retention,Strengthen the customer relationship while highlight premium services and exclusive benefits,Priority 3,0.3465000588269887,True
C000459,Premium High-Value,Premium Digital Customer,Moderate Risk,Moderate Cross-Sell Opportunity,Priority 2,P003,Rewards Credit Card,0.6709474161174651,Medium,spending and transaction patterns support a rewards credit card; high transaction activity; strong digital affinity,Cross-Sell,"Introduce a complementary product and highlight rewards, benefits and spending value",Priority 2,0.6709474161174651,True
C000460,Premium High-Value,Premium Digital Customer,Low Risk,Moderate Cross-Sell Opportunity,Priority 3,P008,Premium Banking,0.6313887189080847,Medium,customer profile supports premium banking services; strong digital affinity; strong segment fit,Cross-Sell,Introduce a complementary product and highlight premium services and exclusive benefits,Priority 3,0.6313887189080847,True
C000461,Dormant / Declining,Dormant Reactivation Target,Critical Risk,Low Cross-Sell Opportunity,Priority 3,P008,Premium Banking,0.2156411147942455,Low,customer profile supports premium banking services; positive response to previous recommendations,Retention,Strengthen the customer relationship while highlight premium services and exclusive benefits,Priority 3,0.2156411147942455,True
C000462,Core Active,Core Relationship Customer,Low Risk,Moderate Cross-Sell Opportunity,Priority 3,P006,Mutual Fund Plan,0.4345545581106858,Low,financial capacity indicates potential for investment products,Cross-Sell,Introduce a complementary product and highlight wealth creation and investment potential,Priority 3,0.4345545581106858,True
C000463,Core Active,Core Digital Customer,Moderate Risk,Moderate Cross-Sell Opportunity,Priority 3,P003,Rewards Credit Card,0.5655711583303189,Medium,spending and transaction patterns support a rewards credit card; strong digital affinity; positive response to previous recommendations,Cross-Sell,"Introduce a complementary product and highlight rewards, benefits and spending value",Priority 3,0.5655711583303189,True
C000464,Core Active,Core Relationship Customer,Moderate Risk,Moderate Cross-Sell Opportunity,Priority 3,P003,Rewards Credit Card,0.4208081099976528,Low,spending and transaction patterns support a rewards credit card,Cross-Sell,"Introduce a complementary product and highlight rewards, benefits and spending value",Priority 3,0.4208081099976528,True
C000465,Core Active,Core Relationship Customer,Low Risk,Moderate Cross-Sell Opportunity,Priority 3,P004,Personal Loan,0.4254738603289627,Low,financial capacity and transaction activity support borrowing needs,Cross-Sell,Introduce a complementary product and highlight flexible financing and convenience,Priority 3,0.4254738603289627,True
C000466,Premium High-Value,Premium Relationship Customer,Moderate Risk,Moderate Cross-Sell Opportunity,Priority 2,P004,Personal Loan,0.8208135492999058,High,financial capacity and transaction activity support borrowing needs; strong income profile; high spending activity,Cross-Sell,Introduce a complementary product and highlight flexible financing and convenience,Priority 2,0.8208135492999058,True
C000467,Core Active,Core Relationship Customer,High Risk,Moderate Cross-Sell Opportunity,Priority 3,P003,Rewards Credit Card,0.3750013644182305,Low,spending and transaction patterns support a rewards credit card; strong digital affinity,Retention,"Strengthen the customer relationship while highlight rewards, benefits and spending value",Priority 3,0.3750013644182305,True
C000468,Core Active,Core Relationship Customer,Moderate Risk,Moderate Cross-Sell Opportunity,Priority 3,P003,Rewards Credit Card,0.4444148907467156,Low,spending and transaction patterns support a rewards credit card,Cross-Sell,"Introduce a complementary product and highlight rewards, benefits and spending value",Priority 3,0.4444148907467156,True
C000469,At Risk,At-Risk Declining Customer,Critical Risk,Low Cross-Sell Opportunity,Priority 4,P007,Term Insurance,0.1596138664536615,Low,customer profile indicates potential protection needs,Retention,Strengthen the customer relationship while highlight financial protection and security,Priority 4,0.1596138664536615,True
C000470,Core Active,Core Relationship Customer,Moderate Risk,Moderate Cross-Sell Opportunity,Priority 2,P003,Rewards Credit Card,0.4592041413765667,Low,spending and transaction patterns support a rewards credit card; positive response to previous recommendations,Cross-Sell,"Introduce a complementary product and highlight rewards, benefits and spending value",Priority 2,0.4592041413765667,True
C000471,Premium High-Value,Premium Relationship Customer,Moderate Risk,Moderate Cross-Sell Opportunity,Priority 3,P005,Home Loan,0.6765808703720311,Medium,financial capacity supports a potential home financing need; high transaction activity; strong digital affinity,Cross-Sell,Introduce a complementary product and highlight long-term home financing value,Priority 3,0.6765808703720311,True
C000472,Core Active,Core Relationship Customer,High Risk,Moderate Cross-Sell Opportunity,Priority 3,P003,Rewards Credit Card,0.4484336448823675,Low,spending and transaction patterns support a rewards credit card; positive response to previous recommendations,Retention,"Strengthen the customer relationship while highlight rewards, benefits and spending value",Priority 3,0.4484336448823675,True
C000473,Core Active,Core Relationship Customer,Moderate Risk,Moderate Cross-Sell Opportunity,Priority 3,P004,Personal Loan,0.3569365766376017,Low,financial capacity and transaction activity support borrowing needs,Cross-Sell,Introduce a complementary product and highlight flexible financing and convenience,Priority 3,0.3569365766376017,True
C000474,Premium High-Value,Premium Digital Customer,Low Risk,Moderate Cross-Sell Opportunity,Priority 2,P004,Personal Loan,0.7134769876578236,Medium,financial capacity and transaction activity support borrowing needs; strong digital affinity; strong segment fit,Cross-Sell,Introduce a complementary product and highlight flexible financing and convenience,Priority 2,0.7134769876578236,True
C000475,Premium High-Value,Premium Digital Customer,Low Risk,Moderate Cross-Sell Opportunity,Priority 2,P008,Premium Banking,0.7361110777746285,Medium,customer profile supports premium banking services; high transaction activity; strong digital affinity,Cross-Sell,Introduce a complementary product and highlight premium services and exclusive benefits,Priority 2,0.7361110777746285,True
C000476,Core Active,Core Digital Customer,Moderate Risk,Moderate Cross-Sell Opportunity,Priority 3,P008,Premium Banking,0.4278143656480452,Low,customer profile supports premium banking services; strong digital affinity,Cross-Sell,Introduce a complementary product and highlight premium services and exclusive benefits,Priority 3,0.4278143656480452,True
C000477,Core Active,Core Relationship Customer,Moderate Risk,Low Cross-Sell Opportunity,Priority 3,P004,Personal Loan,0.3194387014334761,Low,financial capacity and transaction activity support borrowing needs,Engagement,Highlight flexible financing and convenience,Priority 3,0.3194387014334761,True
C000478,Core Active,Core Relationship Customer,High Risk,Low Cross-Sell Opportunity,Priority 4,P003,Rewards Credit Card,0.3299496747510234,Low,spending and transaction patterns support a rewards credit card,Retention,"Strengthen the customer relationship while highlight rewards, benefits and spending value",Priority 4,0.3299496747510234,True
C000479,At Risk,At-Risk Declining Customer,Critical Risk,Low Cross-Sell Opportunity,Priority 3,P007,Term Insurance,0.2926253115807956,Low,customer profile indicates potential protection needs; positive response to previous recommendations,Retention,Strengthen the customer relationship while highlight financial protection and security,Priority 3,0.2926253115807956,True
C000480,Core Active,Core Relationship Customer,Low Risk,Low Cross-Sell Opportunity,Priority 3,P007,Term Insurance,0.3815253151249423,Low,customer profile indicates potential protection needs,Engagement,Highlight financial protection and security,Priority 3,0.3815253151249423,True
C000481,Premium High-Value,Premium Relationship Customer,Moderate Risk,Moderate Cross-Sell Opportunity,Priority 2,P003,Rewards Credit Card,0.7801942292515682,High,spending and transaction patterns support a rewards credit card; high transaction activity; strong segment fit,Cross-Sell,"Introduce a complementary product and highlight rewards, benefits and spending value",Priority 2,0.7801942292515682,True
C000482,At Risk,At-Risk Engagement Customer,High Risk,Low Cross-Sell Opportunity,Priority 3,P008,Premium Banking,0.3767549726270101,Low,customer profile supports premium banking services,Retention,Strengthen the customer relationship while highlight premium services and exclusive benefits,Priority 3,0.3767549726270101,True
C000483,Premium High-Value,Premium Relationship Customer,Moderate Risk,Moderate Cross-Sell Opportunity,Priority 3,P004,Personal Loan,0.5873183264354025,Medium,financial capacity and transaction activity support borrowing needs; strong segment fit,Cross-Sell,Introduce a complementary product and highlight flexible financing and convenience,Priority 3,0.5873183264354025,True
C000484,Core Active,Core Relationship Customer,Moderate Risk,Moderate Cross-Sell Opportunity,Priority 3,P003,Rewards Credit Card,0.4590961217956462,Low,spending and transaction patterns support a rewards credit card,Cross-Sell,"Introduce a complementary product and highlight rewards, benefits and spending value",Priority 3,0.4590961217956462,True
C000485,Core Active,Core Relationship Customer,High Risk,Moderate Cross-Sell Opportunity,Priority 3,P004,Personal Loan,0.3799294414772149,Low,financial capacity and transaction activity support borrowing needs,Retention,Strengthen the customer relationship while highlight flexible financing and convenience,Priority 3,0.3799294414772149,True
C000486,Core Active,Core Relationship Customer,Moderate Risk,Moderate Cross-Sell Opportunity,Priority 3,P007,Term Insurance,0.3729016822013461,Low,customer profile indicates potential protection needs,Cross-Sell,Introduce a complementary product and highlight financial protection and security,Priority 3,0.3729016822013461,True
C000487,Core Active,Core Relationship Customer,Moderate Risk,Low Cross-Sell Opportunity,Priority 3,P008,Premium Banking,0.3426689019258611,Low,customer profile supports premium banking services,Engagement,Highlight premium services and exclusive benefits,Priority 3,0.3426689019258611,True
C000488,Premium High-Value,Premium Relationship Customer,Moderate Risk,Moderate Cross-Sell Opportunity,Priority 2,P008,Premium Banking,0.6714593442497265,Medium,customer profile supports premium banking services; strong segment fit; positive response to previous recommendations,Cross-Sell,Introduce a complementary product and highlight premium services and exclusive benefits,Priority 2,0.6714593442497265,True
C000489,Core Active,Core Digital Customer,High Risk,Moderate Cross-Sell Opportunity,Priority 3,P003,Rewards Credit Card,0.4230951071386704,Low,spending and transaction patterns support a rewards credit card; strong digital affinity,Retention,"Strengthen the customer relationship while highlight rewards, benefits and spending value",Priority 3,0.4230951071386704,True
C000490,Core Active,Core Digital Customer,Moderate Risk,Moderate Cross-Sell Opportunity,Priority 2,P007,Term Insurance,0.5134411680573002,Low,customer profile indicates potential protection needs; strong digital affinity; positive response to previous recommendations,Cross-Sell,Introduce a complementary product and highlight financial protection and security,Priority 2,0.5134411680573002,True
C000491,Dormant / Declining,Dormant Reactivation Target,Critical Risk,Low Cross-Sell Opportunity,Priority 4,P008,Premium Banking,0.1933691932702178,Low,customer profile supports premium banking services,Retention,Strengthen the customer relationship while highlight premium services and exclusive benefits,Priority 4,0.1933691932702178,True
C000492,Premium High-Value,Premium Relationship Customer,Moderate Risk,Moderate Cross-Sell Opportunity,Priority 2,P008,Premium Banking,0.5552259678786644,Medium,customer profile supports premium banking services; strong segment fit,Cross-Sell,Introduce a complementary product and highlight premium services and exclusive benefits,Priority 2,0.5552259678786644,True
C000493,Core Active,Core Relationship Customer,Low Risk,Moderate Cross-Sell Opportunity,Priority 3,P003,Rewards Credit Card,0.4492372278023088,Low,spending and transaction patterns support a rewards credit card,Cross-Sell,"Introduce a complementary product and highlight rewards, benefits and spending value",Priority 3,0.4492372278023088,True
C000494,Core Active,Core Relationship Customer,Low Risk,Moderate Cross-Sell Opportunity,Priority 3,P003,Rewards Credit Card,0.3652021408150086,Low,spending and transaction patterns support a rewards credit card,Cross-Sell,"Introduce a complementary product and highlight rewards, benefits and spending value",Priority 3,0.3652021408150086,True
C000495,Core Active,Core Relationship Customer,Moderate Risk,Moderate Cross-Sell Opportunity,Priority 2,P008,Premium Banking,0.5415572166009173,Low,customer profile supports premium banking services; strong digital affinity,Cross-Sell,Introduce a complementary product and highlight premium services and exclusive benefits,Priority 2,0.5415572166009173,True
C000496,Dormant / Declining,Dormant Reactivation Target,Critical Risk,Low Cross-Sell Opportunity,Priority 4,P007,Term Insurance,0.2035289843251032,Low,customer profile indicates potential protection needs; positive response to previous recommendations,Retention,Strengthen the customer relationship while highlight financial protection and security,Priority 4,0.2035289843251032,True
C000497,Core Active,Core Relationship Customer,Moderate Risk,Moderate Cross-Sell Opportunity,Priority 3,P008,Premium Banking,0.3324895439206292,Low,customer profile supports premium banking services,Cross-Sell,Introduce a complementary product and highlight premium services and exclusive benefits,Priority 3,0.3324895439206292,True
C000498,Core Active,Core Relationship Customer,High Risk,Moderate Cross-Sell Opportunity,Priority 3,P008,Premium Banking,0.4526996950536681,Low,customer profile supports premium banking services,Retention,Strengthen the customer relationship while highlight premium services and exclusive benefits,Priority 3,0.4526996950536681,True
C000499,Core Active,Core Relationship Customer,High Risk,Moderate Cross-Sell Opportunity,Priority 3,P003,Rewards Credit Card,0.4012955807047363,Low,spending and transaction patterns support a rewards credit card; strong digital affinity,Retention,"Strengthen the customer relationship while highlight rewards, benefits and spending value",Priority 3,0.4012955807047363,True
C000500,Core Active,Core Relationship Customer,Moderate Risk,Moderate Cross-Sell Opportunity,Priority 3,P003,Rewards Credit Card,0.432663935120466,Low,spending and transaction patterns support a rewards credit card; strong digital affinity,Cross-Sell,"Introduce a complementary product and highlight rewards, benefits and spending value",Priority 3,0.432663935120466,True
C000501,Premium High-Value,Premium Relationship Customer,Moderate Risk,Moderate Cross-Sell Opportunity,Priority 2,P004,Personal Loan,0.7147036293679352,Medium,financial capacity and transaction activity support borrowing needs; strong segment fit,Cross-Sell,Introduce a complementary product and highlight flexible financing and convenience,Priority 2,0.7147036293679352,True
C000502,Core Active,Core Digital Customer,Low Risk,Moderate Cross-Sell Opportunity,Priority 3,P008,Premium Banking,0.4785932754736047,Low,customer profile supports premium banking services; strong digital affinity,Cross-Sell,Introduce a complementary product and highlight premium services and exclusive benefits,Priority 3,0.4785932754736047,True
C000503,Dormant / Declining,Dormant Reactivation Target,Critical Risk,Low Cross-Sell Opportunity,Priority 4,P007,Term Insurance,0.1875242440875301,Low,customer profile indicates potential protection needs,Retention,Strengthen the customer relationship while highlight financial protection and security,Priority 4,0.1875242440875301,True
C000504,Core Active,Core Relationship Customer,Critical Risk,Moderate Cross-Sell Opportunity,Priority 3,P003,Rewards Credit Card,0.375328490832029,Low,spending and transaction patterns support a rewards credit card,Retention,"Strengthen the customer relationship while highlight rewards, benefits and spending value",Priority 3,0.375328490832029,True
C000505,Core Active,Core Relationship Customer,Critical Risk,Low Cross-Sell Opportunity,Priority 3,P007,Term Insurance,0.2826578883010807,Low,customer profile indicates potential protection needs,Retention,Strengthen the customer relationship while highlight financial protection and security,Priority 3,0.2826578883010807,True
C000506,At Risk,At-Risk Declining Customer,Critical Risk,Low Cross-Sell Opportunity,Priority 4,P007,Term Insurance,0.2487474995061379,Low,customer profile indicates potential protection needs,Retention,Strengthen the customer relationship while highlight financial protection and security,Priority 4,0.2487474995061379,True
C000507,Core Active,Core Cross-Sell Opportunity,Moderate Risk,High Cross-Sell Opportunity,Priority 2,P003,Rewards Credit Card,0.6072172217441679,Medium,spending and transaction patterns support a rewards credit card; strong digital affinity,Cross-Sell,"Introduce a complementary product and highlight rewards, benefits and spending value",Priority 2,0.6072172217441679,True
C000508,Premium High-Value,Premium Relationship Customer,Low Risk,Moderate Cross-Sell Opportunity,Priority 2,P007,Term Insurance,0.6512362796555005,Medium,customer profile indicates potential protection needs; high transaction activity; strong segment fit,Cross-Sell,Introduce a complementary product and highlight financial protection and security,Priority 2,0.6512362796555005,True
C000509,Core Active,Core Digital Customer,Moderate Risk,Moderate Cross-Sell Opportunity,Priority 3,P003,Rewards Credit Card,0.4833992230481505,Low,spending and transaction patterns support a rewards credit card; strong digital affinity,Cross-Sell,"Introduce a complementary product and highlight rewards, benefits and spending value",Priority 3,0.4833992230481505,True
C000510,Premium High-Value,Premium Relationship Customer,Moderate Risk,Moderate Cross-Sell Opportunity,Priority 2,P006,Mutual Fund Plan,0.6446327573487161,Medium,financial capacity indicates potential for investment products; strong segment fit,Cross-Sell,Introduce a complementary product and highlight wealth creation and investment potential,Priority 2,0.6446327573487161,True
C000511,Core Active,Core Relationship Customer,Low Risk,Moderate Cross-Sell Opportunity,Priority 2,P003,Rewards Credit Card,0.5113650265337623,Low,spending and transaction patterns support a rewards credit card; positive response to previous recommendations,Cross-Sell,"Introduce a complementary product and highlight rewards, benefits and spending value",Priority 2,0.5113650265337623,True
C000512,Premium High-Value,Premium Relationship Customer,Low Risk,Moderate Cross-Sell Opportunity,Priority 2,P005,Home Loan,0.7330709052202629,Medium,financial capacity supports a potential home financing need; high transaction activity; high spending activity,Cross-Sell,Introduce a complementary product and highlight long-term home financing value,Priority 2,0.7330709052202629,True
C000513,Premium High-Value,Premium Relationship Customer,High Risk,Moderate Cross-Sell Opportunity,Priority 2,P008,Premium Banking,0.634507700211925,Medium,customer profile supports premium banking services; strong segment fit; positive response to previous recommendations,Retention,Strengthen the customer relationship while highlight premium services and exclusive benefits,Priority 2,0.634507700211925,True
C000514,Core Active,Core Relationship Customer,Moderate Risk,Moderate Cross-Sell Opportunity,Priority 3,P003,Rewards Credit Card,0.3762494227471508,Low,spending and transaction patterns support a rewards credit card; strong digital affinity,Cross-Sell,"Introduce a complementary product and highlight rewards, benefits and spending value",Priority 3,0.3762494227471508,True
C000515,Premium High-Value,Premium Relationship Customer,Moderate Risk,Moderate Cross-Sell Opportunity,Priority 2,P004,Personal Loan,0.7589025662455985,High,financial capacity and transaction activity support borrowing needs; high transaction activity; strong segment fit,Cross-Sell,Introduce a complementary product and highlight flexible financing and convenience,Priority 2,0.7589025662455985,True
C000516,Premium High-Value,Premium Relationship Customer,Moderate Risk,Moderate Cross-Sell Opportunity,Priority 3,P003,Rewards Credit Card,0.7159873217787207,Medium,spending and transaction patterns support a rewards credit card; high transaction activity; strong segment fit,Cross-Sell,"Introduce a complementary product and highlight rewards, benefits and spending value",Priority 3,0.7159873217787207,True
C000517,Core Active,Core Relationship Customer,High Risk,Moderate Cross-Sell Opportunity,Priority 3,P003,Rewards Credit Card,0.4546836053764814,Low,spending and transaction patterns support a rewards credit card; positive response to previous recommendations,Retention,"Strengthen the customer relationship while highlight rewards, benefits and spending value",Priority 3,0.4546836053764814,True
C000518,Premium High-Value,Premium Digital Customer,Low Risk,Moderate Cross-Sell Opportunity,Priority 2,P004,Personal Loan,0.753361863239397,High,financial capacity and transaction activity support borrowing needs; high transaction activity; strong digital affinity,Cross-Sell,Introduce a complementary product and highlight flexible financing and convenience,Priority 2,0.753361863239397,True
C000519,At Risk,At-Risk Engagement Customer,Critical Risk,Low Cross-Sell Opportunity,Priority 4,P007,Term Insurance,0.1641755258797541,Low,customer profile indicates potential protection needs,Retention,Strengthen the customer relationship while highlight financial protection and security,Priority 4,0.1641755258797541,True
C000520,Core Active,Core Relationship Customer,Moderate Risk,Low Cross-Sell Opportunity,Priority 4,P004,Personal Loan,0.3566708194632219,Low,financial capacity and transaction activity support borrowing needs,Engagement,Highlight flexible financing and convenience,Priority 4,0.3566708194632219,True
C000521,Premium High-Value,Premium Digital Customer,Low Risk,Moderate Cross-Sell Opportunity,Priority 2,P007,Term Insurance,0.733591000870625,Medium,customer profile indicates potential protection needs; strong digital affinity; strong segment fit,Cross-Sell,Introduce a complementary product and highlight financial protection and security,Priority 2,0.733591000870625,True
C000522,Core Active,Core Digital Customer,Moderate Risk,Moderate Cross-Sell Opportunity,Priority 3,P008,Premium Banking,0.4568546631920207,Low,customer profile supports premium banking services; strong digital affinity,Cross-Sell,Introduce a complementary product and highlight premium services and exclusive benefits,Priority 3,0.4568546631920207,True
C000523,At Risk,At-Risk Engagement Customer,High Risk,Low Cross-Sell Opportunity,Priority 4,P006,Mutual Fund Plan,0.2439123596278701,Low,financial capacity indicates potential for investment products,Retention,Strengthen the customer relationship while highlight wealth creation and investment potential,Priority 4,0.2439123596278701,True
C000524,Core Active,Core Digital Customer,Low Risk,Moderate Cross-Sell Opportunity,Priority 2,P008,Premium Banking,0.4669703860399956,Low,customer profile supports premium banking services; strong digital affinity,Cross-Sell,Introduce a complementary product and highlight premium services and exclusive benefits,Priority 2,0.4669703860399956,True
C000525,Core Active,Core Relationship Customer,High Risk,Low Cross-Sell Opportunity,Priority 4,P007,Term Insurance,0.3084979749429247,Low,customer profile indicates potential protection needs,Retention,Strengthen the customer relationship while highlight financial protection and security,Priority 4,0.3084979749429247,True
C000526,Premium High-Value,Premium Digital Customer,Low Risk,High Cross-Sell Opportunity,Priority 2,P003,Rewards Credit Card,0.7584692151378583,High,spending and transaction patterns support a rewards credit card; strong digital affinity; strong segment fit,Cross-Sell,"Introduce a complementary product and highlight rewards, benefits and spending value",Priority 2,0.7584692151378583,True
C000527,Core Active,Core Relationship Customer,Low Risk,Moderate Cross-Sell Opportunity,Priority 3,P004,Personal Loan,0.4600245894654853,Low,financial capacity and transaction activity support borrowing needs,Cross-Sell,Introduce a complementary product and highlight flexible financing and convenience,Priority 3,0.4600245894654853,True
C000528,Core Active,Core Relationship Customer,High Risk,Moderate Cross-Sell Opportunity,Priority 3,P003,Rewards Credit Card,0.3757766107731555,Low,spending and transaction patterns support a rewards credit card,Retention,"Strengthen the customer relationship while highlight rewards, benefits and spending value",Priority 3,0.3757766107731555,True
C000529,Premium High-Value,Premium Relationship Customer,Moderate Risk,Moderate Cross-Sell Opportunity,Priority 3,P008,Premium Banking,0.5755789729555891,Medium,customer profile supports premium banking services; strong segment fit,Cross-Sell,Introduce a complementary product and highlight premium services and exclusive benefits,Priority 3,0.5755789729555891,True
C000530,Premium High-Value,Premium Digital Customer,Moderate Risk,Moderate Cross-Sell Opportunity,Priority 2,P004,Personal Loan,0.7472280648375247,Medium,financial capacity and transaction activity support borrowing needs; strong digital affinity; strong segment fit,Cross-Sell,Introduce a complementary product and highlight flexible financing and convenience,Priority 2,0.7472280648375247,True
C000531,Core Active,Core Relationship Customer,High Risk,Moderate Cross-Sell Opportunity,Priority 3,P003,Rewards Credit Card,0.3412579876878715,Low,spending and transaction patterns support a rewards credit card,Retention,"Strengthen the customer relationship while highlight rewards, benefits and spending value",Priority 3,0.3412579876878715,True
C000532,Core Active,Core Relationship Customer,Moderate Risk,Moderate Cross-Sell Opportunity,Priority 3,P003,Rewards Credit Card,0.4219777237715915,Low,spending and transaction patterns support a rewards credit card,Cross-Sell,"Introduce a complementary product and highlight rewards, benefits and spending value",Priority 3,0.4219777237715915,True
C000533,Premium High-Value,Premium Digital Customer,Moderate Risk,Moderate Cross-Sell Opportunity,Priority 2,P008,Premium Banking,0.592271149235326,Medium,customer profile supports premium banking services; strong digital affinity; strong segment fit,Cross-Sell,Introduce a complementary product and highlight premium services and exclusive benefits,Priority 2,0.592271149235326,True
C000534,Core Active,Core Relationship Customer,High Risk,Moderate Cross-Sell Opportunity,Priority 2,P003,Rewards Credit Card,0.4379187520994189,Low,spending and transaction patterns support a rewards credit card; positive response to previous recommendations,Retention,"Strengthen the customer relationship while highlight rewards, benefits and spending value",Priority 2,0.4379187520994189,True
C000535,Core Active,Core Relationship Customer,Low Risk,Moderate Cross-Sell Opportunity,Priority 3,P008,Premium Banking,0.3934478101679144,Low,customer profile supports premium banking services,Cross-Sell,Introduce a complementary product and highlight premium services and exclusive benefits,Priority 3,0.3934478101679144,True
C000536,Core Active,Core Relationship Customer,High Risk,Moderate Cross-Sell Opportunity,Priority 2,P008,Premium Banking,0.4281336028245404,Low,customer profile supports premium banking services,Retention,Strengthen the customer relationship while highlight premium services and exclusive benefits,Priority 2,0.4281336028245404,True
C000537,Premium High-Value,Premium Relationship Customer,Low Risk,Moderate Cross-Sell Opportunity,Priority 2,P008,Premium Banking,0.5329994327383608,Low,customer profile supports premium banking services; strong segment fit,Cross-Sell,Introduce a complementary product and highlight premium services and exclusive benefits,Priority 2,0.5329994327383608,True
C000538,Core Active,Core Relationship Customer,Moderate Risk,Moderate Cross-Sell Opportunity,Priority 3,P003,Rewards Credit Card,0.3749139249559449,Low,spending and transaction patterns support a rewards credit card,Cross-Sell,"Introduce a complementary product and highlight rewards, benefits and spending value",Priority 3,0.3749139249559449,True
C000539,At Risk,At-Risk Declining Customer,Critical Risk,Low Cross-Sell Opportunity,Priority 4,P007,Term Insurance,0.2437732228472861,Low,customer profile indicates potential protection needs,Retention,Strengthen the customer relationship while highlight financial protection and security,Priority 4,0.2437732228472861,True
C000540,Core Active,Core Relationship Customer,Moderate Risk,Moderate Cross-Sell Opportunity,Priority 3,P004,Personal Loan,0.4373806222277993,Low,financial capacity and transaction activity support borrowing needs,Cross-Sell,Introduce a complementary product and highlight flexible financing and convenience,Priority 3,0.4373806222277993,True
C000541,Dormant / Declining,Dormant Reactivation Target,Critical Risk,Low Cross-Sell Opportunity,Priority 4,P008,Premium Banking,0.2003006305847567,Low,customer profile supports premium banking services,Retention,Strengthen the customer relationship while highlight premium services and exclusive benefits,Priority 4,0.2003006305847567,True
C000542,Core Active,Core Relationship Customer,Moderate Risk,Moderate Cross-Sell Opportunity,Priority 3,P008,Premium Banking,0.3934191118185922,Low,customer profile supports premium banking services; strong digital affinity,Cross-Sell,Introduce a complementary product and highlight premium services and exclusive benefits,Priority 3,0.3934191118185922,True
C000543,Core Active,Core Relationship Customer,High Risk,Moderate Cross-Sell Opportunity,Priority 3,P003,Rewards Credit Card,0.3902806536105919,Low,spending and transaction patterns support a rewards credit card,Retention,"Strengthen the customer relationship while highlight rewards, benefits and spending value",Priority 3,0.3902806536105919,True
C000544,Premium High-Value,Premium Digital Customer,Low Risk,Moderate Cross-Sell Opportunity,Priority 2,P008,Premium Banking,0.5971173637451327,Medium,customer profile supports premium banking services; strong digital affinity; strong segment fit,Cross-Sell,Introduce a complementary product and highlight premium services and exclusive benefits,Priority 2,0.5971173637451327,True
C000545,Premium High-Value,Premium Relationship Customer,Low Risk,Moderate Cross-Sell Opportunity,Priority 2,P008,Premium Banking,0.663734666752112,Medium,customer profile supports premium banking services; strong digital affinity; strong segment fit,Cross-Sell,Introduce a complementary product and highlight premium services and exclusive benefits,Priority 2,0.663734666752112,True
C000546,Core Active,Core Relationship Customer,Moderate Risk,Moderate Cross-Sell Opportunity,Priority 3,P003,Rewards Credit Card,0.3724536526287901,Low,spending and transaction patterns support a rewards credit card,Cross-Sell,"Introduce a complementary product and highlight rewards, benefits and spending value",Priority 3,0.3724536526287901,True
C000547,Core Active,Core Relationship Customer,Moderate Risk,Moderate Cross-Sell Opportunity,Priority 3,P007,Term Insurance,0.4399119553641059,Low,customer profile indicates potential protection needs,Cross-Sell,Introduce a complementary product and highlight financial protection and security,Priority 3,0.4399119553641059,True
C000548,Core Active,Core Digital Customer,Moderate Risk,Moderate Cross-Sell Opportunity,Priority 3,P003,Rewards Credit Card,0.4291205008940488,Low,spending and transaction patterns support a rewards credit card; strong digital affinity,Cross-Sell,"Introduce a complementary product and highlight rewards, benefits and spending value",Priority 3,0.4291205008940488,True
C000549,Premium High-Value,Premium Digital Customer,Low Risk,Moderate Cross-Sell Opportunity,Priority 2,P008,Premium Banking,0.6681000058832608,Medium,customer profile supports premium banking services; high transaction activity; strong digital affinity,Cross-Sell,Introduce a complementary product and highlight premium services and exclusive benefits,Priority 2,0.6681000058832608,True
C000550,Core Active,Core Relationship Customer,High Risk,Moderate Cross-Sell Opportunity,Priority 3,P008,Premium Banking,0.4027890908556331,Low,customer profile supports premium banking services,Retention,Strengthen the customer relationship while highlight premium services and exclusive benefits,Priority 3,0.4027890908556331,True
C000551,Core Active,Core Relationship Customer,High Risk,Moderate Cross-Sell Opportunity,Priority 3,P007,Term Insurance,0.4128261624699195,Low,customer profile indicates potential protection needs,Retention,Strengthen the customer relationship while highlight financial protection and security,Priority 3,0.4128261624699195,True
C000552,Core Active,Core Relationship Customer,Moderate Risk,Low Cross-Sell Opportunity,Priority 3,P003,Rewards Credit Card,0.4113648857105138,Low,spending and transaction patterns support a rewards credit card,Engagement,"Highlight rewards, benefits and spending value",Priority 3,0.4113648857105138,True
C000553,Premium High-Value,Premium Relationship Customer,High Risk,Moderate Cross-Sell Opportunity,Priority 3,P008,Premium Banking,0.6757888862232146,Medium,customer profile supports premium banking services; strong digital affinity; strong segment fit,Retention,Strengthen the customer relationship while highlight premium services and exclusive benefits,Priority 3,0.6757888862232146,True
C000554,Core Active,Core Digital Customer,Low Risk,Moderate Cross-Sell Opportunity,Priority 3,P003,Rewards Credit Card,0.457632320425041,Low,spending and transaction patterns support a rewards credit card; strong digital affinity,Cross-Sell,"Introduce a complementary product and highlight rewards, benefits and spending value",Priority 3,0.457632320425041,True
C000555,Core Active,Core Relationship Customer,Low Risk,Moderate Cross-Sell Opportunity,Priority 3,P003,Rewards Credit Card,0.4443713291275125,Low,spending and transaction patterns support a rewards credit card,Cross-Sell,"Introduce a complementary product and highlight rewards, benefits and spending value",Priority 3,0.4443713291275125,True
C000556,Core Active,Core High-Activity Customer,Moderate Risk,Moderate Cross-Sell Opportunity,Priority 2,P004,Personal Loan,0.481096577297725,Low,financial capacity and transaction activity support borrowing needs,Cross-Sell,Introduce a complementary product and highlight flexible financing and convenience,Priority 2,0.481096577297725,True
C000557,Dormant / Declining,Dormant Reactivation Target,Critical Risk,Low Cross-Sell Opportunity,Priority 4,P007,Term Insurance,0.2182728893150464,Low,customer profile indicates potential protection needs,Retention,Strengthen the customer relationship while highlight financial protection and security,Priority 4,0.2182728893150464,True
C000558,Premium High-Value,Premium Relationship Customer,Low Risk,Moderate Cross-Sell Opportunity,Priority 2,P005,Home Loan,0.975193376676813,High,financial capacity supports a potential home financing need; strong income profile; strong account balance,Cross-Sell,Introduce a complementary product and highlight long-term home financing value,Priority 2,0.975193376676813,True
C000559,Core Active,Core Relationship Customer,Low Risk,Moderate Cross-Sell Opportunity,Priority 3,P008,Premium Banking,0.4366731285051624,Low,customer profile supports premium banking services; strong digital affinity,Cross-Sell,Introduce a complementary product and highlight premium services and exclusive benefits,Priority 3,0.4366731285051624,True
C000560,Core Active,Core Relationship Customer,Moderate Risk,Low Cross-Sell Opportunity,Priority 3,P008,Premium Banking,0.3754309164418863,Low,customer profile supports premium banking services,Engagement,Highlight premium services and exclusive benefits,Priority 3,0.3754309164418863,True
C000561,Core Active,Core Digital Customer,Moderate Risk,Moderate Cross-Sell Opportunity,Priority 3,P003,Rewards Credit Card,0.4427722930459194,Low,spending and transaction patterns support a rewards credit card; strong digital affinity,Cross-Sell,"Introduce a complementary product and highlight rewards, benefits and spending value",Priority 3,0.4427722930459194,True
C000562,Core Active,Core Relationship Customer,Low Risk,Moderate Cross-Sell Opportunity,Priority 3,P008,Premium Banking,0.4085748594176594,Low,customer profile supports premium banking services,Cross-Sell,Introduce a complementary product and highlight premium services and exclusive benefits,Priority 3,0.4085748594176594,True
C000563,Premium High-Value,Premium Digital Customer,Moderate Risk,Moderate Cross-Sell Opportunity,Priority 2,P008,Premium Banking,0.6952905839362573,Medium,customer profile supports premium banking services; strong digital affinity; strong segment fit,Cross-Sell,Introduce a complementary product and highlight premium services and exclusive benefits,Priority 2,0.6952905839362573,True
C000564,At Risk,At-Risk Engagement Customer,Critical Risk,Low Cross-Sell Opportunity,Priority 4,P003,Rewards Credit Card,0.201985823550397,Low,spending and transaction patterns support a rewards credit card,Retention,"Strengthen the customer relationship while highlight rewards, benefits and spending value",Priority 4,0.201985823550397,True
C000565,Premium High-Value,Premium Relationship Customer,Moderate Risk,Moderate Cross-Sell Opportunity,Priority 2,P008,Premium Banking,0.740586931630391,Medium,customer profile supports premium banking services; strong account balance; high transaction activity,Cross-Sell,Introduce a complementary product and highlight premium services and exclusive benefits,Priority 2,0.740586931630391,True
C000566,Core Active,Core Relationship Customer,Moderate Risk,Low Cross-Sell Opportunity,Priority 3,P007,Term Insurance,0.3674650260464697,Low,customer profile indicates potential protection needs,Engagement,Highlight financial protection and security,Priority 3,0.3674650260464697,True
C000567,Core Active,Core Relationship Customer,Moderate Risk,Moderate Cross-Sell Opportunity,Priority 3,P008,Premium Banking,0.4315498384525486,Low,customer profile supports premium banking services,Cross-Sell,Introduce a complementary product and highlight premium services and exclusive benefits,Priority 3,0.4315498384525486,True
C000568,Core Active,Core Relationship Customer,High Risk,Moderate Cross-Sell Opportunity,Priority 3,P008,Premium Banking,0.4078464428615629,Low,customer profile supports premium banking services,Retention,Strengthen the customer relationship while highlight premium services and exclusive benefits,Priority 3,0.4078464428615629,True
C000569,Premium High-Value,Premium Relationship Customer,High Risk,Moderate Cross-Sell Opportunity,Priority 3,P008,Premium Banking,0.5905759514032825,Medium,customer profile supports premium banking services; strong segment fit,Retention,Strengthen the customer relationship while highlight premium services and exclusive benefits,Priority 3,0.5905759514032825,True
C000570,Premium High-Value,Premium Digital Customer,Low Risk,Moderate Cross-Sell Opportunity,Priority 2,P005,Home Loan,0.8226830863938683,High,financial capacity supports a potential home financing need; high transaction activity; strong digital affinity,Cross-Sell,Introduce a complementary product and highlight long-term home financing value,Priority 2,0.8226830863938683,True
C000571,Core Active,Core Relationship Customer,Low Risk,Low Cross-Sell Opportunity,Priority 3,P003,Rewards Credit Card,0.3910537055053682,Low,spending and transaction patterns support a rewards credit card,Engagement,"Highlight rewards, benefits and spending value",Priority 3,0.3910537055053682,True
C000572,Premium High-Value,Premium Relationship Customer,Moderate Risk,Moderate Cross-Sell Opportunity,Priority 3,P008,Premium Banking,0.6377941199595935,Medium,customer profile supports premium banking services; high transaction activity; strong digital affinity,Cross-Sell,Introduce a complementary product and highlight premium services and exclusive benefits,Priority 3,0.6377941199595935,True
C000573,Premium High-Value,Premium Digital Customer,Low Risk,Moderate Cross-Sell Opportunity,Priority 2,P004,Personal Loan,0.6760787904554663,Medium,financial capacity and transaction activity support borrowing needs; high transaction activity; strong digital affinity,Cross-Sell,Introduce a complementary product and highlight flexible financing and convenience,Priority 2,0.6760787904554663,True
C000574,Premium High-Value,Premium Relationship Customer,Low Risk,Moderate Cross-Sell Opportunity,Priority 2,P004,Personal Loan,0.807319269136945,High,financial capacity and transaction activity support borrowing needs; high transaction activity; strong segment fit,Cross-Sell,Introduce a complementary product and highlight flexible financing and convenience,Priority 2,0.807319269136945,True
C000575,Core Active,Core Relationship Customer,High Risk,Moderate Cross-Sell Opportunity,Priority 4,P008,Premium Banking,0.3388214470580377,Low,customer profile supports premium banking services,Retention,Strengthen the customer relationship while highlight premium services and exclusive benefits,Priority 4,0.3388214470580377,True
C000576,Premium High-Value,Premium Relationship Customer,Low Risk,Moderate Cross-Sell Opportunity,Priority 2,P003,Rewards Credit Card,0.6695995478985837,Medium,spending and transaction patterns support a rewards credit card; strong segment fit; positive response to previous recommendations,Cross-Sell,"Introduce a complementary product and highlight rewards, benefits and spending value",Priority 2,0.6695995478985837,True
C000577,Core Active,Core Digital Customer,Low Risk,Moderate Cross-Sell Opportunity,Priority 3,P003,Rewards Credit Card,0.5012712485665621,Low,spending and transaction patterns support a rewards credit card; strong digital affinity,Cross-Sell,"Introduce a complementary product and highlight rewards, benefits and spending value",Priority 3,0.5012712485665621,True
C000578,Core Active,Core Relationship Customer,Moderate Risk,Moderate Cross-Sell Opportunity,Priority 3,P003,Rewards Credit Card,0.3825490757702499,Low,spending and transaction patterns support a rewards credit card,Cross-Sell,"Introduce a complementary product and highlight rewards, benefits and spending value",Priority 3,0.3825490757702499,True
C000579,Premium High-Value,Premium Digital Customer,Moderate Risk,Moderate Cross-Sell Opportunity,Priority 2,P004,Personal Loan,0.6891633278811985,Medium,financial capacity and transaction activity support borrowing needs; strong digital affinity; strong segment fit,Cross-Sell,Introduce a complementary product and highlight flexible financing and convenience,Priority 2,0.6891633278811985,True
C000580,Core Active,Core Cross-Sell Opportunity,Low Risk,High Cross-Sell Opportunity,Priority 2,P006,Mutual Fund Plan,0.4492286481968901,Low,financial capacity indicates potential for investment products,Cross-Sell,Introduce a complementary product and highlight wealth creation and investment potential,Priority 2,0.4492286481968901,True
C000581,Premium High-Value,Premium Relationship Customer,Low Risk,Moderate Cross-Sell Opportunity,Priority 3,P008,Premium Banking,0.5778135042184901,Medium,customer profile supports premium banking services; strong segment fit,Cross-Sell,Introduce a complementary product and highlight premium services and exclusive benefits,Priority 3,0.5778135042184901,True
C000582,Dormant / Declining,Dormant Reactivation Target,Critical Risk,Moderate Cross-Sell Opportunity,Priority 3,P008,Premium Banking,0.3343635212958903,Low,customer profile supports premium banking services,Retention,Strengthen the customer relationship while highlight premium services and exclusive benefits,Priority 3,0.3343635212958903,True
C000583,Premium High-Value,Premium Digital Customer,Low Risk,Moderate Cross-Sell Opportunity,Priority 2,P004,Personal Loan,0.7862550723619597,High,financial capacity and transaction activity support borrowing needs; high transaction activity; strong segment fit,Cross-Sell,Introduce a complementary product and highlight flexible financing and convenience,Priority 2,0.7862550723619597,True
C000584,Core Active,Core Relationship Customer,High Risk,Moderate Cross-Sell Opportunity,Priority 3,P003,Rewards Credit Card,0.4134479460258521,Low,spending and transaction patterns support a rewards credit card,Retention,"Strengthen the customer relationship while highlight rewards, benefits and spending value",Priority 3,0.4134479460258521,True
C000585,Premium High-Value,Premium Relationship Customer,Low Risk,Moderate Cross-Sell Opportunity,Priority 2,P007,Term Insurance,0.605872444364348,Medium,customer profile indicates potential protection needs; strong segment fit,Cross-Sell,Introduce a complementary product and highlight financial protection and security,Priority 2,0.605872444364348,True
C000586,Core Active,Core Digital Customer,Moderate Risk,Moderate Cross-Sell Opportunity,Priority 2,P003,Rewards Credit Card,0.4274431688044259,Low,spending and transaction patterns support a rewards credit card; strong digital affinity,Cross-Sell,"Introduce a complementary product and highlight rewards, benefits and spending value",Priority 2,0.4274431688044259,True
C000587,Premium High-Value,Premium Digital Customer,Low Risk,High Cross-Sell Opportunity,Priority 2,P003,Rewards Credit Card,0.6821410326326764,Medium,spending and transaction patterns support a rewards credit card; high transaction activity; strong digital affinity,Cross-Sell,"Introduce a complementary product and highlight rewards, benefits and spending value",Priority 2,0.6821410326326764,True
C000588,Core Active,Core Relationship Customer,Low Risk,Moderate Cross-Sell Opportunity,Priority 3,P004,Personal Loan,0.3737413999605237,Low,financial capacity and transaction activity support borrowing needs,Cross-Sell,Introduce a complementary product and highlight flexible financing and convenience,Priority 3,0.3737413999605237,True
C000589,Dormant / Declining,Dormant Reactivation Target,Critical Risk,Low Cross-Sell Opportunity,Priority 4,P006,Mutual Fund Plan,0.1671317029560848,Low,financial capacity indicates potential for investment products,Retention,Strengthen the customer relationship while highlight wealth creation and investment potential,Priority 4,0.1671317029560848,True
C000590,Core Active,Core Relationship Customer,High Risk,Moderate Cross-Sell Opportunity,Priority 3,P003,Rewards Credit Card,0.4025209752502158,Low,spending and transaction patterns support a rewards credit card; strong digital affinity,Retention,"Strengthen the customer relationship while highlight rewards, benefits and spending value",Priority 3,0.4025209752502158,True
C000591,Core Active,Core Digital Customer,Moderate Risk,Moderate Cross-Sell Opportunity,Priority 3,P003,Rewards Credit Card,0.4717708954543655,Low,spending and transaction patterns support a rewards credit card; strong digital affinity; positive response to previous recommendations,Cross-Sell,"Introduce a complementary product and highlight rewards, benefits and spending value",Priority 3,0.4717708954543655,True
C000592,Core Active,Core Relationship Customer,Low Risk,Moderate Cross-Sell Opportunity,Priority 3,P004,Personal Loan,0.4006816145067958,Low,financial capacity and transaction activity support borrowing needs,Cross-Sell,Introduce a complementary product and highlight flexible financing and convenience,Priority 3,0.4006816145067958,True
C000593,Core Active,Core Digital Customer,Moderate Risk,Moderate Cross-Sell Opportunity,Priority 3,P003,Rewards Credit Card,0.4558547574643826,Low,spending and transaction patterns support a rewards credit card; strong digital affinity,Cross-Sell,"Introduce a complementary product and highlight rewards, benefits and spending value",Priority 3,0.4558547574643826,True
C000594,Premium High-Value,Premium Digital Customer,Low Risk,Moderate Cross-Sell Opportunity,Priority 2,P004,Personal Loan,0.7925631624723767,High,financial capacity and transaction activity support borrowing needs; high transaction activity; strong digital affinity,Cross-Sell,Introduce a complementary product and highlight flexible financing and convenience,Priority 2,0.7925631624723767,True
C000595,Premium High-Value,Premium Relationship Customer,High Risk,Low Cross-Sell Opportunity,Priority 3,P008,Premium Banking,0.5756929234698666,Medium,customer profile supports premium banking services; strong segment fit,Retention,Strengthen the customer relationship while highlight premium services and exclusive benefits,Priority 3,0.5756929234698666,True
C000596,Premium High-Value,Premium Digital Customer,Moderate Risk,Moderate Cross-Sell Opportunity,Priority 2,P008,Premium Banking,0.6302733773444257,Medium,customer profile supports premium banking services; strong digital affinity; strong segment fit,Cross-Sell,Introduce a complementary product and highlight premium services and exclusive benefits,Priority 2,0.6302733773444257,True
C000597,Core Active,Core Relationship Customer,Moderate Risk,Moderate Cross-Sell Opportunity,Priority 3,P007,Term Insurance,0.3484617676486524,Low,customer profile indicates potential protection needs,Cross-Sell,Introduce a complementary product and highlight financial protection and security,Priority 3,0.3484617676486524,True
C000598,Core Active,Core Digital Customer,High Risk,Moderate Cross-Sell Opportunity,Priority 3,P003,Rewards Credit Card,0.4172528599490853,Low,spending and transaction patterns support a rewards credit card; strong digital affinity,Retention,"Strengthen the customer relationship while highlight rewards, benefits and spending value",Priority 3,0.4172528599490853,True
C000599,Core Active,Core Relationship Customer,High Risk,Moderate Cross-Sell Opportunity,Priority 3,P003,Rewards Credit Card,0.3930575012719185,Low,spending and transaction patterns support a rewards credit card; positive response to previous recommendations,Retention,"Strengthen the customer relationship while highlight rewards, benefits and spending value",Priority 3,0.3930575012719185,True
C000600,Premium High-Value,Premium Relationship Customer,Moderate Risk,Moderate Cross-Sell Opportunity,Priority 2,P008,Premium Banking,0.6508092602894489,Medium,customer profile supports premium banking services; high transaction activity; strong segment fit,Cross-Sell,Introduce a complementary product and highlight premium services and exclusive benefits,Priority 2,0.6508092602894489,True
