customer_id,age,customer_tenure_years,annual_income,average_account_balance,monthly_spending,transaction_count,average_transaction_amount_x,recency_days,debit_ratio,credit_ratio,digital_usage_score,mobile_app_login_frequency,digital_transaction_ratio,products_held,engagement_score,spending_trend,total_transaction_amount,average_transaction_amount_y,median_transaction_amount,transaction_count_actual,active_months,last_transaction_date,first_transaction_date,debit_transactions,credit_transactions,transaction_amount_std,transactions_per_active_month,debit_ratio_actual,credit_ratio_actual,recency_days_actual,frequency,monetary,recency_score,frequency_score,monetary_score,rfm_score,products_held_actual,product_categories_held,product_value_total,product_value_average,loan_products,investment_products,insurance_products,credit_card_products,campaigns_received,campaign_interactions,campaigns_opened,campaigns_clicked,campaigns_converted,campaign_open_rate,campaign_click_rate,campaign_conversion_rate,recommendations_received,average_suitability_score,recommendations_accepted,recommendations_converted,recommendation_acceptance_rate,recommendation_conversion_rate,high_value_transactions,monthly_income,balance_to_income_ratio,spending_to_income_ratio,transaction_value_to_income_ratio,product_penetration,high_value_transaction_ratio,digital_activity_index,relationship_depth_score,customer_value_index
C000001,22,6.5,153580,237304,8123.64,50,183.03,1.2,0.802,0.198,0.724,17.0,0.48,3,0.738,0.119,7717.03,154.3406,127.515,50,4,2026-08-28,2026-05-21,44,6,78.36699842720655,12.5,0.88,0.12,1,50,7717.03,5,4,5,14,3,3,137848.99,45949.66333333333,0,0,1,1,6,6,4,2,1,0.6666666666666666,0.5,0.5,5,0.5178,2,1,0.4,0.5,0,12798.333333333334,1.5451491079567652,0.6347420237010027,0.05024762338846204,0.375,0.0,0.6157999999999999,0.5214000000000001,0.6719166666666667
C000002,22,2.0,40691,198154,1694.73,41,100.0,1.8,0.686,0.314,0.578,2.0,0.398,3,0.604,0.112,1944.67,47.430975609756096,40.0,41,4,2026-08-27,2026-03-20,29,12,12.455686613928203,10.25,0.7073170731707317,0.2926829268292683,2,41,1944.67,5,3,2,10,3,3,117694.7,39231.566666666666,0,0,1,1,4,4,1,0,0,0.25,0.0,0.0,4,0.33099999999999996,1,0,0.25,0.0,0,3390.9166666666665,4.869725492123566,0.4997852104888059,0.04779115774987098,0.375,0.0,0.37960000000000005,0.48120000000000007,0.15283333333333332
C000003,56,3.3,76144,118768,3134.01,38,100.27,4.4,0.722,0.278,0.488,18.0,0.513,2,0.504,0.181,3544.19,93.26815789473685,81.435,38,4,2026-08-25,2026-04-10,30,8,51.25199797583442,9.5,0.7894736842105263,0.21052631578947367,4,38,3544.19,5,3,3,11,2,2,39471.64,19735.82,0,0,0,1,7,7,5,1,0,0.7142857142857143,0.2,0.0,2,0.29400000000000004,2,0,1.0,0.0,0,6345.333333333333,1.5597814666946836,0.49390785879386434,0.04654588674091196,0.25,0.0,0.5278499999999999,0.4012,0.3531666666666667
C000004,47,6.9,230937,791865,8689.07,48,204.95,3.7,0.715,0.285,0.847,15.0,0.568,3,0.612,0.064,8257.62,172.03375000000003,143.6,48,5,2026-08-26,2026-04-09,36,12,95.22454890046932,9.6,0.75,0.25,3,48,8257.62,5,4,5,14,3,3,250331.94,83443.98,0,1,1,1,5,5,3,1,0,0.6,0.3333333333333333,0.0,2,0.727,0,0,0.0,0.0,0,19244.75,3.4289221735798074,0.4515033970303589,0.03575702464308448,0.375,0.0,0.67315,0.5211,0.9006666666666666
C000005,21,7.7,194430,1379040,4374.95,57,100.0,21.0,0.566,0.434,0.706,3.0,0.896,2,0.387,0.205,3527.13,61.87947368421053,52.1,57,6,2026-08-08,2026-03-25,35,22,25.04149794562822,9.5,0.6140350877192983,0.38596491228070173,21,57,3527.13,2,5,3,10,2,2,282562.21,141281.105,1,0,0,0,4,4,2,1,0,0.5,0.5,0.0,5,0.5660000000000001,2,1,0.4,0.5,0,16202.5,7.092732602993365,0.2700169726893998,0.01814087332201821,0.25,0.0,0.5717,0.44109999999999994,0.8683333333333334
C000006,47,6.5,69776,141956,3378.64,40,100.0,16.0,0.915,0.085,0.699,9.0,0.391,4,0.537,0.121,2981.82,74.5455,65.78999999999999,40,4,2026-08-13,2026-05-07,38,2,31.14334846463597,10.0,0.95,0.05,16,40,2981.82,2,3,3,8,4,4,96919.64,24229.91,1,1,0,1,6,6,4,0,0,0.6666666666666666,0.0,0.0,5,0.3406,1,0,0.2,0.0,0,5814.666666666667,2.0344531070855307,0.5810548039440495,0.04273417794083926,0.5,0.0,0.5023,0.5111,0.351
C000007,32,15.9,76951,592471,5312.78,19,276.22,31.9,0.841,0.159,0.491,4.0,0.414,5,0.277,-0.077,4203.53,221.23842105263157,175.4,19,5,2026-07-25,2026-03-01,18,1,129.24235594258815,3.8,0.9473684210526315,0.05263157894736842,35,19,4203.53,1,1,4,6,5,4,643928.14,128785.628,1,1,0,1,3,3,2,1,1,0.6666666666666666,0.5,1.0,2,0.179,1,1,0.5,1.0,0,6412.583333333333,7.69932814388377,0.8284929370638459,0.054626060739951396,0.625,0.0,0.36445,0.5206,0.6493333333333333
C000008,58,9.7,46477,111964,1000.0,7,162.03,180.0,0.768,0.232,0.12,1.0,0.105,2,0.19,0.017,772.02,110.28857142857143,94.08,7,3,2026-03-01,2026-01-13,5,2,47.52811814374428,2.3333333333333335,0.7142857142857143,0.2857142857142857,181,7,772.02,1,1,1,3,2,2,14983.98,7491.99,1,0,0,0,7,7,2,0,0,0.2857142857142857,0.0,0.0,3,0.126,1,1,0.3333333333333333,1.0,0,3873.0833333333335,2.409019515028939,0.2581922241108505,0.01661079673817157,0.25,0.0,0.09025,0.26949999999999996,0.07583333333333334
C000009,36,3.7,56869,61634,2813.65,38,100.0,8.6,0.719,0.281,0.213,10.0,0.206,4,0.506,-0.146,2406.59,63.331315789473685,54.595,38,5,2026-08-21,2026-04-04,30,8,33.06331307045438,7.6,0.7894736842105263,0.21052631578947367,8,38,2406.59,3,3,2,8,4,3,44092.95,11023.2375,1,1,0,0,6,6,4,1,0,0.6666666666666666,0.25,0.0,4,0.38225000000000003,0,0,0.0,0.0,0,4739.083333333333,1.0837890590655717,0.5937118641087412,0.042318134660359774,0.5,0.0,0.24735000000000001,0.5393,0.20008333333333334
C000010,51,13.7,46470,48989,1458.12,16,100.0,14.9,0.607,0.393,0.284,6.0,0.196,3,0.293,-0.265,1825.21,114.075625,98.975,16,5,2026-08-12,2026-01-30,13,3,56.41001683728993,3.2,0.8125,0.1875,17,16,1825.21,2,1,1,4,3,2,5210.95,1736.9833333333333,2,0,0,0,3,3,0,0,0,0.0,0.0,0.0,5,0.23620000000000002,0,0,0.0,0.0,0,3872.5,1.0542070152786744,0.3765319561007101,0.039277168065418554,0.375,0.0,0.2368,0.4254,0.07025
C000011,49,4.8,33360,328453,1000.0,29,100.0,8.3,0.792,0.208,0.802,12.0,0.527,1,0.596,-0.189,1294.56,44.64,40.0,29,5,2026-08-21,2026-03-06,23,6,9.250059845366254,5.8,0.7931034482758621,0.20689655172413793,8,29,1294.56,3,2,1,6,1,1,26976.43,26976.43,0,0,0,0,6,6,4,2,1,0.6666666666666666,0.5,0.5,2,0.395,1,0,0.5,0.0,0,2780.0,9.845713429256595,0.3597122302158273,0.03880575539568345,0.125,0.0,0.61265,0.4163,0.17916666666666664
C000012,68,5.3,255850,432737,14227.09,50,311.0,6.3,0.759,0.241,0.569,14.0,0.506,5,0.712,-0.049,12100.32,242.00639999999999,209.22,50,5,2026-08-23,2026-04-29,37,13,139.52063421031664,10.0,0.74,0.26,6,50,12100.32,4,4,5,13,5,4,341113.20999999996,68222.64199999999,0,1,0,1,5,5,1,0,0,0.2,0.0,0.0,5,0.43520000000000003,1,1,0.2,1.0,0,21320.833333333332,1.6913699433261677,0.6672858315419191,0.04729458667187805,0.625,0.0,0.52255,0.6511,0.8510833333333333
C000013,40,6.8,95948,499625,2401.29,43,100.0,6.4,0.751,0.249,0.776,13.0,0.644,3,0.657,0.065,2828.61,65.78162790697675,57.59,43,4,2026-08-22,2026-05-14,36,7,25.555148761828853,10.75,0.8372093023255814,0.16279069767441862,7,43,2828.61,4,4,3,11,3,3,125017.23,41672.409999999996,1,1,0,0,6,6,5,0,0,0.8333333333333334,0.0,0.0,2,0.51,1,1,0.5,1.0,0,7995.666666666667,5.207247675824405,0.30032392545962394,0.029480656188768918,0.375,0.0,0.6402,0.49710000000000004,0.5860833333333334
C000014,29,4.2,132824,453514,5065.06,61,100.0,20.2,0.717,0.283,0.879,14.0,0.675,6,0.753,-0.029,4123.36,67.59606557377049,56.81,61,4,2026-08-09,2026-05-12,43,18,31.113117291515945,15.25,0.7049180327868853,0.29508196721311475,20,61,4123.36,2,5,4,11,6,5,264535.58,44089.263333333336,0,1,1,1,3,3,3,2,0,1.0,0.6666666666666666,0.0,4,0.60025,3,1,0.75,0.3333333333333333,0,11068.666666666666,3.4143980003613805,0.4576034451605132,0.031043787267361317,0.75,0.0,0.7043,0.6759000000000001,0.7334166666666666
C000015,42,8.0,45253,150135,1462.64,30,100.0,12.8,0.651,0.349,0.876,15.0,0.871,1,0.622,-0.048,1440.21,48.007,40.0,30,4,2026-08-16,2026-05-12,15,15,16.792223600472806,7.5,0.5,0.5,13,30,1440.21,2,2,1,5,1,1,22338.37,22338.37,0,0,0,0,7,7,3,3,0,0.42857142857142855,1.0,0.0,2,0.5854999999999999,0,0,0.0,0.0,0,3771.0833333333335,3.317680595761607,0.38785671668176697,0.031825735310366164,0.125,0.0,0.76195,0.3866,0.12041666666666666
C000016,54,2.0,66693,167247,1916.31,41,100.0,3.8,0.815,0.185,0.608,18.0,0.602,2,0.521,0.114,2480.55,60.50121951219513,52.73,41,3,2026-08-25,2026-06-01,35,6,27.569793451812615,13.666666666666666,0.8536585365853658,0.14634146341463414,4,41,2480.55,5,3,2,10,2,2,13757.45,6878.725,0,0,0,1,5,5,1,0,0,0.2,0.0,0.0,3,0.4703333333333333,3,1,1.0,0.3333333333333333,0,5557.75,2.5077144527911477,0.34479960415635824,0.03719355854437498,0.25,0.0,0.6041000000000001,0.3688,0.26258333333333334
C000017,51,12.0,57612,213731,1307.3,8,275.31,171.3,0.531,0.469,0.011,0.0,0.095,1,0.241,-0.374,1281.3700000000001,160.17125000000001,92.08500000000001,8,4,2026-03-08,2025-10-02,3,5,154.45884282483058,2.0,0.375,0.625,174,8,1281.3700000000001,1,1,1,3,1,1,62593.71,62593.71,0,0,0,0,4,4,0,0,0,0.0,0.0,0.0,2,0.22549999999999998,1,0,0.5,0.0,0,4801.0,3.7098347566479206,0.27229743803374296,0.02224137332500174,0.125,0.0,0.0287,0.2723,0.21716666666666667
C000018,58,9.1,126100,770007,6929.81,38,209.64,11.9,0.595,0.405,0.229,0.0,0.142,2,0.625,-0.155,8112.06,213.47526315789474,198.535,38,4,2026-08-17,2026-04-28,25,13,91.5632298362011,9.5,0.6578947368421053,0.34210526315789475,12,38,8112.06,3,3,5,11,2,2,272937.32,136468.66,0,0,0,1,4,4,1,1,0,0.25,1.0,0.0,5,0.516,1,0,0.2,0.0,0,10508.333333333334,6.106320380650278,0.6594585249801744,0.06433037272006345,0.25,0.0,0.13855,0.4375,0.81325
C000019,37,5.0,98437,287488,2643.41,19,175.45,57.2,0.453,0.547,0.584,14.0,0.604,1,0.468,-0.175,2756.66,145.08736842105262,139.15,19,5,2026-07-03,2026-03-10,10,9,62.04890677182754,3.8,0.5263157894736842,0.47368421052631576,57,19,2756.66,1,1,3,5,1,1,82161.36,82161.36,0,0,0,0,4,4,2,2,0,0.5,1.0,0.0,3,0.421,0,0,0.0,0.0,0,8203.083333333334,2.920527850300192,0.3222459034712557,0.028004307323465767,0.125,0.0,0.5538,0.3779,0.5054166666666666
C000020,48,7.8,61315,284984,2207.99,41,100.0,14.4,0.775,0.225,0.771,17.0,0.579,4,0.642,0.025,2372.72,57.87121951219512,47.67,41,5,2026-08-15,2026-03-31,32,9,24.642862881077956,8.2,0.7804878048780488,0.21951219512195122,14,41,2372.72,2,3,2,7,4,4,229998.24999999997,57499.56249999999,1,0,1,1,4,4,3,3,1,0.75,1.0,0.3333333333333333,5,0.35860000000000003,2,2,0.4,1.0,0,5109.583333333333,4.647867569110332,0.43212721193835113,0.03869721927750142,0.5,0.0,0.6617,0.5801000000000001,0.32058333333333333
C000021,41,15.9,63249,357628,3019.08,46,100.0,4.0,0.775,0.225,0.408,7.0,0.388,2,0.543,-0.19,3258.79,70.84326086956521,59.205,46,5,2026-08-24,2026-03-25,42,4,34.80955348140621,9.2,0.9130434782608695,0.08695652173913043,5,46,3258.79,4,4,3,11,2,2,102143.98999999999,51071.994999999995,0,0,0,1,6,6,3,0,0,0.5,0.0,0.0,2,0.323,1,0,0.5,0.0,0,5270.75,5.654287024300779,0.5727989375326092,0.051523186137330236,0.25,0.0,0.35059999999999997,0.4504,0.4176666666666667
C000022,60,3.3,40295,43404,1000.0,13,100.0,52.9,0.627,0.373,0.467,11.0,0.617,1,0.239,0.029,1056.19,81.24538461538462,73.03,13,7,2026-07-08,2025-12-20,8,5,28.932182085981868,1.8571428571428572,0.6153846153846154,0.38461538461538464,52,13,1056.19,1,1,1,3,1,1,12951.0,12951.0,0,0,0,0,6,6,2,0,0,0.3333333333333333,0.0,0.0,3,0.29233333333333333,0,0,0.0,0.0,0,3357.9166666666665,1.0771559746866857,0.2978036977292468,0.026211440625387765,0.125,0.0,0.4744,0.3842,0.025750000000000002
C000023,51,7.1,96216,470785,4264.49,45,107.06,3.0,0.732,0.268,0.59,14.0,0.4,2,0.709,0.104,3947.65,87.72555555555556,72.33,45,5,2026-08-26,2026-04-09,30,15,46.11497210803941,9.0,0.6666666666666666,0.3333333333333333,3,45,3947.65,5,4,4,13,2,2,54378.37,27189.185,0,1,0,1,5,5,2,2,0,0.4,1.0,0.0,5,0.5946,3,1,0.6,0.3333333333333333,0,8018.0,4.8930011640475595,0.5318645547518084,0.04102903882930074,0.25,0.0,0.5055000000000001,0.5002,0.6554166666666666
C000024,45,5.0,308975,777550,17535.09,63,360.92,17.6,0.527,0.473,0.767,8.0,0.619,5,0.748,0.136,18294.72,290.39238095238096,257.93,63,4,2026-08-12,2026-05-09,31,32,141.98691773806405,15.75,0.49206349206349204,0.5079365079365079,17,63,18294.72,2,5,5,12,5,4,721985.74,144397.148,0,1,1,1,5,5,3,1,0,0.6,0.3333333333333333,0.0,5,0.601,3,0,0.6,0.0,0,25747.916666666668,2.5165466461687838,0.6810294684035925,0.05921100412654746,0.625,0.0,0.5799,0.6244000000000001,0.9375833333333333
C000025,42,1.5,68284,558854,4263.61,52,100.0,6.1,0.658,0.342,0.617,9.0,0.347,1,0.532,-0.005,4842.59,93.12673076923078,81.41499999999999,52,4,2026-08-23,2026-05-18,36,16,42.81199688566113,13.0,0.6923076923076923,0.3076923076923077,6,52,4842.59,4,4,4,12,1,1,143937.34,143937.34,0,0,0,0,6,6,0,0,0,0.0,0.0,0.0,4,0.41375,1,0,0.25,0.0,0,5690.333333333333,8.184259855895965,0.7492724503544022,0.07091837033565697,0.125,0.0,0.4544,0.35960000000000003,0.5729166666666666
C000026,46,4.8,272967,1842434,15579.77,53,255.0,6.5,0.519,0.481,0.935,17.0,0.582,4,0.616,-0.019,15655.38,295.3845283018868,274.37,53,4,2026-08-22,2026-05-19,24,29,147.3223542827355,13.25,0.4528301886792453,0.5471698113207547,7,53,15655.38,4,5,5,14,4,4,1310295.69,327573.9225,0,1,1,1,7,7,7,5,3,1.0,0.7142857142857143,0.6,2,0.583,1,0,0.5,0.0,0,22747.25,6.749658383614136,0.6849078460033631,0.05735264702326655,0.5,0.0,0.7362500000000001,0.5347999999999999,0.979
C000027,24,4.4,93685,184061,4179.14,15,326.64,66.1,0.435,0.565,0.355,14.0,0.432,1,0.24,-0.282,3248.6,216.57333333333332,167.94,15,5,2026-06-20,2025-08-31,9,6,91.41393865791134,3.0,0.6,0.4,70,15,3248.6,1,1,3,5,1,1,28122.88,28122.88,0,0,0,0,4,4,0,0,0,0.0,0.0,0.0,3,0.4163333333333334,1,1,0.3333333333333333,1.0,0,7807.083333333333,1.964679511127715,0.5353010620697017,0.034675775204141536,0.125,0.0,0.40774999999999995,0.3095,0.50275
C000028,35,7.2,202585,1332176,10943.6,45,260.44,7.7,0.606,0.394,0.85,18.0,0.98,3,0.708,0.255,13114.26,291.428,244.54,45,5,2026-08-22,2026-04-07,25,20,150.61910615553032,9.0,0.5555555555555556,0.4444444444444444,7,45,13114.26,4,4,5,13,3,3,486678.98,162226.32666666666,0,0,1,1,7,7,3,2,1,0.42857142857142855,0.6666666666666666,0.5,4,0.70675,2,1,0.5,0.5,0,16882.083333333332,6.575886664856727,0.6482375299257103,0.0647346052274354,0.375,0.0,0.8074999999999999,0.5499,0.9320833333333333
C000029,48,10.9,112506,485476,3445.04,29,123.79,22.1,0.671,0.329,0.359,9.0,0.397,2,0.647,-0.1,3056.76,105.40551724137931,88.14,29,4,2026-08-06,2026-03-21,22,7,70.91332010611903,7.25,0.7586206896551724,0.2413793103448276,23,29,3056.76,2,2,3,7,2,2,132765.51,66382.755,0,0,0,1,6,6,3,0,0,0.5,0.0,0.0,4,0.50625,2,0,0.5,0.0,0,9375.5,4.315112082911134,0.36745133592875046,0.02716975094661618,0.25,0.0,0.3508,0.4441,0.6749999999999999
C000030,36,15.5,68116,249769,2288.26,4,614.67,89.2,0.892,0.108,0.209,3.0,0.025,3,0.19,-0.182,2379.65,594.9125,574.37,4,3,2026-05-19,2026-03-03,4,0,111.62319722321763,1.3333333333333333,1.0,0.0,102,4,2379.65,1,1,2,4,3,3,180321.95,60107.31666666667,1,0,0,1,5,5,1,0,0,0.2,0.0,0.0,4,0.30825,1,0,0.25,0.0,0,5676.333333333333,3.666818368665218,0.40312290798050393,0.03493525750190851,0.375,0.0,0.1303,0.3195,0.34299999999999997
C000031,51,5.7,74331,399427,2408.89,19,149.58,34.8,0.665,0.335,0.413,6.0,0.611,1,0.281,-0.095,2296.73,120.88052631578948,129.62,19,5,2026-07-25,2026-02-01,11,8,47.33302552407945,3.8,0.5789473684210527,0.42105263157894735,35,19,2296.73,1,1,2,4,1,1,22554.0,22554.0,0,0,0,0,3,3,2,0,0,0.6666666666666666,0.0,0.0,3,0.26866666666666666,0,0,0.0,0.0,0,6194.25,5.373626077948635,0.38889131048956693,0.030898682918297882,0.125,0.0,0.3986,0.3218,0.4728333333333334
C000032,52,9.9,46478,501856,1963.89,22,127.38,10.2,0.711,0.289,0.836,8.0,0.577,1,0.474,-0.007,1537.67,69.8940909090909,59.195,22,4,2026-08-18,2026-01-30,15,7,32.576515446836986,5.5,0.6818181818181818,0.3181818181818182,11,22,1537.67,3,1,1,5,1,1,69513.91,69513.91,0,0,0,0,4,4,2,1,0,0.5,0.5,0.0,3,0.46,0,0,0.0,0.0,0,3873.1666666666665,10.79771074486854,0.5070502173071131,0.033083824605189556,0.125,0.0,0.6004499999999999,0.3422,0.3328333333333333
C000033,37,16.7,41887,79932,1396.97,19,108.58,82.1,0.592,0.408,0.46,14.0,0.435,1,0.254,-0.075,1204.8,63.41052631578947,53.59,19,4,2026-05-31,2026-02-21,7,12,23.309379722355033,4.75,0.3684210526315789,0.631578947368421,90,19,1204.8,1,1,1,3,1,1,12771.35,12771.35,0,0,0,0,3,3,0,0,0,0.0,0.0,0.0,4,0.39425,0,0,0.0,0.0,0,3490.5833333333335,1.908277031059756,0.40021104399933155,0.028763100723374794,0.125,0.0,0.45575,0.2762,0.061166666666666675
C000034,43,2.2,77898,475689,3891.82,50,105.21,11.2,0.641,0.359,0.436,10.0,0.27,4,0.424,-0.031,3606.7200000000003,72.1344,68.585,50,5,2026-08-18,2026-04-30,32,18,29.760304211743367,10.0,0.64,0.36,11,50,3606.7200000000003,3,4,3,10,4,4,259518.67,64879.6675,0,1,0,1,3,3,2,0,0,0.6666666666666666,0.0,0.0,2,0.5155,0,0,0.0,0.0,0,6491.5,6.1065624277901875,0.5995255333898175,0.046300546868982516,0.5,0.0,0.3637,0.5146999999999999,0.5849166666666666
C000035,21,6.9,83077,144661,3032.34,29,107.9,0.7,0.782,0.218,0.645,15.0,0.329,2,0.554,-0.186,3583.35,123.56379310344828,107.74,29,5,2026-08-28,2026-04-07,22,7,58.03021703104298,5.8,0.7586206896551724,0.2413793103448276,1,29,3583.35,5,2,3,10,2,2,18434.61,9217.305,0,0,0,1,6,6,2,0,0,0.3333333333333333,0.0,0.0,3,0.43566666666666665,0,0,0.0,0.0,0,6923.083333333333,1.7412882025109235,0.43800426110716567,0.04313287672881784,0.25,0.0,0.5225,0.4537,0.3985
C000036,58,7.1,56817,250642,1670.93,25,100.0,7.4,0.551,0.449,0.578,9.0,0.331,2,0.624,0.036,1750.72,70.0288,53.56,25,5,2026-08-22,2026-04-26,12,13,37.68601744679318,5.0,0.48,0.52,7,25,1750.72,4,2,1,7,2,2,95396.91,47698.455,0,0,0,1,5,5,1,0,0,0.2,0.0,0.0,4,0.49275,2,0,0.5,0.0,0,4734.75,4.411390956931904,0.3529077564813348,0.030813312916908673,0.25,0.0,0.43284999999999996,0.4747,0.24766666666666667
C000037,34,4.5,131405,108884,5045.4,59,100.0,17.5,0.746,0.254,0.781,9.0,0.608,1,0.677,0.063,6193.13,104.96830508474577,92.78,59,5,2026-08-12,2026-04-04,47,12,57.556492822645566,11.8,0.7966101694915254,0.2033898305084746,17,59,6193.13,2,5,5,12,1,1,8066.64,8066.64,0,0,0,1,6,6,4,2,1,0.6666666666666666,0.5,0.5,5,0.46900000000000003,1,0,0.2,0.0,0,10950.416666666666,0.8286138274799285,0.4607495909592481,0.047130093984247175,0.125,0.0,0.59345,0.4406,0.5376666666666667
C000038,53,4.0,66486,461713,2430.01,44,100.0,15.5,0.801,0.199,0.866,14.0,0.609,1,0.71,0.042,3008.27,68.36977272727273,55.95,44,5,2026-08-12,2026-04-25,35,9,33.497291073301305,8.8,0.7954545454545454,0.20454545454545456,17,44,3008.27,2,4,3,9,1,1,68623.22,68623.22,0,0,0,0,4,4,1,1,1,0.25,1.0,1.0,5,0.5476,1,0,0.2,0.0,0,5540.5,6.944514634659928,0.43859037992960925,0.04524666847155792,0.125,0.0,0.68195,0.4505,0.44966666666666666
C000039,37,3.9,80647,485127,3727.03,29,126.49,7.2,0.804,0.196,0.34,5.0,0.385,2,0.448,0.155,3393.92,117.03172413793104,101.46,29,5,2026-08-20,2026-04-28,22,7,94.21303868167861,5.8,0.7586206896551724,0.2413793103448276,9,29,3393.92,3,2,3,8,2,2,203611.72,101805.86,0,1,0,0,4,4,2,1,0,0.5,0.5,0.0,3,0.47633333333333333,3,1,1.0,0.3333333333333333,0,6720.583333333333,6.015437648021625,0.5545694198172282,0.04208364849281437,0.25,0.0,0.29925,0.42189999999999994,0.5987500000000001
C000040,41,11.5,49918,56434,3349.04,41,100.0,18.2,0.799,0.201,0.77,18.0,0.8,3,0.6,-0.295,2841.93,69.31536585365853,67.43,41,5,2026-08-11,2026-04-03,34,7,25.317932389668098,8.2,0.8292682926829268,0.17073170731707318,18,41,2841.93,2,3,3,8,3,3,36090.54,12030.18,0,0,1,1,6,6,1,1,0,0.16666666666666666,1.0,0.0,4,0.30325,2,0,0.5,0.0,0,4159.833333333333,1.1305340758844504,0.8050899475139229,0.056931968428222283,0.375,0.0,0.7264999999999999,0.5175000000000001,0.19191666666666668
C000041,35,7.2,55005,245757,2158.21,28,100.0,3.5,0.861,0.139,0.348,9.0,0.5,1,0.496,0.034,2452.33,87.58321428571428,77.33,28,3,2026-08-24,2026-06-18,26,2,38.4217066400956,9.333333333333334,0.9285714285714286,0.07142857142857142,5,28,2452.33,4,2,2,8,1,1,65550.69,65550.69,0,0,0,0,3,3,0,0,0,0.0,0.0,0.0,5,0.37,1,1,0.2,1.0,0,4583.75,4.467902917916553,0.470839378238342,0.04458376511226252,0.125,0.0,0.37159999999999993,0.31129999999999997,0.25666666666666665
C000042,70,6.4,128787,1037094,4962.85,42,100.0,6.7,0.722,0.278,0.652,13.0,0.471,5,0.638,-0.077,5986.03,142.5245238095238,123.715,42,6,2026-08-22,2026-03-29,33,9,66.04459543636463,7.0,0.7857142857142857,0.21428571428571427,7,42,5986.03,4,3,5,12,5,5,873662.98,174732.596,1,1,1,1,6,6,3,0,0,0.5,0.0,0.0,4,0.64325,2,0,0.5,0.0,0,10732.25,8.05278483076708,0.4624240024226048,0.04648007951113078,0.625,0.0,0.54115,0.6664,0.8147500000000001
C000043,25,4.5,115765,629061,4951.26,45,105.21,4.4,0.662,0.338,0.644,18.0,0.522,2,0.481,-0.03,4935.01,109.66688888888889,102.25,45,4,2026-08-25,2026-05-06,34,11,53.54916359682186,11.25,0.7555555555555555,0.24444444444444444,4,45,4935.01,5,4,4,13,2,2,173519.94999999998,86759.97499999999,0,1,0,0,4,4,3,0,0,0.75,0.0,0.0,5,0.46040000000000003,2,0,0.4,0.0,0,9647.083333333334,5.433948084481493,0.5132390618926272,0.04262955124605883,0.25,0.0,0.6003000000000001,0.3943,0.7537499999999999
C000044,35,10.1,224914,664091,13916.36,54,198.12,13.8,0.653,0.347,0.766,8.0,0.536,5,0.94,-0.071,13574.72,251.3837037037037,213.715,54,5,2026-08-15,2026-03-16,36,18,124.10688990492355,10.8,0.6666666666666666,0.3333333333333333,14,54,13574.72,2,5,5,12,5,5,627449.3,125489.86000000002,1,1,0,1,7,7,6,4,2,0.8571428571428571,0.6666666666666666,0.5,2,0.3605,1,0,0.5,0.0,0,18742.833333333332,2.9526441217532033,0.7424896627155269,0.060355157971491324,0.625,0.0,0.5587,0.7195,0.8979166666666667
C000045,55,6.1,52723,401578,2981.14,44,100.0,1.0,0.684,0.316,0.397,12.0,0.282,2,0.664,-0.04,2642.84,60.06454545454546,52.985,44,4,2026-08-28,2026-05-05,30,14,23.919800930040562,11.0,0.6818181818181818,0.3181818181818182,1,44,2642.84,5,4,2,11,2,1,102526.28,51263.14,0,0,0,0,5,5,3,2,0,0.6,0.6666666666666666,0.0,4,0.5365,2,1,0.5,0.5,0,4393.583333333333,7.616751702293117,0.678521328452478,0.05012688959277735,0.25,0.0,0.36915,0.44920000000000004,0.38216666666666665
C000046,36,16.8,104648,967901,3560.45,48,116.29,9.8,0.742,0.258,0.379,9.0,0.106,3,0.564,-0.143,3004.48,62.593333333333334,57.66,48,4,2026-08-19,2026-05-11,35,13,23.65105911292601,12.0,0.7291666666666666,0.2708333333333333,10,48,3004.48,3,4,3,10,3,3,305490.02,101830.00666666667,1,0,0,1,7,7,6,3,1,0.8571428571428571,0.5,0.3333333333333333,2,0.55,2,0,1.0,0.0,0,8720.666666666666,9.24911130647504,0.4082772723797875,0.02871034324592921,0.375,0.0,0.28705,0.46920000000000006,0.739
C000047,57,7.1,86099,365050,3409.69,32,141.04,10.8,0.73,0.27,0.689,20.0,0.561,2,0.496,0.086,3939.23,123.1009375,105.81,32,4,2026-08-19,2026-05-13,27,5,47.68006612353169,8.0,0.84375,0.15625,10,32,3939.23,3,2,4,9,2,2,180288.99,90144.495,1,0,0,0,6,6,2,1,1,0.3333333333333333,0.5,1.0,3,0.555,2,0,0.6666666666666666,0.0,0,7174.916666666667,4.239886642121279,0.4752236379052021,0.04575233161825341,0.25,0.0,0.6503,0.3988,0.5630833333333334
C000048,30,2.1,47472,311560,1653.61,26,100.0,0.1,0.621,0.379,0.636,8.0,0.573,1,0.488,0.015,1456.0,56.0,44.67,26,3,2026-08-29,2026-05-07,16,10,25.42606851245391,8.666666666666666,0.6153846153846154,0.38461538461538464,0,26,1456.0,5,2,1,8,1,1,16144.84,16144.84,0,0,0,0,5,5,5,4,0,1.0,0.8,0.0,3,0.44166666666666665,1,0,0.3333333333333333,0.0,0,3956.0,6.563026626221773,0.41800050556117285,0.03067071115604988,0.125,0.0,0.50945,0.30889999999999995,0.237
C000049,23,6.4,200412,197133,7672.27,49,100.0,22.1,0.594,0.406,0.581,15.0,0.475,4,0.702,0.18,5919.28,120.80163265306122,116.77,49,5,2026-08-07,2026-01-24,30,19,53.41240950327534,9.8,0.6122448979591837,0.3877551020408163,22,49,5919.28,2,4,4,10,4,4,56009.85,14002.4625,0,1,1,1,7,7,4,0,0,0.5714285714285714,0.0,0.0,3,0.4526666666666667,3,0,1.0,0.0,0,16701.0,0.9836387042692054,0.4593898568947967,0.029535556753088638,0.5,0.0,0.5302,0.5981,0.6760833333333334
C000050,37,7.3,57359,72119,1904.84,19,100.0,7.2,0.408,0.592,0.134,10.0,0.25,2,0.633,-0.215,1512.78,79.62,67.96,19,5,2026-08-21,2026-02-04,9,10,42.628185902444095,3.8,0.47368421052631576,0.5263157894736842,8,19,1512.78,3,1,1,5,2,2,14303.42,7151.71,0,0,0,1,5,5,1,1,0,0.2,1.0,0.0,5,0.40440000000000004,2,0,0.4,0.0,0,4779.916666666667,1.2573266619013581,0.3985090395578723,0.02637389075820708,0.25,0.0,0.2228,0.47739999999999994,0.15125
C000051,41,6.8,88764,484908,3571.59,37,105.13,14.6,0.723,0.277,0.568,6.0,0.451,3,0.558,-0.201,3660.42,98.93027027027027,88.15,37,5,2026-08-14,2026-04-18,34,3,46.68154920347049,7.4,0.918918918918919,0.08108108108108109,15,37,3660.42,2,3,3,8,3,3,191296.89,63765.630000000005,0,1,0,1,7,7,5,1,0,0.7142857142857143,0.2,0.0,2,0.206,1,0,0.5,0.0,0,7397.0,5.462890360957145,0.4828430444774909,0.041237663917804514,0.375,0.0,0.42835,0.5049,0.6246666666666667
C000052,39,5.3,42552,85458,1252.19,27,100.0,24.7,0.859,0.141,0.601,14.0,0.247,1,0.483,0.009,1241.91,45.99666666666667,40.0,27,4,2026-08-04,2026-05-01,22,5,11.833652144495508,6.75,0.8148148148148148,0.18518518518518517,25,27,1241.91,1,2,1,4,1,1,8189.43,8189.43,0,0,0,0,3,3,1,1,0,0.3333333333333333,1.0,0.0,5,0.44719999999999993,2,1,0.4,0.5,0,3546.0,2.0083192329385224,0.35312746756909197,0.029185702199661594,0.125,0.0,0.47220000000000006,0.3449,0.059083333333333335
C000053,38,10.1,54924,376121,3300.94,48,100.0,1.4,0.525,0.475,0.552,10.0,0.543,2,0.713,0.163,2765.62,57.61708333333333,45.375,48,3,2026-08-28,2026-06-01,22,26,25.678836468498456,16.0,0.4583333333333333,0.5416666666666666,1,48,2765.62,5,4,3,12,2,2,136145.56,68072.78,0,1,0,0,5,5,1,1,1,0.2,1.0,1.0,5,0.4808,1,1,0.2,1.0,0,4577.0,6.848026363702571,0.7212016604762945,0.0503535794916612,0.25,0.0,0.48415,0.4264,0.4023333333333333
C000054,37,3.7,114918,348817,5793.47,47,100.0,8.1,0.775,0.225,0.69,18.0,0.644,2,0.62,-0.077,4702.41,100.05127659574468,94.25,47,4,2026-08-21,2026-05-05,33,14,43.7425606403918,11.75,0.7021276595744681,0.2978723404255319,8,47,4702.41,3,4,4,11,2,2,139850.3,69925.15,1,0,0,0,5,5,3,0,0,0.6,0.0,0.0,3,0.4473333333333333,0,0,0.0,0.0,0,9576.5,3.0353556448946204,0.604967368036339,0.0409196992638229,0.25,0.0,0.6515,0.436,0.6751666666666667
C000055,33,6.6,89759,252562,4318.24,42,101.62,7.8,0.857,0.143,0.805,11.0,0.466,2,0.719,0.224,3718.83,88.54357142857143,86.07499999999999,42,3,2026-08-22,2026-06-08,37,5,39.03883931085395,14.0,0.8809523809523809,0.11904761904761904,7,42,3718.83,4,3,4,11,2,2,22494.629999999997,11247.314999999999,0,0,0,1,4,4,3,1,1,0.75,0.3333333333333333,1.0,4,0.45525,3,2,0.75,0.6666666666666666,0,7479.916666666667,2.8137791196425983,0.5773112445548635,0.041431277086420304,0.25,0.0,0.58875,0.42819999999999997,0.5386666666666666
C000056,40,2.2,78353,183785,2904.8,42,109.92,2.1,0.856,0.144,0.578,12.0,0.568,2,0.668,0.012,2289.99,54.52357142857142,48.78,42,4,2026-08-25,2026-03-01,39,3,16.544299559346953,10.5,0.9285714285714286,0.07142857142857142,4,42,2289.99,5,3,2,10,2,1,46804.43,23402.215,0,0,0,0,5,5,4,3,0,0.8,0.75,0.0,4,0.48150000000000004,2,1,0.5,0.5,0,6529.416666666667,2.3456025933914466,0.44487894528607713,0.029226577157224355,0.25,0.0,0.5221,0.4504,0.398
C000057,50,6.2,60590,491047,2530.06,24,116.41,14.1,0.644,0.356,0.868,14.0,0.593,2,0.434,0.007,2851.43,118.80958333333332,93.765,24,5,2026-08-15,2026-04-07,14,10,69.23945724042956,4.8,0.5833333333333334,0.4166666666666667,14,24,2851.43,2,1,3,6,2,2,76282.87,38141.435,0,0,0,1,4,4,1,0,0,0.25,0.0,0.0,5,0.5511999999999999,1,0,0.2,0.0,0,5049.166666666667,8.104423172140617,0.5010846674368707,0.04706106618253837,0.25,0.0,0.6788500000000001,0.41769999999999996,0.43299999999999994
C000058,48,6.2,51697,102501,1758.16,19,100.0,11.8,0.743,0.257,0.628,13.0,0.534,3,0.602,-0.105,1855.3799999999999,97.65157894736842,96.24,19,4,2026-08-17,2026-05-05,16,3,38.63337363575089,4.75,0.8421052631578947,0.15789473684210525,12,19,1855.3799999999999,3,1,1,5,3,3,35496.48,11832.160000000002,1,0,0,1,3,3,1,0,0,0.3333333333333333,0.0,0.0,3,0.36166666666666664,0,0,0.0,0.0,0,4308.083333333333,1.9827262703831945,0.40810724026539263,0.03588951002959553,0.375,0.0,0.5461,0.4806,0.13108333333333333
C000059,34,7.0,104581,123696,3391.93,53,100.0,8.4,0.629,0.371,0.998,18.0,0.663,3,0.787,-0.013,4033.93,76.11188679245282,74.77,53,5,2026-08-21,2026-04-20,36,17,29.068153473716784,10.6,0.6792452830188679,0.32075471698113206,8,53,4033.93,3,5,4,12,3,3,70609.95,23536.649999999998,1,0,1,0,3,3,3,2,0,1.0,0.6666666666666666,0.0,2,0.3935,0,0,0.0,0.0,0,8715.083333333334,1.1827769862594544,0.38920224514969254,0.03857230280834951,0.375,0.0,0.7948500000000001,0.5736,0.4598333333333333
C000060,45,16.9,109380,299489,5537.01,37,141.05,14.8,0.617,0.383,0.574,7.0,0.419,3,0.669,-0.137,4552.9,123.05135135135134,96.72,37,4,2026-08-14,2026-04-09,17,20,84.35896389708559,9.25,0.4594594594594595,0.5405405405405406,15,37,4552.9,2,3,4,9,3,2,198290.33,66096.77666666666,0,0,0,1,5,5,2,1,1,0.4,0.5,1.0,3,0.39666666666666667,1,0,0.3333333333333333,0.0,0,9115.0,2.73805997440117,0.6074613274821723,0.04162461144633388,0.375,0.0,0.43305,0.5007,0.6405833333333334
C000061,28,8.1,44549,158536,1518.05,14,108.28,42.0,0.693,0.307,0.468,18.0,0.224,1,0.425,0.095,1329.26,94.94714285714285,83.39,14,6,2026-07-18,2026-01-28,7,7,41.40803274515919,2.3333333333333335,0.5,0.5,42,14,1329.26,1,1,1,3,1,1,15564.72,15564.72,0,0,0,1,7,7,5,4,0,0.7142857142857143,0.8,0.0,5,0.29660000000000003,1,1,0.2,1.0,0,3712.4166666666665,3.5586881860423354,0.4089115356124717,0.029838155738624885,0.125,0.0,0.4466,0.40249999999999997,0.12733333333333335
C000062,38,8.4,146030,1839596,9350.3,56,170.63,27.5,0.832,0.168,1.0,16.0,0.784,1,0.565,-0.082,9762.66,174.3332142857143,144.365,56,5,2026-08-02,2026-04-01,48,8,96.0994971532988,11.2,0.8571428571428571,0.14285714285714285,27,56,9762.66,1,5,5,11,1,1,495260.73,495260.73,0,0,0,1,3,3,1,1,0,0.3333333333333333,1.0,0.0,3,0.6676666666666667,1,0,0.3333333333333333,0.0,0,12169.166666666666,12.597384099157708,0.768359926042594,0.0668537971649661,0.125,0.0,0.806,0.407,0.8969166666666666
C000063,46,10.6,63559,565185,4146.43,46,102.09,7.1,0.55,0.45,0.398,5.0,0.138,5,0.676,-0.071,4878.56,106.05565217391305,89.18,46,5,2026-08-22,2026-03-28,31,15,51.75389327930042,9.2,0.6739130434782609,0.32608695652173914,7,46,4878.56,4,4,4,12,5,4,447520.14999999997,89504.03,1,0,1,1,4,4,0,0,0,0.0,0.0,0.0,3,0.39266666666666666,0,0,0.0,0.0,0,5296.583333333333,8.892289054264541,0.782849950439749,0.0767563995657578,0.625,0.0,0.2636,0.6403,0.5419166666666666
C000064,36,2.7,71050,405204,2209.45,33,100.0,2.4,0.89,0.11,0.593,5.0,0.364,1,0.616,0.167,2737.44,82.95272727272727,71.01,33,3,2026-08-25,2026-06-20,28,5,40.03897556387458,11.0,0.8484848484848485,0.15151515151515152,4,33,2737.44,5,2,3,10,1,1,37376.83,37376.83,0,0,0,0,6,6,4,1,1,0.6666666666666666,0.25,1.0,3,0.511,1,0,0.3333333333333333,0.0,0,5920.833333333333,5.703082336382829,0.37316537649542575,0.0385283603096411,0.125,0.0,0.40785,0.34729999999999994,0.4453333333333333
C000065,53,8.0,32962,216370,1000.0,30,100.0,3.3,0.596,0.404,0.952,19.0,0.595,1,0.577,-0.063,1302.07,43.40233333333333,40.0,30,5,2026-08-25,2026-03-12,16,14,12.166352323131806,6.0,0.5333333333333333,0.4666666666666667,4,30,1302.07,5,2,1,8,1,1,35807.52,35807.52,0,0,0,0,4,4,2,1,0,0.5,0.5,0.0,5,0.4062,1,0,0.2,0.0,0,2746.8333333333335,6.564225471755354,0.36405557915175046,0.03950215399550998,0.125,0.0,0.76715,0.41059999999999997,0.11483333333333333
C000066,34,2.3,76211,285887,1223.04,20,100.0,19.4,0.785,0.215,0.433,10.0,0.38,1,0.359,0.002,1291.04,64.55199999999999,61.345,20,6,2026-08-07,2025-12-04,12,8,24.5930117587989,3.3333333333333335,0.6,0.4,22,20,1291.04,2,1,1,4,1,1,85252.87,85252.87,0,0,0,0,5,5,3,0,0,0.6,0.0,0.0,3,0.35566666666666663,1,1,0.3333333333333333,1.0,0,6350.916666666667,3.751256380312553,0.1925769245909383,0.016940336696802297,0.125,0.0,0.38985,0.38269999999999993,0.35683333333333334
C000067,35,12.0,48672,219270,1000.0,6,179.04,105.2,0.939,0.061,0.293,6.0,0.158,1,0.382,-0.285,968.5400000000001,161.42333333333335,152.84,6,4,2026-05-13,2026-02-13,6,0,97.76531484461485,1.5,1.0,0.0,108,6,968.5400000000001,1,1,1,3,1,1,29147.44,29147.44,0,0,0,0,7,7,4,2,0,0.5714285714285714,0.5,0.0,5,0.2576,0,0,0.0,0.0,0,4056.0,4.505054240631163,0.2465483234714004,0.01989932610124918,0.125,0.0,0.23135,0.3146,0.15275
C000068,43,10.7,156834,123090,7536.07,52,115.22,12.4,0.511,0.489,0.608,11.0,0.411,7,0.608,-0.001,8059.02,154.98115384615386,131.01999999999998,52,5,2026-08-16,2026-04-12,24,28,84.89238471710087,10.4,0.46153846153846156,0.5384615384615384,13,52,8059.02,2,4,5,11,7,6,154883.03,22126.147142857142,1,1,1,1,6,6,3,3,1,0.5,1.0,0.3333333333333333,4,0.32225000000000004,0,0,0.0,0.0,0,13069.5,0.7848425724013925,0.5766150197023604,0.05138566892383029,0.875,0.0,0.48635,0.7199000000000001,0.5975833333333334
C000069,43,7.1,183576,717496,7187.83,55,130.5,18.1,0.695,0.305,0.631,9.0,0.453,5,0.543,0.175,8091.86,147.12472727272726,137.44,55,6,2026-08-10,2026-03-24,35,20,67.3970042980411,9.166666666666666,0.6363636363636364,0.36363636363636365,19,55,8091.86,2,5,5,12,5,4,603683.76,120736.75200000001,2,1,1,0,6,6,3,1,0,0.5,0.3333333333333333,0.0,3,0.587,0,0,0.0,0.0,0,15298.0,3.9084411905695733,0.46985422931102105,0.04407907351723537,0.625,0.0,0.4872000000000001,0.6379,0.8569166666666667
C000070,38,11.3,187659,351909,5062.75,49,169.75,2.0,0.691,0.309,0.75,10.0,0.744,2,0.681,-0.14,4904.58,100.0934693877551,79.26,49,3,2026-08-27,2026-06-06,35,14,58.00929090639349,16.333333333333332,0.7142857142857143,0.2857142857142857,2,49,4904.58,5,4,4,13,2,2,97734.85,48867.425,0,0,0,1,6,6,3,1,0,0.5,0.3333333333333333,0.0,4,0.513,2,2,0.5,1.0,0,15638.25,1.8752577814013716,0.32374146723578406,0.026135597013732356,0.25,0.0,0.6235,0.4168,0.724
C000071,43,9.2,56520,99660,2487.62,35,100.0,1.9,0.432,0.568,0.396,7.0,0.411,1,0.445,-0.017,2860.02,81.71485714285714,73.8,35,4,2026-08-28,2026-05-16,17,18,38.687533816115874,8.75,0.4857142857142857,0.5142857142857142,1,35,2860.02,5,2,3,10,1,1,26399.19,26399.19,0,0,0,0,3,3,3,3,0,1.0,1.0,0.0,3,0.123,0,0,0.0,0.0,0,4710.0,1.7632696390658174,0.5281571125265393,0.050601910828025475,0.125,0.0,0.35095000000000004,0.3335,0.19808333333333333
C000072,36,11.4,347796,1655592,16358.91,65,227.82,50.1,0.853,0.147,0.674,13.0,0.616,3,0.526,0.074,17852.73,274.6573846153846,267.64,65,5,2026-07-10,2026-02-28,52,13,149.97374551772515,13.0,0.8,0.2,50,65,17852.73,1,5,5,11,3,2,1209969.76,403323.25333333336,0,0,0,0,3,3,1,1,1,0.3333333333333333,1.0,1.0,2,0.6174999999999999,1,1,0.5,1.0,0,28983.0,4.760238760652796,0.564431218300383,0.05133103888486354,0.375,0.0,0.5873,0.4953,0.9844999999999999
C000073,26,6.3,65480,169019,2573.73,20,118.3,31.2,0.502,0.498,0.144,0.0,0.0,3,0.523,0.033,2541.32,127.066,130.59,20,4,2026-07-28,2026-04-10,10,10,66.72409092279703,5.0,0.5,0.5,32,20,2541.32,1,1,2,4,3,2,58903.03,19634.343333333334,0,1,0,0,4,4,1,0,0,0.25,0.0,0.0,5,0.3088,2,1,0.4,0.5,0,5456.666666666667,2.5812309102015885,0.47166707391569945,0.038810629199755656,0.375,0.0,0.0648,0.4569000000000001,0.2976666666666667
C000074,52,18.0,158158,1011371,5589.75,60,117.98,9.8,0.724,0.276,0.935,7.0,0.716,6,0.748,-0.159,5694.49,94.90816666666666,79.59,60,4,2026-08-19,2026-04-10,43,17,45.69763593973134,15.0,0.7166666666666667,0.2833333333333333,10,60,5694.49,3,5,4,12,6,5,570366.0700000001,95061.01166666667,1,1,1,1,5,5,4,2,0,0.8,0.5,0.0,2,0.6719999999999999,1,0,0.5,0.0,0,13179.833333333334,6.394687590890123,0.42411386082272157,0.0360050708784886,0.75,0.0,0.66975,0.6744000000000001,0.8555833333333334
C000075,70,5.6,118289,1001561,5747.39,57,100.0,3.7,0.639,0.361,0.585,6.0,0.32,1,0.7,0.119,4471.32,78.44421052631579,71.11,57,6,2026-08-24,2026-02-02,30,27,29.783136344688682,9.5,0.5263157894736842,0.47368421052631576,5,57,4471.32,4,5,4,13,1,1,278774.62,278774.62,0,0,0,0,4,4,2,2,0,0.5,1.0,0.0,4,0.51125,2,1,0.5,0.5,0,9857.416666666666,8.467067943764848,0.5830523548258926,0.03779996449373991,0.125,0.0,0.40325,0.485,0.8180833333333333
C000076,34,7.9,208718,1637487,14206.35,56,195.72,33.5,0.674,0.326,0.714,10.0,0.444,6,0.768,0.063,16478.329999999998,294.25589285714284,279.555,56,4,2026-07-27,2026-04-13,35,21,113.36375700736401,14.0,0.625,0.375,33,56,16478.329999999998,1,5,5,11,6,5,1450746.78,241791.13,1,1,0,1,4,4,3,3,3,0.75,1.0,1.0,5,0.5942000000000001,2,2,0.4,1.0,0,17393.166666666668,7.845451757874261,0.8167776617253902,0.07895021033164365,0.75,0.0,0.5323,0.6804000000000001,0.9490000000000001
C000077,33,5.9,63635,380672,2379.49,15,220.39,38.3,0.72,0.28,0.438,9.0,0.322,1,0.315,0.019,2639.36,175.95733333333334,143.97,15,5,2026-07-21,2026-03-07,13,2,122.18584775816285,3.0,0.8666666666666667,0.13333333333333333,39,15,2639.36,1,1,2,4,1,1,56889.32,56889.32,0,0,1,0,5,5,2,1,0,0.4,0.5,0.0,5,0.4016,3,1,0.6,0.3333333333333333,0,5302.916666666667,5.98211675964485,0.44871344385951123,0.04147654592598413,0.125,0.0,0.36760000000000004,0.33199999999999996,0.40149999999999997
C000078,53,5.4,43703,72449,1024.07,12,100.0,175.4,0.738,0.262,0.528,9.0,0.337,2,0.487,-0.489,1247.67,103.97250000000001,97.37,12,3,2026-02-14,2025-12-08,12,0,35.18972735563088,4.0,1.0,0.0,196,12,1247.67,1,1,1,3,2,2,13624.779999999999,6812.389999999999,0,0,0,0,6,6,4,0,0,0.6666666666666666,0.0,0.0,3,0.383,1,1,0.3333333333333333,1.0,0,3641.9166666666665,1.657758048646546,0.2811898496670709,0.028548841040660827,0.25,0.0,0.41185000000000005,0.3586,0.04883333333333333
C000079,22,4.1,84790,816219,2288.29,36,100.0,7.1,0.686,0.314,0.796,11.0,0.459,1,0.892,-0.059,2087.96,57.99888888888889,53.155,36,4,2026-08-21,2026-05-25,26,10,17.994819695485027,9.0,0.7222222222222222,0.2777777777777778,8,36,2087.96,3,3,2,8,1,1,178018.1,178018.1,0,0,0,0,5,5,2,1,1,0.4,0.5,1.0,2,0.542,1,0,0.5,0.0,0,7065.833333333333,9.626359240476472,0.32385281283170186,0.024625073711522585,0.125,0.0,0.5829500000000001,0.4676,0.6058333333333333
C000080,28,12.0,125984,467822,7145.79,47,157.77,5.7,0.732,0.268,0.691,8.0,0.312,4,0.649,-0.117,6837.38,145.47617021276596,135.07,47,3,2026-08-22,2026-06-07,40,7,66.06468630303351,15.666666666666666,0.851063829787234,0.14893617021276595,7,47,6837.38,4,4,5,13,4,4,137325.03,34331.2575,1,1,1,0,4,4,3,2,1,0.75,0.6666666666666666,0.5,3,0.413,0,0,0.0,0.0,0,10498.666666666666,3.7133445516891035,0.6806378587757176,0.054271812293624586,0.5,0.0,0.46895000000000003,0.5072,0.7510833333333333
C000081,47,13.4,80001,329872,3617.86,63,100.0,3.9,0.687,0.313,0.588,12.0,0.509,3,0.435,-0.115,3320.25,52.70238095238095,44.54,63,5,2026-08-25,2026-04-25,46,17,16.38361797003392,12.6,0.7301587301587301,0.2698412698412698,4,63,3320.25,5,5,3,13,3,3,171190.00999999998,57063.33666666666,1,0,0,1,5,5,0,0,0,0.0,0.0,0.0,5,0.43879999999999997,1,0,0.2,0.0,0,6666.75,4.123348458144273,0.5426722165972926,0.04150260621742228,0.375,0.0,0.51185,0.468,0.5255833333333333
C000082,39,9.4,80732,176555,2585.54,45,100.0,15.2,0.646,0.354,0.349,5.0,0.164,2,0.522,0.06,2878.03,63.95622222222222,54.83,45,6,2026-08-13,2026-01-24,30,15,27.99129785948815,7.5,0.6666666666666666,0.3333333333333333,16,45,2878.03,2,4,3,9,2,2,69732.41,34866.205,0,0,0,1,6,6,3,2,0,0.5,0.6666666666666666,0.0,2,0.247,0,0,0.0,0.0,0,6727.666666666667,2.186927116880543,0.3843145221225784,0.035649184957637615,0.25,0.0,0.24805,0.4815999999999999,0.38766666666666666
C000083,41,8.3,103116,928264,6085.33,46,127.99,6.7,0.53,0.47,0.547,11.0,0.609,1,0.728,-0.203,6050.05,131.5228260869565,126.095,46,4,2026-08-22,2026-05-15,29,17,68.47475734939097,11.5,0.6304347826086957,0.3695652173913043,7,46,6050.05,4,4,5,13,1,1,273230.56,273230.56,0,0,0,0,4,4,2,0,0,0.5,0.0,0.0,5,0.5926,3,1,0.6,0.3333333333333333,0,8593.0,9.002133519531402,0.7081729314558362,0.058672272004344626,0.125,0.0,0.5084,0.4184,0.78625
C000084,64,2.9,66134,143917,2070.99,30,100.0,3.7,0.794,0.206,0.555,5.0,0.58,1,0.546,-0.161,2446.12,81.53733333333334,79.75,30,5,2026-08-25,2026-03-27,26,4,33.273941023935954,6.0,0.8666666666666667,0.13333333333333333,4,30,2446.12,5,2,2,9,1,1,11531.78,11531.78,0,0,0,0,7,7,2,0,0,0.2857142857142857,0.0,0.0,2,0.5675,0,0,0.0,0.0,0,5511.166666666667,2.176142377597,0.3757806876946804,0.036987328756766566,0.125,0.0,0.44475000000000003,0.4013,0.247
C000085,50,2.6,105047,394296,3648.59,48,100.0,4.3,0.623,0.377,0.6,16.0,0.52,2,0.487,0.004,3285.75,68.453125,59.14,48,5,2026-08-25,2026-04-06,32,16,28.70107761015329,9.6,0.6666666666666666,0.3333333333333333,4,48,3285.75,5,4,3,12,2,2,120199.66,60099.83,0,0,0,1,7,7,3,0,0,0.42857142857142855,0.0,0.0,5,0.5038,2,2,0.4,1.0,0,8753.916666666666,3.753519853018173,0.4167951488381392,0.031278856131065146,0.25,0.0,0.56,0.4336,0.63075
C000086,36,5.9,68338,92427,2495.45,39,100.0,4.7,0.593,0.407,0.51,7.0,0.388,2,0.364,0.092,3151.16,80.79897435897435,75.8,39,4,2026-08-24,2026-05-24,21,18,34.732912481487844,9.75,0.5384615384615384,0.46153846153846156,5,39,3151.16,4,3,3,10,2,2,26256.07,13128.035,0,0,0,1,5,5,3,0,0,0.6,0.0,0.0,2,0.287,1,0,0.5,0.0,0,5694.833333333333,1.3524978781936843,0.43819544031139335,0.04611138751499897,0.25,0.0,0.3965,0.35919999999999996,0.2619166666666667
C000087,48,8.7,149376,168645,7739.16,55,152.42,1.1,0.868,0.132,0.606,9.0,0.598,2,0.638,0.081,9031.64,164.21163636363636,145.55,55,4,2026-08-28,2026-05-27,47,8,101.93810065815062,13.75,0.8545454545454545,0.14545454545454545,1,55,9031.64,5,5,5,15,2,2,42168.67,21084.335,0,0,0,1,6,6,4,1,0,0.6666666666666666,0.25,0.0,3,0.3423333333333334,1,0,0.3333333333333333,0.0,0,12448.0,1.1289966259640103,0.6217191516709512,0.06046245715509854,0.25,0.0,0.5122,0.4414,0.6245833333333333
C000088,44,4.3,64554,333528,1449.09,5,261.29,107.3,0.718,0.282,0.069,4.0,0.0,1,0.196,-0.194,1627.44,325.488,306.82,5,3,2026-05-03,2026-03-15,4,1,191.08377160292812,1.6666666666666667,0.8,0.2,118,5,1627.44,1,1,1,3,1,1,86171.76,86171.76,0,0,0,0,7,7,0,0,0,0.0,0.0,0.0,3,0.2956666666666667,0,0,0.0,0.0,0,5379.5,5.166651175759829,0.2693726182730737,0.025210521423924156,0.125,0.0,0.07105,0.22129999999999997,0.33025
C000089,45,4.7,52138,405098,2199.91,21,100.0,40.5,0.693,0.307,0.611,11.0,0.731,3,0.487,-0.247,2375.32,113.11047619047619,82.13,21,4,2026-07-19,2026-04-12,12,9,61.0609780855327,5.25,0.5714285714285714,0.42857142857142855,41,21,2375.32,1,1,2,4,3,2,247014.57,82338.19,0,1,0,0,7,7,3,2,0,0.42857142857142855,0.6666666666666666,0.0,3,0.46366666666666667,1,1,0.3333333333333333,1.0,0,4344.833333333333,7.769726495070774,0.5063278223176954,0.04555832598105029,0.375,0.0,0.5677,0.44610000000000005,0.33658333333333335
C000090,48,5.9,253770,2821837,17820.91,53,257.92,10.0,0.921,0.079,0.856,8.0,0.658,4,0.807,0.132,16956.03,319.9250943396226,262.12,53,5,2026-08-19,2026-04-29,49,4,169.8768119122551,10.6,0.9245283018867925,0.07547169811320754,10,53,16956.03,3,5,5,13,4,3,969520.26,242380.065,0,1,0,1,6,6,3,1,0,0.5,0.3333333333333333,0.0,4,0.7015,1,0,0.25,0.0,0,21147.5,11.119663474800015,0.8426958269298972,0.06681652677621468,0.5,0.0,0.6296999999999999,0.6296,0.9838333333333333
C000091,51,4.3,216244,808719,10319.35,69,168.34,6.8,0.692,0.308,0.65,13.0,0.747,4,0.521,0.105,10135.32,146.8886956521739,134.85,69,5,2026-08-23,2026-04-01,50,19,74.94897367960816,13.8,0.7246376811594203,0.2753623188405797,6,69,10135.32,4,5,5,14,4,3,319259.16,79814.79,1,0,0,0,5,5,4,2,1,0.8,0.5,0.5,4,0.53775,1,0,0.25,0.0,0,18020.333333333332,3.7398448049425648,0.5726503394313831,0.04686983222655888,0.5,0.0,0.6092500000000001,0.5438000000000001,0.9026666666666666
C000092,39,5.9,69631,212102,3058.07,39,100.0,13.2,0.882,0.118,0.61,15.0,0.613,1,0.643,0.151,3526.17,90.41461538461539,78.59,39,4,2026-08-16,2026-03-19,34,5,48.72715334261271,9.75,0.8717948717948718,0.1282051282051282,13,39,3526.17,2,3,3,8,1,1,56423.33,56423.33,0,0,0,0,3,3,1,0,0,0.3333333333333333,0.0,0.0,4,0.4025,1,1,0.25,1.0,0,5802.583333333333,3.0460857951199896,0.527018712929586,0.05064080653731815,0.125,0.0,0.57775,0.3929,0.37883333333333336
C000093,49,3.9,190670,939234,9704.23,57,143.19,14.5,0.739,0.261,0.698,13.0,0.494,6,0.757,-0.226,8091.16,141.9501754385965,120.96,57,4,2026-08-15,2026-05-17,40,17,76.15799715279948,14.25,0.7017543859649122,0.2982456140350877,14,57,8091.16,2,5,5,12,6,5,787008.37,131168.06166666668,1,1,1,1,7,7,2,1,1,0.2857142857142857,0.5,1.0,4,0.723,2,2,0.5,1.0,0,15889.166666666666,4.925966329259978,0.6107450569045996,0.042435411968322234,0.75,0.0,0.5676,0.6771,0.8964166666666666
C000094,45,18.0,63260,253375,1765.95,56,100.0,4.8,0.892,0.108,0.637,11.0,0.569,1,0.43,0.095,2382.96,42.55285714285714,40.0,56,5,2026-08-25,2026-04-22,52,4,6.416966633793631,11.2,0.9285714285714286,0.07142857142857142,4,56,2382.96,5,5,2,12,1,1,65312.13,65312.13,0,0,0,0,7,7,3,2,1,0.42857142857142855,0.6666666666666666,0.5,2,0.3365,1,0,0.5,0.0,0,5271.666666666667,4.005295605437875,0.3349889345558014,0.03766930129623775,0.125,0.0,0.5388999999999999,0.3665,0.2885
C000095,38,8.3,66272,10631,2300.66,36,100.0,3.2,0.646,0.354,0.663,19.0,0.547,2,0.539,0.128,2587.36,71.87111111111112,63.625,36,4,2026-08-25,2026-05-11,18,18,29.001964345075248,9.0,0.5,0.5,4,36,2587.36,5,3,2,10,2,2,2239.66,1119.83,0,0,1,0,3,3,2,2,0,0.6666666666666666,1.0,0.0,4,0.433,1,1,0.25,1.0,0,5522.666666666667,0.16041465475615643,0.4165849830999517,0.039041525832930954,0.25,0.0,0.6251,0.4117,0.20758333333333334
C000096,35,12.3,84795,431462,3581.44,61,100.0,45.7,0.611,0.389,0.602,11.0,0.405,3,0.427,0.056,4302.34,70.53016393442623,60.58,61,5,2026-07-13,2026-03-29,32,29,41.751012582203856,12.2,0.5245901639344263,0.47540983606557374,47,61,4302.34,1,5,4,10,3,3,176207.5,58735.833333333336,0,0,1,1,4,4,1,1,0,0.25,1.0,0.0,2,0.313,0,0,0.0,0.0,0,7066.25,5.08829530043045,0.5068374314523262,0.05073813314464296,0.375,0.0,0.48214999999999997,0.4656,0.5955
C000097,21,8.9,45414,186992,1612.87,32,100.0,1.4,0.687,0.313,0.571,18.0,0.637,3,0.822,-0.133,1929.1,60.284375,57.165000000000006,32,6,2026-08-28,2026-02-03,23,9,20.75846099359441,5.333333333333333,0.71875,0.28125,1,32,1929.1,5,2,2,9,3,3,131465.12,43821.706666666665,1,0,1,0,7,7,3,1,1,0.42857142857142855,0.3333333333333333,1.0,2,0.47800000000000004,0,0,0.0,0.0,0,3784.5,4.11749680715198,0.4261778306249174,0.042478090456687365,0.375,0.0,0.5962000000000001,0.6215999999999999,0.15275
C000098,27,6.9,315844,1577895,15951.15,61,333.67,8.2,0.919,0.081,0.774,7.0,0.535,6,0.731,0.074,17025.72,279.1101639344262,262.4,61,4,2026-08-21,2026-05-19,57,4,117.38127327207127,15.25,0.9344262295081968,0.06557377049180328,8,61,17025.72,3,5,5,13,6,5,810366.3999999999,135061.06666666665,2,1,0,1,4,4,4,2,1,1.0,0.5,0.5,5,0.6448,2,1,0.4,0.5,0,26320.333333333332,4.99580489102215,0.6060390572561138,0.05390547232177911,0.75,0.0,0.5520499999999999,0.6693,0.97975
C000099,30,4.1,48492,686443,1991.66,5,429.4,180.0,0.632,0.368,0.284,6.0,0.257,1,0.332,-0.117,1520.4,304.08000000000004,364.86,5,1,2026-02-28,2026-02-01,5,0,130.44767015934013,5.0,1.0,0.0,182,5,1520.4,1,1,1,3,1,1,96966.08,96966.08,0,0,0,0,5,5,0,0,0,0.0,0.0,0.0,5,0.4022,1,0,0.2,0.0,0,4041.0,14.155798894663038,0.492863152684979,0.031353625340262314,0.125,0.0,0.25205,0.1871,0.37966666666666665
C000100,42,7.1,68496,141738,1810.94,25,100.0,11.3,0.611,0.389,0.834,14.0,0.521,2,0.558,0.046,1566.98,62.6792,57.24,25,3,2026-08-18,2026-06-14,17,8,27.390123055583377,8.333333333333334,0.68,0.32,11,25,1566.98,3,2,1,6,2,2,20454.260000000002,10227.130000000001,0,0,0,1,4,4,1,0,0,0.25,0.0,0.0,5,0.4064,2,0,0.4,0.0,0,5708.0,2.069288717589348,0.3172634898388227,0.022876956318617147,0.25,0.0,0.64555,0.3799,0.253
C000101,38,4.8,66948,973041,3338.25,37,107.22,7.4,0.438,0.562,0.567,8.0,0.408,2,0.523,0.141,2864.68,77.42378378378378,72.07,37,5,2026-08-22,2026-04-30,17,20,35.35603369466969,7.4,0.4594594594594595,0.5405405405405406,7,37,2864.68,4,3,3,10,2,2,375630.64,187815.32,1,0,0,0,4,4,3,2,0,0.75,0.6666666666666666,0.0,3,0.517,1,0,0.3333333333333333,0.0,0,5579.0,14.534280336977954,0.5983599211328195,0.04278962777080719,0.25,0.0,0.43715,0.4444,0.5920833333333333
C000102,31,9.1,79346,666526,2687.99,46,100.0,15.6,0.737,0.263,0.494,15.0,0.482,2,0.443,-0.051,2845.18,61.85173913043478,49.085,46,6,2026-08-14,2026-03-24,33,13,31.83103505171907,7.666666666666667,0.717391304347826,0.2826086956521739,15,46,2845.18,2,4,3,9,2,2,47608.479999999996,23804.239999999998,0,0,0,1,5,5,2,1,0,0.4,0.5,0.0,4,0.62325,1,1,0.25,1.0,0,6612.166666666667,8.40024701938346,0.40652181584452896,0.035857888236332014,0.25,0.0,0.4928,0.4579,0.5866666666666667
C000103,38,4.4,57835,147997,2791.58,22,105.09,26.6,0.909,0.091,0.144,4.0,0.533,3,0.426,-0.264,2486.86,113.03909090909092,81.25,22,7,2026-08-01,2026-02-19,19,3,101.87097399157103,3.142857142857143,0.8636363636363636,0.13636363636363635,28,22,2486.86,1,1,2,4,3,3,100703.01999999999,33567.67333333333,0,0,1,1,7,7,1,0,0,0.14285714285714285,0.0,0.0,2,0.16499999999999998,2,0,1.0,0.0,0,4819.583333333333,2.5589521915794933,0.5792160456470995,0.04299922192444022,0.375,0.0,0.23805,0.5403,0.25575
C000104,34,12.4,60463,368521,2166.02,39,100.0,6.5,0.655,0.345,0.339,14.0,0.292,1,0.444,-0.309,2337.1,59.92564102564102,50.73,39,4,2026-08-22,2026-03-07,24,15,22.17163643212365,9.75,0.6153846153846154,0.38461538461538464,7,39,2337.1,4,3,2,9,1,1,92294.82,92294.82,0,0,0,0,4,4,1,0,0,0.25,0.0,0.0,5,0.4582,1,1,0.2,1.0,0,5038.583333333333,6.094983709045201,0.4298867075732266,0.038653391330235015,0.125,0.0,0.36555000000000004,0.3332,0.35975
C000105,21,7.5,73637,236473,3091.53,31,120.64,2.7,0.549,0.451,0.399,4.0,0.344,3,0.545,0.066,3311.99,106.83838709677418,98.05,31,4,2026-08-26,2026-05-14,18,13,48.44991545206068,7.75,0.5806451612903226,0.41935483870967744,3,31,3311.99,5,2,3,10,3,2,95794.20999999999,31931.403333333332,0,0,0,1,7,7,2,0,0,0.2857142857142857,0.0,0.0,4,0.30474999999999997,0,0,0.0,0.0,0,6136.416666666667,3.211333976126132,0.5038005350571044,0.044977253282996316,0.375,0.0,0.30555,0.4635,0.41091666666666665
C000106,64,8.3,163908,899569,8017.72,38,231.42,23.2,0.541,0.459,0.383,8.0,0.305,2,0.249,-0.154,9947.95,261.78815789473686,242.815,38,4,2026-08-06,2026-05-01,22,16,94.63947681697431,9.5,0.5789473684210527,0.42105263157894735,23,38,9947.95,2,3,5,10,2,2,450403.29,225201.645,0,0,0,1,4,4,2,1,0,0.5,0.5,0.0,3,0.4976666666666667,1,1,0.3333333333333333,1.0,0,13659.0,5.488255606803817,0.5869917270664031,0.06069227859530957,0.25,0.0,0.3286,0.3247,0.8733333333333333
C000107,64,8.1,36750,379992,1542.92,11,112.68,180.0,0.73,0.27,0.472,6.0,0.386,1,0.366,-0.213,1437.65,130.69545454545457,132.68,11,5,2026-03-02,2025-11-24,6,5,30.2007650113822,2.2,0.5454545454545454,0.45454545454545453,180,11,1437.65,1,1,1,3,1,1,58201.93,58201.93,0,0,0,0,4,4,1,0,0,0.25,0.0,0.0,2,0.394,1,0,0.5,0.0,0,3062.5,10.33991836734694,0.503810612244898,0.03911972789115647,0.125,0.0,0.3689,0.3473,0.24358333333333332
C000108,52,9.6,98578,424683,5052.0,58,100.0,5.2,0.768,0.232,0.793,17.0,0.618,3,0.39,0.155,4354.69,75.08086206896552,65.94999999999999,58,4,2026-08-23,2026-05-08,46,12,29.99742417506103,14.5,0.7931034482758621,0.20689655172413793,6,58,4354.69,4,5,4,13,3,3,91457.52,30485.84,0,0,1,1,6,6,4,3,0,0.6666666666666666,0.75,0.0,5,0.4742,3,0,0.6,0.0,0,8214.833333333334,4.308091054799245,0.6149850879506583,0.044175069488121076,0.375,0.0,0.6813499999999999,0.41700000000000004,0.6601666666666667
C000109,61,3.8,80825,558242,1362.68,44,100.0,5.3,0.542,0.458,0.666,8.0,0.523,2,0.636,0.001,1912.7,43.470454545454544,40.0,44,4,2026-08-23,2026-05-13,21,23,9.207337052727949,11.0,0.4772727272727273,0.5227272727272727,6,44,1912.7,4,4,2,10,2,2,203490.88999999998,101745.44499999999,0,0,0,1,3,3,2,1,1,0.6666666666666666,0.5,1.0,4,0.48250000000000004,3,1,0.75,0.3333333333333333,0,6735.416666666667,6.906798639034952,0.20231562016702753,0.02366470770182493,0.25,0.0,0.51045,0.44079999999999997,0.5006666666666667
C000110,44,13.0,62180,196983,1430.59,11,159.21,83.5,0.934,0.066,0.315,10.0,0.234,1,0.234,-0.157,1156.96,105.17818181818183,106.83,11,3,2026-05-31,2026-03-08,9,2,37.565767346929526,3.6666666666666665,0.8181818181818182,0.18181818181818182,90,11,1156.96,1,1,1,3,1,1,39716.25,39716.25,0,0,0,0,3,3,1,0,0,0.3333333333333333,0.0,0.0,2,0.295,1,0,0.5,0.0,0,5181.666666666667,3.1679478932132517,0.2760868446445802,0.01860662592473464,0.125,0.0,0.30025,0.23269999999999996,0.23433333333333334
C000111,22,4.4,235613,1141110,12422.37,70,159.99,14.7,0.746,0.254,0.801,16.0,0.614,4,0.622,0.057,12770.6,182.43714285714287,165.79500000000002,70,6,2026-08-14,2026-03-18,50,20,90.86099407277217,11.666666666666666,0.7142857142857143,0.2857142857142857,15,70,12770.6,2,5,5,12,4,4,933249.56,233312.39,0,0,1,1,6,6,3,2,2,0.5,0.6666666666666666,1.0,3,0.863,2,1,0.6666666666666666,0.5,0,19634.416666666668,4.843153815791149,0.6326834257872019,0.05420159329069279,0.5,0.0,0.67395,0.6115999999999999,0.9475
C000112,27,11.8,60948,356431,2801.27,30,103.01,6.0,0.766,0.234,0.662,10.0,0.663,2,0.547,-0.15,2859.55,95.31833333333334,94.305,30,4,2026-08-22,2026-05-15,22,8,46.86983899557651,7.5,0.7333333333333333,0.26666666666666666,7,30,2859.55,4,2,3,9,2,2,85257.6,42628.8,0,0,1,0,6,6,4,1,0,0.6666666666666666,0.25,0.0,4,0.36225,2,0,0.5,0.0,0,5079.0,5.848116427118199,0.5515396731640086,0.0469178644090044,0.25,0.0,0.56365,0.4141,0.39416666666666667
C000113,21,5.4,74981,1202145,2989.45,17,126.17,6.3,0.806,0.194,0.182,0.0,0.326,2,0.418,-0.126,2429.22,142.89529411764704,108.62,17,8,2026-08-23,2026-01-09,15,2,87.26599438767995,2.125,0.8823529411764706,0.11764705882352941,6,17,2429.22,4,1,2,7,2,2,473244.12,236622.06,0,0,1,0,4,4,2,1,0,0.5,0.5,0.0,5,0.48580000000000007,2,0,0.4,0.0,0,6248.416666666667,16.03266160760726,0.47843320307811305,0.03239780744455262,0.25,0.0,0.1634,0.5254,0.63475
C000114,57,7.5,66294,579506,3156.7,36,100.0,3.3,0.78,0.22,0.266,4.0,0.0,2,0.425,-0.035,3771.9900000000002,104.7775,90.16,36,4,2026-08-25,2026-04-25,28,8,55.52282528705778,9.0,0.7777777777777778,0.2222222222222222,4,36,3771.9900000000002,5,3,4,12,2,2,166615.27,83307.635,0,0,0,1,7,7,2,0,0,0.2857142857142857,0.0,0.0,4,0.33575,1,0,0.25,0.0,0,5524.5,8.74145473195161,0.5714001267082993,0.05689790931306001,0.25,0.0,0.1597,0.3775,0.5224166666666666
C000115,58,5.7,103083,459162,4689.93,42,183.35,4.2,0.758,0.242,0.781,19.0,0.655,5,0.455,0.004,3919.7799999999997,93.32809523809523,88.455,42,4,2026-08-25,2026-05-25,35,7,39.11533934268176,10.5,0.8333333333333334,0.16666666666666666,4,42,3919.7799999999997,5,3,4,12,5,4,306059.56,61211.912,1,1,0,1,3,3,2,2,0,0.6666666666666666,1.0,0.0,5,0.3498,2,1,0.4,0.5,0,8590.25,4.454294112511278,0.545959663572073,0.0380254746175412,0.625,0.0,0.7052,0.5365,0.6771666666666667
C000116,31,8.3,209348,192897,10319.51,51,223.6,13.5,0.565,0.435,0.678,9.0,0.795,7,0.758,0.245,12849.869999999999,251.95823529411763,209.35,51,6,2026-08-16,2026-03-21,31,20,186.32796723740515,8.5,0.6078431372549019,0.39215686274509803,13,51,12849.869999999999,2,4,5,11,7,6,244522.41,34931.77285714286,1,1,1,1,3,3,3,1,0,1.0,0.3333333333333333,0.0,3,0.4066666666666667,0,0,0.0,0.0,0,17445.666666666668,0.921417926132564,0.5915228232416837,0.061380428759768416,0.875,0.0,0.59385,0.8024,0.6890833333333334
C000117,37,4.5,36926,48140,1000.0,35,100.0,5.7,0.755,0.245,0.376,10.0,0.208,1,0.38,-0.024,1578.93,45.11228571428572,40.0,35,4,2026-08-23,2026-05-07,26,9,10.993324467927927,8.75,0.7428571428571429,0.2571428571428571,6,35,1578.93,4,2,1,7,1,1,5251.11,5251.11,0,0,0,0,7,7,4,1,1,0.5714285714285714,0.25,1.0,3,0.25266666666666665,1,0,0.3333333333333333,0.0,0,3077.1666666666665,1.3036884579970753,0.3249742728700645,0.042759302388560905,0.125,0.0,0.3212,0.314,0.021583333333333336
C000118,41,1.9,54858,407837,2142.47,52,100.0,16.7,0.539,0.461,0.669,13.0,0.451,5,0.682,-0.03,2704.71,52.013653846153844,40.305,52,4,2026-08-12,2026-05-09,28,24,20.336810537992932,13.0,0.5384615384615384,0.46153846153846156,17,52,2704.71,2,4,2,8,5,4,258389.09,51677.818,1,0,1,1,7,7,5,2,1,0.7142857142857143,0.4,0.5,5,0.49820000000000003,3,1,0.6,0.3333333333333333,0,4571.5,7.434412483138284,0.4686579897189106,0.04930383900251559,0.625,0.0,0.5438000000000001,0.6046,0.34191666666666665
C000119,36,3.3,105009,328588,4483.26,50,100.0,10.8,0.931,0.069,0.919,18.0,0.775,3,0.749,0.086,3563.44,71.2688,60.040000000000006,50,5,2026-08-19,2026-03-13,50,0,33.81825630861387,10.0,1.0,0.0,10,50,3563.44,3,4,3,10,3,3,173716.97,57905.65666666667,1,0,0,1,7,7,4,0,0,0.5714285714285714,0.0,0.0,4,0.51325,2,0,0.5,0.0,0,8750.75,3.1291413116970928,0.5123286575436391,0.033934615128227104,0.375,0.0,0.7873000000000001,0.5622,0.6198333333333333
C000120,36,6.4,176997,776210,6968.89,64,134.38,9.1,0.887,0.113,0.715,5.0,0.812,6,0.643,0.019,7316.81,114.32515625,99.52,64,4,2026-08-19,2026-05-21,58,6,44.47463871538573,16.0,0.90625,0.09375,10,64,7316.81,3,5,5,13,6,5,582695.45,97115.90833333333,1,1,0,1,3,3,1,1,0,0.3333333333333333,1.0,0.0,5,0.625,1,0,0.2,0.0,0,14749.75,4.385441561156404,0.4724751266970627,0.041338610258930944,0.75,0.0,0.5747500000000001,0.6429,0.8579166666666668
C000121,59,7.3,126099,1046756,3407.68,47,100.0,10.0,0.745,0.255,0.543,6.0,0.53,4,0.476,0.089,3667.8,78.03829787234044,66.74,47,4,2026-08-19,2026-05-12,36,11,40.95041499599395,11.75,0.7659574468085106,0.23404255319148937,10,47,3667.8,3,4,3,10,4,4,568789.89,142197.4725,1,1,0,1,6,6,2,0,0,0.3333333333333333,0.0,0.0,3,0.5583333333333332,1,1,0.3333333333333333,1.0,0,10508.25,8.301065036201715,0.3242861561154331,0.02908666999738301,0.5,0.0,0.43685,0.49279999999999996,0.7715833333333333
C000122,38,7.2,73794,346669,3253.89,43,100.0,7.9,0.709,0.291,0.579,3.0,0.408,2,0.591,-0.234,2852.74,66.34279069767442,60.66,43,4,2026-08-22,2026-05-14,34,9,29.692728733574246,10.75,0.7906976744186046,0.20930232558139536,7,43,2852.74,4,4,3,11,2,2,103165.34,51582.67,1,0,0,0,7,7,5,1,1,0.7142857142857143,0.2,1.0,2,0.35750000000000004,1,0,0.5,0.0,0,6149.5,4.697793858579288,0.5291308236441987,0.038658156489687505,0.25,0.0,0.39254999999999995,0.4273,0.48599999999999993
C000123,47,3.2,84140,176801,3646.83,22,144.25,71.6,0.726,0.274,0.129,4.0,0.3,2,0.428,-0.123,3990.99,181.40863636363636,150.725,22,4,2026-06-18,2026-03-25,19,3,80.54912120329668,5.5,0.8636363636363636,0.13636363636363635,72,22,3990.99,1,1,4,6,2,2,73997.59,36998.795,0,0,1,1,4,4,0,0,0,0.0,0.0,0.0,2,0.29800000000000004,1,0,0.5,0.0,0,7011.666666666667,2.101271690040409,0.5201088661754218,0.04743273116234847,0.25,0.0,0.17305,0.37839999999999996,0.45425000000000004
C000124,35,3.7,118254,1056956,4648.46,37,122.3,6.0,0.704,0.296,0.607,9.0,0.401,5,0.827,0.104,4249.88,114.86162162162162,100.4,37,5,2026-08-23,2026-03-22,28,9,50.10782781570569,7.4,0.7567567567567568,0.24324324324324326,6,37,4249.88,4,3,4,11,5,4,1017577.18,203515.43600000002,1,0,0,1,4,4,4,2,2,1.0,0.5,1.0,2,0.669,0,0,0.0,0.0,0,9854.5,8.938014781740998,0.4717093713531889,0.035938572902396534,0.625,0.0,0.46340000000000003,0.6856,0.8016666666666666
C000125,21,1.2,100033,361871,5461.63,48,134.88,9.7,0.67,0.33,0.355,11.0,0.32,2,0.539,-0.081,5716.46,119.09291666666667,97.56,48,5,2026-08-20,2026-04-19,33,15,57.1481789124919,9.6,0.6875,0.3125,9,48,5716.46,3,4,4,11,2,2,110994.13,55497.065,0,0,0,1,5,5,2,0,0,0.4,0.0,0.0,2,0.4585,1,0,0.5,0.0,0,8336.083333333334,3.6175162196475164,0.6551793908010356,0.05714574190517129,0.25,0.0,0.34975,0.4492,0.6478333333333333
C000126,46,3.8,78939,260950,2670.71,14,199.14,125.4,0.658,0.342,0.233,6.0,0.204,2,0.21,-0.174,2470.69,176.47785714285715,147.735,14,4,2026-04-26,2025-08-29,8,6,90.98060589433938,3.5,0.5714285714285714,0.42857142857142855,125,14,2470.69,1,1,2,4,2,2,96147.18,48073.59,0,1,0,0,6,6,2,0,0,0.3333333333333333,0.0,0.0,5,0.3612,2,1,0.4,0.5,0,6578.25,3.3057170726763703,0.4059909550412344,0.0312987243314458,0.25,0.0,0.21585000000000001,0.313,0.4376666666666667
C000127,31,7.4,118948,659379,4850.79,56,100.0,1.7,0.58,0.42,0.818,19.0,0.953,4,0.738,-0.162,4431.29,79.13017857142857,73.535,56,4,2026-08-28,2026-04-21,29,27,33.690473457428794,14.0,0.5178571428571429,0.48214285714285715,1,56,4431.29,5,5,4,14,4,3,278685.37,69671.3425,1,0,0,1,4,4,3,2,0,0.75,0.6666666666666666,0.0,2,0.5745,1,0,0.5,0.0,0,9912.333333333334,5.5434223358106065,0.48936913609308264,0.037254010155698285,0.5,0.0,0.7963499999999999,0.5713999999999999,0.76
C000128,36,5.9,79615,299497,2956.62,32,100.0,10.8,0.637,0.363,0.194,9.0,0.338,3,0.439,0.124,3534.7599999999998,110.46124999999999,101.35499999999999,32,6,2026-08-16,2026-03-11,20,12,55.2755907016773,5.333333333333333,0.625,0.375,13,32,3534.7599999999998,2,2,3,7,3,3,160736.13,53578.71,0,0,1,1,6,6,2,0,0,0.3333333333333333,0.0,0.0,2,0.264,0,0,0.0,0.0,0,6634.583333333333,3.761816240658167,0.44563763109966714,0.044398166174715814,0.375,0.0,0.26180000000000003,0.5066999999999999,0.47783333333333333
C000129,36,5.3,113001,768342,4091.63,40,100.0,5.1,0.688,0.312,0.557,8.0,0.513,3,0.728,0.019,4735.1,118.37750000000001,115.535,40,4,2026-08-23,2026-05-10,25,15,58.01706122848471,10.0,0.625,0.375,6,40,4735.1,4,3,4,11,3,2,141606.86,47202.28666666666,0,0,0,1,4,4,2,2,1,0.5,1.0,0.5,2,0.41000000000000003,0,0,0.0,0.0,0,9416.75,6.7994265537473115,0.4345055353492447,0.04190316899850444,0.375,0.0,0.45890000000000003,0.5184,0.7509166666666667
C000130,37,1.3,88412,207498,4399.27,48,100.0,11.0,0.706,0.294,0.649,15.0,0.465,2,0.463,0.024,3437.27,71.60979166666667,63.114999999999995,48,4,2026-08-18,2026-05-17,39,9,34.922764415546474,12.0,0.8125,0.1875,11,48,3437.27,3,4,3,10,2,2,35007.52,17503.76,0,0,0,1,7,7,1,1,0,0.14285714285714285,1.0,0.0,2,0.297,0,0,0.0,0.0,0,7367.666666666667,2.3469438537755054,0.5971049178844501,0.0388778672578383,0.25,0.0,0.5583,0.3889,0.5094166666666666
C000131,39,12.0,83423,130450,3893.8,46,100.0,5.6,0.659,0.341,0.888,17.0,0.794,3,0.681,0.039,4433.0,96.3695652173913,72.255,46,5,2026-08-23,2026-03-27,31,15,69.49825589998713,9.2,0.6739130434782609,0.32608695652173914,6,46,4433.0,4,4,4,12,3,3,58199.9,19399.966666666667,1,0,0,1,7,7,4,3,2,0.5714285714285714,0.75,0.6666666666666666,4,0.34900000000000003,3,1,0.75,0.3333333333333333,0,6951.916666666667,1.5637174400345228,0.5601045275283795,0.05313882262685351,0.375,0.0,0.7681,0.5418000000000001,0.4239166666666667
C000132,29,9.3,348173,790657,14521.32,67,234.91,1.9,0.797,0.203,0.99,14.0,0.813,4,0.559,-0.062,12417.55,185.3365671641791,166.72,67,4,2026-08-27,2026-05-05,52,15,82.89278671604808,16.75,0.7761194029850746,0.22388059701492538,2,67,12417.55,5,5,5,15,4,3,503673.99,125918.4975,0,1,0,1,3,3,2,2,0,0.6666666666666666,1.0,0.0,3,0.755,2,1,0.6666666666666666,0.5,0,29014.416666666668,2.2708739620820686,0.5004863674093051,0.03566488498533775,0.5,0.0,0.78875,0.5177,0.9379166666666665
C000133,40,11.4,53527,419729,2342.0,40,100.0,5.1,0.593,0.407,0.962,20.0,0.644,2,0.501,-0.09,2479.55,61.98875,56.21,40,4,2026-08-24,2026-05-09,26,14,24.729128800221588,10.0,0.65,0.35,5,40,2479.55,4,3,2,9,2,2,96033.77,48016.885,0,0,0,1,3,3,2,2,1,0.6666666666666666,1.0,0.5,3,0.476,1,1,0.3333333333333333,1.0,0,4460.583333333333,7.841444504642517,0.5250434360229417,0.04632335083229025,0.25,0.0,0.7938999999999999,0.4003,0.35816666666666663
C000134,42,8.2,121788,1149747,7680.12,66,155.36,16.5,0.492,0.508,0.554,6.0,0.285,4,0.501,0.112,6654.14,100.82030303030304,80.47999999999999,66,4,2026-08-13,2026-05-01,35,31,54.39408944049534,16.5,0.5303030303030303,0.4696969696969697,16,66,6654.14,2,5,5,12,4,4,481515.57,120378.8925,1,0,0,1,6,6,1,1,0,0.16666666666666666,1.0,0.0,2,0.7595000000000001,1,0,0.5,0.0,0,10149.0,9.4405606463691,0.7567366242979604,0.05463707426018984,0.5,0.0,0.38055,0.5003,0.8535833333333334
C000135,39,5.8,58706,383974,2069.53,30,124.39,0.9,0.587,0.413,0.709,12.0,0.471,1,0.702,-0.161,2578.14,85.938,78.91,30,3,2026-08-28,2026-06-01,21,9,43.07993943901228,10.0,0.7,0.3,1,30,2578.14,5,2,2,9,1,1,56719.45,56719.45,0,0,0,0,3,3,3,2,0,1.0,0.6666666666666666,0.0,5,0.4544,2,1,0.4,0.5,0,4892.166666666667,6.540626171089838,0.4230293326065479,0.04391612441658433,0.125,0.0,0.5568,0.3731,0.35333333333333333
C000136,48,4.7,64223,10000,1531.65,10,125.46,20.9,0.786,0.214,0.319,5.0,0.195,4,0.365,-0.194,1706.3,170.63,160.70499999999998,10,5,2026-08-07,2026-04-22,9,1,48.208556640220344,2.0,0.9,0.1,22,10,1706.3,2,1,1,4,4,4,5488.1,1372.025,1,0,1,1,6,6,2,1,0,0.3333333333333333,0.5,0.0,3,0.4136666666666667,1,0,0.3333333333333333,0.0,0,5351.916666666667,0.1557074568301076,0.28618719150460115,0.02656836335892126,0.5,0.0,0.24230000000000002,0.497,0.16041666666666668
C000137,36,0.9,83511,300790,4000.0,35,128.12,12.5,0.669,0.331,0.468,11.0,0.514,1,0.284,-0.095,4520.7,129.16285714285715,112.88,35,5,2026-08-15,2026-04-17,26,9,54.4306286273924,7.0,0.7428571428571429,0.2571428571428571,14,35,4520.7,2,2,4,8,1,1,63788.89,63788.89,0,0,0,1,3,3,1,0,0,0.3333333333333333,0.0,0.0,3,0.34600000000000003,0,0,0.0,0.0,0,6959.25,3.6018009603525285,0.5747745805941732,0.054132988468584976,0.125,0.0,0.4491,0.3227,0.5391666666666667
C000138,40,8.9,69000,173393,2538.34,32,100.0,24.4,0.65,0.35,0.708,8.0,0.618,1,0.54,-0.091,2962.0,92.5625,87.22,32,5,2026-08-02,2026-04-28,22,10,42.1062093344453,6.4,0.6875,0.3125,27,32,2962.0,1,2,3,6,1,1,33870.32,33870.32,0,0,0,0,4,4,2,2,0,0.5,1.0,0.0,3,0.4603333333333333,2,0,0.6666666666666666,0.0,0,5750.0,2.512942028985507,0.4414504347826087,0.042927536231884056,0.125,0.0,0.5530999999999999,0.39949999999999997,0.32175000000000004
C000139,25,9.2,171349,819572,4968.35,59,100.0,16.1,0.634,0.366,0.447,8.0,0.722,2,0.635,0.031,3967.43,67.24457627118643,63.83,59,4,2026-08-13,2026-05-09,35,24,24.100650178812526,14.75,0.5932203389830508,0.4067796610169492,16,59,3967.43,2,5,4,11,2,2,278027.01,139013.505,0,0,1,0,7,7,5,1,0,0.7142857142857143,0.2,0.0,5,0.5514,0,0,0.0,0.0,0,14279.083333333334,4.78305680219902,0.3479460049372917,0.02315408902298817,0.25,0.0,0.46165,0.4405,0.8348333333333333
C000140,44,6.9,98895,370554,4485.03,28,153.05,5.2,0.665,0.335,0.814,16.0,0.621,2,0.429,0.055,4812.25,171.86607142857142,146.64,28,3,2026-08-24,2026-06-09,17,11,79.70529534614958,9.333333333333334,0.6071428571428571,0.39285714285714285,5,28,4812.25,4,2,4,10,2,2,112035.45999999999,56017.729999999996,0,0,0,1,4,4,3,1,1,0.75,0.3333333333333333,1.0,5,0.475,1,0,0.2,0.0,0,8241.25,3.7469437281965723,0.5442172000606704,0.0486601951564791,0.25,0.0,0.68155,0.34119999999999995,0.6297499999999999
C000141,50,5.0,57018,739882,2618.43,41,100.0,15.0,0.688,0.312,0.532,9.0,0.475,3,0.553,0.064,2764.32,67.42243902439024,60.66,41,4,2026-08-14,2026-05-01,27,14,28.70354549358736,10.25,0.6585365853658537,0.34146341463414637,15,41,2764.32,2,3,3,8,3,3,425438.95999999996,141812.98666666666,0,1,0,1,7,7,4,2,2,0.5714285714285714,0.5,1.0,5,0.4234,2,0,0.4,0.0,0,4751.5,12.976288189694483,0.5510743975586656,0.04848153214774282,0.375,0.0,0.44815000000000005,0.4659000000000001,0.46924999999999994
C000142,28,13.8,236392,256634,15791.38,54,292.86,9.6,0.93,0.07,0.842,13.0,0.548,4,0.631,0.046,18055.05,334.35277777777776,304.51,54,5,2026-08-20,2026-03-23,50,4,170.93274204627713,10.8,0.9259259259259259,0.07407407407407407,9,54,18055.05,3,5,5,13,4,4,118588.13,29647.0325,1,0,0,1,7,7,3,2,0,0.42857142857142855,0.6666666666666666,0.0,5,0.5538000000000001,3,1,0.6,0.3333333333333333,0,19699.333333333332,1.0856289552945955,0.8016200209820975,0.07637758468983721,0.5,0.0,0.6459,0.5768,0.7595833333333334
C000143,49,8.7,41087,150817,1029.31,3,205.97,116.9,0.817,0.183,0.171,3.0,0.279,1,0.331,-0.118,978.27,326.09,231.85,3,2,2026-04-28,2026-03-15,2,1,205.03348824033597,1.5,0.6666666666666666,0.3333333333333333,123,3,978.27,1,1,1,3,1,1,27959.32,27959.32,0,0,0,0,6,6,1,1,0,0.16666666666666666,1.0,0.0,4,0.2575,0,0,0.0,0.0,0,3423.9166666666665,3.6706744225667487,0.3006235548957091,0.023809720836274247,0.125,0.0,0.1767,0.2243,0.09349999999999999
C000144,35,6.4,71699,503978,2155.52,17,119.23,83.0,0.887,0.113,0.312,10.0,0.5,3,0.314,-0.004,2195.53,129.14882352941177,114.92,17,5,2026-06-07,2026-01-06,13,4,54.03885799616246,3.4,0.7647058823529411,0.23529411764705882,83,17,2195.53,1,1,2,4,3,3,308364.35,102788.11666666665,0,1,0,1,4,4,2,0,0,0.5,0.0,0.0,4,0.42425,0,0,0.0,0.0,0,5974.916666666667,7.029079903485404,0.36076151689702785,0.030621487050028595,0.375,0.0,0.36539999999999995,0.43170000000000003,0.47875
C000145,31,6.4,80881,365920,2465.55,42,100.0,1.5,0.938,0.062,0.275,10.0,0.407,2,0.484,-0.057,2789.2799999999997,66.41142857142856,63.625,42,5,2026-08-27,2026-03-24,41,1,21.88936422562543,8.4,0.9761904761904762,0.023809523809523808,2,42,2789.2799999999997,5,3,3,11,2,2,109220.12,54610.06,0,1,0,0,7,7,2,1,0,0.2857142857142857,0.5,0.0,3,0.29133333333333333,0,0,0.0,0.0,0,6740.083333333333,4.5241774953326495,0.3658040825410171,0.03448622049677921,0.25,0.0,0.3255,0.4327,0.49324999999999997
C000146,36,5.5,70766,579003,2751.95,49,100.0,11.7,0.562,0.438,0.721,13.0,0.454,1,0.588,-0.074,2617.62,53.42081632653061,44.85,49,5,2026-08-16,2026-04-28,28,21,23.747290971527566,9.8,0.5714285714285714,0.42857142857142855,13,49,2617.62,2,4,2,8,1,1,63035.31,63035.31,0,0,0,0,6,6,5,3,0,0.8333333333333334,0.6,0.0,4,0.503,2,1,0.5,0.5,0,5897.166666666667,8.181937653675494,0.46665630387474205,0.036989797360314276,0.125,0.0,0.56795,0.41389999999999993,0.53225
C000147,38,8.4,51558,23114,1000.0,13,100.0,53.2,0.805,0.195,0.3,7.0,0.427,1,0.366,-0.198,1030.56,79.27384615384615,75.22,13,6,2026-07-06,2026-01-26,12,1,29.726291263924804,2.1666666666666665,0.9230769230769231,0.07692307692307693,54,13,1030.56,1,1,1,3,1,1,3766.17,3766.17,0,0,0,0,5,5,2,2,0,0.4,1.0,0.0,2,0.258,1,0,0.5,0.0,0,4296.5,0.44831064044377206,0.2327475852438031,0.019988362620737807,0.125,0.0,0.31175,0.3848,0.06233333333333334
C000148,46,15.6,62177,359266,2968.28,29,100.0,64.1,0.67,0.33,0.41,4.0,0.457,1,0.39,-0.161,2944.64,101.53931034482758,82.74,29,7,2026-06-26,2025-09-29,21,8,59.69920446532854,4.142857142857143,0.7241379310344828,0.27586206896551724,64,29,2944.64,1,2,3,6,1,1,62087.16,62087.16,0,0,0,1,7,7,2,2,1,0.2857142857142857,1.0,0.5,2,0.522,0,0,0.0,0.0,0,5181.416666666667,5.778117310259421,0.5728703539894173,0.04735899126686717,0.125,0.0,0.33875,0.4295,0.4099166666666666
C000149,55,7.1,63338,367583,2946.28,35,100.0,15.6,0.739,0.261,0.565,9.0,0.433,3,0.556,-0.192,3641.76,104.05028571428572,93.44,35,4,2026-08-14,2026-05-11,28,7,54.296941279126465,8.75,0.8,0.2,15,35,3641.76,2,2,3,7,3,2,180673.75,60224.583333333336,0,0,0,1,6,6,1,1,1,0.16666666666666666,1.0,1.0,3,0.36566666666666664,1,0,0.3333333333333333,0.0,0,5278.166666666667,5.803514477880578,0.5582013956866336,0.057497237045691374,0.375,0.0,0.4525,0.46680000000000005,0.4205833333333333
C000150,33,4.5,85920,803146,4430.56,60,100.0,8.8,0.79,0.21,0.443,11.0,0.597,3,0.684,0.141,4148.76,69.146,64.265,60,5,2026-08-20,2026-04-26,48,12,25.830316257570328,12.0,0.8,0.2,9,60,4148.76,3,5,4,12,3,3,229392.21000000002,76464.07,0,0,1,1,5,5,3,1,0,0.6,0.3333333333333333,0.0,4,0.5075000000000001,1,0,0.25,0.0,0,7160.0,9.34760242085661,0.6187932960893855,0.048286312849162016,0.375,0.0,0.4586,0.5427000000000001,0.7026666666666666
C000151,41,4.6,45891,323965,1842.78,37,100.0,11.2,0.601,0.399,0.877,22.0,0.722,1,0.653,0.145,2301.12,62.192432432432426,50.41,37,3,2026-08-17,2026-06-07,25,12,30.046058384994097,12.333333333333334,0.6756756756756757,0.32432432432432434,12,37,2301.12,3,3,2,8,1,1,58124.04,58124.04,0,0,0,0,5,5,2,0,0,0.4,0.0,0.0,4,0.439,2,0,0.5,0.0,0,3824.25,7.059445207121222,0.4818670327515199,0.050143165326534615,0.125,0.0,0.79515,0.35839999999999994,0.24375
C000152,41,0.9,52140,72039,1983.59,6,374.22,85.9,0.675,0.325,0.075,0.0,0.187,1,0.29,-0.356,1925.8200000000002,320.97,317.01,6,5,2026-06-03,2025-12-10,3,3,91.29251557493639,1.2,0.5,0.5,87,6,1925.8200000000002,1,1,2,4,1,1,6626.89,6626.89,0,0,0,0,6,6,0,0,0,0.0,0.0,0.0,3,0.3263333333333333,0,0,0.0,0.0,0,4345.0,1.3816455696202532,0.4565224395857307,0.036935558112773305,0.125,0.0,0.0805,0.3245,0.12758333333333333
C000153,42,2.7,90648,487717,5129.52,46,139.98,9.5,0.669,0.331,0.854,8.0,0.916,2,0.549,-0.037,5381.55,116.99021739130436,107.43,46,5,2026-08-19,2026-04-07,29,17,54.21420578446742,9.2,0.6304347826086957,0.3695652173913043,10,46,5381.55,3,4,4,11,2,2,43719.770000000004,21859.885000000002,0,1,0,0,3,3,1,1,0,0.3333333333333333,1.0,0.0,4,0.40125,2,0,0.5,0.0,0,7554.0,5.380339334568882,0.6790468625893566,0.05936755361397935,0.25,0.0,0.6932999999999999,0.4522,0.6743333333333332
C000154,33,8.9,277378,394042,13791.02,56,161.79,27.6,0.862,0.138,1.0,15.0,0.742,7,0.512,0.184,14112.5,252.00892857142858,232.04500000000002,56,6,2026-08-01,2026-03-25,50,6,135.854370675214,9.333333333333334,0.8928571428571429,0.10714285714285714,28,56,14112.5,1,5,5,11,7,5,431689.4,61669.91428571429,2,0,1,1,7,7,5,2,0,0.7142857142857143,0.4,0.0,5,0.5014000000000001,0,0,0.0,0.0,0,23114.833333333332,1.4205957213621845,0.5966307349537455,0.050878223939894295,0.875,0.0,0.7855,0.7285999999999999,0.8340833333333333
C000155,50,5.1,69887,189480,3298.24,8,431.8,177.9,0.932,0.068,0.17,5.0,0.108,1,0.253,-0.17,2608.86,326.1075,318.855,8,4,2026-03-04,2025-12-07,8,0,183.88921041524668,2.0,1.0,0.0,178,8,2608.86,1,1,2,4,1,1,48118.05,48118.05,0,0,0,0,5,5,0,0,0,0.0,0.0,0.0,5,0.2884,1,1,0.2,1.0,0,5823.916666666667,2.7112338489275545,0.5663267846666762,0.03732968935567416,0.125,0.0,0.1535,0.27590000000000003,0.38150000000000006
C000156,50,2.7,60024,461213,2679.14,32,100.0,4.4,0.71,0.29,0.95,14.0,0.806,1,0.564,-0.028,2104.14,65.754375,57.185,32,4,2026-08-22,2026-04-10,18,14,34.424332817345274,8.0,0.5625,0.4375,7,32,2104.14,4,2,2,8,1,1,11213.09,11213.09,0,0,0,0,6,6,4,4,1,0.6666666666666666,1.0,0.25,2,0.538,0,0,0.0,0.0,0,5002.0,7.68380980940957,0.5356137544982007,0.03505497800879648,0.125,0.0,0.769,0.3692,0.424
C000157,45,6.0,143254,585587,5135.43,55,100.0,4.1,0.684,0.316,0.675,9.0,0.49,3,0.744,0.014,5002.89,90.96163636363637,85.91,55,5,2026-08-25,2026-01-22,36,19,38.649130159520304,11.0,0.6545454545454545,0.34545454545454546,4,55,5002.89,5,5,4,14,3,2,452342.85,150780.94999999998,0,0,0,1,6,6,4,3,0,0.6666666666666666,0.75,0.0,3,0.618,2,0,0.6666666666666666,0.0,0,11937.833333333334,4.087753221550533,0.4301810769681824,0.03492321331341534,0.375,0.0,0.51625,0.5607,0.7842500000000001
C000158,25,6.3,44927,178776,1232.85,29,100.0,8.7,0.78,0.22,0.817,17.0,0.444,1,0.602,-0.05,1525.83,52.61482758620689,40.0,29,4,2026-08-19,2026-05-29,22,7,20.55291804459365,7.25,0.7586206896551724,0.2413793103448276,10,29,1525.83,3,2,1,6,1,1,47619.85,47619.85,0,0,0,0,3,3,1,1,0,0.3333333333333333,1.0,0.0,4,0.4305,1,0,0.25,0.0,0,3743.9166666666665,3.979255236272175,0.32929418834998997,0.03396242793865604,0.125,0.0,0.64865,0.3806,0.12975
C000159,44,9.7,68347,531907,3229.14,37,100.0,13.6,0.749,0.251,0.765,9.0,0.611,1,0.765,-0.026,2874.33,77.68459459459459,71.34,37,6,2026-08-13,2026-02-10,27,10,32.946226777263256,6.166666666666667,0.7297297297297297,0.2702702702702703,16,37,2874.33,2,3,3,8,1,1,118210.36,118210.36,0,0,0,1,6,6,5,4,0,0.8333333333333334,0.8,0.0,3,0.4606666666666667,1,1,0.3333333333333333,1.0,0,5695.583333333333,7.782448388371106,0.5669550967855209,0.042054954862686,0.125,0.0,0.587,0.5045,0.534
C000160,55,6.2,68260,117353,1000.0,19,100.0,88.1,0.911,0.089,0.591,5.0,0.457,1,0.356,0.045,955.51,50.29,40.0,19,7,2026-06-01,2025-11-03,19,0,26.369328142117435,2.7142857142857144,1.0,0.0,89,19,955.51,1,1,1,3,1,1,7761.79,7761.79,0,0,0,0,7,7,2,2,0,0.2857142857142857,1.0,0.0,5,0.375,3,1,0.6,0.3333333333333333,0,5688.333333333333,1.7192059771462056,0.1757984178142397,0.013998095517140345,0.125,0.0,0.4302,0.4193,0.19158333333333336
C000161,52,7.4,51098,182743,2580.03,17,183.99,1.1,0.71,0.29,0.652,16.0,0.402,2,0.416,-0.164,2024.0,119.05882352941177,112.61,17,2,2026-08-28,2026-06-16,13,4,50.11926985730549,8.5,0.7647058823529411,0.23529411764705882,1,17,2024.0,5,1,2,8,2,2,54182.600000000006,27091.300000000003,0,0,0,1,5,5,4,1,0,0.8,0.25,0.0,4,0.43424999999999997,3,0,0.75,0.0,0,4258.166666666667,3.5763239265724684,0.6059016008454343,0.03961016086735293,0.25,0.0,0.5539000000000001,0.29979999999999996,0.23016666666666666
C000162,24,9.8,75982,243664,3684.42,33,116.31,7.4,0.843,0.157,0.801,16.0,0.679,2,0.598,-0.06,4381.38,132.76909090909092,98.6,33,4,2026-08-19,2026-05-29,29,4,83.05473509091898,8.25,0.8787878787878788,0.12121212121212122,10,33,4381.38,3,2,4,9,2,1,55417.259999999995,27708.629999999997,0,0,0,0,6,6,3,2,2,0.5,0.6666666666666666,1.0,5,0.47220000000000006,1,0,0.2,0.0,0,6331.833333333333,3.206864783764576,0.5818883419757311,0.05766339396172778,0.25,0.0,0.6902,0.4294,0.4554166666666667
C000163,42,18.0,332809,1175853,18053.63,61,345.59,5.4,0.675,0.325,0.382,12.0,0.277,6,0.666,0.044,16714.72,274.01180327868855,230.42,61,4,2026-08-23,2026-04-24,45,16,148.70732725175534,15.25,0.7377049180327869,0.26229508196721313,6,61,16714.72,4,5,5,14,6,6,1490178.99,248363.165,1,1,1,1,4,4,1,0,0,0.25,0.0,0.0,2,0.5375,1,0,0.5,0.0,0,27734.083333333332,3.533116592399845,0.6509546316355628,0.050223161032303815,0.75,0.0,0.36114999999999997,0.6498,0.97475
C000164,22,3.2,162658,954344,11053.86,55,214.37,14.3,0.522,0.478,0.531,14.0,0.571,2,0.57,0.119,9762.49,177.49981818181817,151.54,55,5,2026-08-14,2026-04-18,27,28,97.96880199727435,11.0,0.4909090909090909,0.509090909090909,15,55,9762.49,2,5,5,12,2,2,509555.38,254777.69,0,0,0,1,4,4,4,1,0,1.0,0.25,0.0,5,0.542,2,0,0.4,0.0,0,13554.833333333334,5.867181448191912,0.8154921368761451,0.06001850508428728,0.25,0.0,0.5217,0.45849999999999996,0.8897499999999999
C000165,28,6.9,51731,174804,2081.7,30,111.21,4.1,0.761,0.239,0.721,15.0,0.458,1,0.547,-0.034,2144.31,71.477,70.32,30,3,2026-08-25,2026-06-19,21,9,24.493415885174894,10.0,0.7,0.3,4,30,2144.31,5,2,2,9,1,1,12391.56,12391.56,0,0,0,0,6,6,2,2,0,0.3333333333333333,1.0,0.0,2,0.34850000000000003,2,0,1.0,0.0,0,4310.916666666667,3.379095706636253,0.48289033654868446,0.04145116081266552,0.125,0.0,0.58895,0.3266,0.19658333333333333
C000166,47,3.9,134740,452727,5976.8,38,180.51,4.7,0.68,0.32,0.636,14.0,0.513,2,0.667,-0.018,4919.28,129.45473684210526,118.275,38,5,2026-08-24,2026-04-14,28,10,67.24079668711596,7.6,0.7368421052631579,0.2631578947368421,5,38,4919.28,4,3,4,11,2,2,171804.81,85902.405,1,1,0,0,6,6,4,3,2,0.6666666666666666,0.75,0.6666666666666666,4,0.5005,1,1,0.25,1.0,0,11228.333333333334,3.360004453020632,0.532296274306071,0.03650942556033843,0.25,0.0,0.55445,0.4876,0.7479166666666667
C000167,30,2.4,187102,960338,8999.27,47,203.5,3.8,0.817,0.183,0.865,14.0,0.522,6,0.645,0.086,9193.07,195.5972340425532,165.26,47,5,2026-08-25,2026-04-12,33,14,83.30074107666927,9.4,0.7021276595744681,0.2978723404255319,4,47,9193.07,5,4,5,14,6,5,783258.73,130543.12166666666,1,1,1,1,7,7,5,4,2,0.7142857142857143,0.8,0.5,2,0.622,1,0,0.5,0.0,0,15591.833333333334,5.132697672927066,0.5771784374298511,0.049134001774433195,0.75,0.0,0.65975,0.681,0.894
C000168,47,8.7,63657,195283,3520.16,25,185.81,32.1,0.821,0.179,0.496,9.0,0.269,2,0.599,-0.129,4082.6,163.304,144.53,25,6,2026-07-28,2026-01-24,18,7,80.62868472200199,4.166666666666667,0.72,0.28,32,25,4082.6,1,2,4,7,2,2,87644.41,43822.205,0,0,1,0,7,7,3,0,0,0.42857142857142855,0.0,0.0,2,0.279,0,0,0.0,0.0,0,5304.75,3.0677380335234146,0.6635864084075592,0.06413434500526258,0.25,0.0,0.38044999999999995,0.5046999999999999,0.35566666666666663
C000169,43,4.5,67408,455367,2465.57,38,100.0,12.0,0.675,0.325,0.408,9.0,0.0,1,0.441,0.05,2475.93,65.15605263157894,58.905,38,5,2026-08-17,2026-04-21,28,10,27.980590332380523,7.6,0.7368421052631579,0.2631578947368421,12,38,2475.93,3,3,2,8,1,1,37508.68,37508.68,0,0,0,0,4,4,1,0,0,0.25,0.0,0.0,4,0.53325,1,0,0.25,0.0,0,5617.333333333333,6.755385117493472,0.43892178969855217,0.03673050676477569,0.125,0.0,0.27359999999999995,0.3698,0.45533333333333326
C000170,52,5.5,229080,1137322,11053.35,54,146.61,2.6,0.936,0.064,0.732,3.0,0.626,3,0.67,-0.088,13751.82,254.66333333333333,245.495,54,7,2026-08-27,2026-02-09,50,4,123.74390185089129,7.714285714285714,0.9259259259259259,0.07407407407407407,2,54,13751.82,5,5,5,15,3,3,448208.37,149402.79,0,0,1,1,7,7,5,3,1,0.7142857142857143,0.6,0.3333333333333333,4,0.7145,3,1,0.75,0.3333333333333333,0,19090.0,4.964737209708399,0.5790125720272394,0.060030644316396015,0.375,0.0,0.5159,0.6135,0.9405000000000001
C000171,52,12.2,136227,754819,7109.14,48,117.41,4.1,0.736,0.264,0.491,6.0,0.505,4,0.575,-0.006,6528.66,136.01375,124.035,48,5,2026-08-25,2026-02-19,35,13,55.077211205261065,9.6,0.7291666666666666,0.2708333333333333,4,48,6528.66,5,4,5,14,4,4,472451.27,118112.8175,0,1,1,1,6,6,3,1,0,0.5,0.3333333333333333,0.0,5,0.4934,1,1,0.2,1.0,0,11352.25,5.540891306422369,0.6262318042678764,0.04792486071043185,0.5,0.0,0.4072,0.56,0.8271666666666667
C000172,48,2.6,55263,89332,1268.25,25,100.0,3.3,0.691,0.309,0.689,12.0,0.565,1,0.612,0.039,1384.42,55.3768,48.22,25,4,2026-08-23,2026-05-08,21,4,18.050800240801884,6.25,0.84,0.16,6,25,1384.42,4,2,1,7,1,1,5353.87,5353.87,0,0,0,0,4,4,1,0,0,0.25,0.0,0.0,2,0.40049999999999997,1,0,0.5,0.0,0,4605.25,1.6164884280621754,0.27539221540632974,0.025051481099469808,0.125,0.0,0.5712999999999999,0.3836,0.12141666666666667
C000173,26,15.2,80140,348406,4084.6,36,117.45,9.2,0.737,0.263,0.72,15.0,0.822,2,0.733,-0.135,4688.62,130.23944444444444,116.055,36,5,2026-08-20,2026-02-22,26,10,59.49033971732335,7.2,0.7222222222222222,0.2777777777777778,9,36,4688.62,3,3,4,10,2,2,89361.59,44680.795,0,0,0,1,3,3,3,3,2,1.0,1.0,0.6666666666666666,2,0.47450000000000003,2,0,1.0,0.0,0,6678.333333333333,4.347466932867482,0.6116196655852258,0.05850536561018218,0.25,0.0,0.6795,0.5074,0.5507500000000001
C000174,35,6.2,63957,338330,1287.19,49,100.0,12.1,0.798,0.202,0.608,15.0,0.482,1,0.613,-0.19,2164.18,44.166938775510204,40.0,49,6,2026-08-17,2026-03-25,43,6,10.072176445552378,8.166666666666666,0.8775510204081632,0.12244897959183673,12,49,2164.18,3,4,2,9,1,1,23563.63,23563.63,0,0,0,0,4,4,3,1,1,0.75,0.3333333333333333,1.0,3,0.505,0,0,0.0,0.0,0,5329.75,5.2899604421720845,0.24151038979314227,0.033838047438122486,0.125,0.0,0.5441,0.4589,0.32141666666666663
C000175,42,17.7,148137,921172,6999.03,57,100.0,7.9,0.837,0.163,0.438,8.0,0.324,3,0.612,-0.051,6111.5599999999995,107.22035087719297,97.08,57,4,2026-08-21,2026-03-09,53,4,40.395105386177676,14.25,0.9298245614035088,0.07017543859649122,8,57,6111.5599999999995,3,5,5,13,3,3,588360.12,196120.04,0,1,0,1,4,4,2,0,0,0.5,0.0,0.0,2,0.455,0,0,0.0,0.0,0,12344.75,6.2183789330147095,0.5669640940480771,0.04125613452412294,0.375,0.0,0.35810000000000003,0.48360000000000003,0.8528333333333333
C000176,24,11.2,223280,1112385,11729.77,52,208.58,7.4,0.764,0.236,0.506,12.0,0.259,5,0.551,-0.055,11849.619999999999,227.87730769230768,216.55,52,6,2026-08-22,2026-02-28,37,15,116.6650940809764,8.666666666666666,0.7115384615384616,0.28846153846153844,7,52,11849.619999999999,4,4,5,13,5,5,1285074.55,257014.91,1,1,1,1,6,6,2,0,0,0.3333333333333333,0.0,0.0,5,0.5854,3,0,0.6,0.0,0,18606.666666666668,4.9820180938731635,0.6304068434252956,0.05307067359369401,0.625,0.0,0.41245,0.6403,0.9370833333333333
C000177,64,3.3,70641,192519,2007.79,6,385.39,180.0,0.808,0.192,0.274,12.0,0.09,1,0.34,0.026,1630.11,271.685,254.14,6,5,2026-02-11,2025-09-05,6,0,67.681146193013,1.2,1.0,0.0,199,6,1630.11,1,1,1,3,1,1,5888.6,5888.6,0,0,0,0,6,6,2,1,1,0.3333333333333333,0.5,1.0,4,0.34125,2,1,0.5,0.5,0,5886.75,2.725315326793222,0.34106935066038135,0.02307597570815815,0.125,0.0,0.26580000000000004,0.3395,0.3115
C000178,23,2.6,68036,541134,2341.48,41,100.0,10.9,0.581,0.419,0.37,1.0,0.443,1,0.441,0.164,2969.28,72.42146341463415,68.22,41,4,2026-08-18,2026-05-12,25,16,31.578681540002236,10.25,0.6097560975609756,0.3902439024390244,11,41,2969.28,3,3,3,9,1,1,38539.59,38539.59,0,0,0,0,3,3,1,0,0,0.3333333333333333,0.0,0.0,4,0.249,1,1,0.25,1.0,0,5669.666666666667,7.953642189429126,0.41298371450408605,0.043642777353165976,0.125,0.0,0.28725,0.33230000000000004,0.48216666666666663
C000179,35,4.6,129396,278594,5047.02,52,103.95,1.8,0.632,0.368,0.347,4.0,0.352,2,0.533,-0.046,4826.96,92.82615384615384,87.53999999999999,52,4,2026-08-27,2026-05-24,29,23,36.18731665760572,13.0,0.5576923076923077,0.4423076923076923,2,52,4826.96,5,4,4,13,2,2,141099.24,70549.62,0,0,0,1,7,7,2,0,0,0.2857142857142857,0.0,0.0,2,0.501,1,0,0.5,0.0,0,10783.0,2.153034096880893,0.46805341741630346,0.03730378064236916,0.25,0.0,0.28414999999999996,0.40990000000000004,0.6400833333333333
C000180,46,12.4,59863,367851,2867.92,31,100.0,4.0,0.804,0.196,0.852,20.0,0.543,1,0.647,0.05,3348.31,108.01,103.29,31,4,2026-08-24,2026-05-12,27,4,51.30534741460518,7.75,0.8709677419354839,0.12903225806451613,5,31,3348.31,4,2,3,9,1,1,29900.94,29900.94,0,0,0,0,7,7,3,2,0,0.42857142857142855,0.6666666666666666,0.0,3,0.4606666666666667,0,0,0.0,0.0,0,4988.583333333333,6.144880811185541,0.5748966807543893,0.05593288007617393,0.125,0.0,0.71915,0.3941,0.39725000000000005
C000181,53,6.0,95377,415690,4824.0,40,131.33,9.7,0.771,0.229,0.293,5.0,0.364,4,0.437,-0.06,5909.62,147.7405,130.13,40,5,2026-08-19,2026-03-14,31,9,78.99386749810198,8.0,0.775,0.225,10,40,5909.62,3,3,4,10,4,4,143662.34,35915.585,0,1,1,1,3,3,2,0,0,0.6666666666666666,0.0,0.0,4,0.27925,2,0,0.5,0.0,0,7948.083333333333,4.358388290678046,0.6069387797896768,0.061960640405967896,0.5,0.0,0.27285,0.5186,0.6444166666666666
C000182,47,10.9,49901,24480,1791.67,26,100.0,1.1,0.641,0.359,0.856,19.0,0.823,1,0.596,-0.021,1939.42,74.59307692307692,57.724999999999994,26,4,2026-08-27,2026-02-16,12,14,50.018952549547116,6.5,0.46153846153846156,0.5384615384615384,2,26,1939.42,5,2,2,9,1,1,3600.11,3600.11,0,0,0,0,3,3,2,0,0,0.6666666666666666,0.0,0.0,3,0.347,1,0,0.3333333333333333,0.0,0,4158.416666666667,0.49057133123584695,0.4308538907035931,0.03886535339973147,0.125,0.0,0.7809499999999999,0.3788,0.09658333333333333
C000183,42,5.2,65010,627218,1579.9,8,210.93,106.7,0.883,0.117,0.371,7.0,0.389,1,0.431,-0.144,1887.72,235.965,213.60500000000002,8,4,2026-05-12,2025-12-25,6,2,109.23341874824101,2.0,0.75,0.25,109,8,1887.72,1,1,1,3,1,1,110204.21,110204.21,0,0,0,1,5,5,1,1,0,0.2,1.0,0.0,4,0.39725,2,0,0.5,0.0,0,5417.5,9.648023381018305,0.291628980156899,0.029037378864790034,0.125,0.0,0.3342,0.32930000000000004,0.4380833333333333
C000184,47,5.9,84484,245769,3642.12,44,100.0,8.6,0.621,0.379,0.463,11.0,0.38,4,0.659,0.011,3201.0,72.75,65.61,44,5,2026-08-20,2026-04-30,30,14,30.9311739339171,8.8,0.6818181818181818,0.3181818181818182,9,44,3201.0,3,4,3,10,4,3,199671.22,49917.805,0,1,1,0,5,5,2,1,0,0.4,0.5,0.0,3,0.4246666666666667,2,1,0.6666666666666666,0.5,0,7040.333333333333,2.9090597036125185,0.5173220964916434,0.037888831021258465,0.5,0.0,0.41335,0.5852,0.49441666666666667
C000185,36,5.1,74318,212312,4168.25,37,123.61,5.8,0.745,0.255,0.749,6.0,0.791,1,0.716,-0.013,3963.4,107.11891891891892,87.63,37,5,2026-08-23,2026-04-21,28,9,53.26178329637405,7.4,0.7567567567567568,0.24324324324324326,6,37,3963.4,4,3,4,11,1,1,13502.77,13502.77,0,0,0,0,6,6,4,4,1,0.6666666666666666,1.0,0.25,4,0.363,1,0,0.25,0.0,0,6193.166666666667,2.856804542641083,0.6730401786915686,0.053330283376840065,0.125,0.0,0.5948,0.4523,0.4480833333333333
C000186,64,8.2,66530,194395,2898.53,27,100.0,13.2,0.766,0.234,0.694,7.0,0.415,2,0.67,-0.067,2377.69,88.0625925925926,79.63,27,4,2026-08-15,2026-05-17,21,6,45.77949235130311,6.75,0.7777777777777778,0.2222222222222222,14,27,2377.69,2,2,2,6,2,2,48121.299999999996,24060.649999999998,0,0,0,1,3,3,3,2,0,1.0,0.6666666666666666,0.0,2,0.3135,1,0,0.5,0.0,0,5544.166666666667,2.921914925597475,0.5228071546670675,0.035738614159026,0.25,0.0,0.48605,0.451,0.338
C000187,43,5.4,67612,55012,2184.4,7,291.68,48.0,0.821,0.179,0.18,4.0,0.218,2,0.364,-0.084,2558.96,365.5657142857143,299.26,7,3,2026-07-08,2026-05-05,7,0,260.4370022262033,2.3333333333333335,1.0,0.0,52,7,2558.96,1,1,2,4,2,2,14420.84,7210.42,0,0,0,1,6,6,2,2,0,0.3333333333333333,1.0,0.0,3,0.264,0,0,0.0,0.0,0,5634.333333333333,0.8136425486600012,0.38769449210199375,0.03784771933976217,0.25,0.0,0.17550000000000002,0.3217,0.21933333333333335
C000188,50,16.1,55504,85975,1792.35,10,182.12,180.0,0.734,0.266,0.109,5.0,0.228,1,0.303,-0.177,2144.34,214.43400000000003,219.37,10,4,2026-03-01,2025-12-07,10,0,61.82591046191269,2.5,1.0,0.0,181,10,2144.34,1,1,2,4,1,1,13958.79,13958.79,0,0,0,0,4,4,0,0,0,0.0,0.0,0.0,4,0.2935,0,0,0.0,0.0,0,4625.333333333333,1.548987460363217,0.3875072066878063,0.03863397232631883,0.125,0.0,0.15605,0.2909,0.14566666666666667
C000189,51,6.6,179532,585178,7221.82,41,224.3,6.4,0.703,0.297,0.683,12.0,0.539,2,0.652,-0.075,5589.7,136.33414634146342,117.7,41,4,2026-08-21,2026-05-08,26,15,60.62134797147,10.25,0.6341463414634146,0.36585365853658536,8,41,5589.7,3,3,4,10,2,2,88785.48999999999,44392.744999999995,0,0,1,0,5,5,4,3,0,0.8,0.75,0.0,5,0.5294000000000001,1,0,0.2,0.0,0,14961.0,3.2594634939732194,0.48270971191765255,0.031134839471514828,0.25,0.0,0.5621,0.4456,0.8341666666666666
C000190,29,18.0,53284,397189,2437.3,11,185.48,180.0,0.713,0.287,0.427,4.0,0.435,1,0.342,-0.029,2334.34,212.21272727272728,199.26,11,4,2026-02-26,2025-08-29,10,1,88.29967543438754,2.75,0.9090909090909091,0.09090909090909091,184,11,2334.34,1,1,2,4,1,1,50669.94,50669.94,0,0,0,0,5,5,2,1,0,0.4,0.5,0.0,5,0.3488,1,0,0.2,0.0,0,4440.333333333333,7.454188874709106,0.5489002327152617,0.04380939869379176,0.125,0.0,0.3409,0.30260000000000004,0.3541666666666667
C000191,28,10.7,212650,551705,10140.11,60,111.46,6.2,0.553,0.447,0.754,14.0,0.511,6,0.596,0.119,11287.16,188.11933333333334,160.065,60,5,2026-08-23,2026-04-14,33,27,109.59050413315101,12.0,0.55,0.45,6,60,11287.16,4,5,5,14,6,6,578248.95,96374.825,1,1,1,1,3,3,2,1,1,0.6666666666666666,0.5,1.0,3,0.47100000000000003,2,0,0.6666666666666666,0.0,0,17720.833333333332,2.594427462967317,0.5722140606630615,0.053078579826005175,0.75,0.0,0.60705,0.6663,0.8562500000000001
C000192,49,7.3,71718,146673,3245.16,43,100.0,20.9,0.727,0.273,0.285,6.0,0.186,3,0.556,0.028,2789.77,64.87837209302326,56.51,43,6,2026-08-08,2026-03-18,32,11,25.076178311604682,7.166666666666667,0.7441860465116279,0.2558139534883721,21,43,2789.77,2,4,3,9,3,3,48108.32,16036.106666666667,0,1,0,1,6,6,1,0,0,0.16666666666666666,0.0,0.0,3,0.4106666666666667,1,0,0.3333333333333333,0.0,0,5976.5,2.0451351125240524,0.5429866979001088,0.03889916060124376,0.375,0.0,0.23475000000000001,0.5418000000000001,0.3606666666666667
C000193,44,1.1,102358,532574,4512.85,58,104.98,7.5,0.737,0.263,0.775,19.0,0.605,5,0.669,0.082,4384.9,75.60172413793103,70.525,58,4,2026-08-21,2026-05-10,47,11,38.389438658099294,14.5,0.8103448275862069,0.1896551724137931,8,58,4384.9,3,5,4,12,5,5,353465.5,70693.1,1,1,1,1,5,5,5,3,0,1.0,0.6,0.0,2,0.34,2,1,1.0,0.5,0,8529.833333333334,5.203052033060435,0.5290666093514919,0.042838859688544124,0.625,0.0,0.69,0.6007,0.7012499999999999
C000194,53,8.7,49141,249724,2073.01,37,100.0,4.7,0.78,0.22,0.877,15.0,0.501,3,0.725,0.095,2415.3,65.27837837837838,56.0,37,4,2026-08-24,2026-05-02,29,8,28.68226218351621,9.25,0.7837837837837838,0.21621621621621623,5,37,2415.3,4,3,2,9,3,3,87874.13,29291.376666666667,1,0,0,1,4,4,2,2,1,0.5,1.0,0.5,3,0.44,0,0,0.0,0.0,0,4095.0833333333335,5.081785067458945,0.5062192466575772,0.04915040393968377,0.375,0.0,0.6699,0.5175000000000001,0.22799999999999998
C000195,56,3.5,66540,630292,1616.57,18,100.0,96.3,0.661,0.339,0.415,19.0,0.184,2,0.286,-0.087,1874.39,104.13277777777779,87.84,18,5,2026-05-23,2025-12-14,13,5,53.55354393782594,3.6,0.7222222222222222,0.2777777777777778,98,18,1874.39,1,1,1,3,2,2,247367.41,123683.705,0,0,0,1,5,5,2,2,0,0.4,1.0,0.0,3,0.39666666666666667,1,0,0.3333333333333333,0.0,0,5545.0,9.472377517282837,0.291536519386835,0.02816937180643222,0.25,0.0,0.42274999999999996,0.37329999999999997,0.45
C000196,38,17.5,72359,417684,2800.25,42,100.0,0.2,0.898,0.102,0.779,16.0,0.762,2,0.706,-0.099,2493.02,59.357619047619046,50.39,42,5,2026-08-29,2026-02-13,37,5,23.736993029767653,8.4,0.8809523809523809,0.11904761904761904,0,42,2493.02,5,3,2,10,2,2,65458.06,32729.03,0,0,0,1,4,4,2,2,1,0.5,1.0,0.5,5,0.5526,2,1,0.4,0.5,0,6029.916666666667,5.772384914108819,0.4643928191379096,0.03445348885418538,0.25,0.0,0.7010500000000001,0.49929999999999997,0.49041666666666667
C000197,37,9.1,89296,280544,4499.31,35,119.05,8.6,0.743,0.257,0.596,11.0,0.495,2,0.369,-0.065,3749.85,107.13857142857142,95.43,35,4,2026-08-19,2026-05-07,23,12,50.06263700974758,8.75,0.6571428571428571,0.34285714285714286,10,35,3749.85,3,2,4,9,2,2,126523.78,63261.89,0,1,0,0,5,5,1,1,0,0.2,1.0,0.0,2,0.1365,0,0,0.0,0.0,0,7441.333333333333,3.141730872603476,0.6046376097473571,0.04199348235083318,0.25,0.0,0.50195,0.3607,0.5589166666666667
C000198,47,5.1,86099,104090,2913.02,41,100.0,13.8,0.57,0.43,0.774,8.0,0.548,4,0.918,0.094,2780.53,67.81780487804879,63.37,41,4,2026-08-15,2026-05-10,20,21,25.938612579723213,10.25,0.4878048780487805,0.5121951219512195,14,41,2780.53,2,3,3,8,4,3,60556.6,15139.15,1,0,0,1,7,7,3,3,1,0.42857142857142855,1.0,0.3333333333333333,5,0.4518,1,0,0.2,0.0,0,7174.916666666667,1.2089571307448403,0.40600053426869065,0.032294567881160065,0.5,0.0,0.5653,0.6254,0.3766666666666667
C000199,38,4.7,86946,374046,3201.27,47,100.0,2.0,0.647,0.353,0.094,2.0,0.182,4,0.599,-0.191,3231.86,68.76297872340426,64.18,47,3,2026-08-27,2026-06-10,39,8,26.788053462796135,15.666666666666666,0.8297872340425532,0.1702127659574468,2,47,3231.86,5,4,3,12,4,3,200825.28999999998,50206.322499999995,0,1,0,1,7,7,4,0,0,0.5714285714285714,0.0,0.0,5,0.2892,1,1,0.2,1.0,0,7245.5,4.302049547995307,0.4418287212752743,0.03717088767740897,0.5,0.0,0.1078,0.49219999999999997,0.5629166666666667
C000200,60,5.6,70095,1178883,3171.89,36,101.29,7.5,0.666,0.334,0.494,2.0,0.597,2,0.634,0.007,3138.02,87.16722222222222,74.255,36,5,2026-08-20,2026-04-30,27,9,37.97640001076692,7.2,0.75,0.25,9,36,3138.02,3,3,3,9,2,2,671187.41,335593.705,0,0,0,1,6,6,5,1,0,0.8333333333333334,0.2,0.0,5,0.5682,1,0,0.2,0.0,0,5841.25,16.818360796062485,0.5430156216563236,0.04476810043512376,0.25,0.0,0.39155,0.4777,0.6199166666666667
C000201,49,12.2,66779,140808,3251.93,27,122.98,2.2,0.595,0.405,0.636,11.0,0.416,1,0.368,-0.106,3735.94,138.36814814814815,142.46,27,5,2026-08-27,2026-03-18,23,4,54.74205927923294,5.4,0.8518518518518519,0.14814814814814814,2,27,3735.94,5,2,4,11,1,1,4103.07,4103.07,0,0,0,0,7,7,4,1,0,0.5714285714285714,0.25,0.0,5,0.3388,3,0,0.6,0.0,0,5564.916666666667,2.1085670644963237,0.5843627487683253,0.05594483295646835,0.125,0.0,0.5002,0.3479,0.3221666666666667
C000202,32,6.9,58116,67849,2183.96,22,100.0,6.7,0.725,0.275,0.765,19.0,0.375,3,0.544,0.094,2718.93,123.58772727272726,117.41499999999999,22,5,2026-08-21,2026-03-29,17,5,42.28962868823448,4.4,0.7727272727272727,0.22727272727272727,8,22,2718.93,3,1,2,6,3,3,43943.409999999996,14647.803333333331,0,1,0,1,7,7,6,1,0,0.8571428571428571,0.16666666666666666,0.0,2,0.2545,1,0,0.5,0.0,0,4843.0,1.1674753940395073,0.4509518893247987,0.04678453437951682,0.375,0.0,0.628,0.5007,0.17099999999999999
C000203,33,18.0,69757,74442,2217.82,8,231.65,59.4,0.555,0.445,0.04,7.0,0.033,1,0.262,-0.227,2528.7,316.0875,314.98,8,4,2026-06-14,2026-01-18,4,4,180.55812857043335,2.0,0.5,0.5,76,8,2528.7,1,1,2,4,1,1,7906.64,7906.64,0,0,0,0,4,4,0,0,0,0.0,0.0,0.0,5,0.3114,0,0,0.0,0.0,0,5813.083333333333,1.0671617185372078,0.38152214114712507,0.03625012543544017,0.125,0.0,0.09625,0.2786,0.24508333333333335
C000204,42,6.1,88691,122266,3104.57,34,100.0,6.3,0.408,0.592,0.544,12.0,0.505,2,0.525,-0.055,2762.82,81.25941176470589,68.46,34,4,2026-08-23,2026-04-10,14,20,41.49317709091507,8.5,0.4117647058823529,0.5882352941176471,6,34,2762.82,4,2,3,9,2,2,36638.93,18319.465,0,1,0,0,4,4,1,1,0,0.25,1.0,0.0,2,0.29,0,0,0.0,0.0,0,7390.916666666667,1.3785615225896652,0.42005209096751644,0.031151075080898854,0.25,0.0,0.49105,0.4075,0.4053333333333333
C000205,44,7.2,79791,417821,3229.5,16,224.52,145.2,0.788,0.212,0.552,4.0,0.31,1,0.531,-0.188,3584.56,224.035,221.935,16,4,2026-03-31,2025-11-22,12,4,100.71526908402055,4.0,0.75,0.25,151,16,3584.56,1,1,3,5,1,1,33009.32,33009.32,0,0,0,1,3,3,1,1,0,0.3333333333333333,1.0,0.0,2,0.3725,1,0,0.5,0.0,0,6649.25,5.236442706570917,0.48569387524908825,0.044924364903309894,0.125,0.0,0.3659,0.3593,0.5518333333333333
C000206,38,5.3,104938,232717,3218.31,44,100.0,10.1,0.821,0.179,0.508,12.0,0.327,3,0.667,0.015,3379.04,76.79636363636364,61.91,44,4,2026-08-19,2026-01-10,37,7,37.810738790252344,11.0,0.8409090909090909,0.1590909090909091,10,44,3379.04,3,4,3,10,3,3,139243.87,46414.62333333333,1,0,0,1,3,3,1,1,0,0.3333333333333333,1.0,0.0,2,0.26,1,0,0.5,0.0,0,8744.833333333334,2.217661857477749,0.36802416665078425,0.03220034687148602,0.375,0.0,0.43035,0.5001,0.5196666666666667
C000207,50,1.6,196347,941478,11222.34,63,187.33,21.5,0.706,0.294,0.918,18.0,0.718,7,0.731,0.047,9268.01,147.11126984126983,131.76,63,6,2026-08-08,2026-03-14,47,16,88.7940097422311,10.5,0.746031746031746,0.25396825396825395,21,63,9268.01,2,5,5,12,7,6,969360.0700000001,138480.01,2,1,1,1,6,6,4,2,0,0.6666666666666666,0.5,0.0,5,0.6182000000000001,1,0,0.2,0.0,0,16362.25,4.794970129413742,0.6858677749087075,0.047202198149195046,0.875,0.0,0.7726,0.7943,0.909
C000208,40,3.3,33181,140328,1023.67,24,100.0,6.5,0.552,0.448,0.912,14.0,0.893,2,0.504,-0.001,1018.73,42.44708333333333,40.0,24,4,2026-08-22,2026-05-03,7,17,5.559180796051555,6.0,0.2916666666666667,0.7083333333333334,7,24,1018.73,4,1,1,6,2,2,45934.89,22967.445,0,0,0,1,4,4,4,2,0,1.0,0.5,0.0,5,0.45199999999999996,3,0,0.6,0.0,0,2765.0833333333335,4.22916729453603,0.3702130737470239,0.03070220909556674,0.25,0.0,0.7736500000000001,0.4012,0.06908333333333333
C000209,34,11.3,78322,123121,3304.9,28,115.72,2.3,0.474,0.526,0.729,17.0,0.823,1,0.564,-0.031,3741.0699999999997,133.60964285714286,129.14999999999998,28,5,2026-08-27,2026-04-21,14,14,44.34800471374047,5.6,0.5,0.5,2,28,3741.0699999999997,5,2,4,11,1,1,4770.49,4770.49,0,0,0,0,3,3,0,0,0,0.0,0.0,0.0,2,0.2565,0,0,0.0,0.0,0,6526.833333333333,1.5719848829192309,0.5063558131814816,0.04776525114271852,0.125,0.0,0.7038,0.40669999999999995,0.37825
C000210,65,9.2,50984,310309,1951.09,29,100.0,4.4,0.869,0.131,0.744,13.0,0.718,1,0.587,0.074,1674.94,57.756551724137935,47.4,29,5,2026-08-24,2026-04-18,26,3,21.607518247767057,5.8,0.896551724137931,0.10344827586206896,5,29,1674.94,4,2,1,7,1,1,91974.29,91974.29,0,0,0,0,5,5,2,2,0,0.4,1.0,0.0,2,0.46399999999999997,1,0,0.5,0.0,0,4248.666666666667,6.086399654793661,0.4592240702965636,0.03285226737800094,0.125,0.0,0.6443,0.41359999999999997,0.26366666666666666
C000211,53,3.2,75089,611053,2169.35,48,100.0,9.0,0.741,0.259,0.552,13.0,0.435,2,0.498,-0.225,2372.95,49.43645833333333,40.0,48,5,2026-08-20,2026-04-25,37,11,16.524281745047688,9.6,0.7708333333333334,0.22916666666666666,9,48,2372.95,3,4,2,9,2,2,277701.22,138850.61,0,0,0,1,6,6,3,2,1,0.5,0.6666666666666666,0.5,2,0.4125,0,0,0.0,0.0,0,6257.416666666667,8.137716576329423,0.3466846009402176,0.031601832492109364,0.25,0.0,0.48715,0.43689999999999996,0.52425
C000212,63,3.1,60255,168704,1228.42,37,100.0,5.2,0.746,0.254,0.862,15.0,0.472,1,0.684,0.023,1758.07,47.5154054054054,40.0,37,4,2026-08-23,2026-05-28,27,10,12.127736253589811,9.25,0.7297297297297297,0.2702702702702703,6,37,1758.07,4,3,1,8,1,1,31792.59,31792.59,0,0,0,0,7,7,6,4,0,0.8571428571428571,0.6666666666666666,0.0,3,0.36433333333333334,1,0,0.3333333333333333,0.0,0,5021.25,2.79983403866899,0.24464426188698035,0.02917716372085304,0.125,0.0,0.6559,0.4052,0.19483333333333336
C000213,31,5.3,77341,481640,2391.63,40,100.0,11.0,0.791,0.209,0.485,12.0,0.49,2,0.624,0.027,2561.2,64.03,54.805,40,4,2026-08-18,2026-05-15,30,10,26.59283911709489,10.0,0.75,0.25,11,40,2561.2,3,3,2,8,2,2,236296.39,118148.195,1,0,0,0,4,4,3,1,1,0.75,0.3333333333333333,1.0,2,0.4655,0,0,0.0,0.0,0,6445.083333333333,6.227486068191515,0.37107821207380304,0.03311568249699383,0.25,0.0,0.46075,0.43720000000000003,0.5123333333333333
C000214,25,2.3,243237,425974,10968.23,57,235.1,13.2,0.728,0.272,0.807,11.0,0.836,5,0.653,-0.228,11547.78,202.5926315789474,178.86,57,5,2026-08-16,2026-04-08,41,16,104.37641934922566,11.4,0.7192982456140351,0.2807017543859649,13,57,11547.78,2,5,5,12,5,5,326593.68,65318.736,1,1,1,1,4,4,3,2,0,0.75,0.6666666666666666,0.0,3,0.5026666666666667,1,0,0.3333333333333333,0.0,0,20269.75,1.7512713937435505,0.5411132352397044,0.047475425202580204,0.625,0.0,0.68215,0.6334,0.8322499999999999
C000215,21,8.2,77774,254110,3412.79,20,156.35,54.2,0.772,0.228,0.478,10.0,0.367,2,0.462,-0.219,3827.71,191.3855,176.22,20,4,2026-06-28,2026-03-12,13,7,110.00525138063087,5.0,0.65,0.35,62,20,3827.71,1,1,4,6,2,1,81145.36,40572.68,0,0,0,0,7,7,0,0,0,0.0,0.0,0.0,5,0.4218,2,1,0.4,0.5,0,6481.166666666667,3.267287268238743,0.5265703191297862,0.049215804767660146,0.25,0.0,0.40684999999999993,0.3886,0.4676666666666667
C000216,31,5.2,50372,16806,1199.49,21,100.0,53.5,0.805,0.195,0.691,12.0,0.629,1,0.611,0.08,1097.19,52.24714285714286,40.79,21,5,2026-07-06,2026-03-24,18,3,20.492710934099748,4.2,0.8571428571428571,0.14285714285714285,54,21,1097.19,1,1,1,3,1,1,1505.75,1505.75,0,0,0,0,5,5,3,2,1,0.6,0.6666666666666666,0.5,2,0.5255000000000001,2,1,1.0,0.5,0,4197.666666666667,0.33363773524974194,0.2857516080362106,0.021781743825935045,0.125,0.0,0.5882000000000001,0.42079999999999995,0.07
C000217,33,1.2,247083,1360422,9425.06,60,108.87,16.9,0.794,0.206,0.822,20.0,0.793,4,0.684,0.224,7535.65,125.59416666666667,111.005,60,4,2026-08-12,2026-05-13,46,14,57.960250531434625,15.0,0.7666666666666667,0.23333333333333334,17,60,7535.65,2,5,5,12,4,4,735639.22,183909.805,1,1,0,0,7,7,7,3,2,1.0,0.42857142857142855,0.6666666666666666,2,0.5165,1,1,0.5,1.0,0,20590.25,5.505931205303481,0.4577438350675684,0.030498455984426284,0.5,0.0,0.76815,0.5552,0.9461666666666667
C000218,24,4.3,163666,684160,4279.55,47,100.0,6.1,0.627,0.373,0.488,6.0,0.389,4,0.623,-0.02,3749.9900000000002,79.78702127659575,67.84,47,5,2026-08-23,2026-03-25,23,24,31.351975800362155,9.4,0.48936170212765956,0.5106382978723404,6,47,3749.9900000000002,4,4,4,12,4,4,241426.2,60356.55,1,1,0,1,4,4,1,1,0,0.25,1.0,0.0,5,0.5654,3,0,0.6,0.0,0,13638.833333333334,4.180220693363313,0.31377683819486024,0.022912455855217333,0.5,0.0,0.37684999999999996,0.5744,0.79675
C000219,56,8.5,112069,157873,2934.24,56,100.0,6.2,0.641,0.359,0.692,17.0,0.505,4,0.489,0.03,3746.06,66.89392857142857,59.254999999999995,56,4,2026-08-23,2026-05-09,33,23,25.435066179556944,14.0,0.5892857142857143,0.4107142857142857,6,56,3746.06,4,5,4,13,4,4,93388.2,23347.05,1,1,1,1,5,5,3,2,0,0.6,0.6666666666666666,0.0,4,0.4265,1,1,0.25,1.0,0,9339.083333333334,1.4087124896269263,0.31418929409560176,0.03342637125342423,0.5,0.0,0.60765,0.4967,0.47475
C000220,51,13.3,86933,619627,5071.6,31,151.87,5.1,0.686,0.314,0.912,13.0,0.656,3,0.67,-0.066,4515.88,145.6735483870968,124.0,31,4,2026-08-24,2026-04-26,23,8,80.79349266487523,7.75,0.7419354838709677,0.25806451612903225,5,31,4515.88,4,2,4,10,3,2,258586.35,86195.45,2,0,0,0,3,3,1,1,0,0.3333333333333333,1.0,0.0,4,0.43225,2,1,0.5,0.5,0,7244.416666666667,7.127638526221343,0.7000701689807093,0.051946671574660944,0.375,0.0,0.7044,0.5010000000000001,0.6932499999999999
C000221,30,6.5,90382,529577,2880.08,41,100.0,1.7,0.745,0.255,0.84,18.0,0.462,3,0.849,0.028,2449.19,59.73634146341463,48.92,41,4,2026-08-27,2026-04-03,32,9,25.492199959605056,10.25,0.7804878048780488,0.21951219512195122,2,41,2449.19,5,3,2,10,3,3,249599.15,83199.71666666666,1,0,0,1,5,5,4,0,0,0.8,0.0,0.0,4,0.6675,3,1,0.75,0.3333333333333333,0,7531.833333333333,5.859319333495607,0.3823876435573455,0.02709820539487951,0.375,0.0,0.6735,0.5547,0.6081666666666666
C000222,38,5.6,88667,255151,4146.08,35,117.92,11.4,0.764,0.236,0.162,0.0,0.171,4,0.515,0.151,3869.32,110.552,96.72,35,5,2026-08-18,2026-04-18,26,9,60.43410153411147,7.0,0.7428571428571429,0.2571428571428571,11,35,3869.32,3,2,4,9,4,4,162412.97,40603.2425,1,1,0,1,6,6,2,0,0,0.3333333333333333,0.0,0.0,3,0.2786666666666667,0,0,0.0,0.0,0,7388.916666666667,2.877632038977297,0.5611214995432348,0.04363878331284469,0.5,0.0,0.11565,0.542,0.5346666666666666
C000223,52,12.7,113262,965912,4188.79,60,100.0,12.9,0.618,0.382,0.78,14.0,0.582,4,0.784,-0.059,4144.49,69.07483333333333,60.025,60,5,2026-08-16,2026-04-27,31,29,30.93982248213439,12.0,0.5166666666666667,0.48333333333333334,13,60,4144.49,2,5,4,11,4,3,825436.4099999999,206359.10249999998,2,0,0,1,7,7,4,3,1,0.5714285714285714,0.75,0.3333333333333333,2,0.7370000000000001,1,0,0.5,0.0,0,9438.5,8.52812064063852,0.44379827303067226,0.0365920608853808,0.5,0.0,0.6365000000000001,0.6227,0.7770833333333333
C000224,47,7.4,51107,196277,2099.62,23,100.0,7.6,0.827,0.173,0.704,17.0,0.491,1,0.558,-0.002,1712.09,74.4386956521739,58.16,23,4,2026-08-22,2026-05-27,21,2,35.47173603465516,5.75,0.9130434782608695,0.08695652173913043,7,23,1712.09,4,1,1,6,1,1,55943.11,55943.11,0,0,0,0,3,3,2,0,0,0.6666666666666666,0.0,0.0,3,0.36533333333333334,2,1,0.6666666666666666,0.5,0,4258.916666666667,3.8405110845872383,0.4929939147279237,0.03350010761735183,0.125,0.0,0.60955,0.36740000000000006,0.20750000000000002
C000225,44,10.0,60914,97395,1766.66,7,289.24,180.0,0.574,0.426,0.0,3.0,0.181,1,0.211,-0.212,1762.79,251.82714285714286,241.54,7,4,2026-02-21,2025-08-29,4,3,55.42939554492895,1.75,0.5714285714285714,0.42857142857142855,189,7,1762.79,1,1,1,3,1,1,29057.56,29057.56,0,0,0,0,5,5,0,0,0,0.0,0.0,0.0,4,0.2195,0,0,0.0,0.0,0,5076.166666666667,1.5988935220146436,0.348030337853367,0.02893899596151952,0.125,0.0,0.07525,0.2633,0.17716666666666667
C000226,41,4.7,267141,540511,18710.32,65,402.11,16.2,0.745,0.255,1.0,16.0,0.889,6,0.555,-0.007,16800.170000000002,258.46415384615386,229.9,65,5,2026-08-12,2026-04-17,48,17,147.10023871807095,13.0,0.7384615384615385,0.26153846153846155,17,65,16800.170000000002,2,5,5,12,6,5,564989.21,94164.86833333333,0,1,1,1,7,7,4,2,1,0.5714285714285714,0.5,0.5,4,0.463,2,0,0.5,0.0,0,22261.75,2.0233172743981642,0.8404694150280189,0.06288877409308194,0.75,0.0,0.83225,0.654,0.8950833333333333
C000227,48,7.8,64163,122683,3156.05,26,126.1,3.9,0.889,0.111,0.213,9.0,0.271,1,0.393,-0.032,3139.93,120.76653846153846,112.92,26,3,2026-08-25,2026-04-22,26,0,60.66627135021948,8.666666666666666,1.0,0.0,4,26,3139.93,5,2,3,10,1,1,11872.45,11872.45,0,0,0,0,5,5,1,1,0,0.2,1.0,0.0,4,0.3205,1,0,0.25,0.0,0,5346.916666666667,1.9120521172638436,0.590256066580428,0.048936770412854755,0.125,0.0,0.25360000000000005,0.2804,0.2911666666666667
C000228,51,13.3,102819,791235,5030.1,32,193.86,4.0,0.679,0.321,0.486,9.0,0.279,1,0.602,0.222,6083.97,190.1240625,176.055,32,4,2026-08-25,2026-05-06,20,12,88.44373953881005,8.0,0.625,0.375,4,32,6083.97,5,2,5,12,1,1,138316.72,138316.72,0,0,0,1,5,5,2,0,0,0.4,0.0,0.0,3,0.5616666666666666,1,0,0.3333333333333333,0.0,0,8568.25,7.6954162168470805,0.5870627024188136,0.0591716511539696,0.125,0.0,0.37844999999999995,0.3806,0.75375
C000229,28,7.0,62909,141246,1645.67,32,100.0,0.8,0.701,0.299,0.888,11.0,0.667,1,0.657,0.119,1595.4,49.85625,43.205,32,4,2026-08-28,2026-05-19,26,6,12.865986854568733,8.0,0.8125,0.1875,1,32,1595.4,5,2,1,8,1,1,41561.37,41561.37,0,0,0,0,7,7,4,1,1,0.5714285714285714,0.25,1.0,3,0.5056666666666667,0,0,0.0,0.0,0,5242.416666666667,2.2452431289640593,0.31391438426934143,0.025360441272313978,0.125,0.0,0.67635,0.3971,0.20591666666666666
C000230,46,7.3,51938,327668,2562.01,27,111.99,17.6,0.565,0.435,0.568,17.0,0.624,1,0.396,0.013,2380.58,88.16962962962963,70.57,27,5,2026-08-11,2026-04-21,17,10,56.46511588047979,5.4,0.6296296296296297,0.37037037037037035,18,27,2380.58,2,2,2,6,1,1,11027.49,11027.49,0,0,0,0,7,7,2,0,0,0.2857142857142857,0.0,0.0,2,0.42,1,0,0.5,0.0,0,4328.166666666667,6.308829758558281,0.5919388501675075,0.045835034079094304,0.125,0.0,0.5815999999999999,0.3563,0.3175
C000231,40,18.0,106868,171692,4547.56,61,100.0,3.9,0.884,0.116,1.0,21.0,0.663,2,0.727,0.092,5369.28,88.02098360655738,81.06,61,4,2026-08-26,2026-05-05,51,10,31.60178732840481,15.25,0.8360655737704918,0.16393442622950818,3,61,5369.28,5,5,4,14,2,2,72697.59,36348.795,1,0,0,0,7,7,5,3,1,0.7142857142857143,0.6,0.3333333333333333,5,0.4748,2,1,0.4,0.5,0,8905.666666666666,1.6065800800988135,0.5106366732791856,0.05024216790807351,0.25,0.0,0.82575,0.46809999999999996,0.5368333333333334
C000232,61,11.6,49128,153597,1874.32,7,306.54,29.0,0.94,0.06,0.035,9.0,0.236,3,0.431,0.093,1735.6100000000001,247.94428571428574,201.8,7,4,2026-07-31,2026-02-21,6,1,110.73806043349065,1.75,0.8571428571428571,0.14285714285714285,29,7,1735.6100000000001,1,1,1,3,3,2,66997.59,22332.53,1,0,0,0,6,6,0,0,0,0.0,0.0,0.0,3,0.259,1,0,0.3333333333333333,0.0,0,4094.0,3.126465559355154,0.4578212017586712,0.03532832600553656,0.375,0.0,0.16475,0.4293,0.16041666666666665
C000233,22,10.1,102328,115451,3061.53,12,229.25,68.6,0.76,0.24,0.439,5.0,0.339,1,0.291,-0.193,3594.5099999999998,299.54249999999996,268.77,12,6,2026-06-19,2025-11-27,8,4,118.78884230776131,2.0,0.6666666666666666,0.3333333333333333,71,12,3594.5099999999998,1,1,3,5,1,1,2490.48,2490.48,0,0,0,0,5,5,1,0,0,0.2,0.0,0.0,5,0.38360000000000005,1,0,0.2,0.0,0,8527.333333333334,1.1282444687671018,0.3590254866703151,0.03512733562661246,0.125,0.0,0.3323,0.36229999999999996,0.43033333333333335
C000234,30,6.1,54766,123997,1000.0,9,111.05,82.3,0.894,0.106,0.134,3.0,0.135,2,0.111,-0.25,907.25,100.80555555555556,96.63,9,4,2026-06-02,2026-03-04,7,2,55.322860128321075,2.25,0.7777777777777778,0.2222222222222222,88,9,907.25,1,1,1,3,2,2,65319.04,32659.52,1,0,0,1,6,6,0,0,0,0.0,0.0,0.0,4,0.356,0,0,0.0,0.0,0,4563.833333333333,2.264123726399591,0.2191140488624329,0.016565935069203522,0.25,0.0,0.12405000000000001,0.2833,0.12008333333333333
C000235,37,1.7,50331,206292,1967.75,23,109.79,2.3,0.604,0.396,0.561,5.0,0.592,1,0.657,-0.212,1785.83,77.64478260869565,71.47,23,3,2026-08-26,2026-06-29,14,9,35.462647810383814,7.666666666666667,0.6086956521739131,0.391304347826087,3,23,1785.83,5,1,1,7,1,1,51257.77,51257.77,0,0,0,0,6,6,1,1,1,0.16666666666666666,1.0,1.0,5,0.44559999999999994,1,0,0.2,0.0,0,4194.25,4.09870656255588,0.4691541992012875,0.035481711072698735,0.125,0.0,0.45044999999999996,0.3596,0.20174999999999998
C000236,44,12.1,218432,1034023,6163.0,59,105.46,0.5,0.777,0.223,0.765,17.0,0.673,4,0.719,-0.108,5255.6900000000005,89.07949152542373,80.05,59,4,2026-08-29,2026-05-28,49,10,45.856390350134326,14.75,0.8305084745762712,0.1694915254237288,0,59,5255.6900000000005,5,5,4,14,4,4,673232.0700000001,168308.01750000002,1,0,1,0,4,4,3,2,0,0.75,0.6666666666666666,0.0,2,0.6555,1,0,0.5,0.0,0,18202.666666666668,4.7338439422795195,0.3385767653091122,0.02406098923234691,0.5,0.0,0.6824999999999999,0.5657,0.897
C000237,38,7.9,77273,221049,2770.49,37,100.0,15.8,0.728,0.272,0.576,15.0,0.481,2,0.54,0.127,3029.09,81.8672972972973,68.9,37,4,2026-08-13,2026-05-10,26,11,41.89295536434687,9.25,0.7027027027027027,0.2972972972972973,16,37,3029.09,2,3,3,8,2,2,88577.19,44288.595,1,0,0,0,7,7,5,1,0,0.7142857142857143,0.2,0.0,2,0.309,0,0,0.0,0.0,0,6439.416666666667,2.8606240213269833,0.43023928150841817,0.03919984988288277,0.25,0.0,0.52945,0.41200000000000003,0.4021666666666667
C000238,41,15.4,100112,327066,5017.32,47,112.96,4.5,0.703,0.297,0.281,1.0,0.407,1,0.612,0.185,5212.79,110.9104255319149,100.76,47,5,2026-08-23,2026-04-15,36,11,50.80496813079905,9.4,0.7659574468085106,0.23404255319148937,6,47,5212.79,4,4,4,12,1,1,70634.97,70634.97,0,0,0,0,4,4,2,0,0,0.5,0.0,0.0,3,0.465,1,0,0.3333333333333333,0.0,0,8342.666666666666,3.267000958926003,0.6014048265942145,0.05206958206808374,0.125,0.0,0.23820000000000002,0.4211,0.615
C000239,27,9.1,205657,342179,10196.44,60,195.84,42.1,0.842,0.158,0.859,19.0,0.655,5,0.783,0.091,9720.1,162.00166666666667,141.535,60,7,2026-07-18,2026-01-30,53,7,83.30821505398028,8.571428571428571,0.8833333333333333,0.11666666666666667,42,60,9720.1,1,5,5,11,5,5,225341.47,45068.294,0,1,1,1,4,4,2,0,0,0.5,0.0,0.0,5,0.5422,2,1,0.4,0.5,0,17138.083333333332,1.663833470292769,0.5949580126132348,0.04726364772412318,0.625,0.0,0.7403,0.7474,0.7702500000000001
C000240,51,9.3,100786,411334,4271.08,51,100.0,10.9,0.678,0.322,0.714,10.0,0.504,3,0.555,-0.162,3474.77,68.13274509803921,62.8,51,5,2026-08-18,2026-04-11,40,11,26.33705937104075,10.2,0.7843137254901961,0.21568627450980393,11,51,3474.77,3,4,3,10,3,3,138511.72999999998,46170.57666666666,0,0,1,1,3,3,3,2,0,1.0,0.6666666666666666,0.0,5,0.4366,2,0,0.4,0.0,0,8398.833333333334,4.081261286289762,0.5085325342805548,0.03447671303554065,0.375,0.0,0.5473,0.504,0.6461666666666667
C000241,44,14.0,48890,208159,2094.32,24,100.0,21.6,0.719,0.281,0.739,13.0,0.692,1,0.493,0.115,1779.3799999999999,74.14083333333333,68.715,24,3,2026-08-07,2026-06-05,17,7,31.96326953356559,8.0,0.7083333333333334,0.2916666666666667,22,24,1779.3799999999999,2,2,1,5,1,1,10997.5,10997.5,0,0,0,0,7,7,5,3,1,0.7142857142857143,0.6,0.3333333333333333,5,0.2968,0,0,0.0,0.0,0,4074.1666666666665,4.257700961341787,0.5140486807118021,0.036395581918592754,0.125,0.0,0.63555,0.3104,0.2040833333333333
C000242,24,14.7,54925,106174,2053.72,30,100.0,13.8,0.893,0.107,0.81,21.0,0.554,1,0.485,0.13,1672.58,55.75266666666666,52.02,30,5,2026-08-15,2026-04-10,29,1,15.82435790130221,6.0,0.9666666666666667,0.03333333333333333,14,30,1672.58,2,2,1,5,1,1,8356.38,8356.38,0,0,0,0,3,3,0,0,0,0.0,0.0,0.0,5,0.335,1,1,0.2,1.0,0,4577.083333333333,1.9330723714155666,0.4486962221210742,0.03045207100591716,0.125,0.0,0.7130000000000001,0.383,0.16475
C000243,21,8.2,50224,252454,1774.35,22,100.0,2.9,0.84,0.16,0.453,5.0,0.479,2,0.561,-0.035,1787.5,81.25,58.795,22,4,2026-08-24,2026-02-12,17,5,63.5711522626419,5.5,0.7727272727272727,0.22727272727272727,5,22,1787.5,4,1,1,6,2,2,116264.32999999999,58132.16499999999,0,0,0,1,3,3,2,2,0,0.6666666666666666,1.0,0.0,4,0.38525,0,0,0.0,0.0,0,4185.333333333333,5.026561006690029,0.42394472762026125,0.03559055431666136,0.25,0.0,0.3736,0.4183,0.22258333333333336
C000244,37,1.0,76263,568098,3057.51,37,100.0,1.5,0.881,0.119,0.57,17.0,0.524,3,0.573,0.089,3579.29,96.73756756756757,81.34,37,4,2026-08-27,2026-01-26,34,3,55.78252132689581,9.25,0.918918918918919,0.08108108108108109,2,37,3579.29,5,3,3,11,3,3,210799.18,70266.39333333333,1,0,0,1,6,6,4,3,0,0.6666666666666666,0.75,0.0,4,0.43274999999999997,2,0,0.5,0.0,0,6355.25,7.44919554698871,0.4810998780535778,0.04693350641857782,0.375,0.0,0.5575,0.4719,0.5721666666666667
C000245,26,3.3,100600,276139,4921.21,43,128.24,21.3,0.776,0.224,0.785,19.0,0.568,4,0.413,0.028,4531.41,105.38162790697675,102.69,43,6,2026-08-07,2026-03-29,34,9,48.36338480859218,7.166666666666667,0.7906976744186046,0.20930232558139536,22,43,4531.41,2,4,4,10,4,3,187717.73,46929.4325,0,0,1,1,6,6,4,3,2,0.6666666666666666,0.75,0.6666666666666666,3,0.365,0,0,0.0,0.0,0,8383.333333333334,2.744920477137177,0.5870230616302187,0.04504383697813121,0.5,0.0,0.6852499999999999,0.5488999999999999,0.5891666666666666
C000246,25,5.1,72872,127928,1000.0,38,100.0,14.6,0.77,0.23,0.278,3.0,0.14,2,0.409,0.181,1552.32,40.85052631578947,40.0,38,5,2026-08-13,2026-04-09,28,10,2.871786285965886,7.6,0.7368421052631579,0.2631578947368421,16,38,1552.32,2,3,1,6,2,2,56065.11,28032.555,0,1,0,0,4,4,2,1,0,0.5,0.5,0.0,4,0.32075,0,0,0.0,0.0,0,6072.666666666667,1.7555165221209792,0.16467230211878361,0.02130200900208585,0.25,0.0,0.19010000000000002,0.41019999999999995,0.22583333333333333
C000247,31,3.7,63105,183444,2048.79,26,100.0,83.6,0.793,0.207,0.443,7.0,0.255,2,0.357,-0.221,1681.22,64.66230769230769,48.745000000000005,26,5,2026-06-05,2026-02-13,19,7,36.56535467435723,5.2,0.7307692307692307,0.2692307692307692,85,26,1681.22,1,2,1,4,2,2,49792.36,24896.18,0,0,0,1,7,7,6,3,0,0.8571428571428571,0.5,0.0,5,0.2996,1,0,0.2,0.0,0,5258.75,2.906964582838127,0.38959638697409077,0.026641629030980114,0.25,0.0,0.3331,0.39459999999999995,0.25708333333333333
C000248,58,8.7,68781,82239,3158.35,42,100.0,12.8,0.541,0.459,0.693,11.0,0.702,2,0.66,0.271,2891.93,68.85547619047618,58.67,42,4,2026-08-17,2026-05-15,22,20,33.704008171742466,10.5,0.5238095238095238,0.47619047619047616,12,42,2891.93,3,3,3,9,2,2,26681.99,13340.995,0,0,0,1,5,5,3,2,1,0.6,0.6666666666666666,0.5,5,0.2762,0,0,0.0,0.0,0,5731.75,1.195664500370742,0.5510271732019016,0.04204547767552085,0.25,0.0,0.5973499999999999,0.448,0.29300000000000004
C000249,43,10.7,175594,1450268,10438.83,61,141.81,6.1,0.551,0.449,0.701,3.0,0.537,4,0.669,0.036,12891.08,211.32918032786884,191.59,61,4,2026-08-23,2026-04-24,33,28,106.71934151931852,15.25,0.5409836065573771,0.45901639344262296,6,61,12891.08,4,5,5,14,4,4,1161841.35,290460.3375,1,0,1,1,3,3,2,1,0,0.6666666666666666,0.5,0.0,4,0.648,4,1,1.0,0.25,0,14632.833333333334,8.259211590373248,0.7133840564028383,0.07341412576739524,0.5,0.0,0.4797,0.5507,0.9183333333333333
C000250,34,2.0,112125,361185,4224.24,55,100.0,6.8,0.909,0.091,0.785,16.0,0.72,3,0.711,0.047,5183.93,94.25327272727273,93.68,55,4,2026-08-22,2026-05-18,48,7,44.48180248206981,13.75,0.8727272727272727,0.12727272727272726,7,55,5183.93,4,5,4,13,3,3,168090.72999999998,56030.243333333325,0,1,0,1,5,5,1,0,0,0.2,0.0,0.0,3,0.5786666666666667,0,0,0.0,0.0,0,9343.75,3.2212709030100335,0.45209257525083607,0.046233489409141584,0.375,0.0,0.69325,0.5133000000000001,0.6489166666666666
C000251,48,7.0,105858,246168,3411.21,37,103.44,9.7,0.72,0.28,0.548,12.0,0.729,2,0.66,0.2,3330.81,90.0218918918919,80.29,37,4,2026-08-20,2026-05-17,24,13,37.954587692094314,9.25,0.6486486486486487,0.35135135135135137,9,37,3330.81,3,3,3,9,2,2,120737.26,60368.63,1,0,0,0,4,4,4,3,0,1.0,0.75,0.0,2,0.367,0,0,0.0,0.0,0,8821.5,2.3254548546165617,0.3866927393300459,0.03146488692399252,0.25,0.0,0.5488500000000001,0.448,0.5431666666666667
C000252,41,5.3,106531,161141,4256.32,38,141.99,10.8,0.928,0.072,0.711,14.0,0.837,4,0.671,-0.101,4328.46,113.90684210526315,98.965,38,4,2026-08-18,2026-05-19,36,2,57.928825486027336,9.5,0.9473684210526315,0.05263157894736842,11,38,4328.46,3,3,4,10,4,3,111490.86,27872.715,1,0,1,0,7,7,3,2,0,0.42857142857142855,0.6666666666666666,0.0,5,0.42679999999999996,2,0,0.4,0.0,0,8877.583333333334,1.5126207395030555,0.47944579512066904,0.040630990040457705,0.5,0.0,0.6692,0.5513,0.52075
C000253,49,5.8,174203,661519,7938.6,63,114.06,3.2,0.694,0.306,0.961,16.0,0.757,4,0.817,0.096,6879.42,109.19714285714286,98.77,63,4,2026-08-26,2026-05-09,46,17,65.9548211064888,15.75,0.7301587301587301,0.2698412698412698,3,63,6879.42,5,5,5,15,4,4,342743.0,85685.75,0,1,0,1,3,3,1,1,0,0.3333333333333333,1.0,0.0,3,0.5826666666666667,1,0,0.3333333333333333,0.0,0,14516.916666666666,3.797403029798568,0.5468516615672521,0.03949082392381302,0.5,0.0,0.7817000000000001,0.5951,0.8468333333333333
C000254,36,2.2,54052,104773,2652.86,39,100.0,9.8,0.776,0.224,0.411,9.0,0.611,2,0.377,0.237,2619.21,67.15923076923077,59.28,39,3,2026-08-16,2026-06-02,26,13,30.31882213590268,13.0,0.6666666666666666,0.3333333333333333,13,39,2619.21,2,3,2,7,2,2,45477.770000000004,22738.885000000002,0,0,0,1,5,5,1,0,0,0.2,0.0,0.0,2,0.202,1,0,0.5,0.0,0,4504.333333333333,1.9383741582180123,0.5889573003774144,0.04845722637460224,0.25,0.0,0.42769999999999997,0.3256,0.19716666666666666
C000255,38,12.6,80917,701397,4112.94,41,100.0,17.4,0.72,0.28,0.438,14.0,0.276,3,0.589,-0.085,3384.21,82.54170731707318,83.12,41,6,2026-08-12,2026-03-29,29,12,37.30723434552869,6.833333333333333,0.7073170731707317,0.2926829268292683,17,41,3384.21,2,3,3,8,3,3,273966.45,91322.15000000001,0,0,1,1,5,5,3,0,0,0.6,0.0,0.0,3,0.472,1,1,0.3333333333333333,1.0,0,6743.083333333333,8.668104353844063,0.6099494543791786,0.041823226268892816,0.375,0.0,0.4061,0.5517,0.6635833333333334
C000256,38,7.3,72173,253546,3098.47,37,100.0,7.7,0.724,0.276,0.606,12.0,0.36,4,0.581,-0.112,3581.1600000000003,96.78810810810812,91.84,37,4,2026-08-22,2026-04-17,26,11,45.992237801481096,9.25,0.7027027027027027,0.2972972972972973,7,37,3581.1600000000003,4,3,3,10,4,3,179379.81,44844.9525,0,1,0,1,6,6,3,3,0,0.5,1.0,0.0,4,0.39825,1,0,0.25,0.0,0,6014.416666666667,3.513031188948776,0.5151738184639685,0.04961910963933881,0.5,0.0,0.4827,0.5243,0.4206666666666667
C000257,41,2.0,39965,160999,2729.85,41,100.0,6.5,0.535,0.465,0.475,3.0,0.559,4,0.589,-0.044,2614.32,63.76390243902439,58.6,41,4,2026-08-23,2026-05-17,23,18,25.005369411193342,10.25,0.5609756097560976,0.43902439024390244,6,41,2614.32,4,3,2,9,4,4,116089.85,29022.4625,0,0,1,1,3,3,0,0,0,0.0,0.0,0.0,5,0.3008,0,0,0.0,0.0,0,3330.4166666666665,4.028499937445265,0.8196722131865383,0.06541523833354185,0.5,0.0,0.38350000000000006,0.5267,0.18491666666666667
C000258,44,3.6,54436,440246,1000.0,6,172.95,156.3,0.881,0.119,0.369,15.0,0.359,2,0.099,-0.275,887.73,147.955,132.2,6,4,2026-03-25,2025-12-10,6,0,42.85290876941727,1.5,1.0,0.0,157,6,887.73,1,1,1,3,2,2,234231.86,117115.93,0,0,0,1,7,7,0,0,0,0.0,0.0,0.0,4,0.28925,2,0,0.5,0.0,0,4536.333333333333,8.087405393489602,0.2204423543243442,0.016307774267029174,0.25,0.0,0.40580000000000005,0.2797,0.29791666666666666
C000259,36,1.6,116831,286694,6093.54,58,106.87,8.9,0.684,0.316,0.482,5.0,0.56,3,0.636,0.0,7090.46,122.24931034482759,111.0,58,5,2026-08-20,2026-03-31,37,21,52.14001621350055,11.6,0.6379310344827587,0.3620689655172414,9,58,7090.46,3,5,5,13,3,3,135654.78,45218.26,0,0,1,1,5,5,4,4,1,0.8,1.0,0.25,5,0.38120000000000004,0,0,0.0,0.0,0,9735.916666666666,2.453920620383289,0.6258825140587687,0.06068988539000779,0.375,0.0,0.4069,0.5283,0.6506666666666667
C000260,51,7.4,219967,261410,14439.19,61,255.81,11.7,0.861,0.139,0.754,17.0,0.543,5,0.64,0.121,14141.710000000001,231.83131147540985,201.69,61,5,2026-08-18,2026-04-01,53,8,120.80708718828558,12.2,0.8688524590163934,0.13114754098360656,11,61,14141.710000000001,3,5,5,13,5,4,219826.72999999998,43965.346,1,0,0,1,7,7,5,3,2,0.7142857142857143,0.6,0.6666666666666666,2,0.47750000000000004,0,0,0.0,0.0,0,18330.583333333332,1.1884055335573063,0.7877103383689372,0.06429014352152823,0.625,0.0,0.6450499999999999,0.6295,0.7526666666666667
C000261,46,9.9,43434,103912,1000.0,24,100.0,14.3,0.813,0.187,0.846,15.0,0.687,1,0.528,0.16,1055.6,43.98333333333333,40.0,24,5,2026-08-15,2026-03-20,21,3,7.653032173542416,4.8,0.875,0.125,14,24,1055.6,2,2,1,5,1,1,9213.22,9213.22,0,0,0,0,7,7,4,2,2,0.5714285714285714,0.5,1.0,2,0.34550000000000003,0,0,0.0,0.0,0,3619.5,2.3924114748814294,0.2762812543168946,0.024303541004742826,0.125,0.0,0.70245,0.39590000000000003,0.058499999999999996
C000262,58,12.1,60144,154656,1000.0,22,100.0,17.4,0.741,0.259,1.0,17.0,0.808,1,0.41,0.009,1053.38,47.88090909090909,45.894999999999996,22,3,2026-08-10,2026-05-12,15,7,9.489060824163545,7.333333333333333,0.6818181818181818,0.3181818181818182,19,22,1053.38,2,1,1,4,1,1,26135.92,26135.92,0,0,0,0,3,3,1,1,0,0.3333333333333333,1.0,0.0,5,0.35540000000000005,2,1,0.4,0.5,0,5012.0,2.5714285714285716,0.19952114924181963,0.017514299015695664,0.125,0.0,0.8220000000000001,0.2855,0.17099999999999999
C000263,46,6.2,98166,224427,3103.74,26,107.21,3.9,0.873,0.127,0.282,6.0,0.309,2,0.493,0.048,2720.58,104.6376923076923,81.49000000000001,26,4,2026-08-24,2026-05-15,24,2,61.339142824639616,6.5,0.9230769230769231,0.07692307692307693,5,26,2720.58,4,2,2,8,2,1,67248.15,33624.075,0,0,0,0,7,7,4,1,1,0.5714285714285714,0.25,1.0,2,0.313,2,0,1.0,0.0,0,8180.5,2.2861988875985575,0.3794071267037467,0.027714076156714135,0.25,0.0,0.26415,0.39790000000000003,0.49
C000264,21,2.3,194908,484059,7168.25,60,174.23,5.8,0.669,0.331,0.964,15.0,0.833,3,0.674,-0.138,6592.5599999999995,109.87599999999999,99.38499999999999,60,6,2026-08-23,2026-03-17,42,18,54.82217051831296,10.0,0.7,0.3,6,60,6592.5599999999995,4,5,5,14,3,2,116162.11,38720.70333333333,2,1,0,0,6,6,4,2,2,0.6666666666666666,0.5,1.0,5,0.5227999999999999,2,1,0.4,0.5,0,16242.333333333334,2.4835255607773923,0.4413312947647095,0.033823957969914005,0.375,0.0,0.79205,0.5772,0.8118333333333333
C000265,44,9.3,236533,1042669,10583.95,60,195.45,8.9,0.873,0.127,0.744,13.0,0.392,5,0.591,0.173,7965.05,132.75083333333333,120.92500000000001,60,6,2026-08-20,2026-01-29,55,5,73.39155057568925,10.0,0.9166666666666666,0.08333333333333333,9,60,7965.05,3,5,5,13,5,5,652842.46,130568.492,1,1,0,1,5,5,2,0,0,0.4,0.0,0.0,5,0.6958,3,0,0.6,0.0,0,19711.083333333332,4.408133326005251,0.536954251626623,0.03367415963100286,0.625,0.0,0.5628,0.6523,0.9349999999999999
C000266,42,3.2,52819,176128,2161.85,43,100.0,5.2,0.526,0.474,0.227,4.0,0.309,1,0.435,0.154,2088.46,48.56883720930232,40.0,43,3,2026-08-24,2026-06-08,27,16,14.481805696624054,14.333333333333334,0.627906976744186,0.37209302325581395,5,43,2088.46,4,4,2,10,1,1,37818.19,37818.19,0,0,0,0,3,3,1,0,0,0.3333333333333333,0.0,0.0,3,0.3313333333333333,1,0,0.3333333333333333,0.0,0,4401.583333333333,3.3345576402430943,0.49115280486188684,0.039539938279785684,0.125,0.0,0.2194,0.293,0.20725
C000267,51,5.4,55130,286658,2125.95,28,100.0,17.1,0.626,0.374,0.924,14.0,0.651,1,0.581,0.172,2193.78,78.34928571428573,71.705,28,4,2026-08-12,2026-05-06,16,12,30.075037012824296,7.0,0.5714285714285714,0.42857142857142855,17,28,2193.78,2,2,2,6,1,1,34548.22,34548.22,0,0,0,1,7,7,5,5,2,0.7142857142857143,1.0,0.4,3,0.5123333333333333,0,0,0.0,0.0,0,4594.166666666667,5.199673499002358,0.46274986395791756,0.03979285325594051,0.125,0.0,0.71855,0.37429999999999997,0.28308333333333335
C000268,42,5.6,94710,247041,5191.55,45,108.21,23.2,0.767,0.233,0.428,6.0,0.523,1,0.321,0.006,5955.2300000000005,132.33844444444446,117.74,45,5,2026-08-06,2026-03-28,27,18,66.67254157295925,9.0,0.6,0.4,23,45,5955.2300000000005,2,4,5,11,1,1,39234.42,39234.42,0,0,0,0,6,6,3,2,0,0.5,0.6666666666666666,0.0,4,0.38925,2,0,0.5,0.0,0,7892.5,2.608394044979411,0.6577827050997783,0.06287857670784501,0.125,0.0,0.38335,0.3338,0.5645
C000269,51,2.3,78647,731018,1516.08,34,100.0,6.2,0.838,0.162,0.633,15.0,0.684,5,0.595,-0.12,1670.51,49.13264705882353,40.045,34,4,2026-08-23,2026-05-13,29,5,15.105827955967658,8.5,0.8529411764705882,0.14705882352941177,6,34,1670.51,4,2,1,7,5,4,369966.49,73993.298,1,0,1,1,7,7,4,2,0,0.5714285714285714,0.5,0.0,5,0.46420000000000006,1,0,0.2,0.0,0,6553.916666666667,9.294925426271822,0.23132427174590256,0.021240606761859956,0.625,0.0,0.60585,0.5785,0.5280833333333333
C000270,62,7.8,66469,299552,1000.0,45,100.0,9.1,0.663,0.337,0.705,9.0,0.771,3,0.646,0.092,1849.54,41.10088888888889,40.0,45,3,2026-08-20,2026-06-06,32,13,4.4401335065013035,15.0,0.7111111111111111,0.28888888888888886,9,45,1849.54,3,4,1,8,3,2,128235.69,42745.23,2,0,0,0,6,6,4,1,0,0.6666666666666666,0.25,0.0,5,0.5728,2,0,0.4,0.0,0,5539.083333333333,4.506642194105523,0.18053528712632957,0.027825602912635965,0.375,0.0,0.6,0.45630000000000004,0.29866666666666664
C000271,35,7.2,84156,133199,3991.15,39,100.0,13.2,0.724,0.276,0.563,8.0,0.467,3,0.482,0.068,3460.29,88.72538461538461,79.11,39,4,2026-08-16,2026-05-31,29,10,46.53415434111717,9.75,0.7435897435897436,0.2564102564102564,13,39,3460.29,2,3,3,8,3,2,89911.64,29970.546666666665,0,0,1,0,3,3,2,1,1,0.6666666666666666,0.5,1.0,3,0.21033333333333334,2,0,0.6666666666666666,0.0,0,7013.0,1.5827629640192025,0.5691073720233851,0.04111756737487523,0.375,0.0,0.4501,0.4446,0.4310833333333334
C000272,21,11.5,190868,958738,9069.58,57,120.87,45.8,0.765,0.235,1.0,15.0,0.981,6,0.746,0.062,7176.64,125.90596491228071,105.07,57,5,2026-07-14,2026-03-27,43,14,70.03179359251384,11.4,0.7543859649122807,0.24561403508771928,46,57,7176.64,1,5,5,11,6,5,953735.53,158955.92166666666,1,1,0,1,5,5,3,3,3,0.6,1.0,1.0,4,0.61775,2,0,0.5,0.0,0,15905.666666666666,5.023042102395372,0.570210616761322,0.03760001676551334,0.75,0.0,0.8452500000000001,0.7113,0.8965
C000273,53,2.7,43800,119458,2039.3,22,100.0,31.0,0.713,0.287,0.35,5.0,0.249,1,0.382,-0.162,2355.56,107.07090909090908,92.545,22,7,2026-07-29,2026-01-24,15,7,47.89307554175744,3.142857142857143,0.6818181818181818,0.3181818181818182,31,22,2355.56,1,1,2,4,1,1,4641.71,4641.71,0,0,0,0,7,7,2,0,0,0.2857142857142857,0.0,0.0,4,0.36824999999999997,2,0,0.5,0.0,0,3650.0,2.727351598173516,0.5587123287671233,0.053779908675799085,0.125,0.0,0.26975,0.4271,0.12
C000274,34,9.7,132224,492902,5715.09,52,100.0,22.9,0.663,0.337,1.0,19.0,0.846,3,0.766,0.266,5651.84,108.68923076923078,88.38499999999999,52,5,2026-08-07,2025-12-13,30,22,67.68827354769266,10.4,0.5769230769230769,0.4230769230769231,22,52,5651.84,2,4,4,10,3,3,150571.3,50190.43333333333,1,0,0,1,5,5,3,3,3,0.6,1.0,1.0,2,0.52,2,0,1.0,0.0,0,11018.666666666666,3.7277801306873184,0.51867346321394,0.042744433688286544,0.375,0.0,0.8514999999999999,0.5673,0.7578333333333335
C000275,31,2.9,107322,337252,5405.09,43,190.2,33.6,0.561,0.439,0.544,14.0,0.362,3,0.335,-0.091,4648.89,108.11372093023256,97.9,43,5,2026-07-27,2026-03-14,29,14,50.41938199802851,8.6,0.6744186046511628,0.32558139534883723,33,43,4648.89,1,4,4,9,3,3,124494.67000000001,41498.223333333335,1,1,1,0,6,6,1,0,0,0.16666666666666666,0.0,0.0,2,0.43200000000000005,0,0,0.0,0.0,0,8943.5,3.142431188386351,0.6043595907642422,0.04331721361882932,0.375,0.0,0.47530000000000006,0.43800000000000006,0.6526666666666666
C000276,39,4.9,70270,63023,2982.77,37,100.0,5.0,0.598,0.402,0.686,13.0,0.531,2,0.619,-0.012,3452.18,93.30216216216216,78.92,37,5,2026-08-23,2026-04-10,25,12,58.36961900657715,7.4,0.6756756756756757,0.32432432432432434,6,37,3452.18,4,3,3,10,2,2,20500.510000000002,10250.255000000001,0,0,0,1,7,7,2,1,0,0.2857142857142857,0.5,0.0,3,0.40833333333333327,1,0,0.3333333333333333,0.0,0,5855.833333333333,0.8968692187277644,0.5093672975665291,0.04912736587448413,0.25,0.0,0.57145,0.47319999999999995,0.2879166666666667
C000277,34,13.6,132749,970997,7618.29,45,163.65,9.2,0.752,0.248,0.832,19.0,0.705,4,0.631,0.158,9116.86,202.5968888888889,175.95,45,3,2026-08-20,2026-06-12,36,9,105.88665560662284,15.0,0.8,0.2,9,45,9116.86,3,4,5,12,4,4,458524.29,114631.0725,1,0,1,1,4,4,3,1,1,0.75,0.3333333333333333,1.0,4,0.5925,1,0,0.25,0.0,0,11062.416666666666,7.314533442813128,0.6886641707282164,0.06867742883185561,0.5,0.0,0.7406499999999999,0.5018,0.8529166666666667
C000278,51,6.1,57584,342684,2380.09,40,100.0,16.0,0.749,0.251,0.771,11.0,0.626,1,0.525,0.079,2098.56,52.464,43.900000000000006,40,4,2026-08-13,2026-05-08,31,9,16.4406168079437,10.0,0.775,0.225,16,40,2098.56,2,3,2,7,1,1,63205.97,63205.97,0,0,0,0,5,5,4,3,0,0.8,0.75,0.0,5,0.367,2,0,0.4,0.0,0,4798.666666666667,5.951028063350931,0.4959898582939705,0.0364434565156988,0.125,0.0,0.61345,0.35750000000000004,0.3453333333333333
C000279,39,8.1,129717,229701,5412.59,60,119.24,5.2,0.882,0.118,0.607,14.0,0.695,3,0.64,0.202,5969.18,99.48633333333333,86.49000000000001,60,5,2026-08-23,2026-04-15,53,7,45.63516236362924,12.0,0.8833333333333333,0.11666666666666667,6,60,5969.18,4,5,5,14,3,3,122036.48999999999,40678.829999999994,1,1,0,0,5,5,3,0,0,0.6,0.0,0.0,2,0.49450000000000005,1,0,0.5,0.0,0,10809.75,1.7707856333402716,0.5007137075325516,0.04601694457935352,0.375,0.0,0.5869,0.5295000000000001,0.6161666666666666
C000280,40,4.6,32677,197010,1153.31,31,100.0,10.3,0.754,0.246,0.743,16.0,0.687,1,0.459,0.06,1357.11,43.77774193548387,40.0,31,5,2026-08-19,2026-03-15,25,6,12.814099450651334,6.2,0.8064516129032258,0.1935483870967742,10,31,1357.11,3,2,1,6,1,1,21763.1,21763.1,0,0,0,0,3,3,0,0,0,0.0,0.0,0.0,2,0.437,0,0,0.0,0.0,0,2723.0833333333335,6.02901123114117,0.42353092389142205,0.04153104630168008,0.125,0.0,0.6661,0.3752,0.11491666666666665
C000281,42,5.2,66441,521317,3494.64,43,112.18,4.6,0.723,0.277,0.427,14.0,0.413,2,0.526,0.02,3006.67,69.92255813953489,64.39,43,5,2026-08-25,2026-04-27,28,15,29.974381529266214,8.6,0.6511627906976745,0.3488372093023256,4,43,3006.67,5,4,3,12,2,2,270666.91000000003,135333.45500000002,0,0,0,1,3,3,1,0,0,0.3333333333333333,0.0,0.0,5,0.5056,2,2,0.4,1.0,0,5536.75,7.846314775515118,0.6311717162595385,0.04525323219096642,0.25,0.0,0.4354,0.4453,0.5293333333333333
C000282,51,8.5,165444,1843674,8285.66,50,178.06,19.1,0.771,0.229,0.761,12.0,0.632,3,0.674,0.1,10229.23,204.5846,190.39,50,4,2026-08-09,2026-05-10,38,12,88.63346353381436,12.5,0.76,0.24,20,50,10229.23,2,4,5,11,3,3,1005384.57,335128.19,1,0,0,1,7,7,4,1,0,0.5714285714285714,0.25,0.0,3,0.6823333333333332,1,1,0.3333333333333333,1.0,0,13787.0,11.143794879234061,0.6009762820047871,0.061828957230241045,0.375,0.0,0.6204500000000001,0.5022000000000001,0.9103333333333333
C000283,33,15.2,234680,2385472,14235.34,52,194.39,2.1,0.623,0.377,0.958,20.0,0.589,2,0.588,-0.0,11166.18,214.73423076923078,178.085,52,6,2026-08-27,2026-02-15,31,21,111.59296378384862,8.666666666666666,0.5961538461538461,0.40384615384615385,2,52,11166.18,5,4,5,14,2,2,562895.4,281447.7,0,0,0,1,4,4,3,3,0,0.75,1.0,0.0,3,0.717,1,0,0.3333333333333333,0.0,0,19556.666666666668,10.164786091699336,0.7279021646497358,0.047580449974433274,0.25,0.0,0.7783499999999999,0.5014,0.9701666666666666
C000284,28,5.6,43190,49282,1114.93,18,100.0,8.6,0.664,0.336,0.401,14.0,0.216,3,0.586,-0.126,1227.76,68.2088888888889,72.095,18,6,2026-08-19,2026-03-07,11,7,21.350140897424293,3.0,0.6111111111111112,0.3888888888888889,10,18,1227.76,3,1,1,5,3,2,19448.809999999998,6482.936666666666,0,0,0,1,7,7,3,1,0,0.42857142857142855,0.3333333333333333,0.0,4,0.414,1,0,0.25,0.0,0,3599.1666666666665,1.1410511692521417,0.30977448483445247,0.028426950683028477,0.375,0.0,0.37445,0.5508,0.041666666666666664
C000285,45,6.4,194598,348116,9910.28,58,113.16,9.9,0.642,0.358,0.954,14.0,0.777,5,0.724,0.135,9385.42,161.81758620689655,153.365,58,5,2026-08-18,2026-04-28,38,20,79.10878298235018,11.6,0.6551724137931034,0.3448275862068966,11,58,9385.42,3,5,5,13,5,5,282538.78,56507.75600000001,1,1,1,1,5,5,3,1,0,0.6,0.3333333333333333,0.0,5,0.46980000000000005,0,0,0.0,0.0,0,16216.5,1.7888981387270166,0.6111232386766565,0.048229786534291205,0.625,0.0,0.7635500000000001,0.6547,0.7671666666666668
C000286,39,0.9,161655,1058929,10931.85,66,204.27,3.9,0.851,0.149,0.768,16.0,0.512,5,0.799,0.269,13357.19,202.38166666666666,183.14,66,5,2026-08-25,2026-03-18,55,11,91.18982358175609,13.2,0.8333333333333334,0.16666666666666666,4,66,13357.19,5,5,5,15,5,4,974346.88,194869.376,2,1,0,1,7,7,6,3,2,0.8571428571428571,0.5,0.6666666666666666,3,0.5296666666666666,0,0,0.0,0.0,0,13471.25,6.550549008691349,0.8114948501438248,0.08262775664223192,0.625,0.0,0.6336,0.6772,0.8972500000000001
C000287,25,2.8,162327,687854,8381.48,61,128.87,32.8,0.624,0.376,0.351,3.0,0.452,3,0.567,-0.133,8048.4,131.94098360655738,120.89,61,6,2026-07-28,2026-01-12,45,16,57.723320755275275,10.166666666666666,0.7377049180327869,0.26229508196721313,32,61,8048.4,1,5,5,11,3,3,442450.6,147483.53333333333,0,0,1,1,7,7,4,3,0,0.5714285714285714,0.75,0.0,4,0.5407500000000001,0,0,0.0,0.0,0,13527.25,4.23745895630425,0.6195996969080929,0.04958140050638526,0.375,0.0,0.30095000000000005,0.5450999999999999,0.8488333333333333
C000288,49,6.0,47576,40551,1169.08,20,100.0,11.9,0.775,0.225,0.778,16.0,0.555,2,0.418,-0.093,1228.23,61.411500000000004,48.89,20,4,2026-08-17,2026-05-21,15,5,29.811876346781485,5.0,0.75,0.25,12,20,1228.23,3,1,1,5,2,2,14960.14,7480.07,0,0,0,1,5,5,2,2,0,0.4,1.0,0.0,3,0.43333333333333335,2,1,0.6666666666666666,0.5,0,3964.6666666666665,0.8523415167311249,0.2948747267529847,0.025816167815705397,0.25,0.0,0.64885,0.37539999999999996,0.059083333333333335
C000289,57,12.7,45945,122268,1094.55,9,121.46,90.4,0.779,0.221,0.155,3.0,0.151,1,0.233,-0.176,1174.33,130.4811111111111,118.03,9,3,2026-05-24,2026-03-15,6,3,44.96630723231686,3.0,0.6666666666666666,0.3333333333333333,97,9,1174.33,1,1,1,3,1,1,8453.88,8453.88,0,0,0,0,7,7,1,1,1,0.14285714285714285,1.0,1.0,2,0.34550000000000003,2,0,1.0,0.0,0,3828.75,2.6611818478615734,0.2858765915768854,0.025559473283273477,0.125,0.0,0.1375,0.2324,0.086
C000290,35,5.3,38718,97110,1064.43,21,100.0,8.5,0.723,0.277,0.689,14.0,0.637,1,0.642,-0.123,1337.8,63.7047619047619,56.22,21,4,2026-08-21,2026-05-17,17,4,23.207928520022552,5.25,0.8095238095238095,0.19047619047619047,8,21,1337.8,3,1,1,5,1,1,24306.53,24306.53,0,0,0,0,3,3,3,2,1,1.0,0.6666666666666666,0.5,5,0.3786,0,0,0.0,0.0,0,3226.5,2.508135750813575,0.3299023709902371,0.034552404566351565,0.125,0.0,0.6093,0.3926,0.050666666666666665
C000291,50,14.2,91756,65115,3439.85,27,143.31,4.9,0.654,0.346,0.328,7.0,0.595,1,0.603,0.127,3383.91,125.33,111.81,27,5,2026-08-22,2026-04-25,15,12,98.82053726131724,5.4,0.5555555555555556,0.4444444444444444,7,27,3383.91,4,2,3,9,1,1,17841.85,17841.85,0,0,0,0,5,5,2,2,0,0.4,1.0,0.0,2,0.375,0,0,0.0,0.0,0,7646.333333333333,0.7096538645974105,0.44986921836174204,0.036879441126465844,0.125,0.0,0.36635,0.4184,0.4015833333333333
C000292,32,2.4,131117,864363,5193.87,45,100.44,20.0,0.64,0.36,0.586,7.0,0.336,3,0.572,0.287,4397.37,97.71933333333332,83.12,45,5,2026-08-08,2026-04-03,34,11,50.37271480943556,9.0,0.7555555555555555,0.24444444444444444,21,45,4397.37,2,4,4,10,3,3,194645.49,64881.829999999994,1,1,0,0,7,7,3,0,0,0.42857142857142855,0.0,0.0,3,0.5790000000000001,0,0,0.0,0.0,0,10926.416666666666,6.592303057574533,0.4753498020851606,0.033537756355011175,0.375,0.0,0.4177,0.5091,0.8138333333333334
C000293,46,9.0,132577,623671,5947.3,57,135.43,15.7,0.677,0.323,0.642,15.0,0.664,3,0.552,0.271,5205.36,91.3221052631579,87.74,57,7,2026-08-13,2026-02-22,41,16,35.31381289528232,8.142857142857142,0.7192982456140351,0.2807017543859649,16,57,5205.36,2,5,4,11,3,3,241411.71000000002,80470.57,1,0,0,1,6,6,3,1,0,0.5,0.3333333333333333,0.0,5,0.5346,1,1,0.2,1.0,0,11048.083333333334,4.704217171907646,0.5383105666895465,0.03926291890750281,0.375,0.0,0.6049,0.5781000000000001,0.79225
C000294,28,5.6,152674,519096,6842.85,32,161.77,3.2,0.67,0.33,0.618,4.0,0.519,2,0.596,0.071,5470.24,170.945,151.15,32,5,2026-08-26,2026-04-24,22,10,94.9932005036965,6.4,0.6875,0.3125,3,32,5470.24,5,2,4,11,2,2,206484.56,103242.28,0,1,0,0,6,6,4,3,1,0.6666666666666666,0.75,0.3333333333333333,3,0.5233333333333333,1,1,0.3333333333333333,1.0,0,12722.833333333334,3.4000288195763524,0.5378401037504749,0.035829545305684,0.25,0.0,0.44785,0.46629999999999994,0.79325
C000295,53,5.9,87816,322403,1986.18,29,100.0,3.4,0.585,0.415,0.338,1.0,0.24,2,0.636,0.157,2414.36,83.25379310344827,72.02,29,5,2026-08-25,2026-04-03,17,12,53.544970046133926,5.8,0.5862068965517241,0.41379310344827586,4,29,2414.36,5,2,2,9,2,2,110498.14,55249.07,0,0,0,1,3,3,1,1,0,0.3333333333333333,1.0,0.0,5,0.4194,2,0,0.4,0.0,0,7318.0,3.671346907169536,0.2714102213719596,0.02749339528104218,0.25,0.0,0.22210000000000002,0.47829999999999995,0.4584166666666667
C000296,43,7.3,295075,681928,20092.21,59,313.08,13.9,0.66,0.34,0.844,16.0,0.79,4,0.677,0.148,24935.48,422.6352542372881,384.98,59,4,2026-08-15,2026-05-24,35,24,203.0982537010099,14.75,0.5932203389830508,0.4067796610169492,14,59,24935.48,2,5,5,12,4,3,500119.05000000005,125029.76250000001,1,0,1,0,3,3,2,1,1,0.6666666666666666,0.5,1.0,3,0.5966666666666667,1,0,0.3333333333333333,0.0,0,24589.583333333332,2.3110327882741677,0.8171024993645684,0.08450556638142845,0.5,0.0,0.7373,0.5530999999999999,0.9258333333333334
C000297,35,4.6,130016,901024,7620.19,60,115.48,3.1,0.754,0.246,0.931,19.0,0.692,3,0.597,-0.234,6271.18,104.51966666666667,93.98,60,4,2026-08-26,2026-04-16,51,9,51.53372882556303,15.0,0.85,0.15,3,60,6271.18,5,5,5,15,3,2,631465.09,210488.3633333333,0,0,0,1,6,6,3,2,0,0.5,0.6666666666666666,0.0,3,0.622,2,1,0.6666666666666666,0.5,0,10834.666666666666,6.93010091065715,0.7033155919271474,0.04823390967265567,0.375,0.0,0.7819499999999999,0.4791,0.8403333333333334
C000298,48,12.2,63348,267476,1000.0,9,162.77,177.8,0.594,0.406,0.379,11.0,0.454,2,0.559,-0.124,1057.8700000000001,117.54111111111112,105.01,9,6,2026-03-01,2025-08-29,6,3,58.600144505889325,1.5,0.6666666666666666,0.3333333333333333,181,9,1057.8700000000001,1,1,1,3,2,1,57408.100000000006,28704.050000000003,0,0,0,0,7,7,3,2,0,0.42857142857142855,0.6666666666666666,0.0,4,0.46625,1,0,0.25,0.0,0,5279.0,4.222327461009029,0.18942981625307823,0.016699343309970326,0.25,0.0,0.39405,0.49269999999999997,0.26075
C000299,31,8.1,69199,45830,3681.12,53,100.0,8.4,0.579,0.421,0.65,11.0,0.501,2,0.65,0.103,3673.7,69.31509433962263,61.65,53,5,2026-08-21,2026-03-12,28,25,30.735855697730262,10.6,0.5283018867924528,0.4716981132075472,8,53,3673.7,3,5,3,11,2,2,25393.989999999998,12696.994999999999,0,0,0,1,5,5,5,3,1,1.0,0.6,0.3333333333333333,5,0.41200000000000003,0,0,0.0,0.0,0,5766.583333333333,0.6622928076995332,0.6383537334354543,0.053088917469905635,0.25,0.0,0.52775,0.4825,0.30775
C000300,52,3.6,66427,149692,1760.27,44,100.0,6.2,0.813,0.187,0.408,14.0,0.369,1,0.508,0.124,2025.78,46.040454545454544,40.0,44,4,2026-08-22,2026-03-08,34,10,13.518113249825033,11.0,0.7727272727272727,0.22727272727272727,7,44,2025.78,4,4,2,10,1,1,21486.65,21486.65,0,0,0,0,4,4,3,1,0,0.75,0.3333333333333333,0.0,5,0.33540000000000003,2,0,0.4,0.0,0,5535.583333333333,2.2534812651482077,0.31799178045072035,0.030496334321887184,0.125,0.0,0.41584999999999994,0.35240000000000005,0.24141666666666667
C000301,49,6.9,58159,471022,1779.5,24,100.0,5.8,0.72,0.28,0.676,9.0,0.853,1,0.639,0.116,2011.0,83.79166666666667,76.905,24,3,2026-08-23,2026-06-14,17,7,28.628911757274274,8.0,0.7083333333333334,0.2916666666666667,6,24,2011.0,4,2,2,8,1,1,25588.0,25588.0,0,0,0,0,4,4,4,2,1,1.0,0.5,0.5,3,0.5606666666666666,1,0,0.3333333333333333,0.0,0,4846.583333333333,8.098866899362093,0.3671658728657646,0.03457762341168177,0.125,0.0,0.6074499999999999,0.35419999999999996,0.3705833333333333
C000302,41,11.2,53102,265212,2174.12,39,100.0,1.9,0.62,0.38,0.544,5.0,0.6,2,0.611,0.02,2029.58,52.04051282051282,43.22,39,5,2026-08-27,2026-02-13,24,15,15.947696904951504,7.8,0.6153846153846154,0.38461538461538464,2,39,2029.58,5,3,2,10,2,2,75398.25,37699.125,0,0,0,1,6,6,3,3,1,0.5,1.0,0.3333333333333333,2,0.2395,0,0,0.0,0.0,0,4425.166666666667,4.994388158638093,0.4913080486610673,0.03822040601107303,0.25,0.0,0.44480000000000003,0.4708,0.26808333333333334
C000303,30,3.1,69120,154671,2167.43,38,100.0,12.5,0.554,0.446,0.697,2.0,0.515,2,0.713,-0.114,2070.27,54.48078947368421,43.495,38,4,2026-08-16,2026-05-28,17,21,20.68700302012065,9.5,0.4473684210526316,0.5526315789473685,13,38,2070.27,2,3,2,7,2,2,70002.79,35001.395,0,0,0,1,6,6,3,1,0,0.5,0.3333333333333333,0.0,5,0.4264,1,1,0.2,1.0,0,5760.0,2.237717013888889,0.37628993055555554,0.029951822916666666,0.25,0.0,0.46240000000000003,0.4639,0.28625
C000304,39,15.3,63718,82249,4038.28,45,108.28,11.6,0.706,0.294,0.561,7.0,0.278,2,0.475,0.035,4654.42,103.43155555555556,93.39,45,4,2026-08-18,2026-05-07,32,13,46.95194525719188,11.25,0.7111111111111111,0.28888888888888886,11,45,4654.42,3,4,4,11,2,2,31433.67,15716.835,0,0,0,1,3,3,3,1,0,1.0,0.3333333333333333,0.0,4,0.4135,2,0,0.5,0.0,0,5309.833333333333,1.290828337361499,0.7605285790514456,0.07304717662199064,0.25,0.0,0.39195,0.39249999999999996,0.2969166666666667
C000305,53,7.0,92858,160146,3182.75,8,384.76,73.4,0.752,0.248,0.261,7.0,0.426,2,0.21,-0.077,2831.69,353.96125,317.375,8,5,2026-06-16,2025-10-04,7,1,240.9542314831654,1.6,0.875,0.125,74,8,2831.69,1,1,3,5,2,2,50413.77,25206.885,1,0,0,0,7,7,2,0,0,0.2857142857142857,0.0,0.0,2,0.23049999999999998,0,0,0.0,0.0,0,7738.166666666667,1.7246333110771286,0.4113054341036852,0.030494841586077667,0.25,0.0,0.29395,0.3505,0.449
C000306,30,4.6,63372,115599,3787.98,29,100.0,19.1,0.781,0.219,0.553,9.0,0.486,3,0.52,0.235,3970.63,136.91827586206898,116.5,29,5,2026-08-10,2026-03-19,24,5,70.32170860049271,5.8,0.8275862068965517,0.1724137931034483,19,29,3970.63,2,2,4,8,3,3,47249.72,15749.906666666668,1,0,1,0,4,4,2,0,0,0.5,0.0,0.0,4,0.34075,3,2,0.75,0.6666666666666666,0,5281.0,1.8241336868017421,0.7172846051884113,0.06265590481600707,0.375,0.0,0.46035000000000004,0.49350000000000005,0.30625
C000307,42,4.0,123780,645509,4780.73,67,100.0,10.0,0.573,0.427,0.682,13.0,0.605,5,0.599,0.112,5118.08,76.38925373134329,66.73,67,5,2026-08-17,2026-03-31,35,32,33.35097460360645,13.4,0.5223880597014925,0.47761194029850745,12,67,5118.08,3,5,4,12,5,5,566874.71,113374.942,1,1,1,0,7,7,2,1,1,0.2857142857142857,0.5,1.0,4,0.554,0,0,0.0,0.0,0,10315.0,5.214970108256584,0.4634735821619001,0.04134819841654548,0.625,0.0,0.58815,0.6172,0.76025
C000308,39,5.9,78246,210497,1000.0,7,131.47,30.1,0.513,0.487,0.213,0.0,0.229,1,0.366,-0.249,844.44,120.63428571428572,134.3,7,4,2026-07-21,2025-12-21,4,3,38.29665993144521,1.75,0.5714285714285714,0.42857142857142855,39,7,844.44,1,1,1,3,1,1,53239.39,53239.39,0,0,0,0,5,5,0,0,0,0.0,0.0,0.0,5,0.3464,2,0,0.4,0.0,0,6520.5,2.6901950259438183,0.1533624722030519,0.010792117168928764,0.125,0.0,0.1531,0.3098,0.3080833333333333
C000309,46,11.2,85258,1090142,3001.99,6,408.86,180.0,0.886,0.114,0.08,0.0,0.343,1,0.264,-0.188,3601.05,600.1750000000001,572.905,6,3,2026-02-18,2025-12-04,6,0,227.80842554655442,2.0,1.0,0.0,192,6,3601.05,1,1,3,5,1,1,311365.12,311365.12,0,0,0,0,5,5,1,0,0,0.2,0.0,0.0,2,0.436,1,0,0.5,0.0,0,7104.833333333333,12.78638954702198,0.42252785662342535,0.04223709212038753,0.125,0.0,0.12175000000000001,0.24169999999999997,0.67275
C000310,55,4.8,34473,169453,1000.0,7,150.78,163.1,0.58,0.42,0.066,6.0,0.321,1,0.139,-0.173,1232.02,176.00285714285715,176.04,7,4,2026-03-17,2025-12-22,4,3,59.489722561768524,1.75,0.5714285714285714,0.42857142857142855,165,7,1232.02,1,1,1,3,1,1,6493.27,6493.27,0,0,0,0,3,3,0,0,0,0.0,0.0,0.0,5,0.2132,1,0,0.2,0.0,0,2872.75,4.915528094450729,0.3480985118788617,0.03573869405041627,0.125,0.0,0.16995,0.24170000000000003,0.0895
C000311,44,9.4,78027,554800,3322.13,44,100.0,10.5,0.862,0.138,0.496,13.0,0.381,3,0.503,0.003,2690.7400000000002,61.15318181818182,55.925,44,5,2026-08-19,2026-04-16,40,4,23.789929252241137,8.8,0.9090909090909091,0.09090909090909091,10,44,2690.7400000000002,3,4,2,9,3,3,318102.70999999996,106034.23666666665,1,0,1,0,6,6,3,0,0,0.5,0.0,0.0,3,0.4603333333333333,0,0,0.0,0.0,0,6502.25,7.110359234623912,0.5109200661309546,0.03448472964486653,0.375,0.0,0.44845,0.48840000000000006,0.5934166666666667
C000312,25,2.4,179853,334420,7928.94,71,110.66,12.8,0.788,0.212,0.814,19.0,0.556,5,0.732,0.06,8434.03,118.78915492957748,107.2,71,5,2026-08-16,2026-01-16,57,14,51.54419600821024,14.2,0.8028169014084507,0.19718309859154928,13,71,8434.03,2,5,5,12,5,4,349491.78,69898.356,1,1,1,0,3,3,3,1,0,1.0,0.3333333333333333,0.0,2,0.4415,1,0,0.5,0.0,0,14987.75,1.8594074049362534,0.5290280395656453,0.04689401900440916,0.625,0.0,0.6952999999999999,0.6571,0.7448333333333332
C000313,39,14.8,115701,368957,6888.82,55,107.89,8.3,0.834,0.166,0.738,18.0,0.674,5,0.591,0.253,7821.7,142.21272727272728,131.4,55,5,2026-08-20,2026-04-29,43,12,66.1958637639942,11.0,0.7818181818181819,0.21818181818181817,9,55,7821.7,3,5,5,13,5,4,366231.37,73246.274,0,1,1,1,4,4,3,1,0,0.75,0.3333333333333333,0.0,5,0.41879999999999995,0,0,0.0,0.0,0,9641.75,3.1888834150093777,0.7144781808281692,0.06760270006309366,0.625,0.0,0.6806000000000001,0.6148,0.7006666666666667
C000314,31,10.3,92145,411782,2707.13,42,100.0,10.2,0.691,0.309,0.768,12.0,0.677,5,0.546,-0.022,2500.86,59.54428571428572,49.045,42,5,2026-08-19,2026-04-22,32,10,26.7429521276493,8.4,0.7619047619047619,0.23809523809523808,10,42,2500.86,3,3,2,8,5,5,289245.38,57849.076,1,1,1,1,7,7,2,2,2,0.2857142857142857,1.0,1.0,4,0.46525000000000005,1,0,0.25,0.0,0,7678.75,4.46884801128656,0.35254826631938796,0.027140485104997558,0.625,0.0,0.63485,0.6013,0.5614166666666667
C000315,34,4.0,55239,169012,1000.0,22,100.0,4.0,0.806,0.194,0.627,9.0,0.535,1,0.672,0.073,1288.43,58.565000000000005,46.875,22,4,2026-08-25,2026-05-31,16,6,26.993984118159155,5.5,0.7272727272727273,0.2727272727272727,4,22,1288.43,5,1,1,7,1,1,7497.45,7497.45,0,0,0,0,4,4,3,2,0,0.75,0.6666666666666666,0.0,5,0.4244,2,0,0.4,0.0,0,4603.25,3.0596498850449865,0.2172378211046543,0.023324643820489148,0.125,0.0,0.5059,0.4016,0.15575
C000316,29,2.6,66886,213444,2472.12,29,100.0,11.2,0.697,0.303,0.554,8.0,0.102,2,0.492,0.104,2094.63,72.22862068965517,64.43,29,4,2026-08-18,2026-05-19,25,4,31.14315342370476,7.25,0.8620689655172413,0.13793103448275862,11,29,2094.63,3,2,2,7,2,2,69105.87,34552.935,0,0,0,1,6,6,5,2,1,0.8333333333333334,0.4,0.5,4,0.38975000000000004,1,0,0.25,0.0,0,5573.833333333333,3.1911610800466463,0.4435224112669318,0.0313164189815507,0.25,0.0,0.35480000000000006,0.39759999999999995,0.33008333333333334
C000317,53,1.9,73915,151812,3052.09,52,100.0,12.6,0.796,0.204,0.665,14.0,0.552,2,0.568,0.016,2814.78,54.13038461538462,43.834999999999994,52,4,2026-08-16,2026-05-22,41,11,23.472446839507043,13.0,0.7884615384615384,0.21153846153846154,13,52,2814.78,2,4,3,9,2,2,35803.44,17901.72,0,0,0,1,7,7,5,3,0,0.7142857142857143,0.6,0.0,2,0.373,0,0,0.0,0.0,0,6159.583333333333,2.053872691605222,0.4955026719880945,0.038081309612392616,0.25,0.0,0.57725,0.4204,0.3625833333333333
C000318,27,4.6,77581,487601,3479.88,39,100.0,7.0,0.717,0.283,0.54,8.0,0.415,2,0.477,0.081,3266.98,83.76871794871795,73.67,39,3,2026-08-22,2026-06-07,27,12,43.246640282009324,13.0,0.6923076923076923,0.3076923076923077,7,39,3266.98,4,3,3,10,2,2,252431.64,126215.82,0,0,1,0,3,3,0,0,0,0.0,0.0,0.0,4,0.4915,1,1,0.25,1.0,0,6465.083333333333,6.285056908263622,0.5382575630631211,0.04211056830925098,0.25,0.0,0.42675,0.35559999999999997,0.577
C000319,55,10.8,68034,172761,1948.59,27,100.0,1.8,0.688,0.312,0.662,17.0,0.461,1,0.508,0.101,1581.08,58.55851851851852,49.95,27,4,2026-08-27,2026-05-28,20,7,21.430470884611527,6.75,0.7407407407407407,0.25925925925925924,2,27,1581.08,5,2,1,8,1,1,6330.41,6330.41,0,0,0,0,4,4,2,0,0,0.5,0.0,0.0,2,0.328,0,0,0.0,0.0,0,5669.5,2.5393332745392008,0.3436969750418908,0.023239556692242112,0.125,0.0,0.5831500000000001,0.35240000000000005,0.2755
C000320,40,7.0,56856,655807,1581.51,31,100.0,4.7,0.594,0.406,0.184,9.0,0.448,3,0.551,-0.05,1493.91,48.19064516129033,40.0,31,4,2026-08-25,2026-03-10,22,9,14.416956899309893,7.75,0.7096774193548387,0.2903225806451613,4,31,1493.91,5,2,1,8,3,2,289503.45,96501.15000000001,0,0,0,1,6,6,1,0,0,0.16666666666666666,0.0,0.0,2,0.5685,1,1,0.5,1.0,0,4738.0,11.534525819614464,0.33379273955255384,0.026275327142254116,0.375,0.0,0.2848,0.46530000000000005,0.39658333333333334
C000321,65,11.0,40192,235338,1166.65,12,126.37,57.5,0.694,0.306,0.294,8.0,0.266,1,0.496,-0.034,932.04,77.67,66.075,12,6,2026-07-01,2026-01-31,6,6,39.43149433453601,2.0,0.5,0.5,59,12,932.04,1,1,1,3,1,1,6981.98,6981.98,0,0,0,0,4,4,3,1,1,0.75,0.3333333333333333,1.0,2,0.29,0,0,0.0,0.0,0,3349.3333333333335,5.855344347133758,0.34832304936305736,0.02318968949044586,0.125,0.0,0.2788,0.42379999999999995,0.14508333333333331
C000322,39,9.5,71276,425309,4071.32,42,129.61,9.2,0.637,0.363,0.494,2.0,0.525,3,0.56,-0.082,4008.33,95.43642857142856,78.775,42,4,2026-08-20,2026-05-29,32,10,60.57483643300258,10.5,0.7619047619047619,0.23809523809523808,9,42,4008.33,3,3,4,10,3,3,268536.63,89512.21,1,0,0,1,5,5,2,1,1,0.4,0.5,1.0,4,0.46225,2,1,0.5,0.5,0,5939.666666666667,5.967071665076603,0.6854458723834109,0.05623674168022897,0.375,0.0,0.37355000000000005,0.4680000000000001,0.5421666666666667
C000323,24,3.3,69684,360457,2309.6,28,100.0,8.9,0.605,0.395,0.363,6.0,0.18,3,0.624,-0.099,1804.65,64.45178571428572,62.055,28,4,2026-08-20,2026-05-12,20,8,25.959645043166436,7.0,0.7142857142857143,0.2857142857142857,9,28,1804.65,3,2,1,6,3,3,154752.15,51584.049999999996,0,1,0,1,3,3,1,0,0,0.3333333333333333,0.0,0.0,3,0.38766666666666666,0,0,0.0,0.0,0,5807.0,5.172736926697664,0.3977268813500947,0.025897623557775102,0.375,0.0,0.26835,0.4872000000000001,0.4235
C000324,48,14.6,160966,488851,8518.05,54,190.05,10.1,0.866,0.134,0.51,15.0,0.181,4,0.39,-0.056,9324.72,172.67999999999998,155.89499999999998,54,5,2026-08-19,2026-04-05,46,8,76.25689036606389,10.8,0.8518518518518519,0.14814814814814814,10,54,9324.72,3,5,5,13,4,4,424862.5,106215.625,0,1,1,1,7,7,3,2,0,0.42857142857142855,0.6666666666666666,0.0,3,0.455,1,0,0.3333333333333333,0.0,0,13413.833333333334,3.036982965346719,0.6350198178497322,0.057929749139569844,0.5,0.0,0.42474999999999996,0.5045,0.8044166666666667
C000325,47,4.2,97679,261476,4280.52,57,100.0,6.9,0.802,0.198,0.854,19.0,0.583,3,0.67,-0.225,3502.53,61.44789473684211,55.84,57,3,2026-08-23,2026-06-04,42,15,24.553174419210045,19.0,0.7368421052631579,0.2631578947368421,6,57,3502.53,4,5,3,12,3,3,48970.97,16323.656666666668,0,1,1,0,4,4,2,1,1,0.5,0.5,1.0,3,0.5076666666666666,1,0,0.3333333333333333,0.0,0,8139.916666666667,2.676890631558472,0.5258677914393063,0.035857553824261104,0.375,0.0,0.7200499999999999,0.4635,0.56175
C000326,37,5.2,108577,577253,3002.25,51,106.61,15.3,0.726,0.274,0.668,6.0,0.811,3,0.503,0.07,3167.8,62.11372549019608,48.64,51,4,2026-08-14,2026-05-09,38,13,32.39708585418042,12.75,0.7450980392156863,0.2549019607843137,15,51,3167.8,2,4,3,9,3,3,207021.87,69007.29,0,1,0,1,3,3,3,3,0,1.0,1.0,0.0,5,0.45339999999999997,2,0,0.4,0.0,0,9048.083333333334,5.316531125376461,0.33181060445582394,0.02917560809379519,0.375,0.0,0.56335,0.4509000000000001,0.6695
C000327,33,3.2,81438,295778,3374.87,38,100.0,5.2,0.542,0.458,0.656,7.0,0.487,4,0.627,0.047,3065.88,80.68105263157895,70.53,38,4,2026-08-24,2026-05-01,20,18,35.04811301466952,9.5,0.5263157894736842,0.47368421052631576,5,38,3065.88,4,3,3,10,4,3,256840.8,64210.2,0,1,0,1,4,4,3,2,0,0.75,0.6666666666666666,0.0,5,0.47620000000000007,2,0,0.4,0.0,0,6786.5,3.6319408629877943,0.49729168201576657,0.03764679879171885,0.5,0.0,0.48695000000000005,0.5381,0.5059166666666666
C000328,37,10.6,74123,254607,2735.22,37,100.0,4.9,0.736,0.264,0.608,6.0,0.582,2,0.517,0.129,3291.8199999999997,88.9681081081081,82.2,37,5,2026-08-22,2026-04-25,25,12,46.37683604259049,7.4,0.6756756756756757,0.32432432432432434,7,37,3291.8199999999997,4,3,3,10,2,2,60991.020000000004,30495.510000000002,0,0,0,1,7,7,4,0,0,0.5714285714285714,0.0,0.0,4,0.51525,1,0,0.25,0.0,0,6176.916666666667,3.4349257315543085,0.44281316190656067,0.04441023703843611,0.25,0.0,0.4791,0.4426,0.4119166666666667
C000329,30,8.1,51030,98779,1758.65,29,100.0,3.5,0.605,0.395,0.609,5.0,0.417,2,0.662,0.02,2187.83,75.44241379310344,67.77,29,4,2026-08-25,2026-05-22,21,8,33.88390870259092,7.25,0.7241379310344828,0.27586206896551724,4,29,2187.83,5,2,2,9,2,1,43362.350000000006,21681.175000000003,0,0,0,0,6,6,3,1,0,0.5,0.3333333333333333,0.0,5,0.44860000000000005,2,1,0.4,0.5,0,4252.5,1.9357044875563394,0.41355673133450915,0.042873407799333726,0.25,0.0,0.4283,0.4486,0.12575
C000330,56,4.6,104036,285719,3124.74,23,172.84,13.8,0.83,0.17,1.0,12.0,0.771,1,0.677,0.16,3540.29,153.92565217391305,143.81,23,2,2026-08-13,2026-07-03,22,1,64.93076416293441,11.5,0.9565217391304348,0.043478260869565216,16,23,3540.29,2,1,3,6,1,1,47311.59,47311.59,0,0,0,0,7,7,6,5,0,0.8571428571428571,0.8333333333333334,0.0,5,0.5506,1,0,0.2,0.0,0,8669.666666666666,2.746347418201392,0.36042216155946016,0.034029470567880346,0.125,0.0,0.76275,0.3281,0.5469166666666667
C000331,48,8.0,54942,102698,1719.86,24,104.12,5.7,0.575,0.425,0.635,13.0,0.594,1,0.317,0.054,1890.91,78.78791666666667,71.33,24,3,2026-08-24,2026-06-24,14,10,38.34310912289385,8.0,0.5833333333333334,0.4166666666666667,5,24,1890.91,4,2,2,8,1,1,7712.01,7712.01,0,0,0,0,3,3,2,0,0,0.6666666666666666,0.0,0.0,5,0.28900000000000003,3,1,0.6,0.3333333333333333,0,4578.5,1.8692075279385534,0.37563830949000765,0.03441647555604092,0.125,0.0,0.56425,0.2576,0.14625
C000332,41,9.8,87496,197394,2847.43,11,242.52,101.1,0.576,0.424,0.48,5.0,0.39,2,0.343,-0.044,2917.28,265.20727272727277,208.77,11,4,2026-05-11,2026-02-01,4,7,155.7770898489832,2.75,0.36363636363636365,0.6363636363636364,110,11,2917.28,1,1,3,5,2,1,54873.64,27436.82,0,0,0,0,7,7,3,2,0,0.42857142857142855,0.6666666666666666,0.0,5,0.30779999999999996,0,0,0.0,0.0,0,7291.333333333333,2.2560345615799577,0.3905225381731736,0.03334186705677974,0.25,0.0,0.3635,0.3529,0.4403333333333333
C000333,21,6.7,90651,799883,2171.01,35,100.0,5.7,0.823,0.177,0.82,16.0,0.73,4,0.725,0.009,2370.36,67.72457142857144,50.12,35,4,2026-08-24,2026-05-09,31,4,37.90253470826093,8.75,0.8857142857142857,0.11428571428571428,5,35,2370.36,4,2,2,8,4,4,439865.84,109966.46,1,1,0,1,5,5,3,1,0,0.6,0.3333333333333333,0.0,2,0.627,0,0,0.0,0.0,0,7554.25,8.823763665045062,0.28738921798987327,0.026148194724823777,0.5,0.0,0.7115,0.5675,0.6139166666666666
C000334,48,3.2,46331,290143,1670.74,28,100.37,26.0,0.733,0.267,0.628,9.0,0.476,1,0.487,0.009,1443.0,51.535714285714285,44.515,28,6,2026-08-03,2026-03-16,21,7,16.23343792541515,4.666666666666667,0.75,0.25,26,28,1443.0,1,2,1,4,1,1,39001.74,39001.74,0,0,0,0,3,3,0,0,0,0.0,0.0,0.0,4,0.41700000000000004,1,1,0.25,1.0,0,3860.9166666666665,6.262394509075997,0.4327314325181844,0.031145453368155232,0.125,0.0,0.49160000000000004,0.4210999999999999,0.22225
C000335,34,5.0,61402,1326964,2163.75,15,206.07,23.3,0.485,0.515,0.202,8.0,0.178,2,0.411,-0.188,2126.43,141.762,131.62,15,4,2026-07-29,2026-02-14,9,6,69.47048141888344,3.75,0.6,0.4,31,15,2126.43,1,1,2,4,2,2,361488.95999999996,180744.47999999998,0,0,0,1,3,3,0,0,0,0.0,0.0,0.0,2,0.40049999999999997,1,0,0.5,0.0,0,5116.833333333333,21.61108758672356,0.42286896192306445,0.03463128236865248,0.25,0.0,0.21540000000000004,0.37329999999999997,0.5058333333333332
C000336,21,16.2,64046,298063,2450.26,34,100.0,5.7,0.751,0.249,0.855,15.0,0.726,2,0.574,-0.169,2746.52,80.78,77.36,34,4,2026-08-22,2026-04-30,25,9,34.84144945320158,8.5,0.7352941176470589,0.2647058823529412,7,34,2746.52,4,2,3,9,2,2,69100.4,34550.2,0,1,0,0,7,7,6,5,1,0.8571428571428571,0.8333333333333334,0.2,3,0.449,1,0,0.3333333333333333,0.0,0,5337.166666666667,4.653889391999501,0.4590937763482497,0.04288355244667895,0.25,0.0,0.7162499999999999,0.4222,0.3636666666666667
C000337,49,12.7,94250,394512,4913.56,42,105.85,4.7,0.8,0.2,0.214,4.0,0.059,1,0.458,0.011,4011.65,95.51547619047619,91.01,42,4,2026-08-24,2026-04-13,39,3,38.980840584760884,10.5,0.9285714285714286,0.07142857142857142,5,42,4011.65,4,3,4,11,1,1,7472.15,7472.15,0,0,0,0,3,3,2,1,1,0.6666666666666666,0.5,1.0,5,0.2994,0,0,0.0,0.0,0,7854.166666666667,4.185803713527852,0.625599151193634,0.042563925729442974,0.125,0.0,0.15105,0.33740000000000003,0.6359166666666667
C000338,59,4.3,151905,344098,6082.56,50,113.23,5.4,0.563,0.437,0.708,15.0,0.416,5,0.837,0.207,6943.69,138.8738,125.35499999999999,50,4,2026-08-24,2026-05-02,34,16,76.85335853375808,12.5,0.68,0.32,5,50,6943.69,4,4,5,13,5,4,228457.34,45691.468,1,0,1,1,4,4,3,1,0,0.75,0.3333333333333333,0.0,5,0.4814,2,0,0.4,0.0,0,12658.75,2.265218393074619,0.48050241927520493,0.04571074026529739,0.625,0.0,0.5726,0.6511,0.713
C000339,33,4.9,111365,278822,5510.82,34,152.8,3.9,0.767,0.233,0.787,14.0,0.502,2,0.54,0.112,5537.95,162.88088235294117,150.755,34,4,2026-08-24,2026-02-27,25,9,80.86630565388128,8.5,0.7352941176470589,0.2647058823529412,5,34,5537.95,4,2,4,10,2,1,124506.29,62253.145,0,0,0,0,3,3,2,1,1,0.6666666666666666,0.5,1.0,3,0.4583333333333333,2,1,0.6666666666666666,0.5,0,9280.416666666666,2.503677097831455,0.5938117002648947,0.04972792169891797,0.25,0.0,0.61965,0.41200000000000003,0.62875
C000340,45,10.2,49335,615738,1000.0,9,100.0,27.6,0.802,0.198,0.469,5.0,0.398,1,0.425,0.05,775.87,86.20777777777778,88.22,9,5,2026-07-15,2025-12-23,6,3,33.61639770178304,1.8,0.6666666666666666,0.3333333333333333,45,9,775.87,1,1,1,3,1,1,83347.91,83347.91,0,0,0,1,4,4,2,1,0,0.5,0.5,0.0,2,0.4665,0,0,0.0,0.0,0,4111.25,12.480754028580115,0.2432350258437215,0.015726563291780682,0.125,0.0,0.36055,0.365,0.32375
C000341,44,6.5,81499,319755,4413.72,29,206.85,4.9,0.742,0.258,0.581,7.0,0.28,1,0.52,0.085,4559.76,157.23310344827587,129.99,29,5,2026-08-24,2026-04-17,23,6,85.69768354526646,5.8,0.7931034482758621,0.20689655172413793,5,29,4559.76,4,2,4,10,1,1,40090.09,40090.09,0,0,0,1,6,6,3,1,0,0.5,0.3333333333333333,0.0,2,0.4585,1,0,0.5,0.0,0,6791.583333333333,3.923422373280654,0.6498808574338336,0.05594866194677236,0.125,0.0,0.40145000000000003,0.39349999999999996,0.5505
C000342,45,17.9,297600,621439,16693.14,42,337.46,20.5,0.706,0.294,0.62,14.0,0.337,7,0.471,-0.068,15552.48,370.29714285714283,312.20500000000004,42,5,2026-08-08,2026-03-06,35,7,246.52663754837113,8.4,0.8333333333333334,0.16666666666666666,21,42,15552.48,2,3,5,10,7,5,616231.28,88033.04000000001,2,1,1,1,6,6,3,2,0,0.5,0.6666666666666666,0.0,3,0.4653333333333333,1,1,0.3333333333333333,1.0,0,24800.0,2.088168682795699,0.6731104838709677,0.05225967741935484,0.875,0.0,0.50325,0.6788000000000001,0.9125
C000343,41,3.4,90560,438741,2304.9,37,100.0,8.2,0.774,0.226,0.523,11.0,0.563,4,0.616,-0.102,1959.83,52.968378378378375,43.37,37,5,2026-08-21,2026-03-28,30,7,23.530543096333506,7.4,0.8108108108108109,0.1891891891891892,8,37,1959.83,3,3,2,8,4,4,234387.87,58596.9675,1,0,1,1,4,4,2,1,0,0.5,0.5,0.0,5,0.4904,1,0,0.2,0.0,0,7546.666666666667,4.844754858657244,0.3054196113074205,0.021641232332155477,0.5,0.0,0.4861,0.5723,0.5461666666666667
C000344,33,11.6,52521,110536,1340.03,37,100.0,9.9,0.697,0.303,0.708,20.0,0.439,2,0.372,-0.163,1768.09,47.78621621621621,40.0,37,4,2026-08-19,2026-05-25,27,10,12.559197902412077,9.25,0.7297297297297297,0.2702702702702703,10,37,1768.09,3,3,1,7,2,1,54906.79,27453.395,0,0,0,0,5,5,3,2,0,0.6,0.6666666666666666,0.0,5,0.2504,2,0,0.4,0.0,0,4376.75,2.1046057767369244,0.30617010338721656,0.03366443898631023,0.25,0.0,0.62835,0.3616,0.12266666666666667
C000345,42,4.9,105540,504825,6374.52,36,216.14,14.2,0.786,0.214,0.286,5.0,0.115,4,0.302,0.212,5738.110000000001,159.39194444444445,139.845,36,5,2026-08-15,2026-04-09,26,10,90.6103222382037,7.2,0.7222222222222222,0.2777777777777778,14,36,5738.110000000001,2,3,4,9,4,4,349718.88,87429.72,1,1,0,1,5,5,1,0,0,0.2,0.0,0.0,2,0.5,1,0,0.5,0.0,0,8795.0,4.783257532689028,0.72478908470722,0.054369054386962296,0.5,0.0,0.20744999999999997,0.4781,0.7314166666666666
C000346,32,10.8,48782,146812,1138.86,30,100.0,9.9,0.768,0.232,0.899,17.0,0.842,5,0.506,-0.066,1400.48,46.68266666666667,40.0,30,4,2026-08-16,2026-05-01,20,10,15.556606520600232,7.5,0.6666666666666666,0.3333333333333333,13,30,1400.48,2,2,1,5,5,4,108410.89,21682.178,0,1,1,1,4,4,2,1,1,0.5,0.5,1.0,4,0.36975,2,0,0.5,0.0,0,4065.1666666666665,3.0095527038661802,0.280150875322865,0.0287089500225493,0.625,0.0,0.78505,0.5518000000000001,0.11950000000000002
C000347,58,14.1,176141,426293,6790.68,70,100.0,5.3,0.875,0.125,0.622,14.0,0.629,4,0.466,0.085,6704.61,95.78014285714285,82.41,70,5,2026-08-24,2026-04-07,65,5,53.53310213892874,14.0,0.9285714285714286,0.07142857142857142,5,70,6704.61,4,5,5,14,4,4,180630.47,45157.6175,0,1,1,1,6,6,1,1,0,0.16666666666666666,1.0,0.0,3,0.4343333333333333,0,0,0.0,0.0,0,14678.416666666666,2.420180423637881,0.46263027915136173,0.03806388064107732,0.5,0.0,0.5771499999999999,0.5273,0.7753333333333333
C000348,53,7.2,79338,139796,2210.27,42,100.0,9.1,0.651,0.349,0.738,13.0,0.588,2,0.499,0.001,2493.83,59.37690476190476,50.834999999999994,42,6,2026-08-20,2026-02-27,28,14,23.08742699626318,7.0,0.6666666666666666,0.3333333333333333,9,42,2493.83,3,4,2,9,2,2,49339.45,24669.725,0,1,0,0,5,5,3,2,2,0.6,0.6666666666666666,1.0,3,0.4873333333333334,1,0,0.3333333333333333,0.0,0,6611.5,1.7620308049106355,0.33430688951070103,0.031432982933777005,0.25,0.0,0.6091,0.47469999999999996,0.32883333333333337
C000349,21,4.2,72313,258560,2453.07,10,199.0,22.8,0.751,0.249,0.381,7.0,0.221,3,0.387,-0.178,2739.58,273.95799999999997,230.25,10,5,2026-08-06,2026-01-19,8,2,162.3154946256073,2.0,0.8,0.2,23,10,2739.58,2,1,3,6,3,3,143674.62,47891.54,0,1,0,1,5,5,1,1,0,0.2,1.0,0.0,4,0.312,1,0,0.25,0.0,0,6026.083333333333,3.57556732537718,0.407075352979409,0.03788502758840043,0.375,0.0,0.2967,0.4536,0.39066666666666666
C000350,23,4.1,46770,59647,1228.6,24,100.0,4.8,0.726,0.274,0.572,12.0,0.447,1,0.398,-0.05,1597.52,66.56333333333333,53.555,24,4,2026-08-24,2026-05-12,17,7,46.64949672748395,6.0,0.7083333333333334,0.2916666666666667,5,24,1597.52,4,2,1,7,1,1,7372.04,7372.04,0,0,0,1,6,6,4,1,0,0.6666666666666666,0.25,0.0,5,0.3336,0,0,0.0,0.0,0,3897.5,1.2753260637160573,0.31522771007055805,0.034156938208253156,0.125,0.0,0.48915,0.3194,0.06516666666666666
C000351,26,2.6,121497,240301,3989.78,30,100.0,5.8,0.57,0.43,0.565,12.0,0.437,1,0.563,0.218,3489.18,116.306,95.805,30,4,2026-08-21,2026-05-22,16,14,60.92418983939144,7.5,0.5333333333333333,0.4666666666666667,8,30,3489.18,3,2,3,8,1,1,27771.85,27771.85,0,0,0,0,3,3,0,0,0,0.0,0.0,0.0,4,0.46275,2,1,0.5,0.5,0,10124.75,1.9778348436586912,0.3940620756068051,0.028718239956542137,0.125,0.0,0.4835,0.3689,0.5795833333333333
C000352,43,18.0,70127,334299,2108.43,28,100.0,4.5,0.824,0.176,0.491,7.0,0.519,4,0.435,-0.071,2449.12,87.46857142857142,79.505,28,4,2026-08-24,2026-05-13,25,3,44.101818784556045,7.0,0.8928571428571429,0.10714285714285714,5,28,2449.12,4,2,2,8,4,3,221377.65,55344.4125,1,0,0,1,5,5,2,1,0,0.4,0.5,0.0,5,0.36619999999999997,0,0,0.0,0.0,0,5843.916666666667,4.767051207095697,0.3607905656879661,0.03492406633678897,0.5,0.0,0.4207,0.4805,0.39591666666666664
C000353,39,7.9,268151,1684413,15198.27,61,291.41,17.1,0.809,0.191,0.769,15.0,0.557,3,0.75,-0.104,16068.14,263.41213114754095,233.0,61,6,2026-08-12,2026-02-26,49,12,112.01598939607912,10.166666666666666,0.8032786885245902,0.19672131147540983,17,61,16068.14,2,5,5,12,3,3,443013.54,147671.18,1,0,0,1,3,3,2,1,1,0.6666666666666666,0.5,1.0,5,0.608,3,1,0.6,0.3333333333333333,0,22345.916666666668,6.281583883707314,0.6801363410914,0.059921984255139824,0.375,0.0,0.6353000000000001,0.6,0.97675
C000354,56,1.4,55333,97196,2477.03,15,188.21,61.5,0.444,0.556,0.0,6.0,0.274,2,0.329,-0.093,2557.5699999999997,170.50466666666665,121.48,15,5,2026-06-26,2025-12-31,8,7,109.1515379687908,3.0,0.5333333333333333,0.4666666666666667,64,15,2557.5699999999997,1,1,2,4,2,2,35799.55,17899.775,0,0,0,1,3,3,0,0,0,0.0,0.0,0.0,3,0.22033333333333335,1,0,0.3333333333333333,0.0,0,4611.083333333333,1.756564798583124,0.5371904650028013,0.0462214230206206,0.25,0.0,0.1285,0.3862,0.19074999999999998
C000355,30,3.4,75178,253921,3454.15,18,152.44,48.5,0.587,0.413,0.713,17.0,0.628,1,0.478,-0.319,2745.7200000000003,152.54000000000002,120.68,18,4,2026-07-11,2026-04-06,11,7,80.62022545826312,4.5,0.6111111111111112,0.3888888888888889,49,18,2745.7200000000003,1,1,3,5,1,1,4340.67,4340.67,0,0,0,1,3,3,2,0,0,0.6666666666666666,0.0,0.0,2,0.519,1,1,0.5,1.0,0,6264.833333333333,3.3775971693846603,0.5513554497326346,0.036522918939051324,0.125,0.0,0.64785,0.34340000000000004,0.4583333333333333
C000356,28,2.7,407820,2872893,19189.92,55,444.25,5.6,0.616,0.384,1.0,9.0,0.489,5,0.701,0.193,17646.14,320.83890909090906,286.74,55,4,2026-08-24,2026-05-09,31,24,148.74505050804123,13.75,0.5636363636363636,0.43636363636363634,5,55,17646.14,4,5,5,14,5,5,2564464.5100000002,512892.90200000006,1,1,0,1,3,3,3,1,0,1.0,0.3333333333333333,0.0,5,0.6858000000000001,3,2,0.6,0.6666666666666666,0,33985.0,7.044512284831543,0.5646585258202147,0.043269432592810554,0.625,0.0,0.66225,0.6103000000000001,0.99875
C000357,51,8.4,97413,521192,6065.56,43,203.76,7.3,0.688,0.312,0.461,10.0,0.145,3,0.676,-0.038,6257.91,145.53279069767441,137.14,43,4,2026-08-22,2026-05-12,31,12,63.38881283023511,10.75,0.7209302325581395,0.27906976744186046,7,43,6257.91,4,4,5,13,3,3,229105.76,76368.58666666667,0,1,1,1,3,3,1,0,0,0.3333333333333333,0.0,0.0,2,0.565,1,0,0.5,0.0,0,8117.75,5.350333117756357,0.747197191339965,0.06424101505959164,0.375,0.0,0.3437,0.5028,0.7098333333333333
C000358,57,7.6,74743,867753,3113.38,22,100.0,38.0,0.658,0.342,0.715,10.0,0.31,1,0.524,-0.084,3607.06,163.95727272727274,136.10500000000002,22,6,2026-07-21,2025-10-14,13,9,86.76013722473826,3.6666666666666665,0.5909090909090909,0.4090909090909091,39,22,3607.06,1,1,3,5,1,1,44361.09,44361.09,0,0,0,1,5,5,4,2,0,0.8,0.5,0.0,2,0.398,0,0,0.0,0.0,0,6228.583333333333,11.60982299345758,0.4998536317782268,0.04825950256211284,0.125,0.0,0.49924999999999997,0.4322,0.615
C000359,45,7.2,50094,86614,2045.45,30,117.87,11.4,0.544,0.456,0.776,13.0,0.435,2,0.589,-0.139,1991.1100000000001,66.37033333333333,57.045,30,5,2026-08-17,2026-04-09,20,10,26.89770871966265,6.0,0.6666666666666666,0.3333333333333333,12,30,1991.1100000000001,3,2,2,7,2,2,44484.240000000005,22242.120000000003,0,0,0,1,3,3,2,1,0,0.6666666666666666,0.5,0.0,3,0.128,0,0,0.0,0.0,0,4174.5,1.7290294246815987,0.48998682476943345,0.03974747474747475,0.25,0.0,0.58795,0.46419999999999995,0.12716666666666665
C000360,43,7.7,46807,333464,1410.49,36,100.0,6.2,0.595,0.405,0.839,13.0,0.813,1,0.574,-0.212,1769.44,49.15111111111111,40.0,36,5,2026-08-22,2026-03-24,24,12,14.30740263495545,7.2,0.6666666666666666,0.3333333333333333,7,36,1769.44,4,3,1,8,1,1,38697.61,38697.61,0,0,0,0,7,7,5,2,0,0.7142857142857143,0.4,0.0,3,0.49033333333333334,1,0,0.3333333333333333,0.0,0,3900.5833333333335,7.124233554810178,0.36161001559595785,0.037802892729719914,0.125,0.0,0.7108,0.40969999999999995,0.23616666666666666
C000361,38,2.3,46132,53923,1252.48,29,100.0,16.3,0.563,0.437,0.753,3.0,0.676,1,0.529,-0.133,1368.06,47.17448275862069,40.0,29,4,2026-08-11,2026-05-02,14,15,14.042803338926442,7.25,0.4827586206896552,0.5172413793103449,18,29,1368.06,2,2,1,5,1,1,14819.27,14819.27,0,0,0,0,5,5,5,1,0,1.0,0.2,0.0,5,0.2942,0,0,0.0,0.0,0,3844.3333333333335,1.1688849388710656,0.3257990115321252,0.029655336859446803,0.125,0.0,0.53785,0.3587,0.061750000000000006
C000362,40,10.4,307191,1003277,14307.7,56,364.94,20.3,0.78,0.22,0.623,21.0,0.566,6,0.616,0.007,10918.32,194.97,194.83499999999998,56,5,2026-08-09,2026-04-06,46,10,81.19600747013926,11.2,0.8214285714285714,0.17857142857142858,20,56,10918.32,2,5,5,12,6,5,856606.45,142767.74166666667,2,1,0,1,4,4,2,2,1,0.5,1.0,0.5,5,0.5606,2,1,0.4,0.5,0,25599.25,3.2659713337955862,0.5589109055929373,0.03554244753264256,0.75,0.0,0.6318499999999999,0.6723,0.9558333333333333
C000363,39,6.4,71704,447652,3363.87,38,100.0,5.1,0.833,0.167,0.52,10.0,0.68,2,0.738,0.191,3532.96,92.97263157894737,90.16499999999999,38,4,2026-08-24,2026-05-28,36,2,37.445644403314994,9.5,0.9473684210526315,0.05263157894736842,5,38,3532.96,5,3,3,11,2,1,43298.6,21649.3,0,0,0,0,4,4,2,0,0,0.5,0.0,0.0,5,0.5316,2,1,0.4,0.5,0,5975.333333333333,6.243054780765369,0.5629593885975678,0.049271449291531856,0.25,0.0,0.504,0.4714,0.5289166666666667
C000364,21,9.9,72302,409560,1109.68,43,100.0,25.5,0.716,0.284,0.505,9.0,0.617,1,0.519,0.064,1726.01,40.139767441860464,40.0,43,4,2026-08-04,2026-05-23,25,18,0.8903516918079091,10.75,0.5813953488372093,0.4186046511627907,25,43,1726.01,1,4,1,6,1,1,107623.16,107623.16,0,0,0,1,4,4,0,0,0,0.0,0.0,0.0,2,0.2895,1,0,0.5,0.0,0,6025.166666666667,5.66457359409145,0.1841741583911925,0.02387223036707145,0.125,0.0,0.47150000000000003,0.3557,0.3963333333333333
C000365,40,7.9,62467,770011,1161.34,31,100.0,25.5,0.482,0.518,0.683,9.0,0.598,1,0.507,-0.086,1357.26,43.78258064516129,40.0,31,5,2026-08-03,2026-04-17,11,20,11.204598451154459,6.2,0.3548387096774194,0.6451612903225806,26,31,1357.26,1,2,1,4,1,1,156955.33,156955.33,0,0,0,0,5,5,1,0,0,0.2,0.0,0.0,4,0.55475,1,0,0.25,0.0,0,5205.583333333333,12.32668448941041,0.22309507419917715,0.021727632189796214,0.125,0.0,0.54685,0.38959999999999995,0.42408333333333326
C000366,38,12.7,49229,161670,2849.4,43,100.0,16.2,0.818,0.182,0.508,8.0,0.292,6,0.609,-0.003,3081.6,71.66511627906976,67.17,43,4,2026-08-13,2026-05-16,33,10,27.057123819632405,10.75,0.7674418604651163,0.23255813953488372,16,43,3081.6,2,4,3,9,6,5,105269.68,17544.946666666667,1,1,1,1,4,4,1,1,1,0.25,1.0,1.0,3,0.465,1,1,0.3333333333333333,1.0,0,4102.416666666667,3.2840398951837333,0.6945662109732068,0.06259724958865709,0.75,0.0,0.3816,0.6327,0.22541666666666665
C000367,56,13.5,62929,352114,1891.19,26,100.0,15.5,0.801,0.199,0.933,11.0,0.823,1,0.628,0.159,2250.17,86.545,87.4,26,4,2026-08-14,2026-05-19,17,9,33.06263102053435,6.5,0.6538461538461539,0.34615384615384615,15,26,2250.17,2,2,2,6,1,1,33098.99,33098.99,0,0,0,0,5,5,5,1,1,1.0,0.2,1.0,5,0.5018,2,0,0.4,0.0,0,5244.083333333333,5.595417057318565,0.3606330944397655,0.035757282016240524,0.125,0.0,0.7356,0.38839999999999997,0.3461666666666666
C000368,50,10.4,84681,236205,3654.73,43,100.0,1.3,0.745,0.255,0.585,6.0,0.515,2,0.622,-0.078,3153.27,73.33186046511628,62.47,43,3,2026-08-28,2026-06-18,30,13,38.08675224348037,14.333333333333334,0.6976744186046512,0.3023255813953488,1,43,3153.27,5,4,3,12,2,2,88404.76,44202.38,0,0,0,1,5,5,2,1,0,0.4,0.5,0.0,2,0.381,1,0,0.5,0.0,0,7056.75,2.789350621745138,0.517905551422397,0.037237042547915114,0.25,0.0,0.452,0.3991,0.48991666666666667
C000369,44,5.4,57139,253782,2288.39,28,100.0,14.2,0.592,0.408,0.775,21.0,0.617,1,0.387,-0.058,2855.35,101.97678571428571,93.33,28,4,2026-08-15,2026-05-18,21,7,37.371800822185726,7.0,0.75,0.25,14,28,2855.35,2,2,3,7,1,1,9370.49,9370.49,0,0,0,0,4,4,3,2,0,0.75,0.6666666666666666,0.0,4,0.28875,1,0,0.25,0.0,0,4761.583333333333,4.441484800224015,0.480594340117958,0.04997199810987241,0.125,0.0,0.713,0.3161,0.28775
C000370,33,8.6,253454,2100543,15101.54,52,319.87,16.2,0.605,0.395,0.625,11.0,0.571,5,0.451,0.008,15954.8,306.8230769230769,287.205,52,4,2026-08-13,2026-05-12,34,18,156.36400622050877,13.0,0.6538461538461539,0.34615384615384615,16,52,15954.8,2,4,5,11,5,3,1284064.66,256812.93199999997,2,0,0,1,4,4,2,0,0,0.5,0.0,0.0,2,0.546,2,0,1.0,0.0,0,21121.166666666668,8.28766955739503,0.7149955415972918,0.06294948984825649,0.625,0.0,0.534,0.5353,0.9766666666666667
C000371,28,9.2,169882,510580,7114.96,55,188.1,4.4,0.818,0.182,0.543,11.0,0.299,2,0.841,0.11,6811.52,123.84581818181819,106.33,55,4,2026-08-25,2026-04-13,47,8,61.33664582513003,13.75,0.8545454545454545,0.14545454545454545,4,55,6811.52,5,5,5,15,2,2,84539.92,42269.96,0,0,0,1,4,4,4,1,1,1.0,0.25,1.0,5,0.5724,1,0,0.2,0.0,0,14156.833333333334,3.0054979338599734,0.5025813211523292,0.0400955957664732,0.25,0.0,0.4291,0.5023,0.8085
C000372,36,10.7,60015,355307,2764.87,22,100.0,122.2,0.792,0.208,0.401,8.0,0.564,2,0.438,-0.058,2485.08,112.95818181818181,108.79,22,5,2026-04-23,2025-11-25,16,6,52.258138818056594,4.4,0.7272727272727273,0.2727272727272727,128,22,2485.08,1,1,2,4,2,2,95242.56,47621.28,0,0,0,1,3,3,2,0,0,0.6666666666666666,0.0,0.0,3,0.5203333333333333,1,0,0.3333333333333333,0.0,0,5001.25,5.920303257518953,0.5528357910522369,0.041407648087978005,0.25,0.0,0.40145000000000003,0.41889999999999994,0.384
C000373,49,11.0,83373,362239,3320.72,35,100.0,21.8,0.644,0.356,0.231,3.0,0.276,2,0.515,0.333,3791.14,108.31828571428571,92.21,35,4,2026-08-07,2026-05-17,25,10,56.59260508154724,8.75,0.7142857142857143,0.2857142857142857,22,35,3791.14,2,2,4,8,2,2,79472.99,39736.495,0,0,0,1,6,6,2,0,0,0.3333333333333333,0.0,0.0,2,0.27849999999999997,0,0,0.0,0.0,0,6947.75,4.344799875259376,0.4779561728617178,0.04547203531119187,0.25,0.0,0.20295,0.40449999999999997,0.54675
C000374,47,3.0,197090,930363,8370.35,55,132.27,6.8,0.743,0.257,0.771,16.0,0.73,4,0.676,0.07,7637.29,138.85981818181818,131.38,55,5,2026-08-23,2026-03-20,36,19,64.50586968672233,11.0,0.6545454545454545,0.34545454545454546,6,55,7637.29,4,5,5,14,4,4,618283.72,154570.93,1,1,0,1,4,4,3,0,0,0.75,0.0,0.0,5,0.5766,0,0,0.0,0.0,0,16424.166666666668,4.720498249530671,0.509636206809072,0.038750266375767416,0.5,0.0,0.68945,0.5903,0.8959999999999999
C000375,59,18.0,99366,673658,2634.77,60,100.0,1.7,0.689,0.311,0.629,16.0,0.604,1,0.501,-0.207,2817.83,46.96383333333333,40.0,60,4,2026-08-27,2026-05-27,43,17,13.785815738104573,15.0,0.7166666666666667,0.2833333333333333,2,60,2817.83,5,5,3,13,1,1,15214.94,15214.94,0,0,0,0,4,4,4,2,1,1.0,0.5,0.5,3,0.4406666666666666,2,0,0.6666666666666666,0.0,0,8280.5,6.779562425779441,0.3181897228428235,0.028358090292454157,0.125,0.0,0.5940500000000001,0.3503,0.6409166666666667
C000376,35,18.0,39336,146319,1116.46,22,100.0,8.0,0.917,0.083,0.79,7.0,0.731,2,0.59,-0.056,1237.56,56.25272727272727,40.0,22,4,2026-08-17,2026-05-16,22,0,27.748526547208332,5.5,1.0,0.0,12,22,1237.56,3,1,1,5,2,2,43071.78,21535.89,0,0,1,0,7,7,1,0,0,0.14285714285714285,0.0,0.0,5,0.2826,1,0,0.2,0.0,0,3278.0,3.7197223917022573,0.3405918242830995,0.031461256863941425,0.25,0.0,0.60825,0.427,0.088
C000377,50,4.1,37823,123999,1275.96,33,100.0,7.6,0.772,0.228,0.806,13.0,0.545,2,0.692,0.073,1410.64,42.74666666666667,40.0,33,5,2026-08-19,2026-03-18,23,10,7.4918379198075735,6.6,0.696969696969697,0.30303030303030304,10,33,1410.64,3,2,1,6,2,2,54111.91,27055.955,0,0,0,1,7,7,2,2,2,0.2857142857142857,1.0,1.0,2,0.5705,0,0,0.0,0.0,0,3151.9166666666665,3.278402030510536,0.40482034740766204,0.03729582529148931,0.25,0.0,0.62895,0.4951,0.07966666666666666
C000378,21,9.6,54109,97385,1141.83,21,100.0,3.3,0.908,0.092,0.459,1.0,0.473,1,0.596,-0.063,1186.55,56.50238095238095,51.61,21,3,2026-08-25,2026-06-19,20,1,20.42582235915164,7.0,0.9523809523809523,0.047619047619047616,4,21,1186.55,5,1,1,7,1,1,24766.34,24766.34,0,0,0,0,6,6,2,0,0,0.3333333333333333,0.0,0.0,5,0.3944,0,0,0.0,0.0,0,4509.083333333333,1.7997930104049233,0.25322885287105656,0.02192888428912011,0.125,0.0,0.3348,0.34129999999999994,0.11208333333333334
C000379,38,8.1,82790,228504,3367.39,26,100.0,6.0,0.635,0.365,0.607,7.0,0.283,4,0.449,-0.106,2711.34,104.2823076923077,81.805,26,3,2026-08-22,2026-06-16,17,9,68.61405566253563,8.666666666666666,0.6538461538461539,0.34615384615384615,7,26,2711.34,4,2,2,8,4,4,153144.58000000002,38286.145000000004,1,0,0,1,3,3,2,0,0,0.6666666666666666,0.0,0.0,2,0.49549999999999994,0,0,0.0,0.0,0,6899.166666666667,2.7600434835125016,0.4880864838748641,0.03274960744051214,0.5,0.0,0.4139,0.4472,0.46575
C000380,37,4.3,73404,82127,2539.53,41,100.0,6.6,0.737,0.263,0.573,8.0,0.434,3,0.419,0.069,2230.3,54.397560975609764,47.24,41,4,2026-08-22,2026-05-08,32,9,19.562490355331526,10.25,0.7804878048780488,0.21951219512195122,7,41,2230.3,4,3,2,9,3,2,59818.53,19939.51,0,0,0,1,6,6,4,1,0,0.6666666666666666,0.25,0.0,3,0.449,1,0,0.3333333333333333,0.0,0,6117.0,1.1188354858045884,0.41515939185875433,0.030383902784589398,0.375,0.0,0.44634999999999997,0.4257,0.2818333333333333
C000381,39,4.6,216522,385158,12748.37,78,178.6,23.5,0.94,0.06,0.965,13.0,0.641,6,0.72,0.006,10346.28,132.6446153846154,117.645,78,4,2026-08-06,2026-05-05,70,8,67.2894651968161,19.5,0.8974358974358975,0.10256410256410256,23,78,10346.28,2,5,5,12,6,5,270636.87,45106.145,1,1,0,1,6,6,3,2,1,0.5,0.6666666666666666,0.5,3,0.5099999999999999,1,0,0.3333333333333333,0.0,0,18043.5,1.7788400254939452,0.7065353174273284,0.04778396652534154,0.75,0.0,0.7245,0.666,0.8119166666666666
C000382,61,3.3,68795,252112,2323.98,44,100.0,13.0,0.433,0.567,0.526,10.0,0.597,3,0.621,-0.087,2648.85,60.20113636363636,46.915,44,4,2026-08-16,2026-05-24,19,25,27.64423058660086,11.0,0.4318181818181818,0.5681818181818182,13,44,2648.85,2,4,2,8,3,2,81559.39,27186.463333333333,0,0,0,1,7,7,2,0,0,0.2857142857142857,0.0,0.0,3,0.502,0,0,0.0,0.0,0,5732.916666666667,3.664684933498074,0.405374809215786,0.03850352496547714,0.375,0.0,0.48595,0.48630000000000007,0.35483333333333333
C000383,29,2.3,138803,677903,7121.63,54,132.47,10.1,0.906,0.094,0.99,14.0,0.92,4,0.59,-0.073,5568.83,103.12648148148148,93.445,54,5,2026-08-19,2026-03-30,48,6,43.260239671585815,10.8,0.8888888888888888,0.1111111111111111,10,54,5568.83,3,5,4,12,4,4,359724.05,89931.0125,1,1,0,1,7,7,5,3,2,0.7142857142857143,0.6,0.6666666666666666,3,0.65,3,1,1.0,0.3333333333333333,0,11566.916666666666,4.883921817251789,0.6156895744328293,0.04012038644697881,0.5,0.0,0.8155,0.5645,0.8199999999999998
C000384,30,8.9,68319,102070,1733.09,4,518.92,50.8,0.582,0.418,0.17,6.0,0.258,1,0.398,-0.11,1627.16,406.79,420.82,4,1,2026-06-23,2026-06-06,3,1,155.4134346402095,4.0,0.75,0.25,67,4,1627.16,1,1,1,3,1,1,12819.28,12819.28,0,0,0,0,3,3,1,1,0,0.3333333333333333,1.0,0.0,5,0.2808,1,0,0.2,0.0,0,5693.25,1.4940206970242538,0.304411364334958,0.023817093341530177,0.125,0.0,0.201,0.2069,0.22083333333333333
C000385,49,5.0,69239,83754,2561.13,31,100.0,2.5,0.932,0.068,0.846,24.0,0.707,2,0.574,0.041,2412.07,77.80870967741936,75.77,31,4,2026-08-26,2026-05-06,28,3,26.367505853725273,7.75,0.9032258064516129,0.0967741935483871,3,31,2412.07,5,2,2,9,2,2,27510.57,13755.285,1,0,0,0,5,5,3,1,0,0.6,0.3333333333333333,0.0,5,0.387,2,1,0.4,0.5,0,5769.916666666667,1.2096361876976849,0.4438764280246682,0.03483686939441644,0.25,0.0,0.79745,0.4222,0.26441666666666663
C000386,33,12.5,150072,528363,6866.88,54,149.2,0.3,0.767,0.233,0.665,14.0,0.57,3,0.577,0.078,5554.86,102.86777777777777,89.145,54,4,2026-08-29,2026-05-12,45,9,51.884769374853754,13.5,0.8333333333333334,0.16666666666666666,0,54,5554.86,5,5,4,14,3,3,351057.31,117019.10333333333,0,1,0,1,3,3,1,1,1,0.3333333333333333,1.0,1.0,5,0.4704,2,1,0.4,0.5,0,12506.0,3.5207300495762035,0.5490868383176075,0.037014632976171434,0.375,0.0,0.58175,0.4731,0.7963333333333333
C000387,33,1.6,63531,444538,2030.88,17,126.43,23.2,0.778,0.222,0.194,5.0,0.302,1,0.419,-0.105,1741.71,102.4535294117647,69.69,17,4,2026-08-03,2026-05-22,10,7,76.81934065887773,4.25,0.5882352941176471,0.4117647058823529,26,17,1741.71,1,1,1,3,1,1,103085.97,103085.97,0,0,0,0,5,5,1,0,0,0.2,0.0,0.0,4,0.34975,0,0,0.0,0.0,0,5294.25,6.997182477845461,0.3836010766397507,0.027415120177551117,0.125,0.0,0.2128,0.3257,0.3986666666666666
C000388,43,5.1,132567,346023,5669.11,45,117.13,5.4,0.584,0.416,0.482,10.0,0.415,7,0.732,-0.322,5270.07,117.11266666666666,112.48,45,5,2026-08-22,2026-04-14,25,20,58.8852923603478,9.0,0.5555555555555556,0.4444444444444444,7,45,5270.07,4,4,4,12,7,5,355474.86,50782.12285714286,2,1,1,1,5,5,4,2,0,0.8,0.5,0.0,3,0.39866666666666667,1,1,0.3333333333333333,1.0,0,11047.25,2.61017447781122,0.5131693407861685,0.03975401117925275,0.875,0.0,0.42064999999999997,0.7571000000000001,0.69275
C000389,48,2.9,45917,229901,1000.0,5,149.4,41.9,0.462,0.538,0.626,15.0,0.808,1,0.188,-0.086,1079.31,215.862,208.66,5,3,2026-07-16,2026-04-14,3,2,93.85676118426417,1.6666666666666667,0.6,0.4,44,5,1079.31,1,1,1,3,1,1,43473.3,43473.3,0,0,0,0,3,3,1,1,0,0.3333333333333333,1.0,0.0,4,0.44375,2,1,0.5,0.5,0,3826.4166666666665,5.006881982707929,0.26134111549099465,0.023505673280048784,0.125,0.0,0.6337,0.21889999999999998,0.14599999999999996
C000390,34,6.2,107161,520319,3961.06,36,137.57,7.2,0.808,0.192,0.873,10.0,0.734,2,0.511,-0.153,3965.39,110.14972222222222,95.43,36,5,2026-08-21,2026-04-17,31,5,53.8307267797391,7.2,0.8611111111111112,0.1388888888888889,8,36,3965.39,3,3,4,10,2,2,71691.1,35845.55,0,0,0,1,5,5,4,1,1,0.8,0.25,1.0,4,0.53975,2,2,0.5,1.0,0,8930.083333333334,4.855488470618975,0.443563609895391,0.03700404064911675,0.25,0.0,0.67635,0.44079999999999997,0.6919166666666667
C000391,22,11.1,107845,261751,4998.84,54,100.0,5.5,0.911,0.089,0.72,12.0,0.541,2,0.396,0.101,5015.12,92.8725925925926,83.08000000000001,54,4,2026-08-24,2026-05-30,48,6,44.703689484526905,13.5,0.8888888888888888,0.1111111111111111,5,54,5015.12,5,5,4,14,2,2,92052.68999999999,46026.344999999994,1,0,0,0,7,7,4,2,1,0.5714285714285714,0.5,0.5,2,0.489,1,1,0.5,1.0,0,8987.083333333334,2.4271037136631275,0.5562249524780936,0.04650303676572859,0.25,0.0,0.57925,0.3688,0.6075
C000392,40,9.1,73723,191839,2525.32,40,100.0,5.7,0.515,0.485,0.506,13.0,0.351,1,0.604,0.105,2840.91,71.02275,58.864999999999995,40,4,2026-08-24,2026-05-15,20,20,32.09323340994372,10.0,0.5,0.5,5,40,2840.91,5,3,3,11,1,1,41116.64,41116.64,0,0,0,0,7,7,3,0,0,0.42857142857142855,0.0,0.0,4,0.348,0,0,0.0,0.0,0,6143.583333333333,2.6021594346404786,0.4110500115296448,0.03853492125930849,0.125,0.0,0.44545,0.3812,0.35558333333333336
C000393,29,11.1,99539,952075,4966.58,54,100.0,12.9,0.796,0.204,0.902,18.0,1.0,2,0.642,0.198,4261.45,78.91574074074073,71.67,54,4,2026-08-16,2026-05-26,42,12,36.655466404964464,13.5,0.7777777777777778,0.2222222222222222,13,54,4261.45,2,5,4,11,2,2,208864.68,104432.34,1,0,0,0,4,4,3,2,0,0.75,0.6666666666666666,0.0,4,0.74475,2,2,0.5,1.0,0,8294.916666666666,9.564843930519697,0.5987498367474056,0.04281186268698701,0.25,0.0,0.8359000000000001,0.4426,0.759
C000394,30,2.0,130522,719623,6807.93,57,167.42,7.2,0.676,0.324,0.573,17.0,0.609,3,0.532,-0.103,7672.9,134.61228070175437,120.16,57,6,2026-08-22,2026-03-31,42,15,66.36737230903084,9.5,0.7368421052631579,0.2631578947368421,7,57,7672.9,4,5,5,14,3,3,348370.02,116123.34000000001,0,0,1,1,4,4,1,0,0,0.25,0.0,0.0,3,0.4996666666666667,0,0,0.0,0.0,0,10876.833333333334,5.5134230244709705,0.6259110341551616,0.05878625825531328,0.375,0.0,0.5801,0.5346,0.8119166666666667
C000395,39,7.7,39083,350478,1389.35,39,100.0,5.8,0.885,0.115,0.815,17.0,0.703,2,0.677,-0.024,1692.97,43.40948717948718,40.0,39,4,2026-08-23,2026-05-23,35,4,8.053489909976573,9.75,0.8974358974358975,0.10256410256410256,6,39,1692.97,4,3,1,8,2,2,126832.66,63416.33,1,0,0,0,4,4,2,2,0,0.5,1.0,0.0,3,0.3393333333333333,0,0,0.0,0.0,0,3256.9166666666665,8.96753063992017,0.42658444848143695,0.04331729908144206,0.25,0.0,0.7124999999999999,0.4531,0.22116666666666668
C000396,53,1.8,74430,176988,2298.05,22,137.78,40.9,0.625,0.375,0.187,8.0,0.109,2,0.418,-0.024,2521.39,114.60863636363636,101.175,22,6,2026-07-18,2026-02-06,18,4,48.75596210628081,3.6666666666666665,0.8181818181818182,0.18181818181818182,42,22,2521.39,1,1,2,4,2,2,54871.1,27435.55,1,0,0,1,4,4,2,1,0,0.5,0.5,0.0,5,0.3378,0,0,0.0,0.0,0,6202.5,2.3779121322047563,0.3705038291011689,0.03387599086389896,0.25,0.0,0.19140000000000001,0.4503999999999999,0.3418333333333333
C000397,36,7.8,251929,2015877,11848.16,77,177.73,13.0,0.608,0.392,0.72,6.0,0.707,4,0.719,-0.276,12121.47,157.4216883116883,121.54,77,5,2026-08-16,2026-04-30,49,28,88.42887258312537,15.4,0.6363636363636364,0.36363636363636365,13,77,12121.47,3,5,5,13,4,4,1446658.01,361664.5025,1,1,0,1,7,7,2,1,0,0.2857142857142857,0.5,0.0,2,0.6085,0,0,0.0,0.0,0,20994.083333333332,8.001766370683804,0.5643571006116803,0.04811462753394805,0.5,0.0,0.5607500000000001,0.6032,0.9666666666666666
C000398,29,8.7,86835,1181414,4926.92,39,116.17,16.4,0.717,0.283,0.583,16.0,0.75,2,0.453,0.17,5941.15,152.33717948717947,151.67,39,4,2026-08-13,2026-05-15,35,4,51.46748498087322,9.75,0.8974358974358975,0.10256410256410256,16,39,5941.15,2,3,4,9,2,2,549256.48,274628.24,0,0,0,1,5,5,3,2,0,0.6,0.6666666666666666,0.0,2,0.5545,1,0,0.5,0.0,0,7236.25,13.60527437093338,0.6808664708930731,0.06841884032936028,0.25,0.0,0.60985,0.3859,0.7470000000000001
C000399,37,6.7,107062,329953,5882.21,38,141.75,0.9,0.715,0.285,0.758,14.0,0.647,3,0.53,0.04,6448.43,169.6955263157895,149.31,38,4,2026-08-29,2026-04-30,29,9,80.23254215083662,9.5,0.7631578947368421,0.23684210526315788,0,38,6448.43,5,3,5,13,3,3,167278.04,55759.34666666667,0,0,1,1,4,4,2,1,0,0.5,0.5,0.0,2,0.4635,2,1,1.0,0.5,0,8921.833333333334,3.0818871308213933,0.659305075563692,0.060230800844370554,0.375,0.0,0.64285,0.4590000000000001,0.6534166666666666
C000400,42,5.1,207489,1546275,13416.93,59,227.28,13.7,0.584,0.416,0.834,18.0,0.646,3,0.595,0.1,13904.97,235.67745762711863,204.96,59,4,2026-08-15,2026-05-05,40,19,117.69482827229744,14.75,0.6779661016949152,0.3220338983050847,14,59,13904.97,2,5,5,12,3,2,970273.92,323424.64,1,0,0,0,6,6,3,3,0,0.5,1.0,0.0,4,0.6275,2,0,0.5,0.0,0,17290.75,7.452322773737403,0.7759599786012753,0.06701545624105373,0.375,0.0,0.7167999999999999,0.47850000000000004,0.9444999999999999
C000401,39,3.0,61951,159517,2335.36,47,100.0,16.5,0.532,0.468,0.658,7.0,0.507,1,0.422,-0.084,2236.39,47.5827659574468,40.0,47,5,2026-08-12,2026-02-10,27,20,10.847670297294988,9.4,0.574468085106383,0.425531914893617,17,47,2236.39,2,4,2,8,1,1,33350.38,33350.38,0,0,0,1,5,5,1,1,0,0.2,1.0,0.0,2,0.46099999999999997,1,0,0.5,0.0,0,5162.583333333333,2.5748898322868072,0.4523626737260093,0.03609933657245242,0.125,0.0,0.49285000000000007,0.3641,0.257
C000402,21,6.0,43610,184924,2638.72,28,100.0,6.5,0.784,0.216,0.902,20.0,0.543,1,0.584,0.179,3071.29,109.68892857142858,94.88499999999999,28,3,2026-08-23,2026-06-03,24,4,62.99023424246519,9.333333333333334,0.8571428571428571,0.14285714285714285,6,28,3071.29,4,2,3,9,1,1,27874.33,27874.33,0,0,0,0,3,3,0,0,0,0.0,0.0,0.0,4,0.52825,2,1,0.5,0.5,0,3634.1666666666665,4.240403577161201,0.7260866773675763,0.07042627837651914,0.125,0.0,0.74165,0.3377,0.20316666666666666
C000403,29,4.0,130523,295872,5309.42,44,100.0,0.7,0.857,0.143,0.502,3.0,0.567,4,0.551,-0.034,5326.16,121.0490909090909,94.12,44,4,2026-08-29,2026-04-17,36,8,74.32524654229502,11.0,0.8181818181818182,0.18181818181818182,0,44,5326.16,5,4,4,13,4,4,175184.66999999998,43796.167499999996,1,1,0,1,6,6,1,0,0,0.16666666666666666,0.0,0.0,2,0.3545,2,1,1.0,0.5,0,10876.916666666666,2.2668188748343203,0.48813649701585166,0.04080629467603411,0.5,0.0,0.39765000000000006,0.5153,0.6611666666666667
C000404,51,11.7,86499,521089,3160.84,46,100.0,9.3,0.838,0.162,0.628,8.0,0.761,2,0.6,-0.045,3804.45,82.70543478260869,75.03999999999999,46,5,2026-08-20,2026-04-11,40,6,33.71119093492853,9.2,0.8695652173913043,0.13043478260869565,9,46,3804.45,3,4,4,11,2,1,299568.81,149784.405,0,0,0,0,3,3,2,1,0,0.6666666666666666,0.5,0.0,2,0.521,0,0,0.0,0.0,0,7208.25,6.0242199331784185,0.4385031040821281,0.04398258939409704,0.25,0.0,0.55285,0.46749999999999997,0.6116666666666666
C000405,32,3.1,69597,597063,3499.96,45,100.0,6.0,0.725,0.275,0.536,8.0,0.478,4,0.595,0.303,2873.02,63.84488888888889,55.22,45,6,2026-08-23,2026-01-02,33,12,22.19384493115789,7.5,0.7333333333333333,0.26666666666666666,6,45,2873.02,4,4,3,11,4,4,271108.76,67777.19,1,1,0,1,5,5,2,0,0,0.4,0.0,0.0,5,0.372,2,1,0.4,0.5,0,5799.75,8.578861157808527,0.6034673908358119,0.04128080233343391,0.5,0.0,0.44070000000000004,0.6034999999999999,0.5675
C000406,29,2.9,31260,142481,1000.0,26,100.0,4.1,0.764,0.236,0.675,19.0,0.474,3,0.59,-0.182,1174.65,45.17884615384616,40.0,26,3,2026-08-21,2026-06-18,15,11,10.569251752862389,8.666666666666666,0.5769230769230769,0.4230769230769231,8,26,1174.65,3,2,1,6,3,3,97200.95,32400.316666666666,0,0,1,1,5,5,5,2,2,1.0,0.4,1.0,2,0.3825,1,1,0.5,1.0,0,2605.0,4.557933461292387,0.3838771593090211,0.03757677543186181,0.375,0.0,0.61225,0.4395,0.06508333333333333
C000407,50,2.8,103676,373042,4988.7,36,186.97,19.5,0.757,0.243,0.684,10.0,0.782,1,0.512,-0.001,5672.88,157.58,151.91,36,4,2026-08-10,2026-05-11,29,7,65.80957550821482,9.0,0.8055555555555556,0.19444444444444445,19,36,5672.88,2,3,4,9,1,1,69503.07,69503.07,0,0,0,0,3,3,3,1,0,1.0,0.3333333333333333,0.0,4,0.48975,1,1,0.25,1.0,0,8639.666666666666,3.5981519348740307,0.5774181102665998,0.05471738878814769,0.125,0.0,0.6033000000000001,0.3536,0.6556666666666667
C000408,49,12.7,93707,297660,2918.86,37,157.63,4.6,0.841,0.159,0.401,14.0,0.478,2,0.521,0.092,2649.16,71.59891891891891,61.65,37,5,2026-08-25,2026-04-18,32,5,34.71037995436778,7.4,0.8648648648648649,0.13513513513513514,4,37,2649.16,5,3,2,10,2,2,39730.07,19865.035,0,0,0,1,3,3,1,0,0,0.3333333333333333,0.0,0.0,5,0.4314,0,0,0.0,0.0,0,7808.916666666667,3.1764969532692326,0.3737855229598643,0.028270673482237184,0.25,0.0,0.43995000000000006,0.4438,0.51875
C000409,31,1.6,64168,435850,2219.63,37,100.0,9.0,0.75,0.25,0.736,17.0,0.485,2,0.528,-0.082,2611.64,70.58486486486485,62.31,37,4,2026-08-19,2026-03-27,28,9,27.80237186340818,9.25,0.7567567567567568,0.24324324324324326,10,37,2611.64,3,3,2,8,2,2,59667.590000000004,29833.795000000002,0,1,0,0,5,5,4,2,0,0.8,0.5,0.0,2,0.499,0,0,0.0,0.0,0,5347.333333333333,6.792326393217803,0.4150910110958734,0.04070003740182022,0.25,0.0,0.62245,0.4084,0.4185833333333333
C000410,28,3.6,81339,490329,2338.7,43,100.0,4.4,0.688,0.312,0.329,5.0,0.165,3,0.578,0.216,2740.4,63.730232558139534,53.32,43,4,2026-08-24,2026-05-03,29,14,37.79107386976908,10.75,0.6744186046511628,0.32558139534883723,5,43,2740.4,5,4,3,12,3,3,222283.86,74094.62,0,0,1,1,4,4,1,1,0,0.25,1.0,0.0,5,0.5136,2,0,0.4,0.0,0,6778.25,6.028215247298344,0.34503005938110864,0.03369109529254109,0.375,0.0,0.2393,0.47340000000000004,0.53625
C000411,27,2.4,45612,405767,1000.0,6,227.37,180.0,0.544,0.456,0.154,2.0,0.104,1,0.278,-0.067,905.22,150.87,172.49,6,3,2026-02-23,2025-12-10,3,3,39.433386362319936,2.0,0.5,0.5,187,6,905.22,1,1,1,3,1,1,22523.51,22523.51,0,0,0,0,7,7,0,0,0,0.0,0.0,0.0,5,0.3714,1,0,0.2,0.0,0,3801.0,8.896058054897834,0.26308866087871613,0.01984609313338595,0.125,0.0,0.1153,0.24589999999999998,0.242
C000412,32,10.4,93516,824157,2911.27,43,100.0,9.0,0.939,0.061,0.832,13.0,0.652,2,0.841,-0.192,3611.22,83.98186046511627,84.23,43,5,2026-08-20,2026-04-06,39,4,28.063402048780457,8.6,0.9069767441860465,0.09302325581395349,9,43,3611.22,3,4,3,10,2,2,307133.59,153566.795,0,0,0,1,6,6,1,0,0,0.16666666666666666,0.0,0.0,3,0.548,0,0,0.0,0.0,0,7793.0,8.813005261131785,0.3735750032080072,0.038616065699987163,0.25,0.0,0.6674,0.5398,0.6659166666666667
C000413,51,6.2,120881,1642671,5162.1,17,276.13,30.4,0.858,0.142,0.558,14.0,0.517,1,0.432,0.006,4247.9,249.87647058823526,220.4,17,4,2026-07-28,2026-02-15,15,2,171.4599760491197,4.25,0.8823529411764706,0.11764705882352941,32,17,4247.9,1,1,4,6,1,1,413234.82,413234.82,0,0,0,0,3,3,2,0,0,0.6666666666666666,0.0,0.0,4,0.6085,0,0,0.0,0.0,0,10073.416666666666,13.589157932181235,0.5124477792208867,0.03514117189632779,0.125,0.0,0.5203500000000001,0.3296,0.8341666666666667
C000414,47,2.1,163638,599065,10157.54,38,236.91,15.0,0.844,0.156,0.664,6.0,0.366,3,0.682,0.225,8669.75,228.15131578947367,210.765,38,6,2026-08-14,2026-03-24,33,5,117.39708558404384,6.333333333333333,0.868421052631579,0.13157894736842105,15,38,8669.75,2,3,5,10,3,3,265523.7,88507.90000000001,0,1,0,1,3,3,2,1,1,0.6666666666666666,0.5,1.0,4,0.46875,4,2,1.0,0.5,0,13636.5,3.6609161686160916,0.744878817878488,0.05298127574279813,0.375,0.0,0.4503,0.5796,0.8404999999999999
C000415,50,4.4,77491,1132152,2759.8,41,100.0,3.6,0.756,0.244,0.565,19.0,0.503,2,0.705,-0.123,3208.1,78.24634146341464,75.18,41,4,2026-08-25,2026-05-29,28,13,32.81198262495712,10.25,0.6829268292682927,0.3170731707317073,4,41,3208.1,5,3,3,11,2,2,562586.8200000001,281293.41000000003,0,0,0,1,7,7,5,3,1,0.7142857142857143,0.6,0.3333333333333333,5,0.6712,2,1,0.4,0.5,0,6457.583333333333,14.610109561110322,0.4273735014388768,0.041399646410550904,0.25,0.0,0.57,0.4615,0.62625
C000416,58,3.1,372653,647208,20712.36,56,250.79,6.3,0.752,0.248,0.619,5.0,0.595,3,0.54,0.097,20607.68,367.9942857142857,348.805,56,6,2026-08-23,2026-03-15,43,13,147.2346180372382,9.333333333333334,0.7678571428571429,0.23214285714285715,6,56,20607.68,4,5,5,14,3,3,370248.01,123416.00333333334,0,0,1,1,6,6,2,1,0,0.3333333333333333,0.5,0.0,3,0.617,1,1,0.3333333333333333,1.0,0,31054.416666666668,1.736757788076307,0.6669698620432413,0.055299917081037854,0.375,0.0,0.4773,0.537,0.9258333333333333
C000417,35,4.7,134789,354318,5025.0,58,100.0,8.3,0.821,0.179,0.768,17.0,0.591,4,0.635,0.115,5918.62,102.0451724137931,92.94,58,5,2026-08-21,2026-04-24,51,7,48.74893536368317,11.6,0.8793103448275862,0.1206896551724138,8,58,5918.62,3,5,4,12,4,3,134807.8,33701.95,0,1,0,1,5,5,2,0,0,0.4,0.0,0.0,2,0.4105,1,0,0.5,0.0,0,11232.416666666666,2.6286863171327037,0.4473658829726462,0.043910259739296235,0.5,0.0,0.66335,0.5780000000000001,0.6903333333333332
C000418,36,13.5,44610,241460,1000.0,6,146.62,40.3,0.641,0.359,0.0,3.0,0.168,3,0.316,-0.305,1139.47,189.91166666666666,174.57999999999998,6,2,2026-07-19,2026-05-11,5,1,100.46730342089742,3.0,0.8333333333333334,0.16666666666666666,41,6,1139.47,1,1,1,3,3,2,131382.13999999998,43794.04666666666,1,0,0,0,5,5,2,0,0,0.4,0.0,0.0,4,0.33025,1,0,0.25,0.0,0,3717.5,5.412687738175297,0.26899798251513113,0.02554292759470971,0.375,0.0,0.07200000000000001,0.31980000000000003,0.14766666666666664
C000419,43,2.0,56729,88559,1466.65,7,278.29,144.8,0.637,0.363,0.33,2.0,0.364,2,0.25,-0.139,1372.28,196.04,192.05,7,3,2026-04-05,2026-02-01,3,4,89.21976668130593,2.3333333333333335,0.42857142857142855,0.5714285714285714,146,7,1372.28,1,1,1,3,2,2,21014.23,10507.115,0,0,0,1,6,6,1,1,0,0.16666666666666666,1.0,0.0,4,0.32875,2,0,0.5,0.0,0,4727.416666666667,1.5610886847996615,0.31024343810044247,0.02419009677589945,0.25,0.0,0.2595,0.2875,0.136
C000420,53,1.7,66356,371080,1000.0,5,249.23,141.7,0.857,0.143,0.125,0.0,0.168,1,0.209,-0.122,960.38,192.076,124.25,5,4,2026-04-07,2025-11-18,5,0,122.7684838629198,1.25,1.0,0.0,144,5,960.38,1,1,1,3,1,1,101836.85,101836.85,0,0,0,0,6,6,1,0,0,0.16666666666666666,0.0,0.0,3,0.251,0,0,0.0,0.0,0,5529.666666666667,5.592259931279764,0.18084272710832477,0.014473144855024414,0.125,0.0,0.09825,0.2627,0.33516666666666667
C000421,43,3.1,84433,525398,3120.05,48,100.0,7.3,0.638,0.362,0.474,5.0,0.614,2,0.622,0.14,3089.1,64.35625,55.33,48,5,2026-08-22,2026-03-21,34,14,27.59478555621727,9.6,0.7083333333333334,0.2916666666666667,7,48,3089.1,4,4,3,11,2,2,185258.17,92629.085,0,0,0,1,3,3,1,0,0,0.3333333333333333,0.0,0.0,5,0.5102,3,0,0.6,0.0,0,7036.083333333333,6.222661755474755,0.44343562351213395,0.03658640578920564,0.25,0.0,0.4168,0.47409999999999997,0.6044166666666667
C000422,44,11.1,156237,382631,11467.67,55,156.67,19.6,0.698,0.302,0.835,13.0,0.759,2,0.662,0.093,8929.65,162.35727272727271,146.34,55,7,2026-08-09,2025-12-21,39,16,80.10989797481554,7.857142857142857,0.7090909090909091,0.2909090909090909,20,55,8929.65,2,5,5,12,2,2,193233.74,96616.87,0,0,0,1,5,5,5,3,0,1.0,0.6,0.0,3,0.4916666666666667,1,1,0.3333333333333333,1.0,0,13019.75,2.4490421603077377,0.8807903377561013,0.057154515255669266,0.25,0.0,0.6955,0.5611,0.77275
C000423,28,1.3,120373,454519,4692.11,52,110.01,40.5,0.699,0.301,0.738,10.0,0.58,2,0.576,0.061,5459.59,104.99211538461539,104.505,52,3,2026-07-19,2026-05-02,34,18,46.282850139182585,17.333333333333332,0.6538461538461539,0.34615384615384615,41,52,5459.59,1,4,4,9,2,2,39340.77,19670.385,0,0,0,1,5,5,3,0,0,0.6,0.0,0.0,4,0.50925,1,1,0.25,1.0,0,10031.083333333334,3.7759215106377675,0.46775705515356425,0.04535560300067291,0.25,0.0,0.5771,0.3853,0.7070833333333333
C000424,48,12.6,101496,435170,2725.44,19,180.08,69.8,0.484,0.516,0.204,3.0,0.123,4,0.361,-0.117,2519.2200000000003,132.59052631578948,117.88,19,5,2026-06-13,2026-02-04,10,9,61.92786013434272,3.8,0.5263157894736842,0.47368421052631576,77,19,2519.2200000000003,1,1,2,4,4,4,269912.28,67478.07,1,1,0,1,3,3,0,0,0,0.0,0.0,0.0,3,0.4346666666666667,1,0,0.3333333333333333,0.0,0,8458.0,4.2875581303696695,0.32223220619531806,0.02482087964057697,0.5,0.0,0.15255,0.4958,0.5923333333333334
C000425,49,7.4,74237,169382,3030.98,19,256.69,30.0,0.576,0.424,0.497,2.0,0.488,3,0.47,-0.256,2634.4900000000002,138.65736842105264,137.16,19,4,2026-07-30,2026-04-04,9,10,73.12756592589155,4.75,0.47368421052631576,0.5263157894736842,30,19,2634.4900000000002,1,1,2,4,3,3,67384.70000000001,22461.56666666667,0,1,0,1,4,4,2,1,0,0.5,0.5,0.0,3,0.4653333333333333,3,0,1.0,0.0,0,6186.416666666667,2.28163853603998,0.4899411344747228,0.035487560111534686,0.375,0.0,0.36565000000000003,0.44100000000000006,0.3756666666666667
C000426,49,14.8,33771,85010,1000.0,31,100.0,6.6,0.741,0.259,0.891,10.0,0.818,1,0.598,-0.037,1382.58,44.59935483870967,40.0,31,3,2026-08-23,2026-06-03,24,7,11.847147036448302,10.333333333333334,0.7741935483870968,0.22580645161290322,6,31,1382.58,4,2,1,7,1,1,12683.35,12683.35,0,0,0,0,4,4,1,1,1,0.25,1.0,1.0,2,0.4435,1,1,0.5,1.0,0,2814.25,2.517248526842557,0.35533445855911877,0.04093985964288887,0.125,0.0,0.70545,0.3419,0.0305
C000427,21,3.5,239159,1348562,12519.95,52,226.7,9.7,0.757,0.243,0.78,14.0,0.669,2,0.456,-0.095,12831.33,246.75634615384615,215.41000000000003,52,4,2026-08-19,2026-05-07,42,10,113.15742418052801,13.0,0.8076923076923077,0.19230769230769232,10,52,12831.33,3,5,5,13,2,2,417564.16000000003,208782.08000000002,0,1,0,0,6,6,3,1,0,0.5,0.3333333333333333,0.0,5,0.6346,2,0,0.4,0.0,0,19929.916666666668,5.638767514498722,0.6281988133417518,0.053651880129955386,0.25,0.0,0.6582500000000001,0.38680000000000003,0.9563333333333334
C000428,29,4.5,49091,33888,1748.46,20,100.0,8.2,0.705,0.295,0.556,6.0,0.287,1,0.491,0.231,2012.4,100.62,88.715,20,3,2026-08-20,2026-05-24,14,6,45.370727173041054,6.666666666666667,0.7,0.3,9,20,2012.4,3,1,2,6,1,1,1038.71,1038.71,0,0,0,0,6,6,2,0,0,0.3333333333333333,0.0,0.0,3,0.4673333333333334,1,1,0.3333333333333333,1.0,0,4090.9166666666665,0.6903098327595689,0.42740054185084847,0.04099325741989367,0.125,0.0,0.38195,0.30979999999999996,0.09066666666666667
C000429,21,5.6,103130,111338,3789.81,35,107.11,11.7,0.78,0.22,0.443,14.0,0.162,3,0.596,0.084,3022.67,86.36200000000001,76.35,35,4,2026-08-18,2026-05-11,31,4,47.64050382506342,8.75,0.8857142857142857,0.11428571428571428,11,35,3022.67,3,2,3,8,3,3,13768.75,4589.583333333333,1,0,0,1,4,4,2,0,0,0.5,0.0,0.0,4,0.45325,2,0,0.5,0.0,0,8594.166666666666,1.0795888684185009,0.4409746921361389,0.029309318336080675,0.375,0.0,0.37985,0.4788,0.46399999999999997
C000430,43,10.6,77678,295383,3032.29,24,135.12,82.6,0.666,0.334,0.507,11.0,0.32,2,0.419,0.075,2602.11,108.42125,97.54499999999999,24,6,2026-06-06,2026-01-21,16,8,42.41240818362926,4.0,0.6666666666666666,0.3333333333333333,84,24,2602.11,1,2,2,5,2,1,27345.21,13672.605,0,0,0,0,6,6,4,1,1,0.6666666666666666,0.25,1.0,2,0.4,2,0,1.0,0.0,0,6473.166666666667,3.802659697726512,0.4684399701331136,0.03349867401323412,0.25,0.0,0.41815,0.45069999999999993,0.4678333333333333
C000431,43,6.4,51902,469924,1618.07,27,100.0,5.9,0.736,0.264,0.566,11.0,0.506,2,0.566,0.223,1747.06,64.70592592592592,65.2,27,4,2026-08-23,2026-05-16,25,2,21.24366625233168,6.75,0.9259259259259259,0.07407407407407407,6,27,1747.06,4,2,1,7,2,2,175964.38,87982.19,0,0,0,1,7,7,2,0,0,0.2857142857142857,0.0,0.0,3,0.4673333333333333,1,1,0.3333333333333333,1.0,0,4325.166666666667,9.054063427228238,0.3741058148048244,0.03366074525066471,0.25,0.0,0.49119999999999997,0.41979999999999995,0.32608333333333334
C000432,45,4.3,74925,313492,4012.62,35,140.84,6.4,0.705,0.295,0.319,12.0,0.348,3,0.552,0.123,4365.07,124.7162857142857,116.42,35,4,2026-08-23,2026-05-18,26,9,56.11437705498393,8.75,0.7428571428571429,0.2571428571428571,6,35,4365.07,4,2,4,10,3,3,193754.42,64584.80666666667,1,0,0,1,7,7,2,0,0,0.2857142857142857,0.0,0.0,3,0.266,1,0,0.3333333333333333,0.0,0,6243.75,4.184077410744077,0.6426618618618618,0.05825919252585919,0.375,0.0,0.35055000000000003,0.4656,0.5059166666666667
C000433,58,6.2,116710,372711,4875.67,47,126.61,0.8,0.631,0.369,0.374,9.0,0.437,3,0.496,0.195,4330.9,92.1468085106383,90.34,47,4,2026-08-28,2026-05-11,32,15,42.09421694796727,11.75,0.6808510638297872,0.3191489361702128,1,47,4330.9,5,4,4,13,3,2,152461.53,50820.51,0,0,0,1,5,5,2,2,1,0.4,1.0,0.5,5,0.3926,1,0,0.2,0.0,0,9725.833333333334,3.1934795647330994,0.5013112843800873,0.03710821694799074,0.375,0.0,0.36755000000000004,0.44880000000000003,0.6766666666666667
C000434,47,1.6,47341,87494,1000.0,35,100.0,1.5,0.788,0.212,0.884,15.0,0.876,1,0.744,-0.023,1458.66,41.676,40.0,35,4,2026-08-28,2026-05-20,28,7,6.228125107361058,8.75,0.8,0.2,1,35,1458.66,5,2,1,8,1,1,5378.64,5378.64,0,0,0,0,5,5,5,5,4,1.0,1.0,0.8,2,0.48050000000000004,1,1,0.5,1.0,0,3945.0833333333335,1.848165437992438,0.25348007012948603,0.030811769924589682,0.125,0.0,0.7668,0.4232,0.06275
C000435,47,3.3,61713,303138,1202.66,46,100.0,12.3,0.641,0.359,0.452,7.0,0.513,3,0.639,-0.019,1890.56,41.09913043478261,40.0,46,3,2026-08-16,2026-06-07,30,16,4.04312026154001,15.333333333333334,0.6521739130434783,0.34782608695652173,13,46,1890.56,3,4,1,8,3,3,131348.34,43782.78,0,1,1,0,5,5,3,3,1,0.6,1.0,0.3333333333333333,5,0.41880000000000006,1,0,0.2,0.0,0,5142.75,4.912060667930582,0.2338554275436294,0.030634712297246933,0.375,0.0,0.40165,0.45420000000000005,0.28575
C000436,36,9.2,57955,237431,2147.76,15,142.43,96.0,0.809,0.191,0.48,4.0,0.543,2,0.444,0.061,2312.54,154.16933333333333,145.0,15,6,2026-05-20,2025-10-17,11,4,51.2766483285474,2.5,0.7333333333333333,0.26666666666666666,101,15,2312.54,1,1,2,4,2,2,103029.6,51514.8,0,0,0,1,4,4,3,1,0,0.75,0.3333333333333333,0.0,4,0.37525,0,0,0.0,0.0,0,4829.583333333333,4.096816495556897,0.4447091709084635,0.03990233802087827,0.25,0.0,0.39175,0.45819999999999994,0.26841666666666664
C000437,55,10.0,91022,154058,4412.13,37,100.0,4.7,0.655,0.345,0.618,9.0,0.549,1,0.52,0.084,4535.84,122.59027027027028,97.03,37,4,2026-08-24,2026-05-12,30,7,94.12492447942925,9.25,0.8108108108108109,0.1891891891891892,5,37,4535.84,5,3,4,12,1,1,21055.55,21055.55,0,0,0,0,6,6,5,3,0,0.8333333333333334,0.6,0.0,3,0.409,1,0,0.3333333333333333,0.0,0,7585.166666666667,1.6925358704489024,0.5816787150359254,0.049832348223506406,0.125,0.0,0.50535,0.356,0.48458333333333337
C000438,32,3.9,55366,352478,1507.38,8,168.68,180.0,0.678,0.322,0.426,5.0,0.286,2,0.233,0.018,1419.5,177.4375,159.72,8,4,2026-03-02,2025-12-01,7,1,82.80743595837274,2.0,0.875,0.125,180,8,1419.5,1,1,1,3,2,1,166616.03999999998,83308.01999999999,0,0,0,0,4,4,2,1,0,0.5,0.5,0.0,3,0.3913333333333333,1,0,0.3333333333333333,0.0,0,4613.833333333333,6.366325903984395,0.32670881046129396,0.025638478488603112,0.25,0.0,0.3132,0.3199,0.29300000000000004
C000439,32,3.5,70071,357138,3984.3,41,100.0,6.4,0.726,0.274,0.464,1.0,0.365,1,0.576,-0.075,3881.6099999999997,94.67341463414634,86.3,41,4,2026-08-22,2026-04-27,29,12,46.08373154431811,10.25,0.7073170731707317,0.2926829268292683,7,41,3881.6099999999997,4,3,4,11,1,1,77149.44,77149.44,0,0,0,0,6,6,3,1,0,0.5,0.3333333333333333,0.0,4,0.4005,1,0,0.25,0.0,0,5839.25,5.096801815301623,0.6823307787815216,0.055395384681251866,0.125,0.0,0.31005000000000005,0.3728,0.5014166666666666
C000440,62,1.3,52957,205091,2730.88,45,100.0,10.2,0.667,0.333,0.751,14.0,0.5,4,0.564,0.157,2992.8,66.50666666666667,60.93,45,5,2026-08-19,2026-03-30,27,18,32.9477187788058,9.0,0.6,0.4,10,45,2992.8,3,4,3,10,4,4,82898.78,20724.695,1,1,0,1,7,7,2,0,0,0.2857142857142857,0.0,0.0,5,0.4888,1,0,0.2,0.0,0,4413.083333333333,3.8727835791302376,0.6188145098853788,0.056513775327152224,0.5,0.0,0.60295,0.5567,0.2609166666666667
C000441,47,8.0,77400,1086205,3524.67,50,100.0,55.9,0.739,0.261,0.736,13.0,0.556,2,0.578,0.059,3913.87,78.2774,69.57499999999999,50,6,2026-07-04,2026-02-24,38,12,35.30278458173647,8.333333333333334,0.76,0.24,56,50,3913.87,1,4,4,9,2,1,258321.91999999998,129160.95999999999,0,0,0,0,6,6,4,2,0,0.6666666666666666,0.5,0.0,3,0.513,1,0,0.3333333333333333,0.0,0,6450.0,14.033656330749354,0.5464604651162791,0.05056679586563308,0.25,0.0,0.6002000000000001,0.49839999999999995,0.6635
C000442,41,10.5,48123,93286,1220.81,27,100.0,4.8,0.606,0.394,0.635,15.0,0.645,1,0.515,0.067,1437.87,53.25444444444444,50.02,27,4,2026-08-22,2026-05-06,19,8,17.162253826646907,6.75,0.7037037037037037,0.2962962962962963,7,27,1437.87,4,2,1,7,1,1,17678.43,17678.43,0,0,0,0,3,3,1,1,0,0.3333333333333333,1.0,0.0,2,0.3935,1,0,0.5,0.0,0,4010.25,1.9384909502732581,0.30442241755501526,0.02987905990898323,0.125,0.0,0.597,0.35450000000000004,0.08241666666666667
C000443,21,17.9,45619,91181,2299.27,41,100.0,13.1,0.669,0.331,0.57,11.0,0.591,4,0.55,0.248,2208.12,53.856585365853654,44.89,41,5,2026-08-16,2026-01-28,24,17,20.791364987628413,8.2,0.5853658536585366,0.4146341463414634,13,41,2208.12,3,3,2,8,4,3,80830.36,20207.59,0,1,0,1,4,4,2,0,0,0.5,0.0,0.0,2,0.489,1,0,0.5,0.0,0,3801.5833333333335,1.9987505206164098,0.6048190446962888,0.0484035160788268,0.5,0.0,0.51425,0.5525,0.12775
C000444,40,7.3,182021,689343,9695.34,50,196.22,18.0,0.617,0.383,0.731,22.0,0.644,4,0.607,0.103,10020.86,200.4172,174.28,50,5,2026-08-11,2026-04-10,36,14,117.9301660018525,10.0,0.72,0.28,18,50,10020.86,2,4,5,11,4,4,299840.5,74960.125,1,0,1,1,7,7,3,2,1,0.42857142857142855,0.6666666666666666,0.5,3,0.5083333333333334,1,0,0.3333333333333333,0.0,0,15168.416666666666,3.7871619208772613,0.6391794353398784,0.05505331802374452,0.5,0.0,0.70995,0.5696,0.8664166666666666
C000445,41,5.7,78642,972196,2385.0,50,100.0,12.1,0.801,0.199,0.388,9.0,0.212,4,0.546,0.179,2701.43,54.0286,43.83,50,4,2026-08-16,2026-05-21,39,11,21.024195683127786,12.5,0.78,0.22,13,50,2701.43,3,4,2,9,4,3,560982.06,140245.515,1,0,0,1,7,7,3,1,0,0.42857142857142855,0.3333333333333333,0.0,2,0.40700000000000003,1,0,0.5,0.0,0,6553.5,12.362300043233896,0.36392767223620964,0.03435098293532718,0.5,0.0,0.3176,0.5138,0.6035833333333334
C000446,44,1.0,134358,829386,6328.36,47,133.24,9.9,0.655,0.345,0.603,12.0,0.253,2,0.592,0.177,5868.04,124.85191489361702,122.53,47,4,2026-08-19,2026-05-15,28,19,51.281764266193775,11.75,0.5957446808510638,0.40425531914893614,10,47,5868.04,3,4,4,11,2,2,242827.71000000002,121413.85500000001,0,1,0,0,3,3,1,0,0,0.3333333333333333,0.0,0.0,3,0.6483333333333333,1,1,0.3333333333333333,1.0,0,11196.5,6.17295583441254,0.5652087705979547,0.04367466023608568,0.25,0.0,0.4546,0.4276,0.8300833333333334
C000447,49,8.7,51515,207725,2338.88,50,100.0,2.1,0.697,0.303,0.748,11.0,0.732,1,0.734,0.112,2923.06,58.4612,55.435,50,5,2026-08-27,2026-04-12,36,14,21.11609557679078,10.0,0.72,0.28,2,50,2923.06,5,4,3,12,1,1,49343.58,49343.58,0,0,0,0,3,3,1,1,1,0.3333333333333333,1.0,1.0,4,0.365,2,1,0.5,0.5,0,4292.916666666667,4.032320683296128,0.5448230612442978,0.056741919829175966,0.125,0.0,0.6296,0.4577,0.2335833333333333
C000448,39,7.4,66312,269799,3004.33,19,212.3,36.4,0.748,0.252,0.421,11.0,0.387,1,0.377,-0.086,2582.13,135.90157894736842,118.38,19,5,2026-07-22,2026-01-18,14,5,72.6268390291662,3.8,0.7368421052631579,0.2631578947368421,38,19,2582.13,1,1,2,4,1,1,8191.06,8191.06,1,0,0,0,5,5,0,0,0,0.0,0.0,0.0,2,0.391,0,0,0.0,0.0,0,5526.0,4.068630112196887,0.5436717336228737,0.0389391060441549,0.125,0.0,0.3962,0.35059999999999997,0.38775
C000449,34,7.0,86678,427023,2881.34,56,100.0,0.5,0.648,0.352,0.365,13.0,0.188,2,0.382,-0.326,3278.53,58.54517857142857,44.485,56,4,2026-08-29,2026-05-17,30,26,35.558546753773,14.0,0.5357142857142857,0.4642857142857143,0,56,3278.53,5,5,3,13,2,2,170298.5,85149.25,0,0,0,1,5,5,2,0,0,0.4,0.0,0.0,3,0.48333333333333334,1,0,0.3333333333333333,0.0,0,7223.166666666667,4.926544221140312,0.3989026050439558,0.0378242460601306,0.25,0.0,0.34125,0.3646,0.5605833333333333
C000450,45,4.6,70328,401512,2682.5,40,100.0,4.1,0.91,0.09,0.402,14.0,0.376,3,0.455,0.07,2536.88,63.422000000000004,59.25,40,4,2026-08-24,2026-05-16,36,4,23.836887832484795,10.0,0.9,0.1,5,40,2536.88,5,3,2,10,3,2,218671.12,72890.37333333334,0,0,0,1,4,4,1,0,0,0.25,0.0,0.0,5,0.45919999999999994,1,0,0.2,0.0,0,5860.666666666667,5.709134341940621,0.45771243317028776,0.03607211921283131,0.375,0.0,0.41490000000000005,0.43650000000000005,0.4688333333333334
C000451,36,4.0,82931,185113,5843.79,40,194.48,17.4,0.784,0.216,0.581,7.0,0.501,2,0.354,0.249,5238.43,130.96075000000002,113.33500000000001,40,4,2026-08-12,2026-05-13,33,7,62.617658293745755,10.0,0.825,0.175,17,40,5238.43,2,3,4,9,2,2,46876.61,23438.305,0,0,0,1,7,7,4,2,1,0.5714285714285714,0.5,0.5,4,0.40125,1,0,0.25,0.0,0,6910.916666666667,2.232132736853529,0.8455882601198587,0.06316612605660127,0.25,0.0,0.45670000000000005,0.35619999999999996,0.5060833333333333
C000452,31,1.6,85489,345190,4742.53,47,100.0,30.5,0.844,0.156,0.646,8.0,0.532,2,0.645,-0.179,5121.13,108.96021276595745,99.49,47,4,2026-07-30,2026-04-13,40,7,55.79841607886615,11.75,0.851063829787234,0.14893617021276595,30,47,5121.13,1,4,4,9,2,2,46273.6,23136.8,0,1,0,0,7,7,3,1,1,0.42857142857142855,0.3333333333333333,1.0,3,0.465,2,0,0.6666666666666666,0.0,0,7124.083333333333,4.037829428347507,0.6657038917287604,0.05990396425271088,0.25,0.0,0.5037,0.4435,0.5845
C000453,26,1.2,95580,324892,5390.49,40,103.33,14.2,0.87,0.13,0.606,11.0,0.666,1,0.4,0.169,6266.6,156.66500000000002,149.99,40,4,2026-08-15,2026-05-22,35,5,63.778407567098064,10.0,0.875,0.125,14,40,6266.6,2,3,5,10,1,1,64545.54,64545.54,0,0,0,0,7,7,2,2,0,0.2857142857142857,1.0,0.0,3,0.4386666666666667,1,0,0.3333333333333333,0.0,0,7965.0,3.3991630048127224,0.6767721280602637,0.06556392550742833,0.125,0.0,0.5492,0.32,0.6123333333333334
C000454,29,3.2,58198,250671,1743.22,22,100.0,20.0,0.625,0.375,0.728,12.0,0.681,1,0.45,-0.104,1746.43,79.38318181818182,71.30000000000001,22,7,2026-08-09,2025-12-25,12,10,30.237528304498834,3.142857142857143,0.5454545454545454,0.45454545454545453,20,22,1746.43,2,1,1,4,1,1,24099.8,24099.8,0,0,0,1,7,7,2,1,0,0.2857142857142857,0.5,0.0,2,0.38449999999999995,0,0,0.0,0.0,0,4849.833333333333,4.307209869754974,0.3594391559847418,0.030008419533317298,0.125,0.0,0.61785,0.4475,0.26075000000000004
C000455,50,8.5,69086,282793,2026.77,15,143.04,18.1,0.896,0.104,0.269,10.0,0.484,3,0.487,-0.042,1538.01,102.534,100.05,15,7,2026-08-04,2025-11-21,15,0,47.51581523180316,2.142857142857143,1.0,0.0,25,15,1538.01,1,1,1,3,3,3,111513.73,37171.24333333333,1,0,1,0,4,4,1,1,1,0.25,1.0,1.0,3,0.4123333333333334,1,0,0.3333333333333333,0.0,0,5757.166666666667,4.0933474220536725,0.3520429609472252,0.02226225284428104,0.375,0.0,0.34204999999999997,0.5586,0.3535833333333333
C000456,42,4.9,100209,125841,6780.64,33,337.66,6.5,0.542,0.458,0.606,6.0,0.387,3,0.603,0.084,7907.14,239.61030303030304,206.67,33,5,2026-08-23,2026-04-10,17,16,108.60983157859283,6.6,0.5151515151515151,0.48484848484848486,6,33,7907.14,4,2,5,11,3,2,45684.3,15228.1,1,0,0,0,6,6,2,1,0,0.3333333333333333,0.5,0.0,4,0.2685,1,0,0.25,0.0,0,8350.75,1.2557854084962428,0.8119797622967997,0.07890648544541908,0.375,0.0,0.42945,0.5184,0.5186666666666667
C000457,31,7.0,389457,580136,13007.95,50,255.59,8.1,0.861,0.139,0.479,6.0,0.389,5,0.72,0.294,11117.35,222.347,178.115,50,4,2026-08-21,2026-05-03,46,4,134.98087810531393,12.5,0.92,0.08,8,50,11117.35,4,4,5,13,5,5,464972.8,92994.56,1,1,1,1,7,7,5,0,0,0.7142857142857143,0.0,0.0,5,0.5671999999999999,3,1,0.6,0.3333333333333333,0,32454.75,1.4896021897154244,0.40080265600566944,0.028545770136369355,0.625,0.0,0.37279999999999996,0.616,0.90375
C000458,32,10.7,59510,803897,3012.5,26,167.96,9.6,0.773,0.227,0.468,8.0,0.697,2,0.529,-0.085,3497.23,134.50884615384615,111.925,26,5,2026-08-19,2026-04-22,18,8,68.60882108457619,5.2,0.6923076923076923,0.3076923076923077,10,26,3497.23,3,2,3,8,2,2,160323.66999999998,80161.83499999999,1,0,0,0,3,3,1,0,0,0.3333333333333333,0.0,0.0,2,0.41800000000000004,0,0,0.0,0.0,0,4959.166666666667,13.50860359603428,0.6074609309359771,0.05876709796672828,0.25,0.0,0.46485000000000004,0.4462,0.5121666666666667
C000459,50,13.0,82048,273111,4523.47,56,100.0,17.6,0.889,0.111,0.769,7.0,0.689,2,0.673,0.218,5258.35,93.89910714285715,84.815,56,4,2026-08-11,2026-05-09,53,3,44.62664060755173,14.0,0.9464285714285714,0.05357142857142857,18,56,5258.35,2,5,4,11,2,2,110805.41,55402.705,0,0,1,0,6,6,3,1,1,0.5,0.3333333333333333,1.0,4,0.457,3,1,0.75,0.3333333333333333,0,6837.333333333333,3.3286734594383773,0.6615839508580343,0.06408870417316694,0.25,0.0,0.5882999999999999,0.45189999999999997,0.5321666666666667
C000460,53,1.6,105090,232494,4912.71,55,100.0,10.0,0.849,0.151,0.94,4.0,0.676,5,0.723,0.192,3790.14,68.91163636363636,59.3,55,5,2026-08-19,2026-04-19,54,1,28.423371236676218,11.0,0.9818181818181818,0.01818181818181818,10,55,3790.14,3,5,4,12,5,4,246936.44,49387.288,1,1,0,1,7,7,5,3,0,0.7142857142857143,0.6,0.0,2,0.434,1,0,0.5,0.0,0,8757.5,2.212332286611476,0.5609717385098487,0.03606565800742221,0.625,0.0,0.632,0.6544,0.5706666666666667
C000461,25,3.4,55878,270994,1832.09,8,244.93,136.2,0.827,0.173,0.237,10.0,0.266,1,0.244,-0.269,2091.33,261.41625,254.07500000000002,8,4,2026-04-15,2025-12-16,7,1,91.22974341698308,2.0,0.875,0.125,136,8,2091.33,1,1,2,4,1,1,59726.16,59726.16,0,0,0,0,5,5,2,1,0,0.4,0.5,0.0,4,0.38975000000000004,2,2,0.5,1.0,0,4656.5,4.849744085328752,0.393447868570815,0.037426715344142596,0.125,0.0,0.27315,0.2732,0.26766666666666666
C000462,42,16.3,77911,427703,3158.63,43,100.0,7.8,0.752,0.248,0.464,8.0,0.471,4,0.587,0.163,2872.8,66.8093023255814,52.31,43,4,2026-08-20,2026-05-23,31,12,33.521921214074425,10.75,0.7209302325581395,0.27906976744186046,9,43,2872.8,3,4,3,10,4,4,287171.93,71792.9825,1,0,1,1,7,7,5,2,0,0.7142857142857143,0.4,0.0,4,0.43925000000000003,2,0,0.5,0.0,0,6492.583333333333,5.489635609862535,0.4864981838251338,0.036872842089050326,0.5,0.0,0.40655,0.5261,0.5433333333333333
C000463,42,10.8,77387,155829,5397.59,47,103.17,14.8,0.838,0.162,0.793,6.0,0.826,1,0.678,0.064,5676.73,120.78148936170211,115.16,47,5,2026-08-15,2026-04-07,40,7,44.46024257100619,9.4,0.851063829787234,0.14893617021276595,14,47,5676.73,2,4,4,10,1,1,39862.04,39862.04,0,0,0,0,4,4,1,0,0,0.25,0.0,0.0,4,0.47200000000000003,1,1,0.25,1.0,0,6448.916666666667,2.013632780699601,0.8369762363187615,0.0733550854794733,0.125,0.0,0.6233500000000001,0.44089999999999996,0.45266666666666666
C000464,21,7.7,35240,146296,1699.44,34,100.0,1.7,0.665,0.335,0.643,9.0,0.537,1,0.498,-0.159,1719.23,50.565588235294115,42.205,34,3,2026-08-27,2026-06-10,25,9,14.281068033902377,11.333333333333334,0.7352941176470589,0.2647058823529412,2,34,1719.23,5,2,1,8,1,1,3292.82,3292.82,0,0,0,0,3,3,2,2,0,0.6666666666666666,1.0,0.0,4,0.475,3,1,0.75,0.3333333333333333,0,2936.6666666666665,4.151418842224745,0.5786969353007946,0.04878632236095346,0.125,0.0,0.5136,0.31189999999999996,0.10858333333333334
C000465,34,11.6,77927,287365,2771.26,46,100.0,3.0,0.862,0.138,0.643,10.0,0.765,3,0.57,0.064,3301.04,71.76173913043478,55.89,46,3,2026-08-26,2026-06-15,36,10,37.72789350095396,15.333333333333334,0.782608695652174,0.21739130434782608,3,46,3301.04,5,4,3,12,3,3,180951.83000000002,60317.27666666667,0,1,0,1,6,6,4,2,1,0.6666666666666666,0.5,0.5,3,0.32,0,0,0.0,0.0,0,6493.916666666667,3.6876178988027255,0.42674708380920606,0.042360670884289145,0.375,0.0,0.5806,0.4335,0.4525
C000466,36,5.3,334226,520441,18791.98,55,428.11,11.4,0.863,0.137,0.586,7.0,0.699,4,0.557,0.112,19982.85,363.32454545454544,324.61,55,4,2026-08-18,2026-05-04,50,5,176.50510139326033,13.75,0.9090909090909091,0.09090909090909091,11,55,19982.85,3,5,5,13,4,4,273485.06,68371.265,0,0,1,1,7,7,3,1,0,0.42857142857142855,0.3333333333333333,0.0,4,0.49875,3,0,0.75,0.0,0,27852.166666666668,1.557152944414857,0.6747044215590647,0.05978843656687391,0.5,0.0,0.50845,0.5171,0.8963333333333333
C000467,42,10.3,42606,370250,2162.52,25,100.0,15.9,0.64,0.36,0.719,10.0,0.557,1,0.34,0.105,2582.93,103.3172,85.61,25,5,2026-08-13,2026-03-24,15,10,55.92667427981034,5.0,0.6,0.4,16,25,2582.93,2,2,2,6,1,1,8068.75,8068.75,0,0,0,0,6,6,3,2,0,0.5,0.6666666666666666,0.0,2,0.21699999999999997,0,0,0.0,0.0,0,3550.5,8.690090597568418,0.6090747782002535,0.06062362108623198,0.125,0.0,0.5628,0.3395,0.2774166666666667
C000468,62,5.0,67199,358274,4010.51,36,100.49,5.3,0.614,0.386,0.642,17.0,0.452,1,0.517,0.091,4736.09,131.55805555555557,124.35999999999999,36,4,2026-08-23,2026-04-14,26,10,65.16659941233894,9.0,0.7222222222222222,0.2777777777777778,6,36,4736.09,4,3,4,11,1,1,13407.15,13407.15,0,0,0,0,3,3,3,0,0,1.0,0.0,0.0,5,0.43620000000000003,2,0,0.4,0.0,0,5599.916666666667,5.331537671691543,0.7161731573386508,0.07047857855027605,0.125,0.0,0.5719,0.35509999999999997,0.4846666666666667
C000469,50,2.7,48870,98638,1000.0,5,245.93,55.6,0.626,0.374,0.097,8.0,0.117,1,0.204,-0.237,894.37,178.874,215.08,5,4,2026-06-18,2026-02-27,4,1,55.64126328544312,1.25,0.8,0.2,72,5,894.37,1,1,1,3,1,1,2359.14,2359.14,0,0,0,0,6,6,1,1,0,0.16666666666666666,1.0,0.0,2,0.23900000000000002,0,0,0.0,0.0,0,4072.5,2.018375281358707,0.24554941682013506,0.018301002660118682,0.125,0.0,0.1529,0.2612,0.07708333333333334
C000470,37,3.4,99391,261675,2883.02,36,100.0,3.9,0.527,0.473,0.458,6.0,0.304,3,0.511,-0.037,3493.11,97.03083333333333,89.445,36,5,2026-08-25,2026-04-07,18,18,49.24287663495822,7.2,0.5,0.5,4,36,3493.11,5,3,3,11,3,3,100922.32,33640.77333333334,1,0,1,0,6,6,2,2,0,0.3333333333333333,1.0,0.0,4,0.418,2,2,0.5,1.0,0,8282.583333333334,2.63278365244338,0.3480822207242104,0.035145133865239306,0.375,0.0,0.3421,0.4908,0.5093333333333333
C000471,37,5.6,191551,982377,12896.89,72,247.34,12.7,0.818,0.182,0.755,11.0,0.669,6,0.587,-0.012,15356.17,213.2801388888889,182.445,72,4,2026-08-16,2026-05-13,59,13,114.41700162363904,18.0,0.8194444444444444,0.18055555555555555,13,72,15356.17,3,5,5,13,6,5,746680.0,124446.66666666667,1,1,0,1,3,3,2,0,0,0.6666666666666666,0.0,0.0,4,0.54525,0,0,0.0,0.0,0,15962.583333333334,5.12854017989987,0.8079450381360577,0.08016752718597137,0.75,0.0,0.617,0.6261000000000001,0.9154166666666667
C000472,37,3.8,100204,286961,3615.73,42,149.97,7.6,0.656,0.344,0.347,10.0,0.097,1,0.429,-0.143,2936.09,69.90690476190477,63.22,42,4,2026-08-20,2026-05-11,27,15,31.79102377440612,10.5,0.6428571428571429,0.35714285714285715,9,42,2936.09,3,4,3,10,1,1,11164.43,11164.43,0,0,0,0,5,5,2,0,0,0.4,0.0,0.0,3,0.35799999999999993,1,1,0.3333333333333333,1.0,0,8350.333333333334,2.863767913456549,0.43300427128657537,0.029301125703564728,0.125,0.0,0.2804,0.3287,0.5609166666666667
C000473,37,2.9,82110,824846,3820.91,43,100.0,4.7,0.766,0.234,0.206,0.0,0.246,2,0.361,-0.082,3890.51,90.47697674418605,79.8,43,5,2026-08-25,2026-04-22,28,15,39.82365799220859,8.6,0.6511627906976745,0.3488372093023256,4,43,3890.51,5,4,4,13,2,2,298473.69999999995,149236.84999999998,0,0,0,1,6,6,4,1,0,0.6666666666666666,0.25,0.0,5,0.4304,1,0,0.2,0.0,0,6842.5,10.04562172695165,0.5584084764340519,0.04738168310802582,0.25,0.0,0.1542,0.3958,0.6755
C000474,34,4.8,157318,110425,7134.53,55,183.3,1.4,0.691,0.309,0.871,20.0,0.756,2,0.747,-0.015,6128.79,111.43254545454545,98.68,55,5,2026-08-28,2026-04-01,40,15,50.564501206771155,11.0,0.7272727272727273,0.2727272727272727,1,55,6128.79,5,5,5,15,2,2,21728.18,10864.09,0,0,1,1,5,5,2,2,1,0.4,1.0,0.5,3,0.4656666666666667,3,2,1.0,0.6666666666666666,0,13109.833333333334,0.7019222212334253,0.5442121054170533,0.038957970480173916,0.25,0.0,0.78095,0.5115999999999999,0.58775
C000475,51,5.7,145345,610262,6237.8,56,100.0,5.3,0.748,0.252,0.87,9.0,0.788,3,0.828,0.228,5342.3099999999995,95.39839285714285,88.39,56,4,2026-08-24,2026-05-18,45,11,39.76200099120611,14.0,0.8035714285714286,0.19642857142857142,5,56,5342.3099999999995,5,5,4,14,3,3,174216.34,58072.113333333335,0,0,1,1,4,4,2,1,0,0.5,0.5,0.0,2,0.5945,1,1,0.5,1.0,0,12112.083333333334,4.198713406033919,0.515006364168014,0.03675606316006742,0.375,0.0,0.6785,0.5484,0.8026666666666666
C000476,43,1.3,82131,184619,4135.11,40,111.16,20.3,0.505,0.495,0.749,2.0,0.501,2,0.655,0.026,3432.19,85.80475,75.695,40,5,2026-08-09,2026-03-23,19,21,43.38270564008019,8.0,0.475,0.525,20,40,3432.19,2,3,3,8,2,2,48980.46,24490.23,0,0,0,1,4,4,1,1,0,0.25,1.0,0.0,3,0.443,1,0,0.3333333333333333,0.0,0,6844.25,2.247860125896434,0.6041728458194835,0.041789214791004614,0.25,0.0,0.48230000000000006,0.484,0.46858333333333335
C000477,41,10.5,64343,329287,2186.52,39,100.0,1.3,0.644,0.356,0.215,1.0,0.453,3,0.429,-0.005,2177.69,55.83820512820513,45.47,39,3,2026-08-27,2026-06-15,24,15,24.552637533502423,13.0,0.6153846153846154,0.38461538461538464,2,39,2177.69,5,3,2,10,3,2,149740.13999999998,49913.38,0,0,0,1,4,4,2,0,0,0.5,0.0,0.0,5,0.2824,1,0,0.2,0.0,0,5361.916666666667,5.117681799107906,0.40778701645866683,0.033845018106087685,0.375,0.0,0.22000000000000003,0.3912,0.36416666666666664
C000478,42,0.6,67714,63738,3190.65,14,207.73,9.7,0.436,0.564,0.534,8.0,0.283,2,0.418,0.041,3740.84,267.20285714285717,222.515,14,6,2026-08-17,2026-02-13,6,8,132.90660123841573,2.3333333333333335,0.42857142857142855,0.5714285714285714,12,14,3740.84,3,1,4,8,2,2,23789.260000000002,11894.630000000001,1,0,0,0,7,7,2,0,0,0.2857142857142857,0.0,0.0,4,0.42575,1,0,0.25,0.0,0,5642.833333333333,0.9412824526685767,0.565434031367221,0.0552447056738636,0.25,0.0,0.39105,0.4503999999999999,0.2825
C000479,39,12.1,70297,281336,2345.35,12,232.09,62.1,0.815,0.185,0.405,8.0,0.584,2,0.215,-0.309,2293.31,191.10916666666665,150.57999999999998,12,3,2026-06-28,2026-03-09,10,2,127.04371698952748,4.0,0.8333333333333334,0.16666666666666666,62,12,2293.31,1,1,2,4,2,1,69806.68,34903.34,0,0,0,0,6,6,2,1,0,0.3333333333333333,0.5,0.0,5,0.3358,1,1,0.2,1.0,0,5858.083333333333,4.0021053530022614,0.4003613240963341,0.03262315603795325,0.25,0.0,0.40825000000000006,0.277,0.3878333333333333
C000480,48,8.7,73824,327540,1820.71,48,100.0,6.5,0.871,0.129,0.137,1.0,0.0,4,0.517,0.107,2107.91,43.914791666666666,40.0,48,4,2026-08-22,2026-05-07,45,3,7.03142278195903,12.0,0.9375,0.0625,7,48,2107.91,4,4,2,10,4,3,195775.47,48943.8675,2,0,0,1,7,7,3,1,1,0.42857142857142855,0.3333333333333333,1.0,5,0.3256,3,0,0.6,0.0,0,6152.0,4.436768530559168,0.29595416124837454,0.02855318053749458,0.5,0.0,0.07165,0.5051,0.3933333333333333
C000481,40,4.6,148919,260396,6923.39,65,100.0,28.0,0.919,0.081,0.674,13.0,0.475,2,0.729,-0.219,7453.15,114.66384615384615,102.05,65,5,2026-08-01,2026-04-01,61,4,45.57855186009601,13.0,0.9384615384615385,0.06153846153846154,28,65,7453.15,1,5,5,11,2,2,46535.82,23267.91,0,0,1,0,7,7,3,2,0,0.42857142857142855,0.6666666666666666,0.0,2,0.625,2,2,1.0,1.0,0,12409.916666666666,1.748574728543705,0.5578917398048604,0.05004834843102626,0.25,0.0,0.55205,0.5062,0.6750833333333334
C000482,49,5.8,80313,863246,2423.83,22,108.62,50.6,0.744,0.256,0.581,12.0,0.242,3,0.489,0.216,2375.89,107.99499999999999,90.725,22,6,2026-07-10,2026-02-27,16,6,59.456404256756535,3.6666666666666665,0.7272727272727273,0.2727272727272727,50,22,2375.89,1,1,2,4,3,2,275500.75,91833.58333333333,0,0,0,1,5,5,2,0,0,0.4,0.0,0.0,5,0.5964,3,1,0.6,0.3333333333333333,0,6692.75,10.74852140998344,0.36215755855216464,0.029582881974275645,0.375,0.0,0.44195,0.5217,0.6021666666666666
C000483,42,1.7,139593,317245,7436.53,50,121.3,20.8,0.814,0.186,0.675,18.0,0.336,3,0.613,0.112,7397.27,147.9454,118.435,50,4,2026-08-09,2026-05-13,39,11,83.29160859343295,12.5,0.78,0.22,20,50,7397.27,2,4,5,11,3,3,204014.71,68004.90333333334,0,1,0,1,3,3,1,0,0,0.3333333333333333,0.0,0.0,5,0.4426,1,0,0.2,0.0,0,11632.75,2.2726426110191773,0.6392753218284585,0.05299169729141146,0.375,0.0,0.56775,0.4839,0.7028333333333334
C000484,29,4.7,57741,150577,2359.53,40,100.0,10.0,0.855,0.145,0.638,7.0,0.536,2,0.713,-0.21,2423.96,60.599000000000004,55.22,40,4,2026-08-19,2026-05-22,30,10,22.051015884499776,10.0,0.75,0.25,10,40,2423.96,3,3,2,8,2,2,22010.77,11005.385,1,0,0,0,7,7,5,4,0,0.7142857142857143,0.8,0.0,5,0.4224,3,0,0.6,0.0,0,4811.75,2.60780034983807,0.4903683690964826,0.041979875651616705,0.25,0.0,0.49110000000000004,0.4639,0.23241666666666666
C000485,32,5.5,74258,428081,3781.31,41,108.73,22.4,0.802,0.198,0.459,7.0,0.172,2,0.482,0.033,3141.05,76.6109756097561,79.71,41,5,2026-08-07,2026-04-16,30,11,32.97944669069495,8.2,0.7317073170731707,0.2682926829268293,22,41,3141.05,2,3,3,8,2,2,219362.69,109681.345,0,0,0,1,4,4,2,2,0,0.5,1.0,0.0,2,0.505,0,0,0.0,0.0,0,6188.166666666667,5.764779552371461,0.611054970508228,0.0422991462199359,0.25,0.0,0.31955,0.43209999999999993,0.5513333333333333
C000486,60,8.0,67430,510825,2669.84,36,100.0,6.0,0.663,0.337,0.446,9.0,0.437,2,0.656,-0.128,2503.56,69.54333333333334,62.730000000000004,36,4,2026-08-22,2026-05-26,26,10,29.5401239962578,9.0,0.7222222222222222,0.2777777777777778,7,36,2503.56,4,3,2,9,2,2,153244.1,76622.05,0,0,0,1,4,4,2,1,0,0.5,0.5,0.0,3,0.446,0,0,0.0,0.0,0,5619.166666666667,7.575633990805279,0.4751309506154531,0.03712828118048346,0.25,0.0,0.39995,0.4468,0.48816666666666664
C000487,46,6.5,51430,470595,2286.16,34,100.0,7.2,0.676,0.324,0.44,1.0,0.454,3,0.561,0.192,2598.23,76.41852941176471,66.46000000000001,34,4,2026-08-22,2026-05-02,19,15,35.99086551893603,8.5,0.5588235294117647,0.4411764705882353,7,34,2598.23,4,2,2,8,3,3,61934.31,20644.77,1,0,0,1,5,5,3,1,0,0.6,0.3333333333333333,0.0,5,0.418,1,0,0.2,0.0,0,4285.833333333333,9.150204160995528,0.533422516041221,0.05051973556290103,0.375,0.0,0.3215,0.46830000000000005,0.35791666666666666
C000488,61,17.1,192254,1245022,10803.56,44,156.08,6.8,0.85,0.15,0.299,0.0,0.22,7,0.453,0.103,8441.35,191.84886363636363,184.91500000000002,44,6,2026-08-22,2026-02-25,40,4,91.90708637850305,7.333333333333333,0.9090909090909091,0.09090909090909091,7,44,8441.35,4,4,5,13,7,5,1551825.49,221689.35571428572,2,1,1,1,3,3,1,1,0,0.3333333333333333,1.0,0.0,4,0.5775,1,1,0.25,1.0,0,16021.166666666666,6.475922477555733,0.674330417052441,0.04390727891227231,0.875,0.0,0.18955,0.7109,0.9243333333333333
C000489,63,3.4,57342,239810,1400.29,29,100.0,11.6,0.642,0.358,0.982,13.0,0.819,1,0.449,-0.007,1410.94,48.653103448275864,40.0,29,4,2026-08-17,2026-05-23,22,7,15.586670381966096,7.25,0.7586206896551724,0.2413793103448276,12,29,1410.94,3,2,1,6,1,1,13473.51,13473.51,0,0,0,0,3,3,3,2,0,1.0,0.6666666666666666,0.0,2,0.359,0,0,0.0,0.0,0,4778.5,4.18210038017509,0.2930396567960657,0.02460569913850232,0.125,0.0,0.77665,0.3347,0.23058333333333333
C000490,58,15.8,57747,225641,1000.0,33,100.0,2.6,0.821,0.179,0.929,16.0,0.6,3,0.765,-0.056,1404.35,42.556060606060605,40.0,33,4,2026-08-27,2026-05-19,30,3,7.820706066028317,8.25,0.9090909090909091,0.09090909090909091,2,33,1404.35,5,2,1,8,3,2,77484.41,25828.13666666667,0,0,0,1,7,7,6,5,2,0.8571428571428571,0.8333333333333334,0.4,2,0.40549999999999997,2,1,1.0,0.5,0,4812.25,3.9074064453564685,0.20780300275338978,0.024319012243060243,0.375,0.0,0.7280500000000001,0.5295000000000001,0.2035833333333333
C000491,21,5.5,73880,401217,1000.0,7,123.16,180.0,0.743,0.257,0.456,9.0,0.359,2,0.253,-0.29,968.99,138.42714285714285,155.55,7,2,2026-02-24,2025-12-31,6,1,63.48034648988765,3.5,0.8571428571428571,0.14285714285714285,186,7,968.99,1,1,1,3,2,2,125760.32,62880.16,0,0,0,1,3,3,0,0,0,0.0,0.0,0.0,2,0.3675,0,0,0.0,0.0,0,6156.666666666667,5.4306578234975635,0.16242555495397942,0.013115728207904711,0.25,0.0,0.38495,0.2509,0.38975
C000492,39,4.5,143433,645939,5073.98,41,103.01,5.8,0.78,0.22,0.532,16.0,0.657,3,0.64,-0.113,4921.1900000000005,120.02902439024392,112.67,41,3,2026-08-23,2026-06-06,33,8,58.79121897889506,13.666666666666666,0.8048780487804879,0.1951219512195122,6,41,4921.1900000000005,4,3,4,11,3,3,374695.81,124898.60333333333,0,0,1,1,3,3,3,1,1,1.0,0.3333333333333333,1.0,5,0.5388,2,0,0.4,0.0,0,11952.75,4.5034197151283175,0.4245031478111731,0.034310026284049,0.375,0.0,0.5636500000000001,0.4545,0.7924166666666667
C000493,37,1.8,78748,234332,3978.33,49,100.0,3.5,0.94,0.06,0.523,11.0,0.524,3,0.588,-0.041,4904.61,100.09408163265306,87.93,49,3,2026-08-25,2026-06-06,47,2,48.66047227637503,16.333333333333332,0.9591836734693877,0.04081632653061224,4,49,4904.61,5,4,4,13,3,2,92223.69,30741.23,0,0,1,0,4,4,1,1,0,0.25,1.0,0.0,5,0.3154,2,0,0.4,0.0,0,6562.333333333333,2.9757200182861787,0.606237110783766,0.06228234367856961,0.375,0.0,0.47635,0.43889999999999996,0.4726666666666667
C000494,45,16.5,58724,96273,2649.09,34,100.0,4.1,0.726,0.274,0.4,2.0,0.58,1,0.569,0.058,2491.96,73.29294117647059,59.66,34,4,2026-08-25,2026-05-07,27,7,44.297563619261226,8.5,0.7941176470588235,0.20588235294117646,4,34,2491.96,5,2,2,9,1,1,11588.39,11588.39,0,0,0,0,7,7,4,0,0,0.5714285714285714,0.0,0.0,2,0.191,0,0,0.0,0.0,0,4893.666666666667,1.6394148899938696,0.5413302908521218,0.04243512022341803,0.125,0.0,0.34500000000000003,0.37070000000000003,0.21550000000000002
C000495,47,4.4,109120,1120500,1962.47,48,100.0,9.9,0.641,0.359,0.831,17.0,0.632,1,0.296,0.004,2467.02,51.39625,40.0,48,4,2026-08-19,2026-05-17,34,14,18.623254466255183,12.0,0.7083333333333334,0.2916666666666667,10,48,2467.02,3,4,2,9,1,1,143398.81,143398.81,0,0,0,1,6,6,6,3,1,1.0,0.5,0.3333333333333333,5,0.6386000000000001,2,1,0.4,0.5,0,9093.333333333334,10.268511730205278,0.2158141495601173,0.0226083211143695,0.125,0.0,0.7019500000000001,0.2888,0.6714166666666666
C000496,41,8.0,60686,25860,1482.39,2,952.6,180.0,0.769,0.231,0.06,4.0,0.0,2,0.216,-0.202,1745.17,872.585,872.585,2,2,2025-12-27,2025-11-25,2,0,271.53607504344603,1.0,1.0,0.0,245,2,1745.17,1,1,1,3,2,2,6643.650000000001,3321.8250000000003,0,0,0,1,5,5,1,0,0,0.2,0.0,0.0,2,0.342,1,1,0.5,1.0,0,5057.166666666667,0.42612793725076625,0.29312658603302244,0.02875737402366279,0.25,0.0,0.067,0.23979999999999999,0.13766666666666666
C000497,33,1.0,48194,291283,1000.0,29,100.0,0.6,0.55,0.45,0.644,16.0,0.369,2,0.648,-0.236,1196.16,41.24689655172414,40.0,29,5,2026-08-28,2026-04-01,19,10,3.3752937474793803,5.8,0.6551724137931034,0.3448275862068966,1,29,1196.16,5,2,1,8,2,2,92297.52,46148.76,0,0,0,1,5,5,3,1,0,0.6,0.3333333333333333,0.0,3,0.3336666666666666,0,0,0.0,0.0,0,4016.1666666666665,6.043968128812716,0.24899365066190812,0.024819687097979003,0.25,0.0,0.54205,0.4819,0.19558333333333333
C000498,46,11.0,99068,888581,1771.75,41,100.0,12.7,0.628,0.372,0.674,3.0,0.611,1,0.511,-0.007,2074.45,50.59634146341463,40.0,41,4,2026-08-17,2026-05-16,27,14,18.258865073724813,10.25,0.6585365853658537,0.34146341463414637,12,41,2074.45,3,3,2,8,1,1,111637.48,111637.48,0,0,0,0,3,3,1,1,0,0.3333333333333333,1.0,0.0,4,0.62125,1,0,0.25,0.0,0,8255.666666666666,8.969404853232124,0.21461016675414868,0.020939657608915085,0.125,0.0,0.48605,0.3533,0.6181666666666668
C000499,40,2.6,56717,576858,1794.38,32,100.0,8.9,0.897,0.103,0.725,10.0,0.281,2,0.49,-0.005,1703.85,53.2453125,43.41,32,4,2026-08-18,2026-05-24,30,2,24.7338332972593,8.0,0.9375,0.0625,11,32,1703.85,3,2,1,6,2,2,151742.04,75871.02,0,1,0,0,5,5,5,2,1,1.0,0.4,0.5,4,0.4975,1,0,0.25,0.0,0,4726.416666666667,10.170812983761483,0.37964913517992843,0.0300412574713049,0.25,0.0,0.49649999999999994,0.397,0.39208333333333334
C000500,38,11.6,48509,85679,1286.82,30,100.0,8.3,0.591,0.409,0.875,19.0,0.704,1,0.436,0.072,1654.06,55.13533333333333,40.0,30,3,2026-08-21,2026-06-09,15,15,28.054276056556358,10.0,0.5,0.5,8,30,1654.06,4,2,1,7,1,1,4520.97,4520.97,0,0,0,0,4,4,4,1,0,1.0,0.25,0.0,4,0.33525,1,0,0.25,0.0,0,4042.4166666666665,1.7662495619369603,0.3183293821765033,0.03409800243253829,0.125,0.0,0.7597499999999999,0.2933,0.08508333333333333
C000501,38,5.0,256289,1239757,12943.58,54,371.46,10.5,0.652,0.348,0.381,9.0,0.187,6,0.537,0.056,13490.81,249.8298148148148,210.61,54,4,2026-08-19,2026-05-08,35,19,125.97201422494437,13.5,0.6481481481481481,0.35185185185185186,10,54,13490.81,3,5,5,13,6,6,1523040.5699999998,253840.09499999997,1,1,1,1,5,5,2,1,0,0.4,0.5,0.0,2,0.528,1,0,0.5,0.0,0,21357.416666666668,4.837339878028319,0.6060461432211293,0.052639052007694434,0.75,0.0,0.30820000000000003,0.6111000000000001,0.9610000000000001
C000502,44,4.0,87733,225352,2541.24,51,100.0,4.6,0.611,0.389,0.833,18.0,0.706,1,0.626,0.019,2506.76,49.1521568627451,40.72,51,4,2026-08-24,2026-05-02,34,17,14.886719895762875,12.75,0.6666666666666666,0.3333333333333333,5,51,2506.76,5,4,2,11,1,1,6567.78,6567.78,0,0,0,1,4,4,2,0,0,0.5,0.0,0.0,4,0.46525,2,0,0.5,0.0,0,7311.083333333333,2.5686115828707554,0.3475873388576704,0.028572600959730094,0.125,0.0,0.73135,0.38780000000000003,0.43841666666666673
C000503,53,8.9,43337,122373,1348.3,12,123.49,122.2,0.697,0.303,0.349,7.0,0.412,1,0.399,-0.136,1366.22,113.85166666666667,133.7,12,4,2026-04-29,2026-01-31,8,4,43.05799827153505,3.0,0.6666666666666666,0.3333333333333333,122,12,1366.22,1,1,1,3,1,1,14397.22,14397.22,0,0,0,0,7,7,0,0,0,0.0,0.0,0.0,3,0.18599999999999997,0,0,0.0,0.0,0,3611.4166666666665,2.8237533747144474,0.3733437939866627,0.031525486305004964,0.125,0.0,0.33005,0.3197,0.088
C000504,35,4.4,77746,272835,2271.94,26,125.89,24.8,0.734,0.266,0.64,12.0,0.587,1,0.568,-0.114,1811.22,69.66230769230769,62.635000000000005,26,5,2026-08-04,2026-02-10,18,8,29.045266920128974,5.2,0.6923076923076923,0.3076923076923077,25,26,1811.22,1,2,1,4,1,1,80941.09,80941.09,0,0,0,0,5,5,4,2,0,0.8,0.5,0.0,4,0.40700000000000003,0,0,0.0,0.0,0,6478.833333333333,3.5093123761994187,0.3506711599310576,0.023296632624186454,0.125,0.0,0.5547500000000001,0.40789999999999993,0.4098333333333334
C000505,36,3.9,84080,243686,3484.09,15,174.39,16.2,0.74,0.26,0.223,7.0,0.359,2,0.292,-0.101,3292.94,219.52933333333334,194.67,15,5,2026-08-10,2026-03-12,7,8,102.86649374426104,3.0,0.4666666666666667,0.5333333333333333,19,15,3292.94,2,1,3,6,2,2,78865.15,39432.575,0,0,0,1,3,3,1,0,0,0.3333333333333333,0.0,0.0,3,0.4053333333333334,2,0,0.6666666666666666,0.0,0,7006.666666666667,2.8982635585156995,0.4972535680304472,0.039164367269267364,0.25,0.0,0.2601,0.3751,0.4853333333333333
C000506,42,10.6,90551,476994,3739.24,13,327.4,64.8,0.822,0.178,0.053,0.0,0.274,2,0.468,-0.204,4112.9,316.37692307692305,330.2,13,4,2026-06-25,2025-10-22,9,4,109.45037561871098,3.25,0.6923076923076923,0.3076923076923077,65,13,4112.9,1,1,4,6,2,2,136552.28,68276.14,0,1,0,1,4,4,0,0,0,0.0,0.0,0.0,5,0.317,2,0,0.4,0.0,0,7545.916666666667,5.267683404932027,0.4955315788892447,0.045420812580755594,0.25,0.0,0.09235,0.39039999999999997,0.6295
C000507,46,9.9,138738,168610,6507.55,41,152.0,15.0,0.588,0.412,0.908,11.0,0.53,1,0.755,0.058,6255.48,152.57268292682926,123.15,41,5,2026-08-14,2026-03-25,17,24,89.09008230505768,8.2,0.4146341463414634,0.5853658536585366,15,41,6255.48,2,3,5,10,1,1,49968.09,49968.09,0,0,0,0,3,3,3,2,1,1.0,0.6666666666666666,0.5,3,0.45633333333333326,1,0,0.3333333333333333,0.0,0,11561.5,1.2153123152993413,0.5628638152488864,0.045088440081304325,0.125,0.0,0.6511,0.46399999999999997,0.6024166666666667
C000508,64,14.3,116131,497194,5774.89,58,100.0,4.5,0.705,0.295,0.616,12.0,0.447,5,0.787,0.244,4569.62,78.78655172413792,73.60499999999999,58,5,2026-08-25,2026-04-09,38,20,48.59401181619001,11.6,0.6551724137931034,0.3448275862068966,4,58,4569.62,5,5,4,14,5,4,508690.02,101738.004,1,1,0,1,6,6,3,2,0,0.5,0.6666666666666666,0.0,4,0.57625,2,0,0.5,0.0,0,9677.583333333334,4.281320233184938,0.5967285221000422,0.039348838811342365,0.625,0.0,0.50895,0.6736,0.7403333333333333
C000509,60,5.3,84361,427794,2948.19,37,100.0,7.2,0.798,0.202,0.918,10.0,0.833,3,0.561,0.003,3178.69,85.91054054054054,80.8,37,4,2026-08-22,2026-05-23,33,4,35.11813459563987,9.25,0.8918918918918919,0.10810810810810811,7,37,3178.69,4,3,3,10,3,2,143396.99,47798.996666666666,0,1,0,0,6,6,5,2,1,0.8333333333333334,0.4,0.5,2,0.491,0,0,0.0,0.0,0,7030.083333333333,5.070992520240395,0.4193677173101315,0.037679614987968374,0.375,0.0,0.72135,0.46830000000000005,0.5579166666666666
C000510,37,16.1,127437,799802,3850.93,54,100.0,26.9,0.606,0.394,0.587,9.0,0.538,3,0.436,0.064,3890.34,72.04333333333334,63.16,54,5,2026-08-03,2026-04-13,32,22,29.878391131447724,10.8,0.5925925925925926,0.4074074074074074,26,54,3890.34,1,5,4,10,3,3,497440.6,165813.53333333333,1,0,0,1,4,4,3,1,0,0.75,0.3333333333333333,0.0,5,0.5628,4,1,0.8,0.25,0,10619.75,6.276057973743889,0.3626196473551637,0.03052755479177947,0.375,0.0,0.48865000000000003,0.46830000000000005,0.7634166666666667
C000511,26,12.2,107637,140615,5277.39,37,119.54,1.5,0.604,0.396,0.544,16.0,0.518,2,0.685,-0.172,5055.45,136.63378378378377,126.39,37,4,2026-08-28,2026-04-18,20,17,58.51616022525324,9.25,0.5405405405405406,0.4594594594594595,1,37,5055.45,5,3,4,12,2,1,71255.8,35627.9,0,0,0,0,5,5,2,0,0,0.4,0.0,0.0,3,0.3313333333333333,2,2,0.6666666666666666,1.0,0,8969.75,1.3063816345680388,0.5883541904735361,0.04696758549569386,0.25,0.0,0.5343,0.4555,0.5299166666666666
C000512,48,2.7,209502,464046,16585.58,58,184.83,5.8,0.64,0.36,0.559,5.0,0.33,4,0.737,0.08,14378.37,247.90293103448278,213.485,58,4,2026-08-23,2026-05-25,32,26,133.38105004951396,14.5,0.5517241379310345,0.4482758620689655,6,58,14378.37,4,5,5,14,4,4,281417.07,70354.2675,1,1,0,1,4,4,0,0,0,0.0,0.0,0.0,2,0.495,2,1,1.0,0.5,0,17458.5,2.2149955609015666,0.9500002863934475,0.06863118251854398,0.5,0.0,0.38405000000000006,0.5710999999999999,0.8449166666666668
C000513,28,14.6,152964,1090060,5081.59,40,194.76,11.9,0.753,0.247,0.554,8.0,0.412,1,0.431,-0.001,5338.11,133.45274999999998,127.195,40,6,2026-08-17,2026-02-20,29,11,61.44139617585575,6.666666666666667,0.725,0.275,12,40,5338.11,3,3,4,10,1,1,296729.89,296729.89,0,1,0,0,6,6,2,0,0,0.3333333333333333,0.0,0.0,4,0.65225,1,1,0.25,1.0,0,12747.0,7.126251928558354,0.39864987840276145,0.03489781909468895,0.125,0.0,0.4323,0.4043,0.8503333333333334
C000514,53,16.0,34943,145235,1409.87,26,100.0,10.1,0.632,0.368,0.71,14.0,0.543,1,0.535,0.144,1700.9,65.41923076923078,59.26,26,4,2026-08-19,2026-05-05,18,8,25.584918201640114,6.5,0.6923076923076923,0.3076923076923077,10,26,1700.9,3,2,1,6,1,1,35364.05,35364.05,0,0,0,0,4,4,3,3,1,0.75,1.0,0.3333333333333333,4,0.3155,0,0,0.0,0.0,0,2911.9166666666665,4.15634032567324,0.4841725095154967,0.04867641587728587,0.125,0.0,0.5952500000000001,0.36050000000000004,0.09525
C000515,45,6.3,225470,171428,11973.96,63,146.6,35.4,0.734,0.266,0.693,9.0,0.584,4,0.526,0.172,14500.08,230.16,217.65,63,4,2026-07-25,2026-02-22,46,17,110.22230028739722,15.75,0.7301587301587301,0.2698412698412698,35,63,14500.08,1,5,5,11,4,4,70690.2,17672.55,0,1,1,1,4,4,3,2,0,0.75,0.6666666666666666,0.0,4,0.446,2,1,0.5,0.5,0,18789.166666666668,0.7603140107331352,0.6372799929037122,0.06431046258925799,0.5,0.0,0.54785,0.5078,0.6913333333333334
C000516,24,11.1,224733,241258,13856.73,64,208.35,14.1,0.513,0.487,0.504,11.0,0.265,5,0.504,-0.134,16456.47,257.13234375,235.285,64,5,2026-08-15,2026-01-10,31,33,107.2320123331779,12.8,0.484375,0.515625,14,64,16456.47,2,5,5,12,5,5,161989.52,32397.904,1,1,1,0,3,3,0,0,0,0.0,0.0,0.0,3,0.38999999999999996,1,0,0.3333333333333333,0.0,0,18727.75,1.0735317020642274,0.7399036189611672,0.07322676242474403,0.625,0.0,0.40305,0.5887,0.7346666666666667
C000517,21,9.0,67791,250406,3914.02,36,100.0,14.5,0.721,0.279,0.475,5.0,0.373,1,0.472,0.052,3092.38,85.89944444444444,67.0,36,6,2026-08-15,2026-02-20,28,8,49.53978331715947,6.0,0.7777777777777778,0.2222222222222222,14,36,3092.38,2,3,3,8,1,1,21215.34,21215.34,0,0,0,0,6,6,0,0,0,0.0,0.0,0.0,4,0.39425,1,1,0.25,1.0,0,5649.25,3.6937941614668612,0.6928388724166925,0.04561637975542476,0.125,0.0,0.357,0.41659999999999997,0.42199999999999993
C000518,38,7.4,224119,396591,11746.85,63,210.82,1.0,0.735,0.265,0.901,16.0,0.821,5,0.729,-0.019,11468.08,182.03301587301587,148.48,63,4,2026-08-28,2026-05-29,48,15,104.26658990199147,15.75,0.7619047619047619,0.23809523809523808,1,63,11468.08,5,5,5,15,5,4,294060.48,58812.096,0,1,0,1,3,3,2,1,0,0.6666666666666666,0.5,0.0,5,0.4962,2,0,0.4,0.0,0,18676.583333333332,1.769555459376492,0.6289613999705514,0.05116960186329584,0.625,0.0,0.7707,0.6187,0.8150833333333333
C000519,33,2.3,64921,212817,3221.65,4,688.27,43.3,0.576,0.424,0.0,4.0,0.251,1,0.304,-0.089,3070.8599999999997,767.7149999999999,814.2049999999999,4,4,2026-07-12,2026-03-12,1,3,210.26599511095466,1.0,0.25,0.75,48,4,3070.8599999999997,1,1,3,5,1,1,20692.54,20692.54,0,0,0,0,4,4,0,0,0,0.0,0.0,0.0,5,0.277,2,0,0.4,0.0,0,5410.083333333333,3.278091834691394,0.5954899031130143,0.04730148950262626,0.125,0.0,0.10275000000000001,0.2912,0.35941666666666666
C000520,46,1.6,54884,42025,1583.11,44,100.0,8.1,0.738,0.262,0.492,16.0,0.585,2,0.491,0.113,1943.34,44.16681818181818,40.0,44,4,2026-08-20,2026-05-25,35,9,8.362059324844559,11.0,0.7954545454545454,0.20454545454545456,9,44,1943.34,3,4,2,9,2,2,18808.03,9404.015,0,0,0,1,5,5,1,0,0,0.2,0.0,0.0,3,0.42,1,0,0.3333333333333333,0.0,0,4573.666666666667,0.7657058523431237,0.34613585015669407,0.03540813351796516,0.25,0.0,0.5276500000000001,0.3973,0.11199999999999999
C000521,40,9.1,214897,1046904,6961.64,50,131.98,7.3,0.859,0.141,0.928,19.0,0.74,7,0.647,0.107,8576.57,171.5314,147.565,50,5,2026-08-22,2026-04-26,44,6,91.79838851926918,10.0,0.88,0.12,7,50,8576.57,4,4,5,13,7,5,1131697.37,161671.05285714287,2,1,0,1,4,4,3,1,0,0.75,0.3333333333333333,0.0,3,0.5673333333333334,2,1,0.6666666666666666,0.5,0,17908.083333333332,4.871654792761183,0.3887428861268422,0.03991014299873893,0.875,0.0,0.7926,0.7316,0.9048333333333334
C000522,53,6.8,61782,806719,1996.41,31,100.0,10.3,0.647,0.353,1.0,17.0,0.744,1,0.775,-0.19,2311.92,74.57806451612903,60.74,31,4,2026-08-19,2026-05-24,23,8,33.91979013490058,7.75,0.7419354838709677,0.25806451612903225,10,31,2311.92,3,2,2,7,1,1,196410.66,196410.66,0,0,0,1,3,3,3,1,0,1.0,0.3333333333333333,0.0,2,0.5655,0,0,0.0,0.0,0,5148.5,13.057508659480108,0.3877653685539478,0.03742060794406138,0.125,0.0,0.806,0.4325,0.4644166666666667
C000523,37,13.4,55839,299326,1481.61,16,100.0,37.6,0.638,0.362,0.302,8.0,0.153,2,0.431,0.052,1423.69,88.980625,67.435,16,6,2026-07-21,2026-01-21,9,7,58.99084725263176,2.6666666666666665,0.5625,0.4375,39,16,1423.69,1,1,1,3,2,2,76846.28,38423.14,0,0,1,0,4,4,0,0,0,0.0,0.0,0.0,3,0.37833333333333335,0,0,0.0,0.0,0,4653.25,5.360518633929691,0.3184032665341428,0.025496337685130464,0.25,0.0,0.25415,0.4542999999999999,0.26666666666666666
C000524,47,6.2,79751,737661,2772.67,40,100.0,5.0,0.545,0.455,0.927,14.0,0.8,2,0.604,0.152,2809.57,70.23925,59.165,40,3,2026-08-23,2026-06-05,23,17,32.42305940953689,13.333333333333334,0.575,0.425,6,40,2809.57,4,3,3,10,2,2,275998.44,137999.22,0,0,0,1,6,6,5,2,1,0.8333333333333334,0.4,0.5,2,0.5429999999999999,0,0,0.0,0.0,0,6645.916666666667,9.249551729758874,0.4171990319870597,0.035229276121929505,0.25,0.0,0.7571500000000001,0.3937,0.6033333333333334
C000525,51,16.5,56411,292642,1644.95,26,100.0,11.0,0.619,0.381,0.337,3.0,0.216,2,0.351,-0.156,1907.47,73.36423076923077,63.415,26,3,2026-08-18,2026-06-06,19,7,30.3602217611238,8.666666666666666,0.7307692307692307,0.2692307692307692,11,26,1907.47,3,2,2,7,2,2,127569.35,63784.675,0,0,0,0,7,7,2,1,0,0.2857142857142857,0.5,0.0,2,0.1345,0,0,0.0,0.0,0,4700.916666666667,5.187676162450586,0.3499211146762156,0.033813795181790784,0.25,0.0,0.23565,0.31779999999999997,0.27016666666666667
C000526,44,4.7,195822,749266,7193.46,48,212.82,1.2,0.685,0.315,0.73,17.0,0.613,2,0.701,0.185,7309.03,152.27145833333333,144.695,48,3,2026-08-28,2026-06-20,32,16,61.84476186524159,16.0,0.6666666666666666,0.3333333333333333,1,48,7309.03,5,4,5,14,2,2,191906.03,95953.015,0,1,0,0,6,6,5,4,1,0.8333333333333334,0.8,0.25,4,0.52325,2,1,0.5,0.5,0,16318.5,3.8262605835912207,0.44081625149370346,0.037324866460356855,0.25,0.0,0.65175,0.42279999999999995,0.8681666666666668
C000527,47,10.7,113619,276058,4332.03,41,135.37,3.0,0.919,0.081,0.659,11.0,0.757,3,0.541,0.006,4553.5,111.0609756097561,101.59,41,4,2026-08-26,2026-04-24,40,1,43.145148151610165,10.25,0.975609756097561,0.024390243902439025,3,41,4553.5,5,3,4,12,3,3,117994.63,39331.543333333335,0,0,1,1,5,5,3,1,0,0.6,0.3333333333333333,0.0,3,0.351,1,0,0.3333333333333333,0.0,0,9468.25,2.4296816553569385,0.4575322789322208,0.040076923753949605,0.375,0.0,0.5958,0.46230000000000004,0.6079166666666667
C000528,48,10.4,73935,38665,3388.76,35,112.19,5.4,0.697,0.303,0.509,9.0,0.28,1,0.459,-0.302,2979.88,85.13942857142858,86.26,35,4,2026-08-24,2026-02-18,24,11,32.94784916151201,8.75,0.6857142857142857,0.3142857142857143,5,35,2979.88,5,3,3,11,1,1,1464.81,1464.81,0,0,0,0,5,5,2,0,0,0.4,0.0,0.0,3,0.49433333333333335,0,0,0.0,0.0,0,6161.25,0.5229593561912491,0.5500117670927166,0.040304050855481166,0.125,0.0,0.38905,0.3377,0.3195
C000529,30,2.6,142463,372248,5653.03,43,143.52,14.3,0.666,0.334,0.606,5.0,0.461,2,0.614,0.127,5910.24,137.44744186046512,125.52,43,5,2026-08-15,2026-04-10,33,10,59.92987604943055,8.6,0.7674418604651163,0.23255813953488372,14,43,5910.24,2,4,4,10,2,2,166449.61,83224.805,0,0,0,1,3,3,0,0,0,0.0,0.0,0.0,2,0.418,1,0,0.5,0.0,0,11871.916666666666,2.612945115573868,0.47616826825210756,0.04148614026098004,0.25,0.0,0.43795,0.4717,0.7196666666666667
C000530,45,10.8,175526,664837,10852.6,54,181.07,15.6,0.776,0.224,0.881,9.0,0.76,3,0.606,0.11,9229.95,170.925,164.715,54,4,2026-08-13,2026-05-19,38,16,72.81008992772236,13.5,0.7037037037037037,0.2962962962962963,16,54,9229.95,2,5,5,12,3,3,281243.97,93747.98999999999,0,1,0,1,6,6,3,2,1,0.5,0.6666666666666666,0.5,2,0.584,1,1,0.5,1.0,0,14627.166666666666,3.78768387589303,0.7419482014060595,0.052584517393434595,0.375,0.0,0.67645,0.4818,0.8611666666666666
C000531,39,4.5,38978,131684,1000.0,23,100.0,9.3,0.689,0.311,0.511,3.0,0.492,1,0.438,-0.12,1151.01,50.04391304347826,40.0,23,5,2026-08-19,2026-04-11,15,8,14.064289963375792,4.6,0.6521739130434783,0.34782608695652173,10,23,1151.01,3,1,1,5,1,1,31375.99,31375.99,0,0,0,0,4,4,3,2,1,0.75,0.6666666666666666,0.5,3,0.46366666666666667,2,0,0.6666666666666666,0.0,0,3248.1666666666665,3.378418595104931,0.3078659756785879,0.029529734722150956,0.125,0.0,0.38295,0.3689,0.065
C000532,39,6.0,80749,670231,2744.07,31,100.0,8.3,0.665,0.335,0.694,8.0,0.83,1,0.537,0.062,2845.89,91.80290322580645,85.28,31,3,2026-08-21,2026-06-06,24,7,43.193261294909455,10.333333333333334,0.7741935483870968,0.22580645161290322,8,31,2845.89,4,2,3,9,1,1,164292.48,164292.48,0,0,0,0,5,5,1,1,0,0.2,1.0,0.0,4,0.60225,0,0,0.0,0.0,0,6729.083333333333,8.300177091976371,0.40779254232250556,0.03524365626818908,0.125,0.0,0.5997999999999999,0.3236,0.59675
C000533,21,6.6,168105,477489,6708.86,46,119.95,8.4,0.685,0.315,0.777,16.0,0.735,4,0.625,-0.168,7618.74,165.62478260869565,145.765,46,6,2026-08-21,2026-03-31,32,14,79.82582299368016,7.666666666666667,0.6956521739130435,0.30434782608695654,8,46,7618.74,4,4,5,13,4,3,295160.22,73790.055,0,1,0,1,4,4,3,1,1,0.75,0.3333333333333333,1.0,2,0.6120000000000001,0,0,0.0,0.0,0,14008.75,2.840421165343089,0.47890497010796823,0.04532131703399661,0.5,0.0,0.6934,0.6125,0.7879166666666666
C000534,39,5.3,95098,482173,4078.37,17,253.87,35.6,0.669,0.331,0.632,17.0,0.428,1,0.324,0.021,3809.56,224.09176470588235,210.27,17,5,2026-07-23,2026-02-07,10,7,91.79609885741972,3.4,0.5882352941176471,0.4117647058823529,37,17,3809.56,1,1,4,6,1,1,130794.83,130794.83,0,0,0,0,7,7,2,2,1,0.2857142857142857,1.0,0.5,5,0.4344,1,1,0.2,1.0,0,7924.833333333333,5.0702748743401544,0.5146316431470693,0.04005930724095144,0.125,0.0,0.5613999999999999,0.3347,0.6515833333333334
C000535,37,9.6,76673,608676,4054.93,32,111.69,4.0,0.669,0.331,0.277,10.0,0.222,4,0.661,0.056,4557.1,142.409375,130.655,32,3,2026-08-24,2026-06-01,17,15,69.47923124063999,10.666666666666666,0.53125,0.46875,5,32,4557.1,5,2,4,11,4,4,370711.36,92677.84,1,1,1,0,7,7,2,0,0,0.2857142857142857,0.0,0.0,3,0.424,2,0,0.6666666666666666,0.0,0,6389.416666666667,7.938596376821045,0.634632269508171,0.059435524891422016,0.5,0.0,0.28015,0.5108,0.62
C000536,43,4.9,88410,646734,3788.05,38,100.0,15.7,0.713,0.287,0.67,10.0,0.581,2,0.605,-0.101,3462.58,91.12052631578948,83.065,38,4,2026-08-13,2026-05-06,30,8,35.64064753160725,9.5,0.7894736842105263,0.21052631578947367,16,38,3462.58,2,3,3,8,2,2,163817.96000000002,81908.98000000001,0,0,0,1,5,5,3,3,1,0.6,1.0,0.3333333333333333,5,0.5702,2,0,0.4,0.0,0,7367.5,7.315167967424499,0.5141567695961996,0.03916502658070354,0.25,0.0,0.5467500000000001,0.4315,0.6673333333333333
C000537,31,5.1,73260,705384,2791.72,52,100.0,8.4,0.904,0.096,0.578,7.0,0.499,2,0.689,0.056,3483.39,66.98826923076923,64.57,52,6,2026-08-20,2026-03-23,47,5,23.33201021916607,8.666666666666666,0.9038461538461539,0.09615384615384616,9,52,3483.39,3,5,3,11,2,2,288496.56,144248.28,1,0,0,1,6,6,3,2,1,0.5,0.6666666666666666,0.5,2,0.6345000000000001,0,0,0.0,0.0,0,6105.0,9.628501228501229,0.45728419328419323,0.047548321048321046,0.25,0.0,0.45485000000000003,0.5317,0.5665833333333333
C000538,32,6.0,98592,213563,3312.27,35,100.0,2.7,0.782,0.218,0.286,14.0,0.311,1,0.458,-0.002,2820.5499999999997,80.58714285714285,71.23,35,4,2026-08-26,2026-05-16,27,8,41.51779409952744,8.75,0.7714285714285715,0.22857142857142856,3,35,2820.5499999999997,5,3,3,11,1,1,48170.43,48170.43,0,0,0,0,3,3,1,1,0,0.3333333333333333,1.0,0.0,2,0.346,1,0,0.5,0.0,0,8216.0,2.166129097695553,0.4031487341772152,0.02860830493346316,0.125,0.0,0.3464499999999999,0.33740000000000003,0.49875
C000539,56,4.0,74878,499243,3076.26,15,204.34,93.6,0.742,0.258,0.295,9.0,0.212,2,0.326,-0.163,3612.44,240.82933333333332,239.68,15,5,2026-05-26,2026-01-23,11,4,89.03937688033365,3.0,0.7333333333333333,0.26666666666666666,95,15,3612.44,1,1,3,5,2,2,157715.58000000002,78857.79000000001,1,0,0,0,7,7,0,0,0,0.0,0.0,0.0,2,0.35350000000000004,0,0,0.0,0.0,0,6239.833333333333,6.6674190015758965,0.4930035524453111,0.048244344133123215,0.25,0.0,0.27575,0.3853,0.5505833333333333
C000540,36,2.7,106504,248142,3731.65,48,100.0,6.0,0.63,0.37,0.337,7.0,0.384,2,0.563,-0.191,3690.52,76.88583333333334,63.055,48,6,2026-08-23,2026-02-15,31,17,50.891716913016495,8.0,0.6458333333333334,0.3541666666666667,6,48,3690.52,4,4,4,12,2,2,74781.45,37390.725,0,0,0,1,7,7,3,0,0,0.42857142857142855,0.0,0.0,2,0.34850000000000003,2,0,1.0,0.0,0,8875.333333333334,2.32988432359348,0.42045181401637494,0.034651468489446405,0.25,0.0,0.31765,0.4938999999999999,0.555
C000541,34,3.9,90239,508434,3391.61,8,492.9,148.7,0.732,0.268,0.362,6.0,0.326,2,0.287,-0.243,3413.85,426.73125,411.41999999999996,8,2,2026-04-01,2026-03-04,6,2,181.44597349683536,4.0,0.75,0.25,150,8,3413.85,1,1,3,5,2,2,141619.33000000002,70809.66500000001,0,0,0,1,3,3,1,0,0,0.3333333333333333,0.0,0.0,5,0.44160000000000005,0,0,0.0,0.0,0,7519.916666666667,5.634304458161106,0.4510169660568047,0.03783120380323363,0.25,0.0,0.3044,0.2611,0.6296666666666667
C000542,37,2.2,81590,146661,3933.29,28,120.39,3.0,0.85,0.15,0.759,6.0,0.612,3,0.502,0.03,3081.25,110.04464285714286,89.36,28,4,2026-08-25,2026-04-20,25,3,72.68432249739116,7.0,0.8928571428571429,0.10714285714285714,4,28,3081.25,5,2,3,10,3,2,68236.53,22745.51,2,0,0,1,6,6,3,2,1,0.5,0.6666666666666666,0.5,4,0.39449999999999996,1,0,0.25,0.0,0,6799.166666666667,1.797536462801814,0.5784958941046696,0.0377650447358745,0.375,0.0,0.5545500000000001,0.4506,0.43225
C000543,38,5.8,74201,359609,2535.42,40,100.0,17.1,0.917,0.083,0.446,3.0,0.51,1,0.544,-0.007,2513.67,62.841750000000005,47.260000000000005,40,5,2026-08-12,2026-04-12,38,2,30.213414993623665,8.0,0.95,0.05,17,40,2513.67,2,3,2,7,1,1,101009.14,101009.14,0,0,0,0,4,4,3,1,0,0.75,0.3333333333333333,0.0,4,0.41325,1,0,0.25,0.0,0,6183.416666666667,4.846417164189162,0.41003544426624977,0.03387649762132586,0.125,0.0,0.3582000000000001,0.4007,0.4585
C000544,36,1.4,111370,332498,5966.24,44,123.73,4.0,0.605,0.395,0.712,14.0,0.898,3,0.81,-0.11,7013.91,159.40704545454545,144.94,44,5,2026-08-25,2026-04-07,22,22,85.80808672194954,8.8,0.5,0.5,4,44,7013.91,5,4,5,14,3,3,232781.46000000002,77593.82,1,0,0,1,4,4,2,1,1,0.5,0.5,1.0,4,0.567,2,1,0.5,0.5,0,9280.833333333334,2.985525725060609,0.6428560653676932,0.06297845021100835,0.375,0.0,0.6849000000000001,0.5805,0.6632499999999999
C000545,37,3.3,232134,728660,6552.08,44,231.3,4.9,0.781,0.219,0.804,16.0,0.586,2,0.447,0.084,7808.94,177.47590909090908,153.71,44,6,2026-08-23,2026-03-19,29,15,77.40075383678877,7.333333333333333,0.6590909090909091,0.3409090909090909,6,44,7808.94,4,4,5,13,2,2,202658.37,101329.185,0,0,0,1,7,7,4,2,0,0.5714285714285714,0.5,0.0,2,0.647,0,0,0.0,0.0,0,19344.5,3.1389628404283734,0.33870505828530073,0.033639794256765485,0.25,0.0,0.6683,0.45909999999999995,0.8746666666666667
C000546,33,4.8,69596,221841,3278.82,28,100.0,2.8,0.68,0.32,0.426,4.0,0.439,1,0.501,0.139,2939.6,104.98571428571428,90.965,28,3,2026-08-26,2026-06-28,19,9,53.620277841197314,9.333333333333334,0.6785714285714286,0.32142857142857145,3,28,2939.6,5,2,3,10,1,1,38299.38,38299.38,0,0,0,0,3,3,2,0,0,0.6666666666666666,0.0,0.0,4,0.36625,1,0,0.25,0.0,0,5799.666666666667,3.187553882407035,0.5653462842692109,0.04223805965860107,0.125,0.0,0.34145,0.31279999999999997,0.39458333333333334
C000547,70,18.0,71672,696114,2704.95,42,100.0,1.8,0.838,0.162,0.405,2.0,0.313,3,0.548,-0.024,2581.38,61.46142857142858,52.75,42,5,2026-08-27,2026-04-21,31,11,25.353941971992516,8.4,0.7380952380952381,0.2619047619047619,2,42,2581.38,5,4,2,11,3,3,194119.55,64706.51666666666,0,1,0,1,4,4,1,0,0,0.25,0.0,0.0,3,0.4003333333333334,2,0,0.6666666666666666,0.0,0,5972.666666666667,9.712495814264985,0.4528881571603973,0.036016575510659676,0.375,0.0,0.2805,0.5019,0.5535833333333333
C000548,49,8.6,54073,136042,2269.49,29,100.0,4.9,0.656,0.344,0.864,19.0,0.687,1,0.551,0.04,2811.5299999999997,96.94931034482758,80.65,29,5,2026-08-24,2026-04-22,18,11,47.789963376292604,5.8,0.6206896551724138,0.3793103448275862,5,29,2811.5299999999997,5,2,3,10,1,1,10119.0,10119.0,0,0,0,0,6,6,4,3,2,0.6666666666666666,0.75,0.6666666666666666,3,0.3626666666666667,0,0,0.0,0.0,0,4506.083333333333,2.515895178739852,0.5036502505871692,0.05199508072420616,0.125,0.0,0.7505499999999999,0.4028,0.189
C000549,42,5.0,141562,500615,4570.32,57,100.0,9.9,0.898,0.102,1.0,11.0,0.867,5,0.757,0.027,5246.55,92.04473684210527,81.67,57,5,2026-08-20,2026-03-18,53,4,50.668809125862445,11.4,0.9298245614035088,0.07017543859649122,9,57,5246.55,3,5,4,12,5,5,418459.48,83691.896,1,1,1,1,5,5,4,1,1,0.8,0.25,1.0,3,0.6343333333333333,0,0,0.0,0.0,0,11796.833333333334,3.53636569135785,0.38741922267275114,0.03706185275709583,0.625,0.0,0.7767499999999999,0.6646,0.748
C000550,24,10.8,65591,829399,1631.66,29,100.0,13.6,0.578,0.422,0.696,6.0,0.539,2,0.589,-0.092,1557.54,53.708275862068966,45.21,29,5,2026-08-13,2026-03-21,15,14,21.433476164463173,5.8,0.5172413793103449,0.4827586206896552,16,29,1557.54,2,2,1,5,2,2,359743.75,179871.875,0,0,1,0,3,3,2,0,0,0.6666666666666666,0.0,0.0,5,0.5730000000000001,1,0,0.2,0.0,0,5465.916666666667,12.645012273025262,0.2985153450930768,0.02374624567394917,0.25,0.0,0.5079499999999999,0.46419999999999995,0.4744166666666667
C000551,51,14.1,103003,430941,3944.47,17,188.7,37.7,0.595,0.405,0.651,15.0,0.649,1,0.341,0.051,3120.0,183.52941176470588,185.98,17,4,2026-07-22,2026-04-16,10,7,65.56123430337743,4.25,0.5882352941176471,0.4117647058823529,38,17,3120.0,1,1,3,5,1,1,43224.23,43224.23,0,0,0,0,3,3,0,0,0,0.0,0.0,0.0,3,0.4663333333333333,1,0,0.3333333333333333,0.0,0,8583.583333333334,4.183771346465637,0.4595365183538343,0.03029037989184781,0.125,0.0,0.6052000000000001,0.3023,0.6485
C000552,37,4.2,107169,264523,2198.0,37,100.0,10.3,0.779,0.221,0.489,9.0,0.611,3,0.406,0.002,2732.82,73.86,59.3,37,4,2026-08-19,2026-05-14,29,8,40.8455045806077,9.25,0.7837837837837838,0.21621621621621623,10,37,2732.82,3,3,2,8,3,3,85402.38,28467.460000000003,1,0,1,0,3,3,2,1,0,0.6666666666666666,0.5,0.0,5,0.3694,2,0,0.4,0.0,0,8930.75,2.468279073239463,0.24611594770875905,0.025500097976093834,0.375,0.0,0.4628,0.42180000000000006,0.4935833333333334
C000553,51,7.6,140590,1887661,6401.15,48,127.59,36.6,0.705,0.295,0.722,8.0,0.579,6,0.404,0.291,5272.49,109.84354166666667,109.98,48,4,2026-07-24,2026-04-08,34,14,49.89713778895681,12.0,0.7083333333333334,0.2916666666666667,36,48,5272.49,1,4,4,9,6,5,1593562.96,265593.82666666666,2,1,1,1,5,5,2,1,0,0.4,0.5,0.0,4,0.61275,2,0,0.5,0.0,0,11715.833333333334,13.426708869763141,0.5463674514545842,0.03750259620172131,0.75,0.0,0.54965,0.5712,0.8746666666666667
C000554,46,4.3,62354,89870,2298.54,37,100.0,1.5,0.699,0.301,0.722,9.0,0.452,1,0.699,0.271,2416.32,65.30594594594595,50.32,37,4,2026-08-27,2026-05-17,25,12,39.32533566003951,9.25,0.6756756756756757,0.32432432432432434,2,37,2416.32,5,3,2,10,1,1,10896.81,10896.81,0,0,0,0,6,6,2,1,1,0.3333333333333333,0.5,1.0,5,0.37439999999999996,2,0,0.4,0.0,0,5196.166666666667,1.441286846072425,0.4423530166468871,0.038751643840010265,0.125,0.0,0.5279,0.40969999999999995,0.21008333333333334
C000555,50,17.5,61540,570548,2331.93,38,100.0,1.7,0.596,0.404,0.658,10.0,0.427,2,0.492,0.247,2208.23,58.111315789473686,46.269999999999996,38,4,2026-08-27,2026-05-28,26,12,26.914554002264744,9.5,0.6842105263157895,0.3157894736842105,2,38,2208.23,5,3,2,10,2,2,145954.07,72977.035,0,1,0,0,4,4,2,0,0,0.5,0.0,0.0,2,0.4375,1,0,0.5,0.0,0,5128.333333333333,9.271173220669484,0.45471498212544686,0.035882840428989274,0.25,0.0,0.50285,0.39759999999999995,0.44708333333333333
C000556,32,4.8,130171,154709,8047.43,48,184.39,7.4,0.826,0.174,0.609,13.0,0.514,2,0.6,-0.025,9534.31,198.6314583333333,186.825,48,4,2026-08-22,2026-05-29,39,9,96.85987722982593,12.0,0.8125,0.1875,7,48,9534.31,4,4,5,13,2,2,42457.58,21228.79,0,0,0,1,5,5,2,1,1,0.4,0.5,1.0,3,0.319,2,0,0.6666666666666666,0.0,0,10847.583333333334,1.1885058884083244,0.7418638560047937,0.0732445014634596,0.25,0.0,0.5325500000000001,0.43,0.60225
C000557,59,9.1,51979,142067,1073.54,14,100.0,180.0,0.815,0.185,0.447,6.0,0.713,2,0.44,-0.323,840.9300000000001,60.066428571428574,56.79,14,5,2026-02-24,2025-09-18,13,1,19.931989598147478,2.8,0.9285714285714286,0.07142857142857142,186,14,840.9300000000001,1,1,1,3,2,2,65121.44,32560.72,0,0,0,1,5,5,2,0,0,0.4,0.0,0.0,4,0.33975,0,0,0.0,0.0,0,4331.583333333333,2.7331614690548105,0.2478400892668193,0.016178264299043846,0.25,0.0,0.43939999999999996,0.4195,0.12883333333333336
C000558,44,5.1,391338,2496216,22401.94,52,472.83,10.6,0.672,0.328,0.636,3.0,0.405,6,0.709,0.049,18454.420000000002,354.89269230769236,344.535,52,5,2026-08-19,2026-04-19,39,13,168.72881355009022,10.4,0.75,0.25,10,52,18454.420000000002,3,5,5,13,6,5,3126153.77,521025.62833333336,1,1,1,0,5,5,2,1,0,0.4,0.5,0.0,3,0.5603333333333333,1,1,0.3333333333333333,1.0,0,32611.5,6.378670101037978,0.6869337503641353,0.04715724003291273,0.75,0.0,0.41745,0.7002,0.9981666666666666
C000559,21,11.4,59843,320315,3007.23,37,100.0,5.7,0.731,0.269,0.713,15.0,0.508,3,0.643,0.124,2561.33,69.22513513513513,62.51,37,5,2026-08-23,2026-03-29,25,12,29.80319283991991,7.4,0.6756756756756757,0.32432432432432434,6,37,2561.33,4,3,2,9,3,3,179371.81,59790.60333333333,0,1,0,1,3,3,0,0,0,0.0,0.0,0.0,3,0.5186666666666667,2,0,0.6666666666666666,0.0,0,4986.916666666667,5.35258927527029,0.603023912571228,0.04280082883545277,0.375,0.0,0.59785,0.5304,0.3765833333333333
C000560,25,7.6,59596,289827,1269.6,39,100.0,15.4,0.674,0.326,0.64,12.0,0.417,3,0.484,0.011,1655.05,42.437179487179485,40.0,39,3,2026-08-13,2026-06-03,27,12,6.142514464013967,13.0,0.6923076923076923,0.3076923076923077,16,39,1655.05,2,3,1,6,3,3,166345.88,55448.62666666667,1,0,0,1,4,4,4,3,2,1.0,0.75,0.6666666666666666,5,0.42300000000000004,1,0,0.2,0.0,0,4966.333333333333,4.863195516477616,0.25564131820927577,0.027771159138197193,0.375,0.0,0.5122500000000001,0.4077,0.269
C000561,21,3.3,45447,221064,1376.52,32,100.0,7.2,0.94,0.06,0.925,11.0,0.579,1,0.646,-0.097,1688.04,52.75125,40.945,32,4,2026-08-22,2026-05-01,27,5,18.15905599187714,8.0,0.84375,0.15625,7,32,1688.04,4,2,1,7,1,1,13819.62,13819.62,0,0,0,0,6,6,3,3,2,0.5,1.0,0.6666666666666666,5,0.4896,2,0,0.4,0.0,0,3787.25,4.864215459766322,0.36346161462802823,0.03714304574559377,0.125,0.0,0.6709999999999999,0.39380000000000004,0.16091666666666665
C000562,36,2.4,64093,175923,2360.45,43,100.0,5.9,0.618,0.382,0.669,8.0,0.506,3,0.637,0.047,2491.1,57.93255813953488,51.09,43,4,2026-08-23,2026-03-28,26,17,23.145468557121117,10.75,0.6046511627906976,0.3953488372093023,6,43,2491.1,4,4,2,10,3,3,89604.3,29868.100000000002,1,0,0,1,5,5,2,1,1,0.4,0.5,1.0,3,0.47333333333333333,1,0,0.3333333333333333,0.0,0,5341.083333333333,2.74480832540215,0.4419421777729237,0.03886695895027538,0.375,0.0,0.5075500000000001,0.49110000000000004,0.28508333333333336
C000563,41,2.8,168507,787884,9656.29,52,294.09,14.1,0.707,0.293,0.755,15.0,0.665,5,0.644,0.147,11427.06,219.75115384615384,196.70499999999998,52,4,2026-08-15,2026-05-26,40,12,107.20026034600092,13.0,0.7692307692307693,0.23076923076923078,14,52,11427.06,2,5,5,12,5,5,715757.28,143151.456,1,1,1,1,4,4,2,2,0,0.5,1.0,0.0,4,0.521,1,1,0.25,1.0,0,14042.25,4.675675194502306,0.6876597411383504,0.0678135626413146,0.625,0.0,0.656,0.5932000000000001,0.8698333333333333
C000564,30,3.5,48438,198631,1218.63,14,114.05,80.5,0.748,0.252,0.344,13.0,0.356,1,0.381,-0.096,1150.84,82.20285714285714,78.375,14,4,2026-06-10,2026-03-07,5,9,31.249807735672288,3.5,0.35714285714285715,0.6428571428571429,80,14,1150.84,1,1,1,3,1,1,41906.95,41906.95,0,0,0,0,5,5,1,0,0,0.2,0.0,0.0,4,0.35425,0,0,0.0,0.0,0,4036.5,4.100726702175978,0.3019026384243776,0.023759032164829264,0.125,0.0,0.3738,0.3143,0.15575
C000565,52,5.0,164210,2184452,8459.93,67,138.01,7.0,0.87,0.13,0.712,24.0,0.466,4,0.624,-0.006,9389.6,140.14328358208957,120.59,67,6,2026-08-22,2026-03-01,55,12,70.26190235389346,11.166666666666666,0.8208955223880597,0.1791044776119403,7,67,9389.6,4,5,5,14,4,3,1107103.1099999999,276775.77749999997,1,0,0,1,7,7,3,1,0,0.42857142857142855,0.3333333333333333,0.0,3,0.586,2,0,0.6666666666666666,0.0,0,13684.166666666666,13.30279520126667,0.6182276353449851,0.057180439680896415,0.5,0.0,0.6769000000000001,0.6122,0.91425
C000566,66,7.4,63729,361200,2190.32,43,100.0,14.2,0.937,0.063,0.241,12.0,0.252,2,0.535,0.225,2350.5,54.66279069767442,45.8,43,7,2026-08-15,2026-02-21,39,4,21.9076884009746,6.142857142857143,0.9069767441860465,0.09302325581395349,14,43,2350.5,2,4,2,8,2,2,89194.04,44597.02,1,0,0,1,4,4,1,0,0,0.25,0.0,0.0,5,0.46319999999999995,1,0,0.2,0.0,0,5310.75,5.667749376265123,0.4124313891634892,0.03688273784305418,0.25,0.0,0.29145,0.523,0.3796666666666667
C000567,31,11.1,60327,1176244,2116.51,41,100.0,9.5,0.859,0.141,0.515,0.0,0.351,4,0.609,-0.088,2044.87,49.87487804878049,40.97,41,4,2026-08-19,2026-02-22,32,9,15.037933388925358,10.25,0.7804878048780488,0.21951219512195122,10,41,2044.87,3,3,2,8,4,4,722202.5,180550.625,1,1,0,1,7,7,5,1,1,0.7142857142857143,0.2,1.0,2,0.524,1,0,0.5,0.0,0,5027.25,19.497803636845855,0.42100750907553836,0.03389643111707859,0.5,0.0,0.3195,0.5327,0.493
C000568,47,5.8,101173,882329,2983.43,37,100.79,20.3,0.66,0.34,0.223,6.0,0.287,3,0.593,-0.031,3641.4,98.41621621621621,86.67,37,5,2026-08-06,2026-04-04,30,7,45.86481835855304,7.4,0.8108108108108109,0.1891891891891892,23,37,3641.4,2,3,3,8,3,2,595672.8200000001,198557.6066666667,0,0,0,1,7,7,1,0,0,0.14285714285714285,0.0,0.0,5,0.5054000000000001,4,0,0.8,0.0,0,8431.083333333334,8.720992754984037,0.3538608126674112,0.03599181599833948,0.375,0.0,0.2321,0.5154,0.6925833333333333
C000569,24,13.6,151300,294772,9607.17,51,144.79,17.7,0.778,0.222,0.66,7.0,0.439,5,0.641,-0.069,7381.55,144.73627450980393,133.93,51,5,2026-08-12,2026-04-07,41,10,78.36299904829535,10.2,0.803921568627451,0.19607843137254902,17,51,7381.55,2,4,5,11,5,5,261495.31,52299.062,1,1,1,1,4,4,3,1,0,0.75,0.3333333333333333,0.0,3,0.5886666666666667,1,0,0.3333333333333333,0.0,0,12608.333333333334,1.9482617316589557,0.7619698612029081,0.04878750826173166,0.625,0.0,0.47675000000000006,0.6298,0.7120000000000001
C000570,34,4.5,251140,1632502,13565.99,60,255.95,9.5,0.777,0.223,0.788,17.0,0.697,5,0.736,0.06,16378.81,272.98016666666666,256.91999999999996,60,3,2026-08-20,2026-06-03,51,9,118.64943928373467,20.0,0.85,0.15,9,60,16378.81,3,5,5,13,5,5,966058.48,193211.696,0,1,1,1,4,4,3,1,1,0.75,0.3333333333333333,1.0,5,0.7230000000000001,4,1,0.8,0.25,0,20928.333333333332,6.50036632953731,0.6482116747630804,0.06521784661941546,0.625,0.0,0.69885,0.5832999999999999,0.96475
C000571,31,4.3,53996,134739,2588.29,54,100.0,4.1,0.909,0.091,0.436,8.0,0.338,3,0.661,-0.076,2751.52,50.95407407407407,45.025000000000006,54,5,2026-08-25,2026-03-11,50,4,15.991764923012724,10.8,0.9259259259259259,0.07407407407407407,4,54,2751.52,5,5,3,13,3,3,70648.63,23549.543333333335,1,1,0,0,4,4,2,0,0,0.5,0.0,0.0,2,0.429,0,0,0.0,0.0,0,4499.666666666667,2.4953515075190755,0.5752181643084673,0.05095784872953552,0.375,0.0,0.3607,0.5358,0.20875
C000572,47,4.9,116233,1074945,4326.47,60,100.0,19.3,0.786,0.214,0.728,14.0,0.68,5,0.654,0.03,5218.9,86.98166666666665,84.47,60,5,2026-08-10,2026-04-20,53,7,39.55770220772185,12.0,0.8833333333333333,0.11666666666666667,19,60,5218.9,2,5,4,11,5,5,837648.41,167529.682,1,1,1,1,3,3,2,0,0,0.6666666666666666,0.0,0.0,3,0.40199999999999997,1,0,0.3333333333333333,0.0,0,9686.083333333334,9.248191133327024,0.44666867412868977,0.044900329510552076,0.625,0.0,0.6376000000000001,0.6337,0.7945833333333333
C000573,46,14.3,155551,545592,8455.63,57,155.33,3.4,0.726,0.274,0.792,10.0,0.631,5,0.84,0.037,8449.99,148.24543859649123,146.75,57,4,2026-08-25,2026-05-10,38,19,68.03032666891434,14.25,0.6666666666666666,0.3333333333333333,4,57,8449.99,5,5,5,15,5,4,295365.99,59073.198,0,1,1,1,6,6,3,1,0,0.5,0.3333333333333333,0.0,2,0.668,0,0,0.0,0.0,0,12962.583333333334,3.507479861910242,0.6523105605235581,0.054322955172258616,0.625,0.0,0.6141500000000001,0.652,0.8171666666666667
C000574,53,5.0,219470,1896342,12890.72,77,166.81,28.3,0.883,0.117,0.551,11.0,0.22,5,0.793,0.025,9942.83,129.12766233766234,117.97,77,4,2026-07-31,2026-04-18,64,13,63.568204976522,19.25,0.8311688311688312,0.16883116883116883,29,77,9942.83,1,5,5,11,5,5,1482363.49,296472.698,0,1,1,1,3,3,3,2,1,1.0,0.6666666666666666,0.5,3,0.6226666666666666,2,0,0.6666666666666666,0.0,0,18289.166666666668,8.640552239486034,0.7048281769717956,0.045303822845947056,0.625,0.0,0.41295000000000004,0.6379,0.9565833333333335
C000575,21,3.6,101830,319888,4161.94,14,253.91,11.8,0.522,0.478,0.606,11.0,0.158,3,0.488,-0.119,4761.13,340.0807142857143,318.445,14,4,2026-08-16,2026-05-06,10,4,135.0503669270945,3.5,0.7142857142857143,0.2857142857142857,13,14,4761.13,3,1,4,8,3,3,204171.36,68057.12,0,1,0,1,3,3,0,0,0,0.0,0.0,0.0,3,0.35733333333333334,0,0,0.0,0.0,0,8485.833333333334,3.141392516939998,0.49045742904841394,0.046755671216733775,0.375,0.0,0.42219999999999996,0.4464,0.5975833333333334
C000576,31,6.7,110688,667163,5762.81,54,100.0,11.2,0.924,0.076,0.547,4.0,0.491,4,0.664,0.19,4738.82,87.75592592592592,73.56,54,5,2026-08-18,2026-04-07,51,3,57.16115842200324,10.8,0.9444444444444444,0.05555555555555555,11,54,4738.82,3,5,4,12,4,3,303713.66,75928.415,2,1,0,0,6,6,4,2,1,0.6666666666666666,0.5,0.5,2,0.434,1,1,0.5,1.0,0,9224.0,6.02741941312518,0.6247625758889853,0.042812409655969934,0.5,0.0,0.4089,0.5867,0.76925
C000577,44,4.7,91820,339400,3398.98,46,100.0,5.3,0.716,0.284,0.787,18.0,0.483,2,0.772,-0.277,3809.56,82.81652173913044,74.83,46,4,2026-08-24,2026-05-15,36,10,32.266146222895834,11.5,0.782608695652174,0.21739130434782608,5,46,3809.56,5,4,4,13,2,2,144520.68,72260.34,1,0,0,0,4,4,1,1,0,0.25,1.0,0.0,5,0.49939999999999996,0,0,0.0,0.0,0,7651.666666666667,3.696362448268351,0.4442143323894576,0.04148943585275539,0.25,0.0,0.6549,0.48160000000000003,0.5629166666666666
C000578,56,8.9,78825,426114,3558.04,27,107.95,6.0,0.733,0.267,0.607,10.0,0.453,1,0.631,-0.128,4293.35,159.01296296296297,142.75,27,4,2026-08-23,2026-05-30,13,14,81.98570160586702,6.75,0.48148148148148145,0.5185185185185185,6,27,4293.35,4,2,4,10,1,1,121813.69,121813.69,0,0,0,0,4,4,1,0,0,0.25,0.0,0.0,4,0.50525,0,0,0.0,0.0,0,6568.75,5.405823025689819,0.5416616555661274,0.05446685696162386,0.125,0.0,0.4864,0.3893,0.5655
C000579,23,6.4,210498,492357,6795.86,54,120.36,16.1,0.767,0.233,0.72,14.0,0.494,4,0.701,-0.135,5328.46,98.67518518518519,79.035,54,5,2026-08-12,2026-04-07,43,11,63.55199641300238,10.8,0.7962962962962963,0.2037037037037037,17,54,5328.46,2,5,4,11,4,4,286641.17,71660.2925,0,1,1,1,3,3,2,1,0,0.6666666666666666,0.5,0.0,2,0.4685,1,0,0.5,0.0,0,17541.5,2.3390103468916568,0.38741612746914456,0.025313589677811665,0.5,0.0,0.5875,0.5978,0.8194166666666667
C000580,47,13.6,106591,765233,4323.57,46,100.0,1.3,0.618,0.382,0.388,11.0,0.626,1,0.583,-0.163,4847.9800000000005,105.3908695652174,92.82,46,4,2026-08-28,2026-04-05,32,14,53.32966982526235,11.5,0.6956521739130435,0.30434782608695654,1,46,4847.9800000000005,5,4,4,13,1,1,42923.45,42923.45,0,0,0,0,4,4,3,0,0,0.75,0.0,0.0,4,0.52775,1,0,0.25,0.0,0,8882.583333333334,7.179152086011014,0.48674691109005447,0.0454820763479093,0.125,0.0,0.4411,0.3749,0.7454166666666666
C000581,38,7.0,121634,566823,6565.11,40,196.9,4.8,0.722,0.278,0.674,11.0,0.394,4,0.708,0.07,6086.45,152.16125,140.89999999999998,40,5,2026-08-24,2026-03-14,26,14,77.58278411287601,8.0,0.65,0.35,5,40,6086.45,5,3,5,13,4,4,522437.73,130609.4325,1,0,1,1,7,7,4,3,0,0.5714285714285714,0.75,0.0,5,0.471,0,0,0.0,0.0,0,10136.166666666666,4.660070375059605,0.6476915993883289,0.050039051580972424,0.5,0.0,0.5118,0.5999,0.7724166666666666
C000582,38,7.6,147425,815707,4600.54,19,208.31,121.0,0.679,0.321,0.274,0.0,0.268,1,0.284,-0.091,3773.32,198.59578947368422,182.91,19,4,2026-04-20,2026-01-07,11,8,105.44507982387954,4.75,0.5789473684210527,0.42105263157894735,131,19,3773.32,1,1,4,6,1,1,14454.15,14454.15,0,0,0,0,6,6,0,0,0,0.0,0.0,0.0,5,0.4822,4,0,0.8,0.0,0,12285.416666666666,5.533030354417501,0.37447162964219094,0.02559484483635747,0.125,0.0,0.19030000000000002,0.2852,0.8089999999999999
C000583,42,15.8,214880,358708,15103.06,62,285.35,4.6,0.722,0.278,0.633,15.0,0.783,4,0.816,0.09,16562.86,267.14290322580644,234.985,62,5,2026-08-25,2026-04-23,47,15,132.5839276339441,12.4,0.7580645161290323,0.24193548387096775,4,62,16562.86,5,5,5,15,4,3,175164.15,43791.0375,0,1,0,1,4,4,2,2,0,0.5,1.0,0.0,5,0.5928,2,1,0.4,0.5,0,17906.666666666668,1.6693410275502607,0.8434322412509306,0.07707957930007446,0.5,0.0,0.6306,0.6323,0.8018333333333334
C000584,49,5.4,64211,186768,2652.77,43,100.0,29.5,0.713,0.287,0.65,8.0,0.396,1,0.452,-0.184,2707.86,62.97348837209302,54.08,43,4,2026-07-30,2026-04-16,27,16,27.830045418894276,10.75,0.627906976744186,0.37209302325581395,30,43,2707.86,1,4,2,7,1,1,25556.02,25556.02,0,0,0,0,7,7,6,1,0,0.8571428571428571,0.16666666666666666,0.0,3,0.37600000000000006,0,0,0.0,0.0,0,5350.916666666667,2.9086605098814844,0.49575991652520596,0.04217127906433477,0.125,0.0,0.4715000000000001,0.3356,0.31025
C000585,59,15.6,109542,421970,5911.92,54,147.37,2.3,0.881,0.119,0.536,2.0,0.318,2,0.658,0.039,5975.4,110.65555555555555,105.18,54,4,2026-08-27,2026-05-29,44,10,41.39447901691433,13.5,0.8148148148148148,0.18518518518518517,2,54,5975.4,5,5,5,15,2,2,92777.81,46388.905,0,0,0,1,3,3,2,0,0,0.6666666666666666,0.0,0.0,4,0.5197499999999999,2,0,0.5,0.0,0,9128.5,3.852129776706651,0.6476332365667963,0.0545489401325519,0.25,0.0,0.34070000000000006,0.4474,0.7035833333333333
C000586,33,13.5,61051,485676,2361.77,30,100.0,9.6,0.622,0.378,0.811,14.0,0.405,1,0.56,0.118,1869.8899999999999,62.32966666666666,52.65,30,5,2026-08-20,2026-03-25,15,15,28.18892965434252,6.0,0.5,0.5,9,30,1869.8899999999999,3,2,1,6,1,1,16668.51,16668.51,0,0,0,0,5,5,5,5,3,1.0,1.0,0.6,2,0.5640000000000001,0,0,0.0,0.0,0,5087.583333333333,7.955250528246876,0.46422237145992695,0.03062832713632864,0.125,0.0,0.6062000000000001,0.40549999999999997,0.4255
C000587,34,6.1,129993,522412,7946.3,58,171.65,3.7,0.783,0.217,0.762,7.0,0.468,2,0.669,-0.054,6416.44,110.62827586206896,98.39,58,4,2026-08-25,2026-05-09,44,14,50.708111643492316,14.5,0.7586206896551724,0.2413793103448276,4,58,6416.44,5,5,5,15,2,2,228480.38,114240.19,1,0,0,0,4,4,3,2,1,0.75,0.6666666666666666,0.5,3,0.5630000000000001,1,0,0.3333333333333333,0.0,0,10832.75,4.018770241474541,0.7335441139138261,0.04935988860938666,0.25,0.0,0.5299,0.4507,0.7855833333333333
C000588,23,3.5,70877,310333,2294.41,41,100.0,4.1,0.481,0.519,0.352,13.0,0.198,2,0.477,0.227,2289.32,55.83707317073171,40.0,41,3,2026-08-25,2026-06-04,20,21,27.940359271482393,13.666666666666666,0.4878048780487805,0.5121951219512195,4,41,2289.32,5,3,2,10,2,2,94064.04999999999,47032.024999999994,0,1,0,1,5,5,1,0,0,0.2,0.0,0.0,3,0.4633333333333334,1,0,0.3333333333333333,0.0,0,5906.416666666667,4.378472565148074,0.38846057254116284,0.03229989982645993,0.25,0.0,0.3379,0.35559999999999997,0.401
C000589,36,10.9,60912,181731,1733.62,9,239.72,180.0,0.623,0.377,0.285,12.0,0.471,2,0.344,-0.255,2152.83,239.20333333333332,237.75,9,3,2026-02-28,2025-12-07,3,6,51.59969961152874,3.0,0.3333333333333333,0.6666666666666666,182,9,2152.83,1,1,2,4,2,2,57648.43,28824.215,0,0,1,0,6,6,1,1,1,0.16666666666666666,1.0,1.0,2,0.27649999999999997,0,0,0.0,0.0,0,5076.0,2.9835007880220648,0.3415327029156816,0.03534328211189913,0.25,0.0,0.366,0.3157,0.22958333333333336
C000590,40,3.5,48175,136222,1599.29,39,100.0,6.1,0.795,0.205,0.748,18.0,0.481,1,0.404,-0.029,1861.54,47.73179487179487,40.0,39,5,2026-08-23,2026-04-10,37,2,18.53027307888008,7.8,0.9487179487179487,0.05128205128205128,6,39,1861.54,4,3,1,8,1,1,21043.29,21043.29,0,0,0,0,3,3,2,2,1,0.6666666666666666,1.0,0.5,4,0.33375,0,0,0.0,0.0,0,4014.5833333333335,2.8276491956408925,0.3983701089776855,0.03864120394395433,0.125,0.0,0.6368499999999999,0.3587,0.12524999999999997
C000591,45,4.0,43706,138699,1461.19,25,100.0,16.4,0.736,0.264,0.845,13.0,0.768,2,0.651,0.08,1803.75,72.15,67.68,25,4,2026-08-12,2026-05-02,20,5,27.569921714312745,6.25,0.8,0.2,17,25,1803.75,2,2,1,5,2,2,52881.03,26440.515,0,0,1,0,7,7,5,4,2,0.7142857142857143,0.8,0.5,5,0.40359999999999996,3,2,0.6,0.6666666666666666,0,3642.1666666666665,3.1734544456138747,0.4011870223767904,0.04127007733491969,0.25,0.0,0.7022499999999999,0.44530000000000003,0.10441666666666667
C000592,25,5.9,87022,103686,4003.8,35,142.88,1.6,0.517,0.483,0.52,9.0,0.313,2,0.447,0.236,3661.36,104.61028571428572,90.2,35,6,2026-08-28,2026-03-03,22,13,52.019202703578294,5.833333333333333,0.6285714285714286,0.37142857142857144,1,35,3661.36,5,3,3,11,2,2,18238.0,9119.0,0,0,0,1,3,3,1,0,0,0.3333333333333333,0.0,0.0,4,0.4255,2,0,0.5,0.0,0,7251.833333333333,1.1914918066695779,0.5521086621773805,0.04207395830939303,0.25,0.0,0.40225,0.45909999999999995,0.42691666666666667
C000593,40,3.2,58399,301401,1378.03,26,100.0,1.7,0.615,0.385,0.948,15.0,0.7,1,0.451,-0.096,1570.57,60.40653846153846,48.98,26,3,2026-08-27,2026-06-14,14,12,23.543349794336013,8.666666666666666,0.5384615384615384,0.46153846153846156,2,26,1570.57,5,2,1,8,1,1,22814.64,22814.64,0,0,0,0,3,3,2,1,0,0.6666666666666666,0.5,0.0,5,0.4046,3,1,0.6,0.3333333333333333,0,4866.583333333333,5.161064401787701,0.28316169797428037,0.026893782427781298,0.125,0.0,0.7515999999999999,0.29779999999999995,0.27925
C000594,27,6.6,203548,477391,9542.69,69,233.41,6.5,0.88,0.12,1.0,21.0,0.884,5,0.828,-0.066,11224.72,162.67710144927534,137.83,69,4,2026-08-22,2026-04-03,58,11,100.70953029120359,17.25,0.8405797101449275,0.15942028985507245,7,69,11224.72,4,5,5,14,5,4,478932.91000000003,95786.58200000001,0,1,1,1,6,6,5,4,1,0.8333333333333334,0.8,0.25,4,0.58725,3,1,0.75,0.3333333333333333,0,16962.333333333332,2.345348517303044,0.5625812093461985,0.055145321987934044,0.625,0.0,0.881,0.6484,0.8251666666666666
C000595,21,9.7,126305,577655,3883.18,40,107.3,44.8,0.854,0.146,0.547,8.0,0.723,5,0.532,0.016,3962.18,99.05449999999999,82.61,40,5,2026-07-14,2026-03-24,37,3,46.61916470393166,8.0,0.925,0.075,46,40,3962.18,1,3,4,8,5,5,567382.04,113476.40800000001,1,1,1,1,7,7,3,1,0,0.42857142857142855,0.3333333333333333,0.0,5,0.4742,4,1,0.8,0.25,0,10525.416666666666,4.573492735837853,0.36893361307945055,0.03136993784885792,0.625,0.0,0.5069,0.5971,0.72875
C000596,39,0.7,124158,206294,5470.95,42,148.03,15.5,0.69,0.31,1.0,22.0,0.654,4,0.692,0.02,6765.92,161.09333333333333,137.615,42,5,2026-08-12,2026-04-22,25,17,122.81829470989719,8.4,0.5952380952380952,0.40476190476190477,17,42,6765.92,2,4,5,11,4,3,155804.91,38951.2275,1,0,0,1,4,4,1,1,0,0.25,1.0,0.0,2,0.6895,2,0,1.0,0.0,0,10346.5,1.6615441614716733,0.5287730150292369,0.05449443451086519,0.5,0.0,0.8335,0.5951,0.6
C000597,49,8.1,69527,258986,1344.69,26,100.0,5.7,0.798,0.202,0.438,11.0,0.311,2,0.445,0.037,1301.81,50.06961538461538,40.0,26,4,2026-08-23,2026-05-24,23,3,18.956110883990785,6.5,0.8846153846153846,0.11538461538461539,6,26,1301.81,4,2,1,7,2,2,86256.92,43128.46,0,0,0,1,7,7,2,0,0,0.2857142857142857,0.0,0.0,3,0.6066666666666666,0,0,0.0,0.0,0,5793.916666666667,3.7249701554791663,0.23208652753606512,0.018723805140449034,0.25,0.0,0.38484999999999997,0.3835,0.3145833333333333
C000598,45,6.4,53886,141798,1250.39,24,100.0,6.5,0.65,0.35,0.91,17.0,0.895,1,0.538,-0.08,1261.71,52.57125,40.0,24,4,2026-08-23,2026-05-04,17,7,20.12329567452478,6.0,0.7083333333333334,0.2916666666666667,6,24,1261.71,4,2,1,7,1,1,30521.13,30521.13,0,0,0,0,7,7,6,2,0,0.8571428571428571,0.3333333333333333,0.0,5,0.5084,2,0,0.4,0.0,0,4490.5,2.6314441598931078,0.2784522881639016,0.023414430464313553,0.125,0.0,0.80325,0.36140000000000005,0.14225
C000599,48,8.5,62195,246082,2942.06,38,100.0,12.1,0.666,0.334,0.235,2.0,0.343,1,0.574,-0.091,2569.1,67.6078947368421,62.24,38,6,2026-08-15,2026-01-12,21,17,26.58771136160613,6.333333333333333,0.5526315789473685,0.4473684210526316,14,38,2569.1,2,3,2,7,1,1,54945.29,54945.29,0,0,0,0,4,4,2,0,0,0.5,0.0,0.0,4,0.541,1,1,0.25,1.0,0,5182.916666666667,3.956620307098641,0.5676456306777071,0.04130717903368438,0.125,0.0,0.2115,0.44719999999999993,0.34308333333333335
C000600,23,10.2,189099,475041,12257.96,61,156.45,11.7,0.588,0.412,0.504,11.0,0.529,5,0.802,-0.038,12323.66,202.0272131147541,180.12,61,6,2026-08-18,2026-03-11,39,22,107.82325778994604,10.166666666666666,0.639344262295082,0.36065573770491804,11,61,12323.66,3,5,5,13,5,4,538327.27,107665.454,2,1,0,1,5,5,3,1,1,0.6,0.3333333333333333,1.0,3,0.6373333333333333,1,0,0.3333333333333333,0.0,0,15758.25,2.512128567575714,0.7778757158948487,0.0651704133813505,0.625,0.0,0.46904999999999997,0.7156,0.8255833333333333
