customer_id,product_id,product_name,product_type,category,already_owned,eligible,primary_segment,customer_persona,retention_risk,cross_sell_opportunity,genai_targeting_priority,product_fit_score,income_score,balance_score,spending_score,transaction_score,digital_score,segment_fit_score,historical_response_score,cross_sell_score,recommendation_score,recommendation_confidence,product_rank
C000001,P008,Premium Banking,Banking,Premium,False,1,Premium High-Value,Premium Digital Customer,Low Risk,Moderate Cross-Sell Opportunity,Priority 2,0.44547716004574245,0.32483535160399407,0.07939661035183641,0.3328501995613482,0.631578947368421,0.724,1.0,0.45,0.65,0.6409732024374977,Medium,1
C000001,P004,Personal Loan,Loan,Lending,False,1,Premium High-Value,Premium Digital Customer,Low Risk,Moderate Cross-Sell Opportunity,Priority 2,0.43310799538544487,0.32483535160399407,0.07939661035183641,0.3328501995613482,0.631578947368421,0.724,1.0,0.45,0.65,0.6378809112724233,Medium,2
C000001,P006,Mutual Fund Plan,Investment,Wealth,False,1,Premium High-Value,Premium Digital Customer,Low Risk,Moderate Cross-Sell Opportunity,Priority 2,0.42623118303424834,0.32483535160399407,0.07939661035183641,0.3328501995613482,0.631578947368421,0.724,1.0,0.45,0.65,0.6361617081846241,Medium,3
C000001,P005,Home Loan,Loan,Lending,False,1,Premium High-Value,Premium Digital Customer,Low Risk,Moderate Cross-Sell Opportunity,Priority 2,0.36481633982544304,0.32483535160399407,0.07939661035183641,0.3328501995613482,0.631578947368421,0.724,1.0,0.45,0.65,0.6208079973824229,Medium,4
C000002,P008,Premium Banking,Banking,Premium,False,1,Core Active,Core Relationship Customer,Low Risk,Low Cross-Sell Opportunity,Priority 3,0.21408117820738506,0.025045145527937115,0.06572163192965996,0.032461075958534605,0.5131578947368421,0.578,0.7,0.125,0.3,0.34580300786796003,Low,1
C000002,P006,Mutual Fund Plan,Investment,Wealth,False,1,Core Active,Core Relationship Customer,Low Risk,Low Cross-Sell Opportunity,Priority 3,0.1892041667131322,0.025045145527937115,0.06572163192965996,0.032461075958534605,0.5131578947368421,0.578,0.7,0.125,0.3,0.3395837549943968,Low,2
C000002,P004,Personal Loan,Loan,Lending,False,1,Core Active,Core Relationship Customer,Low Risk,Low Cross-Sell Opportunity,Priority 3,0.13856454810414687,0.025045145527937115,0.06572163192965996,0.032461075958534605,0.5131578947368421,0.578,0.7,0.125,0.3,0.3269238503421505,Low,3
C000002,P005,Home Loan,Loan,Lending,False,1,Core Active,Core Relationship Customer,Low Risk,Low Cross-Sell Opportunity,Priority 3,0.09511315310045504,0.025045145527937115,0.06572163192965996,0.032461075958534605,0.5131578947368421,0.578,0.7,0.125,0.3,0.3160610015912275,Low,4
C000003,P007,Term Insurance,Insurance,Protection,False,1,Core Active,Core Relationship Customer,Low Risk,Moderate Cross-Sell Opportunity,Priority 3,0.2961765270600232,0.1191948162311451,0.03799233851911336,0.0997110542315323,0.47368421052631576,0.488,0.7,0.5,0.65,0.42523572659018216,Low,1
C000003,P008,Premium Banking,Banking,Premium,False,1,Core Active,Core Relationship Customer,Low Risk,Moderate Cross-Sell Opportunity,Priority 3,0.20404869792592065,0.1191948162311451,0.03799233851911336,0.0997110542315323,0.47368421052631576,0.488,0.7,0.5,0.65,0.4022037693066566,Low,2
C000003,P006,Mutual Fund Plan,Investment,Wealth,False,1,Core Active,Core Relationship Customer,Low Risk,Moderate Cross-Sell Opportunity,Priority 3,0.18740731861557586,0.1191948162311451,0.03799233851911336,0.0997110542315323,0.47368421052631576,0.488,0.7,0.5,0.65,0.3980434244790704,Low,3
C000003,P004,Personal Loan,Loan,Lending,False,1,Core Active,Core Relationship Customer,Low Risk,Moderate Cross-Sell Opportunity,Priority 3,0.17941221066774565,0.1191948162311451,0.03799233851911336,0.0997110542315323,0.47368421052631576,0.488,0.7,0.5,0.65,0.39604464749211277,Low,4
C000003,P005,Home Loan,Loan,Lending,False,1,Core Active,Core Relationship Customer,Low Risk,Moderate Cross-Sell Opportunity,Priority 3,0.13373127578138513,0.1191948162311451,0.03799233851911336,0.0997110542315323,0.47368421052631576,0.488,0.7,0.5,0.65,0.3846244137705227,Low,5
C000004,P008,Premium Banking,Banking,Premium,False,1,Premium High-Value,Premium Digital Customer,Low Risk,Moderate Cross-Sell Opportunity,Priority 2,0.5629077269371213,0.5302660930529,0.27310311632324363,0.35926976713325987,0.6052631578947368,0.847,1.0,0.0,0.65,0.6547696240290709,Medium,1
C000004,P004,Personal Loan,Loan,Lending,False,1,Premium High-Value,Premium Digital Customer,Low Risk,Moderate Cross-Sell Opportunity,Priority 2,0.5272622251975421,0.5302660930529,0.27310311632324363,0.35926976713325987,0.6052631578947368,0.847,1.0,0.0,0.65,0.6458582485941761,Medium,2
C000004,P005,Home Loan,Loan,Lending,False,1,Premium High-Value,Premium Digital Customer,Low Risk,Moderate Cross-Sell Opportunity,Priority 2,0.49828770479587403,0.5302660930529,0.27310311632324363,0.35926976713325987,0.6052631578947368,0.847,1.0,0.0,0.65,0.638614618493759,Medium,3
C000005,P008,Premium Banking,Banking,Premium,False,1,Premium High-Value,Premium Relationship Customer,Moderate Risk,Moderate Cross-Sell Opportunity,Priority 2,0.5537719257266807,0.4333173996175908,0.4782015953792195,0.15769364833281468,0.7236842105263158,0.706,1.0,0.45,0.65,0.6817590929341357,Medium,1
C000005,P003,Rewards Credit Card,Credit Card,Cards,False,1,Premium High-Value,Premium Relationship Customer,Moderate Risk,Moderate Cross-Sell Opportunity,Priority 2,0.5441283068315892,0.4333173996175908,0.4782015953792195,0.15769364833281468,0.7236842105263158,0.706,1.0,0.45,0.65,0.6793481882103629,Medium,2
C000005,P006,Mutual Fund Plan,Investment,Wealth,False,1,Premium High-Value,Premium Relationship Customer,Moderate Risk,Moderate Cross-Sell Opportunity,Priority 2,0.5388742245772554,0.4333173996175908,0.4782015953792195,0.15769364833281468,0.7236842105263158,0.706,1.0,0.45,0.65,0.6780346676467794,Medium,3
C000005,P005,Home Loan,Loan,Lending,False,1,Premium High-Value,Premium Relationship Customer,Moderate Risk,Moderate Cross-Sell Opportunity,Priority 2,0.5244662509175598,0.4333173996175908,0.4782015953792195,0.15769364833281468,0.7236842105263158,0.706,1.0,0.45,0.65,0.6744326742318556,Medium,4
C000005,P007,Term Insurance,Insurance,Protection,False,1,Premium High-Value,Premium Relationship Customer,Moderate Risk,Moderate Cross-Sell Opportunity,Priority 2,0.4249974617740774,0.4333173996175908,0.4782015953792195,0.15769364833281468,0.7236842105263158,0.706,1.0,0.45,0.65,0.649565476945985,Medium,5
C000006,P007,Term Insurance,Insurance,Protection,False,1,Core Active,Core Relationship Customer,Moderate Risk,Low Cross-Sell Opportunity,Priority 3,0.2784843676673637,0.10228383258975993,0.04609183787169133,0.11114132644050026,0.5,0.699,0.7,0.1,0.3,0.38497785843479293,Low,1
C000006,P008,Premium Banking,Banking,Premium,False,1,Core Active,Core Relationship Customer,Moderate Risk,Low Cross-Sell Opportunity,Priority 3,0.2585824315650369,0.10228383258975993,0.04609183787169133,0.11114132644050026,0.5,0.699,0.7,0.1,0.3,0.38000237440921125,Low,2
C000006,P005,Home Loan,Loan,Lending,False,1,Core Active,Core Relationship Customer,Moderate Risk,Low Cross-Sell Opportunity,Priority 3,0.16160309437749065,0.10228383258975993,0.04609183787169133,0.11114132644050026,0.5,0.699,0.7,0.1,0.3,0.3557575401123247,Low,3
C000007,P007,Term Insurance,Insurance,Protection,False,1,Core Active,Core Relationship Customer,Critical Risk,Low Cross-Sell Opportunity,Priority 3,0.29673730432899437,0.12133790099851285,0.20345538586318104,0.20151350765397905,0.2236842105263158,0.491,0.7,0.75,0.3,0.37610453786089854,Low,1
C000007,P008,Premium Banking,Banking,Premium,False,1,Core Active,Core Relationship Customer,Critical Risk,Low Cross-Sell Opportunity,Priority 3,0.2948728139283765,0.12133790099851285,0.20345538586318104,0.20151350765397905,0.2236842105263158,0.491,0.7,0.75,0.3,0.3756384152607441,Low,2
C000007,P005,Home Loan,Loan,Lending,False,1,Core Active,Core Relationship Customer,Critical Risk,Low Cross-Sell Opportunity,Priority 3,0.2779212046506013,0.12133790099851285,0.20345538586318104,0.20151350765397905,0.2236842105263158,0.491,0.7,0.75,0.3,0.3714005129413003,Low,3
C000008,P007,Term Insurance,Insurance,Protection,False,1,Dormant / Declining,Dormant Reactivation Target,Critical Risk,Low Cross-Sell Opportunity,Priority 4,0.30003941546627605,0.0404105587422987,0.0356157215795351,0.0,0.06578947368421052,0.12,0.25,0.6666666666666666,0.3,0.24412705333432702,Low,1
C000008,P006,Mutual Fund Plan,Investment,Wealth,False,1,Dormant / Declining,Dormant Reactivation Target,Critical Risk,Low Cross-Sell Opportunity,Priority 4,0.12924709586504693,0.0404105587422987,0.0356157215795351,0.0,0.06578947368421052,0.12,0.25,0.6666666666666666,0.3,0.2014289734340197,Low,2
C000008,P005,Home Loan,Loan,Lending,False,1,Dormant / Declining,Dormant Reactivation Target,Critical Risk,Low Cross-Sell Opportunity,Priority 4,0.1098556352641551,0.0404105587422987,0.0356157215795351,0.0,0.06578947368421052,0.12,0.25,0.6666666666666666,0.3,0.19658110828379674,Low,3
C000008,P008,Premium Banking,Banking,Premium,False,1,Dormant / Declining,Dormant Reactivation Target,Critical Risk,Low Cross-Sell Opportunity,Priority 4,0.1090976705776906,0.0404105587422987,0.0356157215795351,0.0,0.06578947368421052,0.12,0.25,0.6666666666666666,0.3,0.19639161711218064,Low,4
C000008,P003,Rewards Credit Card,Credit Card,Cards,False,1,Dormant / Declining,Dormant Reactivation Target,Critical Risk,Low Cross-Sell Opportunity,Priority 4,0.0607191020598485,0.0404105587422987,0.0356157215795351,0.0,0.06578947368421052,0.12,0.25,0.6666666666666666,0.3,0.1842969749827201,Low,5
C000009,P003,Rewards Credit Card,Credit Card,Cards,False,1,Core Active,Core Relationship Customer,High Risk,Low Cross-Sell Opportunity,Priority 4,0.2658366755979248,0.06800775440832803,0.01803560244829269,0.08474231775250282,0.47368421052631576,0.213,0.7,0.0,0.3,0.29241335136009416,Low,1
C000009,P007,Term Insurance,Insurance,Protection,False,1,Core Active,Core Relationship Customer,High Risk,Low Cross-Sell Opportunity,Priority 4,0.1769532099218578,0.06800775440832803,0.01803560244829269,0.08474231775250282,0.47368421052631576,0.213,0.7,0.0,0.3,0.2701924849410774,Low,2
C000009,P004,Personal Loan,Loan,Lending,False,1,Core Active,Core Relationship Customer,High Risk,Low Cross-Sell Opportunity,Priority 4,0.1615171102765405,0.06800775440832803,0.01803560244829269,0.08474231775250282,0.47368421052631576,0.213,0.7,0.0,0.3,0.2663334600297481,Low,3
C000009,P008,Premium Banking,Banking,Premium,False,1,Core Active,Core Relationship Customer,High Risk,Low Cross-Sell Opportunity,Priority 4,0.14567264361276966,0.06800775440832803,0.01803560244829269,0.08474231775250282,0.47368421052631576,0.213,0.7,0.0,0.3,0.2623723433638054,Low,4
C000010,P007,Term Insurance,Insurance,Protection,False,1,Core Active,Core Relationship Customer,Critical Risk,Low Cross-Sell Opportunity,Priority 4,0.30536724100808893,0.040391969407265776,0.013618741601589721,0.021405536133640216,0.18421052631578946,0.284,0.7,0.0,0.3,0.2604517830808438,Low,1
C000010,P006,Mutual Fund Plan,Investment,Wealth,False,1,Core Active,Core Relationship Customer,Critical Risk,Low Cross-Sell Opportunity,Priority 4,0.1907972510800304,0.040391969407265776,0.013618741601589721,0.021405536133640216,0.18421052631578946,0.284,0.7,0.0,0.3,0.23180928559882918,Low,2
C000010,P008,Premium Banking,Banking,Premium,False,1,Core Active,Core Relationship Customer,Critical Risk,Low Cross-Sell Opportunity,Priority 4,0.16735357291911085,0.040391969407265776,0.013618741601589721,0.021405536133640216,0.18421052631578946,0.284,0.7,0.0,0.3,0.2259483660585993,Low,3
C000010,P003,Rewards Credit Card,Credit Card,Cards,False,1,Core Active,Core Relationship Customer,Critical Risk,Low Cross-Sell Opportunity,Priority 4,0.14791515404466493,0.040391969407265776,0.013618741601589721,0.021405536133640216,0.18421052631578946,0.284,0.7,0.0,0.3,0.22108876133998778,Low,4
C000011,P003,Rewards Credit Card,Credit Card,Cards,False,1,Core Active,Core Digital Customer,High Risk,Moderate Cross-Sell Opportunity,Priority 3,0.33841794039268636,0.005576800509878904,0.11123468463543695,0.0,0.35526315789473684,0.802,0.7,0.25,0.65,0.3817093188843579,Low,1
C000011,P008,Premium Banking,Banking,Premium,False,1,Core Active,Core Digital Customer,High Risk,Moderate Cross-Sell Opportunity,Priority 3,0.27340874165236967,0.005576800509878904,0.11123468463543695,0.0,0.35526315789473684,0.802,0.7,0.25,0.65,0.36545701919927875,Low,2
C000011,P007,Term Insurance,Insurance,Protection,False,1,Core Active,Core Digital Customer,High Risk,Moderate Cross-Sell Opportunity,Priority 3,0.2683746653653002,0.005576800509878904,0.11123468463543695,0.0,0.35526315789473684,0.802,0.7,0.25,0.65,0.3641985001275114,Low,3
C000011,P006,Mutual Fund Plan,Investment,Wealth,False,1,Core Active,Core Digital Customer,High Risk,Moderate Cross-Sell Opportunity,Priority 3,0.24537770716961105,0.005576800509878904,0.11123468463543695,0.0,0.35526315789473684,0.802,0.7,0.25,0.65,0.35844926057858906,Low,4
C000011,P004,Personal Loan,Loan,Lending,False,1,Core Active,Core Digital Customer,High Risk,Moderate Cross-Sell Opportunity,Priority 3,0.12561777097895072,0.005576800509878904,0.11123468463543695,0.0,0.35526315789473684,0.802,0.7,0.25,0.65,0.328509276530924,Low,5
C000011,P005,Home Loan,Loan,Lending,False,1,Core Active,Core Digital Customer,High Risk,Moderate Cross-Sell Opportunity,Priority 3,0.10705549791028651,0.005576800509878904,0.11123468463543695,0.0,0.35526315789473684,0.802,0.7,0.25,0.65,0.3238687082637579,Low,6
C000012,P007,Term Insurance,Insurance,Protection,False,1,Premium High-Value,Premium Relationship Customer,Moderate Risk,Moderate Cross-Sell Opportunity,Priority 2,0.609249513496789,0.5964255364350967,0.14766077530665658,0.6180322905306715,0.631578947368421,0.569,1.0,0.6,0.65,0.7157343277664798,Medium,1
C000012,P004,Personal Loan,Loan,Lending,False,1,Premium High-Value,Premium Relationship Customer,Moderate Risk,Moderate Cross-Sell Opportunity,Priority 2,0.5715162661856564,0.5964255364350967,0.14766077530665658,0.6180322905306715,0.631578947368421,0.569,1.0,0.6,0.65,0.7063010159386967,Medium,2
C000012,P005,Home Loan,Loan,Lending,False,1,Premium High-Value,Premium Relationship Customer,Moderate Risk,Moderate Cross-Sell Opportunity,Priority 2,0.49852553551350043,0.5964255364350967,0.14766077530665658,0.6180322905306715,0.631578947368421,0.569,1.0,0.6,0.65,0.6880533332706575,Medium,3
C000013,P003,Rewards Credit Card,Credit Card,Cards,False,1,Premium High-Value,Premium Digital Customer,Low Risk,Moderate Cross-Sell Opportunity,Priority 2,0.5064139385254376,0.17178670065859358,0.17102455453277507,0.06547490554594584,0.5394736842105263,0.776,1.0,0.75,0.65,0.6269818773946572,Medium,1
C000013,P008,Premium Banking,Banking,Premium,False,1,Premium High-Value,Premium Digital Customer,Low Risk,Moderate Cross-Sell Opportunity,Priority 2,0.43436182890232855,0.17178670065859358,0.17102455453277507,0.06547490554594584,0.5394736842105263,0.776,1.0,0.75,0.65,0.6089688499888799,Medium,2
C000013,P007,Term Insurance,Insurance,Protection,False,1,Premium High-Value,Premium Digital Customer,Low Risk,Moderate Cross-Sell Opportunity,Priority 2,0.39152590595751346,0.17178670065859358,0.17102455453277507,0.06547490554594584,0.5394736842105263,0.776,1.0,0.75,0.65,0.5982598692526762,Medium,3
C000013,P005,Home Loan,Loan,Lending,False,1,Premium High-Value,Premium Digital Customer,Low Risk,Moderate Cross-Sell Opportunity,Priority 2,0.3053758464280565,0.17178670065859358,0.17102455453277507,0.06547490554594584,0.5394736842105263,0.776,1.0,0.75,0.65,0.5767223543703118,Medium,4
C000014,P004,Personal Loan,Loan,Lending,False,1,Premium High-Value,Premium Digital Customer,Moderate Risk,Moderate Cross-Sell Opportunity,Priority 2,0.4084377250698059,0.26971531761206713,0.15491811953852275,0.18993885601024957,0.7763157894736842,0.879,1.0,0.5416666666666666,0.65,0.6470665298775843,Medium,1
C000014,P005,Home Loan,Loan,Lending,False,1,Premium High-Value,Premium Digital Customer,Moderate Risk,Moderate Cross-Sell Opportunity,Priority 2,0.34853574433279433,0.26971531761206713,0.15491811953852275,0.18993885601024957,0.7763157894736842,0.879,1.0,0.5416666666666666,0.65,0.6320910346933314,Medium,2
C000015,P003,Rewards Credit Card,Credit Card,Cards,False,1,Core Active,Core Digital Customer,High Risk,Moderate Cross-Sell Opportunity,Priority 3,0.3707880981854903,0.037160080730826425,0.04894873821690157,0.0216167319411231,0.3684210526315789,0.876,0.7,0.0,0.65,0.3804921985872747,Low,1
C000015,P008,Premium Banking,Banking,Premium,False,1,Core Active,Core Digital Customer,High Risk,Moderate Cross-Sell Opportunity,Priority 3,0.29363262156298203,0.037160080730826425,0.04894873821690157,0.0216167319411231,0.3684210526315789,0.876,0.7,0.0,0.65,0.3612033294316477,Low,2
C000015,P006,Mutual Fund Plan,Investment,Wealth,False,1,Core Active,Core Digital Customer,High Risk,Moderate Cross-Sell Opportunity,Priority 3,0.271096989379074,0.037160080730826425,0.04894873821690157,0.0216167319411231,0.3684210526315789,0.876,0.7,0.0,0.65,0.3555694213856706,Low,3
C000015,P007,Term Insurance,Insurance,Protection,False,1,Core Active,Core Digital Customer,High Risk,Moderate Cross-Sell Opportunity,Priority 3,0.2570584914955076,0.037160080730826425,0.04894873821690157,0.0216167319411231,0.3684210526315789,0.876,0.7,0.0,0.65,0.35205979691477907,Low,4
C000015,P004,Personal Loan,Loan,Lending,False,1,Core Active,Core Digital Customer,High Risk,Moderate Cross-Sell Opportunity,Priority 3,0.16029099531459942,0.037160080730826425,0.04894873821690157,0.0216167319411231,0.3684210526315789,0.876,0.7,0.0,0.65,0.327867922869552,Low,5
C000015,P005,Home Loan,Loan,Lending,False,1,Core Active,Core Digital Customer,High Risk,Moderate Cross-Sell Opportunity,Priority 3,0.13048753162640578,0.037160080730826425,0.04894873821690157,0.0216167319411231,0.3684210526315789,0.876,0.7,0.0,0.65,0.32041705694750355,Low,6
C000016,P007,Term Insurance,Insurance,Protection,False,1,Core Active,Core Relationship Customer,Low Risk,Moderate Cross-Sell Opportunity,Priority 3,0.27343853855507433,0.09409655831739962,0.05492590886211954,0.04281434299881226,0.5131578947368421,0.608,0.7,0.6666666666666666,0.65,0.44911929717944155,Low,1
C000016,P008,Premium Banking,Banking,Premium,False,1,Core Active,Core Relationship Customer,Low Risk,Moderate Cross-Sell Opportunity,Priority 3,0.21726172333705687,0.09409655831739962,0.05492590886211954,0.04281434299881226,0.5131578947368421,0.608,0.7,0.6666666666666666,0.65,0.4350750933749371,Low,2
C000016,P006,Mutual Fund Plan,Investment,Wealth,False,1,Core Active,Core Relationship Customer,Low Risk,Moderate Cross-Sell Opportunity,Priority 3,0.190884711842804,0.09409655831739962,0.05492590886211954,0.04281434299881226,0.5131578947368421,0.608,0.7,0.6666666666666666,0.65,0.4284808405013739,Low,3
C000016,P004,Personal Loan,Loan,Lending,False,1,Core Active,Core Relationship Customer,Low Risk,Moderate Cross-Sell Opportunity,Priority 3,0.1597312668889101,0.09409655831739962,0.05492590886211954,0.04281434299881226,0.5131578947368421,0.608,0.7,0.6666666666666666,0.65,0.42069247926290043,Low,4
C000016,P005,Home Loan,Loan,Lending,False,1,Core Active,Core Relationship Customer,Low Risk,Moderate Cross-Sell Opportunity,Priority 3,0.11707775736053255,0.09409655831739962,0.05492590886211954,0.04281434299881226,0.5131578947368421,0.608,0.7,0.6666666666666666,0.65,0.4100291018808061,Low,5
C000017,P007,Term Insurance,Insurance,Protection,False,1,Dormant / Declining,Dormant Reactivation Target,Critical Risk,Low Cross-Sell Opportunity,Priority 4,0.30779159880658946,0.06998087954110899,0.07116263164568148,0.01435851142466524,0.07894736842105263,0.011,0.25,0.25,0.3,0.18138618087302705,Low,1
C000017,P006,Mutual Fund Plan,Investment,Wealth,False,1,Dormant / Declining,Dormant Reactivation Target,Critical Risk,Low Cross-Sell Opportunity,Priority 4,0.16710499470680681,0.06998087954110899,0.07116263164568148,0.01435851142466524,0.07894736842105263,0.011,0.25,0.25,0.3,0.14621452984808136,Low,2
C000017,P005,Home Loan,Loan,Lending,False,1,Dormant / Declining,Dormant Reactivation Target,Critical Risk,Low Cross-Sell Opportunity,Priority 4,0.1534485473866299,0.06998087954110899,0.07116263164568148,0.01435851142466524,0.07894736842105263,0.011,0.25,0.25,0.3,0.14280041801803717,Low,3
C000017,P004,Personal Loan,Loan,Lending,False,1,Dormant / Declining,Dormant Reactivation Target,Critical Risk,Low Cross-Sell Opportunity,Priority 4,0.14860569664729403,0.06998087954110899,0.07116263164568148,0.01435851142466524,0.07894736842105263,0.011,0.25,0.25,0.3,0.1415897053332032,Low,4
C000017,P008,Premium Banking,Banking,Premium,False,1,Dormant / Declining,Dormant Reactivation Target,Critical Risk,Low Cross-Sell Opportunity,Priority 4,0.1348963740171516,0.06998087954110899,0.07116263164568148,0.01435851142466524,0.07894736842105263,0.011,0.25,0.25,0.3,0.1381623746756676,Low,5
C000017,P003,Rewards Credit Card,Credit Card,Cards,False,1,Dormant / Declining,Dormant Reactivation Target,Critical Risk,Low Cross-Sell Opportunity,Priority 4,0.058569475163349136,0.06998087954110899,0.07116263164568148,0.01435851142466524,0.07894736842105263,0.011,0.25,0.25,0.3,0.11908064996221697,Low,6
C000018,P007,Term Insurance,Insurance,Protection,False,1,Premium High-Value,Premium Relationship Customer,High Risk,Moderate Cross-Sell Opportunity,Priority 3,0.5474887671401955,0.25185893350329297,0.2654681820102952,0.2770688077809769,0.47368421052631576,0.229,1.0,0.1,0.65,0.5036966100646548,Low,1
C000018,P006,Mutual Fund Plan,Investment,Wealth,False,1,Premium High-Value,Premium Relationship Customer,High Risk,Moderate Cross-Sell Opportunity,Priority 3,0.42587134380950975,0.25185893350329297,0.2654681820102952,0.2770688077809769,0.47368421052631576,0.229,1.0,0.1,0.65,0.4732922542319834,Low,2
C000018,P004,Personal Loan,Loan,Lending,False,1,Premium High-Value,Premium Relationship Customer,High Risk,Moderate Cross-Sell Opportunity,Priority 3,0.41880437308295626,0.25185893350329297,0.2654681820102952,0.2770688077809769,0.47368421052631576,0.229,1.0,0.1,0.65,0.47152551155034506,Low,3
C000018,P008,Premium Banking,Banking,Premium,False,1,Premium High-Value,Premium Relationship Customer,High Risk,Moderate Cross-Sell Opportunity,Priority 3,0.41289605645318794,0.25185893350329297,0.2654681820102952,0.2770688077809769,0.47368421052631576,0.229,1.0,0.1,0.65,0.47004843239290295,Low,4
C000018,P005,Home Loan,Loan,Lending,False,1,Premium High-Value,Premium Relationship Customer,High Risk,Moderate Cross-Sell Opportunity,Priority 3,0.3961422452289358,0.25185893350329297,0.2654681820102952,0.2770688077809769,0.47368421052631576,0.229,1.0,0.1,0.65,0.4658599795868399,Low,5
C000019,P003,Rewards Credit Card,Credit Card,Cards,False,1,At Risk,At-Risk Declining Customer,Critical Risk,Moderate Cross-Sell Opportunity,Priority 3,0.2794115824787961,0.1783965370724453,0.09692573211782626,0.07678789866713018,0.2236842105263158,0.584,0.45,0.0,0.65,0.29748483461313546,Low,1
C000019,P008,Premium Banking,Banking,Premium,False,1,At Risk,At-Risk Declining Customer,Critical Risk,Moderate Cross-Sell Opportunity,Priority 3,0.2572250033710231,0.1783965370724453,0.09692573211782626,0.07678789866713018,0.2236842105263158,0.584,0.45,0.0,0.65,0.29193818983619224,Low,2
C000019,P007,Term Insurance,Insurance,Protection,False,1,At Risk,At-Risk Declining Customer,Critical Risk,Moderate Cross-Sell Opportunity,Priority 3,0.24160904837845318,0.1783965370724453,0.09692573211782626,0.07678789866713018,0.2236842105263158,0.584,0.45,0.0,0.65,0.28803420108804967,Low,3
C000019,P006,Mutual Fund Plan,Investment,Wealth,False,1,At Risk,At-Risk Declining Customer,Critical Risk,Moderate Cross-Sell Opportunity,Priority 3,0.24066868153194268,0.1783965370724453,0.09692573211782626,0.07678789866713018,0.2236842105263158,0.584,0.45,0.0,0.65,0.28779910937642206,Low,4
C000019,P004,Personal Loan,Loan,Lending,False,1,At Risk,At-Risk Declining Customer,Critical Risk,Moderate Cross-Sell Opportunity,Priority 3,0.16608327726085534,0.1783965370724453,0.09692573211782626,0.07678789866713018,0.2236842105263158,0.584,0.45,0.0,0.65,0.26915275830865026,Low,5
C000019,P005,Home Loan,Loan,Lending,False,1,At Risk,At-Risk Declining Customer,Critical Risk,Moderate Cross-Sell Opportunity,Priority 3,0.15949475301280694,0.1783965370724453,0.09692573211782626,0.07678789866713018,0.2236842105263158,0.584,0.45,0.0,0.65,0.2675056272466382,Low,6
C000020,P008,Premium Banking,Banking,Premium,False,1,Core Active,Core Digital Customer,Moderate Risk,Low Cross-Sell Opportunity,Priority 2,0.307449841417579,0.07981463777352879,0.09605109237404262,0.05644301404452119,0.5131578947368421,0.771,0.7,0.7,0.3,0.4568990721196268,Low,1
C000020,P006,Mutual Fund Plan,Investment,Wealth,False,1,Core Active,Core Digital Customer,Moderate Risk,Low Cross-Sell Opportunity,Priority 2,0.2895894965899927,0.07981463777352879,0.09605109237404262,0.05644301404452119,0.5131578947368421,0.771,0.7,0.7,0.3,0.45243398591273026,Low,2
C000020,P004,Personal Loan,Loan,Lending,False,1,Core Active,Core Digital Customer,Moderate Risk,Low Cross-Sell Opportunity,Priority 2,0.2143412024616791,0.07981463777352879,0.09605109237404262,0.05644301404452119,0.5131578947368421,0.771,0.7,0.7,0.3,0.4336219123806519,Low,3
C000021,P007,Term Insurance,Insurance,Protection,False,1,Core Active,Core Relationship Customer,Moderate Risk,Moderate Cross-Sell Opportunity,Priority 3,0.343096484756616,0.08495060548119822,0.1214254252603922,0.09434098030365472,0.5789473684210527,0.408,0.7,0.25,0.65,0.3929063475485516,Low,1
C000021,P006,Mutual Fund Plan,Investment,Wealth,False,1,Core Active,Core Relationship Customer,Moderate Risk,Moderate Cross-Sell Opportunity,Priority 3,0.3156245406989517,0.08495060548119822,0.1214254252603922,0.09434098030365472,0.5789473684210527,0.408,0.7,0.25,0.65,0.3860383615341355,Low,2
C000021,P004,Personal Loan,Loan,Lending,False,1,Core Active,Core Relationship Customer,Moderate Risk,Moderate Cross-Sell Opportunity,Priority 3,0.31025321690249774,0.08495060548119822,0.1214254252603922,0.09434098030365472,0.5789473684210527,0.408,0.7,0.25,0.65,0.38469553058502204,Low,3
C000021,P008,Premium Banking,Banking,Premium,False,1,Core Active,Core Relationship Customer,Moderate Risk,Moderate Cross-Sell Opportunity,Priority 3,0.2920590234575724,0.08495060548119822,0.1214254252603922,0.09434098030365472,0.5789473684210527,0.408,0.7,0.25,0.65,0.3801469822237906,Low,4
C000021,P005,Home Loan,Loan,Lending,False,1,Core Active,Core Relationship Customer,Moderate Risk,Moderate Cross-Sell Opportunity,Priority 3,0.26538572609314576,0.08495060548119822,0.1214254252603922,0.09434098030365472,0.5789473684210527,0.408,0.7,0.25,0.65,0.373478657882684,Low,5
C000022,P007,Term Insurance,Insurance,Protection,False,1,At Risk,At-Risk Engagement Customer,Critical Risk,Low Cross-Sell Opportunity,Priority 4,0.25003774657798544,0.02399352028893138,0.011667917732168125,0.0,0.14473684210526316,0.467,0.45,0.0,0.3,0.23821866701807212,Low,1
C000022,P003,Rewards Credit Card,Credit Card,Cards,False,1,At Risk,At-Risk Engagement Customer,Critical Risk,Low Cross-Sell Opportunity,Priority 4,0.1569538360391566,0.02399352028893138,0.011667917732168125,0.0,0.14473684210526316,0.467,0.45,0.0,0.3,0.21494768938336492,Low,2
C000022,P008,Premium Banking,Banking,Premium,False,1,At Risk,At-Risk Engagement Customer,Critical Risk,Low Cross-Sell Opportunity,Priority 4,0.12061966614174971,0.02399352028893138,0.011667917732168125,0.0,0.14473684210526316,0.467,0.45,0.0,0.3,0.2058641469090132,Low,3
C000022,P006,Mutual Fund Plan,Investment,Wealth,False,1,At Risk,At-Risk Engagement Customer,Critical Risk,Low Cross-Sell Opportunity,Priority 4,0.10502828683140489,0.02399352028893138,0.011667917732168125,0.0,0.14473684210526316,0.467,0.45,0.0,0.3,0.201966302081427,Low,4
C000022,P004,Personal Loan,Loan,Lending,False,1,At Risk,At-Risk Engagement Customer,Critical Risk,Low Cross-Sell Opportunity,Priority 4,0.06117147423652278,0.02399352028893138,0.011667917732168125,0.0,0.14473684210526316,0.467,0.45,0.0,0.3,0.19100209893270645,Low,5
C000022,P005,Home Loan,Loan,Lending,False,1,At Risk,At-Risk Engagement Customer,Critical Risk,Low Cross-Sell Opportunity,Priority 4,0.04964765370026826,0.02399352028893138,0.011667917732168125,0.0,0.14473684210526316,0.467,0.45,0.0,0.3,0.18812114379864284,Low,6
C000023,P007,Term Insurance,Insurance,Protection,False,1,Premium High-Value,Premium Relationship Customer,Low Risk,Moderate Cross-Sell Opportunity,Priority 2,0.45440056486353053,0.17249840662842575,0.16095082841028288,0.15253243397561156,0.5657894736842105,0.59,1.0,0.4666666666666667,0.65,0.5911349102608662,Medium,1
C000023,P008,Premium Banking,Banking,Premium,False,1,Premium High-Value,Premium Relationship Customer,Low Risk,Moderate Cross-Sell Opportunity,Priority 2,0.41411276219127213,0.17249840662842575,0.16095082841028288,0.15253243397561156,0.5657894736842105,0.59,1.0,0.4666666666666667,0.65,0.5810629595928015,Medium,2
C000023,P004,Personal Loan,Loan,Lending,False,1,Premium High-Value,Premium Relationship Customer,Low Risk,Moderate Cross-Sell Opportunity,Priority 2,0.35559101054065523,0.17249840662842575,0.16095082841028288,0.15253243397561156,0.5657894736842105,0.59,1.0,0.4666666666666667,0.65,0.5664325216801473,Medium,3
C000023,P005,Home Loan,Loan,Lending,False,1,Premium High-Value,Premium Relationship Customer,Low Risk,Moderate Cross-Sell Opportunity,Priority 2,0.3165263643676368,0.17249840662842575,0.16095082841028288,0.15253243397561156,0.5657894736842105,0.59,1.0,0.4666666666666667,0.65,0.5566663601368927,Medium,4
C000024,P004,Personal Loan,Loan,Lending,False,1,Premium High-Value,Premium Digital Customer,Low Risk,Moderate Cross-Sell Opportunity,Priority 2,0.6944439266166045,0.7375053112385809,0.2681029294493367,0.7725977177769866,0.8026315789473685,0.767,1.0,0.3,0.65,0.8007067807439727,High,1
C000024,P008,Premium Banking,Banking,Premium,False,1,Premium High-Value,Premium Digital Customer,Low Risk,Moderate Cross-Sell Opportunity,Priority 2,0.6143047629464811,0.7375053112385809,0.2681029294493367,0.7725977177769866,0.8026315789473685,0.767,1.0,0.3,0.65,0.7806719898264417,High,2
C000024,P005,Home Loan,Loan,Lending,False,1,Premium High-Value,Premium Digital Customer,Low Risk,Moderate Cross-Sell Opportunity,Priority 2,0.6140117019234985,0.7375053112385809,0.2681029294493367,0.7725977177769866,0.8026315789473685,0.767,1.0,0.3,0.65,0.7805987245706961,High,3
C000025,P003,Rewards Credit Card,Credit Card,Cards,False,1,Core Active,Core Relationship Customer,Moderate Risk,Moderate Cross-Sell Opportunity,Priority 3,0.42068273263763073,0.09832164860845549,0.19171306786526776,0.15249131620778303,0.6578947368421053,0.617,0.7,0.125,0.65,0.4352192234074146,Low,1
C000025,P008,Premium Banking,Banking,Premium,False,1,Core Active,Core Relationship Customer,Moderate Risk,Moderate Cross-Sell Opportunity,Priority 3,0.266631888401985,0.09832164860845549,0.19171306786526776,0.15249131620778303,0.6578947368421053,0.617,0.7,0.125,0.65,0.3967065123485032,Low,2
C000025,P007,Term Insurance,Insurance,Protection,False,1,Core Active,Core Relationship Customer,Moderate Risk,Moderate Cross-Sell Opportunity,Priority 3,0.2443620157334324,0.09832164860845549,0.19171306786526776,0.15249131620778303,0.6578947368421053,0.617,0.7,0.125,0.65,0.391139044181365,Low,3
C000025,P006,Mutual Fund Plan,Investment,Wealth,False,1,Core Active,Core Relationship Customer,Moderate Risk,Moderate Cross-Sell Opportunity,Priority 3,0.23836809529853667,0.09832164860845549,0.19171306786526776,0.15249131620778303,0.6578947368421053,0.617,0.7,0.125,0.65,0.389640564072641,Low,4
C000025,P004,Personal Loan,Loan,Lending,False,1,Core Active,Core Relationship Customer,Moderate Risk,Moderate Cross-Sell Opportunity,Priority 3,0.22808928606195963,0.09832164860845549,0.19171306786526776,0.15249131620778303,0.6578947368421053,0.617,0.7,0.125,0.65,0.3870708617634968,Low,5
C000025,P005,Home Loan,Loan,Lending,False,1,Core Active,Core Relationship Customer,Moderate Risk,Moderate Cross-Sell Opportunity,Priority 3,0.18072372336718373,0.09832164860845549,0.19171306786526776,0.15249131620778303,0.6578947368421053,0.617,0.7,0.125,0.65,0.37522947108980287,Low,6
C000026,P008,Premium Banking,Banking,Premium,False,1,Premium High-Value,Premium Digital Customer,Moderate Risk,Moderate Cross-Sell Opportunity,Priority 2,0.7210923356882919,0.6418817718291906,0.6400637397206252,0.6812359066514532,0.6710526315789473,0.935,1.0,0.25,0.65,0.7403073330247533,Medium,1
C000026,P004,Personal Loan,Loan,Lending,False,1,Premium High-Value,Premium Digital Customer,Moderate Risk,Moderate Cross-Sell Opportunity,Priority 2,0.6752386967046553,0.6418817718291906,0.6400637397206252,0.6812359066514532,0.6710526315789473,0.935,1.0,0.25,0.65,0.7288439232788441,Medium,2
C000026,P005,Home Loan,Loan,Lending,False,1,Premium High-Value,Premium Digital Customer,Moderate Risk,Moderate Cross-Sell Opportunity,Priority 2,0.6681134924311686,0.6418817718291906,0.6400637397206252,0.6812359066514532,0.6710526315789473,0.935,1.0,0.25,0.65,0.7270626222104725,Medium,3
C000027,P003,Rewards Credit Card,Credit Card,Cards,False,1,At Risk,At-Risk Declining Customer,Critical Risk,Moderate Cross-Sell Opportunity,Priority 3,0.20005283721851802,0.16577703420437645,0.06079898899469872,0.14854447774360643,0.17105263157894737,0.355,0.45,0.6666666666666666,0.65,0.31099317754901357,Low,1
C000027,P008,Premium Banking,Banking,Premium,False,1,At Risk,At-Risk Declining Customer,Critical Risk,Moderate Cross-Sell Opportunity,Priority 3,0.16296161773927037,0.16577703420437645,0.06079898899469872,0.14854447774360643,0.17105263157894737,0.355,0.45,0.6666666666666666,0.65,0.3017203726792017,Low,2
C000027,P006,Mutual Fund Plan,Investment,Wealth,False,1,At Risk,At-Risk Declining Customer,Critical Risk,Moderate Cross-Sell Opportunity,Priority 3,0.15613115796915544,0.16577703420437645,0.06079898899469872,0.14854447774360643,0.17105263157894737,0.355,0.45,0.6666666666666666,0.65,0.3000127577366729,Low,3
C000027,P004,Personal Loan,Loan,Lending,False,1,At Risk,At-Risk Declining Customer,Critical Risk,Moderate Cross-Sell Opportunity,Priority 3,0.15553100116468366,0.16577703420437645,0.06079898899469872,0.14854447774360643,0.17105263157894737,0.355,0.45,0.6666666666666666,0.65,0.299862718535555,Low,4
C000027,P005,Home Loan,Loan,Lending,False,1,At Risk,At-Risk Declining Customer,Critical Risk,Moderate Cross-Sell Opportunity,Priority 3,0.14097999029185193,0.16577703420437645,0.06079898899469872,0.14854447774360643,0.17105263157894737,0.355,0.45,0.6666666666666666,0.65,0.29622496581734703,Low,5
C000027,P007,Term Insurance,Insurance,Protection,False,1,At Risk,At-Risk Declining Customer,Critical Risk,Moderate Cross-Sell Opportunity,Priority 3,0.1298418486377659,0.16577703420437645,0.06079898899469872,0.14854447774360643,0.17105263157894737,0.355,0.45,0.6666666666666666,0.65,0.2934404304038255,Low,6
C000028,P008,Premium Banking,Banking,Premium,False,1,Premium High-Value,Premium Digital Customer,Low Risk,Moderate Cross-Sell Opportunity,Priority 2,0.6294364667751867,0.4549739749309539,0.46183213972719206,0.46461208656785324,0.5657894736842105,0.85,1.0,0.5,0.65,0.7207223327326191,Medium,1
C000028,P006,Mutual Fund Plan,Investment,Wealth,False,1,Premium High-Value,Premium Digital Customer,Low Risk,Moderate Cross-Sell Opportunity,Priority 2,0.605901984016566,0.4549739749309539,0.46183213972719206,0.46461208656785324,0.5657894736842105,0.85,1.0,0.5,0.65,0.714838712042964,Medium,2
C000028,P004,Personal Loan,Loan,Lending,False,1,Premium High-Value,Premium Digital Customer,Low Risk,Moderate Cross-Sell Opportunity,Priority 2,0.5487438772129156,0.4549739749309539,0.46183213972719206,0.46461208656785324,0.5657894736842105,0.85,1.0,0.5,0.65,0.7005491853420514,Medium,3
C000028,P005,Home Loan,Loan,Lending,False,1,Premium High-Value,Premium Digital Customer,Low Risk,Moderate Cross-Sell Opportunity,Priority 2,0.5377272408933358,0.4549739749309539,0.46183213972719206,0.46461208656785324,0.5657894736842105,0.85,1.0,0.5,0.65,0.6977950262621564,Medium,4
C000029,P007,Term Insurance,Insurance,Protection,False,1,Core Active,Core Relationship Customer,High Risk,Moderate Cross-Sell Opportunity,Priority 3,0.3986632862984415,0.21575844486934354,0.16608235096456625,0.11424384892210707,0.35526315789473684,0.359,0.7,0.25,0.65,0.3945069842326896,Low,1
C000029,P006,Mutual Fund Plan,Investment,Wealth,False,1,Core Active,Core Relationship Customer,High Risk,Moderate Cross-Sell Opportunity,Priority 3,0.33450232228323373,0.21575844486934354,0.16608235096456625,0.11424384892210707,0.35526315789473684,0.359,0.7,0.25,0.65,0.3784667432288876,Low,2
C000029,P008,Premium Banking,Banking,Premium,False,1,Core Active,Core Relationship Customer,High Risk,Moderate Cross-Sell Opportunity,Priority 3,0.3228546211338085,0.21575844486934354,0.16608235096456625,0.11424384892210707,0.35526315789473684,0.359,0.7,0.25,0.65,0.37555481794153134,Low,3
C000029,P004,Personal Loan,Loan,Lending,False,1,Core Active,Core Relationship Customer,High Risk,Moderate Cross-Sell Opportunity,Priority 3,0.27233439091713263,0.21575844486934354,0.16608235096456625,0.11424384892210707,0.35526315789473684,0.359,0.7,0.25,0.65,0.36292476038736243,Low,4
C000029,P005,Home Loan,Loan,Lending,False,1,Core Active,Core Relationship Customer,High Risk,Moderate Cross-Sell Opportunity,Priority 3,0.2610839651236004,0.21575844486934354,0.16608235096456625,0.11424384892210707,0.35526315789473684,0.359,0.7,0.25,0.65,0.36011215393897933,Low,5
C000030,P007,Term Insurance,Insurance,Protection,False,1,At Risk,At-Risk Declining Customer,Critical Risk,Low Cross-Sell Opportunity,Priority 4,0.26649210543212176,0.09787550456766518,0.08375059773452938,0.060193608616788956,0.02631578947368421,0.209,0.45,0.125,0.3,0.20604549569261615,Low,1
C000030,P006,Mutual Fund Plan,Investment,Wealth,False,1,At Risk,At-Risk Declining Customer,Critical Risk,Low Cross-Sell Opportunity,Priority 4,0.21936053897563654,0.09787550456766518,0.08375059773452938,0.060193608616788956,0.02631578947368421,0.209,0.45,0.125,0.3,0.19426260407849483,Low,2
C000030,P005,Home Loan,Loan,Lending,False,1,At Risk,At-Risk Declining Customer,Critical Risk,Low Cross-Sell Opportunity,Priority 4,0.19648082159015792,0.09787550456766518,0.08375059773452938,0.060193608616788956,0.02631578947368421,0.209,0.45,0.125,0.3,0.18854267473212516,Low,3
C000030,P008,Premium Banking,Banking,Premium,False,1,At Risk,At-Risk Declining Customer,Critical Risk,Low Cross-Sell Opportunity,Priority 4,0.18699444702161355,0.09787550456766518,0.08375059773452938,0.060193608616788956,0.02631578947368421,0.209,0.45,0.125,0.3,0.1861710810899891,Low,4
C000031,P007,Term Insurance,Insurance,Protection,False,1,At Risk,At-Risk Engagement Customer,Critical Risk,Moderate Cross-Sell Opportunity,Priority 4,0.2877730511845517,0.11438017845761632,0.13602569149458257,0.06583001354082854,0.2236842105263158,0.413,0.45,0.0,0.65,0.26967193006660856,Low,1
C000031,P003,Rewards Credit Card,Credit Card,Cards,False,1,At Risk,At-Risk Engagement Customer,Critical Risk,Moderate Cross-Sell Opportunity,Priority 4,0.20216943006872112,0.11438017845761632,0.13602569149458257,0.06583001354082854,0.2236842105263158,0.413,0.45,0.0,0.65,0.24827102478765092,Low,2
C000031,P008,Premium Banking,Banking,Premium,False,1,At Risk,At-Risk Engagement Customer,Critical Risk,Moderate Cross-Sell Opportunity,Priority 4,0.19992573699422617,0.11438017845761632,0.13602569149458257,0.06583001354082854,0.2236842105263158,0.413,0.45,0.0,0.65,0.24771010151902717,Low,3
C000031,P006,Mutual Fund Plan,Investment,Wealth,False,1,At Risk,At-Risk Engagement Customer,Critical Risk,Moderate Cross-Sell Opportunity,Priority 4,0.1939309094080193,0.11438017845761632,0.13602569149458257,0.06583001354082854,0.2236842105263158,0.413,0.45,0.0,0.65,0.24621139462247546,Low,4
C000031,P004,Personal Loan,Loan,Lending,False,1,At Risk,At-Risk Engagement Customer,Critical Risk,Moderate Cross-Sell Opportunity,Priority 4,0.15658626931628045,0.11438017845761632,0.13602569149458257,0.06583001354082854,0.2236842105263158,0.413,0.45,0.0,0.65,0.23687523459954077,Low,5
C000031,P005,Home Loan,Loan,Lending,False,1,At Risk,At-Risk Engagement Customer,Critical Risk,Moderate Cross-Sell Opportunity,Priority 4,0.15375770955663423,0.11438017845761632,0.13602569149458257,0.06583001354082854,0.2236842105263158,0.413,0.45,0.0,0.65,0.2361680946596292,Low,6
C000032,P007,Term Insurance,Insurance,Protection,False,1,Core Active,Core Relationship Customer,High Risk,Moderate Cross-Sell Opportunity,Priority 3,0.3388114702017864,0.04041321436158912,0.17180383618947687,0.045037505945722686,0.2631578947368421,0.836,0.7,0.0,0.65,0.3533591946332908,Low,1
C000032,P003,Rewards Credit Card,Credit Card,Cards,False,1,Core Active,Core Relationship Customer,High Risk,Moderate Cross-Sell Opportunity,Priority 3,0.3174267080218033,0.04041321436158912,0.17180383618947687,0.045037505945722686,0.2631578947368421,0.836,0.7,0.0,0.65,0.34801300408829494,Low,2
C000032,P008,Premium Banking,Banking,Premium,False,1,Core Active,Core Relationship Customer,High Risk,Moderate Cross-Sell Opportunity,Priority 3,0.31596758323650015,0.04041321436158912,0.17180383618947687,0.045037505945722686,0.2631578947368421,0.836,0.7,0.0,0.65,0.34764822289196917,Low,3
C000032,P006,Mutual Fund Plan,Investment,Wealth,False,1,Core Active,Core Relationship Customer,High Risk,Moderate Cross-Sell Opportunity,Priority 3,0.30089172116753465,0.04041321436158912,0.17180383618947687,0.045037505945722686,0.2631578947368421,0.836,0.7,0.0,0.65,0.3438792573747278,Low,4
C000032,P004,Personal Loan,Loan,Lending,False,1,Core Active,Core Relationship Customer,High Risk,Moderate Cross-Sell Opportunity,Priority 3,0.17970603366651466,0.04041321436158912,0.17180383618947687,0.045037505945722686,0.2631578947368421,0.836,0.7,0.0,0.65,0.31358283549947286,Low,5
C000032,P005,Home Loan,Loan,Lending,False,1,Core Active,Core Relationship Customer,High Risk,Moderate Cross-Sell Opportunity,Priority 3,0.1766777297447592,0.04041321436158912,0.17180383618947687,0.045037505945722686,0.2631578947368421,0.836,0.7,0.0,0.65,0.3128257595190339,Low,6
C000033,P007,Term Insurance,Insurance,Protection,False,1,At Risk,At-Risk Engagement Customer,Critical Risk,Low Cross-Sell Opportunity,Priority 4,0.2538479651522618,0.028221266199277673,0.024427039361932145,0.018548318516919498,0.2236842105263158,0.46,0.45,0.0,0.3,0.23115887610686836,Low,1
C000033,P006,Mutual Fund Plan,Investment,Wealth,False,1,At Risk,At-Risk Engagement Customer,Critical Risk,Low Cross-Sell Opportunity,Priority 4,0.2280435437034279,0.028221266199277673,0.024427039361932145,0.018548318516919498,0.2236842105263158,0.46,0.45,0.0,0.3,0.22470777074465992,Low,2
C000033,P008,Premium Banking,Banking,Premium,False,1,At Risk,At-Risk Engagement Customer,Critical Risk,Low Cross-Sell Opportunity,Priority 4,0.20477917588733593,0.028221266199277673,0.024427039361932145,0.018548318516919498,0.2236842105263158,0.46,0.45,0.0,0.3,0.21889167879063692,Low,3
C000033,P004,Personal Loan,Loan,Lending,False,1,At Risk,At-Risk Engagement Customer,Critical Risk,Low Cross-Sell Opportunity,Priority 4,0.19937004502099603,0.028221266199277673,0.024427039361932145,0.018548318516919498,0.2236842105263158,0.46,0.45,0.0,0.3,0.21753939607405193,Low,4
C000033,P003,Rewards Credit Card,Credit Card,Cards,False,1,At Risk,At-Risk Engagement Customer,Critical Risk,Low Cross-Sell Opportunity,Priority 4,0.18395333473523892,0.028221266199277673,0.024427039361932145,0.018548318516919498,0.2236842105263158,0.46,0.45,0.0,0.3,0.21368521850261263,Low,5
C000033,P005,Home Loan,Loan,Lending,False,1,At Risk,At-Risk Engagement Customer,Critical Risk,Low Cross-Sell Opportunity,Priority 4,0.1802219113309262,0.028221266199277673,0.024427039361932145,0.018548318516919498,0.2236842105263158,0.46,0.45,0.0,0.3,0.21275236265153447,Low,6
C000034,P007,Term Insurance,Insurance,Protection,False,1,Core Active,Core Relationship Customer,High Risk,Low Cross-Sell Opportunity,Priority 3,0.24307986412864804,0.1238527724665392,0.1626637810075333,0.13511952654759338,0.631578947368421,0.436,0.7,0.0,0.3,0.343877362630733,Low,1
C000034,P004,Personal Loan,Loan,Lending,False,1,Core Active,Core Relationship Customer,High Risk,Low Cross-Sell Opportunity,Priority 3,0.2286881971225705,0.1238527724665392,0.1626637810075333,0.13511952654759338,0.631578947368421,0.436,0.7,0.0,0.3,0.3402794458792136,Low,2
C000034,P005,Home Loan,Loan,Lending,False,1,Core Active,Core Relationship Customer,High Risk,Low Cross-Sell Opportunity,Priority 3,0.182610555505426,0.1238527724665392,0.1626637810075333,0.13511952654759338,0.631578947368421,0.436,0.7,0.0,0.3,0.3287600354749275,Low,3
C000035,P008,Premium Banking,Banking,Premium,False,1,Core Active,Core Relationship Customer,Moderate Risk,Moderate Cross-Sell Opportunity,Priority 3,0.2649746817783918,0.13760622477161674,0.04703668631695282,0.09496055030525272,0.35526315789473684,0.645,0.7,0.0,0.65,0.3490543890831318,Low,1
C000035,P006,Mutual Fund Plan,Investment,Wealth,False,1,Core Active,Core Relationship Customer,Moderate Risk,Moderate Cross-Sell Opportunity,Priority 3,0.25082813005425386,0.13760622477161674,0.04703668631695282,0.09496055030525272,0.35526315789473684,0.645,0.7,0.0,0.65,0.3455177511520974,Low,2
C000035,P004,Personal Loan,Loan,Lending,False,1,Core Active,Core Relationship Customer,Moderate Risk,Moderate Cross-Sell Opportunity,Priority 3,0.19269245684661207,0.13760622477161674,0.04703668631695282,0.09496055030525272,0.35526315789473684,0.645,0.7,0.0,0.65,0.33098383285018684,Low,3
C000035,P005,Home Loan,Loan,Lending,False,1,Core Active,Core Relationship Customer,Moderate Risk,Moderate Cross-Sell Opportunity,Priority 3,0.16160590021273688,0.13760622477161674,0.04703668631695282,0.09496055030525272,0.35526315789473684,0.645,0.7,0.0,0.65,0.32321219369171805,Low,4
C000035,P007,Term Insurance,Insurance,Protection,False,1,Core Active,Core Relationship Customer,Moderate Risk,Moderate Cross-Sell Opportunity,Priority 3,0.16145364305352944,0.13760622477161674,0.04703668631695282,0.09496055030525272,0.35526315789473684,0.645,0.7,0.0,0.65,0.32317412940191625,Low,5
C000036,P007,Term Insurance,Insurance,Protection,False,1,Core Active,Core Relationship Customer,Moderate Risk,Moderate Cross-Sell Opportunity,Priority 3,0.34957853838239206,0.06786966220522626,0.08405553403497791,0.03134902723771771,0.3026315789473684,0.578,0.7,0.25,0.65,0.3866633038787486,Low,1
C000036,P008,Premium Banking,Banking,Premium,False,1,Core Active,Core Relationship Customer,Moderate Risk,Moderate Cross-Sell Opportunity,Priority 3,0.2640816998674331,0.06786966220522626,0.08405553403497791,0.03134902723771771,0.3026315789473684,0.578,0.7,0.25,0.65,0.3652890942500088,Low,2
C000036,P006,Mutual Fund Plan,Investment,Wealth,False,1,Core Active,Core Relationship Customer,Moderate Risk,Moderate Cross-Sell Opportunity,Priority 3,0.25385986078697337,0.06786966220522626,0.08405553403497791,0.03134902723771771,0.3026315789473684,0.578,0.7,0.25,0.65,0.36273363447989393,Low,3
C000036,P004,Personal Loan,Loan,Lending,False,1,Core Active,Core Relationship Customer,Moderate Risk,Moderate Cross-Sell Opportunity,Priority 3,0.1557998327624525,0.06786966220522626,0.08405553403497791,0.03134902723771771,0.3026315789473684,0.578,0.7,0.25,0.65,0.33821862747376363,Low,4
C000036,P005,Home Loan,Loan,Lending,False,1,Core Active,Core Relationship Customer,Moderate Risk,Moderate Cross-Sell Opportunity,Priority 3,0.13840358535945188,0.06786966220522626,0.08405553403497791,0.03134902723771771,0.3026315789473684,0.578,0.7,0.25,0.65,0.3338695656230135,Low,5
C000037,P008,Premium Banking,Banking,Premium,False,1,Core Active,Core Digital Customer,Moderate Risk,Moderate Cross-Sell Opportunity,Priority 2,0.32123105959545206,0.26594699383896325,0.03453988675091944,0.18902024769717138,0.75,0.781,0.7,0.1,0.65,0.4915971636666556,Low,1
C000037,P004,Personal Loan,Loan,Lending,False,1,Core Active,Core Digital Customer,Moderate Risk,Moderate Cross-Sell Opportunity,Priority 2,0.3063898203589336,0.26594699383896325,0.03453988675091944,0.18902024769717138,0.75,0.781,0.7,0.1,0.65,0.48788685385752606,Low,2
C000037,P006,Mutual Fund Plan,Investment,Wealth,False,1,Core Active,Core Digital Customer,Moderate Risk,Moderate Cross-Sell Opportunity,Priority 2,0.29338795614717617,0.26594699383896325,0.03453988675091944,0.18902024769717138,0.75,0.781,0.7,0.1,0.65,0.48463638780458673,Low,3
C000037,P007,Term Insurance,Insurance,Protection,False,1,Core Active,Core Digital Customer,Moderate Risk,Moderate Cross-Sell Opportunity,Priority 2,0.2574341312742187,0.26594699383896325,0.03453988675091944,0.18902024769717138,0.75,0.781,0.7,0.1,0.65,0.47564793158634733,Low,4
C000037,P005,Home Loan,Loan,Lending,False,1,Core Active,Core Digital Customer,Moderate Risk,Moderate Cross-Sell Opportunity,Priority 2,0.23096612829380253,0.26594699383896325,0.03453988675091944,0.18902024769717138,0.75,0.781,0.7,0.1,0.65,0.46903093084124325,Low,5
C000038,P003,Rewards Credit Card,Credit Card,Cards,False,1,Core Active,Core Digital Customer,Moderate Risk,Moderate Cross-Sell Opportunity,Priority 2,0.44973503908768464,0.09354684512428298,0.15778200582417856,0.06681683996871313,0.5526315789473685,0.866,0.7,0.1,0.65,0.48813786563888306,Low,1
C000038,P008,Premium Banking,Banking,Premium,False,1,Core Active,Core Digital Customer,Moderate Risk,Moderate Cross-Sell Opportunity,Priority 2,0.337028051052391,0.09354684512428298,0.15778200582417856,0.06681683996871313,0.5526315789473685,0.866,0.7,0.1,0.65,0.4599611186300596,Low,2
C000038,P007,Term Insurance,Insurance,Protection,False,1,Core Active,Core Digital Customer,Moderate Risk,Moderate Cross-Sell Opportunity,Priority 2,0.33357406915534665,0.09354684512428298,0.15778200582417856,0.06681683996871313,0.5526315789473685,0.866,0.7,0.1,0.65,0.4590976231557986,Low,3
C000038,P006,Mutual Fund Plan,Investment,Wealth,False,1,Core Active,Core Digital Customer,Moderate Risk,Moderate Cross-Sell Opportunity,Priority 2,0.3034981659949197,0.09354684512428298,0.15778200582417856,0.06681683996871313,0.5526315789473685,0.866,0.7,0.1,0.65,0.45157864736569187,Low,4
C000038,P004,Personal Loan,Loan,Lending,False,1,Core Active,Core Digital Customer,Moderate Risk,Moderate Cross-Sell Opportunity,Priority 2,0.2049313830217142,0.09354684512428298,0.15778200582417856,0.06681683996871313,0.5526315789473685,0.866,0.7,0.1,0.65,0.4269369516223904,Low,5
C000038,P005,Home Loan,Loan,Lending,False,1,Core Active,Core Digital Customer,Moderate Risk,Moderate Cross-Sell Opportunity,Priority 2,0.17133118425994698,0.09354684512428298,0.15778200582417856,0.06681683996871313,0.5526315789473685,0.866,0.7,0.1,0.65,0.4185369019319487,Low,6
C000039,P003,Rewards Credit Card,Credit Card,Cards,False,1,Core Active,Core Relationship Customer,Moderate Risk,Moderate Cross-Sell Opportunity,Priority 2,0.2704043482591316,0.13115306989589973,0.1659604463037913,0.12741975727434057,0.35526315789473684,0.34,0.7,0.6666666666666666,0.65,0.4052878413948401,Low,1
C000039,P007,Term Insurance,Insurance,Protection,False,1,Core Active,Core Relationship Customer,Moderate Risk,Moderate Cross-Sell Opportunity,Priority 2,0.23283380686710564,0.13115306989589973,0.1659604463037913,0.12741975727434057,0.35526315789473684,0.34,0.7,0.6666666666666666,0.65,0.3958952060468336,Low,2
C000039,P008,Premium Banking,Banking,Premium,False,1,Core Active,Core Relationship Customer,Moderate Risk,Moderate Cross-Sell Opportunity,Priority 2,0.2230872655352365,0.13115306989589973,0.1659604463037913,0.12741975727434057,0.35526315789473684,0.34,0.7,0.6666666666666666,0.65,0.39345857071386625,Low,3
C000039,P004,Personal Loan,Loan,Lending,False,1,Core Active,Core Relationship Customer,Moderate Risk,Moderate Cross-Sell Opportunity,Priority 2,0.18922484681022306,0.13115306989589973,0.1659604463037913,0.12741975727434057,0.35526315789473684,0.34,0.7,0.6666666666666666,0.65,0.3849929660326129,Low,4
C000039,P005,Home Loan,Loan,Lending,False,1,Core Active,Core Relationship Customer,Moderate Risk,Moderate Cross-Sell Opportunity,Priority 2,0.17240827573367898,0.13115306989589973,0.1659604463037913,0.12741975727434057,0.35526315789473684,0.34,0.7,0.6666666666666666,0.65,0.38078882326347685,Low,5
C000040,P008,Premium Banking,Banking,Premium,False,1,Core Active,Core Digital Customer,High Risk,Low Cross-Sell Opportunity,Priority 3,0.2855654618707035,0.04954854472062885,0.01621925793244805,0.10975827424990445,0.5131578947368421,0.77,0.7,0.25,0.3,0.380274758622328,Low,1
C000040,P006,Mutual Fund Plan,Investment,Wealth,False,1,Core Active,Core Digital Customer,High Risk,Low Cross-Sell Opportunity,Priority 3,0.27838730095116326,0.04954854472062885,0.01621925793244805,0.10975827424990445,0.5131578947368421,0.77,0.7,0.25,0.3,0.37848021839244295,Low,2
C000040,P004,Personal Loan,Loan,Lending,False,1,Core Active,Core Digital Customer,High Risk,Low Cross-Sell Opportunity,Priority 3,0.2358462031447845,0.04954854472062885,0.01621925793244805,0.10975827424990445,0.5131578947368421,0.77,0.7,0.25,0.3,0.36784494394084827,Low,3
C000040,P005,Home Loan,Loan,Lending,False,1,Core Active,Core Digital Customer,High Risk,Low Cross-Sell Opportunity,Priority 3,0.1784649021720085,0.04954854472062885,0.01621925793244805,0.10975827424990445,0.5131578947368421,0.77,0.7,0.25,0.3,0.3534996186976542,Low,4
C000041,P003,Rewards Credit Card,Credit Card,Cards,False,1,Core Active,Core Relationship Customer,Moderate Risk,Moderate Cross-Sell Opportunity,Priority 3,0.2484757620346074,0.06305768005098789,0.08234921808115078,0.054117056678039475,0.34210526315789475,0.348,0.7,0.6,0.65,0.3783462659925336,Low,1
C000041,P007,Term Insurance,Insurance,Protection,False,1,Core Active,Core Relationship Customer,Moderate Risk,Moderate Cross-Sell Opportunity,Priority 3,0.21540173954567585,0.06305768005098789,0.08234921808115078,0.054117056678039475,0.34210526315789475,0.348,0.7,0.6,0.65,0.3700777603703007,Low,2
C000041,P006,Mutual Fund Plan,Investment,Wealth,False,1,Core Active,Core Relationship Customer,Moderate Risk,Moderate Cross-Sell Opportunity,Priority 3,0.20709175930191076,0.06305768005098789,0.08234921808115078,0.054117056678039475,0.34210526315789475,0.348,0.7,0.6,0.65,0.3680002653093595,Low,3
C000041,P008,Premium Banking,Banking,Premium,False,1,Core Active,Core Relationship Customer,Moderate Risk,Moderate Cross-Sell Opportunity,Priority 3,0.20552624206053144,0.06305768005098789,0.08234921808115078,0.054117056678039475,0.34210526315789475,0.348,0.7,0.6,0.65,0.36760888599901465,Low,4
C000041,P004,Personal Loan,Loan,Lending,False,1,Core Active,Core Relationship Customer,Moderate Risk,Moderate Cross-Sell Opportunity,Priority 3,0.16741070241879377,0.06305768005098789,0.08234921808115078,0.054117056678039475,0.34210526315789475,0.348,0.7,0.6,0.65,0.3580800010885803,Low,5
C000041,P005,Home Loan,Loan,Lending,False,1,Core Active,Core Relationship Customer,Moderate Risk,Moderate Cross-Sell Opportunity,Priority 3,0.14329373714992233,0.06305768005098789,0.08234921808115078,0.054117056678039475,0.34210526315789475,0.348,0.7,0.6,0.65,0.35205075977136235,Low,6
C000042,P008,Premium Banking,Banking,Premium,False,1,Premium High-Value,Premium Relationship Customer,Moderate Risk,Moderate Cross-Sell Opportunity,Priority 3,0.49758383841048726,0.25899458253664753,0.3587608757994099,0.18516312072643884,0.5263157894736842,0.652,1.0,0.25,0.65,0.5578422445310041,Medium,1
C000042,P005,Home Loan,Loan,Lending,False,1,Premium High-Value,Premium Relationship Customer,Moderate Risk,Moderate Cross-Sell Opportunity,Priority 3,0.3994242576476619,0.25899458253664753,0.3587608757994099,0.18516312072643884,0.5263157894736842,0.652,1.0,0.25,0.65,0.5333023493402976,Low,2
C000043,P003,Rewards Credit Card,Credit Card,Cards,False,1,Core Active,Core Relationship Customer,Moderate Risk,Moderate Cross-Sell Opportunity,Priority 3,0.41620832833692156,0.2244131081368175,0.21623616390832628,0.1846215810342427,0.5657894736842105,0.644,0.7,0.2,0.65,0.4557031247642255,Low,1
C000043,P008,Premium Banking,Banking,Premium,False,1,Core Active,Core Relationship Customer,Moderate Risk,Moderate Cross-Sell Opportunity,Priority 3,0.3189329022974812,0.2244131081368175,0.21623616390832628,0.1846215810342427,0.5657894736842105,0.644,0.7,0.2,0.65,0.4313842682543654,Low,2
C000043,P004,Personal Loan,Loan,Lending,False,1,Core Active,Core Relationship Customer,Moderate Risk,Moderate Cross-Sell Opportunity,Priority 3,0.28346225762615723,0.2244131081368175,0.21623616390832628,0.1846215810342427,0.5657894736842105,0.644,0.7,0.2,0.65,0.4225166070865344,Low,3
C000043,P005,Home Loan,Loan,Lending,False,1,Core Active,Core Relationship Customer,Moderate Risk,Moderate Cross-Sell Opportunity,Priority 3,0.25207723214740174,0.2244131081368175,0.21623616390832628,0.1846215810342427,0.5657894736842105,0.644,0.7,0.2,0.65,0.41467035071684555,Low,4
C000043,P007,Term Insurance,Insurance,Protection,False,1,Core Active,Core Relationship Customer,Moderate Risk,Moderate Cross-Sell Opportunity,Priority 3,0.2209386001140627,0.2244131081368175,0.21623616390832628,0.1846215810342427,0.5657894736842105,0.644,0.7,0.2,0.65,0.4068856927085107,Low,5
C000044,P004,Personal Loan,Loan,Lending,False,1,Premium High-Value,Premium Digital Customer,Moderate Risk,Moderate Cross-Sell Opportunity,Priority 2,0.607993554849306,0.5142712980667091,0.22847203859871815,0.6035135132609475,0.6842105263157895,0.766,1.0,0.25,0.65,0.6915842272730368,Medium,1
C000044,P007,Term Insurance,Insurance,Protection,False,1,Premium High-Value,Premium Digital Customer,Moderate Risk,Moderate Cross-Sell Opportunity,Priority 2,0.5450908225887021,0.5142712980667091,0.22847203859871815,0.6035135132609475,0.6842105263157895,0.766,1.0,0.25,0.65,0.6758585442078858,Medium,2
C000045,P003,Rewards Credit Card,Credit Card,Cards,False,1,Core Active,Core Relationship Customer,Low Risk,Moderate Cross-Sell Opportunity,Priority 2,0.3518010129812511,0.056997556830252816,0.13677702938950215,0.0925682438134113,0.5526315789473685,0.397,0.7,0.5,0.65,0.40944450145346856,Low,1
C000045,P007,Term Insurance,Insurance,Protection,False,1,Core Active,Core Relationship Customer,Low Risk,Moderate Cross-Sell Opportunity,Priority 2,0.34024821813711426,0.056997556830252816,0.13677702938950215,0.0925682438134113,0.5526315789473685,0.397,0.7,0.5,0.65,0.4065563027424344,Low,2
C000045,P008,Premium Banking,Banking,Premium,False,1,Core Active,Core Relationship Customer,Low Risk,Moderate Cross-Sell Opportunity,Priority 2,0.2540534343135481,0.056997556830252816,0.13677702938950215,0.0925682438134113,0.5526315789473685,0.397,0.7,0.5,0.65,0.3850076067865429,Low,3
C000045,P006,Mutual Fund Plan,Investment,Wealth,False,1,Core Active,Core Relationship Customer,Low Risk,Moderate Cross-Sell Opportunity,Priority 2,0.2500080320146975,0.056997556830252816,0.13677702938950215,0.0925682438134113,0.5526315789473685,0.397,0.7,0.5,0.65,0.3839962562118302,Low,4
C000045,P004,Personal Loan,Loan,Lending,False,1,Core Active,Core Relationship Customer,Low Risk,Moderate Cross-Sell Opportunity,Priority 2,0.21406957911310537,0.056997556830252816,0.13677702938950215,0.0925682438134113,0.5526315789473685,0.397,0.7,0.5,0.65,0.3750116429864322,Low,5
C000045,P005,Home Loan,Loan,Lending,False,1,Core Active,Core Relationship Customer,Low Risk,Moderate Cross-Sell Opportunity,Priority 2,0.17291602908696535,0.056997556830252816,0.13677702938950215,0.0925682438134113,0.5526315789473685,0.397,0.7,0.5,0.65,0.36472325547989715,Low,6
C000046,P006,Mutual Fund Plan,Investment,Wealth,False,1,Premium High-Value,Premium Relationship Customer,Moderate Risk,Moderate Cross-Sell Opportunity,Priority 2,0.5063219877490002,0.19489058848523474,0.33459196693694104,0.11963635072334564,0.6052631578947368,0.379,1.0,0.5,0.65,0.5567480883185075,Medium,1
C000046,P007,Term Insurance,Insurance,Protection,False,1,Premium High-Value,Premium Relationship Customer,Moderate Risk,Moderate Cross-Sell Opportunity,Priority 2,0.4939847374739884,0.19489058848523474,0.33459196693694104,0.11963635072334564,0.6052631578947368,0.379,1.0,0.5,0.65,0.5536637757497546,Medium,2
C000046,P008,Premium Banking,Banking,Premium,False,1,Premium High-Value,Premium Relationship Customer,Moderate Risk,Moderate Cross-Sell Opportunity,Priority 2,0.47872026361106923,0.19489058848523474,0.33459196693694104,0.11963635072334564,0.6052631578947368,0.379,1.0,0.5,0.65,0.5498476572840248,Low,3
C000046,P005,Home Loan,Loan,Lending,False,1,Premium High-Value,Premium Relationship Customer,Moderate Risk,Moderate Cross-Sell Opportunity,Priority 2,0.4607344193265158,0.19489058848523474,0.33459196693694104,0.11963635072334564,0.6052631578947368,0.379,1.0,0.5,0.65,0.5453511962128864,Low,4
C000047,P007,Term Insurance,Insurance,Protection,False,1,Core Active,Core Relationship Customer,Moderate Risk,Moderate Cross-Sell Opportunity,Priority 2,0.3625495036852004,0.1456315062672615,0.12401790775973814,0.11259212949854079,0.39473684210526316,0.689,0.7,0.3333333333333333,0.65,0.4387075368238752,Low,1
C000047,P003,Rewards Credit Card,Credit Card,Cards,False,1,Core Active,Core Relationship Customer,Moderate Risk,Moderate Cross-Sell Opportunity,Priority 2,0.35563356123922724,0.1456315062672615,0.12401790775973814,0.11259212949854079,0.39473684210526316,0.689,0.7,0.3333333333333333,0.65,0.43697855121238194,Low,2
C000047,P008,Premium Banking,Banking,Premium,False,1,Core Active,Core Relationship Customer,Moderate Risk,Moderate Cross-Sell Opportunity,Priority 2,0.29132902735842725,0.1456315062672615,0.12401790775973814,0.11259212949854079,0.39473684210526316,0.689,0.7,0.3333333333333333,0.65,0.42090241774218196,Low,3
C000047,P006,Mutual Fund Plan,Investment,Wealth,False,1,Core Active,Core Relationship Customer,Moderate Risk,Moderate Cross-Sell Opportunity,Priority 2,0.2755571882779675,0.1456315062672615,0.12401790775973814,0.11259212949854079,0.39473684210526316,0.689,0.7,0.3333333333333333,0.65,0.416959457972067,Low,4
C000047,P005,Home Loan,Loan,Lending,False,1,Core Active,Core Relationship Customer,Moderate Risk,Moderate Cross-Sell Opportunity,Priority 2,0.19494377944046407,0.1456315062672615,0.12401790775973814,0.11259212949854079,0.39473684210526316,0.689,0.7,0.3333333333333333,0.65,0.39680610576269115,Low,5
C000048,P003,Rewards Credit Card,Credit Card,Cards,False,1,Core Active,Core Relationship Customer,Low Risk,Moderate Cross-Sell Opportunity,Priority 3,0.28899627332297323,0.04305289993626514,0.10533401003809782,0.03053975480727448,0.3157894736842105,0.636,0.7,0.16666666666666666,0.65,0.3659947360372946,Low,1
C000048,P008,Premium Banking,Banking,Premium,False,1,Core Active,Core Relationship Customer,Low Risk,Moderate Cross-Sell Opportunity,Priority 3,0.2210325066186847,0.04305289993626514,0.10533401003809782,0.03053975480727448,0.3157894736842105,0.636,0.7,0.16666666666666666,0.65,0.3490037943612224,Low,2
C000048,P006,Mutual Fund Plan,Investment,Wealth,False,1,Core Active,Core Relationship Customer,Low Risk,Moderate Cross-Sell Opportunity,Priority 3,0.19354285144627092,0.04305289993626514,0.10533401003809782,0.03053975480727448,0.3157894736842105,0.636,0.7,0.16666666666666666,0.65,0.342131380568119,Low,3
C000048,P007,Term Insurance,Insurance,Protection,False,1,Core Active,Core Relationship Customer,Low Risk,Moderate Cross-Sell Opportunity,Priority 3,0.14458871210441662,0.04305289993626514,0.10533401003809782,0.03053975480727448,0.3157894736842105,0.636,0.7,0.16666666666666666,0.65,0.3298928457326554,Low,4
C000048,P004,Personal Loan,Loan,Lending,False,1,Core Active,Core Relationship Customer,Low Risk,Moderate Cross-Sell Opportunity,Priority 3,0.11091285166764983,0.04305289993626514,0.10533401003809782,0.03053975480727448,0.3157894736842105,0.636,0.7,0.16666666666666666,0.65,0.3214738806234637,Low,5
C000048,P005,Home Loan,Loan,Lending,False,1,Core Active,Core Relationship Customer,Low Risk,Moderate Cross-Sell Opportunity,Priority 3,0.09423267532102926,0.04305289993626514,0.10533401003809782,0.03053975480727448,0.3157894736842105,0.636,0.7,0.16666666666666666,0.65,0.3173038365368086,Low,6
C000049,P004,Personal Loan,Loan,Lending,False,1,Premium High-Value,Premium Relationship Customer,Moderate Risk,Moderate Cross-Sell Opportunity,Priority 3,0.46060196582003465,0.44920331421287446,0.06536499966991431,0.31176005539684726,0.618421052631579,0.581,1.0,0.5,0.65,0.6583543121923204,Medium,1
C000049,P008,Premium Banking,Banking,Premium,False,1,Premium High-Value,Premium Relationship Customer,Moderate Risk,Moderate Cross-Sell Opportunity,Priority 3,0.44321244684831085,0.44920331421287446,0.06536499966991431,0.31176005539684726,0.618421052631579,0.581,1.0,0.5,0.65,0.6540069324493895,Medium,2
C000049,P005,Home Loan,Loan,Lending,False,1,Premium High-Value,Premium Relationship Customer,Moderate Risk,Moderate Cross-Sell Opportunity,Priority 3,0.39984877067832303,0.44920331421287446,0.06536499966991431,0.31176005539684726,0.618421052631579,0.581,1.0,0.5,0.65,0.6431660134068925,Medium,3
C000050,P007,Term Insurance,Insurance,Protection,False,1,Core Active,Core Relationship Customer,High Risk,Low Cross-Sell Opportunity,Priority 3,0.22952293881859873,0.0693090078606331,0.021697981726875575,0.04227841027495638,0.2236842105263158,0.134,0.7,0.2,0.3,0.2581951678557237,Low,1
C000050,P006,Mutual Fund Plan,Investment,Wealth,False,1,Core Active,Core Relationship Customer,High Risk,Low Cross-Sell Opportunity,Priority 3,0.1913239236908489,0.0693090078606331,0.021697981726875575,0.04227841027495638,0.2236842105263158,0.134,0.7,0.2,0.3,0.24864541407378626,Low,2
C000050,P008,Premium Banking,Banking,Premium,False,1,Core Active,Core Relationship Customer,High Risk,Low Cross-Sell Opportunity,Priority 3,0.17877105012763053,0.0693090078606331,0.021697981726875575,0.04227841027495638,0.2236842105263158,0.134,0.7,0.2,0.3,0.24550719568298163,Low,3
C000050,P004,Personal Loan,Loan,Lending,False,1,Core Active,Core Relationship Customer,High Risk,Low Cross-Sell Opportunity,Priority 3,0.1349985444671309,0.0693090078606331,0.021697981726875575,0.04227841027495638,0.2236842105263158,0.134,0.7,0.2,0.3,0.23456406926785672,Low,4
C000050,P005,Home Loan,Loan,Lending,False,1,Core Active,Core Relationship Customer,High Risk,Low Cross-Sell Opportunity,Priority 3,0.11512243003906665,0.0693090078606331,0.021697981726875575,0.04227841027495638,0.2236842105263158,0.134,0.7,0.2,0.3,0.2295950406608407,Low,5
C000051,P008,Premium Banking,Banking,Premium,False,1,Core Active,Core Relationship Customer,High Risk,Moderate Cross-Sell Opportunity,Priority 3,0.2989355746247577,0.1527087316762269,0.16588395025591246,0.12015686428426584,0.4605263157894737,0.568,0.7,0.25,0.65,0.3936545873598559,Low,1
C000051,P007,Term Insurance,Insurance,Protection,False,1,Core Active,Core Relationship Customer,High Risk,Moderate Cross-Sell Opportunity,Priority 3,0.29787386896507484,0.1527087316762269,0.16588395025591246,0.12015686428426584,0.4605263157894737,0.568,0.7,0.25,0.65,0.39338916094493515,Low,2
C000051,P004,Personal Loan,Loan,Lending,False,1,Core Active,Core Relationship Customer,High Risk,Moderate Cross-Sell Opportunity,Priority 3,0.2402801239180718,0.1527087316762269,0.16588395025591246,0.12015686428426584,0.4605263157894737,0.568,0.7,0.25,0.65,0.3789907246831844,Low,3
C000051,P005,Home Loan,Loan,Lending,False,1,Core Active,Core Relationship Customer,High Risk,Moderate Cross-Sell Opportunity,Priority 3,0.21472983503289605,0.1527087316762269,0.16588395025591246,0.12015686428426584,0.4605263157894737,0.568,0.7,0.25,0.65,0.37260315246189046,Low,4
C000052,P003,Rewards Credit Card,Credit Card,Cards,False,1,Core Active,Core Relationship Customer,High Risk,Low Cross-Sell Opportunity,Priority 3,0.27746051375686714,0.029987253027405993,0.026357254707039347,0.01178351121440393,0.32894736842105265,0.601,0.7,0.45,0.3,0.3698046843078559,Low,1
C000052,P008,Premium Banking,Banking,Premium,False,1,Core Active,Core Relationship Customer,High Risk,Low Cross-Sell Opportunity,Priority 3,0.20237323964173104,0.029987253027405993,0.026357254707039347,0.01178351121440393,0.32894736842105265,0.601,0.7,0.45,0.3,0.35103286577907183,Low,2
C000052,P007,Term Insurance,Insurance,Protection,False,1,Core Active,Core Relationship Customer,High Risk,Low Cross-Sell Opportunity,Priority 3,0.19407035192834576,0.029987253027405993,0.026357254707039347,0.01178351121440393,0.32894736842105265,0.601,0.7,0.45,0.3,0.3489571438507255,Low,3
C000052,P006,Mutual Fund Plan,Investment,Wealth,False,1,Core Active,Core Relationship Customer,High Risk,Low Cross-Sell Opportunity,Priority 3,0.18582898676816784,0.029987253027405993,0.026357254707039347,0.01178351121440393,0.32894736842105265,0.601,0.7,0.45,0.3,0.34689680256068106,Low,4
C000052,P004,Personal Loan,Loan,Lending,False,1,Core Active,Core Relationship Customer,High Risk,Low Cross-Sell Opportunity,Priority 3,0.12161318142067937,0.029987253027405993,0.026357254707039347,0.01178351121440393,0.32894736842105265,0.601,0.7,0.45,0.3,0.33084285122380896,Low,5
C000052,P005,Home Loan,Loan,Lending,False,1,Core Active,Core Relationship Customer,High Risk,Low Cross-Sell Opportunity,Priority 3,0.09299304431455992,0.029987253027405993,0.026357254707039347,0.01178351121440393,0.32894736842105265,0.601,0.7,0.45,0.3,0.32368781694727905,Low,6
C000053,P003,Rewards Credit Card,Credit Card,Cards,False,1,Core Active,Core Relationship Customer,Low Risk,Moderate Cross-Sell Opportunity,Priority 2,0.4097657764313285,0.062842574888464,0.12788497509337582,0.10751081444018627,0.6052631578947368,0.552,0.7,0.6,0.65,0.4984994327697355,Low,1
C000053,P008,Premium Banking,Banking,Premium,False,1,Core Active,Core Relationship Customer,Low Risk,Moderate Cross-Sell Opportunity,Priority 2,0.30738057129096485,0.062842574888464,0.12788497509337582,0.10751081444018627,0.6052631578947368,0.552,0.7,0.6,0.65,0.4729031314846446,Low,2
C000053,P007,Term Insurance,Insurance,Protection,False,1,Core Active,Core Relationship Customer,Low Risk,Moderate Cross-Sell Opportunity,Priority 2,0.29290837856800295,0.062842574888464,0.12788497509337582,0.10751081444018627,0.6052631578947368,0.552,0.7,0.6,0.65,0.46928508330390406,Low,3
C000053,P004,Personal Loan,Loan,Lending,False,1,Core Active,Core Relationship Customer,Low Risk,Moderate Cross-Sell Opportunity,Priority 2,0.2624868649216681,0.062842574888464,0.12788497509337582,0.10751081444018627,0.6052631578947368,0.552,0.7,0.6,0.65,0.46167970489232035,Low,4
C000053,P005,Home Loan,Loan,Lending,False,1,Core Active,Core Relationship Customer,Low Risk,Moderate Cross-Sell Opportunity,Priority 2,0.21353434269660537,0.062842574888464,0.12788497509337582,0.10751081444018627,0.6052631578947368,0.552,0.7,0.6,0.65,0.4494415743360547,Low,5
C000054,P003,Rewards Credit Card,Credit Card,Cards,False,1,Premium High-Value,Premium Relationship Customer,Moderate Risk,Moderate Cross-Sell Opportunity,Priority 3,0.5483598711536898,0.222163798597833,0.11834776919710237,0.22397362108294858,0.5921052631578947,0.69,1.0,0.0,0.65,0.5518385169816732,Medium,1
C000054,P008,Premium Banking,Banking,Premium,False,1,Premium High-Value,Premium Relationship Customer,Moderate Risk,Moderate Cross-Sell Opportunity,Priority 3,0.3912038500020152,0.222163798597833,0.11834776919710237,0.22397362108294858,0.5921052631578947,0.69,1.0,0.0,0.65,0.5125495116937546,Low,2
C000054,P006,Mutual Fund Plan,Investment,Wealth,False,1,Premium High-Value,Premium Relationship Customer,Moderate Risk,Moderate Cross-Sell Opportunity,Priority 3,0.36561189597902666,0.222163798597833,0.11834776919710237,0.22397362108294858,0.5921052631578947,0.69,1.0,0.0,0.65,0.5061515231880075,Low,3
C000054,P007,Term Insurance,Insurance,Protection,False,1,Premium High-Value,Premium Relationship Customer,Moderate Risk,Moderate Cross-Sell Opportunity,Priority 3,0.34696156131397415,0.222163798597833,0.11834776919710237,0.22397362108294858,0.5921052631578947,0.69,1.0,0.0,0.65,0.5014889395217443,Low,4
C000054,P005,Home Loan,Loan,Lending,False,1,Premium High-Value,Premium Relationship Customer,Moderate Risk,Moderate Cross-Sell Opportunity,Priority 3,0.30159368662349106,0.222163798597833,0.11834776919710237,0.22397362108294858,0.5921052631578947,0.69,1.0,0.0,0.65,0.4901469708491235,Low,5
C000055,P008,Premium Banking,Banking,Premium,False,1,Premium High-Value,Premium Digital Customer,Low Risk,Moderate Cross-Sell Opportunity,Priority 2,0.41430733106407636,0.15535107287019334,0.08472618431775131,0.15504388854468334,0.5263157894736842,0.805,1.0,0.7083333333333333,0.65,0.6174277490944438,Medium,1
C000055,P006,Mutual Fund Plan,Investment,Wealth,False,1,Premium High-Value,Premium Digital Customer,Low Risk,Moderate Cross-Sell Opportunity,Priority 2,0.3912987103744212,0.15535107287019334,0.08472618431775131,0.15504388854468334,0.5263157894736842,0.805,1.0,0.7083333333333333,0.65,0.61167559392203,Medium,2
C000055,P007,Term Insurance,Insurance,Protection,False,1,Premium High-Value,Premium Digital Customer,Low Risk,Moderate Cross-Sell Opportunity,Priority 2,0.3347712272197422,0.15535107287019334,0.08472618431775131,0.15504388854468334,0.5263157894736842,0.805,1.0,0.7083333333333333,0.65,0.5975437231333602,Medium,3
C000055,P004,Personal Loan,Loan,Lending,False,1,Premium High-Value,Premium Digital Customer,Low Risk,Moderate Cross-Sell Opportunity,Priority 2,0.32731032304342866,0.15535107287019334,0.08472618431775131,0.15504388854468334,0.5263157894736842,0.805,1.0,0.7083333333333333,0.65,0.5956784970892818,Medium,4
C000055,P005,Home Loan,Loan,Lending,False,1,Premium High-Value,Premium Digital Customer,Low Risk,Moderate Cross-Sell Opportunity,Priority 2,0.27965083653276435,0.15535107287019334,0.08472618431775131,0.15504388854468334,0.5263157894736842,0.805,1.0,0.7083333333333333,0.65,0.5837636254616158,Medium,5
C000056,P003,Rewards Credit Card,Credit Card,Cards,False,1,Core Active,Core Relationship Customer,Low Risk,Moderate Cross-Sell Opportunity,Priority 2,0.38787176433169096,0.12506107924367962,0.060702583016550044,0.08900127745428686,0.5263157894736842,0.578,0.7,0.5,0.65,0.4662275253527113,Low,1
C000056,P008,Premium Banking,Banking,Premium,False,1,Core Active,Core Relationship Customer,Low Risk,Moderate Cross-Sell Opportunity,Priority 2,0.2498929019681789,0.12506107924367962,0.060702583016550044,0.08900127745428686,0.5263157894736842,0.578,0.7,0.5,0.65,0.43173280976183326,Low,2
C000056,P007,Term Insurance,Insurance,Protection,False,1,Core Active,Core Relationship Customer,Low Risk,Moderate Cross-Sell Opportunity,Priority 2,0.231580520946492,0.12506107924367962,0.060702583016550044,0.08900127745428686,0.5263157894736842,0.578,0.7,0.5,0.65,0.4271547145064115,Low,3
C000056,P006,Mutual Fund Plan,Investment,Wealth,False,1,Core Active,Core Relationship Customer,Low Risk,Moderate Cross-Sell Opportunity,Priority 2,0.2255906031176042,0.12506107924367962,0.060702583016550044,0.08900127745428686,0.5263157894736842,0.578,0.7,0.5,0.65,0.4256572350491896,Low,4
C000056,P004,Personal Loan,Loan,Lending,False,1,Core Active,Core Relationship Customer,Low Risk,Moderate Cross-Sell Opportunity,Priority 2,0.1834802280594565,0.12506107924367962,0.060702583016550044,0.08900127745428686,0.5263157894736842,0.578,0.7,0.5,0.65,0.4151296412846527,Low,5
C000056,P005,Home Loan,Loan,Lending,False,1,Core Active,Core Relationship Customer,Low Risk,Moderate Cross-Sell Opportunity,Priority 2,0.13730696278132587,0.12506107924367962,0.060702583016550044,0.08900127745428686,0.5263157894736842,0.578,0.7,0.5,0.65,0.40358632496512004,Low,6
C000057,P007,Term Insurance,Insurance,Protection,False,1,Core Active,Core Relationship Customer,High Risk,Moderate Cross-Sell Opportunity,Priority 3,0.3022012076023328,0.07788931378797535,0.16802828467567596,0.07149164982239928,0.2894736842105263,0.868,0.7,0.1,0.65,0.3888492172897572,Low,1
C000057,P008,Premium Banking,Banking,Premium,False,1,Core Active,Core Relationship Customer,High Risk,Moderate Cross-Sell Opportunity,Priority 3,0.300416433394618,0.07788931378797535,0.16802828467567596,0.07149164982239928,0.2894736842105263,0.868,0.7,0.1,0.65,0.38840302373782853,Low,2
C000057,P006,Mutual Fund Plan,Investment,Wealth,False,1,Core Active,Core Relationship Customer,High Risk,Moderate Cross-Sell Opportunity,Priority 3,0.27310838741760646,0.07788931378797535,0.16802828467567596,0.07149164982239928,0.2894736842105263,0.868,0.7,0.1,0.65,0.3815760122435756,Low,3
C000057,P004,Personal Loan,Loan,Lending,False,1,Core Active,Core Relationship Customer,High Risk,Moderate Cross-Sell Opportunity,Priority 3,0.16903996571329463,0.07788931378797535,0.16802828467567596,0.07149164982239928,0.2894736842105263,0.868,0.7,0.1,0.65,0.3555589068174977,Low,4
C000057,P005,Home Loan,Loan,Lending,False,1,Core Active,Core Relationship Customer,High Risk,Moderate Cross-Sell Opportunity,Priority 3,0.16204214070075224,0.07788931378797535,0.16802828467567596,0.07149164982239928,0.2894736842105263,0.868,0.7,0.1,0.65,0.3538094505643621,Low,5
C000058,P007,Term Insurance,Insurance,Protection,False,1,Core Active,Core Relationship Customer,High Risk,Low Cross-Sell Opportunity,Priority 4,0.2709065992236842,0.054272891438283406,0.03231032385772015,0.035424825973720146,0.2236842105263158,0.628,0.7,0.0,0.3,0.2949338596725251,Low,1
C000058,P008,Premium Banking,Banking,Premium,False,1,Core Active,Core Relationship Customer,High Risk,Low Cross-Sell Opportunity,Priority 4,0.24097536970164765,0.054272891438283406,0.03231032385772015,0.035424825973720146,0.2236842105263158,0.628,0.7,0.0,0.3,0.28745105229201595,Low,2
C000058,P006,Mutual Fund Plan,Investment,Wealth,False,1,Core Active,Core Relationship Customer,High Risk,Low Cross-Sell Opportunity,Priority 4,0.22566732372463616,0.054272891438283406,0.03231032385772015,0.035424825973720146,0.2236842105263158,0.628,0.7,0.0,0.3,0.2836240407977631,Low,3
C000058,P005,Home Loan,Loan,Lending,False,1,Core Active,Core Relationship Customer,High Risk,Low Cross-Sell Opportunity,Priority 4,0.10287537487968434,0.054272891438283406,0.03231032385772015,0.035424825973720146,0.2236842105263158,0.628,0.7,0.0,0.3,0.25292605358652515,Low,4
C000059,P003,Rewards Credit Card,Credit Card,Cards,False,1,Core Active,Core Digital Customer,Moderate Risk,Moderate Cross-Sell Opportunity,Priority 3,0.5430741718132409,0.1947126619927767,0.03971367424489843,0.1117622981841833,0.6710526315789473,0.998,0.7,0.0,0.65,0.5326689700887077,Low,1
C000059,P008,Premium Banking,Banking,Premium,False,1,Core Active,Core Digital Customer,Moderate Risk,Moderate Cross-Sell Opportunity,Priority 3,0.3717706189432824,0.1947126619927767,0.03971367424489843,0.1117622981841833,0.6710526315789473,0.998,0.7,0.0,0.65,0.48984308187121806,Low,2
C000059,P006,Mutual Fund Plan,Investment,Wealth,False,1,Core Active,Core Digital Customer,Moderate Risk,Moderate Cross-Sell Opportunity,Priority 3,0.34026142354098354,0.1947126619927767,0.03971367424489843,0.1117622981841833,0.6710526315789473,0.998,0.7,0.0,0.65,0.4819657830206433,Low,3
C000059,P005,Home Loan,Loan,Lending,False,1,Core Active,Core Digital Customer,Moderate Risk,Moderate Cross-Sell Opportunity,Priority 3,0.21351744074035792,0.1947126619927767,0.03971367424489843,0.1117622981841833,0.6710526315789473,0.998,0.7,0.0,0.65,0.4502797873204869,Low,4
C000060,P007,Term Insurance,Insurance,Protection,False,1,Core Active,Core Relationship Customer,High Risk,Moderate Cross-Sell Opportunity,Priority 3,0.41888712616631407,0.2074569789674952,0.10111764568218233,0.21199059524510397,0.4605263157894737,0.574,0.7,0.16666666666666666,0.65,0.42685879137016525,Low,1
C000060,P006,Mutual Fund Plan,Investment,Wealth,False,1,Core Active,Core Relationship Customer,High Risk,Moderate Cross-Sell Opportunity,Priority 3,0.3868373470088778,0.2074569789674952,0.10111764568218233,0.21199059524510397,0.4605263157894737,0.574,0.7,0.16666666666666666,0.65,0.4188463465808062,Low,2
C000060,P008,Premium Banking,Banking,Premium,False,1,Core Active,Core Relationship Customer,High Risk,Moderate Cross-Sell Opportunity,Priority 3,0.3686982665491077,0.2074569789674952,0.10111764568218233,0.21199059524510397,0.4605263157894737,0.574,0.7,0.16666666666666666,0.65,0.4143115764658637,Low,3
C000060,P004,Personal Loan,Loan,Lending,False,1,Core Active,Core Relationship Customer,High Risk,Moderate Cross-Sell Opportunity,Priority 3,0.35242536412880177,0.2074569789674952,0.10111764568218233,0.21199059524510397,0.4605263157894737,0.574,0.7,0.16666666666666666,0.65,0.4102433508607871,Low,4
C000060,P005,Home Loan,Loan,Lending,False,1,Core Active,Core Relationship Customer,High Risk,Moderate Cross-Sell Opportunity,Priority 3,0.3107141688260461,0.2074569789674952,0.10111764568218233,0.21199059524510397,0.4605263157894737,0.574,0.7,0.16666666666666666,0.65,0.3998155520350982,Low,5
C000061,P008,Premium Banking,Banking,Premium,False,1,At Risk,At-Risk Engagement Customer,High Risk,Low Cross-Sell Opportunity,Priority 3,0.19843025873716044,0.03529052475037179,0.051883182501057494,0.02420574957223504,0.15789473684210525,0.468,0.45,0.6,0.3,0.2896498801606803,Low,1
C000061,P006,Mutual Fund Plan,Investment,Wealth,False,1,At Risk,At-Risk Engagement Customer,High Risk,Low Cross-Sell Opportunity,Priority 3,0.1965819828750915,0.03529052475037179,0.051883182501057494,0.02420574957223504,0.15789473684210525,0.468,0.45,0.6,0.3,0.28918781119516307,Low,2
C000061,P007,Term Insurance,Insurance,Protection,False,1,At Risk,At-Risk Engagement Customer,High Risk,Low Cross-Sell Opportunity,Priority 3,0.16287393829382846,0.03529052475037179,0.051883182501057494,0.02420574957223504,0.15789473684210525,0.468,0.45,0.6,0.3,0.28076080004984727,Low,3
C000061,P004,Personal Loan,Loan,Lending,False,1,At Risk,At-Risk Engagement Customer,High Risk,Low Cross-Sell Opportunity,Priority 3,0.11944490449693132,0.03529052475037179,0.051883182501057494,0.02420574957223504,0.15789473684210525,0.468,0.45,0.6,0.3,0.269903541600623,Low,4
C000061,P005,Home Loan,Loan,Lending,False,1,At Risk,At-Risk Engagement Customer,High Risk,Low Cross-Sell Opportunity,Priority 3,0.11078185946817451,0.03529052475037179,0.051883182501057494,0.02420574957223504,0.15789473684210525,0.468,0.45,0.6,0.3,0.2677377803434338,Low,5
C000062,P008,Premium Banking,Banking,Premium,False,1,Premium High-Value,Premium Digital Customer,High Risk,High Cross-Sell Opportunity,Priority 2,0.6578146337495034,0.3047854259613342,0.6390724347714009,0.39016556443014044,0.7105263157894737,1.0,1.0,0.16666666666666666,1.0,0.6786563576647305,Medium,1
C000062,P006,Mutual Fund Plan,Investment,Wealth,False,1,Premium High-Value,Premium Digital Customer,High Risk,High Cross-Sell Opportunity,Priority 2,0.6302284268529518,0.3047854259613342,0.6390724347714009,0.39016556443014044,0.7105263157894737,1.0,1.0,0.16666666666666666,1.0,0.6717598059405926,Medium,2
C000062,P005,Home Loan,Loan,Lending,False,1,Premium High-Value,Premium Digital Customer,High Risk,High Cross-Sell Opportunity,Priority 2,0.5557071968501935,0.3047854259613342,0.6390724347714009,0.39016556443014044,0.7105263157894737,1.0,1.0,0.16666666666666666,1.0,0.6531294984399031,Medium,3
C000062,P004,Personal Loan,Loan,Lending,False,1,Premium High-Value,Premium Digital Customer,High Risk,High Cross-Sell Opportunity,Priority 2,0.5546762483583781,0.3047854259613342,0.6390724347714009,0.39016556443014044,0.7105263157894737,1.0,1.0,0.16666666666666666,1.0,0.6528717613169492,Medium,4
C000062,P007,Term Insurance,Insurance,Protection,False,1,Premium High-Value,Premium Digital Customer,High Risk,High Cross-Sell Opportunity,Priority 2,0.5410348288926046,0.3047854259613342,0.6390724347714009,0.39016556443014044,0.7105263157894737,1.0,1.0,0.16666666666666666,1.0,0.6494614064505059,Medium,5
C000063,P006,Mutual Fund Plan,Investment,Wealth,False,1,Core Active,Core Relationship Customer,Moderate Risk,Moderate Cross-Sell Opportunity,Priority 3,0.3182371205498164,0.08577384746122796,0.1939244673133086,0.14701611162352574,0.5789473684210527,0.398,0.7,0.0,0.65,0.3608561548928576,Low,1
C000063,P008,Premium Banking,Banking,Premium,False,1,Core Active,Core Relationship Customer,Moderate Risk,Moderate Cross-Sell Opportunity,Priority 3,0.3094014883659083,0.08577384746122796,0.1939244673133086,0.14701611162352574,0.5789473684210527,0.398,0.7,0.0,0.65,0.35864724684688054,Low,2
C000063,P005,Home Loan,Loan,Lending,False,1,Core Active,Core Relationship Customer,Moderate Risk,Moderate Cross-Sell Opportunity,Priority 3,0.24700143136160435,0.08577384746122796,0.1939244673133086,0.14701611162352574,0.5789473684210527,0.398,0.7,0.0,0.65,0.3430472325958046,Low,3
C000064,P003,Rewards Credit Card,Credit Card,Cards,False,1,Core Active,Core Relationship Customer,Low Risk,Moderate Cross-Sell Opportunity,Priority 2,0.34030541580919244,0.10566709156575313,0.1380435803922815,0.05651123215932761,0.40789473684210525,0.593,0.7,0.16666666666666666,0.65,0.40086064945843125,Low,1
C000064,P008,Premium Banking,Banking,Premium,False,1,Core Active,Core Relationship Customer,Low Risk,Moderate Cross-Sell Opportunity,Priority 2,0.26796264434027073,0.10566709156575313,0.1380435803922815,0.05651123215932761,0.40789473684210525,0.593,0.7,0.16666666666666666,0.65,0.38277495659120075,Low,2
C000064,P006,Mutual Fund Plan,Investment,Wealth,False,1,Core Active,Core Relationship Customer,Low Risk,Moderate Cross-Sell Opportunity,Priority 2,0.24434712709889136,0.10566709156575313,0.1380435803922815,0.05651123215932761,0.40789473684210525,0.593,0.7,0.16666666666666666,0.65,0.3768710772808559,Low,3
C000064,P007,Term Insurance,Insurance,Protection,False,1,Core Active,Core Relationship Customer,Low Risk,Moderate Cross-Sell Opportunity,Priority 2,0.22271198296293032,0.10566709156575313,0.1380435803922815,0.05651123215932761,0.40789473684210525,0.593,0.7,0.16666666666666666,0.65,0.3714622912468657,Low,4
C000064,P004,Personal Loan,Loan,Lending,False,1,Core Active,Core Relationship Customer,Low Risk,Moderate Cross-Sell Opportunity,Priority 2,0.16339130660471682,0.10566709156575313,0.1380435803922815,0.05651123215932761,0.40789473684210525,0.593,0.7,0.16666666666666666,0.65,0.3566321221573123,Low,5
C000064,P005,Home Loan,Loan,Lending,False,1,Core Active,Core Relationship Customer,Low Risk,Moderate Cross-Sell Opportunity,Priority 2,0.1429406013417034,0.10566709156575313,0.1380435803922815,0.05651123215932761,0.40789473684210525,0.593,0.7,0.16666666666666666,0.65,0.3515194458415589,Low,6
C000065,P003,Rewards Credit Card,Credit Card,Cards,False,1,Core Active,Core Digital Customer,Moderate Risk,Moderate Cross-Sell Opportunity,Priority 3,0.3682128975991739,0.0045198640322923304,0.07208442648747264,0.0,0.3684210526315789,0.952,0.7,0.1,0.65,0.39092035510098877,Low,1
C000065,P007,Term Insurance,Insurance,Protection,False,1,Core Active,Core Digital Customer,Moderate Risk,Moderate Cross-Sell Opportunity,Priority 3,0.3041098320744291,0.0045198640322923304,0.07208442648747264,0.0,0.3684210526315789,0.952,0.7,0.1,0.65,0.37489458871980263,Low,2
C000065,P008,Premium Banking,Banking,Premium,False,1,Core Active,Core Digital Customer,Moderate Risk,Moderate Cross-Sell Opportunity,Priority 3,0.2969438989489223,0.0045198640322923304,0.07208442648747264,0.0,0.3684210526315789,0.952,0.7,0.1,0.65,0.37310310543842595,Low,3
C000065,P006,Mutual Fund Plan,Investment,Wealth,False,1,Core Active,Core Digital Customer,Moderate Risk,Moderate Cross-Sell Opportunity,Priority 3,0.2706082667650143,0.0045198640322923304,0.07208442648747264,0.0,0.3684210526315789,0.952,0.7,0.1,0.65,0.36651919739244887,Low,4
C000065,P004,Personal Loan,Loan,Lending,False,1,Core Active,Core Digital Customer,Moderate Risk,Moderate Cross-Sell Opportunity,Priority 3,0.14964593715740024,0.0045198640322923304,0.07208442648747264,0.0,0.3684210526315789,0.952,0.7,0.1,0.65,0.33627861499054534,Low,5
C000065,P005,Home Loan,Loan,Lending,False,1,Core Active,Core Digital Customer,Moderate Risk,Moderate Cross-Sell Opportunity,Priority 3,0.12384248906897785,0.0045198640322923304,0.07208442648747264,0.0,0.3684210526315789,0.952,0.7,0.1,0.65,0.3298277529684398,Low,6
C000066,P003,Rewards Credit Card,Credit Card,Cards,False,1,Core Active,Core Relationship Customer,High Risk,Moderate Cross-Sell Opportunity,Priority 3,0.20724761117629215,0.11937274272360314,0.09636650758515948,0.01042148515508407,0.23684210526315788,0.433,0.7,0.6666666666666666,0.65,0.37867943379493396,Low,1
C000066,P008,Premium Banking,Banking,Premium,False,1,Core Active,Core Relationship Customer,High Risk,Moderate Cross-Sell Opportunity,Priority 3,0.18466494331985245,0.11937274272360314,0.09636650758515948,0.01042148515508407,0.23684210526315788,0.433,0.7,0.6666666666666666,0.65,0.3730337668308241,Low,2
C000066,P007,Term Insurance,Insurance,Protection,False,1,Core Active,Core Relationship Customer,High Risk,Moderate Cross-Sell Opportunity,Priority 3,0.17214086548824198,0.11937274272360314,0.09636650758515948,0.01042148515508407,0.23684210526315788,0.433,0.7,0.6666666666666666,0.65,0.3699027473729215,Low,3
C000066,P006,Mutual Fund Plan,Investment,Wealth,False,1,Core Active,Core Relationship Customer,High Risk,Moderate Cross-Sell Opportunity,Priority 3,0.16790000079111683,0.11937274272360314,0.09636650758515948,0.01042148515508407,0.23684210526315788,0.433,0.7,0.6666666666666666,0.65,0.3688425311986402,Low,4
C000066,P004,Personal Loan,Loan,Lending,False,1,Core Active,Core Relationship Customer,High Risk,Moderate Cross-Sell Opportunity,Priority 3,0.11437468945229635,0.11937274272360314,0.09636650758515948,0.01042148515508407,0.23684210526315788,0.433,0.7,0.6666666666666666,0.65,0.35546120336393505,Low,5
C000066,P005,Home Loan,Loan,Lending,False,1,Core Active,Core Relationship Customer,High Risk,Moderate Cross-Sell Opportunity,Priority 3,0.11007194368442624,0.11937274272360314,0.09636650758515948,0.01042148515508407,0.23684210526315788,0.433,0.7,0.6666666666666666,0.65,0.3543855169219675,Low,6
C000067,P007,Term Insurance,Insurance,Protection,False,1,At Risk,At-Risk Declining Customer,Critical Risk,Low Cross-Sell Opportunity,Priority 4,0.2358673899235119,0.04623964308476737,0.0730973878520783,0.0,0.05263157894736842,0.293,0.45,0.0,0.3,0.18790951293993668,Low,1
C000067,P006,Mutual Fund Plan,Investment,Wealth,False,1,At Risk,At-Risk Declining Customer,Critical Risk,Low Cross-Sell Opportunity,Priority 4,0.21519548284522189,0.04623964308476737,0.0730973878520783,0.0,0.05263157894736842,0.293,0.45,0.0,0.3,0.1827415361703642,Low,2
C000067,P008,Premium Banking,Banking,Premium,False,1,At Risk,At-Risk Declining Customer,Critical Risk,Low Cross-Sell Opportunity,Priority 4,0.1970868621555667,0.04623964308476737,0.0730973878520783,0.0,0.05263157894736842,0.293,0.45,0.0,0.3,0.1782143809979504,Low,3
C000067,P005,Home Loan,Loan,Lending,False,1,At Risk,At-Risk Declining Customer,Critical Risk,Low Cross-Sell Opportunity,Priority 4,0.14165211139899445,0.04623964308476737,0.0730973878520783,0.0,0.05263157894736842,0.293,0.45,0.0,0.3,0.16435569330880734,Low,4
C000067,P004,Personal Loan,Loan,Lending,False,1,At Risk,At-Risk Declining Customer,Critical Risk,Low Cross-Sell Opportunity,Priority 4,0.13363867896168116,0.04623964308476737,0.0730973878520783,0.0,0.05263157894736842,0.293,0.45,0.0,0.3,0.16235233519947906,Low,5
C000067,P003,Rewards Credit Card,Credit Card,Cards,False,1,At Risk,At-Risk Declining Customer,Critical Risk,Low Cross-Sell Opportunity,Priority 4,0.12685748330215593,0.04623964308476737,0.0730973878520783,0.0,0.05263157894736842,0.293,0.45,0.0,0.3,0.1606570362845977,Low,6
C000068,P004,Personal Loan,Loan,Lending,False,1,Premium High-Value,Premium Relationship Customer,Moderate Risk,Low Cross-Sell Opportunity,Priority 3,0.46569546322170885,0.33347673677501594,0.039502000249398074,0.30539614633065976,0.6578947368421053,0.608,1.0,0.0,0.3,0.5376034236867462,Low,1
C000069,P003,Rewards Credit Card,Credit Card,Cards,False,1,Premium High-Value,Premium Relationship Customer,Moderate Risk,Moderate Cross-Sell Opportunity,Priority 3,0.5869202920726471,0.40449330783938814,0.24712624607346484,0.2891247242072448,0.6973684210526315,0.631,1.0,0.0,0.65,0.6278339977439341,Medium,1
C000069,P008,Premium Banking,Banking,Premium,False,1,Premium High-Value,Premium Relationship Customer,Moderate Risk,Moderate Cross-Sell Opportunity,Priority 3,0.47881527368801713,0.40449330783938814,0.24712624607346484,0.2891247242072448,0.6973684210526315,0.631,1.0,0.0,0.65,0.6008077431477766,Medium,2
C000070,P008,Premium Banking,Banking,Premium,False,1,Premium High-Value,Premium Digital Customer,Low Risk,Moderate Cross-Sell Opportunity,Priority 2,0.5034330257352966,0.415336201402167,0.11942779558998537,0.1898309218696997,0.618421052631579,0.75,1.0,0.75,0.65,0.6641886546089943,Medium,1
C000070,P006,Mutual Fund Plan,Investment,Wealth,False,1,Premium High-Value,Premium Digital Customer,Low Risk,Moderate Cross-Sell Opportunity,Priority 2,0.4966801521720783,0.415336201402167,0.11942779558998537,0.1898309218696997,0.618421052631579,0.75,1.0,0.75,0.65,0.6625004362181899,Medium,2
C000070,P007,Term Insurance,Insurance,Protection,False,1,Premium High-Value,Premium Digital Customer,Low Risk,Moderate Cross-Sell Opportunity,Priority 2,0.48308200517777633,0.415336201402167,0.11942779558998537,0.1898309218696997,0.618421052631579,0.75,1.0,0.75,0.65,0.6591008994696144,Medium,3
C000070,P004,Personal Loan,Loan,Lending,False,1,Premium High-Value,Premium Digital Customer,Low Risk,Moderate Cross-Sell Opportunity,Priority 2,0.47640680396974844,0.415336201402167,0.11942779558998537,0.1898309218696997,0.618421052631579,0.75,1.0,0.75,0.65,0.6574320991676073,Medium,4
C000070,P005,Home Loan,Loan,Lending,False,1,Premium High-Value,Premium Digital Customer,Low Risk,Moderate Cross-Sell Opportunity,Priority 2,0.43426258592822675,0.415336201402167,0.11942779558998537,0.1898309218696997,0.618421052631579,0.75,1.0,0.75,0.65,0.6468960446572269,Medium,5
C000071,P003,Rewards Credit Card,Credit Card,Cards,False,1,Core Active,Core Relationship Customer,Moderate Risk,Moderate Cross-Sell Opportunity,Priority 3,0.27702556883697704,0.06708094327597196,0.03131797101742887,0.06950865201939638,0.4342105263157895,0.396,0.7,0.0,0.65,0.3249041598118071,Low,1
C000071,P007,Term Insurance,Insurance,Protection,False,1,Core Active,Core Relationship Customer,Moderate Risk,Moderate Cross-Sell Opportunity,Priority 3,0.25605371780855346,0.06708094327597196,0.03131797101742887,0.06950865201939638,0.4342105263157895,0.396,0.7,0.0,0.65,0.3196611970547012,Low,2
C000071,P006,Mutual Fund Plan,Investment,Wealth,False,1,Core Active,Core Relationship Customer,Moderate Risk,Moderate Cross-Sell Opportunity,Priority 3,0.2031817040341894,0.06708094327597196,0.03131797101742887,0.06950865201939638,0.4342105263157895,0.396,0.7,0.0,0.65,0.30644319361111017,Low,3
C000071,P004,Personal Loan,Loan,Lending,False,1,Core Active,Core Relationship Customer,Moderate Risk,Moderate Cross-Sell Opportunity,Priority 3,0.19970374533692586,0.06708094327597196,0.03131797101742887,0.06950865201939638,0.4342105263157895,0.396,0.7,0.0,0.65,0.3055737039367943,Low,4
C000071,P008,Premium Banking,Banking,Premium,False,1,Core Active,Core Relationship Customer,Moderate Risk,Moderate Cross-Sell Opportunity,Priority 3,0.19826906035602848,0.06708094327597196,0.03131797101742887,0.06950865201939638,0.4342105263157895,0.396,0.7,0.0,0.65,0.3052150326915699,Low,5
C000071,P005,Home Loan,Loan,Lending,False,1,Core Active,Core Relationship Customer,Moderate Risk,Moderate Cross-Sell Opportunity,Priority 3,0.15738357031982017,0.06708094327597196,0.03131797101742887,0.06950865201939638,0.4342105263157895,0.396,0.7,0.0,0.65,0.2949936601825178,Low,6
C000072,P004,Personal Loan,Loan,Lending,False,1,Premium High-Value,Premium Relationship Customer,Moderate Risk,Moderate Cross-Sell Opportunity,Priority 2,0.8208209156142763,0.8405991077119184,0.5748003854841938,0.7176410175899942,0.8289473684210527,0.674,1.0,0.75,0.65,0.8725671557091108,High,1
C000072,P003,Rewards Credit Card,Credit Card,Cards,False,1,Premium High-Value,Premium Relationship Customer,Moderate Risk,Moderate Cross-Sell Opportunity,Priority 2,0.7975483922794939,0.8405991077119184,0.5748003854841938,0.7176410175899942,0.8289473684210527,0.674,1.0,0.75,0.65,0.866749024875415,High,2
C000072,P005,Home Loan,Loan,Lending,False,1,Premium High-Value,Premium Relationship Customer,Moderate Risk,Moderate Cross-Sell Opportunity,Priority 2,0.7944120902213964,0.8405991077119184,0.5748003854841938,0.7176410175899942,0.8289473684210527,0.674,1.0,0.75,0.65,0.8659649493608907,High,3
C000072,P006,Mutual Fund Plan,Investment,Wealth,False,1,Premium High-Value,Premium Relationship Customer,Moderate Risk,Moderate Cross-Sell Opportunity,Priority 2,0.7279926942493501,0.8405991077119184,0.5748003854841938,0.7176410175899942,0.8289473684210527,0.674,1.0,0.75,0.65,0.8493601003678792,High,4
C000072,P007,Term Insurance,Insurance,Protection,False,1,Premium High-Value,Premium Relationship Customer,Moderate Risk,Moderate Cross-Sell Opportunity,Priority 2,0.6966792433009232,0.8405991077119184,0.5748003854841938,0.7176410175899942,0.8289473684210527,0.674,1.0,0.75,0.65,0.8415317376307725,High,5
C000073,P003,Rewards Credit Card,Credit Card,Cards,False,1,Core Active,Core Relationship Customer,High Risk,Low Cross-Sell Opportunity,Priority 4,0.1947819480799673,0.09087529211812194,0.05554486318559583,0.07353211905088979,0.23684210526315788,0.144,0.7,0.45,0.3,0.3017968612330899,Low,1
C000073,P008,Premium Banking,Banking,Premium,False,1,Core Active,Core Relationship Customer,High Risk,Low Cross-Sell Opportunity,Priority 4,0.1721424026712429,0.09087529211812194,0.05554486318559583,0.07353211905088979,0.23684210526315788,0.144,0.7,0.45,0.3,0.2961369748809088,Low,2
C000073,P007,Term Insurance,Insurance,Protection,False,1,Core Active,Core Relationship Customer,High Risk,Low Cross-Sell Opportunity,Priority 4,0.16634393133207642,0.09087529211812194,0.05554486318559583,0.07353211905088979,0.23684210526315788,0.144,0.7,0.45,0.3,0.2946873570461172,Low,3
C000073,P004,Personal Loan,Loan,Lending,False,1,Core Active,Core Relationship Customer,High Risk,Low Cross-Sell Opportunity,Priority 4,0.14680709301056827,0.09087529211812194,0.05554486318559583,0.07353211905088979,0.23684210526315788,0.144,0.7,0.45,0.3,0.28980314746574015,Low,4
C000073,P005,Home Loan,Loan,Lending,False,1,Core Active,Core Relationship Customer,High Risk,Low Cross-Sell Opportunity,Priority 4,0.12864516466290898,0.09087529211812194,0.05554486318559583,0.07353211905088979,0.23684210526315788,0.144,0.7,0.45,0.3,0.28526266537882533,Low,5
C000074,P008,Premium Banking,Banking,Premium,False,1,Premium High-Value,Premium Digital Customer,Moderate Risk,Moderate Cross-Sell Opportunity,Priority 2,0.6426748156599867,0.3369927767155301,0.34977590849535767,0.21445485783064527,0.7631578947368421,0.935,1.0,0.25,0.65,0.693540943468629,Medium,1
C000074,P004,Personal Loan,Loan,Lending,False,1,Premium High-Value,Premium Digital Customer,Moderate Risk,Moderate Cross-Sell Opportunity,Priority 2,0.5790867698024603,0.3369927767155301,0.34977590849535767,0.21445485783064527,0.7631578947368421,0.935,1.0,0.25,0.65,0.6776439320042474,Medium,2
C000075,P003,Rewards Credit Card,Credit Card,Cards,False,1,Premium High-Value,Premium Cross-Sell Opportunity,Low Risk,High Cross-Sell Opportunity,Priority 2,0.5747726222109109,0.23111589122583387,0.3463493047068123,0.22182054524029132,0.7236842105263158,0.585,1.0,0.5,1.0,0.676968965376842,Medium,1
C000075,P007,Term Insurance,Insurance,Protection,False,1,Premium High-Value,Premium Cross-Sell Opportunity,Low Risk,High Cross-Sell Opportunity,Priority 2,0.5504880864100895,0.23111589122583387,0.3463493047068123,0.22182054524029132,0.7236842105263158,0.585,1.0,0.5,1.0,0.6708978314266367,Medium,2
C000075,P008,Premium Banking,Banking,Premium,False,1,Premium High-Value,Premium Cross-Sell Opportunity,Low Risk,High Cross-Sell Opportunity,Priority 2,0.4826806785224119,0.23111589122583387,0.3463493047068123,0.22182054524029132,0.7236842105263158,0.585,1.0,0.5,1.0,0.6539459794547173,Medium,3
C000075,P006,Mutual Fund Plan,Investment,Wealth,False,1,Premium High-Value,Premium Cross-Sell Opportunity,Low Risk,High Cross-Sell Opportunity,Priority 2,0.46779849461436596,0.23111589122583387,0.3463493047068123,0.22182054524029132,0.7236842105263158,0.585,1.0,0.5,1.0,0.6502254334777058,Medium,4
C000075,P004,Personal Loan,Loan,Lending,False,1,Premium High-Value,Premium Cross-Sell Opportunity,Low Risk,High Cross-Sell Opportunity,Priority 2,0.4334915625029555,0.23111589122583387,0.3463493047068123,0.22182054524029132,0.7236842105263158,0.585,1.0,0.5,1.0,0.6416487004498532,Medium,5
C000075,P005,Home Loan,Loan,Lending,False,1,Premium High-Value,Premium Cross-Sell Opportunity,Low Risk,High Cross-Sell Opportunity,Priority 2,0.40244927719360823,0.23111589122583387,0.3463493047068123,0.22182054524029132,0.7236842105263158,0.585,1.0,0.5,1.0,0.6338881291225164,Medium,6
C000076,P005,Home Loan,Loan,Lending,False,1,Premium High-Value,Premium Digital Customer,Moderate Risk,Moderate Cross-Sell Opportunity,Priority 2,0.6111742076943971,0.4712608880390907,0.5684763628958539,0.6170632195025312,0.7105263157894737,0.714,1.0,0.7,0.65,0.7475246768998385,Medium,1
C000076,P007,Term Insurance,Insurance,Protection,False,1,Premium High-Value,Premium Digital Customer,Moderate Risk,Moderate Cross-Sell Opportunity,Priority 2,0.5726432152411207,0.4712608880390907,0.5684763628958539,0.6170632195025312,0.7105263157894737,0.714,1.0,0.7,0.65,0.7378919287865194,Medium,2
C000077,P008,Premium Banking,Banking,Premium,False,1,At Risk,At-Risk Engagement Customer,Critical Risk,Moderate Cross-Sell Opportunity,Priority 3,0.20149537259518924,0.08597567452729976,0.12947462584176217,0.06445630629746649,0.17105263157894737,0.438,0.45,0.4666666666666667,0.65,0.3036935394577661,Low,1
C000077,P003,Rewards Credit Card,Credit Card,Cards,False,1,At Risk,At-Risk Engagement Customer,Critical Risk,Moderate Cross-Sell Opportunity,Priority 3,0.19682318204051177,0.08597567452729976,0.12947462584176217,0.06445630629746649,0.17105263157894737,0.438,0.45,0.4666666666666667,0.65,0.3025254918190967,Low,2
C000077,P006,Mutual Fund Plan,Investment,Wealth,False,1,At Risk,At-Risk Engagement Customer,Critical Risk,Moderate Cross-Sell Opportunity,Priority 3,0.1948252576526605,0.08597567452729976,0.12947462584176217,0.06445630629746649,0.17105263157894737,0.438,0.45,0.4666666666666667,0.65,0.30202601072213386,Low,3
C000077,P005,Home Loan,Loan,Lending,False,1,At Risk,At-Risk Engagement Customer,Critical Risk,Moderate Cross-Sell Opportunity,Priority 3,0.13817442279713876,0.08597567452729976,0.12947462584176217,0.06445630629746649,0.17105263157894737,0.438,0.45,0.4666666666666667,0.65,0.28786330200825344,Low,4
C000077,P004,Personal Loan,Loan,Lending,False,1,At Risk,At-Risk Engagement Customer,Critical Risk,Moderate Cross-Sell Opportunity,Priority 3,0.13800533898215084,0.08597567452729976,0.12947462584176217,0.06445630629746649,0.17105263157894737,0.438,0.45,0.4666666666666667,0.65,0.28782103105450646,Low,5
C000078,P007,Term Insurance,Insurance,Protection,False,1,Dormant / Declining,Dormant Reactivation Target,Critical Risk,Low Cross-Sell Opportunity,Priority 3,0.2669839010458504,0.03304387083067772,0.021813249744227256,0.0011246643995824648,0.13157894736842105,0.528,0.25,0.6666666666666666,0.3,0.265058258199528,Low,1
C000078,P003,Rewards Credit Card,Credit Card,Cards,False,1,Dormant / Declining,Dormant Reactivation Target,Critical Risk,Low Cross-Sell Opportunity,Priority 3,0.21133985261484564,0.03304387083067772,0.021813249744227256,0.0011246643995824648,0.13157894736842105,0.528,0.25,0.6666666666666666,0.3,0.2511472460917768,Low,2
C000078,P006,Mutual Fund Plan,Investment,Wealth,False,1,Dormant / Declining,Dormant Reactivation Target,Critical Risk,Low Cross-Sell Opportunity,Priority 3,0.17927824483277444,0.03304387083067772,0.021813249744227256,0.0011246643995824648,0.13157894736842105,0.528,0.25,0.6666666666666666,0.3,0.243131844146259,Low,3
C000078,P004,Personal Loan,Loan,Lending,False,1,Dormant / Declining,Dormant Reactivation Target,Critical Risk,Low Cross-Sell Opportunity,Priority 3,0.0811051814092657,0.03304387083067772,0.021813249744227256,0.0011246643995824648,0.13157894736842105,0.528,0.25,0.6666666666666666,0.3,0.2185885782903818,Low,4
C000078,P005,Home Loan,Loan,Lending,False,1,Dormant / Declining,Dormant Reactivation Target,Critical Risk,Low Cross-Sell Opportunity,Priority 3,0.07275900123563331,0.03304387083067772,0.021813249744227256,0.0011246643995824648,0.13157894736842105,0.528,0.25,0.6666666666666666,0.3,0.2165020332469737,Low,5
C000079,P003,Rewards Credit Card,Credit Card,Cards,False,1,Core Active,Core Cross-Sell Opportunity,Moderate Risk,High Cross-Sell Opportunity,Priority 2,0.44475490180936267,0.14215530061610368,0.28160989600379754,0.060195010358874014,0.4473684210526316,0.796,0.7,0.25,1.0,0.48632504873345617,Low,1
C000079,P008,Premium Banking,Banking,Premium,False,1,Core Active,Core Cross-Sell Opportunity,Moderate Risk,High Cross-Sell Opportunity,Priority 2,0.41505599466102294,0.14215530061610368,0.28160989600379754,0.060195010358874014,0.4473684210526316,0.796,0.7,0.25,1.0,0.4789003219463712,Low,2
C000079,P006,Mutual Fund Plan,Investment,Wealth,False,1,Core Active,Core Cross-Sell Opportunity,Moderate Risk,High Cross-Sell Opportunity,Priority 2,0.38531346592539073,0.14215530061610368,0.28160989600379754,0.060195010358874014,0.4473684210526316,0.796,0.7,0.25,1.0,0.4714646897624632,Low,3
C000079,P007,Term Insurance,Insurance,Protection,False,1,Core Active,Core Cross-Sell Opportunity,Moderate Risk,High Cross-Sell Opportunity,Priority 2,0.24264219202504386,0.14215530061610368,0.28160989600379754,0.060195010358874014,0.4473684210526316,0.796,0.7,0.25,1.0,0.4357968712873765,Low,4
C000079,P004,Personal Loan,Loan,Lending,False,1,Core Active,Core Cross-Sell Opportunity,Moderate Risk,High Cross-Sell Opportunity,Priority 2,0.2165731746608053,0.14215530061610368,0.28160989600379754,0.060195010358874014,0.4473684210526316,0.796,0.7,0.25,1.0,0.42927961694631683,Low,5
C000079,P005,Home Loan,Loan,Lending,False,1,Core Active,Core Cross-Sell Opportunity,Moderate Risk,High Cross-Sell Opportunity,Priority 2,0.21516608095102957,0.14215530061610368,0.28160989600379754,0.060195010358874014,0.4473684210526316,0.796,0.7,0.25,1.0,0.42892784351887286,Low,6
C000080,P003,Rewards Credit Card,Credit Card,Cards,False,1,Premium High-Value,Premium Relationship Customer,Moderate Risk,Moderate Cross-Sell Opportunity,Priority 2,0.5756270318182986,0.2515508816656044,0.1599158613332737,0.28716041629870936,0.5921052631578947,0.691,1.0,0.0,0.65,0.5646327237613797,Medium,1
C000080,P008,Premium Banking,Banking,Premium,False,1,Premium High-Value,Premium Relationship Customer,Moderate Risk,Moderate Cross-Sell Opportunity,Priority 2,0.46612301623500885,0.2515508816656044,0.1599158613332737,0.28716041629870936,0.5921052631578947,0.691,1.0,0.0,0.65,0.5372567198655572,Low,2
C000080,P004,Personal Loan,Loan,Lending,False,1,Premium High-Value,Premium Relationship Customer,Moderate Risk,Moderate Cross-Sell Opportunity,Priority 2,0.45358164165995873,0.2515508816656044,0.1599158613332737,0.28716041629870936,0.5921052631578947,0.691,1.0,0.0,0.65,0.5341213762217948,Low,3
C000081,P007,Term Insurance,Insurance,Protection,False,1,Core Active,Core High-Activity Customer,Moderate Risk,Moderate Cross-Sell Opportunity,Priority 3,0.3503944447216556,0.12943753983428935,0.11173033711004918,0.12231881782679516,0.8026315789473685,0.588,0.7,0.1,0.65,0.44018085598937706,Low,1
C000081,P006,Mutual Fund Plan,Investment,Wealth,False,1,Core Active,Core High-Activity Customer,Moderate Risk,Moderate Cross-Sell Opportunity,Priority 3,0.3005384868947709,0.12943753983428935,0.11173033711004918,0.12231881782679516,0.8026315789473685,0.588,0.7,0.1,0.65,0.42771686653265584,Low,2
C000081,P008,Premium Banking,Banking,Premium,False,1,Core Active,Core High-Activity Customer,Moderate Risk,Moderate Cross-Sell Opportunity,Priority 3,0.29315687769936855,0.12943753983428935,0.11173033711004918,0.12231881782679516,0.8026315789473685,0.588,0.7,0.1,0.65,0.4258714642338053,Low,3
C000081,P005,Home Loan,Loan,Lending,False,1,Core Active,Core High-Activity Customer,Moderate Risk,Moderate Cross-Sell Opportunity,Priority 3,0.28166210733863933,0.12943753983428935,0.11173033711004918,0.12231881782679516,0.8026315789473685,0.588,0.7,0.1,0.65,0.42299777164362296,Low,4
C000082,P007,Term Insurance,Insurance,Protection,False,1,Core Active,Core Relationship Customer,Moderate Risk,Moderate Cross-Sell Opportunity,Priority 3,0.2724249570807787,0.1313787975355853,0.05817716554548144,0.07408393818504304,0.5657894736842105,0.349,0.7,0.0,0.65,0.3716504198299433,Low,1
C000082,P004,Personal Loan,Loan,Lending,False,1,Core Active,Core Relationship Customer,Moderate Risk,Moderate Cross-Sell Opportunity,Priority 3,0.25197696543186576,0.1313787975355853,0.05817716554548144,0.07408393818504304,0.5657894736842105,0.349,0.7,0.0,0.65,0.366538421917715,Low,2
C000082,P006,Mutual Fund Plan,Investment,Wealth,False,1,Core Active,Core Relationship Customer,Moderate Risk,Moderate Cross-Sell Opportunity,Priority 3,0.23941467403111683,0.1313787975355853,0.05817716554548144,0.07408393818504304,0.5657894736842105,0.349,0.7,0.0,0.65,0.3633978490675278,Low,3
C000082,P008,Premium Banking,Banking,Premium,False,1,Core Active,Core Relationship Customer,Moderate Risk,Moderate Cross-Sell Opportunity,Priority 3,0.23157731770927778,0.1313787975355853,0.05817716554548144,0.07408393818504304,0.5657894736842105,0.349,0.7,0.0,0.65,0.36143850998706806,Low,4
C000082,P005,Home Loan,Loan,Lending,False,1,Core Active,Core Relationship Customer,Moderate Risk,Moderate Cross-Sell Opportunity,Priority 3,0.2032851389535419,0.1313787975355853,0.05817716554548144,0.07408393818504304,0.5657894736842105,0.349,0.7,0.0,0.65,0.35436546529813406,Low,5
C000083,P003,Rewards Credit Card,Credit Card,Cards,False,1,Premium High-Value,Premium Cross-Sell Opportunity,Moderate Risk,High Cross-Sell Opportunity,Priority 2,0.5366901424342956,0.19082217973231358,0.3207468808649153,0.2376107025811679,0.5789473684210527,0.547,1.0,0.4666666666666667,1.0,0.6105457434848612,Medium,1
C000083,P008,Premium Banking,Banking,Premium,False,1,Premium High-Value,Premium Cross-Sell Opportunity,Moderate Risk,High Cross-Sell Opportunity,Priority 2,0.4784576983804678,0.19082217973231358,0.3207468808649153,0.2376107025811679,0.5789473684210527,0.547,1.0,0.4666666666666667,1.0,0.5959876324714043,Medium,2
C000083,P006,Mutual Fund Plan,Investment,Wealth,False,1,Premium High-Value,Premium Cross-Sell Opportunity,Moderate Risk,High Cross-Sell Opportunity,Priority 2,0.473234135162077,0.19082217973231358,0.3207468808649153,0.2376107025811679,0.5789473684210527,0.547,1.0,0.4666666666666667,1.0,0.5946817416668067,Medium,3
C000083,P007,Term Insurance,Insurance,Protection,False,1,Premium High-Value,Premium Cross-Sell Opportunity,Moderate Risk,High Cross-Sell Opportunity,Priority 2,0.4611687014324868,0.19082217973231358,0.3207468808649153,0.2376107025811679,0.5789473684210527,0.547,1.0,0.4666666666666667,1.0,0.5916653832344091,Medium,4
C000083,P004,Personal Loan,Loan,Lending,False,1,Premium High-Value,Premium Cross-Sell Opportunity,Moderate Risk,High Cross-Sell Opportunity,Priority 2,0.415049610594703,0.19082217973231358,0.3207468808649153,0.2376107025811679,0.5789473684210527,0.547,1.0,0.4666666666666667,1.0,0.5801356105249631,Medium,5
C000083,P005,Home Loan,Loan,Lending,False,1,Premium High-Value,Premium Cross-Sell Opportunity,Moderate Risk,High Cross-Sell Opportunity,Priority 2,0.391046944610834,0.19082217973231358,0.3207468808649153,0.2376107025811679,0.5789473684210527,0.547,1.0,0.4666666666666667,1.0,0.5741349440289959,Medium,6
C000084,P007,Term Insurance,Insurance,Protection,False,1,Core Active,Core Relationship Customer,Moderate Risk,Moderate Cross-Sell Opportunity,Priority 3,0.3124564193817536,0.09261206713405566,0.04677680933237812,0.050041725189398714,0.3684210526315789,0.555,0.7,0.0,0.65,0.34489967616698636,Low,1
C000084,P003,Rewards Credit Card,Credit Card,Cards,False,1,Core Active,Core Relationship Customer,Moderate Risk,Moderate Cross-Sell Opportunity,Priority 3,0.30710550348043864,0.09261206713405566,0.04677680933237812,0.050041725189398714,0.3684210526315789,0.555,0.7,0.0,0.65,0.34356194719165767,Low,2
C000084,P008,Premium Banking,Banking,Premium,False,1,Core Active,Core Relationship Customer,Moderate Risk,Moderate Cross-Sell Opportunity,Priority 3,0.21571980690676262,0.09261206713405566,0.04677680933237812,0.050041725189398714,0.3684210526315789,0.555,0.7,0.0,0.65,0.3207155230482386,Low,3
C000084,P006,Mutual Fund Plan,Investment,Wealth,False,1,Core Active,Core Relationship Customer,Moderate Risk,Moderate Cross-Sell Opportunity,Priority 3,0.1945790023090615,0.09261206713405566,0.04677680933237812,0.050041725189398714,0.3684210526315789,0.555,0.7,0.0,0.65,0.31543032189881337,Low,4
C000084,P004,Personal Loan,Loan,Lending,False,1,Core Active,Core Relationship Customer,Moderate Risk,Moderate Cross-Sell Opportunity,Priority 3,0.1383202833111655,0.09261206713405566,0.04677680933237812,0.050041725189398714,0.3684210526315789,0.555,0.7,0.0,0.65,0.30136564214933936,Low,5
C000084,P005,Home Loan,Loan,Lending,False,1,Core Active,Core Relationship Customer,Moderate Risk,Moderate Cross-Sell Opportunity,Priority 3,0.10812113028562723,0.09261206713405566,0.04677680933237812,0.050041725189398714,0.3684210526315789,0.555,0.7,0.0,0.65,0.2938158538929547,Low,6
C000085,P007,Term Insurance,Insurance,Protection,False,1,Core Active,Core Relationship Customer,Low Risk,Moderate Cross-Sell Opportunity,Priority 2,0.30443829723444443,0.19595018058211175,0.13423344847327512,0.12375466896926168,0.6052631578947368,0.6,0.7,0.7,0.65,0.49358908410924396,Low,1
C000085,P008,Premium Banking,Banking,Premium,False,1,Core Active,Core Relationship Customer,Low Risk,Moderate Cross-Sell Opportunity,Priority 2,0.26666683435453525,0.19595018058211175,0.13423344847327512,0.12375466896926168,0.6052631578947368,0.6,0.7,0.7,0.65,0.48414621838926675,Low,2
C000085,P006,Mutual Fund Plan,Investment,Wealth,False,1,Core Active,Core Relationship Customer,Low Risk,Moderate Cross-Sell Opportunity,Priority 2,0.24241396079131688,0.19595018058211175,0.13423344847327512,0.12375466896926168,0.6052631578947368,0.6,0.7,0.7,0.65,0.47808299999846215,Low,3
C000085,P004,Personal Loan,Loan,Lending,False,1,Core Active,Core Relationship Customer,Low Risk,Moderate Cross-Sell Opportunity,Priority 2,0.24196501612876933,0.19595018058211175,0.13423344847327512,0.12375466896926168,0.6052631578947368,0.6,0.7,0.7,0.65,0.4779707638328252,Low,4
C000085,P005,Home Loan,Loan,Lending,False,1,Core Active,Core Relationship Customer,Low Risk,Moderate Cross-Sell Opportunity,Priority 2,0.19899575974246633,0.19595018058211175,0.13423344847327512,0.12375466896926168,0.6052631578947368,0.6,0.7,0.7,0.65,0.46722844973624944,Low,5
C000086,P004,Personal Loan,Loan,Lending,False,1,Core Active,Core Relationship Customer,Moderate Risk,Low Cross-Sell Opportunity,Priority 3,0.1908912190291004,0.09846505205013809,0.02879150565529344,0.06987450670359789,0.4868421052631579,0.51,0.7,0.25,0.3,0.35644213095677646,Low,1
C000086,P007,Term Insurance,Insurance,Protection,False,1,Core Active,Core Relationship Customer,Moderate Risk,Low Cross-Sell Opportunity,Priority 3,0.1908602311398133,0.09846505205013809,0.02879150565529344,0.06987450670359789,0.4868421052631579,0.51,0.7,0.25,0.3,0.35643438398445465,Low,2
C000086,P008,Premium Banking,Banking,Premium,False,1,Core Active,Core Relationship Customer,Moderate Risk,Low Cross-Sell Opportunity,Priority 3,0.18891822063001645,0.09846505205013809,0.02879150565529344,0.06987450670359789,0.4868421052631579,0.51,0.7,0.25,0.3,0.3559488813570055,Low,3
C000086,P006,Mutual Fund Plan,Investment,Wealth,False,1,Core Active,Core Relationship Customer,Moderate Risk,Low Cross-Sell Opportunity,Priority 3,0.17864810568748773,0.09846505205013809,0.02879150565529344,0.06987450670359789,0.4868421052631579,0.51,0.7,0.25,0.3,0.35338135262137327,Low,4
C000086,P005,Home Loan,Loan,Lending,False,1,Core Active,Core Relationship Customer,Moderate Risk,Low Cross-Sell Opportunity,Priority 3,0.14446153628322575,0.09846505205013809,0.02879150565529344,0.06987450670359789,0.4868421052631579,0.51,0.7,0.25,0.3,0.34483471027030776,Low,5
C000087,P007,Term Insurance,Insurance,Protection,False,1,Premium High-Value,Premium Relationship Customer,Low Risk,Moderate Cross-Sell Opportunity,Priority 3,0.4603343882341725,0.3136711281070746,0.05541422609926393,0.31488547299917674,0.6973684210526315,0.606,1.0,0.16666666666666666,0.65,0.5921897525045196,Medium,1
C000087,P004,Personal Loan,Loan,Lending,False,1,Premium High-Value,Premium Relationship Customer,Low Risk,Moderate Cross-Sell Opportunity,Priority 3,0.4546918373642702,0.3136711281070746,0.05541422609926393,0.31488547299917674,0.6973684210526315,0.606,1.0,0.16666666666666666,0.65,0.5907791147870439,Medium,2
C000087,P008,Premium Banking,Banking,Premium,False,1,Premium High-Value,Premium Relationship Customer,Low Risk,Moderate Cross-Sell Opportunity,Priority 3,0.4114000382126406,0.3136711281070746,0.05541422609926393,0.31488547299917674,0.6973684210526315,0.606,1.0,0.16666666666666666,0.65,0.5799561649991365,Medium,3
C000087,P006,Mutual Fund Plan,Investment,Wealth,False,1,Premium High-Value,Premium Relationship Customer,Low Risk,Moderate Cross-Sell Opportunity,Priority 3,0.4043759002816061,0.3136711281070746,0.05541422609926393,0.31488547299917674,0.6973684210526315,0.606,1.0,0.16666666666666666,0.65,0.5782001305163779,Medium,4
C000087,P005,Home Loan,Loan,Lending,False,1,Premium High-Value,Premium Relationship Customer,Low Risk,Moderate Cross-Sell Opportunity,Priority 3,0.3774621382793326,0.3136711281070746,0.05541422609926393,0.31488547299917674,0.6973684210526315,0.606,1.0,0.16666666666666666,0.65,0.5714716900158096,Medium,5
C000088,P007,Term Insurance,Insurance,Protection,False,1,At Risk,At-Risk Declining Customer,Critical Risk,Low Cross-Sell Opportunity,Priority 4,0.21615585625358807,0.08841618865519439,0.11300736702349685,0.02098361176603616,0.039473684210526314,0.069,0.45,0.0,0.3,0.16704325442601486,Low,1
C000088,P006,Mutual Fund Plan,Investment,Wealth,False,1,At Risk,At-Risk Declining Customer,Critical Risk,Low Cross-Sell Opportunity,Priority 4,0.11775400968860988,0.08841618865519439,0.11300736702349685,0.02098361176603616,0.039473684210526314,0.069,0.45,0.0,0.3,0.1424427927847703,Low,2
C000088,P008,Premium Banking,Banking,Premium,False,1,At Risk,At-Risk Declining Customer,Critical Risk,Low Cross-Sell Opportunity,Priority 4,0.1105718257805639,0.08841618865519439,0.11300736702349685,0.02098361176603616,0.039473684210526314,0.069,0.45,0.0,0.3,0.1406472468077588,Low,3
C000088,P005,Home Loan,Loan,Lending,False,1,At Risk,At-Risk Declining Customer,Critical Risk,Low Cross-Sell Opportunity,Priority 4,0.10279015745816125,0.08841618865519439,0.11300736702349685,0.02098361176603616,0.039473684210526314,0.069,0.45,0.0,0.3,0.13870182972715817,Low,4
C000088,P004,Personal Loan,Loan,Lending,False,1,At Risk,At-Risk Declining Customer,Critical Risk,Low Cross-Sell Opportunity,Priority 4,0.08746397256953327,0.08841618865519439,0.11300736702349685,0.02098361176603616,0.039473684210526314,0.069,0.45,0.0,0.3,0.13487028350500113,Low,5
C000088,P003,Rewards Credit Card,Credit Card,Cards,False,1,At Risk,At-Risk Declining Customer,Critical Risk,Low Cross-Sell Opportunity,Priority 4,0.05610595579041133,0.08841618865519439,0.11300736702349685,0.02098361176603616,0.039473684210526314,0.069,0.45,0.0,0.3,0.12703077931022067,Low,6
C000089,P003,Rewards Credit Card,Credit Card,Cards,False,1,At Risk,At-Risk Declining Customer,Critical Risk,Low Cross-Sell Opportunity,Priority 3,0.2762673747772169,0.05544401954535798,0.13800655490792008,0.056065478176277474,0.25,0.611,0.45,0.6666666666666666,0.3,0.3279223142700425,Low,1
C000089,P007,Term Insurance,Insurance,Protection,False,1,At Risk,At-Risk Declining Customer,Critical Risk,Low Cross-Sell Opportunity,Priority 3,0.255692148166916,0.05544401954535798,0.13800655490792008,0.056065478176277474,0.25,0.611,0.45,0.6666666666666666,0.3,0.3227785076174673,Low,2
C000089,P008,Premium Banking,Banking,Premium,False,1,At Risk,At-Risk Declining Customer,Critical Risk,Low Cross-Sell Opportunity,Priority 3,0.24657984686471396,0.05544401954535798,0.13800655490792008,0.056065478176277474,0.25,0.611,0.45,0.6666666666666666,0.3,0.32050043229191677,Low,3
C000089,P004,Personal Loan,Loan,Lending,False,1,At Risk,At-Risk Declining Customer,Critical Risk,Low Cross-Sell Opportunity,Priority 3,0.1338921123212578,0.05544401954535798,0.13800655490792008,0.056065478176277474,0.25,0.611,0.45,0.6666666666666666,0.3,0.2923284986560527,Low,4
C000089,P005,Home Loan,Loan,Lending,False,1,At Risk,At-Risk Declining Customer,Critical Risk,Low Cross-Sell Opportunity,Priority 3,0.12675874871708598,0.05544401954535798,0.13800655490792008,0.056065478176277474,0.25,0.611,0.45,0.6666666666666666,0.3,0.2905451577550098,Low,5
C000090,P008,Premium Banking,Banking,Premium,False,1,Premium High-Value,Premium Digital Customer,Low Risk,Moderate Cross-Sell Opportunity,Priority 2,0.8566216743136531,0.5909018483110261,0.9821662912305839,0.7859525818687465,0.6710526315789473,0.856,1.0,0.125,0.65,0.7835936829774607,High,1
C000090,P005,Home Loan,Loan,Lending,False,1,Premium High-Value,Premium Digital Customer,Low Risk,Moderate Cross-Sell Opportunity,Priority 2,0.7728557107952175,0.5909018483110261,0.9821662912305839,0.7859525818687465,0.6710526315789473,0.856,1.0,0.125,0.65,0.7626521920978517,High,2
C000090,P007,Term Insurance,Insurance,Protection,False,1,Premium High-Value,Premium Digital Customer,Low Risk,Moderate Cross-Sell Opportunity,Priority 2,0.7711488143950727,0.5909018483110261,0.9821662912305839,0.7859525818687465,0.6710526315789473,0.856,1.0,0.125,0.65,0.7622254679978155,High,3
C000090,P004,Personal Loan,Loan,Lending,False,1,Premium High-Value,Premium Digital Customer,Low Risk,Moderate Cross-Sell Opportunity,Priority 2,0.741686196039848,0.5909018483110261,0.9821662912305839,0.7859525818687465,0.6710526315789473,0.856,1.0,0.125,0.65,0.7548598134090093,High,4
C000091,P003,Rewards Credit Card,Credit Card,Cards,False,1,Premium High-Value,Premium Relationship Customer,Low Risk,Moderate Cross-Sell Opportunity,Priority 2,0.6854202343728024,0.49124707881878055,0.278990168336714,0.43544417001449404,0.881578947368421,0.65,1.0,0.125,0.65,0.7118413164622198,Medium,1
C000091,P004,Personal Loan,Loan,Lending,False,1,Premium High-Value,Premium Relationship Customer,Low Risk,Moderate Cross-Sell Opportunity,Priority 2,0.5645238240968622,0.49124707881878055,0.278990168336714,0.43544417001449404,0.881578947368421,0.65,1.0,0.125,0.65,0.6816172138932348,Medium,2
C000091,P007,Term Insurance,Insurance,Protection,False,1,Premium High-Value,Premium Relationship Customer,Low Risk,Moderate Cross-Sell Opportunity,Priority 2,0.5330427303964184,0.49124707881878055,0.278990168336714,0.43544417001449404,0.881578947368421,0.65,1.0,0.125,0.65,0.6737469404681238,Medium,3
C000091,P006,Mutual Fund Plan,Investment,Wealth,False,1,Premium High-Value,Premium Relationship Customer,Low Risk,Moderate Cross-Sell Opportunity,Priority 2,0.47262241899115387,0.49124707881878055,0.278990168336714,0.43544417001449404,0.881578947368421,0.65,1.0,0.125,0.65,0.6586418626168077,Medium,4
C000092,P003,Rewards Credit Card,Credit Card,Cards,False,1,Core Active,Core Relationship Customer,Moderate Risk,Moderate Cross-Sell Opportunity,Priority 3,0.37977658481988513,0.10189876779264924,0.07059362679639092,0.09616277776687536,0.4868421052631579,0.61,0.7,0.625,0.65,0.46935021555297485,Low,1
C000092,P008,Premium Banking,Banking,Premium,False,1,Core Active,Core Relationship Customer,Moderate Risk,Moderate Cross-Sell Opportunity,Priority 3,0.26916957983660983,0.10189876779264924,0.07059362679639092,0.09616277776687536,0.4868421052631579,0.61,0.7,0.625,0.65,0.441698464307156,Low,2
C000092,P006,Mutual Fund Plan,Investment,Wealth,False,1,Core Active,Core Relationship Customer,Moderate Risk,Moderate Cross-Sell Opportunity,Priority 3,0.25389946489408105,0.10189876779264924,0.07059362679639092,0.09616277776687536,0.4868421052631579,0.61,0.7,0.625,0.65,0.43788093557152385,Low,3
C000092,P007,Term Insurance,Insurance,Protection,False,1,Core Active,Core Relationship Customer,Moderate Risk,Moderate Cross-Sell Opportunity,Priority 3,0.25090028344684406,0.10189876779264924,0.07059362679639092,0.09616277776687536,0.4868421052631579,0.61,0.7,0.625,0.65,0.43713114020971455,Low,4
C000092,P004,Personal Loan,Loan,Lending,False,1,Core Active,Core Relationship Customer,Moderate Risk,Moderate Cross-Sell Opportunity,Priority 3,0.20344930613567389,0.10189876779264924,0.07059362679639092,0.09616277776687536,0.4868421052631579,0.61,0.7,0.625,0.65,0.425268395881922,Low,5
C000092,P005,Home Loan,Loan,Lending,False,1,Core Active,Core Relationship Customer,Moderate Risk,Moderate Cross-Sell Opportunity,Priority 3,0.16083280024176164,0.10189876779264924,0.07059362679639092,0.09616277776687536,0.4868421052631579,0.61,0.7,0.625,0.65,0.4146142694084439,Low,6
C000093,P008,Premium Banking,Banking,Premium,False,1,Premium High-Value,Premium Digital Customer,Moderate Risk,Moderate Cross-Sell Opportunity,Priority 2,0.5404614046070938,0.42333227108561716,0.32457866919930295,0.40670285030235576,0.7236842105263158,0.698,1.0,0.75,0.65,0.7056344369478442,Medium,1
C000093,P005,Home Loan,Loan,Lending,False,1,Premium High-Value,Premium Digital Customer,Moderate Risk,Moderate Cross-Sell Opportunity,Priority 2,0.46702687758469297,0.42333227108561716,0.32457866919930295,0.40670285030235576,0.7236842105263158,0.698,1.0,0.75,0.65,0.6872758051922441,Medium,2
C000094,P003,Rewards Credit Card,Credit Card,Cards,False,1,Core Active,Core Relationship Customer,Low Risk,Moderate Cross-Sell Opportunity,Priority 3,0.3833030650571551,0.08497981729339282,0.08501016279686317,0.03578881166847492,0.7105263157894737,0.637,0.7,0.25,0.65,0.4656006770913884,Low,1
C000094,P007,Term Insurance,Insurance,Protection,False,1,Core Active,Core Relationship Customer,Low Risk,Moderate Cross-Sell Opportunity,Priority 3,0.35918131621742666,0.08497981729339282,0.08501016279686317,0.03578881166847492,0.7105263157894737,0.637,0.7,0.25,0.65,0.4595702398814563,Low,2
C000094,P004,Personal Loan,Loan,Lending,False,1,Core Active,Core Relationship Customer,Low Risk,Moderate Cross-Sell Opportunity,Priority 3,0.33750849509913705,0.08497981729339282,0.08501016279686317,0.03578881166847492,0.7105263157894737,0.637,0.7,0.25,0.65,0.4541520346018839,Low,3
C000094,P006,Mutual Fund Plan,Investment,Wealth,False,1,Core Active,Core Relationship Customer,Low Risk,Moderate Cross-Sell Opportunity,Priority 3,0.3237353721821552,0.08497981729339282,0.08501016279686317,0.03578881166847492,0.7105263157894737,0.637,0.7,0.25,0.65,0.4507087538726384,Low,4
C000094,P008,Premium Banking,Banking,Premium,False,1,Core Active,Core Relationship Customer,Low Risk,Moderate Cross-Sell Opportunity,Priority 3,0.3055853721821552,0.08497981729339282,0.08501016279686317,0.03578881166847492,0.7105263157894737,0.637,0.7,0.25,0.65,0.44617125387263845,Low,5
C000094,P005,Home Loan,Loan,Lending,False,1,Core Active,Core Relationship Customer,Low Risk,Moderate Cross-Sell Opportunity,Priority 3,0.27987749763754133,0.08497981729339282,0.08501016279686317,0.03578881166847492,0.7105263157894737,0.637,0.7,0.25,0.65,0.439744285236485,Low,6
C000095,P003,Rewards Credit Card,Credit Card,Cards,False,1,Core Active,Core Relationship Customer,Low Risk,Moderate Cross-Sell Opportunity,Priority 3,0.3504498605044771,0.09297854259613342,0.00022040642105730112,0.06077299534528178,0.4473684210526316,0.663,0.7,0.625,0.65,0.45961343680324074,Low,1
C000095,P008,Premium Banking,Banking,Premium,False,1,Core Active,Core Relationship Customer,Low Risk,Moderate Cross-Sell Opportunity,Priority 3,0.2455026538377431,0.09297854259613342,0.00022040642105730112,0.06077299534528178,0.4473684210526316,0.663,0.7,0.625,0.65,0.4333766351365572,Low,2
C000095,P006,Mutual Fund Plan,Investment,Wealth,False,1,Core Active,Core Relationship Customer,Low Risk,Moderate Cross-Sell Opportunity,Priority 3,0.23447909061935235,0.09297854259613342,0.00022040642105730112,0.06077299534528178,0.4473684210526316,0.663,0.7,0.625,0.65,0.4306207443319595,Low,3
C000095,P004,Personal Loan,Loan,Lending,False,1,Core Active,Core Relationship Customer,Low Risk,Moderate Cross-Sell Opportunity,Priority 3,0.19593421736640887,0.09297854259613342,0.00022040642105730112,0.06077299534528178,0.4473684210526316,0.663,0.7,0.625,0.65,0.4209845260187237,Low,4
C000095,P005,Home Loan,Loan,Lending,False,1,Core Active,Core Relationship Customer,Low Risk,Moderate Cross-Sell Opportunity,Priority 3,0.14980206381958283,0.09297854259613342,0.00022040642105730112,0.06077299534528178,0.4473684210526316,0.663,0.7,0.625,0.65,0.4094514876320171,Low,5
C000096,P004,Personal Loan,Loan,Lending,False,1,Core Active,Core High-Activity Customer,Moderate Risk,Moderate Cross-Sell Opportunity,Priority 3,0.3449815343016143,0.14216857871255575,0.14721542160325238,0.12061710293552828,0.7763157894736842,0.602,0.7,0.0,0.65,0.4488264677389673,Low,1
C000096,P006,Mutual Fund Plan,Investment,Wealth,False,1,Core Active,Core High-Activity Customer,Moderate Risk,Moderate Cross-Sell Opportunity,Priority 3,0.30663139479575763,0.14216857871255575,0.14721542160325238,0.12061710293552828,0.7763157894736842,0.602,0.7,0.0,0.65,0.43923893286250315,Low,2
C000096,P008,Premium Banking,Banking,Premium,False,1,Core Active,Core High-Activity Customer,Moderate Risk,Moderate Cross-Sell Opportunity,Priority 3,0.30311070514058525,0.14216857871255575,0.14721542160325238,0.12061710293552828,0.7763157894736842,0.602,0.7,0.0,0.65,0.43835876044871,Low,3
C000096,P005,Home Loan,Loan,Lending,False,1,Core Active,Core High-Activity Customer,Moderate Risk,Moderate Cross-Sell Opportunity,Priority 3,0.28447898723680876,0.14216857871255575,0.14721542160325238,0.12061710293552828,0.7763157894736842,0.602,0.7,0.0,0.65,0.4337008309727659,Low,4
C000097,P003,Rewards Credit Card,Credit Card,Cards,False,1,Core Active,Core Relationship Customer,Low Risk,Moderate Cross-Sell Opportunity,Priority 3,0.3541874574216601,0.03758763543658381,0.061822778566994994,0.028636189055758494,0.39473684210526316,0.571,0.7,0.0,0.65,0.3698749177585212,Low,1
C000097,P008,Premium Banking,Banking,Premium,False,1,Core Active,Core Relationship Customer,Low Risk,Moderate Cross-Sell Opportunity,Priority 3,0.29333965741783996,0.03758763543658381,0.061822778566994994,0.028636189055758494,0.39473684210526316,0.571,0.7,0.0,0.65,0.3546629677575662,Low,2
C000097,P006,Mutual Fund Plan,Investment,Wealth,False,1,Core Active,Core Relationship Customer,Low Risk,Moderate Cross-Sell Opportunity,Priority 3,0.2886402321304836,0.03758763543658381,0.061822778566994994,0.028636189055758494,0.39473684210526316,0.571,0.7,0.0,0.65,0.3534881114357271,Low,3
C000097,P005,Home Loan,Loan,Lending,False,1,Core Active,Core Relationship Customer,Low Risk,Moderate Cross-Sell Opportunity,Priority 3,0.14559153322693605,0.03758763543658381,0.061822778566994994,0.028636189055758494,0.39473684210526316,0.571,0.7,0.0,0.65,0.3177259367098403,Low,4
C000098,P007,Term Insurance,Insurance,Protection,False,1,Premium High-Value,Premium Digital Customer,Low Risk,Moderate Cross-Sell Opportunity,Priority 2,0.603867499906487,0.7557467601444657,0.5476610547442744,0.6985885391698136,0.7763157894736842,0.774,1.0,0.45,0.65,0.7934635954265676,High,1
C000099,P008,Premium Banking,Banking,Premium,False,1,Dormant / Declining,Dormant Reactivation Target,Critical Risk,Low Cross-Sell Opportunity,Priority 4,0.19841085384723528,0.04576163161249203,0.23627952564067187,0.046335051869129625,0.039473684210526314,0.284,0.25,0.1,0.3,0.15557609241588616,Low,1
C000099,P006,Mutual Fund Plan,Investment,Wealth,False,1,Dormant / Declining,Dormant Reactivation Target,Critical Risk,Low Cross-Sell Opportunity,Priority 4,0.1942683251116031,0.04576163161249203,0.23627952564067187,0.046335051869129625,0.039473684210526314,0.284,0.25,0.1,0.3,0.15454046023197815,Low,2
C000099,P007,Term Insurance,Insurance,Protection,False,1,Dormant / Declining,Dormant Reactivation Target,Critical Risk,Low Cross-Sell Opportunity,Priority 4,0.1768297438016262,0.04576163161249203,0.23627952564067187,0.046335051869129625,0.039473684210526314,0.284,0.25,0.1,0.3,0.15018081490448393,Low,3
C000099,P003,Rewards Credit Card,Credit Card,Cards,False,1,Dormant / Declining,Dormant Reactivation Target,Critical Risk,Low Cross-Sell Opportunity,Priority 4,0.12670276921576118,0.04576163161249203,0.23627952564067187,0.046335051869129625,0.039473684210526314,0.284,0.25,0.1,0.3,0.13764907125801767,Low,4
C000099,P005,Home Loan,Loan,Lending,False,1,Dormant / Declining,Dormant Reactivation Target,Critical Risk,Low Cross-Sell Opportunity,Priority 4,0.1256537161576428,0.04576163161249203,0.23627952564067187,0.046335051869129625,0.039473684210526314,0.284,0.25,0.1,0.3,0.13738680799348807,Low,5
C000099,P004,Personal Loan,Loan,Lending,False,1,Dormant / Declining,Dormant Reactivation Target,Critical Risk,Low Cross-Sell Opportunity,Priority 4,0.09650457933888301,0.04576163161249203,0.23627952564067187,0.046335051869129625,0.039473684210526314,0.284,0.25,0.1,0.3,0.13009952378879813,Low,6
C000100,P008,Premium Banking,Banking,Premium,False,1,Core Active,Core Digital Customer,Moderate Risk,Moderate Cross-Sell Opportunity,Priority 3,0.2851497989139643,0.09888463989802422,0.04601569112083476,0.03789095754870821,0.3026315789473684,0.834,0.7,0.2,0.65,0.39735911455020123,Low,1
C000100,P006,Mutual Fund Plan,Investment,Wealth,False,1,Core Active,Core Digital Customer,Moderate Risk,Moderate Cross-Sell Opportunity,Priority 3,0.26212795983350456,0.09888463989802422,0.04601569112083476,0.03789095754870821,0.3026315789473684,0.834,0.7,0.2,0.65,0.3916036547800863,Low,2
C000100,P007,Term Insurance,Insurance,Protection,False,1,Core Active,Core Digital Customer,Moderate Risk,Moderate Cross-Sell Opportunity,Priority 3,0.25947398867260146,0.09888463989802422,0.04601569112083476,0.03789095754870821,0.3026315789473684,0.834,0.7,0.2,0.65,0.3909401619898605,Low,3
C000100,P004,Personal Loan,Loan,Lending,False,1,Core Active,Core Digital Customer,Moderate Risk,Moderate Cross-Sell Opportunity,Priority 3,0.1607067356953685,0.09888463989802422,0.04601569112083476,0.03789095754870821,0.3026315789473684,0.834,0.7,0.2,0.65,0.36624834874555223,Low,4
C000100,P005,Home Loan,Loan,Lending,False,1,Core Active,Core Digital Customer,Moderate Risk,Moderate Cross-Sell Opportunity,Priority 3,0.13850106770878728,0.09888463989802422,0.04601569112083476,0.03789095754870821,0.3026315789473684,0.834,0.7,0.2,0.65,0.36069693174890693,Low,5
C000101,P003,Rewards Credit Card,Credit Card,Cards,False,1,Core Active,Core Relationship Customer,Moderate Risk,Moderate Cross-Sell Opportunity,Priority 3,0.3464094442121058,0.09477374123645634,0.336387353631449,0.10925411434664335,0.4605263157894737,0.567,0.7,0.16666666666666666,0.65,0.4055027233354055,Low,1
C000101,P008,Premium Banking,Banking,Premium,False,1,Core Active,Core Relationship Customer,Moderate Risk,Moderate Cross-Sell Opportunity,Priority 3,0.32624119695170267,0.09477374123645634,0.336387353631449,0.10925411434664335,0.4605263157894737,0.567,0.7,0.16666666666666666,0.65,0.4004606615203047,Low,2
C000101,P006,Mutual Fund Plan,Investment,Wealth,False,1,Core Active,Core Relationship Customer,Moderate Risk,Moderate Cross-Sell Opportunity,Priority 3,0.3099601624689441,0.09477374123645634,0.336387353631449,0.10925411434664335,0.4605263157894737,0.567,0.7,0.16666666666666666,0.65,0.396390402899615,Low,3
C000101,P007,Term Insurance,Insurance,Protection,False,1,Core Active,Core Relationship Customer,Moderate Risk,Moderate Cross-Sell Opportunity,Priority 3,0.28633151573474297,0.09477374123645634,0.336387353631449,0.10925411434664335,0.4605263157894737,0.567,0.7,0.16666666666666666,0.65,0.3904832412160647,Low,4
C000101,P005,Home Loan,Loan,Lending,False,1,Core Active,Core Relationship Customer,Moderate Risk,Moderate Cross-Sell Opportunity,Priority 3,0.2272719550875303,0.09477374123645634,0.336387353631449,0.10925411434664335,0.4605263157894737,0.567,0.7,0.16666666666666666,0.65,0.37571835105426155,Low,5
C000102,P008,Premium Banking,Banking,Premium,False,1,Core Active,Core Relationship Customer,High Risk,Moderate Cross-Sell Opportunity,Priority 3,0.2964935330411833,0.1276981091990652,0.22932257684796462,0.07887088740553426,0.5789473684210527,0.494,0.7,0.625,0.65,0.43590511036326673,Low,1
C000102,P006,Mutual Fund Plan,Investment,Wealth,False,1,Core Active,Core Relationship Customer,High Risk,Moderate Cross-Sell Opportunity,Priority 3,0.29621882039750513,0.1276981091990652,0.22932257684796462,0.07887088740553426,0.5789473684210527,0.494,0.7,0.625,0.65,0.43583643220234725,Low,2
C000102,P004,Personal Loan,Loan,Lending,False,1,Core Active,Core Relationship Customer,High Risk,Moderate Cross-Sell Opportunity,Priority 3,0.2775473325211972,0.1276981091990652,0.22932257684796462,0.07887088740553426,0.5789473684210527,0.494,0.7,0.625,0.65,0.4311685602332702,Low,3
C000102,P007,Term Insurance,Insurance,Protection,False,1,Core Active,Core Relationship Customer,High Risk,Moderate Cross-Sell Opportunity,Priority 3,0.261101676410718,0.1276981091990652,0.22932257684796462,0.07887088740553426,0.5789473684210527,0.494,0.7,0.625,0.65,0.4270571462056504,Low,4
C000102,P005,Home Loan,Loan,Lending,False,1,Core Active,Core Relationship Customer,High Risk,Moderate Cross-Sell Opportunity,Priority 3,0.25254879892568644,0.1276981091990652,0.22932257684796462,0.07887088740553426,0.5789473684210527,0.494,0.7,0.625,0.65,0.4249189268343926,Low,5
C000103,P006,Mutual Fund Plan,Investment,Wealth,False,1,Core Active,Core Relationship Customer,Critical Risk,Low Cross-Sell Opportunity,Priority 4,0.13999599525916753,0.07057308264287232,0.048201941183271604,0.0837111028252579,0.2631578947368421,0.144,0.7,0.5,0.3,0.27298729955389267,Low,1
C000103,P008,Premium Banking,Banking,Premium,False,1,Core Active,Core Relationship Customer,Critical Risk,Low Cross-Sell Opportunity,Priority 4,0.13627645502928248,0.07057308264287232,0.048201941183271604,0.0837111028252579,0.2631578947368421,0.144,0.7,0.5,0.3,0.2720574144964214,Low,2
C000103,P004,Personal Loan,Loan,Lending,False,1,Core Active,Core Relationship Customer,Critical Risk,Low Cross-Sell Opportunity,Priority 4,0.1305346361724276,0.07057308264287232,0.048201941183271604,0.0837111028252579,0.2631578947368421,0.144,0.7,0.5,0.3,0.27062195978220766,Low,3
C000103,P005,Home Loan,Loan,Lending,False,1,Core Active,Core Relationship Customer,Critical Risk,Low Cross-Sell Opportunity,Priority 4,0.10660668172585197,0.07057308264287232,0.048201941183271604,0.0837111028252579,0.2631578947368421,0.144,0.7,0.5,0.3,0.26463997117056376,Low,4
C000104,P003,Rewards Credit Card,Credit Card,Cards,False,1,Core Active,Core Relationship Customer,High Risk,Moderate Cross-Sell Opportunity,Priority 3,0.27514421261815364,0.0775520501380922,0.12523031772406443,0.05448197686751762,0.4868421052631579,0.339,0.7,0.6,0.65,0.38872277897163054,Low,1
C000104,P007,Term Insurance,Insurance,Protection,False,1,Core Active,Core Relationship Customer,High Risk,Moderate Cross-Sell Opportunity,Priority 3,0.2639865912223447,0.0775520501380922,0.12523031772406443,0.05448197686751762,0.4868421052631579,0.339,0.7,0.6,0.65,0.3859333736226783,Low,2
C000104,P006,Mutual Fund Plan,Investment,Wealth,False,1,Core Active,Core Relationship Customer,High Risk,Moderate Cross-Sell Opportunity,Priority 3,0.2603766498972797,0.0775520501380922,0.12523031772406443,0.05448197686751762,0.4868421052631579,0.339,0.7,0.6,0.65,0.3850308882914121,Low,3
C000104,P004,Personal Loan,Loan,Lending,False,1,Core Active,Core Relationship Customer,High Risk,Moderate Cross-Sell Opportunity,Priority 3,0.25203911705720694,0.0775520501380922,0.12523031772406443,0.05448197686751762,0.4868421052631579,0.339,0.7,0.6,0.65,0.38294650508139383,Low,4
C000104,P008,Premium Banking,Banking,Premium,False,1,Core Active,Core Relationship Customer,High Risk,Moderate Cross-Sell Opportunity,Priority 3,0.24341860392026823,0.0775520501380922,0.12523031772406443,0.05448197686751762,0.4868421052631579,0.339,0.7,0.6,0.65,0.38079137679715924,Low,5
C000104,P005,Home Loan,Loan,Lending,False,1,Core Active,Core Relationship Customer,High Risk,Moderate Cross-Sell Opportunity,Priority 3,0.22056885900965364,0.0775520501380922,0.12523031772406443,0.05448197686751762,0.4868421052631579,0.339,0.7,0.6,0.65,0.3750789405695055,Low,6
C000105,P008,Premium Banking,Banking,Premium,False,1,Core Active,Core Relationship Customer,Low Risk,Moderate Cross-Sell Opportunity,Priority 3,0.23487484462152758,0.11253717867006587,0.07910634452632355,0.09772618743908264,0.3815789473684211,0.399,0.7,0.0,0.65,0.3358629889946583,Low,1
C000105,P006,Mutual Fund Plan,Investment,Wealth,False,1,Core Active,Core Relationship Customer,Low Risk,Moderate Cross-Sell Opportunity,Priority 3,0.23475243082842412,0.11253717867006587,0.07910634452632355,0.09772618743908264,0.3815789473684211,0.399,0.7,0.0,0.65,0.3358323855463824,Low,2
C000105,P004,Personal Loan,Loan,Lending,False,1,Core Active,Core Relationship Customer,Low Risk,Moderate Cross-Sell Opportunity,Priority 3,0.2009708908621587,0.11253717867006587,0.07910634452632355,0.09772618743908264,0.3815789473684211,0.399,0.7,0.0,0.65,0.32738700055481595,Low,3
C000105,P005,Home Loan,Loan,Lending,False,1,Core Active,Core Relationship Customer,Low Risk,Moderate Cross-Sell Opportunity,Priority 3,0.17053318799386014,0.11253717867006587,0.07910634452632355,0.09772618743908264,0.3815789473684211,0.399,0.7,0.0,0.65,0.3197775748377414,Low,4
C000105,P007,Term Insurance,Insurance,Protection,False,1,Core Active,Core Relationship Customer,Low Risk,Moderate Cross-Sell Opportunity,Priority 3,0.16605260299062682,0.11253717867006587,0.07910634452632355,0.09772618743908264,0.3815789473684211,0.399,0.7,0.0,0.65,0.318657428586933,Low,5
C000106,P007,Term Insurance,Insurance,Protection,False,1,Premium High-Value,Premium Relationship Customer,Critical Risk,Moderate Cross-Sell Opportunity,Priority 2,0.5475749469695131,0.3522625876354366,0.3107238028106534,0.3279011155063513,0.47368421052631576,0.383,1.0,0.6666666666666666,0.65,0.5958655525150797,Medium,1
C000106,P004,Personal Loan,Loan,Lending,False,1,Premium High-Value,Premium Relationship Customer,Critical Risk,Moderate Cross-Sell Opportunity,Priority 2,0.45898372226358997,0.3522625876354366,0.3107238028106534,0.3279011155063513,0.47368421052631576,0.383,1.0,0.6666666666666666,0.65,0.5737177463385988,Medium,2
C000106,P005,Home Loan,Loan,Lending,False,1,Premium High-Value,Premium Relationship Customer,Critical Risk,Moderate Cross-Sell Opportunity,Priority 2,0.4430468894636931,0.3522625876354366,0.3107238028106534,0.3279011155063513,0.47368421052631576,0.383,1.0,0.6666666666666666,0.65,0.5697335381386246,Medium,3
C000106,P006,Mutual Fund Plan,Investment,Wealth,False,1,Premium High-Value,Premium Relationship Customer,Critical Risk,Moderate Cross-Sell Opportunity,Priority 2,0.4082521526845022,0.3522625876354366,0.3107238028106534,0.3279011155063513,0.47368421052631576,0.383,1.0,0.6666666666666666,0.65,0.5610348539438269,Medium,4
C000106,P008,Premium Banking,Banking,Premium,False,1,Premium High-Value,Premium Relationship Customer,Critical Risk,Moderate Cross-Sell Opportunity,Priority 2,0.405275715902893,0.3522625876354366,0.3107238028106534,0.3279011155063513,0.47368421052631576,0.383,1.0,0.6666666666666666,0.65,0.5602907447484246,Medium,5
C000107,P007,Term Insurance,Insurance,Protection,False,1,Dormant / Declining,Dormant Reactivation Target,Critical Risk,Low Cross-Sell Opportunity,Priority 4,0.3330861724956421,0.014579349904397706,0.12923710386661325,0.025367793760752533,0.11842105263157894,0.472,0.25,0.25,0.3,0.2286505709995269,Low,1
C000107,P008,Premium Banking,Banking,Premium,False,1,Dormant / Declining,Dormant Reactivation Target,Critical Risk,Low Cross-Sell Opportunity,Priority 4,0.21040315082109065,0.014579349904397706,0.12923710386661325,0.025367793760752533,0.11842105263157894,0.472,0.25,0.25,0.3,0.19797981558088906,Low,2
C000107,P006,Mutual Fund Plan,Investment,Wealth,False,1,Dormant / Declining,Dormant Reactivation Target,Critical Risk,Low Cross-Sell Opportunity,Priority 4,0.2083548749590217,0.014579349904397706,0.12923710386661325,0.025367793760752533,0.11842105263157894,0.472,0.25,0.25,0.3,0.1974677466153718,Low,3
C000107,P003,Rewards Credit Card,Credit Card,Cards,False,1,Dormant / Declining,Dormant Reactivation Target,Critical Risk,Low Cross-Sell Opportunity,Priority 4,0.1806954149923748,0.014579349904397706,0.12923710386661325,0.025367793760752533,0.11842105263157894,0.472,0.25,0.25,0.3,0.1905528816237101,Low,4
C000107,P005,Home Loan,Loan,Lending,False,1,Dormant / Declining,Dormant Reactivation Target,Critical Risk,Low Cross-Sell Opportunity,Priority 4,0.12290796067954943,0.014579349904397706,0.12923710386661325,0.025367793760752533,0.11842105263157894,0.472,0.25,0.25,0.3,0.17610601804550374,Low,5
C000107,P004,Personal Loan,Loan,Lending,False,1,Dormant / Declining,Dormant Reactivation Target,Critical Risk,Low Cross-Sell Opportunity,Priority 4,0.11717231224357069,0.014579349904397706,0.12923710386661325,0.025367793760752533,0.11842105263157894,0.472,0.25,0.25,0.3,0.17467210593650906,Low,6
C000108,P004,Personal Loan,Loan,Lending,False,1,Premium High-Value,Premium Relationship Customer,Low Risk,Moderate Cross-Sell Opportunity,Priority 2,0.41817877852146323,0.1787709793923943,0.14484753708923107,0.1893286309558853,0.7368421052631579,0.793,1.0,0.3,0.65,0.5926252062983184,Medium,1
C000108,P008,Premium Banking,Banking,Premium,False,1,Premium High-Value,Premium Relationship Customer,Low Risk,Moderate Cross-Sell Opportunity,Priority 2,0.39796601778771235,0.1787709793923943,0.14484753708923107,0.1893286309558853,0.7368421052631579,0.793,1.0,0.3,0.65,0.5875720161148807,Medium,2
C000108,P006,Mutual Fund Plan,Investment,Wealth,False,1,Premium High-Value,Premium Relationship Customer,Low Risk,Moderate Cross-Sell Opportunity,Priority 2,0.3841780867532295,0.1787709793923943,0.14484753708923107,0.1893286309558853,0.7368421052631579,0.793,1.0,0.3,0.65,0.58412503335626,Medium,3
C000108,P005,Home Loan,Loan,Lending,False,1,Premium High-Value,Premium Relationship Customer,Low Risk,Moderate Cross-Sell Opportunity,Priority 2,0.3562273844325633,0.1787709793923943,0.14484753708923107,0.1893286309558853,0.7368421052631579,0.793,1.0,0.3,0.65,0.5771373577760934,Medium,4
C000109,P007,Term Insurance,Insurance,Protection,False,1,Core Active,Core Relationship Customer,Low Risk,Moderate Cross-Sell Opportunity,Priority 2,0.37880131893771896,0.13162577012959423,0.19149929808763375,0.016946127313692126,0.5526315789473685,0.666,0.7,0.5416666666666666,0.65,0.4821868872691205,Low,1
C000109,P008,Premium Banking,Banking,Premium,False,1,Core Active,Core Relationship Customer,Low Risk,Moderate Cross-Sell Opportunity,Priority 2,0.3140008361813423,0.13162577012959423,0.19149929808763375,0.016946127313692126,0.5526315789473685,0.666,0.7,0.5416666666666666,0.65,0.46598676658002636,Low,2
C000109,P006,Mutual Fund Plan,Investment,Wealth,False,1,Core Active,Core Relationship Customer,Low Risk,Moderate Cross-Sell Opportunity,Priority 2,0.28989623848019286,0.13162577012959423,0.19149929808763375,0.016946127313692126,0.5526315789473685,0.666,0.7,0.5416666666666666,0.65,0.459960617154739,Low,3
C000109,P004,Personal Loan,Loan,Lending,False,1,Core Active,Core Relationship Customer,Low Risk,Moderate Cross-Sell Opportunity,Priority 2,0.20971437390078718,0.13162577012959423,0.19149929808763375,0.016946127313692126,0.5526315789473685,0.666,0.7,0.5416666666666666,0.65,0.43991515100988754,Low,4
C000109,P005,Home Loan,Loan,Lending,False,1,Core Active,Core Relationship Customer,Low Risk,Moderate Cross-Sell Opportunity,Priority 2,0.18806278649430588,0.13162577012959423,0.19149929808763375,0.016946127313692126,0.5526315789473685,0.666,0.7,0.5416666666666666,0.65,0.43450225415826726,Low,5
C000110,P007,Term Insurance,Insurance,Protection,False,1,At Risk,At-Risk Declining Customer,Critical Risk,Low Cross-Sell Opportunity,Priority 4,0.2818592641581734,0.08211174845974081,0.06531260511657264,0.02011920414691378,0.11842105263157894,0.315,0.45,0.25,0.3,0.24365032362622835,Low,1
C000110,P006,Mutual Fund Plan,Investment,Wealth,False,1,At Risk,At-Risk Declining Customer,Critical Risk,Low Cross-Sell Opportunity,Priority 4,0.20586237863225168,0.08211174845974081,0.06531260511657264,0.02011920414691378,0.11842105263157894,0.315,0.45,0.25,0.3,0.22465110224474794,Low,2
C000110,P008,Premium Banking,Banking,Premium,False,1,At Risk,At-Risk Declining Customer,Critical Risk,Low Cross-Sell Opportunity,Priority 4,0.18598019472420574,0.08211174845974081,0.06531260511657264,0.02011920414691378,0.11842105263157894,0.315,0.45,0.25,0.3,0.21968055626773642,Low,3
C000110,P005,Home Loan,Loan,Lending,False,1,At Risk,At-Risk Declining Customer,Critical Risk,Low Cross-Sell Opportunity,Priority 4,0.1690834708978683,0.08211174845974081,0.06531260511657264,0.02011920414691378,0.11842105263157894,0.315,0.45,0.25,0.3,0.21545637531115208,Low,4
C000110,P004,Personal Loan,Loan,Lending,False,1,At Risk,At-Risk Declining Customer,Critical Risk,Low Cross-Sell Opportunity,Priority 4,0.16903501838524465,0.08211174845974081,0.06531260511657264,0.02011920414691378,0.11842105263157894,0.315,0.45,0.25,0.3,0.21544426218299617,Low,5
C000110,P003,Rewards Credit Card,Credit Card,Cards,False,1,At Risk,At-Risk Declining Customer,Critical Risk,Low Cross-Sell Opportunity,Priority 4,0.13093067725032106,0.08211174845974081,0.06531260511657264,0.02011920414691378,0.11842105263157894,0.315,0.45,0.25,0.3,0.20591817689926528,Low,6
C000111,P004,Personal Loan,Loan,Lending,False,1,Premium High-Value,Premium Digital Customer,Low Risk,Moderate Cross-Sell Opportunity,Priority 2,0.620516567931907,0.542683768854897,0.3950933548686591,0.5337072246721559,0.8947368421052632,0.801,1.0,0.5833333333333333,0.65,0.7688097554030789,High,1
C000111,P005,Home Loan,Loan,Lending,False,1,Premium High-Value,Premium Digital Customer,Low Risk,Moderate Cross-Sell Opportunity,Priority 2,0.5640703529272088,0.542683768854897,0.3950933548686591,0.5337072246721559,0.8947368421052632,0.801,1.0,0.5833333333333333,0.65,0.7546982016519044,High,2
C000111,P006,Mutual Fund Plan,Investment,Wealth,False,1,Premium High-Value,Premium Digital Customer,Low Risk,Moderate Cross-Sell Opportunity,Priority 2,0.5600940444795862,0.542683768854897,0.3950933548686591,0.5337072246721559,0.8947368421052632,0.801,1.0,0.5833333333333333,0.65,0.7537041245399988,High,3
C000112,P003,Rewards Credit Card,Credit Card,Cards,False,1,Core Active,Core Relationship Customer,Moderate Risk,Moderate Cross-Sell Opportunity,Priority 3,0.33754330051154185,0.07884002549394518,0.12100731672472566,0.08416386551873335,0.3684210526315789,0.662,0.7,0.25,0.65,0.3841169881214114,Low,1
C000112,P008,Premium Banking,Banking,Premium,False,1,Core Active,Core Relationship Customer,Moderate Risk,Moderate Cross-Sell Opportunity,Priority 3,0.3056352584677269,0.07884002549394518,0.12100731672472566,0.08416386551873335,0.3684210526315789,0.662,0.7,0.25,0.65,0.3761399776104576,Low,2
C000112,P006,Mutual Fund Plan,Investment,Wealth,False,1,Core Active,Core Relationship Customer,Moderate Risk,Moderate Cross-Sell Opportunity,Priority 3,0.3047191665137039,0.07884002549394518,0.12100731672472566,0.08416386551873335,0.3684210526315789,0.662,0.7,0.25,0.65,0.3759109546219519,Low,3
C000112,P004,Personal Loan,Loan,Lending,False,1,Core Active,Core Relationship Customer,Moderate Risk,Moderate Cross-Sell Opportunity,Priority 3,0.2288718129248859,0.07884002549394518,0.12100731672472566,0.08416386551873335,0.3684210526315789,0.662,0.7,0.25,0.65,0.35694911622474734,Low,4
C000112,P005,Home Loan,Loan,Lending,False,1,Core Active,Core Relationship Customer,Moderate Risk,Moderate Cross-Sell Opportunity,Priority 3,0.20570641989326077,0.07884002549394518,0.12100731672472566,0.08416386551873335,0.3684210526315789,0.662,0.7,0.25,0.65,0.35115776796684106,Low,5
C000113,P006,Mutual Fund Plan,Investment,Wealth,False,1,Core Active,Core Relationship Customer,High Risk,Moderate Cross-Sell Opportunity,Priority 3,0.2912468893362475,0.11610633099638835,0.4164126986233855,0.09295652637097385,0.19736842105263158,0.182,0.7,0.2,0.65,0.3013382516912343,Low,1
C000113,P008,Premium Banking,Banking,Premium,False,1,Core Active,Core Relationship Customer,High Risk,Moderate Cross-Sell Opportunity,Priority 3,0.28655378588797165,0.11610633099638835,0.4164126986233855,0.09295652637097385,0.19736842105263158,0.182,0.7,0.2,0.65,0.30016497582916535,Low,2
C000113,P005,Home Loan,Loan,Lending,False,1,Core Active,Core Relationship Customer,High Risk,Moderate Cross-Sell Opportunity,Priority 3,0.2359728305229397,0.11610633099638835,0.4164126986233855,0.09295652637097385,0.19736842105263158,0.182,0.7,0.2,0.65,0.28751973698790734,Low,3
C000113,P004,Personal Loan,Loan,Lending,False,1,Core Active,Core Relationship Customer,High Risk,Moderate Cross-Sell Opportunity,Priority 3,0.196738103921973,0.11610633099638835,0.4164126986233855,0.09295652637097385,0.19736842105263158,0.182,0.7,0.2,0.65,0.2777110553376657,Low,4
C000113,P003,Rewards Credit Card,Credit Card,Cards,False,1,Core Active,Core Relationship Customer,High Risk,Moderate Cross-Sell Opportunity,Priority 3,0.1821362479982268,0.11610633099638835,0.4164126986233855,0.09295652637097385,0.19736842105263158,0.182,0.7,0.2,0.65,0.2740605913567291,Low,5
C000114,P007,Term Insurance,Insurance,Protection,False,1,Core Active,Core Relationship Customer,Moderate Risk,Moderate Cross-Sell Opportunity,Priority 3,0.3605042975267919,0.09303696622052263,0.1989267499693492,0.10077123849520184,0.4473684210526316,0.266,0.7,0.125,0.65,0.35243873078369725,Low,1
C000114,P006,Mutual Fund Plan,Investment,Wealth,False,1,Core Active,Core Relationship Customer,Moderate Risk,Moderate Cross-Sell Opportunity,Priority 3,0.23711142806342786,0.09303696622052263,0.1989267499693492,0.10077123849520184,0.4473684210526316,0.266,0.7,0.125,0.65,0.32159051341785627,Low,2
C000114,P008,Premium Banking,Banking,Premium,False,1,Core Active,Core Relationship Customer,Moderate Risk,Moderate Cross-Sell Opportunity,Priority 3,0.2305838418565313,0.09303696622052263,0.1989267499693492,0.10077123849520184,0.4473684210526316,0.266,0.7,0.125,0.65,0.31995861686613214,Low,3
C000114,P004,Personal Loan,Loan,Lending,False,1,Core Active,Core Relationship Customer,Moderate Risk,Moderate Cross-Sell Opportunity,Priority 3,0.22686079289181552,0.09303696622052263,0.1989267499693492,0.10077123849520184,0.4473684210526316,0.266,0.7,0.125,0.65,0.3190278546249532,Low,4
C000114,P005,Home Loan,Loan,Lending,False,1,Core Active,Core Relationship Customer,Moderate Risk,Moderate Cross-Sell Opportunity,Priority 3,0.20653768774346065,0.09303696622052263,0.1989267499693492,0.10077123849520184,0.4473684210526316,0.266,0.7,0.125,0.65,0.3139470783378644,Low,5
C000115,P007,Term Insurance,Insurance,Protection,False,1,Premium High-Value,Premium Relationship Customer,Low Risk,Moderate Cross-Sell Opportunity,Priority 2,0.4524827664122767,0.19073454429572975,0.15689094912034784,0.17241100573125617,0.5263157894736842,0.781,1.0,0.45,0.65,0.5858149688832678,Medium,1
C000115,P008,Premium Banking,Banking,Premium,False,1,Premium High-Value,Premium Relationship Customer,Low Risk,Moderate Cross-Sell Opportunity,Priority 2,0.39255165138139303,0.19073454429572975,0.15689094912034784,0.17241100573125617,0.5263157894736842,0.781,1.0,0.45,0.65,0.5708321901255469,Medium,2
C000115,P005,Home Loan,Loan,Lending,False,1,Premium High-Value,Premium Relationship Customer,Low Risk,Moderate Cross-Sell Opportunity,Priority 2,0.30766257200148306,0.19073454429572975,0.15689094912034784,0.17241100573125617,0.5263157894736842,0.781,1.0,0.45,0.65,0.5496099202805694,Low,3
C000116,P005,Home Loan,Loan,Lending,False,1,Premium High-Value,Premium Digital Customer,Low Risk,Moderate Cross-Sell Opportunity,Priority 3,0.4390906472648647,0.4729339281920544,0.06388537748354549,0.43545164597228103,0.6447368421052632,0.678,1.0,0.0,0.65,0.6213699737704166,Medium,1
C000117,P003,Rewards Credit Card,Credit Card,Cards,False,1,Core Active,Core Relationship Customer,High Risk,Low Cross-Sell Opportunity,Priority 3,0.23537621153310778,0.015046738899511367,0.013322188429675856,0.0,0.4342105263157895,0.376,0.7,0.16666666666666666,0.3,0.3012516462772143,Low,1
C000117,P007,Term Insurance,Insurance,Protection,False,1,Core Active,Core Relationship Customer,High Risk,Low Cross-Sell Opportunity,Priority 3,0.156929144526533,0.015046738899511367,0.013322188429675856,0.0,0.4342105263157895,0.376,0.7,0.16666666666666666,0.3,0.2816398795255706,Low,2
C000117,P008,Premium Banking,Banking,Premium,False,1,Core Active,Core Relationship Customer,High Risk,Low Cross-Sell Opportunity,Priority 3,0.13735714984292197,0.015046738899511367,0.013322188429675856,0.0,0.4342105263157895,0.376,0.7,0.16666666666666666,0.3,0.27674688085466786,Low,3
C000117,P006,Mutual Fund Plan,Investment,Wealth,False,1,Core Active,Core Relationship Customer,High Risk,Low Cross-Sell Opportunity,Priority 3,0.1297640463946461,0.015046738899511367,0.013322188429675856,0.0,0.4342105263157895,0.376,0.7,0.16666666666666666,0.3,0.2748486049925989,Low,4
C000117,P004,Personal Loan,Loan,Lending,False,1,Core Active,Core Relationship Customer,High Risk,Low Cross-Sell Opportunity,Priority 3,0.1269751448526351,0.015046738899511367,0.013322188429675856,0.0,0.4342105263157895,0.376,0.7,0.16666666666666666,0.3,0.2741513796070961,Low,5
C000117,P005,Home Loan,Loan,Lending,False,1,Core Active,Core Relationship Customer,High Risk,Low Cross-Sell Opportunity,Priority 3,0.0863047574304831,0.015046738899511367,0.013322188429675856,0.0,0.4342105263157895,0.376,0.7,0.16666666666666666,0.3,0.26398378275155815,Low,6
C000118,P008,Premium Banking,Banking,Premium,False,1,Core Active,Core Relationship Customer,Moderate Risk,Low Cross-Sell Opportunity,Priority 3,0.27610859133082954,0.06266730401529637,0.138963279451939,0.05338160933074291,0.6578947368421053,0.669,0.7,0.4666666666666667,0.3,0.41381148582874916,Low,1
C000118,P006,Mutual Fund Plan,Investment,Wealth,False,1,Core Active,Core Relationship Customer,Moderate Risk,Low Cross-Sell Opportunity,Priority 3,0.2463942235147376,0.06266730401529637,0.138963279451939,0.05338160933074291,0.6578947368421053,0.669,0.7,0.4666666666666667,0.3,0.40638289387472615,Low,2
C000118,P004,Personal Loan,Loan,Lending,False,1,Core Active,Core Relationship Customer,Moderate Risk,Low Cross-Sell Opportunity,Priority 3,0.19310684890867352,0.06266730401529637,0.138963279451939,0.05338160933074291,0.6578947368421053,0.669,0.7,0.4666666666666667,0.3,0.39306105022321014,Low,3
C000119,P006,Mutual Fund Plan,Investment,Wealth,False,1,Premium High-Value,Premium Digital Customer,Low Risk,Moderate Cross-Sell Opportunity,Priority 3,0.39902023534198283,0.19584926704907585,0.11128183973344445,0.16275440450725498,0.631578947368421,0.919,1.0,0.25,0.65,0.6030617543505741,Medium,1
C000119,P007,Term Insurance,Insurance,Protection,False,1,Premium High-Value,Premium Digital Customer,Low Risk,Moderate Cross-Sell Opportunity,Priority 3,0.34406312077615486,0.19584926704907585,0.11128183973344445,0.16275440450725498,0.631578947368421,0.919,1.0,0.25,0.65,0.5893224757091171,Medium,2
C000119,P005,Home Loan,Loan,Lending,False,1,Premium High-Value,Premium Digital Customer,Low Risk,Moderate Cross-Sell Opportunity,Priority 3,0.284640992643743,0.19584926704907585,0.11128183973344445,0.16275440450725498,0.631578947368421,0.919,1.0,0.25,0.65,0.5744669436760141,Medium,3
C000120,P005,Home Loan,Loan,Lending,False,1,Premium High-Value,Premium Relationship Customer,Low Risk,Moderate Cross-Sell Opportunity,Priority 2,0.4552165858320152,0.3870219885277247,0.26763487143948445,0.2788948104704527,0.8157894736842105,0.715,1.0,0.1,0.65,0.6275769652161803,Medium,1
C000120,P007,Term Insurance,Insurance,Protection,False,1,Premium High-Value,Premium Relationship Customer,Low Risk,Moderate Cross-Sell Opportunity,Priority 2,0.4546232902711108,0.3870219885277247,0.26763487143948445,0.2788948104704527,0.8157894736842105,0.715,1.0,0.1,0.65,0.6274286413259542,Medium,2
C000121,P007,Term Insurance,Insurance,Protection,False,1,Premium High-Value,Premium Relationship Customer,Moderate Risk,Moderate Cross-Sell Opportunity,Priority 3,0.5435488310407119,0.25185627788400256,0.36213578362865817,0.11249821277884155,0.5921052631578947,0.543,1.0,0.6666666666666666,0.65,0.6285409194773294,Medium,1
C000121,P008,Premium Banking,Banking,Premium,False,1,Premium High-Value,Premium Relationship Customer,Moderate Risk,Moderate Cross-Sell Opportunity,Priority 3,0.4569087201778126,0.25185627788400256,0.36213578362865817,0.11249821277884155,0.5921052631578947,0.543,1.0,0.6666666666666666,0.65,0.6068808917616045,Medium,2
C000121,P005,Home Loan,Loan,Lending,False,1,Premium High-Value,Premium Relationship Customer,Moderate Risk,Moderate Cross-Sell Opportunity,Priority 3,0.4050094006313272,0.25185627788400256,0.36213578362865817,0.11249821277884155,0.5921052631578947,0.543,1.0,0.6666666666666666,0.65,0.5939060618749832,Medium,3
C000122,P003,Rewards Credit Card,Credit Card,Cards,False,1,Core Active,Core Relationship Customer,Moderate Risk,Moderate Cross-Sell Opportunity,Priority 3,0.381310232209976,0.11295411089866157,0.11759747919324963,0.1053124156034453,0.5394736842105263,0.579,0.7,0.25,0.65,0.4192394328638053,Low,1
C000122,P008,Premium Banking,Banking,Premium,False,1,Core Active,Core Relationship Customer,Moderate Risk,Moderate Cross-Sell Opportunity,Priority 3,0.2819313553115061,0.11295411089866157,0.11759747919324963,0.1053124156034453,0.5394736842105263,0.579,0.7,0.25,0.65,0.39439471363918777,Low,2
C000122,P006,Mutual Fund Plan,Investment,Wealth,False,1,Core Active,Core Relationship Customer,Moderate Risk,Moderate Cross-Sell Opportunity,Priority 3,0.2719468725528854,0.11295411089866157,0.11759747919324963,0.1053124156034453,0.5394736842105263,0.579,0.7,0.25,0.65,0.39189859294953266,Low,3
C000122,P007,Term Insurance,Insurance,Protection,False,1,Core Active,Core Relationship Customer,Moderate Risk,Moderate Cross-Sell Opportunity,Priority 3,0.26586342556249914,0.11295411089866157,0.11759747919324963,0.1053124156034453,0.5394736842105263,0.579,0.7,0.25,0.65,0.3903777312019361,Low,4
C000122,P005,Home Loan,Loan,Lending,False,1,Core Active,Core Relationship Customer,Moderate Risk,Moderate Cross-Sell Opportunity,Priority 3,0.19618834427804155,0.11295411089866157,0.11759747919324963,0.1053124156034453,0.5394736842105263,0.579,0.7,0.25,0.65,0.3729589608808217,Low,5
C000123,P004,Personal Loan,Loan,Lending,False,1,At Risk,At-Risk Declining Customer,Critical Risk,Low Cross-Sell Opportunity,Priority 4,0.15064806705268136,0.14042914807733164,0.05826309261296178,0.12367243343360462,0.2631578947368421,0.129,0.45,0.25,0.3,0.225621530589163,Low,1
C000123,P006,Mutual Fund Plan,Investment,Wealth,False,1,At Risk,At-Risk Declining Customer,Critical Risk,Low Cross-Sell Opportunity,Priority 4,0.14949330522459484,0.14042914807733164,0.05826309261296178,0.12367243343360462,0.2631578947368421,0.129,0.45,0.25,0.3,0.22533284013214133,Low,2
C000123,P008,Premium Banking,Banking,Premium,False,1,At Risk,At-Risk Declining Customer,Critical Risk,Low Cross-Sell Opportunity,Priority 4,0.14847204085677873,0.14042914807733164,0.05826309261296178,0.12367243343360462,0.2631578947368421,0.129,0.45,0.25,0.3,0.22507752404018733,Low,3
C000123,P005,Home Loan,Loan,Lending,False,1,At Risk,At-Risk Declining Customer,Critical Risk,Low Cross-Sell Opportunity,Priority 4,0.12772595553144755,0.14042914807733164,0.05826309261296178,0.12367243343360462,0.2631578947368421,0.129,0.45,0.25,0.3,0.21989100270885453,Low,4
C000124,P006,Mutual Fund Plan,Investment,Wealth,False,1,Premium High-Value,Premium Relationship Customer,Low Risk,Moderate Cross-Sell Opportunity,Priority 2,0.48301981082479184,0.2310229445506692,0.36569861325589187,0.17047333092233696,0.4605263157894737,0.607,1.0,0.0,0.65,0.5492384889847529,Low,1
C000124,P007,Term Insurance,Insurance,Protection,False,1,Premium High-Value,Premium Relationship Customer,Low Risk,Moderate Cross-Sell Opportunity,Priority 2,0.42581416114943205,0.2310229445506692,0.36569861325589187,0.17047333092233696,0.4605263157894737,0.607,1.0,0.0,0.65,0.5349370765659129,Low,2
C000124,P004,Personal Loan,Loan,Lending,False,1,Premium High-Value,Premium Relationship Customer,Low Risk,Moderate Cross-Sell Opportunity,Priority 2,0.35708574262698123,0.2310229445506692,0.36569861325589187,0.17047333092233696,0.4605263157894737,0.607,1.0,0.0,0.65,0.5177549719353003,Low,3
C000125,P004,Personal Loan,Loan,Lending,False,1,Core Active,Core High-Activity Customer,Moderate Risk,Moderate Cross-Sell Opportunity,Priority 3,0.24114533781546466,0.18263490545995326,0.12290749252591697,0.20846848463270154,0.6052631578947368,0.355,0.7,0.25,0.65,0.3856027892300674,Low,1
C000125,P008,Premium Banking,Banking,Premium,False,1,Core Active,Core High-Activity Customer,Moderate Risk,Moderate Cross-Sell Opportunity,Priority 3,0.22385262698924951,0.18263490545995326,0.12290749252591697,0.20846848463270154,0.6052631578947368,0.355,0.7,0.25,0.65,0.38127961152351353,Low,2
C000125,P006,Mutual Fund Plan,Investment,Wealth,False,1,Core Active,Core High-Activity Customer,Moderate Risk,Moderate Cross-Sell Opportunity,Priority 3,0.20782676492028399,0.18263490545995326,0.12290749252591697,0.20846848463270154,0.6052631578947368,0.355,0.7,0.25,0.65,0.37727314600627215,Low,3
C000125,P005,Home Loan,Loan,Lending,False,1,Core Active,Core High-Activity Customer,Moderate Risk,Moderate Cross-Sell Opportunity,Priority 3,0.187340042714606,0.18263490545995326,0.12290749252591697,0.20846848463270154,0.6052631578947368,0.355,0.7,0.25,0.65,0.37215146545485267,Low,4
C000125,P007,Term Insurance,Insurance,Protection,False,1,Core Active,Core High-Activity Customer,Moderate Risk,Moderate Cross-Sell Opportunity,Priority 3,0.14300842681464954,0.18263490545995326,0.12290749252591697,0.20846848463270154,0.6052631578947368,0.355,0.7,0.25,0.65,0.36106856147986355,Low,5
C000126,P007,Term Insurance,Insurance,Protection,False,1,Dormant / Declining,Dormant Reactivation Target,Critical Risk,Low Cross-Sell Opportunity,Priority 4,0.2288891118084233,0.1266172721478649,0.08765608774061762,0.0780634839645378,0.15789473684210525,0.233,0.25,0.45,0.3,0.2270299429079946,Low,1
C000126,P003,Rewards Credit Card,Credit Card,Cards,False,1,Dormant / Declining,Dormant Reactivation Target,Critical Risk,Low Cross-Sell Opportunity,Priority 4,0.14195231630551836,0.1266172721478649,0.08765608774061762,0.0780634839645378,0.15789473684210525,0.233,0.25,0.45,0.3,0.20529574403226836,Low,2
C000126,P008,Premium Banking,Banking,Premium,False,1,Dormant / Declining,Dormant Reactivation Target,Critical Risk,Low Cross-Sell Opportunity,Priority 4,0.13547261303472777,0.1266172721478649,0.08765608774061762,0.0780634839645378,0.15789473684210525,0.233,0.25,0.45,0.3,0.2036758182145707,Low,3
C000126,P004,Personal Loan,Loan,Lending,False,1,Dormant / Declining,Dormant Reactivation Target,Critical Risk,Low Cross-Sell Opportunity,Priority 4,0.12591144586333244,0.1266172721478649,0.08765608774061762,0.0780634839645378,0.15789473684210525,0.233,0.25,0.45,0.3,0.20128552642172187,Low,4
C000126,P005,Home Loan,Loan,Lending,False,1,Dormant / Declining,Dormant Reactivation Target,Critical Risk,Low Cross-Sell Opportunity,Priority 4,0.12179490055115402,0.1266172721478649,0.08765608774061762,0.0780634839645378,0.15789473684210525,0.233,0.25,0.45,0.3,0.2002563900936773,Low,5
C000127,P008,Premium Banking,Banking,Premium,False,1,Premium High-Value,Premium Digital Customer,Low Risk,Moderate Cross-Sell Opportunity,Priority 2,0.49335756125967034,0.23286594433821967,0.2268261510297451,0.17992714679136565,0.7105263157894737,0.818,1.0,0.25,0.65,0.6157915265509826,Medium,1
C000127,P006,Mutual Fund Plan,Investment,Wealth,False,1,Premium High-Value,Premium Digital Customer,Low Risk,Moderate Cross-Sell Opportunity,Priority 2,0.47199779114472784,0.23286594433821967,0.2268261510297451,0.17992714679136565,0.7105263157894737,0.818,1.0,0.25,0.65,0.610451584022247,Medium,2
C000127,P007,Term Insurance,Insurance,Protection,False,1,Premium High-Value,Premium Digital Customer,Low Risk,Moderate Cross-Sell Opportunity,Priority 2,0.39245003702585235,0.23286594433821967,0.2268261510297451,0.17992714679136565,0.7105263157894737,0.818,1.0,0.25,0.65,0.5905646454925281,Medium,3
C000127,P005,Home Loan,Loan,Lending,False,1,Premium High-Value,Premium Digital Customer,Low Risk,Moderate Cross-Sell Opportunity,Priority 2,0.37721696174055674,0.23286594433821967,0.2268261510297451,0.17992714679136565,0.7105263157894737,0.818,1.0,0.25,0.65,0.5867563766712042,Medium,4
C000128,P004,Personal Loan,Loan,Lending,False,1,Core Active,Core Relationship Customer,Moderate Risk,Low Cross-Sell Opportunity,Priority 4,0.19661334149518744,0.1284124707881878,0.10112044005836054,0.09142255328255289,0.39473684210526316,0.194,0.7,0.0,0.3,0.2934463558472239,Low,1
C000128,P006,Mutual Fund Plan,Investment,Wealth,False,1,Core Active,Core Relationship Customer,Moderate Risk,Low Cross-Sell Opportunity,Priority 4,0.193227019636617,0.1284124707881878,0.10112044005836054,0.09142255328255289,0.39473684210526316,0.194,0.7,0.0,0.3,0.2925997753825813,Low,2
C000128,P008,Premium Banking,Banking,Premium,False,1,Core Active,Core Relationship Customer,Moderate Risk,Low Cross-Sell Opportunity,Priority 4,0.18769713457914577,0.1284124707881878,0.10112044005836054,0.09142255328255289,0.39473684210526316,0.194,0.7,0.0,0.3,0.2912173041182135,Low,3
C000128,P005,Home Loan,Loan,Lending,False,1,Core Active,Core Relationship Customer,Moderate Risk,Low Cross-Sell Opportunity,Priority 4,0.16958609150456933,0.1284124707881878,0.10112044005836054,0.09142255328255289,0.39473684210526316,0.194,0.7,0.0,0.3,0.28668954334956936,Low,4
C000129,P008,Premium Banking,Banking,Premium,False,1,Core Active,Core Relationship Customer,Low Risk,Moderate Cross-Sell Opportunity,Priority 2,0.3697279208027203,0.2170729764181007,0.2648866024682026,0.14445559608147673,0.5,0.557,0.7,0.0,0.65,0.44404657548430027,Low,1
C000129,P006,Mutual Fund Plan,Investment,Wealth,False,1,Core Active,Core Relationship Customer,Low Risk,Moderate Cross-Sell Opportunity,Priority 2,0.3553836679291571,0.2170729764181007,0.2648866024682026,0.14445559608147673,0.5,0.557,0.7,0.0,0.65,0.44046051226590943,Low,2
C000129,P007,Term Insurance,Insurance,Protection,False,1,Core Active,Core Relationship Customer,Low Risk,Moderate Cross-Sell Opportunity,Priority 2,0.3235757762325019,0.2170729764181007,0.2648866024682026,0.14445559608147673,0.5,0.557,0.7,0.0,0.65,0.4325085393417456,Low,3
C000129,P004,Personal Loan,Loan,Lending,False,1,Core Active,Core Relationship Customer,Low Risk,Moderate Cross-Sell Opportunity,Priority 2,0.27426324389126633,0.2170729764181007,0.2648866024682026,0.14445559608147673,0.5,0.557,0.7,0.0,0.65,0.4201804062564367,Low,4
C000129,P005,Home Loan,Loan,Lending,False,1,Core Active,Core Relationship Customer,Low Risk,Moderate Cross-Sell Opportunity,Priority 2,0.2604043234742541,0.2170729764181007,0.2648866024682026,0.14445559608147673,0.5,0.557,0.7,0.0,0.65,0.41671567615218374,Low,5
C000130,P008,Premium Banking,Banking,Premium,False,1,Core Active,Core Relationship Customer,Moderate Risk,Moderate Cross-Sell Opportunity,Priority 3,0.22838410014254934,0.15177395368599958,0.06898546330582386,0.15882999391643937,0.6052631578947368,0.649,0.7,0.0,0.65,0.40064028945704777,Low,1
C000130,P004,Personal Loan,Loan,Lending,False,1,Core Active,Core Relationship Customer,Moderate Risk,Moderate Cross-Sell Opportunity,Priority 3,0.21473311872252937,0.15177395368599958,0.06898546330582386,0.15882999391643937,0.6052631578947368,0.649,0.7,0.0,0.65,0.39722754410204275,Low,2
C000130,P006,Mutual Fund Plan,Investment,Wealth,False,1,Core Active,Core Relationship Customer,Moderate Risk,Moderate Cross-Sell Opportunity,Priority 3,0.19794559439542292,0.15177395368599958,0.06898546330582386,0.15882999391643937,0.6052631578947368,0.649,0.7,0.0,0.65,0.3930306630202661,Low,3
C000130,P007,Term Insurance,Insurance,Protection,False,1,Core Active,Core Relationship Customer,Moderate Risk,Moderate Cross-Sell Opportunity,Priority 3,0.19414612411433457,0.15177395368599958,0.06898546330582386,0.15882999391643937,0.6052631578947368,0.649,0.7,0.0,0.65,0.3920807954499941,Low,4
C000130,P005,Home Loan,Loan,Lending,False,1,Core Active,Core Relationship Customer,Moderate Risk,Moderate Cross-Sell Opportunity,Priority 3,0.15626032072158533,0.15177395368599958,0.06898546330582386,0.15882999391643937,0.6052631578947368,0.649,0.7,0.0,0.65,0.38260934460180673,Low,5
C000131,P008,Premium Banking,Banking,Premium,False,1,Core Active,Core Digital Customer,Low Risk,Moderate Cross-Sell Opportunity,Priority 2,0.3518789919122095,0.13852506904610154,0.04207282633336279,0.13521204152520755,0.5789473684210527,0.888,0.7,0.5416666666666666,0.65,0.5029835337170973,Low,1
C000131,P006,Mutual Fund Plan,Investment,Wealth,False,1,Core Active,Core Digital Customer,Low Risk,Moderate Cross-Sell Opportunity,Priority 2,0.3402376126018647,0.13852506904610154,0.04207282633336279,0.13521204152520755,0.5789473684210527,0.888,0.7,0.5416666666666666,0.65,0.500073188889511,Low,2
C000131,P007,Term Insurance,Insurance,Protection,False,1,Core Active,Core Digital Customer,Low Risk,Moderate Cross-Sell Opportunity,Priority 2,0.3118626110436269,0.13852506904610154,0.04207282633336279,0.13521204152520755,0.5789473684210527,0.888,0.7,0.5416666666666666,0.65,0.4929794384999515,Low,3
C000131,P005,Home Loan,Loan,Lending,False,1,Core Active,Core Digital Customer,Low Risk,Moderate Cross-Sell Opportunity,Priority 2,0.23079742512973594,0.13852506904610154,0.04207282633336279,0.13521204152520755,0.5789473684210527,0.888,0.7,0.5416666666666666,0.65,0.47271314202147885,Low,4
C000132,P004,Personal Loan,Loan,Lending,False,1,Premium High-Value,Premium Digital Customer,Low Risk,Moderate Cross-Sell Opportunity,Priority 2,0.7457909111930412,0.8416002761844062,0.27268116552033206,0.6317801096536109,0.8552631578947368,0.99,1.0,0.5833333333333333,0.65,0.8528905900526854,High,1
C000132,P005,Home Loan,Loan,Lending,False,1,Premium High-Value,Premium Digital Customer,Low Risk,Moderate Cross-Sell Opportunity,Priority 2,0.6800687730754768,0.8416002761844062,0.27268116552033206,0.6317801096536109,0.8552631578947368,0.99,1.0,0.5833333333333333,0.65,0.8364600555232943,High,2
C000132,P008,Premium Banking,Banking,Premium,False,1,Premium High-Value,Premium Digital Customer,Low Risk,Moderate Cross-Sell Opportunity,Priority 2,0.6663836612826174,0.8416002761844062,0.27268116552033206,0.6317801096536109,0.8552631578947368,0.99,1.0,0.5833333333333333,0.65,0.8330387775750795,High,3
C000132,P007,Term Insurance,Insurance,Protection,False,1,Premium High-Value,Premium Digital Customer,Low Risk,Moderate Cross-Sell Opportunity,Priority 2,0.5713728047973123,0.8416002761844062,0.27268116552033206,0.6317801096536109,0.8552631578947368,0.99,1.0,0.5833333333333333,0.65,0.8092860634537532,High,4
C000133,P008,Premium Banking,Banking,Premium,False,1,Core Active,Core Digital Customer,Moderate Risk,Moderate Cross-Sell Opportunity,Priority 2,0.3429434827946747,0.05913267473974931,0.14311711964086676,0.06270459593849903,0.5,0.962,0.7,0.6666666666666666,0.65,0.4729290723132852,Low,1
C000133,P006,Mutual Fund Plan,Investment,Wealth,False,1,Core Active,Core Digital Customer,Moderate Risk,Moderate Cross-Sell Opportunity,Priority 2,0.3258779655532954,0.05913267473974931,0.14311711964086676,0.06270459593849903,0.5,0.962,0.7,0.6666666666666666,0.65,0.4686626930029404,Low,2
C000133,P007,Term Insurance,Insurance,Protection,False,1,Core Active,Core Digital Customer,Moderate Risk,Moderate Cross-Sell Opportunity,Priority 2,0.29185866585602943,0.05913267473974931,0.14311711964086676,0.06270459593849903,0.5,0.962,0.7,0.6666666666666666,0.65,0.4601578680786238,Low,3
C000133,P004,Personal Loan,Loan,Lending,False,1,Core Active,Core Digital Customer,Moderate Risk,Moderate Cross-Sell Opportunity,Priority 2,0.24485173783161673,0.05913267473974931,0.14311711964086676,0.06270459593849903,0.5,0.962,0.7,0.6666666666666666,0.65,0.44840613607252067,Low,4
C000133,P005,Home Loan,Loan,Lending,False,1,Core Active,Core Digital Customer,Moderate Risk,Moderate Cross-Sell Opportunity,Priority 2,0.21300547992088428,0.05913267473974931,0.14311711964086676,0.06270459593849903,0.5,0.962,0.7,0.6666666666666666,0.65,0.44044457159483763,Low,5
C000134,P007,Term Insurance,Insurance,Protection,False,1,Premium High-Value,Premium Relationship Customer,Moderate Risk,Moderate Cross-Sell Opportunity,Priority 2,0.47265971613316715,0.24040790312300828,0.39811023325007255,0.3121268445757721,0.8421052631578947,0.554,1.0,0.25,0.65,0.6054622991315777,Medium,1
C000134,P006,Mutual Fund Plan,Investment,Wealth,False,1,Premium High-Value,Premium Relationship Customer,Moderate Risk,Moderate Cross-Sell Opportunity,Priority 2,0.47205815551578045,0.24040790312300828,0.39811023325007255,0.3121268445757721,0.8421052631578947,0.554,1.0,0.25,0.65,0.605311908977231,Medium,2
C000134,P005,Home Loan,Loan,Lending,False,1,Premium High-Value,Premium Relationship Customer,Moderate Risk,Moderate Cross-Sell Opportunity,Priority 2,0.46451628822075164,0.24040790312300828,0.39811023325007255,0.3121268445757721,0.8421052631578947,0.554,1.0,0.25,0.65,0.6034264421534739,Medium,3
C000135,P003,Rewards Credit Card,Credit Card,Cards,False,1,Core Active,Core Digital Customer,Moderate Risk,Moderate Cross-Sell Opportunity,Priority 2,0.36373646306204405,0.07288612704482686,0.1306280046093235,0.04997350707459232,0.3684210526315789,0.709,0.7,0.45,0.65,0.43417449906921324,Low,1
C000135,P008,Premium Banking,Banking,Premium,False,1,Core Active,Core Digital Customer,Moderate Risk,Moderate Cross-Sell Opportunity,Priority 2,0.30772692592302325,0.07288612704482686,0.1306280046093235,0.04997350707459232,0.3684210526315789,0.709,0.7,0.45,0.65,0.42017211478445804,Low,2
C000135,P006,Mutual Fund Plan,Investment,Wealth,False,1,Core Active,Core Digital Customer,Moderate Risk,Moderate Cross-Sell Opportunity,Priority 2,0.28721945465865545,0.07288612704482686,0.1306280046093235,0.04997350707459232,0.3684210526315789,0.709,0.7,0.45,0.65,0.4150452469683661,Low,3
C000135,P007,Term Insurance,Insurance,Protection,False,1,Core Active,Core Digital Customer,Moderate Risk,Moderate Cross-Sell Opportunity,Priority 2,0.2633584744985604,0.07288612704482686,0.1306280046093235,0.04997350707459232,0.3684210526315789,0.709,0.7,0.45,0.65,0.40908000192834226,Low,4
C000135,P004,Personal Loan,Loan,Lending,False,1,Core Active,Core Digital Customer,Moderate Risk,Moderate Cross-Sell Opportunity,Priority 2,0.1699665369529774,0.07288612704482686,0.1306280046093235,0.04997350707459232,0.3684210526315789,0.709,0.7,0.45,0.65,0.3857320175419465,Low,5
C000135,P005,Home Loan,Loan,Lending,False,1,Core Active,Core Digital Customer,Moderate Risk,Moderate Cross-Sell Opportunity,Priority 2,0.15136558802600014,0.07288612704482686,0.1306280046093235,0.04997350707459232,0.3684210526315789,0.709,0.7,0.45,0.65,0.38108178031020223,Low,6
C000136,P008,Premium Banking,Banking,Premium,False,1,Core Active,Core Relationship Customer,Critical Risk,Low Cross-Sell Opportunity,Priority 4,0.14074103267782168,0.08753717867006586,0.0,0.024841205984130418,0.10526315789473684,0.319,0.7,0.16666666666666666,0.3,0.2370488342543458,Low,1
C000136,P006,Mutual Fund Plan,Investment,Wealth,False,1,Core Active,Core Relationship Customer,Critical Risk,Low Cross-Sell Opportunity,Priority 4,0.136572641873224,0.08753717867006586,0.0,0.024841205984130418,0.10526315789473684,0.319,0.7,0.16666666666666666,0.3,0.23600673655319637,Low,2
C000136,P005,Home Loan,Loan,Lending,False,1,Core Active,Core Relationship Customer,Critical Risk,Low Cross-Sell Opportunity,Priority 4,0.07899327650861669,0.08753717867006586,0.0,0.024841205984130418,0.10526315789473684,0.319,0.7,0.16666666666666666,0.3,0.22161189521204455,Low,3
C000137,P008,Premium Banking,Banking,Premium,False,1,Core Active,Core Relationship Customer,High Risk,Moderate Cross-Sell Opportunity,Priority 3,0.17516049002288078,0.13875876354365838,0.10157208110816576,0.14017420850633167,0.4342105263157895,0.468,0.7,0.0,0.65,0.3209734541618203,Low,1
C000137,P004,Personal Loan,Loan,Lending,False,1,Core Active,Core Relationship Customer,High Risk,Moderate Cross-Sell Opportunity,Priority 3,0.17432659509029835,0.13875876354365838,0.10157208110816576,0.14017420850633167,0.4342105263157895,0.468,0.7,0.0,0.65,0.32076498042867463,Low,2
C000137,P007,Term Insurance,Insurance,Protection,False,1,Core Active,Core Relationship Customer,High Risk,Moderate Cross-Sell Opportunity,Priority 3,0.16852755503848343,0.13875876354365838,0.10157208110816576,0.14017420850633167,0.4342105263157895,0.468,0.7,0.0,0.65,0.3193152204157209,Low,3
C000137,P006,Mutual Fund Plan,Investment,Wealth,False,1,Core Active,Core Relationship Customer,High Risk,Moderate Cross-Sell Opportunity,Priority 3,0.15262255898839805,0.13875876354365838,0.10157208110816576,0.14017420850633167,0.4342105263157895,0.468,0.7,0.0,0.65,0.31533897140319955,Low,4
C000137,P005,Home Loan,Loan,Lending,False,1,Core Active,Core Relationship Customer,High Risk,Moderate Cross-Sell Opportunity,Priority 3,0.13906187195149403,0.13875876354365838,0.10157208110816576,0.14017420850633167,0.4342105263157895,0.468,0.7,0.0,0.65,0.3119487996439736,Low,5
C000138,P003,Rewards Credit Card,Credit Card,Cards,False,1,Core Active,Core Relationship Customer,High Risk,Moderate Cross-Sell Opportunity,Priority 3,0.35052643839415354,0.10022307202039515,0.057072688361038994,0.07187853063787676,0.39473684210526316,0.708,0.7,0.3333333333333333,0.65,0.4085200836517402,Low,1
C000138,P008,Premium Banking,Banking,Premium,False,1,Core Active,Core Relationship Customer,High Risk,Moderate Cross-Sell Opportunity,Priority 3,0.277588719831185,0.10022307202039515,0.057072688361038994,0.07187853063787676,0.39473684210526316,0.708,0.7,0.3333333333333333,0.65,0.39028565401099813,Low,2
C000138,P006,Mutual Fund Plan,Investment,Wealth,False,1,Core Active,Core Relationship Customer,High Risk,Moderate Cross-Sell Opportunity,Priority 3,0.2660392945438287,0.10022307202039515,0.057072688361038994,0.07187853063787676,0.39473684210526316,0.708,0.7,0.3333333333333333,0.65,0.387398297689159,Low,3
C000138,P007,Term Insurance,Insurance,Protection,False,1,Core Active,Core Relationship Customer,High Risk,Moderate Cross-Sell Opportunity,Priority 3,0.2657602895864969,0.10022307202039515,0.057072688361038994,0.07187853063787676,0.39473684210526316,0.708,0.7,0.3333333333333333,0.65,0.38732854644982606,Low,4
C000138,P004,Personal Loan,Loan,Lending,False,1,Core Active,Core Relationship Customer,High Risk,Moderate Cross-Sell Opportunity,Priority 3,0.20350262354683343,0.10022307202039515,0.057072688361038994,0.07187853063787676,0.39473684210526316,0.708,0.7,0.3333333333333333,0.65,0.37176412993991015,Low,5
C000138,P005,Home Loan,Loan,Lending,False,1,Core Active,Core Relationship Customer,High Risk,Moderate Cross-Sell Opportunity,Priority 3,0.170413143127695,0.10022307202039515,0.057072688361038994,0.07187853063787676,0.39473684210526316,0.708,0.7,0.3333333333333333,0.65,0.3634917598351256,Low,6
C000139,P003,Rewards Credit Card,Credit Card,Cards,False,1,Premium High-Value,Premium Relationship Customer,Moderate Risk,Moderate Cross-Sell Opportunity,Priority 3,0.545328812734411,0.37202305077544084,0.28278108891949505,0.18542010677536713,0.75,0.447,1.0,0.0,0.65,0.6004368133386909,Medium,1
C000139,P004,Personal Loan,Loan,Lending,False,1,Premium High-Value,Premium Relationship Customer,Moderate Risk,Moderate Cross-Sell Opportunity,Priority 3,0.49524603096011277,0.37202305077544084,0.28278108891949505,0.18542010677536713,0.75,0.447,1.0,0.0,0.65,0.5879161178951163,Medium,2
C000139,P006,Mutual Fund Plan,Investment,Wealth,False,1,Premium High-Value,Premium Relationship Customer,Moderate Risk,Moderate Cross-Sell Opportunity,Priority 3,0.48641755047442303,0.37202305077544084,0.28278108891949505,0.18542010677536713,0.75,0.447,1.0,0.0,0.65,0.5857089977736939,Medium,3
C000139,P008,Premium Banking,Banking,Premium,False,1,Premium High-Value,Premium Relationship Customer,Moderate Risk,Moderate Cross-Sell Opportunity,Priority 3,0.4840549067962622,0.37202305077544084,0.28278108891949505,0.18542010677536713,0.75,0.447,1.0,0.0,0.65,0.5851183368541537,Medium,4
C000139,P005,Home Loan,Loan,Lending,False,1,Premium High-Value,Premium Relationship Customer,Moderate Risk,Moderate Cross-Sell Opportunity,Priority 3,0.4627223361592723,0.37202305077544084,0.28278108891949505,0.18542010677536713,0.75,0.447,1.0,0.0,0.65,0.5797851941949063,Medium,5
C000140,P008,Premium Banking,Banking,Premium,False,1,Core Active,Core Relationship Customer,Moderate Risk,Moderate Cross-Sell Opportunity,Priority 2,0.30614775451180365,0.17961281070745697,0.12594043857035522,0.16283710729027367,0.34210526315789475,0.814,0.7,0.1,0.65,0.41267529024312655,Low,1
C000140,P007,Term Insurance,Insurance,Protection,False,1,Core Active,Core Relationship Customer,Moderate Risk,Moderate Cross-Sell Opportunity,Priority 2,0.29686701682019073,0.17961281070745697,0.12594043857035522,0.16283710729027367,0.34210526315789475,0.814,0.7,0.1,0.65,0.4103551058202233,Low,2
C000140,P006,Mutual Fund Plan,Investment,Wealth,False,1,Core Active,Core Relationship Customer,Moderate Risk,Moderate Cross-Sell Opportunity,Priority 2,0.2835512027876657,0.17961281070745697,0.12594043857035522,0.16283710729027367,0.34210526315789475,0.814,0.7,0.1,0.65,0.40702615231209205,Low,3
C000140,P004,Personal Loan,Loan,Lending,False,1,Core Active,Core Relationship Customer,Moderate Risk,Moderate Cross-Sell Opportunity,Priority 2,0.22807372791501027,0.17961281070745697,0.12594043857035522,0.16283710729027367,0.34210526315789475,0.814,0.7,0.1,0.65,0.39315678359392814,Low,4
C000140,P005,Home Loan,Loan,Lending,False,1,Core Active,Core Relationship Customer,Moderate Risk,Moderate Cross-Sell Opportunity,Priority 2,0.20545119719111954,0.17961281070745697,0.12594043857035522,0.16283710729027367,0.34210526315789475,0.814,0.7,0.1,0.65,0.38750115091295556,Low,5
C000141,P007,Term Insurance,Insurance,Protection,False,1,Core Active,Core Relationship Customer,Moderate Risk,Moderate Cross-Sell Opportunity,Priority 3,0.3248897711600422,0.06840344168260039,0.254945609214176,0.07562071475763411,0.5131578947368421,0.532,0.7,0.2,0.65,0.402576815337057,Low,1
C000141,P008,Premium Banking,Banking,Premium,False,1,Core Active,Core Relationship Customer,Moderate Risk,Moderate Cross-Sell Opportunity,Priority 3,0.2923942096939669,0.06840344168260039,0.254945609214176,0.07562071475763411,0.5131578947368421,0.532,0.7,0.2,0.65,0.3944529249705382,Low,2
C000141,P004,Personal Loan,Loan,Lending,False,1,Core Active,Core Relationship Customer,Moderate Risk,Moderate Cross-Sell Opportunity,Priority 3,0.2144496302685604,0.06840344168260039,0.254945609214176,0.07562071475763411,0.5131578947368421,0.532,0.7,0.2,0.65,0.3749667801141865,Low,3
C000141,P005,Home Loan,Loan,Lending,False,1,Core Active,Core Relationship Customer,Moderate Risk,Moderate Cross-Sell Opportunity,Priority 3,0.1972337827853692,0.06840344168260039,0.254945609214176,0.07562071475763411,0.5131578947368421,0.532,0.7,0.2,0.65,0.37066281824338876,Low,4
C000142,P004,Personal Loan,Loan,Lending,False,1,Premium High-Value,Premium Digital Customer,Low Risk,Moderate Cross-Sell Opportunity,Priority 2,0.6452079014793692,0.544752496282133,0.08614852179246657,0.6911233280721281,0.6842105263157895,0.842,1.0,0.4666666666666667,0.65,0.7362507202403039,Medium,1
C000142,P006,Mutual Fund Plan,Investment,Wealth,False,1,Premium High-Value,Premium Digital Customer,Low Risk,Moderate Cross-Sell Opportunity,Priority 2,0.5392202493851737,0.544752496282133,0.08614852179246657,0.6911233280721281,0.6842105263157895,0.842,1.0,0.4666666666666667,0.65,0.7097538072167551,Medium,2
C000142,P007,Term Insurance,Insurance,Protection,False,1,Premium High-Value,Premium Digital Customer,Low Risk,Moderate Cross-Sell Opportunity,Priority 2,0.47791144483780246,0.544752496282133,0.08614852179246657,0.6911233280721281,0.6842105263157895,0.842,1.0,0.4666666666666667,0.65,0.6944266060799122,Medium,3
C000143,P007,Term Insurance,Insurance,Protection,False,1,Dormant / Declining,Dormant Reactivation Target,Critical Risk,Low Cross-Sell Opportunity,Priority 4,0.26112930761979847,0.02609677076694285,0.049186958786095046,0.001369502017106858,0.013157894736842105,0.171,0.25,0.0,0.3,0.1420753652688645,Low,1
C000143,P006,Mutual Fund Plan,Investment,Wealth,False,1,Dormant / Declining,Dormant Reactivation Target,Critical Risk,Low Cross-Sell Opportunity,Priority 4,0.15204652481859313,0.02609677076694285,0.049186958786095046,0.001369502017106858,0.013157894736842105,0.171,0.25,0.0,0.3,0.11480466956856315,Low,2
C000143,P008,Premium Banking,Banking,Premium,False,1,Dormant / Declining,Dormant Reactivation Target,Critical Risk,Low Cross-Sell Opportunity,Priority 4,0.13732066274962762,0.02609677076694285,0.049186958786095046,0.001369502017106858,0.013157894736842105,0.171,0.25,0.0,0.3,0.1111232040513218,Low,3
C000143,P005,Home Loan,Loan,Lending,False,1,Dormant / Declining,Dormant Reactivation Target,Critical Risk,Low Cross-Sell Opportunity,Priority 4,0.09517028328654996,0.02609677076694285,0.049186958786095046,0.001369502017106858,0.013157894736842105,0.171,0.25,0.0,0.3,0.10058560918555239,Low,4
C000143,P004,Personal Loan,Loan,Lending,False,1,Dormant / Declining,Dormant Reactivation Target,Critical Risk,Low Cross-Sell Opportunity,Priority 4,0.08794014060568345,0.02609677076694285,0.049186958786095046,0.001369502017106858,0.013157894736842105,0.171,0.25,0.0,0.3,0.09877807351533575,Low,5
C000143,P003,Rewards Credit Card,Credit Card,Cards,False,1,Dormant / Declining,Dormant Reactivation Target,Critical Risk,Low Cross-Sell Opportunity,Priority 4,0.08188931171086446,0.02609677076694285,0.049186958786095046,0.001369502017106858,0.013157894736842105,0.171,0.25,0.0,0.3,0.097265366291631,Low,6
C000144,P007,Term Insurance,Insurance,Protection,False,1,At Risk,At-Risk Engagement Customer,Critical Risk,Low Cross-Sell Opportunity,Priority 4,0.22271311326312393,0.10739058848523475,0.1725450444707504,0.05399136713774546,0.19736842105263158,0.312,0.45,0.0,0.3,0.2204616591707227,Low,1
C000144,P008,Premium Banking,Banking,Premium,False,1,At Risk,At-Risk Engagement Customer,Critical Risk,Low Cross-Sell Opportunity,Priority 4,0.20571895172689578,0.10739058848523475,0.1725450444707504,0.05399136713774546,0.19736842105263158,0.312,0.45,0.0,0.3,0.2162131187866656,Low,2
C000144,P005,Home Loan,Loan,Lending,False,1,At Risk,At-Risk Engagement Customer,Critical Risk,Low Cross-Sell Opportunity,Priority 4,0.164486198130095,0.10739058848523475,0.1725450444707504,0.05399136713774546,0.19736842105263158,0.312,0.45,0.0,0.3,0.20590493038746543,Low,3
C000144,P004,Personal Loan,Loan,Lending,False,1,At Risk,At-Risk Engagement Customer,Critical Risk,Low Cross-Sell Opportunity,Priority 4,0.1583708908542584,0.10739058848523475,0.1725450444707504,0.05399136713774546,0.19736842105263158,0.312,0.45,0.0,0.3,0.20437610356850633,Low,4
C000145,P003,Rewards Credit Card,Credit Card,Cards,False,1,Core Active,Core Relationship Customer,Moderate Risk,Moderate Cross-Sell Opportunity,Priority 3,0.28896787905790844,0.13177448480985765,0.12432179616911984,0.06847743709215147,0.5263157894736842,0.275,0.7,0.0,0.65,0.3425442351475013,Low,1
C000145,P004,Personal Loan,Loan,Lending,False,1,Core Active,Core Relationship Customer,Moderate Risk,Moderate Cross-Sell Opportunity,Priority 3,0.22713926018149244,0.13177448480985765,0.12432179616911984,0.06847743709215147,0.5263157894736842,0.275,0.7,0.0,0.65,0.3270870804283973,Low,2
C000145,P008,Premium Banking,Banking,Premium,False,1,Core Active,Core Relationship Customer,Moderate Risk,Moderate Cross-Sell Opportunity,Priority 3,0.21970783527584584,0.13177448480985765,0.12432179616911984,0.06847743709215147,0.5263157894736842,0.275,0.7,0.0,0.65,0.32522922420198563,Low,3
C000145,P007,Term Insurance,Insurance,Protection,False,1,Core Active,Core Relationship Customer,Moderate Risk,Moderate Cross-Sell Opportunity,Priority 3,0.2176736804878593,0.13177448480985765,0.12432179616911984,0.06847743709215147,0.5263157894736842,0.275,0.7,0.0,0.65,0.324720685504989,Low,4
C000145,P005,Home Loan,Loan,Lending,False,1,Core Active,Core Relationship Customer,Moderate Risk,Moderate Cross-Sell Opportunity,Priority 3,0.1928969311907697,0.13177448480985765,0.12432179616911984,0.06847743709215147,0.5263157894736842,0.275,0.7,0.0,0.65,0.31852649818071654,Low,5
C000146,P003,Rewards Credit Card,Credit Card,Cards,False,1,Core Active,Core Relationship Customer,Moderate Risk,Moderate Cross-Sell Opportunity,Priority 2,0.42107197128339185,0.10491289568727427,0.19875105356714345,0.08185940153088925,0.618421052631579,0.721,0.7,0.5,0.65,0.4786137298530396,Low,1
C000146,P008,Premium Banking,Banking,Premium,False,1,Core Active,Core Relationship Customer,Moderate Risk,Moderate Cross-Sell Opportunity,Priority 2,0.3193196103080516,0.10491289568727427,0.19875105356714345,0.08185940153088925,0.618421052631579,0.721,0.7,0.5,0.65,0.4531756396092046,Low,2
C000146,P006,Mutual Fund Plan,Investment,Wealth,False,1,Core Active,Core Relationship Customer,Moderate Risk,Moderate Cross-Sell Opportunity,Priority 2,0.29735007007816655,0.10491289568727427,0.19875105356714345,0.08185940153088925,0.618421052631579,0.721,0.7,0.5,0.65,0.4476832545517333,Low,3
C000146,P007,Term Insurance,Insurance,Protection,False,1,Core Active,Core Relationship Customer,Moderate Risk,Moderate Cross-Sell Opportunity,Priority 2,0.25847115372972523,0.10491289568727427,0.19875105356714345,0.08185940153088925,0.618421052631579,0.721,0.7,0.5,0.65,0.437963525464623,Low,4
C000146,P004,Personal Loan,Loan,Lending,False,1,Core Active,Core Relationship Customer,Moderate Risk,Moderate Cross-Sell Opportunity,Priority 2,0.2435839968840923,0.10491289568727427,0.19875105356714345,0.08185940153088925,0.618421052631579,0.721,0.7,0.5,0.65,0.4342417362532147,Low,5
C000146,P005,Home Loan,Loan,Lending,False,1,Core Active,Core Relationship Customer,Moderate Risk,Moderate Cross-Sell Opportunity,Priority 2,0.2086142542872807,0.10491289568727427,0.19875105356714345,0.08185940153088925,0.618421052631579,0.721,0.7,0.5,0.65,0.42549930060401187,Low,6
C000147,P007,Term Insurance,Insurance,Protection,False,1,At Risk,At-Risk Declining Customer,Critical Risk,Low Cross-Sell Opportunity,Priority 4,0.20348508402832075,0.053903760356915235,0.0045806811501512635,0.0,0.14473684210526316,0.3,0.45,0.25,0.3,0.2208625493942527,Low,1
C000147,P006,Mutual Fund Plan,Investment,Wealth,False,1,At Risk,At-Risk Declining Customer,Critical Risk,Low Cross-Sell Opportunity,Priority 4,0.1599424365179411,0.053903760356915235,0.0045806811501512635,0.0,0.14473684210526316,0.3,0.45,0.25,0.3,0.20997688751665777,Low,2
C000147,P008,Premium Banking,Banking,Premium,False,1,At Risk,At-Risk Declining Customer,Critical Risk,Low Cross-Sell Opportunity,Priority 4,0.15252864341449282,0.053903760356915235,0.0045806811501512635,0.0,0.14473684210526316,0.3,0.45,0.25,0.3,0.20812343924079574,Low,3
C000147,P003,Rewards Credit Card,Credit Card,Cards,False,1,At Risk,At-Risk Declining Customer,Critical Risk,Low Cross-Sell Opportunity,Priority 4,0.14919646527782182,0.053903760356915235,0.0045806811501512635,0.0,0.14473684210526316,0.3,0.45,0.25,0.3,0.20729039470662797,Low,4
C000147,P004,Personal Loan,Loan,Lending,False,1,At Risk,At-Risk Declining Customer,Critical Risk,Low Cross-Sell Opportunity,Priority 4,0.11304697801099473,0.053903760356915235,0.0045806811501512635,0.0,0.14473684210526316,0.3,0.45,0.25,0.3,0.1982530228899212,Low,5
C000147,P005,Home Loan,Loan,Lending,False,1,At Risk,At-Risk Declining Customer,Critical Risk,Low Cross-Sell Opportunity,Priority 4,0.10195558399083686,0.053903760356915235,0.0045806811501512635,0.0,0.14473684210526316,0.3,0.45,0.25,0.3,0.19548017438488174,Low,6
C000148,P007,Term Insurance,Insurance,Protection,False,1,At Risk,At-Risk Declining Customer,Critical Risk,Moderate Cross-Sell Opportunity,Priority 3,0.34724766564389503,0.08210378160186955,0.12199757378288326,0.09196736370628085,0.35526315789473684,0.41,0.45,0.0,0.65,0.2975221464155582,Low,1
C000148,P006,Mutual Fund Plan,Investment,Wealth,False,1,At Risk,At-Risk Declining Customer,Critical Risk,Moderate Cross-Sell Opportunity,Priority 3,0.28543793807941115,0.08210378160186955,0.12199757378288326,0.09196736370628085,0.35526315789473684,0.41,0.45,0.0,0.65,0.28206971452443724,Low,2
C000148,P008,Premium Banking,Banking,Premium,False,1,At Risk,At-Risk Declining Customer,Critical Risk,Moderate Cross-Sell Opportunity,Priority 3,0.26283448980354907,0.08210378160186955,0.12199757378288326,0.09196736370628085,0.35526315789473684,0.41,0.45,0.0,0.65,0.2764188524554717,Low,3
C000148,P004,Personal Loan,Loan,Lending,False,1,At Risk,At-Risk Declining Customer,Critical Risk,Moderate Cross-Sell Opportunity,Priority 3,0.2616872196957831,0.08210378160186955,0.12199757378288326,0.09196736370628085,0.35526315789473684,0.41,0.45,0.0,0.65,0.2761320349285302,Low,4
C000148,P005,Home Loan,Loan,Lending,False,1,At Risk,At-Risk Declining Customer,Critical Risk,Moderate Cross-Sell Opportunity,Priority 3,0.2393689926832073,0.08210378160186955,0.12199757378288326,0.09196736370628085,0.35526315789473684,0.41,0.45,0.0,0.65,0.2705524781753863,Low,5
C000149,P007,Term Insurance,Insurance,Protection,False,1,Core Active,Core Relationship Customer,High Risk,Low Cross-Sell Opportunity,Priority 3,0.3415152844199392,0.08518695559804547,0.12490267711716785,0.09093941951056775,0.4342105263157895,0.565,0.7,0.16666666666666666,0.3,0.360714457838629,Low,1
C000149,P008,Premium Banking,Banking,Premium,False,1,Core Active,Core Relationship Customer,High Risk,Low Cross-Sell Opportunity,Priority 3,0.26862910474505836,0.08518695559804547,0.12490267711716785,0.09093941951056775,0.4342105263157895,0.565,0.7,0.16666666666666666,0.3,0.34249291291990874,Low,2
C000149,P006,Mutual Fund Plan,Investment,Wealth,False,1,Core Active,Core Relationship Customer,High Risk,Low Cross-Sell Opportunity,Priority 3,0.25905726566459863,0.08518695559804547,0.12490267711716785,0.09093941951056775,0.4342105263157895,0.565,0.7,0.16666666666666666,0.3,0.34009995314979385,Low,3
C000149,P004,Personal Loan,Loan,Lending,False,1,Core Active,Core Relationship Customer,High Risk,Low Cross-Sell Opportunity,Priority 3,0.20535596017088095,0.08518695559804547,0.12490267711716785,0.09093941951056775,0.4342105263157895,0.565,0.7,0.16666666666666666,0.3,0.3266746267763644,Low,4
C000149,P005,Home Loan,Loan,Lending,False,1,Core Active,Core Relationship Customer,High Risk,Low Cross-Sell Opportunity,Priority 3,0.1758357149357227,0.08518695559804547,0.12490267711716785,0.09093941951056775,0.4342105263157895,0.565,0.7,0.16666666666666666,0.3,0.31929456546757484,Low,5
C000150,P008,Premium Banking,Banking,Premium,False,1,Premium High-Value,Premium Relationship Customer,Low Risk,Moderate Cross-Sell Opportunity,Priority 3,0.40645813966170186,0.1451561504142766,0.2770435360315597,0.1602920109111604,0.7631578947368421,0.443,1.0,0.125,0.65,0.5344194492088072,Low,1
C000150,P006,Mutual Fund Plan,Investment,Wealth,False,1,Premium High-Value,Premium Relationship Customer,Low Risk,Moderate Cross-Sell Opportunity,Priority 3,0.395515036213426,0.1451561504142766,0.2770435360315597,0.1602920109111604,0.7631578947368421,0.443,1.0,0.125,0.65,0.5316836733467383,Low,2
C000150,P004,Personal Loan,Loan,Lending,False,1,Premium High-Value,Premium Relationship Customer,Low Risk,Moderate Cross-Sell Opportunity,Priority 3,0.38341404631378984,0.1451561504142766,0.2770435360315597,0.1602920109111604,0.7631578947368421,0.443,1.0,0.125,0.65,0.5286584258718292,Low,3
C000150,P005,Home Loan,Loan,Lending,False,1,Premium High-Value,Premium Relationship Customer,Low Risk,Moderate Cross-Sell Opportunity,Priority 3,0.33988339367443743,0.1451561504142766,0.2770435360315597,0.1602920109111604,0.7631578947368421,0.443,1.0,0.125,0.65,0.5177757627119911,Low,4
C000151,P003,Rewards Credit Card,Credit Card,Cards,False,1,Core Active,Core Digital Customer,Moderate Risk,Moderate Cross-Sell Opportunity,Priority 3,0.4050415568335836,0.03885436583811345,0.10966703959945412,0.039378673148322066,0.4605263157894737,0.877,0.7,0.25,0.65,0.4483102097444397,Low,1
C000151,P008,Premium Banking,Banking,Premium,False,1,Core Active,Core Digital Customer,Moderate Risk,Moderate Cross-Sell Opportunity,Priority 3,0.30144650042437104,0.03885436583811345,0.10966703959945412,0.039378673148322066,0.4605263157894737,0.877,0.7,0.25,0.65,0.4224114456421365,Low,2
C000151,P006,Mutual Fund Plan,Investment,Wealth,False,1,Core Active,Core Digital Customer,Moderate Risk,Moderate Cross-Sell Opportunity,Priority 3,0.2690907532979342,0.03885436583811345,0.10966703959945412,0.039378673148322066,0.4605263157894737,0.877,0.7,0.25,0.65,0.41432250886052735,Low,3
C000151,P007,Term Insurance,Insurance,Protection,False,1,Core Active,Core Digital Customer,Moderate Risk,Moderate Cross-Sell Opportunity,Priority 3,0.241993890408028,0.03885436583811345,0.10966703959945412,0.039378673148322066,0.4605263157894737,0.877,0.7,0.25,0.65,0.40754829313805074,Low,4
C000151,P004,Personal Loan,Loan,Lending,False,1,Core Active,Core Digital Customer,Moderate Risk,Moderate Cross-Sell Opportunity,Priority 3,0.16257012209960098,0.03885436583811345,0.10966703959945412,0.039378673148322066,0.4605263157894737,0.877,0.7,0.25,0.65,0.387692351060944,Low,5
C000151,P005,Home Loan,Loan,Lending,False,1,Core Active,Core Digital Customer,Moderate Risk,Moderate Cross-Sell Opportunity,Priority 3,0.13097239743764516,0.03885436583811345,0.10966703959945412,0.039378673148322066,0.4605263157894737,0.877,0.7,0.25,0.65,0.37979291989545505,Low,6
C000152,P007,Term Insurance,Insurance,Protection,False,1,At Risk,At-Risk Declining Customer,Critical Risk,Low Cross-Sell Opportunity,Priority 4,0.14991367645108072,0.055449330783938815,0.021670037965093352,0.04595798324824759,0.05263157894736842,0.075,0.45,0.0,0.3,0.14646302211166323,Low,1
C000152,P003,Rewards Credit Card,Credit Card,Cards,False,1,At Risk,At-Risk Declining Customer,Critical Risk,Low Cross-Sell Opportunity,Priority 4,0.08155681018566743,0.055449330783938815,0.021670037965093352,0.04595798324824759,0.05263157894736842,0.075,0.45,0.0,0.3,0.12937380554530986,Low,2
C000152,P008,Premium Banking,Banking,Premium,False,1,At Risk,At-Risk Declining Customer,Critical Risk,Low Cross-Sell Opportunity,Priority 4,0.06848757131075905,0.055449330783938815,0.021670037965093352,0.04595798324824759,0.05263157894736842,0.075,0.45,0.0,0.3,0.1261064958265828,Low,3
C000152,P006,Mutual Fund Plan,Investment,Wealth,False,1,At Risk,At-Risk Declining Customer,Critical Risk,Low Cross-Sell Opportunity,Priority 4,0.0655996402762763,0.055449330783938815,0.021670037965093352,0.04595798324824759,0.05263157894736842,0.075,0.45,0.0,0.3,0.1253845130679621,Low,4
C000152,P004,Personal Loan,Loan,Lending,False,1,At Risk,At-Risk Declining Customer,Critical Risk,Low Cross-Sell Opportunity,Priority 4,0.04218942426562057,0.055449330783938815,0.021670037965093352,0.04595798324824759,0.05263157894736842,0.075,0.45,0.0,0.3,0.11953195906529816,Low,5
C000152,P005,Home Loan,Loan,Lending,False,1,At Risk,At-Risk Declining Customer,Critical Risk,Low Cross-Sell Opportunity,Priority 4,0.03835344028001991,0.055449330783938815,0.021670037965093352,0.04595798324824759,0.05263157894736842,0.075,0.45,0.0,0.3,0.11857296306889802,Low,6
C000153,P003,Rewards Credit Card,Credit Card,Cards,False,1,Core Active,Core Digital Customer,Moderate Risk,Moderate Cross-Sell Opportunity,Priority 3,0.4694548470395678,0.1577119184193754,0.16686512559149083,0.19295073250368894,0.5789473684210527,0.854,0.7,0.25,0.65,0.48364820070692494,Low,1
C000153,P008,Premium Banking,Banking,Premium,False,1,Core Active,Core Digital Customer,Moderate Risk,Moderate Cross-Sell Opportunity,Priority 3,0.31826133242036747,0.1577119184193754,0.16686512559149083,0.19295073250368894,0.5789473684210527,0.854,0.7,0.25,0.65,0.44584982205212487,Low,2
C000153,P007,Term Insurance,Insurance,Protection,False,1,Core Active,Core Digital Customer,Moderate Risk,Moderate Cross-Sell Opportunity,Priority 3,0.2683333417860287,0.1577119184193754,0.16686512559149083,0.19295073250368894,0.5789473684210527,0.854,0.7,0.25,0.65,0.43336782439354016,Low,3
C000153,P004,Personal Loan,Loan,Lending,False,1,Core Active,Core Digital Customer,Moderate Risk,Moderate Cross-Sell Opportunity,Priority 3,0.24482641282534665,0.1577119184193754,0.16686512559149083,0.19295073250368894,0.5789473684210527,0.854,0.7,0.25,0.65,0.42749109215336967,Low,4
C000153,P005,Home Loan,Loan,Lending,False,1,Core Active,Core Digital Customer,Moderate Risk,Moderate Cross-Sell Opportunity,Priority 3,0.20055196749256488,0.1577119184193754,0.16686512559149083,0.19295073250368894,0.5789473684210527,0.854,0.7,0.25,0.65,0.4164224808201742,Low,5
C000154,P006,Mutual Fund Plan,Investment,Wealth,False,1,Premium High-Value,Premium Digital Customer,Moderate Risk,Moderate Cross-Sell Opportunity,Priority 3,0.5355636125057492,0.6535957085192267,0.13414472702961655,0.5976570348295529,0.7105263157894737,1.0,1.0,0.0,0.65,0.7036889921987037,Medium,1
C000155,P007,Term Insurance,Insurance,Protection,False,1,Dormant / Declining,Dormant Reactivation Target,Critical Risk,Low Cross-Sell Opportunity,Priority 4,0.2522691253433573,0.10257860633099639,0.0626918295584222,0.10738465765253057,0.07894736842105263,0.17,0.25,0.6,0.3,0.22492510786519648,Low,1
C000155,P006,Mutual Fund Plan,Investment,Wealth,False,1,Dormant / Declining,Dormant Reactivation Target,Critical Risk,Low Cross-Sell Opportunity,Priority 4,0.1308471962088152,0.10257860633099639,0.0626918295584222,0.10738465765253057,0.07894736842105263,0.17,0.25,0.6,0.3,0.194569625581561,Low,2
C000155,P008,Premium Banking,Banking,Premium,False,1,Dormant / Declining,Dormant Reactivation Target,Critical Risk,Low Cross-Sell Opportunity,Priority 4,0.12641616172605655,0.10257860633099639,0.0626918295584222,0.10738465765253057,0.07894736842105263,0.17,0.25,0.6,0.3,0.1934618669608713,Low,3
C000155,P003,Rewards Credit Card,Credit Card,Cards,False,1,Dormant / Declining,Dormant Reactivation Target,Critical Risk,Low Cross-Sell Opportunity,Priority 4,0.12367740086646442,0.10257860633099639,0.0626918295584222,0.10738465765253057,0.07894736842105263,0.17,0.25,0.6,0.3,0.19277717674597328,Low,4
C000155,P004,Personal Loan,Loan,Lending,False,1,Dormant / Declining,Dormant Reactivation Target,Critical Risk,Low Cross-Sell Opportunity,Priority 4,0.11623686499605476,0.10257860633099639,0.0626918295584222,0.10738465765253057,0.07894736842105263,0.17,0.25,0.6,0.3,0.19091704277837085,Low,5
C000155,P005,Home Loan,Loan,Lending,False,1,Dormant / Declining,Dormant Reactivation Target,Critical Risk,Low Cross-Sell Opportunity,Priority 4,0.11213636713900957,0.10257860633099639,0.0626918295584222,0.10738465765253057,0.07894736842105263,0.17,0.25,0.6,0.3,0.18989191831410956,Low,6
C000156,P003,Rewards Credit Card,Credit Card,Cards,False,1,Core Active,Core Digital Customer,Moderate Risk,Moderate Cross-Sell Opportunity,Priority 3,0.40279702568637693,0.07638623326959847,0.15760735731303965,0.07845737349044059,0.39473684210526316,0.95,0.7,0.0,0.65,0.4076870293913034,Low,1
C000156,P008,Premium Banking,Banking,Premium,False,1,Core Active,Core Digital Customer,Moderate Risk,Moderate Cross-Sell Opportunity,Priority 3,0.31176507868017395,0.07638623326959847,0.15760735731303965,0.07845737349044059,0.39473684210526316,0.95,0.7,0.0,0.65,0.3849290426397527,Low,2
C000156,P007,Term Insurance,Insurance,Protection,False,1,Core Active,Core Digital Customer,Moderate Risk,Moderate Cross-Sell Opportunity,Priority 3,0.284430426160263,0.07638623326959847,0.15760735731303965,0.07845737349044059,0.39473684210526316,0.95,0.7,0.0,0.65,0.3780953795097749,Low,3
C000156,P006,Mutual Fund Plan,Investment,Wealth,False,1,Core Active,Core Digital Customer,Moderate Risk,Moderate Cross-Sell Opportunity,Priority 3,0.27029956143879463,0.07638623326959847,0.15760735731303965,0.07845737349044059,0.39473684210526316,0.95,0.7,0.0,0.65,0.3745626633294078,Low,4
C000156,P004,Personal Loan,Loan,Lending,False,1,Core Active,Core Digital Customer,Moderate Risk,Moderate Cross-Sell Opportunity,Priority 3,0.15929926497283833,0.07638623326959847,0.15760735731303965,0.07845737349044059,0.39473684210526316,0.95,0.7,0.0,0.65,0.3468125892129188,Low,5
C000156,P005,Home Loan,Loan,Lending,False,1,Core Active,Core Digital Customer,Moderate Risk,Moderate Cross-Sell Opportunity,Priority 3,0.13944025867370383,0.07638623326959847,0.15760735731303965,0.07845737349044059,0.39473684210526316,0.95,0.7,0.0,0.65,0.3418478376381351,Low,6
C000157,P008,Premium Banking,Banking,Premium,False,1,Premium High-Value,Premium Digital Customer,Low Risk,Moderate Cross-Sell Opportunity,Priority 2,0.47204724539051424,0.29741342681113236,0.20105082516182057,0.1932268756944464,0.6973684210526315,0.675,1.0,0.3333333333333333,0.65,0.6354330932010831,Medium,1
C000157,P007,Term Insurance,Insurance,Protection,False,1,Premium High-Value,Premium Digital Customer,Low Risk,Moderate Cross-Sell Opportunity,Priority 2,0.46580979296363123,0.29741342681113236,0.20105082516182057,0.1932268756944464,0.6973684210526315,0.675,1.0,0.3333333333333333,0.65,0.6338737300943624,Medium,2
C000157,P006,Mutual Fund Plan,Investment,Wealth,False,1,Premium High-Value,Premium Digital Customer,Low Risk,Moderate Cross-Sell Opportunity,Priority 2,0.4538144867698245,0.29741342681113236,0.20105082516182057,0.1932268756944464,0.6973684210526315,0.675,1.0,0.3333333333333333,0.65,0.6308749035459107,Medium,3
C000157,P004,Personal Loan,Loan,Lending,False,1,Premium High-Value,Premium Digital Customer,Low Risk,Moderate Cross-Sell Opportunity,Priority 2,0.4240524353049594,0.29741342681113236,0.20105082516182057,0.1932268756944464,0.6973684210526315,0.675,1.0,0.3333333333333333,0.65,0.6234343906796944,Medium,4
C000157,P005,Home Loan,Loan,Lending,False,1,Premium High-Value,Premium Digital Customer,Low Risk,Moderate Cross-Sell Opportunity,Priority 2,0.3800212007450813,0.29741342681113236,0.20105082516182057,0.1932268756944464,0.6973684210526315,0.675,1.0,0.3333333333333333,0.65,0.6124265820397249,Medium,5
C000158,P003,Rewards Credit Card,Credit Card,Cards,False,1,Core Active,Core Digital Customer,High Risk,Moderate Cross-Sell Opportunity,Priority 3,0.3488238062488669,0.03629434884214999,0.05895295423196047,0.010879854816899773,0.35526315789473684,0.817,0.7,0.125,0.65,0.3794542950148573,Low,1
C000158,P008,Premium Banking,Banking,Premium,False,1,Core Active,Core Digital Customer,High Risk,Moderate Cross-Sell Opportunity,Priority 3,0.27473036732727657,0.03629434884214999,0.05895295423196047,0.010879854816899773,0.35526315789473684,0.817,0.7,0.125,0.65,0.36093093528445963,Low,2
C000158,P006,Mutual Fund Plan,Investment,Wealth,False,1,Core Active,Core Digital Customer,High Risk,Moderate Cross-Sell Opportunity,Priority 3,0.25025967767210416,0.03629434884214999,0.05895295423196047,0.010879854816899773,0.35526315789473684,0.817,0.7,0.125,0.65,0.3548132628706666,Low,3
C000158,P007,Term Insurance,Insurance,Protection,False,1,Core Active,Core Digital Customer,High Risk,Moderate Cross-Sell Opportunity,Priority 3,0.15508704505520354,0.03629434884214999,0.05895295423196047,0.010879854816899773,0.35526315789473684,0.817,0.7,0.125,0.65,0.3310201047164414,Low,4
C000158,P004,Personal Loan,Loan,Lending,False,1,Core Active,Core Digital Customer,High Risk,Moderate Cross-Sell Opportunity,Priority 3,0.14209778136424916,0.03629434884214999,0.05895295423196047,0.010879854816899773,0.35526315789473684,0.817,0.7,0.125,0.65,0.32777278879370286,Low,5
C000158,P005,Home Loan,Loan,Lending,False,1,Core Active,Core Digital Customer,High Risk,Moderate Cross-Sell Opportunity,Priority 3,0.11614114066998707,0.03629434884214999,0.05895295423196047,0.010879854816899773,0.35526315789473684,0.817,0.7,0.125,0.65,0.32128362862013726,Low,6
C000159,P008,Premium Banking,Banking,Premium,False,1,Core Active,Core Digital Customer,High Risk,Moderate Cross-Sell Opportunity,Priority 2,0.3742634432277976,0.09848895262375186,0.1823005610059475,0.10415597838326805,0.4605263157894737,0.765,0.7,0.6666666666666666,0.65,0.48300926536678745,Low,1
C000159,P006,Mutual Fund Plan,Investment,Wealth,False,1,Core Active,Core Digital Customer,High Risk,Moderate Cross-Sell Opportunity,Priority 2,0.36216286851515395,0.09848895262375186,0.1823005610059475,0.10415597838326805,0.4605263157894737,0.765,0.7,0.6666666666666666,0.65,0.4799841216886266,Low,2
C000159,P007,Term Insurance,Insurance,Protection,False,1,Core Active,Core Digital Customer,High Risk,Moderate Cross-Sell Opportunity,Priority 2,0.35071025861277627,0.09848895262375186,0.1823005610059475,0.10415597838326805,0.4605263157894737,0.765,0.7,0.6666666666666666,0.65,0.47712096921303215,Low,3
C000159,P004,Personal Loan,Loan,Lending,False,1,Core Active,Core Digital Customer,High Risk,Moderate Cross-Sell Opportunity,Priority 2,0.248276504634635,0.09848895262375186,0.1823005610059475,0.10415597838326805,0.4605263157894737,0.765,0.7,0.6666666666666666,0.65,0.45151253071849684,Low,4
C000159,P005,Home Loan,Loan,Lending,False,1,Core Active,Core Digital Customer,High Risk,Moderate Cross-Sell Opportunity,Priority 2,0.22407780699944052,0.09848895262375186,0.1823005610059475,0.10415597838326805,0.4605263157894737,0.765,0.7,0.6666666666666666,0.65,0.4454628563096982,Low,5
C000160,P007,Term Insurance,Insurance,Protection,False,1,At Risk,At-Risk Engagement Customer,Critical Risk,Low Cross-Sell Opportunity,Priority 3,0.2920455898615167,0.09825791374548545,0.03749808323259025,0.0,0.2236842105263158,0.591,0.45,0.4666666666666667,0.3,0.3344822784600904,Low,1
C000160,P003,Rewards Credit Card,Credit Card,Cards,False,1,At Risk,At-Risk Engagement Customer,Critical Risk,Low Cross-Sell Opportunity,Priority 3,0.22978513175880289,0.09825791374548545,0.03749808323259025,0.0,0.2236842105263158,0.591,0.45,0.4666666666666667,0.3,0.3189171639344119,Low,2
C000160,P008,Premium Banking,Banking,Premium,False,1,At Risk,At-Risk Engagement Customer,Critical Risk,Low Cross-Sell Opportunity,Priority 3,0.20436100336643034,0.09825791374548545,0.03749808323259025,0.0,0.2236842105263158,0.591,0.45,0.4666666666666667,0.3,0.3125611318363188,Low,3
C000160,P006,Mutual Fund Plan,Investment,Wealth,False,1,At Risk,At-Risk Engagement Customer,Critical Risk,Low Cross-Sell Opportunity,Priority 3,0.19090295738941887,0.09825791374548545,0.03749808323259025,0.0,0.2236842105263158,0.591,0.45,0.4666666666666667,0.3,0.3091966203420659,Low,4
C000160,P004,Personal Loan,Loan,Lending,False,1,At Risk,At-Risk Engagement Customer,Critical Risk,Low Cross-Sell Opportunity,Priority 3,0.12811479078276286,0.09825791374548545,0.03749808323259025,0.0,0.2236842105263158,0.591,0.45,0.4666666666666667,0.3,0.2934995786904019,Low,5
C000160,P005,Home Loan,Loan,Lending,False,1,At Risk,At-Risk Engagement Customer,Critical Risk,Low Cross-Sell Opportunity,Priority 3,0.11628397790229408,0.09825791374548545,0.03749808323259025,0.0,0.2236842105263158,0.591,0.45,0.4666666666666667,0.3,0.2905418754702847,Low,6
C000161,P007,Term Insurance,Insurance,Protection,False,1,Core Active,Core Relationship Customer,Moderate Risk,Moderate Cross-Sell Opportunity,Priority 3,0.28617757750870243,0.05268217548332271,0.06033861551933656,0.07382648488875308,0.19736842105263158,0.652,0.7,0.375,0.65,0.35188609263173487,Low,1
C000161,P008,Premium Banking,Banking,Premium,False,1,Core Active,Core Relationship Customer,Moderate Risk,Moderate Cross-Sell Opportunity,Priority 3,0.2277093526042235,0.05268217548332271,0.06033861551933656,0.07382648488875308,0.19736842105263158,0.652,0.7,0.375,0.65,0.3372690364056151,Low,2
C000161,P006,Mutual Fund Plan,Investment,Wealth,False,1,Core Active,Core Relationship Customer,Moderate Risk,Moderate Cross-Sell Opportunity,Priority 3,0.21464958248928098,0.05268217548332271,0.06033861551933656,0.07382648488875308,0.19736842105263158,0.652,0.7,0.375,0.65,0.33400409387687946,Low,3
C000161,P004,Personal Loan,Loan,Lending,False,1,Core Active,Core Relationship Customer,Moderate Risk,Moderate Cross-Sell Opportunity,Priority 3,0.13771511581634666,0.05268217548332271,0.06033861551933656,0.07382648488875308,0.19736842105263158,0.652,0.7,0.375,0.65,0.3147704772086459,Low,4
C000161,P005,Home Loan,Loan,Lending,False,1,Core Active,Core Relationship Customer,Moderate Risk,Moderate Cross-Sell Opportunity,Priority 3,0.1222805263242748,0.05268217548332271,0.06033861551933656,0.07382648488875308,0.19736842105263158,0.652,0.7,0.375,0.65,0.31091182983562793,Low,5
C000162,P003,Rewards Credit Card,Credit Card,Cards,False,1,Core Active,Core Digital Customer,Moderate Risk,Moderate Cross-Sell Opportunity,Priority 3,0.4006799787416348,0.1187646059060973,0.08161813941352332,0.12542881626618896,0.40789473684210525,0.801,0.7,0.1,0.65,0.41270712639294393,Low,1
C000162,P008,Premium Banking,Banking,Premium,False,1,Core Active,Core Digital Customer,Moderate Risk,Moderate Cross-Sell Opportunity,Priority 3,0.32028225255029036,0.1187646059060973,0.08161813941352332,0.12542881626618896,0.40789473684210525,0.801,0.7,0.1,0.65,0.3926076948451078,Low,2
C000162,P006,Mutual Fund Plan,Investment,Wealth,False,1,Core Active,Core Digital Customer,Moderate Risk,Moderate Cross-Sell Opportunity,Priority 3,0.30666903415948576,0.1187646059060973,0.08161813941352332,0.12542881626618896,0.40789473684210525,0.801,0.7,0.1,0.65,0.3892043902474067,Low,3
C000162,P004,Personal Loan,Loan,Lending,False,1,Core Active,Core Digital Customer,Moderate Risk,Moderate Cross-Sell Opportunity,Priority 3,0.23384715813310278,0.1187646059060973,0.08161813941352332,0.12542881626618896,0.40789473684210525,0.801,0.7,0.1,0.65,0.3709989212408109,Low,4
C000162,P007,Term Insurance,Insurance,Protection,False,1,Core Active,Core Digital Customer,Moderate Risk,Moderate Cross-Sell Opportunity,Priority 3,0.21006300287783972,0.1187646059060973,0.08161813941352332,0.12542881626618896,0.40789473684210525,0.801,0.7,0.1,0.65,0.3650528824269952,Low,5
C000162,P005,Home Loan,Loan,Lending,False,1,Core Active,Core Digital Customer,Moderate Risk,Moderate Cross-Sell Opportunity,Priority 3,0.19869575402960674,0.1187646059060973,0.08161813941352332,0.12542881626618896,0.40789473684210525,0.801,0.7,0.1,0.65,0.3622110702149369,Low,6
C000163,P005,Home Loan,Loan,Lending,False,1,Premium High-Value,Premium Relationship Customer,Low Risk,Moderate Cross-Sell Opportunity,Priority 2,0.7897626790807056,0.800799341406416,0.4072289813136572,0.7968263624699444,0.7763157894736842,0.382,1.0,0.25,0.65,0.7697479064725123,High,1
C000164,P004,Personal Loan,Loan,Lending,False,1,Premium High-Value,Premium Relationship Customer,Moderate Risk,Moderate Cross-Sell Opportunity,Priority 2,0.4900016696471512,0.34894306352241344,0.3298565472059207,0.4697639559778226,0.6973684210526315,0.531,1.0,0.2,0.65,0.6024942932741653,Medium,1
C000164,P008,Premium Banking,Banking,Premium,False,1,Premium High-Value,Premium Relationship Customer,Moderate Risk,Moderate Cross-Sell Opportunity,Priority 2,0.46128522050216025,0.34894306352241344,0.3298565472059207,0.4697639559778226,0.6973684210526315,0.531,1.0,0.2,0.65,0.5953151809879176,Medium,2
C000164,P006,Mutual Fund Plan,Investment,Wealth,False,1,Premium High-Value,Premium Relationship Customer,Moderate Risk,Moderate Cross-Sell Opportunity,Priority 2,0.4422064848699764,0.34894306352241344,0.3298565472059207,0.4697639559778226,0.6973684210526315,0.531,1.0,0.2,0.65,0.5905454970798716,Medium,3
C000164,P005,Home Loan,Loan,Lending,False,1,Premium High-Value,Premium Relationship Customer,Moderate Risk,Moderate Cross-Sell Opportunity,Priority 2,0.44021406720111456,0.34894306352241344,0.3298565472059207,0.4697639559778226,0.6973684210526315,0.531,1.0,0.2,0.65,0.5900473926626562,Medium,4
C000164,P007,Term Insurance,Insurance,Protection,False,1,Premium High-Value,Premium Relationship Customer,Moderate Risk,Moderate Cross-Sell Opportunity,Priority 2,0.35069381033242597,0.34894306352241344,0.3298565472059207,0.4697639559778226,0.6973684210526315,0.531,1.0,0.2,0.65,0.567667328445484,Medium,5
C000165,P003,Rewards Credit Card,Credit Card,Cards,False,1,Core Active,Core Relationship Customer,Moderate Risk,Moderate Cross-Sell Opportunity,Priority 3,0.33680910069007297,0.054363182494157634,0.05756554645947299,0.05054214711376632,0.3684210526315789,0.721,0.7,0.5,0.65,0.4099380695660866,Low,1
C000165,P008,Premium Banking,Banking,Premium,False,1,Core Active,Core Relationship Customer,Moderate Risk,Moderate Cross-Sell Opportunity,Priority 3,0.2580005085847117,0.054363182494157634,0.05756554645947299,0.05054214711376632,0.3684210526315789,0.721,0.7,0.5,0.65,0.3902359215397463,Low,2
C000165,P006,Mutual Fund Plan,Investment,Wealth,False,1,Core Active,Core Relationship Customer,Moderate Risk,Moderate Cross-Sell Opportunity,Priority 3,0.24005395686057376,0.054363182494157634,0.05756554645947299,0.05054214711376632,0.3684210526315789,0.721,0.7,0.5,0.65,0.38574928360871175,Low,3
C000165,P007,Term Insurance,Insurance,Protection,False,1,Core Active,Core Relationship Customer,Moderate Risk,Moderate Cross-Sell Opportunity,Priority 3,0.1741780388538927,0.054363182494157634,0.05756554645947299,0.05054214711376632,0.3684210526315789,0.721,0.7,0.5,0.65,0.3692803041070415,Low,4
C000165,P004,Personal Loan,Loan,Lending,False,1,Core Active,Core Relationship Customer,Moderate Risk,Moderate Cross-Sell Opportunity,Priority 3,0.1630467714938235,0.054363182494157634,0.05756554645947299,0.05054214711376632,0.3684210526315789,0.721,0.7,0.5,0.65,0.36649748726702425,Low,5
C000165,P005,Home Loan,Loan,Lending,False,1,Core Active,Core Relationship Customer,Moderate Risk,Moderate Cross-Sell Opportunity,Priority 3,0.1325034426129178,0.054363182494157634,0.05756554645947299,0.05054214711376632,0.3684210526315789,0.721,0.7,0.5,0.65,0.3588616550467978,Low,6
C000166,P003,Rewards Credit Card,Credit Card,Cards,False,1,Premium High-Value,Premium Relationship Customer,Moderate Risk,Moderate Cross-Sell Opportunity,Priority 2,0.524171267844563,0.27480348417250905,0.1546432227819901,0.23253966696477052,0.47368421052631576,0.636,1.0,0.625,0.65,0.5956561453745899,Medium,1
C000166,P007,Term Insurance,Insurance,Protection,False,1,Premium High-Value,Premium Relationship Customer,Moderate Risk,Moderate Cross-Sell Opportunity,Priority 2,0.4304221046135206,0.27480348417250905,0.1546432227819901,0.23253966696477052,0.47368421052631576,0.636,1.0,0.625,0.65,0.5722188545668293,Medium,2
C000166,P008,Premium Banking,Banking,Premium,False,1,Premium High-Value,Premium Relationship Customer,Moderate Risk,Moderate Cross-Sell Opportunity,Priority 2,0.4184994829645051,0.27480348417250905,0.1546432227819901,0.23253966696477052,0.47368421052631576,0.636,1.0,0.625,0.65,0.5692381991545754,Medium,3
C000166,P005,Home Loan,Loan,Lending,False,1,Premium High-Value,Premium Relationship Customer,Moderate Risk,Moderate Cross-Sell Opportunity,Priority 2,0.32164484990615283,0.27480348417250905,0.1546432227819901,0.23253966696477052,0.47368421052631576,0.636,1.0,0.625,0.65,0.5450245408899874,Low,4
C000167,P008,Premium Banking,Banking,Premium,False,1,Premium High-Value,Premium Digital Customer,Low Risk,Moderate Cross-Sell Opportunity,Priority 2,0.5371257312830627,0.4138570214574039,0.33195023355745396,0.3737637802928146,0.5921052631578947,0.865,1.0,0.25,0.65,0.6498686265859307,Medium,1
C000167,P005,Home Loan,Loan,Lending,False,1,Premium High-Value,Premium Digital Customer,Low Risk,Moderate Cross-Sell Opportunity,Priority 2,0.43653917330170877,0.4138570214574039,0.33195023355745396,0.3737637802928146,0.5921052631578947,0.865,1.0,0.25,0.65,0.6247219870905922,Medium,2
C000168,P003,Rewards Credit Card,Credit Card,Cards,False,1,Core Active,Core Relationship Customer,Critical Risk,Moderate Cross-Sell Opportunity,Priority 4,0.3079669960398987,0.08603409815168897,0.06471880017870035,0.11775381110310561,0.3026315789473684,0.496,0.7,0.0,0.65,0.3266933054824177,Low,1
C000168,P008,Premium Banking,Banking,Premium,False,1,Core Active,Core Relationship Customer,Critical Risk,Moderate Cross-Sell Opportunity,Priority 4,0.2542913768953544,0.08603409815168897,0.06471880017870035,0.11775381110310561,0.3026315789473684,0.496,0.7,0.0,0.65,0.31327440069628165,Low,2
C000168,P006,Mutual Fund Plan,Investment,Wealth,False,1,Core Active,Core Relationship Customer,Critical Risk,Moderate Cross-Sell Opportunity,Priority 4,0.25276723896431996,0.08603409815168897,0.06471880017870035,0.11775381110310561,0.3026315789473684,0.496,0.7,0.0,0.65,0.31289336621352304,Low,3
C000168,P004,Personal Loan,Loan,Lending,False,1,Core Active,Core Relationship Customer,Critical Risk,Moderate Cross-Sell Opportunity,Priority 4,0.18942271368930308,0.08603409815168897,0.06471880017870035,0.11775381110310561,0.3026315789473684,0.496,0.7,0.0,0.65,0.2970572348947689,Low,4
C000168,P005,Home Loan,Loan,Lending,False,1,Core Active,Core Relationship Customer,Critical Risk,Moderate Cross-Sell Opportunity,Priority 4,0.16139369961864522,0.08603409815168897,0.06471880017870035,0.11775381110310561,0.3026315789473684,0.496,0.7,0.0,0.65,0.29004998137710436,Low,5
C000169,P003,Rewards Credit Card,Credit Card,Cards,False,1,Core Active,Core Relationship Customer,Moderate Risk,Moderate Cross-Sell Opportunity,Priority 3,0.2911629076580042,0.09599532611004886,0.15556536692080353,0.06847837158687485,0.47368421052631576,0.408,0.7,0.125,0.65,0.37384242371545817,Low,1
C000169,P007,Term Insurance,Insurance,Protection,False,1,Core Active,Core Relationship Customer,Moderate Risk,Moderate Cross-Sell Opportunity,Priority 3,0.2547970159984727,0.09599532611004886,0.15556536692080353,0.06847837158687485,0.47368421052631576,0.408,0.7,0.125,0.65,0.3647509508005753,Low,2
C000169,P008,Premium Banking,Banking,Premium,False,1,Core Active,Core Relationship Customer,Moderate Risk,Moderate Cross-Sell Opportunity,Priority 3,0.2230593139925996,0.09599532611004886,0.15556536692080353,0.06847837158687485,0.47368421052631576,0.408,0.7,0.125,0.65,0.356816525299107,Low,3
C000169,P006,Mutual Fund Plan,Investment,Wealth,False,1,Core Active,Core Relationship Customer,Moderate Risk,Moderate Cross-Sell Opportunity,Priority 3,0.21386621054432375,0.09599532611004886,0.15556536692080353,0.06847837158687485,0.47368421052631576,0.408,0.7,0.125,0.65,0.35451824943703814,Low,4
C000169,P004,Personal Loan,Loan,Lending,False,1,Core Active,Core Relationship Customer,Moderate Risk,Moderate Cross-Sell Opportunity,Priority 3,0.19418660894894574,0.09599532611004886,0.15556536692080353,0.06847837158687485,0.47368421052631576,0.408,0.7,0.125,0.65,0.34959834903819365,Low,5
C000169,P005,Home Loan,Loan,Lending,False,1,Core Active,Core Relationship Customer,Moderate Risk,Moderate Cross-Sell Opportunity,Priority 3,0.1681049220812496,0.09599532611004886,0.15556536692080353,0.06847837158687485,0.47368421052631576,0.408,0.7,0.125,0.65,0.3430779273212695,Low,6
C000170,P008,Premium Banking,Banking,Premium,False,1,Premium High-Value,Premium Digital Customer,Low Risk,Moderate Cross-Sell Opportunity,Priority 2,0.5889571917550167,0.5253346080305927,0.3937702177482707,0.46974012636237655,0.6842105263157895,0.732,1.0,0.5416666666666666,0.65,0.6948044651589078,Medium,1
C000170,P004,Personal Loan,Loan,Lending,False,1,Premium High-Value,Premium Digital Customer,Low Risk,Moderate Cross-Sell Opportunity,Priority 2,0.5696974249173964,0.5253346080305927,0.3937702177482707,0.46974012636237655,0.6842105263157895,0.732,1.0,0.5416666666666666,0.65,0.6899895234495027,Medium,2
C000170,P006,Mutual Fund Plan,Investment,Wealth,False,1,Premium High-Value,Premium Digital Customer,Low Risk,Moderate Cross-Sell Opportunity,Priority 2,0.5664376515251315,0.5253346080305927,0.3937702177482707,0.46974012636237655,0.6842105263157895,0.732,1.0,0.5416666666666666,0.65,0.6891745801014365,Medium,3
C000170,P005,Home Loan,Loan,Lending,False,1,Premium High-Value,Premium Digital Customer,Low Risk,Moderate Cross-Sell Opportunity,Priority 2,0.5396346227133502,0.5253346080305927,0.3937702177482707,0.46974012636237655,0.6842105263157895,0.732,1.0,0.5416666666666666,0.65,0.6824738228984912,Medium,4
C000171,P004,Personal Loan,Loan,Lending,False,1,Premium High-Value,Premium Relationship Customer,Moderate Risk,Moderate Cross-Sell Opportunity,Priority 2,0.4807923983651714,0.27875239005736135,0.2601630588359397,0.28544795471812373,0.6052631578947368,0.491,1.0,0.6,0.65,0.5883380512869756,Medium,1
C000171,P008,Premium Banking,Banking,Premium,False,1,Premium High-Value,Premium Relationship Customer,Moderate Risk,Moderate Cross-Sell Opportunity,Priority 2,0.46596076461900804,0.27875239005736135,0.2601630588359397,0.28544795471812373,0.6052631578947368,0.491,1.0,0.6,0.65,0.5846301428504348,Medium,2
C000171,P005,Home Loan,Loan,Lending,False,1,Premium High-Value,Premium Relationship Customer,Moderate Risk,Moderate Cross-Sell Opportunity,Priority 2,0.4446833654321445,0.27875239005736135,0.2601630588359397,0.28544795471812373,0.6052631578947368,0.491,1.0,0.6,0.65,0.5793107930537189,Medium,3
C000172,P003,Rewards Credit Card,Credit Card,Cards,False,1,Core Active,Core Relationship Customer,Low Risk,Moderate Cross-Sell Opportunity,Priority 3,0.31509056727185286,0.06374282982791588,0.027710431371343602,0.012533910477274491,0.3026315789473684,0.689,0.7,0.25,0.65,0.38831594462565167,Low,1
C000172,P007,Term Insurance,Insurance,Protection,False,1,Core Active,Core Relationship Customer,Low Risk,Moderate Cross-Sell Opportunity,Priority 3,0.24275218550245187,0.06374282982791588,0.027710431371343602,0.012533910477274491,0.3026315789473684,0.689,0.7,0.25,0.65,0.3702313491833015,Low,2
C000172,P008,Premium Banking,Banking,Premium,False,1,Core Active,Core Relationship Customer,Low Risk,Moderate Cross-Sell Opportunity,Priority 3,0.2319768277195493,0.06374282982791588,0.027710431371343602,0.012533910477274491,0.3026315789473684,0.689,0.7,0.25,0.65,0.3675375097375758,Low,3
C000172,P006,Mutual Fund Plan,Investment,Wealth,False,1,Core Active,Core Relationship Customer,Low Risk,Moderate Cross-Sell Opportunity,Priority 3,0.20327395415633093,0.06374282982791588,0.027710431371343602,0.012533910477274491,0.3026315789473684,0.689,0.7,0.25,0.65,0.36036179134677115,Low,4
C000172,P004,Personal Loan,Loan,Lending,False,1,Core Active,Core Relationship Customer,Low Risk,Moderate Cross-Sell Opportunity,Priority 3,0.10355389084934971,0.06374282982791588,0.027710431371343602,0.012533910477274491,0.3026315789473684,0.689,0.7,0.25,0.65,0.3354317755200259,Low,5
C000172,P005,Home Loan,Loan,Lending,False,1,Core Active,Core Relationship Customer,Low Risk,Moderate Cross-Sell Opportunity,Priority 3,0.07938104810398276,0.06374282982791588,0.027710431371343602,0.012533910477274491,0.3026315789473684,0.689,0.7,0.25,0.65,0.32938856483368417,Low,6
C000173,P006,Mutual Fund Plan,Investment,Wealth,False,1,Core Active,Core Digital Customer,Moderate Risk,Moderate Cross-Sell Opportunity,Priority 2,0.384764876599783,0.12980667091565753,0.11820420812094619,0.14412712118621024,0.4473684210526316,0.72,0.7,0.5,0.65,0.46875781649097203,Low,1
C000173,P008,Premium Banking,Banking,Premium,False,1,Core Active,Core Digital Customer,Moderate Risk,Moderate Cross-Sell Opportunity,Priority 2,0.37881085361127725,0.12980667091565753,0.11820420812094619,0.14412712118621024,0.4473684210526316,0.72,0.7,0.5,0.65,0.4672693107438456,Low,2
C000173,P004,Personal Loan,Loan,Lending,False,1,Core Active,Core Digital Customer,Moderate Risk,Moderate Cross-Sell Opportunity,Priority 2,0.3008338099061248,0.12980667091565753,0.11820420812094619,0.14412712118621024,0.4473684210526316,0.72,0.7,0.5,0.65,0.44777504981755745,Low,3
C000173,P007,Term Insurance,Insurance,Protection,False,1,Core Active,Core Digital Customer,Moderate Risk,Moderate Cross-Sell Opportunity,Priority 2,0.29538259262015687,0.12980667091565753,0.11820420812094619,0.14412712118621024,0.4473684210526316,0.72,0.7,0.5,0.65,0.4464122454960655,Low,4
C000173,P005,Home Loan,Loan,Lending,False,1,Core Active,Core Digital Customer,Moderate Risk,Moderate Cross-Sell Opportunity,Priority 2,0.2659052204461654,0.12980667091565753,0.11820420812094619,0.14412712118621024,0.4473684210526316,0.72,0.7,0.5,0.65,0.4390429024525676,Low,5
C000174,P003,Rewards Credit Card,Credit Card,Cards,False,1,Core Active,Core Relationship Customer,Moderate Risk,Moderate Cross-Sell Opportunity,Priority 3,0.3805905801512203,0.08683078393881453,0.11468469132447492,0.013418876980311134,0.618421052631579,0.608,0.7,0.0,0.65,0.40357695972030483,Low,1
C000174,P008,Premium Banking,Banking,Premium,False,1,Core Active,Core Relationship Customer,Moderate Risk,Moderate Cross-Sell Opportunity,Priority 3,0.27690782149959764,0.08683078393881453,0.11468469132447492,0.013418876980311134,0.618421052631579,0.608,0.7,0.0,0.65,0.3776562700573991,Low,2
C000174,P006,Mutual Fund Plan,Investment,Wealth,False,1,Core Active,Core Relationship Customer,Moderate Risk,Moderate Cross-Sell Opportunity,Priority 3,0.2625997755225862,0.08683078393881453,0.11468469132447492,0.013418876980311134,0.618421052631579,0.608,0.7,0.0,0.65,0.3740792585631463,Low,3
C000174,P007,Term Insurance,Insurance,Protection,False,1,Core Active,Core Relationship Customer,Moderate Risk,Moderate Cross-Sell Opportunity,Priority 3,0.2359088588801676,0.08683078393881453,0.11468469132447492,0.013418876980311134,0.618421052631579,0.608,0.7,0.0,0.65,0.3674065294025416,Low,4
C000174,P004,Personal Loan,Loan,Lending,False,1,Core Active,Core Relationship Customer,Moderate Risk,Moderate Cross-Sell Opportunity,Priority 3,0.21789578687165917,0.08683078393881453,0.11468469132447492,0.013418876980311134,0.618421052631579,0.608,0.7,0.0,0.65,0.3629032614004145,Low,5
C000174,P005,Home Loan,Loan,Lending,False,1,Core Active,Core Relationship Customer,Moderate Risk,Moderate Cross-Sell Opportunity,Priority 3,0.1762560368060821,0.08683078393881453,0.11468469132447492,0.013418876980311134,0.618421052631579,0.608,0.7,0.0,0.65,0.3524933238840202,Low,6
C000175,P004,Personal Loan,Loan,Lending,False,1,Premium High-Value,Premium Relationship Customer,Moderate Risk,Moderate Cross-Sell Opportunity,Priority 3,0.5690659487117393,0.310380815806246,0.31826966638292103,0.2803030940185796,0.7236842105263158,0.438,1.0,0.0,0.65,0.5691952819181314,Medium,1
C000175,P007,Term Insurance,Insurance,Protection,False,1,Premium High-Value,Premium Relationship Customer,Moderate Risk,Moderate Cross-Sell Opportunity,Priority 3,0.568786573072718,0.310380815806246,0.31826966638292103,0.2803030940185796,0.7236842105263158,0.438,1.0,0.0,0.65,0.569125438008376,Medium,2
C000175,P005,Home Loan,Loan,Lending,False,1,Premium High-Value,Premium Relationship Customer,Moderate Risk,Moderate Cross-Sell Opportunity,Priority 3,0.5319267090050003,0.310380815806246,0.31826966638292103,0.2803030940185796,0.7236842105263158,0.438,1.0,0.0,0.65,0.5599104719914466,Medium,3
C000175,P008,Premium Banking,Banking,Premium,False,1,Premium High-Value,Premium Relationship Customer,Moderate Risk,Moderate Cross-Sell Opportunity,Priority 3,0.5244636656635862,0.310380815806246,0.31826966638292103,0.2803030940185796,0.7236842105263158,0.438,1.0,0.0,0.65,0.5580447111560931,Medium,4
C000176,P004,Personal Loan,Loan,Lending,False,1,Premium High-Value,Premium Relationship Customer,Moderate Risk,Moderate Cross-Sell Opportunity,Priority 3,0.6139659667229898,0.5099320161461652,0.38505979790372885,0.5013456724016608,0.6578947368421053,0.506,1.0,0.3,0.65,0.6472621054362964,Medium,1
C000176,P008,Premium Banking,Banking,Premium,False,1,Premium High-Value,Premium Relationship Customer,Moderate Risk,Moderate Cross-Sell Opportunity,Priority 3,0.5596917850666197,0.5099320161461652,0.38505979790372885,0.5013456724016608,0.6578947368421053,0.506,1.0,0.3,0.65,0.6336935600222038,Medium,2
C000177,P007,Term Insurance,Insurance,Protection,False,1,Dormant / Declining,Dormant Reactivation Target,Critical Risk,Low Cross-Sell Opportunity,Priority 3,0.2992448423284734,0.10458094327597196,0.06375334320912447,0.047088721863531996,0.05263157894736842,0.274,0.25,0.5,0.3,0.25352213607941804,Low,1
C000177,P008,Premium Banking,Banking,Premium,False,1,Dormant / Declining,Dormant Reactivation Target,Critical Risk,Low Cross-Sell Opportunity,Priority 3,0.14806068953314971,0.10458094327597196,0.06375334320912447,0.047088721863531996,0.05263157894736842,0.274,0.25,0.5,0.3,0.21572609788058708,Low,2
C000177,P006,Mutual Fund Plan,Investment,Wealth,False,1,Dormant / Declining,Dormant Reactivation Target,Critical Risk,Low Cross-Sell Opportunity,Priority 3,0.14211931022280488,0.10458094327597196,0.06375334320912447,0.047088721863531996,0.05263157894736842,0.274,0.25,0.5,0.3,0.21424075305300092,Low,3
C000177,P003,Rewards Credit Card,Credit Card,Cards,False,1,Dormant / Declining,Dormant Reactivation Target,Critical Risk,Low Cross-Sell Opportunity,Priority 3,0.1355271478351517,0.10458094327597196,0.06375334320912447,0.047088721863531996,0.05263157894736842,0.274,0.25,0.5,0.3,0.2125927124560876,Low,4
C000177,P005,Home Loan,Loan,Lending,False,1,Dormant / Declining,Dormant Reactivation Target,Critical Risk,Low Cross-Sell Opportunity,Priority 3,0.08897722525938309,0.10458094327597196,0.06375334320912447,0.047088721863531996,0.05263157894736842,0.274,0.25,0.5,0.3,0.20095523181214545,Low,5
C000177,P004,Personal Loan,Loan,Lending,False,1,Dormant / Declining,Dormant Reactivation Target,Critical Risk,Low Cross-Sell Opportunity,Priority 3,0.08415720669530585,0.10458094327597196,0.06375334320912447,0.047088721863531996,0.05263157894736842,0.274,0.25,0.5,0.3,0.19975022717112614,Low,6
C000178,P003,Rewards Credit Card,Credit Card,Cards,False,1,Core Active,Core Relationship Customer,Moderate Risk,Moderate Cross-Sell Opportunity,Priority 3,0.291858679848719,0.09766305502443169,0.18552352463050487,0.06268029907569127,0.5131578947368421,0.37,0.7,0.625,0.65,0.4264709651775924,Low,1
C000178,P008,Premium Banking,Banking,Premium,False,1,Core Active,Core Relationship Customer,Moderate Risk,Moderate Cross-Sell Opportunity,Priority 3,0.21734206118970575,0.09766305502443169,0.18552352463050487,0.06268029907569127,0.5131578947368421,0.37,0.7,0.625,0.65,0.4078418105128391,Low,2
C000178,P006,Mutual Fund Plan,Investment,Wealth,False,1,Core Active,Core Relationship Customer,Moderate Risk,Moderate Cross-Sell Opportunity,Priority 3,0.20458918762648734,0.09766305502443169,0.18552352463050487,0.06268029907569127,0.5131578947368421,0.37,0.7,0.625,0.65,0.40465359212203456,Low,3
C000178,P004,Personal Loan,Loan,Lending,False,1,Core Active,Core Relationship Customer,Moderate Risk,Moderate Cross-Sell Opportunity,Priority 3,0.18953646327475676,0.09766305502443169,0.18552352463050487,0.06268029907569127,0.5131578947368421,0.37,0.7,0.625,0.65,0.40089041103410183,Low,4
C000178,P005,Home Loan,Loan,Lending,False,1,Core Active,Core Relationship Customer,Moderate Risk,Moderate Cross-Sell Opportunity,Priority 3,0.16466432533930075,0.09766305502443169,0.18552352463050487,0.06268029907569127,0.5131578947368421,0.37,0.7,0.625,0.65,0.3946723765502379,Low,5
C000178,P007,Term Insurance,Insurance,Protection,False,1,Core Active,Core Relationship Customer,Moderate Risk,Moderate Cross-Sell Opportunity,Priority 3,0.14384346119128275,0.09766305502443169,0.18552352463050487,0.06268029907569127,0.5131578947368421,0.37,0.7,0.625,0.65,0.3894671605132334,Low,6
C000179,P004,Personal Loan,Loan,Lending,False,1,Core Active,Core High-Activity Customer,Low Risk,Moderate Cross-Sell Opportunity,Priority 3,0.29613731340867055,0.2606118546845124,0.09381908440168739,0.18909594176976482,0.6578947368421053,0.347,0.7,0.25,0.65,0.4220409098153859,Low,1
C000179,P007,Term Insurance,Insurance,Protection,False,1,Core Active,Core High-Activity Customer,Low Risk,Moderate Cross-Sell Opportunity,Priority 3,0.2595211897881623,0.2606118546845124,0.09381908440168739,0.18909594176976482,0.6578947368421053,0.347,0.7,0.25,0.65,0.4128868789102589,Low,2
C000179,P008,Premium Banking,Banking,Premium,False,1,Core Active,Core High-Activity Customer,Low Risk,Moderate Cross-Sell Opportunity,Priority 3,0.2504359967590829,0.2606118546845124,0.09381908440168739,0.18909594176976482,0.6578947368421053,0.347,0.7,0.25,0.65,0.410615580652989,Low,3
C000179,P006,Mutual Fund Plan,Investment,Wealth,False,1,Core Active,Core High-Activity Customer,Low Risk,Moderate Cross-Sell Opportunity,Priority 3,0.24458024963264616,0.2606118546845124,0.09381908440168739,0.18909594176976482,0.6578947368421053,0.347,0.7,0.25,0.65,0.4091516438713798,Low,4
C000179,P005,Home Loan,Loan,Lending,False,1,Core Active,Core High-Activity Customer,Low Risk,Moderate Cross-Sell Opportunity,Priority 3,0.23854170094196225,0.2606118546845124,0.09381908440168739,0.18909594176976482,0.6578947368421053,0.347,0.7,0.25,0.65,0.40764200669870887,Low,5
C000180,P003,Rewards Credit Card,Credit Card,Cards,False,1,Core Active,Core Digital Customer,Low Risk,Moderate Cross-Sell Opportunity,Priority 3,0.39731481023382786,0.07595867856384109,0.1249962887191383,0.08727806918438236,0.3815789473684211,0.852,0.7,0.0,0.65,0.4144572803764883,Low,1
C000180,P008,Premium Banking,Banking,Premium,False,1,Core Active,Core Digital Customer,Low Risk,Moderate Cross-Sell Opportunity,Priority 3,0.35609524742670545,0.07595867856384109,0.1249962887191383,0.08727806918438236,0.3815789473684211,0.852,0.7,0.0,0.65,0.4041523896747078,Low,2
C000180,P007,Term Insurance,Insurance,Protection,False,1,Core Active,Core Digital Customer,Low Risk,Moderate Cross-Sell Opportunity,Priority 3,0.34912646507178213,0.07595867856384109,0.1249962887191383,0.08727806918438236,0.3815789473684211,0.852,0.7,0.0,0.65,0.4024101940859769,Low,3
C000180,P006,Mutual Fund Plan,Investment,Wealth,False,1,Core Active,Core Digital Customer,Low Risk,Moderate Cross-Sell Opportunity,Priority 3,0.34740329340371695,0.07595867856384109,0.1249962887191383,0.08727806918438236,0.3815789473684211,0.852,0.7,0.0,0.65,0.4019794011689606,Low,4
C000180,P004,Personal Loan,Loan,Lending,False,1,Core Active,Core Digital Customer,Low Risk,Moderate Cross-Sell Opportunity,Priority 3,0.23703258811861824,0.07595867856384109,0.1249962887191383,0.08727806918438236,0.3815789473684211,0.852,0.7,0.0,0.65,0.374386724847686,Low,5
C000180,P005,Home Loan,Loan,Lending,False,1,Core Active,Core Digital Customer,Low Risk,Moderate Cross-Sell Opportunity,Priority 3,0.21269426369940073,0.07595867856384109,0.1249962887191383,0.08727806918438236,0.3815789473684211,0.852,0.7,0.0,0.65,0.3683021437428815,Low,6
C000181,P004,Personal Loan,Loan,Lending,False,1,Core Active,Core Relationship Customer,High Risk,Low Cross-Sell Opportunity,Priority 3,0.25462385131812426,0.1702703420437646,0.1417063089678867,0.1786753911094041,0.5,0.293,0.7,0.25,0.3,0.347010031238284,Low,1
C000181,P008,Premium Banking,Banking,Premium,False,1,Core Active,Core Relationship Customer,High Risk,Low Cross-Sell Opportunity,Priority 3,0.22743465096242443,0.1702703420437646,0.1417063089678867,0.1786753911094041,0.5,0.293,0.7,0.25,0.3,0.340212731149359,Low,2
C000181,P005,Home Loan,Loan,Lending,False,1,Core Active,Core Relationship Customer,High Risk,Low Cross-Sell Opportunity,Priority 3,0.21652577565455505,0.1702703420437646,0.1417063089678867,0.1786753911094041,0.5,0.293,0.7,0.25,0.3,0.3374855123223917,Low,3
C000182,P003,Rewards Credit Card,Credit Card,Cards,False,1,Core Active,Core Digital Customer,Moderate Risk,Moderate Cross-Sell Opportunity,Priority 3,0.3548393507731568,0.049503399192691734,0.005057820882582758,0.03699057188273587,0.3157894736842105,0.856,0.7,0.16666666666666666,0.65,0.3857456052511258,Low,1
C000182,P007,Term Insurance,Insurance,Protection,False,1,Core Active,Core Digital Customer,Moderate Risk,Moderate Cross-Sell Opportunity,Priority 3,0.2973382256720719,0.049503399192691734,0.005057820882582758,0.03699057188273587,0.3157894736842105,0.856,0.7,0.16666666666666666,0.65,0.37137032397585457,Low,2
C000182,P008,Premium Banking,Banking,Premium,False,1,Core Active,Core Digital Customer,Moderate Risk,Moderate Cross-Sell Opportunity,Priority 3,0.2903859602739417,0.049503399192691734,0.005057820882582758,0.03699057188273587,0.3157894736842105,0.856,0.7,0.16666666666666666,0.65,0.369632257626322,Low,3
C000182,P006,Mutual Fund Plan,Investment,Wealth,False,1,Core Active,Core Digital Customer,Moderate Risk,Moderate Cross-Sell Opportunity,Priority 3,0.27718366142336703,0.049503399192691734,0.005057820882582758,0.03699057188273587,0.3157894736842105,0.856,0.7,0.16666666666666666,0.65,0.36633168291367835,Low,4
C000182,P004,Personal Loan,Loan,Lending,False,1,Core Active,Core Digital Customer,Moderate Risk,Moderate Cross-Sell Opportunity,Priority 3,0.1749588054518601,0.049503399192691734,0.005057820882582758,0.03699057188273587,0.3157894736842105,0.856,0.7,0.16666666666666666,0.65,0.34077546892080157,Low,5
C000182,P005,Home Loan,Loan,Lending,False,1,Core Active,Core Digital Customer,Moderate Risk,Moderate Cross-Sell Opportunity,Priority 3,0.14291464398718745,0.049503399192691734,0.005057820882582758,0.03699057188273587,0.3157894736842105,0.856,0.7,0.16666666666666666,0.65,0.3327644285546334,Low,6
C000183,P007,Term Insurance,Insurance,Protection,False,1,At Risk,At-Risk Declining Customer,Critical Risk,Moderate Cross-Sell Opportunity,Priority 3,0.26761054111313465,0.08962715105162523,0.2155924094962683,0.027095674504273918,0.07894736842105263,0.371,0.45,0.25,0.65,0.2587701707517666,Low,1
C000183,P008,Premium Banking,Banking,Premium,False,1,At Risk,At-Risk Declining Customer,Critical Risk,Moderate Cross-Sell Opportunity,Priority 3,0.2391661326720144,0.08962715105162523,0.2155924094962683,0.027095674504273918,0.07894736842105263,0.371,0.45,0.25,0.65,0.25165906864148657,Low,2
C000183,P006,Mutual Fund Plan,Investment,Wealth,False,1,At Risk,At-Risk Declining Customer,Critical Risk,Moderate Cross-Sell Opportunity,Priority 3,0.2338345234766121,0.08962715105162523,0.2155924094962683,0.027095674504273918,0.07894736842105263,0.371,0.45,0.25,0.65,0.25032616634263594,Low,3
C000183,P005,Home Loan,Loan,Lending,False,1,At Risk,At-Risk Declining Customer,Critical Risk,Moderate Cross-Sell Opportunity,Priority 3,0.14630670242327506,0.08962715105162523,0.2155924094962683,0.027095674504273918,0.07894736842105263,0.371,0.45,0.25,0.65,0.2284442110793017,Low,4
C000183,P004,Personal Loan,Loan,Lending,False,1,At Risk,At-Risk Declining Customer,Critical Risk,Moderate Cross-Sell Opportunity,Priority 3,0.12009078773878624,0.08962715105162523,0.2155924094962683,0.027095674504273918,0.07894736842105263,0.371,0.45,0.25,0.65,0.2218902324081795,Low,5
C000184,P003,Rewards Credit Card,Credit Card,Cards,False,1,Core Active,Core Relationship Customer,Low Risk,Moderate Cross-Sell Opportunity,Priority 3,0.38180896476183135,0.1413426811132356,0.08235340964541811,0.12345235992624969,0.5526315789473685,0.463,0.7,0.5833333333333333,0.65,0.4687488475885436,Low,1
C000184,P008,Premium Banking,Banking,Premium,False,1,Core Active,Core Relationship Customer,Low Risk,Moderate Cross-Sell Opportunity,Priority 3,0.26395022770493853,0.1413426811132356,0.08235340964541811,0.12345235992624969,0.5526315789473685,0.463,0.7,0.5833333333333333,0.65,0.4392841633243204,Low,2
C000184,P004,Personal Loan,Loan,Lending,False,1,Core Active,Core Relationship Customer,Low Risk,Moderate Cross-Sell Opportunity,Priority 3,0.23566225872792085,0.1413426811132356,0.08235340964541811,0.12345235992624969,0.5526315789473685,0.463,0.7,0.5833333333333333,0.65,0.43221217108006593,Low,3
C000184,P005,Home Loan,Loan,Lending,False,1,Core Active,Core Relationship Customer,Low Risk,Moderate Cross-Sell Opportunity,Priority 3,0.18747401034303351,0.1413426811132356,0.08235340964541811,0.12345235992624969,0.5526315789473685,0.463,0.7,0.5833333333333333,0.65,0.4201651089838442,Low,4
C000185,P003,Rewards Credit Card,Credit Card,Cards,False,1,Core Active,Core Digital Customer,Moderate Risk,Moderate Cross-Sell Opportunity,Priority 2,0.4308244005237548,0.11434565540684087,0.07066697917106926,0.14803564536672845,0.4605263157894737,0.749,0.7,0.125,0.65,0.444554178580728,Low,1
C000185,P008,Premium Banking,Banking,Premium,False,1,Core Active,Core Digital Customer,Moderate Risk,Moderate Cross-Sell Opportunity,Priority 2,0.3015794879527854,0.11434565540684087,0.07066697917106926,0.14803564536672845,0.4605263157894737,0.749,0.7,0.125,0.65,0.41224295043798564,Low,2
C000185,P006,Mutual Fund Plan,Investment,Wealth,False,1,Core Active,Core Digital Customer,Moderate Risk,Moderate Cross-Sell Opportunity,Priority 2,0.2770605224355441,0.11434565540684087,0.07066697917106926,0.14803564536672845,0.4605263157894737,0.749,0.7,0.125,0.65,0.4061132090586753,Low,3
C000185,P007,Term Insurance,Insurance,Protection,False,1,Core Active,Core Digital Customer,Moderate Risk,Moderate Cross-Sell Opportunity,Priority 2,0.2410516634032948,0.11434565540684087,0.07066697917106926,0.14803564536672845,0.4605263157894737,0.749,0.7,0.125,0.65,0.3971109943006129,Low,4
C000185,P004,Personal Loan,Loan,Lending,False,1,Core Active,Core Digital Customer,Moderate Risk,Moderate Cross-Sell Opportunity,Priority 2,0.20540923917722895,0.11434565540684087,0.07066697917106926,0.14803564536672845,0.4605263157894737,0.749,0.7,0.125,0.65,0.38820038824409653,Low,5
C000185,P005,Home Loan,Loan,Lending,False,1,Core Active,Core Digital Customer,Moderate Risk,Moderate Cross-Sell Opportunity,Priority 2,0.16087037270761115,0.11434565540684087,0.07066697917106926,0.14803564536672845,0.4605263157894737,0.749,0.7,0.125,0.65,0.377065671626692,Low,6
C000186,P007,Term Insurance,Insurance,Protection,False,1,Core Active,Core Relationship Customer,High Risk,Moderate Cross-Sell Opportunity,Priority 3,0.37761386786045403,0.0936636923730614,0.06440862442291766,0.08870831335850864,0.32894736842105265,0.694,0.7,0.25,0.65,0.39437831070288365,Low,1
C000186,P008,Premium Banking,Banking,Premium,False,1,Core Active,Core Relationship Customer,High Risk,Moderate Cross-Sell Opportunity,Priority 3,0.29558014655607057,0.0936636923730614,0.06440862442291766,0.08870831335850864,0.32894736842105265,0.694,0.7,0.25,0.65,0.3738698803767878,Low,2
C000186,P006,Mutual Fund Plan,Investment,Wealth,False,1,Core Active,Core Relationship Customer,High Risk,Moderate Cross-Sell Opportunity,Priority 3,0.2827192270158407,0.0936636923730614,0.06440862442291766,0.08870831335850864,0.32894736842105265,0.694,0.7,0.25,0.65,0.3706546504917304,Low,3
C000186,P004,Personal Loan,Loan,Lending,False,1,Core Active,Core Relationship Customer,High Risk,Moderate Cross-Sell Opportunity,Priority 3,0.1868087791105787,0.0936636923730614,0.06440862442291766,0.08870831335850864,0.32894736842105265,0.694,0.7,0.25,0.65,0.34667703851541487,Low,4
C000186,P005,Home Loan,Loan,Lending,False,1,Core Active,Core Relationship Customer,High Risk,Moderate Cross-Sell Opportunity,Priority 3,0.15938768921471327,0.0936636923730614,0.06440862442291766,0.08870831335850864,0.32894736842105265,0.694,0.7,0.25,0.65,0.33982176604144854,Low,5
C000187,P007,Term Insurance,Insurance,Protection,False,1,At Risk,At-Risk Engagement Customer,Critical Risk,Low Cross-Sell Opportunity,Priority 4,0.2186016913060787,0.09653707244529425,0.015722557566768998,0.05534077751829975,0.06578947368421052,0.18,0.45,0.0,0.3,0.18432625836821015,Low,1
C000187,P006,Mutual Fund Plan,Investment,Wealth,False,1,At Risk,At-Risk Engagement Customer,Critical Risk,Low Cross-Sell Opportunity,Priority 4,0.13628163412770697,0.09653707244529425,0.015722557566768998,0.05534077751829975,0.06578947368421052,0.18,0.45,0.0,0.3,0.1637462440736172,Low,2
C000187,P008,Premium Banking,Banking,Premium,False,1,At Risk,At-Risk Engagement Customer,Critical Risk,Low Cross-Sell Opportunity,Priority 4,0.13148853067943111,0.09653707244529425,0.015722557566768998,0.05534077751829975,0.06578947368421052,0.18,0.45,0.0,0.3,0.1625479682115482,Low,3
C000187,P004,Personal Loan,Loan,Lending,False,1,At Risk,At-Risk Engagement Customer,Critical Risk,Low Cross-Sell Opportunity,Priority 4,0.09692486595393326,0.09653707244529425,0.015722557566768998,0.05534077751829975,0.06578947368421052,0.18,0.45,0.0,0.3,0.15390705203017374,Low,4
C000187,P005,Home Loan,Loan,Lending,False,1,At Risk,At-Risk Engagement Customer,Critical Risk,Low Cross-Sell Opportunity,Priority 4,0.09199707809096229,0.09653707244529425,0.015722557566768998,0.05534077751829975,0.06578947368421052,0.18,0.45,0.0,0.3,0.152675105064431,Low,5
C000188,P007,Term Insurance,Insurance,Protection,False,1,Dormant / Declining,Dormant Reactivation Target,Critical Risk,Low Cross-Sell Opportunity,Priority 4,0.33254478601177445,0.06438283407690673,0.02653784126755698,0.03702234470333063,0.10526315789473684,0.109,0.25,0.0,0.3,0.1752022370025355,Low,1
C000188,P006,Mutual Fund Plan,Investment,Wealth,False,1,Dormant / Declining,Dormant Reactivation Target,Critical Risk,Low Cross-Sell Opportunity,Priority 4,0.2062898982660821,0.06438283407690673,0.02653784126755698,0.03702234470333063,0.10526315789473684,0.109,0.25,0.0,0.3,0.14363851506611242,Low,2
C000188,P004,Personal Loan,Loan,Lending,False,1,Dormant / Declining,Dormant Reactivation Target,Critical Risk,Low Cross-Sell Opportunity,Priority 4,0.1853733165879915,0.06438283407690673,0.02653784126755698,0.03702234470333063,0.10526315789473684,0.109,0.25,0.0,0.3,0.13840936964658973,Low,3
C000188,P005,Home Loan,Loan,Lending,False,1,Dormant / Declining,Dormant Reactivation Target,Critical Risk,Low Cross-Sell Opportunity,Priority 4,0.17834458422216365,0.06438283407690673,0.02653784126755698,0.03702234470333063,0.10526315789473684,0.109,0.25,0.0,0.3,0.13665218655513278,Low,4
C000188,P008,Premium Banking,Banking,Premium,False,1,Dormant / Declining,Dormant Reactivation Target,Critical Risk,Low Cross-Sell Opportunity,Priority 4,0.16719966838102462,0.06438283407690673,0.02653784126755698,0.03702234470333063,0.10526315789473684,0.109,0.25,0.0,0.3,0.13386595759484804,Low,5
C000188,P003,Rewards Credit Card,Credit Card,Cards,False,1,Dormant / Declining,Dormant Reactivation Target,Critical Risk,Low Cross-Sell Opportunity,Priority 4,0.10204603194041212,0.06438283407690673,0.02653784126755698,0.03702234470333063,0.10526315789473684,0.109,0.25,0.0,0.3,0.11757754848469491,Low,6
C000189,P003,Rewards Credit Card,Credit Card,Cards,False,1,Premium High-Value,Premium Relationship Customer,Moderate Risk,Moderate Cross-Sell Opportunity,Priority 2,0.570111321685584,0.39375398342893564,0.20090796267970895,0.2907128979896215,0.5131578947368421,0.683,1.0,0.1,0.65,0.5890523113177095,Medium,1
C000189,P008,Premium Banking,Banking,Premium,False,1,Premium High-Value,Premium Relationship Customer,Moderate Risk,Moderate Cross-Sell Opportunity,Priority 2,0.484321621677415,0.39375398342893564,0.20090796267970895,0.2907128979896215,0.5131578947368421,0.683,1.0,0.1,0.65,0.5676048863156672,Medium,2
C000189,P006,Mutual Fund Plan,Investment,Wealth,False,1,Premium High-Value,Premium Relationship Customer,Moderate Risk,Moderate Cross-Sell Opportunity,Priority 2,0.46741300098775984,0.39375398342893564,0.20090796267970895,0.2907128979896215,0.5131578947368421,0.683,1.0,0.1,0.65,0.5633777311432534,Medium,3
C000189,P004,Personal Loan,Loan,Lending,False,1,Premium High-Value,Premium Relationship Customer,Moderate Risk,Moderate Cross-Sell Opportunity,Priority 2,0.44076068590696427,0.39375398342893564,0.20090796267970895,0.2907128979896215,0.5131578947368421,0.683,1.0,0.1,0.65,0.5567146523730545,Medium,4
C000189,P005,Home Loan,Loan,Lending,False,1,Premium High-Value,Premium Relationship Customer,Moderate Risk,Moderate Cross-Sell Opportunity,Priority 2,0.41019750020772094,0.39375398342893564,0.20090796267970895,0.2907128979896215,0.5131578947368421,0.683,1.0,0.1,0.65,0.5490738559482438,Low,5
C000190,P006,Mutual Fund Plan,Investment,Wealth,False,1,Dormant / Declining,Dormant Reactivation Target,Critical Risk,Low Cross-Sell Opportunity,Priority 4,0.2979984878828787,0.05848735925217761,0.13524396475872483,0.06715746329538351,0.11842105263157894,0.427,0.25,0.1,0.3,0.20916025171589203,Low,1
C000190,P007,Term Insurance,Insurance,Protection,False,1,Dormant / Declining,Dormant Reactivation Target,Critical Risk,Low Cross-Sell Opportunity,Priority 4,0.2712770135938293,0.05848735925217761,0.13524396475872483,0.06715746329538351,0.11842105263157894,0.427,0.25,0.1,0.3,0.2024798831436297,Low,2
C000190,P008,Premium Banking,Banking,Premium,False,1,Dormant / Declining,Dormant Reactivation Target,Critical Risk,Low Cross-Sell Opportunity,Priority 4,0.2693484878828787,0.05848735925217761,0.13524396475872483,0.06715746329538351,0.11842105263157894,0.427,0.25,0.1,0.3,0.20199775171589202,Low,3
C000190,P005,Home Loan,Loan,Lending,False,1,Dormant / Declining,Dormant Reactivation Target,Critical Risk,Low Cross-Sell Opportunity,Priority 4,0.22960161675857585,0.05848735925217761,0.13524396475872483,0.06715746329538351,0.11842105263157894,0.427,0.25,0.1,0.3,0.19206103393481633,Low,4
C000190,P004,Personal Loan,Loan,Lending,False,1,Dormant / Declining,Dormant Reactivation Target,Critical Risk,Low Cross-Sell Opportunity,Priority 4,0.2249485056748545,0.05848735925217761,0.13524396475872483,0.06715746329538351,0.11842105263157894,0.427,0.25,0.1,0.3,0.190897756163886,Low,5
C000190,P003,Rewards Credit Card,Credit Card,Cards,False,1,Dormant / Declining,Dormant Reactivation Target,Critical Risk,Low Cross-Sell Opportunity,Priority 4,0.18434249847600817,0.05848735925217761,0.13524396475872483,0.06715746329538351,0.11842105263157894,0.427,0.25,0.1,0.3,0.1807462543641744,Low,6
C000191,P005,Home Loan,Loan,Lending,False,1,Premium High-Value,Premium Relationship Customer,Low Risk,Moderate Cross-Sell Opportunity,Priority 2,0.5114524349383427,0.4817027830890164,0.18921594345300366,0.42706922830360244,0.7631578947368421,0.754,1.0,0.3333333333333333,0.65,0.6799106828962487,Medium,1
C000192,P007,Term Insurance,Insurance,Protection,False,1,Core Active,Core Relationship Customer,Moderate Risk,Low Cross-Sell Opportunity,Priority 4,0.2998556171800071,0.10744104525175271,0.04773947192577578,0.10490450865669187,0.5394736842105263,0.285,0.7,0.16666666666666666,0.3,0.36253983264359796,Low,1
C000192,P004,Personal Loan,Loan,Lending,False,1,Core Active,Core Relationship Customer,Moderate Risk,Low Cross-Sell Opportunity,Priority 4,0.226027493627491,0.10744104525175271,0.04773947192577578,0.10490450865669187,0.5394736842105263,0.285,0.7,0.16666666666666666,0.3,0.34408280175546896,Low,2
C000192,P008,Premium Banking,Banking,Premium,False,1,Core Active,Core Relationship Customer,Moderate Risk,Low Cross-Sell Opportunity,Priority 4,0.20633493062885427,0.10744104525175271,0.04773947192577578,0.10490450865669187,0.5394736842105263,0.285,0.7,0.16666666666666666,0.3,0.33915966100580974,Low,3
C000192,P005,Home Loan,Loan,Lending,False,1,Core Active,Core Relationship Customer,Moderate Risk,Low Cross-Sell Opportunity,Priority 4,0.17412264739222316,0.10744104525175271,0.04773947192577578,0.10490450865669187,0.5394736842105263,0.285,0.7,0.16666666666666666,0.3,0.33110659019665195,Low,4
C000193,P008,Premium Banking,Banking,Premium,False,1,Premium High-Value,Premium Digital Customer,Low Risk,Moderate Cross-Sell Opportunity,Priority 2,0.4118772929367971,0.18880922031017633,0.1825335421198068,0.1641369894504891,0.7368421052631579,0.775,1.0,0.75,0.65,0.6362574830857082,Medium,1
C000193,P004,Personal Loan,Loan,Lending,False,1,Premium High-Value,Premium Digital Customer,Low Risk,Moderate Cross-Sell Opportunity,Priority 2,0.34852896118133947,0.18880922031017633,0.1825335421198068,0.1641369894504891,0.7368421052631579,0.775,1.0,0.75,0.65,0.6204204001468439,Medium,2
C000194,P007,Term Insurance,Insurance,Protection,False,1,Core Active,Core Digital Customer,Low Risk,Moderate Cross-Sell Opportunity,Priority 3,0.34354460490619043,0.047485128531973654,0.08373487936852687,0.05013610915645966,0.4605263157894737,0.877,0.7,0.0,0.65,0.4296621243013634,Low,1
C000194,P008,Premium Banking,Banking,Premium,False,1,Core Active,Core Digital Customer,Low Risk,Moderate Cross-Sell Opportunity,Priority 3,0.3309330083424178,0.047485128531973654,0.08373487936852687,0.05013610915645966,0.4605263157894737,0.877,0.7,0.0,0.65,0.4265092251604202,Low,2
C000194,P006,Mutual Fund Plan,Investment,Wealth,False,1,Core Active,Core Digital Customer,Low Risk,Moderate Cross-Sell Opportunity,Priority 3,0.31035887041138327,0.047485128531973654,0.08373487936852687,0.05013610915645966,0.4605263157894737,0.877,0.7,0.0,0.65,0.4213656906776616,Low,3
C000194,P005,Home Loan,Loan,Lending,False,1,Core Active,Core Digital Customer,Low Risk,Moderate Cross-Sell Opportunity,Priority 3,0.16263408749823874,0.047485128531973654,0.08373487936852687,0.05013610915645966,0.4605263157894737,0.877,0.7,0.0,0.65,0.38443449494937554,Low,4
C000195,P007,Term Insurance,Insurance,Protection,False,1,At Risk,At-Risk Engagement Customer,Critical Risk,Low Cross-Sell Opportunity,Priority 3,0.30899622519979114,0.09369024856596558,0.2166661485427503,0.02880907057958297,0.21052631578947367,0.415,0.45,0.16666666666666666,0.3,0.2682327200482287,Low,1
C000195,P008,Premium Banking,Banking,Premium,False,1,At Risk,At-Risk Engagement Customer,Critical Risk,Low Cross-Sell Opportunity,Priority 3,0.2115255318088222,0.09369024856596558,0.2166661485427503,0.02880907057958297,0.21052631578947367,0.415,0.45,0.16666666666666666,0.3,0.24386504670048637,Low,2
C000195,P006,Mutual Fund Plan,Investment,Wealth,False,1,At Risk,At-Risk Engagement Customer,Critical Risk,Low Cross-Sell Opportunity,Priority 3,0.19910886514215556,0.09369024856596558,0.2166661485427503,0.02880907057958297,0.21052631578947367,0.415,0.45,0.16666666666666666,0.3,0.24076088003381974,Low,3
C000195,P005,Home Loan,Loan,Lending,False,1,At Risk,At-Risk Engagement Customer,Critical Risk,Low Cross-Sell Opportunity,Priority 3,0.1467249701978187,0.09369024856596558,0.2166661485427503,0.02880907057958297,0.21052631578947367,0.415,0.45,0.16666666666666666,0.3,0.2276649062977355,Low,4
C000195,P004,Personal Loan,Loan,Lending,False,1,At Risk,At-Risk Engagement Customer,Critical Risk,Low Cross-Sell Opportunity,Priority 3,0.13347407412501355,0.09369024856596558,0.2166661485427503,0.02880907057958297,0.21052631578947367,0.415,0.45,0.16666666666666666,0.3,0.22435218227953424,Low,5
C000196,P006,Mutual Fund Plan,Investment,Wealth,False,1,Core Active,Core Digital Customer,Low Risk,Moderate Cross-Sell Opportunity,Priority 2,0.4089804334697942,0.10914329721691099,0.14240280723030865,0.0841162062878412,0.5263157894736842,0.779,0.7,0.45,0.65,0.4834211362318833,Low,1
C000196,P008,Premium Banking,Banking,Premium,False,1,Core Active,Core Digital Customer,Low Risk,Moderate Cross-Sell Opportunity,Priority 2,0.39936721507898953,0.10914329721691099,0.14240280723030865,0.0841162062878412,0.5263157894736842,0.779,0.7,0.45,0.65,0.4810178316341822,Low,2
C000196,P007,Term Insurance,Insurance,Protection,False,1,Core Active,Core Digital Customer,Low Risk,Moderate Cross-Sell Opportunity,Priority 2,0.37338881429958115,0.10914329721691099,0.14240280723030865,0.0841162062878412,0.5263157894736842,0.779,0.7,0.45,0.65,0.47452323143933006,Low,3
C000196,P004,Personal Loan,Loan,Lending,False,1,Core Active,Core Digital Customer,Low Risk,Moderate Cross-Sell Opportunity,Priority 2,0.32187946457433847,0.10914329721691099,0.14240280723030865,0.0841162062878412,0.5263157894736842,0.779,0.7,0.45,0.65,0.4616458940080195,Low,4
C000196,P005,Home Loan,Loan,Lending,False,1,Core Active,Core Digital Customer,Low Risk,Moderate Cross-Sell Opportunity,Priority 2,0.2876538509435778,0.10914329721691099,0.14240280723030865,0.0841162062878412,0.5263157894736842,0.779,0.7,0.45,0.65,0.4530894906003293,Low,5
C000197,P003,Rewards Credit Card,Credit Card,Cards,False,1,Core Active,Core Relationship Customer,High Risk,Moderate Cross-Sell Opportunity,Priority 3,0.3403730406544057,0.15412152113872954,0.09450021359512913,0.16350433652276386,0.4342105263157895,0.596,0.7,0.0,0.65,0.37814914333871574,Low,1
C000197,P008,Premium Banking,Banking,Premium,False,1,Core Active,Core Relationship Customer,High Risk,Moderate Cross-Sell Opportunity,Priority 3,0.2580129857603775,0.15412152113872954,0.09450021359512913,0.16350433652276386,0.4342105263157895,0.596,0.7,0.0,0.65,0.35755912961520864,Low,2
C000197,P007,Term Insurance,Insurance,Protection,False,1,Core Active,Core Relationship Customer,High Risk,Moderate Cross-Sell Opportunity,Priority 3,0.2572932911971529,0.15412152113872954,0.09450021359512913,0.16350433652276386,0.4342105263157895,0.596,0.7,0.0,0.65,0.35737920597440254,Low,3
C000197,P004,Personal Loan,Loan,Lending,False,1,Core Active,Core Relationship Customer,High Risk,Moderate Cross-Sell Opportunity,Priority 3,0.25323032301756443,0.15412152113872954,0.09450021359512913,0.16350433652276386,0.4342105263157895,0.596,0.7,0.0,0.65,0.35636346392950535,Low,4
C000197,P005,Home Loan,Loan,Lending,False,1,Core Active,Core Relationship Customer,High Risk,Moderate Cross-Sell Opportunity,Priority 3,0.21533994482991492,0.15412152113872954,0.09450021359512913,0.16350433652276386,0.4342105263157895,0.596,0.7,0.0,0.65,0.34689086938259306,Low,5
C000198,P008,Premium Banking,Banking,Premium,False,1,Core Active,Core Digital Customer,Moderate Risk,Moderate Cross-Sell Opportunity,Priority 3,0.3359489203025684,0.1456315062672615,0.032865356826119595,0.0893853547855942,0.5131578947368421,0.774,0.7,0.1,0.65,0.45498721553962074,Low,1
C000198,P007,Term Insurance,Insurance,Protection,False,1,Core Active,Core Digital Customer,Moderate Risk,Moderate Cross-Sell Opportunity,Priority 3,0.3214162944557135,0.1456315062672615,0.032865356826119595,0.0893853547855942,0.5131578947368421,0.774,0.7,0.1,0.65,0.45135405907790704,Low,2
C000198,P006,Mutual Fund Plan,Investment,Wealth,False,1,Core Active,Core Digital Customer,Moderate Risk,Moderate Cross-Sell Opportunity,Priority 3,0.31017995478532706,0.1456315062672615,0.032865356826119595,0.0893853547855942,0.5131578947368421,0.774,0.7,0.1,0.65,0.4485449741603105,Low,3
C000198,P004,Personal Loan,Loan,Lending,False,1,Core Active,Core Digital Customer,Moderate Risk,Moderate Cross-Sell Opportunity,Priority 3,0.20792100875685954,0.1456315062672615,0.032865356826119595,0.0893853547855942,0.5131578947368421,0.774,0.7,0.1,0.65,0.4229802376531936,Low,4
C000199,P007,Term Insurance,Insurance,Protection,False,1,Core Active,Core Relationship Customer,Low Risk,Moderate Cross-Sell Opportunity,Priority 3,0.2581316375552426,0.147880815806246,0.12716018377214935,0.10285375998624424,0.5921052631578947,0.094,0.7,0.6,0.65,0.389824862023744,Low,1
C000199,P004,Personal Loan,Loan,Lending,False,1,Core Active,Core Relationship Customer,Low Risk,Moderate Cross-Sell Opportunity,Priority 3,0.23777490452273092,0.147880815806246,0.12716018377214935,0.10285375998624424,0.5921052631578947,0.094,0.7,0.6,0.65,0.3847356787656161,Low,2
C000199,P008,Premium Banking,Banking,Premium,False,1,Core Active,Core Relationship Customer,Low Risk,Moderate Cross-Sell Opportunity,Priority 3,0.2083190348195744,0.147880815806246,0.12716018377214935,0.10285375998624424,0.5921052631578947,0.094,0.7,0.6,0.65,0.37737171133982694,Low,3
C000199,P005,Home Loan,Loan,Lending,False,1,Core Active,Core Relationship Customer,Low Risk,Moderate Cross-Sell Opportunity,Priority 3,0.1947470705644517,0.147880815806246,0.12716018377214935,0.10285375998624424,0.5921052631578947,0.094,0.7,0.6,0.65,0.3739787202760463,Low,4
C000200,P007,Term Insurance,Insurance,Protection,False,1,Core Active,Core Relationship Customer,Moderate Risk,Moderate Cross-Sell Opportunity,Priority 3,0.4397293229936348,0.10313097514340344,0.40828735129115895,0.10148098723760557,0.4473684210526316,0.494,0.7,0.1,0.65,0.41456378893498413,Low,1
C000200,P008,Premium Banking,Banking,Premium,False,1,Core Active,Core Relationship Customer,Moderate Risk,Moderate Cross-Sell Opportunity,Priority 3,0.3669410654496075,0.10313097514340344,0.40828735129115895,0.10148098723760557,0.4473684210526316,0.494,0.7,0.1,0.65,0.39636672454897726,Low,2
C000200,P006,Mutual Fund Plan,Investment,Wealth,False,1,Core Active,Core Relationship Customer,Moderate Risk,Moderate Cross-Sell Opportunity,Priority 3,0.35660888154156145,0.10313097514340344,0.40828735129115895,0.10148098723760557,0.4473684210526316,0.494,0.7,0.1,0.65,0.39378367857196583,Low,3
C000200,P005,Home Loan,Loan,Lending,False,1,Core Active,Core Relationship Customer,Moderate Risk,Moderate Cross-Sell Opportunity,Priority 3,0.25657043579242467,0.10313097514340344,0.40828735129115895,0.10148098723760557,0.4473684210526316,0.494,0.7,0.1,0.65,0.36877406713468164,Low,4
C000200,P004,Personal Loan,Loan,Lending,False,1,Core Active,Core Relationship Customer,Moderate Risk,Moderate Cross-Sell Opportunity,Priority 3,0.24505572517060437,0.10313097514340344,0.40828735129115895,0.10148098723760557,0.4473684210526316,0.494,0.7,0.1,0.65,0.3658953894792265,Low,5
C000201,P007,Term Insurance,Insurance,Protection,False,1,Core Active,Core Relationship Customer,Moderate Risk,Moderate Cross-Sell Opportunity,Priority 3,0.31529566855748026,0.09432494157637561,0.0456908448901164,0.1052208351205545,0.32894736842105265,0.636,0.7,0.3,0.65,0.3781310107178031,Low,1
C000201,P003,Rewards Credit Card,Credit Card,Cards,False,1,Core Active,Core Relationship Customer,Moderate Risk,Moderate Cross-Sell Opportunity,Priority 3,0.29841418370750944,0.09432494157637561,0.0456908448901164,0.1052208351205545,0.32894736842105265,0.636,0.7,0.3,0.65,0.37391063950531034,Low,2
C000201,P006,Mutual Fund Plan,Investment,Wealth,False,1,Core Active,Core Relationship Customer,Moderate Risk,Moderate Cross-Sell Opportunity,Priority 3,0.251151628014077,0.09432494157637561,0.0456908448901164,0.1052208351205545,0.32894736842105265,0.636,0.7,0.3,0.65,0.3620950005819522,Low,3
C000201,P008,Premium Banking,Banking,Premium,False,1,Core Active,Core Relationship Customer,Moderate Risk,Moderate Cross-Sell Opportunity,Priority 3,0.24961829468074365,0.09432494157637561,0.0456908448901164,0.1052208351205545,0.32894736842105265,0.636,0.7,0.3,0.65,0.3617116672486189,Low,4
C000201,P004,Personal Loan,Loan,Lending,False,1,Core Active,Core Relationship Customer,Moderate Risk,Moderate Cross-Sell Opportunity,Priority 3,0.2219847499147516,0.09432494157637561,0.0456908448901164,0.1052208351205545,0.32894736842105265,0.636,0.7,0.3,0.65,0.3548032810571209,Low,5
C000201,P005,Home Loan,Loan,Lending,False,1,Core Active,Core Relationship Customer,Moderate Risk,Moderate Cross-Sell Opportunity,Priority 3,0.1901378033729271,0.09432494157637561,0.0456908448901164,0.1052208351205545,0.32894736842105265,0.636,0.7,0.3,0.65,0.3468415444216648,Low,6
C000202,P008,Premium Banking,Banking,Premium,False,1,Core Active,Core Relationship Customer,Moderate Risk,Low Cross-Sell Opportunity,Priority 3,0.25522879153189726,0.07131931166347992,0.020206483441749308,0.055320218634385486,0.2631578947368421,0.765,0.7,0.25,0.3,0.35904474442619666,Low,1
C000202,P007,Term Insurance,Insurance,Protection,False,1,Core Active,Core Relationship Customer,Moderate Risk,Low Cross-Sell Opportunity,Priority 3,0.19008121417045115,0.07131931166347992,0.020206483441749308,0.055320218634385486,0.2631578947368421,0.765,0.7,0.25,0.3,0.34275785008583515,Low,2
C000202,P004,Personal Loan,Loan,Lending,False,1,Core Active,Core Relationship Customer,Moderate Risk,Low Cross-Sell Opportunity,Priority 3,0.14243273351713812,0.07131931166347992,0.020206483441749308,0.055320218634385486,0.2631578947368421,0.765,0.7,0.25,0.3,0.3308457299225069,Low,3
C000202,P005,Home Loan,Loan,Lending,False,1,Core Active,Core Relationship Customer,Moderate Risk,Low Cross-Sell Opportunity,Priority 3,0.11718186027945174,0.07131931166347992,0.020206483441749308,0.055320218634385486,0.2631578947368421,0.765,0.7,0.25,0.3,0.3245330116130853,Low,4
C000203,P007,Term Insurance,Insurance,Protection,False,1,At Risk,At-Risk Declining Customer,Critical Risk,Low Cross-Sell Opportunity,Priority 4,0.26721751242895264,0.10223337582324198,0.02250939870962694,0.05690231820106029,0.07894736842105263,0.04,0.45,0.0,0.3,0.1855931585350445,Low,1
C000203,P006,Mutual Fund Plan,Investment,Wealth,False,1,At Risk,At-Risk Declining Customer,Critical Risk,Low Cross-Sell Opportunity,Priority 4,0.21650916620334756,0.10223337582324198,0.02250939870962694,0.05690231820106029,0.07894736842105263,0.04,0.45,0.0,0.3,0.17291607197864317,Low,2
C000203,P004,Personal Loan,Loan,Lending,False,1,At Risk,At-Risk Declining Customer,Critical Risk,Low Cross-Sell Opportunity,Priority 4,0.2112163598778392,0.10223337582324198,0.02250939870962694,0.05690231820106029,0.07894736842105263,0.04,0.45,0.0,0.3,0.17159287039726612,Low,3
C000203,P005,Home Loan,Loan,Lending,False,1,At Risk,At-Risk Declining Customer,Critical Risk,Low Cross-Sell Opportunity,Priority 4,0.20611946981323406,0.10223337582324198,0.02250939870962694,0.05690231820106029,0.07894736842105263,0.04,0.45,0.0,0.3,0.17031864788111484,Low,4
C000203,P008,Premium Banking,Banking,Premium,False,1,At Risk,At-Risk Declining Customer,Critical Risk,Low Cross-Sell Opportunity,Priority 4,0.16850916620334758,0.10223337582324198,0.02250939870962694,0.05690231820106029,0.07894736842105263,0.04,0.45,0.0,0.3,0.16091607197864322,Low,5
C000203,P003,Rewards Credit Card,Credit Card,Cards,False,1,At Risk,At-Risk Declining Customer,Critical Risk,Low Cross-Sell Opportunity,Priority 4,0.08410340784707311,0.10223337582324198,0.02250939870962694,0.05690231820106029,0.07894736842105263,0.04,0.45,0.0,0.3,0.1398146323895746,Low,6
C000204,P003,Rewards Credit Card,Credit Card,Cards,False,1,Core Active,Core Relationship Customer,High Risk,Moderate Cross-Sell Opportunity,Priority 3,0.33479626347088304,0.15251487146802634,0.03921417950304115,0.0983354779987235,0.42105263157894735,0.544,0.7,0.0,0.65,0.3692599348981681,Low,1
C000204,P007,Term Insurance,Insurance,Protection,False,1,Core Active,Core Relationship Customer,High Risk,Moderate Cross-Sell Opportunity,Priority 3,0.2613180904650752,0.15251487146802634,0.03921417950304115,0.0983354779987235,0.42105263157894735,0.544,0.7,0.0,0.65,0.3508903916467162,Low,2
C000204,P008,Premium Banking,Banking,Premium,False,1,Core Active,Core Relationship Customer,High Risk,Moderate Cross-Sell Opportunity,Priority 3,0.2410438511250964,0.15251487146802634,0.03921417950304115,0.0983354779987235,0.42105263157894735,0.544,0.7,0.0,0.65,0.34582183181172144,Low,3
C000204,P004,Personal Loan,Loan,Lending,False,1,Core Active,Core Relationship Customer,High Risk,Moderate Cross-Sell Opportunity,Priority 3,0.2029280033848465,0.15251487146802634,0.03921417950304115,0.0983354779987235,0.42105263157894735,0.544,0.7,0.0,0.65,0.33629286987665896,Low,4
C000204,P005,Home Loan,Loan,Lending,False,1,Core Active,Core Relationship Customer,High Risk,Moderate Cross-Sell Opportunity,Priority 3,0.16449706292593694,0.15251487146802634,0.03921417950304115,0.0983354779987235,0.42105263157894735,0.544,0.7,0.0,0.65,0.3266851347619316,Low,5
C000205,P007,Term Insurance,Insurance,Protection,False,1,Dormant / Declining,Dormant Reactivation Target,Critical Risk,Moderate Cross-Sell Opportunity,Priority 3,0.3004893125768432,0.12887985978330146,0.1424506609223607,0.10417279928828882,0.18421052631578946,0.552,0.25,0.25,0.65,0.27872987904823954,Low,1
C000205,P008,Premium Banking,Banking,Premium,False,1,Dormant / Declining,Dormant Reactivation Target,Critical Risk,Moderate Cross-Sell Opportunity,Priority 3,0.2798598603590202,0.12887985978330146,0.1424506609223607,0.10417279928828882,0.18421052631578946,0.552,0.25,0.25,0.65,0.27357251599378374,Low,2
C000205,P006,Mutual Fund Plan,Investment,Wealth,False,1,Dormant / Declining,Dormant Reactivation Target,Critical Risk,Moderate Cross-Sell Opportunity,Priority 3,0.27122537760039955,0.12887985978330146,0.1424506609223607,0.10417279928828882,0.18421052631578946,0.552,0.25,0.25,0.65,0.2714138953041286,Low,3
C000205,P004,Personal Loan,Loan,Lending,False,1,Dormant / Declining,Dormant Reactivation Target,Critical Risk,Moderate Cross-Sell Opportunity,Priority 3,0.17460477391829815,0.12887985978330146,0.1424506609223607,0.10417279928828882,0.18421052631578946,0.552,0.25,0.25,0.65,0.24725874438360326,Low,4
C000205,P005,Home Loan,Loan,Lending,False,1,Dormant / Declining,Dormant Reactivation Target,Critical Risk,Moderate Cross-Sell Opportunity,Priority 3,0.17357803348540948,0.12887985978330146,0.1424506609223607,0.10417279928828882,0.18421052631578946,0.552,0.25,0.25,0.65,0.2470020592753811,Low,5
C000206,P008,Premium Banking,Banking,Premium,False,1,Core Active,Core Relationship Customer,Low Risk,Moderate Cross-Sell Opportunity,Priority 3,0.2806626751977665,0.19566071807945612,0.07779438491064808,0.10364994949056021,0.5526315789473685,0.508,0.7,0.25,0.65,0.4254925492574382,Low,1
C000206,P007,Term Insurance,Insurance,Protection,False,1,Core Active,Core Relationship Customer,Low Risk,Moderate Cross-Sell Opportunity,Priority 3,0.27338218468116443,0.19566071807945612,0.07779438491064808,0.10364994949056021,0.5526315789473685,0.508,0.7,0.25,0.65,0.42367242662828763,Low,2
C000206,P006,Mutual Fund Plan,Investment,Wealth,False,1,Core Active,Core Relationship Customer,Low Risk,Moderate Cross-Sell Opportunity,Priority 3,0.2687684223242032,0.19566071807945612,0.07779438491064808,0.10364994949056021,0.5526315789473685,0.508,0.7,0.25,0.65,0.42251898603904736,Low,3
C000206,P005,Home Loan,Loan,Lending,False,1,Core Active,Core Relationship Customer,Low Risk,Moderate Cross-Sell Opportunity,Priority 3,0.19796496102410727,0.19566071807945612,0.07779438491064808,0.10364994949056021,0.5526315789473685,0.508,0.7,0.25,0.65,0.40481812071402334,Low,4
C000208,P008,Premium Banking,Banking,Premium,False,1,Core Active,Core Digital Customer,High Risk,Moderate Cross-Sell Opportunity,Priority 3,0.2417611503624663,0.005101444656893988,0.045523182319423046,0.001105974505114955,0.2894736842105263,0.912,0.7,0.3,0.65,0.3635816291535743,Low,1
C000208,P006,Mutual Fund Plan,Investment,Wealth,False,1,Core Active,Core Digital Customer,High Risk,Moderate Cross-Sell Opportunity,Priority 3,0.20391977105212145,0.005101444656893988,0.045523182319423046,0.001105974505114955,0.2894736842105263,0.912,0.7,0.3,0.65,0.3541212843259881,Low,2
C000208,P007,Term Insurance,Insurance,Protection,False,1,Core Active,Core Digital Customer,High Risk,Moderate Cross-Sell Opportunity,Priority 3,0.18177994448654317,0.005101444656893988,0.045523182319423046,0.001105974505114955,0.2894736842105263,0.912,0.7,0.3,0.65,0.3485863276845935,Low,3
C000208,P004,Personal Loan,Loan,Lending,False,1,Core Active,Core Digital Customer,High Risk,Moderate Cross-Sell Opportunity,Priority 3,0.08975070455707544,0.005101444656893988,0.045523182319423046,0.001105974505114955,0.2894736842105263,0.912,0.7,0.3,0.65,0.3255790177022265,Low,4
C000208,P005,Home Loan,Loan,Lending,False,1,Core Active,Core Digital Customer,High Risk,Moderate Cross-Sell Opportunity,Priority 3,0.06777628826626945,0.005101444656893988,0.045523182319423046,0.001105974505114955,0.2894736842105263,0.912,0.7,0.3,0.65,0.32008541362952503,Low,5
C000209,P003,Rewards Credit Card,Credit Card,Cards,False,1,Core Active,Core Relationship Customer,Moderate Risk,Moderate Cross-Sell Opportunity,Priority 3,0.35906992439863483,0.12497875504567665,0.039512828457088686,0.10769584439541463,0.34210526315789475,0.729,0.7,0.0,0.65,0.37647902158247826,Low,1
C000209,P008,Premium Banking,Banking,Premium,False,1,Core Active,Core Relationship Customer,Moderate Risk,Moderate Cross-Sell Opportunity,Priority 3,0.2988554113809325,0.12497875504567665,0.039512828457088686,0.10769584439541463,0.34210526315789475,0.729,0.7,0.0,0.65,0.3614253933280527,Low,2
C000209,P006,Mutual Fund Plan,Investment,Wealth,False,1,Core Active,Core Relationship Customer,Moderate Risk,Moderate Cross-Sell Opportunity,Priority 3,0.2931525378177141,0.12497875504567665,0.039512828457088686,0.10769584439541463,0.34210526315789475,0.729,0.7,0.0,0.65,0.35999967493724805,Low,3
C000209,P007,Term Insurance,Insurance,Protection,False,1,Core Active,Core Relationship Customer,Moderate Risk,Moderate Cross-Sell Opportunity,Priority 3,0.2615711994622994,0.12497875504567665,0.039512828457088686,0.10769584439541463,0.34210526315789475,0.729,0.7,0.0,0.65,0.35210434034839433,Low,4
C000209,P004,Personal Loan,Loan,Lending,False,1,Core Active,Core Relationship Customer,Moderate Risk,Moderate Cross-Sell Opportunity,Priority 3,0.22562215160327304,0.12497875504567665,0.039512828457088686,0.10769584439541463,0.34210526315789475,0.729,0.7,0.0,0.65,0.3431170783836378,Low,5
C000209,P005,Home Loan,Loan,Lending,False,1,Core Active,Core Relationship Customer,Moderate Risk,Moderate Cross-Sell Opportunity,Priority 3,0.1928179028687892,0.12497875504567665,0.039512828457088686,0.10769584439541463,0.34210526315789475,0.729,0.7,0.0,0.65,0.3349160162000169,Low,6
C000210,P007,Term Insurance,Insurance,Protection,False,1,Core Active,Core Relationship Customer,Low Risk,Moderate Cross-Sell Opportunity,Priority 3,0.3741021806996804,0.052379434884215,0.10489703946322829,0.044439429322762326,0.35526315789473684,0.744,0.7,0.25,0.65,0.4141909058359736,Low,1
C000210,P003,Rewards Credit Card,Credit Card,Cards,False,1,Core Active,Core Relationship Customer,Low Risk,Moderate Cross-Sell Opportunity,Priority 3,0.34322480076012346,0.052379434884215,0.10489703946322829,0.044439429322762326,0.35526315789473684,0.744,0.7,0.25,0.65,0.4064715608510844,Low,2
C000210,P008,Premium Banking,Banking,Premium,False,1,Core Active,Core Relationship Customer,Low Risk,Moderate Cross-Sell Opportunity,Priority 3,0.29787334889069456,0.052379434884215,0.10489703946322829,0.044439429322762326,0.35526315789473684,0.744,0.7,0.25,0.65,0.3951336978837272,Low,3
C000210,P006,Mutual Fund Plan,Investment,Wealth,False,1,Core Active,Core Relationship Customer,Low Risk,Moderate Cross-Sell Opportunity,Priority 3,0.2853859925688555,0.052379434884215,0.10489703946322829,0.044439429322762326,0.35526315789473684,0.744,0.7,0.25,0.65,0.3920118588032674,Low,4
C000210,P004,Personal Loan,Loan,Lending,False,1,Core Active,Core Relationship Customer,Low Risk,Moderate Cross-Sell Opportunity,Priority 3,0.1855268348627313,0.052379434884215,0.10489703946322829,0.044439429322762326,0.35526315789473684,0.744,0.7,0.25,0.65,0.36704706937673637,Low,5
C000210,P005,Home Loan,Loan,Lending,False,1,Core Active,Core Relationship Customer,Low Risk,Moderate Cross-Sell Opportunity,Priority 3,0.1639101038046764,0.052379434884215,0.10489703946322829,0.044439429322762326,0.35526315789473684,0.744,0.7,0.25,0.65,0.36164288661222266,Low,6
C000211,P007,Term Insurance,Insurance,Protection,False,1,Core Active,Core Relationship Customer,Moderate Risk,Moderate Cross-Sell Opportunity,Priority 3,0.32136432397222586,0.11639313787975356,0.2099460231311474,0.05463757023895965,0.6052631578947368,0.552,0.7,0.0,0.65,0.38710918225321767,Low,1
C000211,P008,Premium Banking,Banking,Premium,False,1,Core Active,Core Relationship Customer,Moderate Risk,Moderate Cross-Sell Opportunity,Priority 3,0.271487200730723,0.11639313787975356,0.2099460231311474,0.05463757023895965,0.6052631578947368,0.552,0.7,0.0,0.65,0.374639901442842,Low,2
C000211,P006,Mutual Fund Plan,Investment,Wealth,False,1,Core Active,Core Relationship Customer,Moderate Risk,Moderate Cross-Sell Opportunity,Priority 3,0.25135846509853915,0.11639313787975356,0.2099460231311474,0.05463757023895965,0.6052631578947368,0.552,0.7,0.0,0.65,0.36960771753479604,Low,3
C000211,P004,Personal Loan,Loan,Lending,False,1,Core Active,Core Relationship Customer,Moderate Risk,Moderate Cross-Sell Opportunity,Priority 3,0.22080378356378572,0.11639313787975356,0.2099460231311474,0.05463757023895965,0.6052631578947368,0.552,0.7,0.0,0.65,0.36196904715110767,Low,4
C000211,P005,Home Loan,Loan,Lending,False,1,Core Active,Core Relationship Customer,Moderate Risk,Moderate Cross-Sell Opportunity,Priority 3,0.19212527111407585,0.11639313787975356,0.2099460231311474,0.05463757023895965,0.6052631578947368,0.552,0.7,0.0,0.65,0.3547994190386802,Low,5
C000212,P003,Rewards Credit Card,Credit Card,Cards,False,1,Core Active,Core Digital Customer,Low Risk,Moderate Cross-Sell Opportunity,Priority 3,0.4027734776942771,0.07699968132568515,0.055434834623578316,0.010672864235672097,0.4605263157894737,0.862,0.7,0.16666666666666666,0.65,0.445538919723794,Low,1
C000212,P007,Term Insurance,Insurance,Protection,False,1,Core Active,Core Digital Customer,Low Risk,Moderate Cross-Sell Opportunity,Priority 3,0.3280703847539569,0.07699968132568515,0.055434834623578316,0.010672864235672097,0.4605263157894737,0.862,0.7,0.16666666666666666,0.65,0.42686314648871393,Low,2
C000212,P008,Premium Banking,Banking,Premium,False,1,Core Active,Core Digital Customer,Low Risk,Moderate Cross-Sell Opportunity,Priority 3,0.28665999988526625,0.07699968132568515,0.055434834623578316,0.010672864235672097,0.4605263157894737,0.862,0.7,0.16666666666666666,0.65,0.41651055027154127,Low,3
C000212,P006,Mutual Fund Plan,Investment,Wealth,False,1,Core Active,Core Digital Customer,Low Risk,Moderate Cross-Sell Opportunity,Priority 3,0.25074390793124324,0.07699968132568515,0.055434834623578316,0.010672864235672097,0.4605263157894737,0.862,0.7,0.16666666666666666,0.65,0.40753152728303554,Low,4
C000212,P004,Personal Loan,Loan,Lending,False,1,Core Active,Core Digital Customer,Low Risk,Moderate Cross-Sell Opportunity,Priority 3,0.14720668973420248,0.07699968132568515,0.055434834623578316,0.010672864235672097,0.4605263157894737,0.862,0.7,0.16666666666666666,0.65,0.3816472227337754,Low,5
C000212,P005,Home Loan,Loan,Lending,False,1,Core Active,Core Digital Customer,Low Risk,Moderate Cross-Sell Opportunity,Priority 3,0.1122519809915089,0.07699968132568515,0.055434834623578316,0.010672864235672097,0.4605263157894737,0.862,0.7,0.16666666666666666,0.65,0.37290854554810193,Low,6
C000213,P003,Rewards Credit Card,Credit Card,Cards,False,1,Core Active,Core Relationship Customer,Moderate Risk,Moderate Cross-Sell Opportunity,Priority 3,0.34738294819534804,0.12237359252177608,0.16474244758710857,0.06502354459455545,0.5,0.485,0.7,0.0,0.65,0.39232045555319217,Low,1
C000213,P008,Premium Banking,Banking,Premium,False,1,Core Active,Core Relationship Customer,Moderate Risk,Moderate Cross-Sell Opportunity,Priority 3,0.2816532746036094,0.12237359252177608,0.16474244758710857,0.06502354459455545,0.5,0.485,0.7,0.0,0.65,0.37588803715525754,Low,2
C000213,P006,Mutual Fund Plan,Investment,Wealth,False,1,Core Active,Core Relationship Customer,Moderate Risk,Moderate Cross-Sell Opportunity,Priority 3,0.27090902173004616,0.12237359252177608,0.16474244758710857,0.06502354459455545,0.5,0.485,0.7,0.0,0.65,0.3732019739368667,Low,3
C000213,P007,Term Insurance,Insurance,Protection,False,1,Core Active,Core Relationship Customer,Moderate Risk,Moderate Cross-Sell Opportunity,Priority 3,0.2321226660245408,0.12237359252177608,0.16474244758710857,0.06502354459455545,0.5,0.485,0.7,0.0,0.65,0.36350538501049046,Low,4
C000213,P005,Home Loan,Loan,Lending,False,1,Core Active,Core Relationship Customer,Moderate Risk,Moderate Cross-Sell Opportunity,Priority 3,0.18927308749752011,0.12237359252177608,0.16474244758710857,0.06502354459455545,0.5,0.485,0.7,0.0,0.65,0.35279299037873524,Low,5
C000214,P008,Premium Banking,Banking,Premium,False,1,Premium High-Value,Premium Digital Customer,Moderate Risk,Moderate Cross-Sell Opportunity,Priority 2,0.501218074722445,0.5629302103250478,0.14529847954499173,0.4657629168196902,0.7236842105263158,0.807,1.0,0.16666666666666666,0.65,0.6563098589912348,Medium,1
C000214,P005,Home Loan,Loan,Lending,False,1,Premium High-Value,Premium Digital Customer,Moderate Risk,Moderate Cross-Sell Opportunity,Priority 2,0.45421500262565795,0.5629302103250478,0.14529847954499173,0.4657629168196902,0.7236842105263158,0.807,1.0,0.16666666666666666,0.65,0.6445590909670381,Medium,2
C000215,P003,Rewards Credit Card,Credit Card,Cards,False,1,At Risk,At-Risk Declining Customer,Critical Risk,Low Cross-Sell Opportunity,Priority 3,0.26572831869939145,0.1235234756745273,0.08526689610823737,0.112736976180664,0.23684210526315788,0.478,0.45,0.45,0.3,0.30196309059922705,Low,1
C000215,P008,Premium Banking,Banking,Premium,False,1,At Risk,At-Risk Declining Customer,Critical Risk,Low Cross-Sell Opportunity,Priority 3,0.2408467954380052,0.1235234756745273,0.08526689610823737,0.112736976180664,0.23684210526315788,0.478,0.45,0.45,0.3,0.29574270978388045,Low,2
C000215,P006,Mutual Fund Plan,Investment,Wealth,False,1,At Risk,At-Risk Declining Customer,Critical Risk,Low Cross-Sell Opportunity,Priority 3,0.23878587589777533,0.1235234756745273,0.08526689610823737,0.112736976180664,0.23684210526315788,0.478,0.45,0.45,0.3,0.295227479898823,Low,3
C000215,P004,Personal Loan,Loan,Lending,False,1,At Risk,At-Risk Declining Customer,Critical Risk,Low Cross-Sell Opportunity,Priority 3,0.18528013478666855,0.1235234756745273,0.08526689610823737,0.112736976180664,0.23684210526315788,0.478,0.45,0.45,0.3,0.2818510446210463,Low,4
C000215,P005,Home Loan,Loan,Lending,False,1,At Risk,At-Risk Declining Customer,Critical Risk,Low Cross-Sell Opportunity,Priority 3,0.1692884348422483,0.1235234756745273,0.08526689610823737,0.112736976180664,0.23684210526315788,0.478,0.45,0.45,0.3,0.27785311963494125,Low,5
C000215,P007,Term Insurance,Insurance,Protection,False,1,At Risk,At-Risk Declining Customer,Critical Risk,Low Cross-Sell Opportunity,Priority 3,0.1670539094166946,0.1235234756745273,0.08526689610823737,0.112736976180664,0.23684210526315788,0.478,0.45,0.45,0.3,0.2772944882785528,Low,6
C000216,P003,Rewards Credit Card,Credit Card,Cards,False,1,At Risk,At-Risk Engagement Customer,High Risk,Moderate Cross-Sell Opportunity,Priority 3,0.29989161218606364,0.05075419587847886,0.0023773155336228075,0.00932111761830937,0.25,0.691,0.45,0.75,0.65,0.38672374222221173,Low,1
C000216,P008,Premium Banking,Banking,Premium,False,1,At Risk,At-Risk Engagement Customer,High Risk,Moderate Cross-Sell Opportunity,Priority 3,0.23492724832830605,0.05075419587847886,0.0023773155336228075,0.00932111761830937,0.25,0.691,0.45,0.75,0.65,0.37048265125777236,Low,2
C000216,P006,Mutual Fund Plan,Investment,Wealth,False,1,At Risk,At-Risk Engagement Customer,High Risk,Moderate Cross-Sell Opportunity,Priority 3,0.21359563913290375,0.05075419587847886,0.0023773155336228075,0.00932111761830937,0.25,0.691,0.45,0.75,0.65,0.3651497489589217,Low,3
C000216,P007,Term Insurance,Insurance,Protection,False,1,At Risk,At-Risk Engagement Customer,High Risk,Moderate Cross-Sell Opportunity,Priority 3,0.1676377162179424,0.05075419587847886,0.0023773155336228075,0.00932111761830937,0.25,0.691,0.45,0.75,0.65,0.3536602682301814,Low,4
C000216,P004,Personal Loan,Loan,Lending,False,1,At Risk,At-Risk Engagement Customer,High Risk,Moderate Cross-Sell Opportunity,Priority 3,0.10710225203104207,0.05075419587847886,0.0023773155336228075,0.00932111761830937,0.25,0.691,0.45,0.75,0.65,0.3385264021834563,Low,5
C000216,P005,Home Loan,Loan,Lending,False,1,At Risk,At-Risk Engagement Customer,High Risk,Moderate Cross-Sell Opportunity,Priority 3,0.08406444739317849,0.05075419587847886,0.0023773155336228075,0.00932111761830937,0.25,0.691,0.45,0.75,0.65,0.33276695102399045,Low,6
C000217,P003,Rewards Credit Card,Credit Card,Cards,False,1,Premium High-Value,Premium Digital Customer,Low Risk,Moderate Cross-Sell Opportunity,Priority 2,0.7149415289512843,0.5731437221159974,0.4716983834184512,0.3936587057061182,0.7631578947368421,0.822,1.0,0.75,0.65,0.7975378108715467,High,1
C000217,P005,Home Loan,Loan,Lending,False,1,Premium High-Value,Premium Digital Customer,Low Risk,Moderate Cross-Sell Opportunity,Priority 2,0.542963891603534,0.5731437221159974,0.4716983834184512,0.3936587057061182,0.7631578947368421,0.822,1.0,0.75,0.65,0.7545434015346093,High,2
C000217,P007,Term Insurance,Insurance,Protection,False,1,Premium High-Value,Premium Digital Customer,Low Risk,Moderate Cross-Sell Opportunity,Priority 2,0.5061386353834026,0.5731437221159974,0.4716983834184512,0.3936587057061182,0.7631578947368421,0.822,1.0,0.75,0.65,0.7453370874795764,Medium,3
C000218,P008,Premium Banking,Banking,Premium,False,1,Premium High-Value,Premium Relationship Customer,Moderate Risk,Moderate Cross-Sell Opportunity,Priority 2,0.4382482444149548,0.3516199277671553,0.23548208053881162,0.15323610850231337,0.5921052631578947,0.488,1.0,0.3,0.65,0.560001836130854,Medium,1
C000218,P005,Home Loan,Loan,Lending,False,1,Premium High-Value,Premium Relationship Customer,Moderate Risk,Moderate Cross-Sell Opportunity,Priority 2,0.38014228777030656,0.3516199277671553,0.23548208053881162,0.15323610850231337,0.5921052631578947,0.488,1.0,0.3,0.65,0.5454753469696919,Low,2
C000218,P007,Term Insurance,Insurance,Protection,False,1,Premium High-Value,Premium Relationship Customer,Moderate Risk,Moderate Cross-Sell Opportunity,Priority 2,0.35394444321926277,0.3516199277671553,0.23548208053881162,0.15323610850231337,0.5921052631578947,0.488,1.0,0.3,0.65,0.538925885831931,Low,3
C000219,P008,Premium Banking,Banking,Premium,False,1,Core Active,Core Relationship Customer,Low Risk,Moderate Cross-Sell Opportunity,Priority 3,0.2904898907242086,0.21459793923943063,0.051651598575287304,0.09037685368709565,0.7105263157894737,0.692,0.7,0.625,0.65,0.5113210078973593,Low,1
C000219,P005,Home Loan,Loan,Lending,False,1,Core Active,Core Relationship Customer,Low Risk,Moderate Cross-Sell Opportunity,Priority 3,0.2387985235299059,0.21459793923943063,0.051651598575287304,0.09037685368709565,0.7105263157894737,0.692,0.7,0.625,0.65,0.4983981660987836,Low,2
C000220,P003,Rewards Credit Card,Credit Card,Cards,False,1,Core Active,Core Digital Customer,Moderate Risk,Moderate Cross-Sell Opportunity,Priority 2,0.45149574084833416,0.14784629275547057,0.2129408958001574,0.19024443578479336,0.3815789473684211,0.912,0.7,0.5,0.65,0.4783800358684408,Low,1
C000220,P007,Term Insurance,Insurance,Protection,False,1,Core Active,Core Digital Customer,Moderate Risk,Moderate Cross-Sell Opportunity,Priority 2,0.42881338690701987,0.14784629275547057,0.2129408958001574,0.19024443578479336,0.3815789473684211,0.912,0.7,0.5,0.65,0.47270944738311216,Low,2
C000220,P008,Premium Banking,Banking,Premium,False,1,Core Active,Core Digital Customer,Moderate Risk,Moderate Cross-Sell Opportunity,Priority 2,0.423122436461293,0.14784629275547057,0.2129408958001574,0.19024443578479336,0.3815789473684211,0.912,0.7,0.5,0.65,0.4712867097716805,Low,3
C000220,P006,Mutual Fund Plan,Investment,Wealth,False,1,Core Active,Core Digital Customer,Moderate Risk,Moderate Cross-Sell Opportunity,Priority 2,0.4140166893348562,0.14784629275547057,0.2129408958001574,0.19024443578479336,0.3815789473684211,0.912,0.7,0.5,0.65,0.46901027299007125,Low,4
C000221,P008,Premium Banking,Banking,Premium,False,1,Premium High-Value,Premium Digital Customer,Low Risk,Moderate Cross-Sell Opportunity,Priority 2,0.47644909376489053,0.15700552368812407,0.18148669894404018,0.08784624197619469,0.5131578947368421,0.84,1.0,0.5416666666666666,0.65,0.6181537290560405,Medium,1
C000221,P006,Mutual Fund Plan,Investment,Wealth,False,1,Premium High-Value,Premium Digital Customer,Low Risk,Moderate Cross-Sell Opportunity,Priority 2,0.4514031167533964,0.15700552368812407,0.18148669894404018,0.08784624197619469,0.5131578947368421,0.84,1.0,0.5416666666666666,0.65,0.611892234803167,Medium,2
C000221,P007,Term Insurance,Insurance,Protection,False,1,Premium High-Value,Premium Digital Customer,Low Risk,Moderate Cross-Sell Opportunity,Priority 2,0.3586687951187667,0.15700552368812407,0.18148669894404018,0.08784624197619469,0.5131578947368421,0.84,1.0,0.5416666666666666,0.65,0.5887086543945096,Medium,3
C000221,P005,Home Loan,Loan,Lending,False,1,Premium High-Value,Premium Digital Customer,Low Risk,Moderate Cross-Sell Opportunity,Priority 2,0.3003604256108764,0.15700552368812407,0.18148669894404018,0.08784624197619469,0.5131578947368421,0.84,1.0,0.5416666666666666,0.65,0.574131562017537,Medium,4
C000222,P007,Term Insurance,Insurance,Protection,False,1,Core Active,Core Relationship Customer,Moderate Risk,Low Cross-Sell Opportunity,Priority 4,0.24689082772503157,0.1524511366050563,0.08563051430842857,0.14699975796586665,0.4342105263157895,0.162,0.7,0.0,0.3,0.31354451319963755,Low,1
C000222,P008,Premium Banking,Banking,Premium,False,1,Core Active,Core Relationship Customer,Moderate Risk,Low Cross-Sell Opportunity,Priority 4,0.1953164804097095,0.1524511366050563,0.08563051430842857,0.14699975796586665,0.4342105263157895,0.162,0.7,0.0,0.3,0.30065092637080704,Low,2
C000222,P005,Home Loan,Loan,Lending,False,1,Core Active,Core Relationship Customer,Moderate Risk,Low Cross-Sell Opportunity,Priority 4,0.18027152880832595,0.1524511366050563,0.08563051430842857,0.14699975796586665,0.4342105263157895,0.162,0.7,0.0,0.3,0.29688968847046115,Low,3
C000223,P007,Term Insurance,Insurance,Protection,False,1,Premium High-Value,Premium Digital Customer,Moderate Risk,Moderate Cross-Sell Opportunity,Priority 2,0.573539489491076,0.21776609305289993,0.3338972151596305,0.14899537144763514,0.7631578947368421,0.78,1.0,0.25,0.65,0.6369117751938753,Medium,1
C000223,P008,Premium Banking,Banking,Premium,False,1,Premium High-Value,Premium Digital Customer,Moderate Risk,Moderate Cross-Sell Opportunity,Priority 2,0.5600217594291829,0.21776609305289993,0.3338972151596305,0.14899537144763514,0.7631578947368421,0.78,1.0,0.25,0.65,0.6335323426784021,Medium,2
C000223,P006,Mutual Fund Plan,Investment,Wealth,False,1,Premium High-Value,Premium Digital Customer,Moderate Risk,Moderate Cross-Sell Opportunity,Priority 2,0.5557918743717116,0.21776609305289993,0.3338972151596305,0.14899537144763514,0.7631578947368421,0.78,1.0,0.25,0.65,0.6324748714140342,Medium,3
C000224,P003,Rewards Credit Card,Credit Card,Cards,False,1,Core Active,Core Relationship Customer,High Risk,Moderate Cross-Sell Opportunity,Priority 3,0.3124302164979736,0.05270607605693648,0.0650660014188445,0.05137945438591081,0.27631578947368424,0.704,0.7,0.5833333333333333,0.65,0.3963294710902667,Low,1
C000224,P007,Term Insurance,Insurance,Protection,False,1,Core Active,Core Relationship Customer,High Risk,Moderate Cross-Sell Opportunity,Priority 3,0.27861022963235493,0.05270607605693648,0.0650660014188445,0.05137945438591081,0.27631578947368424,0.704,0.7,0.5833333333333333,0.65,0.387874474373862,Low,2
C000224,P008,Premium Banking,Banking,Premium,False,1,Core Active,Core Relationship Customer,High Risk,Moderate Cross-Sell Opportunity,Priority 3,0.2624969044890303,0.05270607605693648,0.0650660014188445,0.05137945438591081,0.27631578947368424,0.704,0.7,0.5833333333333333,0.65,0.3838461430880309,Low,3
C000224,P006,Mutual Fund Plan,Investment,Wealth,False,1,Core Active,Core Relationship Customer,High Risk,Moderate Cross-Sell Opportunity,Priority 3,0.24683713437408777,0.05270607605693648,0.0650660014188445,0.05137945438591081,0.27631578947368424,0.704,0.7,0.5833333333333333,0.65,0.3799312005592952,Low,4
C000224,P004,Personal Loan,Loan,Lending,False,1,Core Active,Core Relationship Customer,High Risk,Moderate Cross-Sell Opportunity,Priority 3,0.14973146145699906,0.05270607605693648,0.0650660014188445,0.05137945438591081,0.27631578947368424,0.704,0.7,0.5833333333333333,0.65,0.355654782330023,Low,5
C000224,P005,Home Loan,Loan,Lending,False,1,Core Active,Core Relationship Customer,High Risk,Moderate Cross-Sell Opportunity,Priority 3,0.12935714108671303,0.05270607605693648,0.0650660014188445,0.05137945438591081,0.27631578947368424,0.704,0.7,0.5833333333333333,0.65,0.3505612022374516,Low,6
C000225,P007,Term Insurance,Insurance,Protection,False,1,Dormant / Declining,Dormant Reactivation Target,Critical Risk,Low Cross-Sell Opportunity,Priority 4,0.2435573035456911,0.07874973443807096,0.030526813261969623,0.035821986231154755,0.06578947368421052,0.0,0.25,0.0,0.3,0.13900769382666855,Low,1
C000225,P006,Mutual Fund Plan,Investment,Wealth,False,1,Dormant / Declining,Dormant Reactivation Target,Critical Risk,Low Cross-Sell Opportunity,Priority 4,0.13138251979698595,0.07874973443807096,0.030526813261969623,0.035821986231154755,0.06578947368421052,0.0,0.25,0.0,0.3,0.11096399788949225,Low,2
C000225,P004,Personal Loan,Loan,Lending,False,1,Dormant / Declining,Dormant Reactivation Target,Critical Risk,Low Cross-Sell Opportunity,Priority 4,0.12956071706241049,0.07874973443807096,0.030526813261969623,0.035821986231154755,0.06578947368421052,0.0,0.25,0.0,0.3,0.11050854720584839,Low,3
C000225,P005,Home Loan,Loan,Lending,False,1,Dormant / Declining,Dormant Reactivation Target,Critical Risk,Low Cross-Sell Opportunity,Priority 4,0.12791607978207295,0.07874973443807096,0.030526813261969623,0.035821986231154755,0.06578947368421052,0.0,0.25,0.0,0.3,0.110097387885764,Low,4
C000225,P008,Premium Banking,Banking,Premium,False,1,Dormant / Declining,Dormant Reactivation Target,Critical Risk,Low Cross-Sell Opportunity,Priority 4,0.1043710255441124,0.07874973443807096,0.030526813261969623,0.035821986231154755,0.06578947368421052,0.0,0.25,0.0,0.3,0.10421112432627387,Low,5
C000225,P003,Rewards Credit Card,Credit Card,Cards,False,1,Dormant / Declining,Dormant Reactivation Target,Critical Risk,Low Cross-Sell Opportunity,Priority 4,0.0550451565213643,0.07874973443807096,0.030526813261969623,0.035821986231154755,0.06578947368421052,0.0,0.25,0.0,0.3,0.09187965707058683,Low,6
C000226,P004,Personal Loan,Loan,Lending,False,1,Premium High-Value,Premium Digital Customer,Moderate Risk,Moderate Cross-Sell Opportunity,Priority 2,0.6623552342041488,0.6264101338432122,0.1853059125856258,0.8275100294646187,0.8289473684210527,1.0,1.0,0.25,0.65,0.7527129405828376,High,1
C000226,P005,Home Loan,Loan,Lending,False,1,Premium High-Value,Premium Digital Customer,Moderate Risk,Moderate Cross-Sell Opportunity,Priority 2,0.5558258879955861,0.6264101338432122,0.1853059125856258,0.8275100294646187,0.8289473684210527,1.0,1.0,0.25,0.65,0.7260806040306969,Medium,2
C000227,P007,Term Insurance,Insurance,Protection,False,1,Core Active,Core Relationship Customer,High Risk,Moderate Cross-Sell Opportunity,Priority 3,0.2715421984004316,0.08737784151264075,0.039359836361331,0.10074086741669215,0.3157894736842105,0.213,0.7,0.125,0.65,0.30402953895526763,Low,1
C000227,P003,Rewards Credit Card,Credit Card,Cards,False,1,Core Active,Core Relationship Customer,High Risk,Moderate Cross-Sell Opportunity,Priority 3,0.2129449871136145,0.08737784151264075,0.039359836361331,0.10074086741669215,0.3157894736842105,0.213,0.7,0.125,0.65,0.28938023613356334,Low,2
C000227,P004,Personal Loan,Loan,Lending,False,1,Core Active,Core Relationship Customer,High Risk,Moderate Cross-Sell Opportunity,Priority 3,0.1774923616454138,0.08737784151264075,0.039359836361331,0.10074086741669215,0.3157894736842105,0.213,0.7,0.125,0.65,0.2805170797665132,Low,3
C000227,P006,Mutual Fund Plan,Investment,Wealth,False,1,Core Active,Core Relationship Customer,High Risk,Moderate Cross-Sell Opportunity,Priority 3,0.17142694293815758,0.08737784151264075,0.039359836361331,0.10074086741669215,0.3157894736842105,0.213,0.7,0.125,0.65,0.2790007250896991,Low,4
C000227,P008,Premium Banking,Banking,Premium,False,1,Core Active,Core Relationship Customer,High Risk,Moderate Cross-Sell Opportunity,Priority 3,0.16138728776574376,0.08737784151264075,0.039359836361331,0.10074086741669215,0.3157894736842105,0.213,0.7,0.125,0.65,0.2764908112965957,Low,5
C000227,P005,Home Loan,Loan,Lending,False,1,Core Active,Core Relationship Customer,High Risk,Moderate Cross-Sell Opportunity,Priority 3,0.14611219506515521,0.08737784151264075,0.039359836361331,0.10074086741669215,0.3157894736842105,0.213,0.7,0.125,0.65,0.2726720381214486,Low,6
C000228,P007,Term Insurance,Insurance,Protection,False,1,Core Active,Core Cross-Sell Opportunity,Low Risk,High Cross-Sell Opportunity,Priority 3,0.4483694658048286,0.19003346080305927,0.27288305919920863,0.1883053592337891,0.39473684210526316,0.486,0.7,0.16666666666666666,1.0,0.44957625159427517,Low,1
C000228,P006,Mutual Fund Plan,Investment,Wealth,False,1,Core Active,Core Cross-Sell Opportunity,Low Risk,High Cross-Sell Opportunity,Priority 3,0.39081481998707523,0.19003346080305927,0.27288305919920863,0.1883053592337891,0.39473684210526316,0.486,0.7,0.16666666666666666,1.0,0.4351875901398368,Low,2
C000228,P008,Premium Banking,Banking,Premium,False,1,Core Active,Core Cross-Sell Opportunity,Low Risk,High Cross-Sell Opportunity,Priority 3,0.378620567113512,0.19003346080305927,0.27288305919920863,0.1883053592337891,0.39473684210526316,0.486,0.7,0.16666666666666666,1.0,0.432139026921446,Low,3
C000228,P004,Personal Loan,Loan,Lending,False,1,Core Active,Core Cross-Sell Opportunity,Low Risk,High Cross-Sell Opportunity,Priority 3,0.3240336960092992,0.19003346080305927,0.27288305919920863,0.1883053592337891,0.39473684210526316,0.486,0.7,0.16666666666666666,1.0,0.4184923091453928,Low,4
C000228,P005,Home Loan,Loan,Lending,False,1,Core Active,Core Cross-Sell Opportunity,Low Risk,High Cross-Sell Opportunity,Priority 3,0.31616360779542824,0.19003346080305927,0.27288305919920863,0.1883053592337891,0.39473684210526316,0.486,0.7,0.16666666666666666,1.0,0.41652478709192503,Low,5
C000229,P003,Rewards Credit Card,Credit Card,Cards,False,1,Core Active,Core Digital Customer,Low Risk,Moderate Cross-Sell Opportunity,Priority 3,0.3932639838823526,0.08404769492245592,0.045843836985874076,0.030168760402094395,0.39473684210526316,0.888,0.7,0.0,0.65,0.42063606127086883,Low,1
C000229,P008,Premium Banking,Banking,Premium,False,1,Core Active,Core Digital Customer,Low Risk,Moderate Cross-Sell Opportunity,Priority 3,0.3065632516142351,0.08404769492245592,0.045843836985874076,0.030168760402094395,0.39473684210526316,0.888,0.7,0.0,0.65,0.3989608782038394,Low,2
C000229,P006,Mutual Fund Plan,Investment,Wealth,False,1,Core Active,Core Digital Customer,Low Risk,Moderate Cross-Sell Opportunity,Priority 3,0.28055405621193624,0.08404769492245592,0.045843836985874076,0.030168760402094395,0.39473684210526316,0.888,0.7,0.0,0.65,0.39245857935326467,Low,3
C000229,P007,Term Insurance,Insurance,Protection,False,1,Core Active,Core Digital Customer,Low Risk,Moderate Cross-Sell Opportunity,Priority 3,0.19409470124251993,0.08404769492245592,0.045843836985874076,0.030168760402094395,0.39473684210526316,0.888,0.7,0.0,0.65,0.37084374061091063,Low,4
C000229,P004,Personal Loan,Loan,Lending,False,1,Core Active,Core Digital Customer,Low Risk,Moderate Cross-Sell Opportunity,Priority 3,0.17224441831919288,0.08404769492245592,0.045843836985874076,0.030168760402094395,0.39473684210526316,0.888,0.7,0.0,0.65,0.36538116988007885,Low,5
C000229,P005,Home Loan,Loan,Lending,False,1,Core Active,Core Digital Customer,Low Risk,Moderate Cross-Sell Opportunity,Priority 3,0.14083281836246103,0.08404769492245592,0.045843836985874076,0.030168760402094395,0.39473684210526316,0.888,0.7,0.0,0.65,0.3575282698908959,Low,6
C000230,P003,Rewards Credit Card,Credit Card,Cards,False,1,Core Active,Core Relationship Customer,High Risk,Moderate Cross-Sell Opportunity,Priority 3,0.27619613482211997,0.054912895687274275,0.11096048647294887,0.07298450514299172,0.32894736842105265,0.568,0.7,0.25,0.65,0.3686737181061428,Low,1
C000230,P007,Term Insurance,Insurance,Protection,False,1,Core Active,Core Relationship Customer,High Risk,Moderate Cross-Sell Opportunity,Priority 3,0.2654928402893575,0.054912895687274275,0.11096048647294887,0.07298450514299172,0.32894736842105265,0.568,0.7,0.25,0.65,0.36599789447295217,Low,2
C000230,P008,Premium Banking,Banking,Premium,False,1,Core Active,Core Relationship Customer,High Risk,Moderate Cross-Sell Opportunity,Priority 3,0.2292427929190193,0.054912895687274275,0.11096048647294887,0.07298450514299172,0.32894736842105265,0.568,0.7,0.25,0.65,0.3569353826303676,Low,3
C000230,P006,Mutual Fund Plan,Investment,Wealth,False,1,Core Active,Core Relationship Customer,High Risk,Moderate Cross-Sell Opportunity,Priority 3,0.22009566648223772,0.054912895687274275,0.11096048647294887,0.07298450514299172,0.32894736842105265,0.568,0.7,0.25,0.65,0.35464860102117224,Low,4
C000230,P004,Personal Loan,Loan,Lending,False,1,Core Active,Core Relationship Customer,High Risk,Moderate Cross-Sell Opportunity,Priority 3,0.17126293707958867,0.054912895687274275,0.11096048647294887,0.07298450514299172,0.32894736842105265,0.568,0.7,0.25,0.65,0.34244041867051,Low,5
C000230,P005,Home Loan,Loan,Lending,False,1,Core Active,Core Relationship Customer,High Risk,Moderate Cross-Sell Opportunity,Priority 3,0.15045946747849026,0.054912895687274275,0.11096048647294887,0.07298450514299172,0.32894736842105265,0.568,0.7,0.25,0.65,0.3372395512702353,Low,6
C000231,P003,Rewards Credit Card,Credit Card,Cards,False,1,Premium High-Value,Premium Digital Customer,Low Risk,Moderate Cross-Sell Opportunity,Priority 2,0.6558947076974264,0.20078606330996387,0.056478534126144425,0.16575880504290735,0.7763157894736842,1.0,1.0,0.45,0.65,0.7180782580074021,Medium,1
C000231,P006,Mutual Fund Plan,Investment,Wealth,False,1,Premium High-Value,Premium Digital Customer,Low Risk,Moderate Cross-Sell Opportunity,Priority 2,0.5119735152567783,0.20078606330996387,0.056478534126144425,0.16575880504290735,0.7763157894736842,1.0,1.0,0.45,0.65,0.6820979598972401,Medium,2
C000231,P008,Premium Banking,Banking,Premium,False,1,Premium High-Value,Premium Digital Customer,Low Risk,Moderate Cross-Sell Opportunity,Priority 2,0.5119735152567783,0.20078606330996387,0.056478534126144425,0.16575880504290735,0.7763157894736842,1.0,1.0,0.45,0.65,0.6820979598972401,Medium,3
C000231,P004,Personal Loan,Loan,Lending,False,1,Premium High-Value,Premium Digital Customer,Low Risk,Moderate Cross-Sell Opportunity,Priority 2,0.4871225180152291,0.20078606330996387,0.056478534126144425,0.16575880504290735,0.7763157894736842,1.0,1.0,0.45,0.65,0.6758852105868528,Medium,4
C000231,P007,Term Insurance,Insurance,Protection,False,1,Premium High-Value,Premium Digital Customer,Low Risk,Moderate Cross-Sell Opportunity,Priority 2,0.47646435828384714,0.20078606330996387,0.056478534126144425,0.16575880504290735,0.7763157894736842,1.0,1.0,0.45,0.65,0.6732206706540073,Medium,5
C000232,P007,Term Insurance,Insurance,Protection,False,1,At Risk,At-Risk Engagement Customer,High Risk,Low Cross-Sell Opportunity,Priority 4,0.36107908229574204,0.04745060548119821,0.05015800450802737,0.0408523713270853,0.06578947368421052,0.035,0.45,0.16666666666666666,0.3,0.23229497938947338,Low,1
C000232,P006,Mutual Fund Plan,Investment,Wealth,False,1,At Risk,At-Risk Engagement Customer,High Risk,Low Cross-Sell Opportunity,Priority 4,0.18696075913122445,0.04745060548119821,0.05015800450802737,0.0408523713270853,0.06578947368421052,0.035,0.45,0.16666666666666666,0.3,0.188765398598344,Low,2
C000232,P008,Premium Banking,Banking,Premium,False,1,At Risk,At-Risk Engagement Customer,High Risk,Low Cross-Sell Opportunity,Priority 4,0.15710156372892561,0.04745060548119821,0.05015800450802737,0.0408523713270853,0.06578947368421052,0.035,0.45,0.16666666666666666,0.3,0.18130059974776927,Low,3
C000232,P005,Home Loan,Loan,Lending,False,1,At Risk,At-Risk Engagement Customer,High Risk,Low Cross-Sell Opportunity,Priority 4,0.1371468839788537,0.04745060548119821,0.05015800450802737,0.0408523713270853,0.06578947368421052,0.035,0.45,0.16666666666666666,0.3,0.17631192981025132,Low,4
C000232,P003,Rewards Credit Card,Credit Card,Cards,False,1,At Risk,At-Risk Engagement Customer,High Risk,Low Cross-Sell Opportunity,Priority 4,0.09966336034351683,0.04745060548119821,0.05015800450802737,0.0408523713270853,0.06578947368421052,0.035,0.45,0.16666666666666666,0.3,0.16694104890141712,Low,5
C000233,P006,Mutual Fund Plan,Investment,Wealth,False,1,At Risk,At-Risk Declining Customer,Critical Risk,Moderate Cross-Sell Opportunity,Priority 4,0.22011568825295125,0.18872955173146377,0.03683372029621785,0.09632444535401932,0.13157894736842105,0.439,0.45,0.1,0.65,0.26641167451479375,Low,1
C000233,P008,Premium Banking,Banking,Premium,False,1,At Risk,At-Risk Declining Customer,Critical Risk,Moderate Cross-Sell Opportunity,Priority 4,0.2147668376782386,0.18872955173146377,0.03683372029621785,0.09632444535401932,0.13157894736842105,0.439,0.45,0.1,0.65,0.2650744618711156,Low,2
C000233,P003,Rewards Credit Card,Credit Card,Cards,False,1,At Risk,At-Risk Declining Customer,Critical Risk,Moderate Cross-Sell Opportunity,Priority 4,0.20270997211372857,0.18872955173146377,0.03683372029621785,0.09632444535401932,0.13157894736842105,0.439,0.45,0.1,0.65,0.2620602454799881,Low,3
C000233,P004,Personal Loan,Loan,Lending,False,1,At Risk,At-Risk Declining Customer,Critical Risk,Moderate Cross-Sell Opportunity,Priority 4,0.18962115383249784,0.18872955173146377,0.03683372029621785,0.09632444535401932,0.13157894736842105,0.439,0.45,0.1,0.65,0.2587880409096804,Low,4
C000233,P005,Home Loan,Loan,Lending,False,1,At Risk,At-Risk Declining Customer,Critical Risk,Moderate Cross-Sell Opportunity,Priority 4,0.18179235019125964,0.18872955173146377,0.03683372029621785,0.09632444535401932,0.13157894736842105,0.439,0.45,0.1,0.65,0.25683083999937084,Low,5
C000233,P007,Term Insurance,Insurance,Protection,False,1,At Risk,At-Risk Declining Customer,Critical Risk,Moderate Cross-Sell Opportunity,Priority 4,0.1756820167740174,0.18872955173146377,0.03683372029621785,0.09632444535401932,0.13157894736842105,0.439,0.45,0.1,0.65,0.25530325664506026,Low,6
C000234,P007,Term Insurance,Insurance,Protection,False,1,At Risk,At-Risk Declining Customer,Critical Risk,Low Cross-Sell Opportunity,Priority 4,0.12367611130213009,0.06242298704057786,0.039818812648604054,0.0,0.09210526315789473,0.134,0.45,0.0,0.3,0.1531194147073323,Low,1
C000234,P006,Mutual Fund Plan,Investment,Wealth,False,1,At Risk,At-Risk Declining Customer,Critical Risk,Low Cross-Sell Opportunity,Priority 4,0.0924964334463711,0.06242298704057786,0.039818812648604054,0.0,0.09210526315789473,0.134,0.45,0.0,0.3,0.14532449524339258,Low,2
C000234,P005,Home Loan,Loan,Lending,False,1,At Risk,At-Risk Declining Customer,Critical Risk,Low Cross-Sell Opportunity,Priority 4,0.09041800867802122,0.06242298704057786,0.039818812648604054,0.0,0.09210526315789473,0.134,0.45,0.0,0.3,0.14480488905130512,Low,3
C000234,P008,Premium Banking,Banking,Premium,False,1,At Risk,At-Risk Declining Customer,Critical Risk,Low Cross-Sell Opportunity,Priority 4,0.08339183574522169,0.06242298704057786,0.039818812648604054,0.0,0.09210526315789473,0.134,0.45,0.0,0.3,0.14304834581810522,Low,4
C000235,P003,Rewards Credit Card,Credit Card,Cards,False,1,Core Active,Core Relationship Customer,Moderate Risk,Moderate Cross-Sell Opportunity,Priority 3,0.2994332136885414,0.0506453154875717,0.06856421109695682,0.04521786342733416,0.27631578947368424,0.561,0.7,0.1,0.65,0.33003473494070235,Low,1
C000235,P008,Premium Banking,Banking,Premium,False,1,Core Active,Core Relationship Customer,Moderate Risk,Moderate Cross-Sell Opportunity,Priority 3,0.22665501757945047,0.0506453154875717,0.06856421109695682,0.04521786342733416,0.27631578947368424,0.561,0.7,0.1,0.65,0.31184018591342966,Low,2
C000235,P006,Mutual Fund Plan,Investment,Wealth,False,1,Core Active,Core Relationship Customer,Moderate Risk,Moderate Cross-Sell Opportunity,Priority 3,0.20176593711968038,0.0506453154875717,0.06856421109695682,0.04521786342733416,0.27631578947368424,0.561,0.7,0.1,0.65,0.30561791579848707,Low,3
C000235,P007,Term Insurance,Insurance,Protection,False,1,Core Active,Core Relationship Customer,Moderate Risk,Moderate Cross-Sell Opportunity,Priority 3,0.1902182719212577,0.0506453154875717,0.06856421109695682,0.04521786342733416,0.27631578947368424,0.561,0.7,0.1,0.65,0.3027309994988814,Low,4
C000235,P004,Personal Loan,Loan,Lending,False,1,Core Active,Core Relationship Customer,Moderate Risk,Moderate Cross-Sell Opportunity,Priority 3,0.09926771551170836,0.0506453154875717,0.06856421109695682,0.04521786342733416,0.27631578947368424,0.561,0.7,0.1,0.65,0.27999336039649403,Low,5
C000235,P005,Home Loan,Loan,Lending,False,1,Core Active,Core Relationship Customer,Moderate Risk,Moderate Cross-Sell Opportunity,Priority 3,0.07993124766052863,0.0506453154875717,0.06856421109695682,0.04521786342733416,0.27631578947368424,0.561,0.7,0.1,0.65,0.27515924343369913,Low,6
C000236,P003,Rewards Credit Card,Credit Card,Cards,False,1,Premium High-Value,Premium Digital Customer,Low Risk,Moderate Cross-Sell Opportunity,Priority 2,0.6531603409490662,0.4970575738262163,0.3576881846439947,0.24123981283939683,0.75,0.765,1.0,0.25,0.65,0.7092016000025099,Medium,1
C000236,P006,Mutual Fund Plan,Investment,Wealth,False,1,Premium High-Value,Premium Digital Customer,Low Risk,Moderate Cross-Sell Opportunity,Priority 2,0.6156758288310605,0.4970575738262163,0.3576881846439947,0.24123981283939683,0.75,0.765,1.0,0.25,0.65,0.6998304719730084,Medium,2
C000236,P004,Personal Loan,Loan,Lending,False,1,Premium High-Value,Premium Digital Customer,Low Risk,Moderate Cross-Sell Opportunity,Priority 2,0.5801563934468263,0.4970575738262163,0.3576881846439947,0.24123981283939683,0.75,0.765,1.0,0.25,0.65,0.6909506131269499,Medium,3
C000237,P003,Rewards Credit Card,Credit Card,Cards,False,1,Core Active,Core Relationship Customer,Moderate Risk,Moderate Cross-Sell Opportunity,Priority 3,0.3460249449046439,0.12219301041002761,0.07371878725471054,0.08272567813945839,0.4605263157894737,0.576,0.7,0.0,0.65,0.39512378567658757,Low,1
C000237,P008,Premium Banking,Banking,Premium,False,1,Core Active,Core Relationship Customer,Moderate Risk,Moderate Cross-Sell Opportunity,Priority 3,0.2633602126045966,0.12219301041002761,0.07371878725471054,0.08272567813945839,0.4605263157894737,0.576,0.7,0.0,0.65,0.3744576026015757,Low,2
C000237,P007,Term Insurance,Insurance,Protection,False,1,Core Active,Core Relationship Customer,Moderate Risk,Moderate Cross-Sell Opportunity,Priority 3,0.2576356959152219,0.12219301041002761,0.07371878725471054,0.08272567813945839,0.4605263157894737,0.576,0.7,0.0,0.65,0.373026473429232,Low,3
C000237,P006,Mutual Fund Plan,Investment,Wealth,False,1,Core Active,Core Relationship Customer,Moderate Risk,Moderate Cross-Sell Opportunity,Priority 3,0.25553722409884944,0.12219301041002761,0.07371878725471054,0.08272567813945839,0.4605263157894737,0.576,0.7,0.0,0.65,0.3725018554751389,Low,4
C000237,P005,Home Loan,Loan,Lending,False,1,Core Active,Core Relationship Customer,Moderate Risk,Moderate Cross-Sell Opportunity,Priority 3,0.18213942369557468,0.12219301041002761,0.07371878725471054,0.08272567813945839,0.4605263157894737,0.576,0.7,0.0,0.65,0.35415240537432024,Low,5
C000238,P007,Term Insurance,Insurance,Protection,False,1,Core Active,Core Relationship Customer,Low Risk,Moderate Cross-Sell Opportunity,Priority 3,0.37369008263156545,0.18284469938389633,0.11075020966553763,0.1877082171055521,0.5921052631578947,0.281,0.7,0.16666666666666666,0.65,0.4210739166750215,Low,1
C000238,P003,Rewards Credit Card,Credit Card,Cards,False,1,Core Active,Core Relationship Customer,Low Risk,Moderate Cross-Sell Opportunity,Priority 3,0.37032146726856574,0.18284469938389633,0.11075020966553763,0.1877082171055521,0.5921052631578947,0.281,0.7,0.16666666666666666,0.65,0.42023176283427155,Low,2
C000238,P004,Personal Loan,Loan,Lending,False,1,Core Active,Core Relationship Customer,Low Risk,Moderate Cross-Sell Opportunity,Priority 3,0.3550148442142407,0.18284469938389633,0.11075020966553763,0.1877082171055521,0.5921052631578947,0.281,0.7,0.16666666666666666,0.65,0.41640510707069034,Low,3
C000238,P006,Mutual Fund Plan,Investment,Wealth,False,1,Core Active,Core Relationship Customer,Low Risk,Moderate Cross-Sell Opportunity,Priority 3,0.33165817153450083,0.18284469938389633,0.11075020966553763,0.1877082171055521,0.5921052631578947,0.281,0.7,0.16666666666666666,0.65,0.4105659389007553,Low,4
C000238,P008,Premium Banking,Banking,Premium,False,1,Core Active,Core Relationship Customer,Low Risk,Moderate Cross-Sell Opportunity,Priority 3,0.30317943590231694,0.18284469938389633,0.11075020966553763,0.1877082171055521,0.5921052631578947,0.281,0.7,0.16666666666666666,0.65,0.40344625499270936,Low,5
C000238,P005,Home Loan,Loan,Lending,False,1,Core Active,Core Relationship Customer,Low Risk,Moderate Cross-Sell Opportunity,Priority 3,0.30278826260692143,0.18284469938389633,0.11075020966553763,0.1877082171055521,0.5921052631578947,0.281,0.7,0.16666666666666666,0.65,0.4033484616688605,Low,6
C000239,P004,Personal Loan,Loan,Lending,False,1,Premium High-Value,Premium Digital Customer,Moderate Risk,Moderate Cross-Sell Opportunity,Priority 3,0.5481916691065511,0.46313203739111963,0.11602913556322224,0.4297012326919897,0.7631578947368421,0.859,1.0,0.45,0.65,0.7275480089653881,Medium,1
C000239,P005,Home Loan,Loan,Lending,False,1,Premium High-Value,Premium Digital Customer,Moderate Risk,Moderate Cross-Sell Opportunity,Priority 3,0.4694667285677072,0.46313203739111963,0.11602913556322224,0.4297012326919897,0.7631578947368421,0.859,1.0,0.45,0.65,0.7078667738306771,Medium,2
C000240,P008,Premium Banking,Banking,Premium,False,1,Core Active,Core Relationship Customer,Moderate Risk,Moderate Cross-Sell Opportunity,Priority 3,0.33365506451414906,0.1846345867856384,0.1401847711388445,0.1528403499869638,0.6447368421052632,0.714,0.7,0.2,0.65,0.4459512098014544,Low,1
C000240,P006,Mutual Fund Plan,Investment,Wealth,False,1,Core Active,Core Relationship Customer,Moderate Risk,Moderate Cross-Sell Opportunity,Priority 3,0.32295506451414907,0.1846345867856384,0.1401847711388445,0.1528403499869638,0.6447368421052632,0.714,0.7,0.2,0.65,0.44327620980145443,Low,2
C000240,P004,Personal Loan,Loan,Lending,False,1,Core Active,Core Relationship Customer,Moderate Risk,Moderate Cross-Sell Opportunity,Priority 3,0.3109335301249636,0.1846345867856384,0.1401847711388445,0.1528403499869638,0.6447368421052632,0.714,0.7,0.2,0.65,0.44027082620415803,Low,3
C000240,P005,Home Loan,Loan,Lending,False,1,Core Active,Core Relationship Customer,Moderate Risk,Moderate Cross-Sell Opportunity,Priority 3,0.2614352559258495,0.1846345867856384,0.1401847711388445,0.1528403499869638,0.6447368421052632,0.714,0.7,0.2,0.65,0.42789625765437955,Low,4
C000241,P007,Term Insurance,Insurance,Protection,False,1,Core Active,Core Relationship Customer,High Risk,Moderate Cross-Sell Opportunity,Priority 3,0.3116646062128935,0.04681856809007861,0.0692163486375495,0.0511318132842163,0.2894736842105263,0.739,0.7,0.0,0.65,0.36210091780281806,Low,1
C000241,P003,Rewards Credit Card,Credit Card,Cards,False,1,Core Active,Core Relationship Customer,High Risk,Moderate Cross-Sell Opportunity,Priority 3,0.3104633057945857,0.04681856809007861,0.0692163486375495,0.0511318132842163,0.2894736842105263,0.739,0.7,0.0,0.65,0.36180059269824105,Low,2
C000241,P006,Mutual Fund Plan,Investment,Wealth,False,1,Core Active,Core Relationship Customer,High Risk,Moderate Cross-Sell Opportunity,Priority 3,0.2956210893726537,0.04681856809007861,0.0692163486375495,0.0511318132842163,0.2894736842105263,0.739,0.7,0.0,0.65,0.3580900385927581,Low,3
C000241,P008,Premium Banking,Banking,Premium,False,1,Core Active,Core Relationship Customer,High Risk,Moderate Cross-Sell Opportunity,Priority 3,0.2940653422462169,0.04681856809007861,0.0692163486375495,0.0511318132842163,0.2894736842105263,0.739,0.7,0.0,0.65,0.3577011018111489,Low,4
C000241,P004,Personal Loan,Loan,Lending,False,1,Core Active,Core Relationship Customer,High Risk,Moderate Cross-Sell Opportunity,Priority 3,0.2080663636009149,0.04681856809007861,0.0692163486375495,0.0511318132842163,0.2894736842105263,0.739,0.7,0.0,0.65,0.33620135714982347,Low,5
C000241,P005,Home Loan,Loan,Lending,False,1,Core Active,Core Relationship Customer,High Risk,Moderate Cross-Sell Opportunity,Priority 3,0.18672919455157697,0.04681856809007861,0.0692163486375495,0.0511318132842163,0.2894736842105263,0.739,0.7,0.0,0.65,0.33086706488748896,Low,6
C000242,P003,Rewards Credit Card,Credit Card,Cards,False,1,Core Active,Core Relationship Customer,High Risk,Moderate Cross-Sell Opportunity,Priority 3,0.34400683408456945,0.06284523050775441,0.03359329182054656,0.04923478899576393,0.3684210526315789,0.81,0.7,0.6,0.65,0.45233391251743016,Low,1
C000242,P006,Mutual Fund Plan,Investment,Wealth,False,1,Core Active,Core Relationship Customer,High Risk,Moderate Cross-Sell Opportunity,Priority 3,0.298867295079231,0.06284523050775441,0.03359329182054656,0.04923478899576393,0.3684210526315789,0.81,0.7,0.6,0.65,0.44104902776609545,Low,2
C000242,P008,Premium Banking,Banking,Premium,False,1,Core Active,Core Relationship Customer,High Risk,Moderate Cross-Sell Opportunity,Priority 3,0.2988500536999206,0.06284523050775441,0.03359329182054656,0.04923478899576393,0.3684210526315789,0.81,0.7,0.6,0.65,0.44104471742126794,Low,3
C000242,P004,Personal Loan,Loan,Lending,False,1,Core Active,Core Relationship Customer,High Risk,Moderate Cross-Sell Opportunity,Priority 3,0.22897545538880792,0.06284523050775441,0.03359329182054656,0.04923478899576393,0.3684210526315789,0.81,0.7,0.6,0.65,0.4235760678434898,Low,4
C000242,P007,Term Insurance,Insurance,Protection,False,1,Core Active,Core Relationship Customer,High Risk,Moderate Cross-Sell Opportunity,Priority 3,0.21008597241478943,0.06284523050775441,0.03359329182054656,0.04923478899576393,0.3684210526315789,0.81,0.7,0.6,0.65,0.4188536970999851,Low,5
C000242,P005,Home Loan,Loan,Lending,False,1,Core Active,Core Relationship Customer,High Risk,Moderate Cross-Sell Opportunity,Priority 3,0.19539112652454335,0.06284523050775441,0.03359329182054656,0.04923478899576393,0.3684210526315789,0.81,0.7,0.6,0.65,0.41517998562742364,Low,6
C000243,P008,Premium Banking,Banking,Premium,False,1,Core Active,Core Relationship Customer,Moderate Risk,Moderate Cross-Sell Opportunity,Priority 3,0.2362613155562127,0.05036116422349692,0.0846884602393453,0.03618129945229264,0.2631578947368421,0.453,0.7,0.0,0.65,0.2914112459442789,Low,1
C000243,P006,Mutual Fund Plan,Investment,Wealth,False,1,Core Active,Core Relationship Customer,Moderate Risk,Moderate Cross-Sell Opportunity,Priority 3,0.2354503960159828,0.05036116422349692,0.0846884602393453,0.03618129945229264,0.2631578947368421,0.453,0.7,0.0,0.65,0.2912085160592214,Low,2
C000243,P007,Term Insurance,Insurance,Protection,False,1,Core Active,Core Relationship Customer,Moderate Risk,Moderate Cross-Sell Opportunity,Priority 3,0.15673230737088067,0.05036116422349692,0.0846884602393453,0.03618129945229264,0.2631578947368421,0.453,0.7,0.0,0.65,0.2715289938979458,Low,3
C000243,P004,Personal Loan,Loan,Lending,False,1,Core Active,Core Relationship Customer,Moderate Risk,Moderate Cross-Sell Opportunity,Priority 3,0.15319669852008816,0.05036116422349692,0.0846884602393453,0.03618129945229264,0.2631578947368421,0.453,0.7,0.0,0.65,0.27064509168524775,Low,4
C000243,P005,Home Loan,Loan,Lending,False,1,Core Active,Core Relationship Customer,Moderate Risk,Moderate Cross-Sell Opportunity,Priority 3,0.1384841063482513,0.05036116422349692,0.0846884602393453,0.03618129945229264,0.2631578947368421,0.453,0.7,0.0,0.65,0.26696694364228857,Low,5
C000244,P008,Premium Banking,Banking,Premium,False,1,Core Active,Core Relationship Customer,Low Risk,Moderate Cross-Sell Opportunity,Priority 3,0.2704484602979045,0.1195108349267049,0.19494196953920387,0.09613661191462083,0.4605263157894737,0.57,0.7,0.25,0.65,0.4000932294282382,Low,1
C000244,P006,Mutual Fund Plan,Investment,Wealth,False,1,Core Active,Core Relationship Customer,Low Risk,Moderate Cross-Sell Opportunity,Priority 3,0.24309788558526083,0.1195108349267049,0.19494196953920387,0.09613661191462083,0.4605263157894737,0.57,0.7,0.25,0.65,0.39325558575007724,Low,2
C000244,P007,Term Insurance,Insurance,Protection,False,1,Core Active,Core Relationship Customer,Low Risk,Moderate Cross-Sell Opportunity,Priority 3,0.22644977521135962,0.1195108349267049,0.19494196953920387,0.09613661191462083,0.4605263157894737,0.57,0.7,0.25,0.65,0.38909355815660196,Low,3
C000244,P004,Personal Loan,Loan,Lending,False,1,Core Active,Core Relationship Customer,Low Risk,Moderate Cross-Sell Opportunity,Priority 3,0.17987540731177995,0.1195108349267049,0.19494196953920387,0.09613661191462083,0.4605263157894737,0.57,0.7,0.25,0.65,0.377449966181707,Low,4
C000245,P008,Premium Banking,Banking,Premium,False,1,Core Active,Core Relationship Customer,High Risk,Low Cross-Sell Opportunity,Priority 3,0.2678437040954822,0.18414064159762056,0.09296156021199535,0.18321750271237094,0.5394736842105263,0.785,0.7,0.0,0.3,0.4032101069749736,Low,1
C000245,P004,Personal Loan,Loan,Lending,False,1,Core Active,Core Relationship Customer,High Risk,Low Cross-Sell Opportunity,Priority 3,0.23700052596463045,0.18414064159762056,0.09296156021199535,0.18321750271237094,0.5394736842105263,0.785,0.7,0.0,0.3,0.39549931244226066,Low,2
C000245,P006,Mutual Fund Plan,Investment,Wealth,False,1,Core Active,Core Relationship Customer,High Risk,Low Cross-Sell Opportunity,Priority 3,0.2363523247851374,0.18414064159762056,0.09296156021199535,0.18321750271237094,0.5394736842105263,0.785,0.7,0.0,0.3,0.3953372621473874,Low,3
C000245,P005,Home Loan,Loan,Lending,False,1,Core Active,Core Relationship Customer,High Risk,Low Cross-Sell Opportunity,Priority 3,0.18788267338402106,0.18414064159762056,0.09296156021199535,0.18321750271237094,0.5394736842105263,0.785,0.7,0.0,0.3,0.38321984929710834,Low,4
C000246,P003,Rewards Credit Card,Credit Card,Cards,False,1,Core Active,Core Relationship Customer,High Risk,Low Cross-Sell Opportunity,Priority 4,0.24036293548018126,0.11050562991289568,0.04119189924317814,0.0,0.47368421052631576,0.278,0.7,0.0,0.3,0.3210444914315718,Low,1
C000246,P004,Personal Loan,Loan,Lending,False,1,Core Active,Core Relationship Customer,High Risk,Low Cross-Sell Opportunity,Priority 4,0.17286041941388444,0.11050562991289568,0.04119189924317814,0.0,0.47368421052631576,0.278,0.7,0.0,0.3,0.30416886241499763,Low,2
C000246,P008,Premium Banking,Banking,Premium,False,1,Core Active,Core Relationship Customer,High Risk,Low Cross-Sell Opportunity,Priority 4,0.16489696103616622,0.11050562991289568,0.04119189924317814,0.0,0.47368421052631576,0.278,0.7,0.0,0.3,0.3021779978205681,Low,3
C000246,P007,Term Insurance,Insurance,Protection,False,1,Core Active,Core Relationship Customer,High Risk,Low Cross-Sell Opportunity,Priority 4,0.1396164676506348,0.11050562991289568,0.04119189924317814,0.0,0.47368421052631576,0.278,0.7,0.0,0.3,0.2958578744741852,Low,4
C000246,P005,Home Loan,Loan,Lending,False,1,Core Active,Core Relationship Customer,High Risk,Low Cross-Sell Opportunity,Priority 4,0.13719606474337437,0.11050562991289568,0.04119189924317814,0.0,0.47368421052631576,0.278,0.7,0.0,0.3,0.29525277374737013,Low,5
C000247,P008,Premium Banking,Banking,Premium,False,1,At Risk,At-Risk Declining Customer,Critical Risk,Low Cross-Sell Opportunity,Priority 4,0.17262900333504044,0.08456819630337795,0.06058347273195331,0.04900443604645186,0.3157894736842105,0.443,0.45,0.1,0.3,0.24423931114706732,Low,1
C000247,P006,Mutual Fund Plan,Investment,Wealth,False,1,At Risk,At-Risk Declining Customer,Critical Risk,Low Cross-Sell Opportunity,Priority 4,0.15938704931205194,0.08456819630337795,0.06058347273195331,0.04900443604645186,0.3157894736842105,0.443,0.45,0.1,0.3,0.24092882264132015,Low,2
C000247,P007,Term Insurance,Insurance,Protection,False,1,At Risk,At-Risk Declining Customer,Critical Risk,Low Cross-Sell Opportunity,Priority 4,0.14920028085308035,0.08456819630337795,0.06058347273195331,0.04900443604645186,0.3157894736842105,0.443,0.45,0.1,0.3,0.23838213052657725,Low,3
C000247,P004,Personal Loan,Loan,Lending,False,1,At Risk,At-Risk Declining Customer,Critical Risk,Low Cross-Sell Opportunity,Priority 4,0.13414089967797335,0.08456819630337795,0.06058347273195331,0.04900443604645186,0.3157894736842105,0.443,0.45,0.1,0.3,0.2346172852328005,Low,4
C000247,P005,Home Loan,Loan,Lending,False,1,At Risk,At-Risk Declining Customer,Critical Risk,Low Cross-Sell Opportunity,Priority 4,0.110977439429869,0.08456819630337795,0.06058347273195331,0.04900443604645186,0.3157894736842105,0.443,0.45,0.1,0.3,0.22882642017077442,Low,5
C000248,P007,Term Insurance,Insurance,Protection,False,1,Core Active,Core Relationship Customer,Moderate Risk,Moderate Cross-Sell Opportunity,Priority 3,0.36247814228870917,0.0996414913957935,0.02523286759232706,0.10084833430988033,0.5263157894736842,0.693,0.7,0.0,0.65,0.4162952022723886,Low,1
C000248,P008,Premium Banking,Banking,Premium,False,1,Core Active,Core Relationship Customer,Moderate Risk,Moderate Cross-Sell Opportunity,Priority 3,0.2843030536762985,0.0996414913957935,0.02523286759232706,0.10084833430988033,0.5263157894736842,0.693,0.7,0.0,0.65,0.39675143011928593,Low,2
C000248,P006,Mutual Fund Plan,Investment,Wealth,False,1,Core Active,Core Relationship Customer,Moderate Risk,Moderate Cross-Sell Opportunity,Priority 3,0.272928915745264,0.0996414913957935,0.02523286759232706,0.10084833430988033,0.5263157894736842,0.693,0.7,0.0,0.65,0.3939078956365274,Low,3
C000248,P004,Personal Loan,Loan,Lending,False,1,Core Active,Core Relationship Customer,Moderate Risk,Moderate Cross-Sell Opportunity,Priority 3,0.22893778852119656,0.0996414913957935,0.02523286759232706,0.10084833430988033,0.5263157894736842,0.693,0.7,0.0,0.65,0.38291011383051043,Low,4
C000248,P005,Home Loan,Loan,Lending,False,1,Core Active,Core Relationship Customer,Moderate Risk,Moderate Cross-Sell Opportunity,Priority 3,0.17498838085147886,0.0996414913957935,0.02523286759232706,0.10084833430988033,0.5263157894736842,0.693,0.7,0.0,0.65,0.3694227619130811,Low,5
C000249,P008,Premium Banking,Banking,Premium,False,1,Premium High-Value,Premium Relationship Customer,Low Risk,Moderate Cross-Sell Opportunity,Priority 2,0.6167631638649493,0.3832961546632675,0.5030813236820237,0.44102684149193955,0.7763157894736842,0.701,1.0,0.625,0.65,0.7123973903199434,Medium,1
C000249,P006,Mutual Fund Plan,Investment,Wealth,False,1,Premium High-Value,Premium Relationship Customer,Low Risk,Moderate Cross-Sell Opportunity,Priority 2,0.6107361523706965,0.3832961546632675,0.5030813236820237,0.44102684149193955,0.7763157894736842,0.701,1.0,0.625,0.65,0.7108906374463803,Medium,2
C000249,P005,Home Loan,Loan,Lending,False,1,Premium High-Value,Premium Relationship Customer,Low Risk,Moderate Cross-Sell Opportunity,Priority 2,0.5738812798505545,0.3832961546632675,0.5030813236820237,0.44102684149193955,0.7763157894736842,0.701,1.0,0.625,0.65,0.7016769193163448,Medium,3
C000250,P008,Premium Banking,Banking,Premium,False,1,Premium High-Value,Premium Digital Customer,Low Risk,Moderate Cross-Sell Opportunity,Priority 3,0.41157216360455395,0.21474665391969408,0.12266787476863439,0.15065176334481828,0.6973684210526315,0.785,1.0,0.0,0.65,0.5814476348429721,Medium,1
C000250,P004,Personal Loan,Loan,Lending,False,1,Premium High-Value,Premium Digital Customer,Low Risk,Moderate Cross-Sell Opportunity,Priority 3,0.3444971797879347,0.21474665391969408,0.12266787476863439,0.15065176334481828,0.6973684210526315,0.785,1.0,0.0,0.65,0.5646788888888172,Medium,2
C000250,P007,Term Insurance,Insurance,Protection,False,1,Premium High-Value,Premium Digital Customer,Low Risk,Moderate Cross-Sell Opportunity,Priority 3,0.326597108348051,0.21474665391969408,0.12266787476863439,0.15065176334481828,0.6973684210526315,0.785,1.0,0.0,0.65,0.5602038710288464,Medium,3
C000250,P005,Home Loan,Loan,Lending,False,1,Premium High-Value,Premium Digital Customer,Low Risk,Moderate Cross-Sell Opportunity,Priority 3,0.28883267525946954,0.21474665391969408,0.12266787476863439,0.15065176334481828,0.6973684210526315,0.785,1.0,0.0,0.65,0.550762762756701,Medium,4
C000251,P003,Rewards Credit Card,Credit Card,Cards,False,1,Core Active,Core Relationship Customer,Moderate Risk,Moderate Cross-Sell Opportunity,Priority 3,0.37840036609139244,0.19810388782664118,0.08249277915730696,0.11266315109751733,0.4605263157894737,0.548,0.7,0.0,0.65,0.4155998164565974,Low,1
C000251,P007,Term Insurance,Insurance,Protection,False,1,Core Active,Core Relationship Customer,Moderate Risk,Moderate Cross-Sell Opportunity,Priority 3,0.34039461541336413,0.19810388782664118,0.08249277915730696,0.11266315109751733,0.4605263157894737,0.548,0.7,0.0,0.65,0.4060983787870903,Low,2
C000251,P008,Premium Banking,Banking,Premium,False,1,Core Active,Core Relationship Customer,Moderate Risk,Moderate Cross-Sell Opportunity,Priority 3,0.2974395068892247,0.19810388782664118,0.08249277915730696,0.11266315109751733,0.4605263157894737,0.548,0.7,0.0,0.65,0.39535960165605544,Low,3
C000251,P006,Mutual Fund Plan,Investment,Wealth,False,1,Core Active,Core Relationship Customer,Moderate Risk,Moderate Cross-Sell Opportunity,Priority 3,0.28843031148692583,0.19810388782664118,0.08249277915730696,0.11266315109751733,0.4605263157894737,0.548,0.7,0.0,0.65,0.3931073028054808,Low,4
C000251,P005,Home Loan,Loan,Lending,False,1,Core Active,Core Relationship Customer,Moderate Risk,Moderate Cross-Sell Opportunity,Priority 3,0.20657555496831906,0.19810388782664118,0.08249277915730696,0.11266315109751733,0.4605263157894737,0.548,0.7,0.0,0.65,0.3726436136758291,Low,5
C000252,P003,Rewards Credit Card,Credit Card,Cards,False,1,Premium High-Value,Premium Relationship Customer,Moderate Risk,Moderate Cross-Sell Opportunity,Priority 3,0.5082767755483797,0.19989111960909284,0.05279310124409121,0.15215069288111263,0.47368421052631576,0.711,1.0,0.2,0.65,0.5417000493878609,Low,1
C000252,P008,Premium Banking,Banking,Premium,False,1,Premium High-Value,Premium Relationship Customer,Moderate Risk,Moderate Cross-Sell Opportunity,Priority 3,0.3841332626821363,0.19989111960909284,0.05279310124409121,0.15215069288111263,0.47368421052631576,0.711,1.0,0.2,0.65,0.5106641711713,Low,2
C000252,P006,Mutual Fund Plan,Investment,Wealth,False,1,Premium High-Value,Premium Relationship Customer,Moderate Risk,Moderate Cross-Sell Opportunity,Priority 3,0.36208900980857317,0.19989111960909284,0.05279310124409121,0.15215069288111263,0.47368421052631576,0.711,1.0,0.2,0.65,0.5051531079529092,Low,3
C000252,P005,Home Loan,Loan,Lending,False,1,Premium High-Value,Premium Relationship Customer,Moderate Risk,Moderate Cross-Sell Opportunity,Priority 3,0.26890055395646306,0.19989111960909284,0.05279310124409121,0.15215069288111263,0.47368421052631576,0.711,1.0,0.2,0.65,0.48185599398988177,Low,4
C000253,P007,Term Insurance,Insurance,Protection,False,1,Premium High-Value,Premium Digital Customer,Low Risk,Moderate Cross-Sell Opportunity,Priority 2,0.5245659520323428,0.3796021882302953,0.2275736466574196,0.3242042543806777,0.8026315789473685,0.961,1.0,0.16666666666666666,0.65,0.6927233291629168,Medium,1
C000253,P004,Personal Loan,Loan,Lending,False,1,Premium High-Value,Premium Digital Customer,Low Risk,Moderate Cross-Sell Opportunity,Priority 2,0.49821145634020725,0.3796021882302953,0.2275736466574196,0.3242042543806777,0.8026315789473685,0.961,1.0,0.16666666666666666,0.65,0.686134705239883,Medium,2
C000253,P005,Home Loan,Loan,Lending,False,1,Premium High-Value,Premium Digital Customer,Low Risk,Moderate Cross-Sell Opportunity,Priority 2,0.43864402941753033,0.3796021882302953,0.2275736466574196,0.3242042543806777,0.8026315789473685,0.961,1.0,0.16666666666666666,0.65,0.6712428485092137,Medium,3
C000254,P007,Term Insurance,Insurance,Protection,False,1,Core Active,Core Relationship Customer,Moderate Risk,Low Cross-Sell Opportunity,Priority 4,0.1502061103547807,0.060526874867219034,0.03310392669233534,0.07722944742392514,0.4868421052631579,0.411,0.7,0.25,0.3,0.3287832183516127,Low,1
C000254,P004,Personal Loan,Loan,Lending,False,1,Core Active,Core Relationship Customer,Moderate Risk,Low Cross-Sell Opportunity,Priority 4,0.1497310654497085,0.060526874867219034,0.03310392669233534,0.07722944742392514,0.4868421052631579,0.411,0.7,0.25,0.3,0.32866445712534464,Low,2
C000254,P008,Premium Banking,Banking,Premium,False,1,Core Active,Core Relationship Customer,Moderate Risk,Low Cross-Sell Opportunity,Priority 4,0.14714732413324025,0.060526874867219034,0.03310392669233534,0.07722944742392514,0.4868421052631579,0.411,0.7,0.25,0.3,0.3280185217962276,Low,3
C000254,P006,Mutual Fund Plan,Investment,Wealth,False,1,Core Active,Core Relationship Customer,Moderate Risk,Low Cross-Sell Opportunity,Priority 4,0.13119502528266552,0.060526874867219034,0.03310392669233534,0.07722944742392514,0.4868421052631579,0.411,0.7,0.25,0.3,0.3240304470835839,Low,4
C000254,P005,Home Loan,Loan,Lending,False,1,Core Active,Core Relationship Customer,Moderate Risk,Low Cross-Sell Opportunity,Priority 4,0.10131584292821144,0.060526874867219034,0.03310392669233534,0.07722944742392514,0.4868421052631579,0.411,0.7,0.25,0.3,0.3165606514949704,Low,5
C000255,P006,Mutual Fund Plan,Investment,Wealth,False,1,Core Active,Core Relationship Customer,High Risk,Moderate Cross-Sell Opportunity,Priority 3,0.352137774491099,0.13187008710431272,0.2415029133118143,0.14545130020923336,0.5131578947368421,0.438,0.7,0.6666666666666666,0.65,0.4393488119208303,Low,1
C000255,P008,Premium Banking,Banking,Premium,False,1,Core Active,Core Relationship Customer,High Risk,Moderate Cross-Sell Opportunity,Priority 3,0.33955501587040937,0.13187008710431272,0.2415029133118143,0.14545130020923336,0.5131578947368421,0.438,0.7,0.6666666666666666,0.65,0.43620312226565783,Low,2
C000255,P004,Personal Loan,Loan,Lending,False,1,Core Active,Core Relationship Customer,High Risk,Moderate Cross-Sell Opportunity,Priority 3,0.31095657797935,0.13187008710431272,0.2415029133118143,0.14545130020923336,0.5131578947368421,0.438,0.7,0.6666666666666666,0.65,0.42905351279289305,Low,3
C000255,P005,Home Loan,Loan,Lending,False,1,Core Active,Core Relationship Customer,High Risk,Moderate Cross-Sell Opportunity,Priority 3,0.28791459983673023,0.13187008710431272,0.2415029133118143,0.14545130020923336,0.5131578947368421,0.438,0.7,0.6666666666666666,0.65,0.4232930182572381,Low,4
C000256,P008,Premium Banking,Banking,Premium,False,1,Core Active,Core Relationship Customer,Moderate Risk,Low Cross-Sell Opportunity,Priority 3,0.27231163196265107,0.10864935202889314,0.08506989258767268,0.09805045710809393,0.4605263157894737,0.606,0.7,0.125,0.3,0.35198672576486245,Low,1
C000256,P007,Term Insurance,Insurance,Protection,False,1,Core Active,Core Relationship Customer,Moderate Risk,Low Cross-Sell Opportunity,Priority 3,0.25611310957359884,0.10864935202889314,0.08506989258767268,0.09805045710809393,0.4605263157894737,0.606,0.7,0.125,0.3,0.3479370951675994,Low,2
C000256,P004,Personal Loan,Loan,Lending,False,1,Core Active,Core Relationship Customer,Moderate Risk,Low Cross-Sell Opportunity,Priority 3,0.21482926476598757,0.10864935202889314,0.08506989258767268,0.09805045710809393,0.4605263157894737,0.606,0.7,0.125,0.3,0.33761613396569656,Low,3
C000256,P005,Home Loan,Loan,Lending,False,1,Core Active,Core Relationship Customer,Moderate Risk,Low Cross-Sell Opportunity,Priority 3,0.17716453896582635,0.10864935202889314,0.08506989258767268,0.09805045710809393,0.4605263157894737,0.606,0.7,0.125,0.3,0.32819995251565626,Low,4
C000257,P006,Mutual Fund Plan,Investment,Wealth,False,1,Core Active,Core Relationship Customer,Moderate Risk,Low Cross-Sell Opportunity,Priority 4,0.1712044395652563,0.023117165923093267,0.05274350106692775,0.08082678486155928,0.5131578947368421,0.475,0.7,0.0,0.3,0.29189822728645903,Low,1
C000257,P004,Personal Loan,Loan,Lending,False,1,Core Active,Core Relationship Customer,Moderate Risk,Low Cross-Sell Opportunity,Priority 4,0.1457125763738888,0.023117165923093267,0.05274350106692775,0.08082678486155928,0.5131578947368421,0.475,0.7,0.0,0.3,0.2855252614886172,Low,2
C000257,P005,Home Loan,Loan,Lending,False,1,Core Active,Core Relationship Customer,Moderate Risk,Low Cross-Sell Opportunity,Priority 4,0.0953814918702425,0.023117165923093267,0.05274350106692775,0.08082678486155928,0.5131578947368421,0.475,0.7,0.0,0.3,0.2729424903627056,Low,3
C000258,P007,Term Insurance,Insurance,Protection,False,1,Dormant / Declining,Dormant Reactivation Target,Critical Risk,Low Cross-Sell Opportunity,Priority 4,0.19984568837839228,0.06154663267473975,0.1502836466469407,0.0,0.05263157894736842,0.369,0.25,0.25,0.3,0.1845654854716513,Low,1
C000258,P008,Premium Banking,Banking,Premium,False,1,Dormant / Declining,Dormant Reactivation Target,Critical Risk,Low Cross-Sell Opportunity,Priority 4,0.140577313805459,0.06154663267473975,0.1502836466469407,0.0,0.05263157894736842,0.369,0.25,0.25,0.3,0.16974839182841794,Low,2
C000258,P006,Mutual Fund Plan,Investment,Wealth,False,1,Dormant / Declining,Dormant Reactivation Target,Critical Risk,Low Cross-Sell Opportunity,Priority 4,0.13074800346063142,0.06154663267473975,0.1502836466469407,0.0,0.05263157894736842,0.369,0.25,0.25,0.3,0.16729106424221107,Low,3
C000258,P005,Home Loan,Loan,Lending,False,1,Dormant / Declining,Dormant Reactivation Target,Critical Risk,Low Cross-Sell Opportunity,Priority 4,0.0977516422904952,0.06154663267473975,0.1502836466469407,0.0,0.05263157894736842,0.369,0.25,0.25,0.3,0.159041973949677,Low,4
C000258,P004,Personal Loan,Loan,Lending,False,1,Dormant / Declining,Dormant Reactivation Target,Critical Risk,Low Cross-Sell Opportunity,Priority 4,0.07739492155445395,0.06154663267473975,0.1502836466469407,0.0,0.05263157894736842,0.369,0.25,0.25,0.3,0.15395279376566667,Low,5
C000259,P004,Personal Loan,Loan,Lending,False,1,Premium High-Value,Premium Relationship Customer,Low Risk,Moderate Cross-Sell Opportunity,Priority 2,0.3662584312732684,0.22724399830040365,0.09664839028213769,0.23799431266511356,0.7368421052631579,0.482,1.0,0.0,0.65,0.5082397232678715,Low,1
C000259,P008,Premium Banking,Banking,Premium,False,1,Premium High-Value,Premium Relationship Customer,Low Risk,Moderate Cross-Sell Opportunity,Priority 2,0.3444638973312014,0.22724399830040365,0.09664839028213769,0.23799431266511356,0.7368421052631579,0.482,1.0,0.0,0.65,0.5027910897823548,Low,2
C000259,P006,Mutual Fund Plan,Investment,Wealth,False,1,Premium High-Value,Premium Relationship Customer,Low Risk,Moderate Cross-Sell Opportunity,Priority 2,0.32323746054959224,0.22724399830040365,0.09664839028213769,0.23799431266511356,0.7368421052631579,0.482,1.0,0.0,0.65,0.4974844805869525,Low,3
C000259,P005,Home Loan,Loan,Lending,False,1,Premium High-Value,Premium Relationship Customer,Low Risk,Moderate Cross-Sell Opportunity,Priority 2,0.29463424793778215,0.22724399830040365,0.09664839028213769,0.23799431266511356,0.7368421052631579,0.482,1.0,0.0,0.65,0.4903336774339999,Low,4
C000260,P004,Personal Loan,Loan,Lending,False,1,Premium High-Value,Premium Digital Customer,Low Risk,Moderate Cross-Sell Opportunity,Priority 2,0.5829850684510556,0.5011339494370087,0.08781676437086541,0.6279426070720693,0.7763157894736842,0.754,1.0,0.0,0.65,0.6703204254212183,Medium,1
C000260,P007,Term Insurance,Insurance,Protection,False,1,Premium High-Value,Premium Digital Customer,Low Risk,Moderate Cross-Sell Opportunity,Priority 2,0.5290894001623628,0.5011339494370087,0.08781676437086541,0.6279426070720693,0.7763157894736842,0.754,1.0,0.0,0.65,0.6568465083490451,Medium,2
C000260,P006,Mutual Fund Plan,Investment,Wealth,False,1,Premium High-Value,Premium Digital Customer,Low Risk,Moderate Cross-Sell Opportunity,Priority 2,0.46653231565005393,0.5011339494370087,0.08781676437086541,0.6279426070720693,0.7763157894736842,0.754,1.0,0.0,0.65,0.6412072372209678,Medium,3
C000261,P003,Rewards Credit Card,Credit Card,Cards,False,1,Core Active,Core Digital Customer,High Risk,Moderate Cross-Sell Opportunity,Priority 3,0.32131742429545535,0.03232950924155513,0.03280318195615414,0.0,0.2894736842105263,0.846,0.7,0.0,0.65,0.3723163105537538,Low,1
C000261,P007,Term Insurance,Insurance,Protection,False,1,Core Active,Core Digital Customer,High Risk,Moderate Cross-Sell Opportunity,Priority 3,0.2772878918055156,0.03232950924155513,0.03280318195615414,0.0,0.2894736842105263,0.846,0.7,0.0,0.65,0.36130892743126886,Low,2
C000261,P008,Premium Banking,Banking,Premium,False,1,Core Active,Core Digital Customer,High Risk,Moderate Cross-Sell Opportunity,Priority 3,0.27642781917577997,0.03232950924155513,0.03280318195615414,0.0,0.2894736842105263,0.846,0.7,0.0,0.65,0.361093909273835,Low,3
C000261,P006,Mutual Fund Plan,Investment,Wealth,False,1,Core Active,Core Digital Customer,High Risk,Moderate Cross-Sell Opportunity,Priority 3,0.26085195710681447,0.03232950924155513,0.03280318195615414,0.0,0.2894736842105263,0.846,0.7,0.0,0.65,0.3571999437565936,Low,4
C000261,P004,Personal Loan,Loan,Lending,False,1,Core Active,Core Digital Customer,High Risk,Moderate Cross-Sell Opportunity,Priority 3,0.1526864807010984,0.03232950924155513,0.03280318195615414,0.0,0.2894736842105263,0.846,0.7,0.0,0.65,0.3301585746551646,Low,5
C000261,P005,Home Loan,Loan,Lending,False,1,Core Active,Core Digital Customer,High Risk,Moderate Cross-Sell Opportunity,Priority 3,0.13027606503554662,0.03232950924155513,0.03280318195615414,0.0,0.2894736842105263,0.846,0.7,0.0,0.65,0.3245559707387766,Low,6
C000262,P007,Term Insurance,Insurance,Protection,False,1,Core Active,Core Digital Customer,High Risk,Moderate Cross-Sell Opportunity,Priority 3,0.3615047565361464,0.07670490758444869,0.050527910054619575,0.0,0.2631578947368421,1.0,0.7,0.45,0.65,0.44769085486145266,Low,1
C000262,P003,Rewards Credit Card,Credit Card,Cards,False,1,Core Active,Core Digital Customer,High Risk,Moderate Cross-Sell Opportunity,Priority 3,0.32892964339628206,0.07670490758444869,0.050527910054619575,0.0,0.2631578947368421,1.0,0.7,0.45,0.65,0.4395470765764866,Low,2
C000262,P008,Premium Banking,Banking,Premium,False,1,Core Active,Core Digital Customer,High Risk,Moderate Cross-Sell Opportunity,Priority 3,0.30842262839184414,0.07670490758444869,0.050527910054619575,0.0,0.2631578947368421,1.0,0.7,0.45,0.65,0.4344203228253771,Low,3
C000262,P006,Mutual Fund Plan,Investment,Wealth,False,1,Core Active,Core Digital Customer,High Risk,Moderate Cross-Sell Opportunity,Priority 3,0.2914686054033384,0.07670490758444869,0.050527910054619575,0.0,0.2631578947368421,1.0,0.7,0.45,0.65,0.43018181707825065,Low,4
C000262,P004,Personal Loan,Loan,Lending,False,1,Core Active,Core Digital Customer,High Risk,Moderate Cross-Sell Opportunity,Priority 3,0.18236016876537872,0.07670490758444869,0.050527910054619575,0.0,0.2631578947368421,1.0,0.7,0.45,0.65,0.40290470791876076,Low,5
C000262,P005,Home Loan,Loan,Lending,False,1,Core Active,Core Digital Customer,High Risk,Moderate Cross-Sell Opportunity,Priority 3,0.16745881117910988,0.07670490758444869,0.050527910054619575,0.0,0.2631578947368421,1.0,0.7,0.45,0.65,0.3991793685221935,Low,6
C000263,P007,Term Insurance,Insurance,Protection,False,1,Core Active,Core Relationship Customer,Moderate Risk,Moderate Cross-Sell Opportunity,Priority 2,0.29535771699496177,0.17767686424474188,0.07489871259596499,0.09829669646770339,0.3157894736842105,0.282,0.7,0.5,0.65,0.39244322315032043,Low,1
C000263,P003,Rewards Credit Card,Credit Card,Cards,False,1,Core Active,Core Relationship Customer,Moderate Risk,Moderate Cross-Sell Opportunity,Priority 2,0.25287754773351917,0.17767686424474188,0.07489871259596499,0.09829669646770339,0.3157894736842105,0.282,0.7,0.5,0.65,0.3818231808349597,Low,2
C000263,P006,Mutual Fund Plan,Investment,Wealth,False,1,Core Active,Core Relationship Customer,Moderate Risk,Moderate Cross-Sell Opportunity,Priority 2,0.2173831114864201,0.17767686424474188,0.07489871259596499,0.09829669646770339,0.3157894736842105,0.282,0.7,0.5,0.65,0.372949571773185,Low,3
C000263,P008,Premium Banking,Banking,Premium,False,1,Core Active,Core Relationship Customer,Moderate Risk,Moderate Cross-Sell Opportunity,Priority 2,0.21539115746343154,0.17767686424474188,0.07489871259596499,0.09829669646770339,0.3157894736842105,0.282,0.7,0.5,0.65,0.3724515832674379,Low,4
C000263,P004,Personal Loan,Loan,Lending,False,1,Core Active,Core Relationship Customer,Moderate Risk,Moderate Cross-Sell Opportunity,Priority 2,0.19563096226216561,0.17767686424474188,0.07489871259596499,0.09829669646770339,0.3157894736842105,0.282,0.7,0.5,0.65,0.36751153446712137,Low,5
C000263,P005,Home Loan,Loan,Lending,False,1,Core Active,Core Relationship Customer,Moderate Risk,Moderate Cross-Sell Opportunity,Priority 2,0.1743409953486061,0.17767686424474188,0.07489871259596499,0.09829669646770339,0.3157894736842105,0.282,0.7,0.5,0.65,0.3621890427387314,Low,6
C000264,P003,Rewards Credit Card,Credit Card,Cards,False,1,Premium High-Value,Premium Digital Customer,Low Risk,Moderate Cross-Sell Opportunity,Priority 2,0.6960675887904693,0.43458678563841086,0.1655873970839986,0.28820985387306014,0.7631578947368421,0.964,1.0,0.45,0.65,0.7293079385358258,Medium,1
C000264,P008,Premium Banking,Banking,Premium,False,1,Premium High-Value,Premium Digital Customer,Low Risk,Moderate Cross-Sell Opportunity,Priority 2,0.5035288807120303,0.43458678563841086,0.1655873970839986,0.28820985387306014,0.7631578947368421,0.964,1.0,0.45,0.65,0.681173261516216,Medium,2
C000264,P007,Term Insurance,Insurance,Protection,False,1,Premium High-Value,Premium Digital Customer,Low Risk,Moderate Cross-Sell Opportunity,Priority 2,0.334799044296649,0.43458678563841086,0.1655873970839986,0.28820985387306014,0.7631578947368421,0.964,1.0,0.45,0.65,0.6389908024123707,Medium,3
C000265,P007,Term Insurance,Insurance,Protection,False,1,Premium High-Value,Premium Relationship Customer,Low Risk,Moderate Cross-Sell Opportunity,Priority 2,0.585165634794958,0.5451269386020821,0.3607082066986087,0.4478075352047525,0.7631578947368421,0.744,1.0,0.3,0.65,0.7066904806296823,Medium,1
C000265,P005,Home Loan,Loan,Lending,False,1,Premium High-Value,Premium Relationship Customer,Low Risk,Moderate Cross-Sell Opportunity,Priority 2,0.5751034335144709,0.5451269386020821,0.3607082066986087,0.4478075352047525,0.7631578947368421,0.744,1.0,0.3,0.65,0.7041749303095606,Medium,2
C000266,P003,Rewards Credit Card,Credit Card,Cards,False,1,Core Active,Core Relationship Customer,Low Risk,Moderate Cross-Sell Opportunity,Priority 3,0.26220846745762744,0.05725249628213299,0.05802801571696881,0.054287134717693815,0.5394736842105263,0.227,0.7,0.16666666666666666,0.65,0.3547903354190791,Low,1
C000266,P007,Term Insurance,Insurance,Protection,False,1,Core Active,Core Relationship Customer,Low Risk,Moderate Cross-Sell Opportunity,Priority 3,0.20174129118395437,0.05725249628213299,0.05802801571696881,0.054287134717693815,0.5394736842105263,0.227,0.7,0.16666666666666666,0.65,0.33967354135066086,Low,2
C000266,P004,Personal Loan,Loan,Lending,False,1,Core Active,Core Relationship Customer,Low Risk,Moderate Cross-Sell Opportunity,Priority 3,0.1670459081312775,0.05725249628213299,0.05802801571696881,0.054287134717693815,0.5394736842105263,0.227,0.7,0.16666666666666666,0.65,0.33099969558749165,Low,3
C000266,P008,Premium Banking,Banking,Premium,False,1,Core Active,Core Relationship Customer,Low Risk,Moderate Cross-Sell Opportunity,Priority 3,0.14354411466857894,0.05725249628213299,0.05802801571696881,0.054287134717693815,0.5394736842105263,0.227,0.7,0.16666666666666666,0.65,0.325124247221817,Low,4
C000266,P006,Mutual Fund Plan,Investment,Wealth,False,1,Core Active,Core Relationship Customer,Low Risk,Moderate Cross-Sell Opportunity,Priority 3,0.13966537903639503,0.05725249628213299,0.05802801571696881,0.054287134717693815,0.5394736842105263,0.227,0.7,0.16666666666666666,0.65,0.324154563313771,Low,5
C000266,P005,Home Loan,Loan,Lending,False,1,Core Active,Core Relationship Customer,Low Risk,Moderate Cross-Sell Opportunity,Priority 3,0.11923665341010747,0.05725249628213299,0.05802801571696881,0.054287134717693815,0.5394736842105263,0.227,0.7,0.16666666666666666,0.65,0.31904738190719906,Low,6
C000267,P008,Premium Banking,Banking,Premium,False,1,Core Active,Core Digital Customer,High Risk,Moderate Cross-Sell Opportunity,Priority 3,0.3018252348916973,0.06338963246229021,0.09663581558933568,0.05260971668923471,0.34210526315789475,0.924,0.7,0.0,0.65,0.38935002468906665,Low,1
C000267,P007,Term Insurance,Insurance,Protection,False,1,Core Active,Core Digital Customer,High Risk,Moderate Cross-Sell Opportunity,Priority 3,0.2957140307758728,0.06338963246229021,0.09663581558933568,0.05260971668923471,0.34210526315789475,0.924,0.7,0.0,0.65,0.38782222366011043,Low,2
C000267,P006,Mutual Fund Plan,Investment,Wealth,False,1,Core Active,Core Digital Customer,High Risk,Moderate Cross-Sell Opportunity,Priority 3,0.2694183383399732,0.06338963246229021,0.09663581558933568,0.05260971668923471,0.34210526315789475,0.924,0.7,0.0,0.65,0.38124830055113557,Low,3
C000267,P004,Personal Loan,Loan,Lending,False,1,Core Active,Core Digital Customer,High Risk,Moderate Cross-Sell Opportunity,Priority 3,0.1538345683913409,0.06338963246229021,0.09663581558933568,0.05260971668923471,0.34210526315789475,0.924,0.7,0.0,0.65,0.35235235806397747,Low,4
C000267,P005,Home Loan,Loan,Lending,False,1,Core Active,Core Digital Customer,High Risk,Moderate Cross-Sell Opportunity,Priority 3,0.1320279243681428,0.06338963246229021,0.09663581558933568,0.05260971668923471,0.34210526315789475,0.924,0.7,0.0,0.65,0.34690069705817794,Low,5
C000268,P003,Rewards Credit Card,Credit Card,Cards,False,1,Core Active,Core Relationship Customer,High Risk,Moderate Cross-Sell Opportunity,Priority 3,0.34224771256691816,0.16849904397705545,0.0827977154577555,0.1958490678882382,0.5657894736842105,0.428,0.7,0.25,0.65,0.42943015798977224,Low,1
C000268,P004,Personal Loan,Loan,Lending,False,1,Core Active,Core Relationship Customer,High Risk,Moderate Cross-Sell Opportunity,Priority 3,0.2584005271021318,0.16849904397705545,0.0827977154577555,0.1958490678882382,0.5657894736842105,0.428,0.7,0.25,0.65,0.4084683616235757,Low,2
C000268,P007,Term Insurance,Insurance,Protection,False,1,Core Active,Core Relationship Customer,High Risk,Moderate Cross-Sell Opportunity,Priority 3,0.24844204428018427,0.16849904397705545,0.0827977154577555,0.1958490678882382,0.5657894736842105,0.428,0.7,0.25,0.65,0.4059787409180887,Low,3
C000268,P008,Premium Banking,Banking,Premium,False,1,Core Active,Core Relationship Customer,High Risk,Moderate Cross-Sell Opportunity,Priority 3,0.20363531297007476,0.16849904397705545,0.0827977154577555,0.1958490678882382,0.5657894736842105,0.428,0.7,0.25,0.65,0.3947770580905614,Low,4
C000268,P005,Home Loan,Loan,Lending,False,1,Core Active,Core Relationship Customer,High Risk,Moderate Cross-Sell Opportunity,Priority 3,0.203081282462403,0.16849904397705545,0.0827977154577555,0.1958490678882382,0.5657894736842105,0.428,0.7,0.25,0.65,0.3946385504636435,Low,5
C000268,P006,Mutual Fund Plan,Investment,Wealth,False,1,Core Active,Core Relationship Customer,High Risk,Moderate Cross-Sell Opportunity,Priority 3,0.19660312906202881,0.16849904397705545,0.0827977154577555,0.1958490678882382,0.5657894736842105,0.428,0.7,0.25,0.65,0.39301901211354995,Low,6
C000269,P008,Premium Banking,Banking,Premium,False,1,Core Active,Core Relationship Customer,Moderate Risk,Moderate Cross-Sell Opportunity,Priority 3,0.3127939886860417,0.12584183131506269,0.25184944040870544,0.024113701841982547,0.42105263157894735,0.633,0.7,0.1,0.65,0.377324758171365,Low,1
C000269,P006,Mutual Fund Plan,Investment,Wealth,False,1,Core Active,Core Relationship Customer,Moderate Risk,Moderate Cross-Sell Opportunity,Priority 3,0.28602904615730607,0.12584183131506269,0.25184944040870544,0.024113701841982547,0.42105263157894735,0.633,0.7,0.1,0.65,0.37063352253918114,Low,2
C000269,P005,Home Loan,Loan,Lending,False,1,Core Active,Core Relationship Customer,Moderate Risk,Moderate Cross-Sell Opportunity,Priority 3,0.17877127883876967,0.12584183131506269,0.25184944040870544,0.024113701841982547,0.42105263157894735,0.633,0.7,0.1,0.65,0.34381908070954703,Low,3
C000270,P003,Rewards Credit Card,Credit Card,Cards,False,1,Core Active,Core Relationship Customer,Low Risk,Moderate Cross-Sell Opportunity,Priority 3,0.3893599640643971,0.09350169959634587,0.10113965139458582,0.0,0.5657894736842105,0.705,0.7,0.2,0.65,0.44890875198800007,Low,1
C000270,P007,Term Insurance,Insurance,Protection,False,1,Core Active,Core Relationship Customer,Low Risk,Moderate Cross-Sell Opportunity,Priority 3,0.38044600536726486,0.09350169959634587,0.10113965139458582,0.0,0.5657894736842105,0.705,0.7,0.2,0.65,0.44668026231371694,Low,2
C000270,P008,Premium Banking,Banking,Premium,False,1,Core Active,Core Relationship Customer,Low Risk,Moderate Cross-Sell Opportunity,Priority 3,0.303466038915729,0.09350169959634587,0.10113965139458582,0.0,0.5657894736842105,0.705,0.7,0.2,0.65,0.427435270700833,Low,3
C000270,P006,Mutual Fund Plan,Investment,Wealth,False,1,Core Active,Core Relationship Customer,Low Risk,Moderate Cross-Sell Opportunity,Priority 3,0.28890569408814276,0.09350169959634587,0.10113965139458582,0.0,0.5657894736842105,0.705,0.7,0.2,0.65,0.4237951844939365,Low,4
C000271,P003,Rewards Credit Card,Credit Card,Cards,False,1,Core Active,Core Relationship Customer,Moderate Risk,Low Cross-Sell Opportunity,Priority 3,0.358597432379987,0.14047163798597834,0.0430330438476045,0.139760694591238,0.4868421052631579,0.563,0.7,0.3333333333333333,0.3,0.4204033348149995,Low,1
C000271,P008,Premium Banking,Banking,Premium,False,1,Core Active,Core Relationship Customer,Moderate Risk,Low Cross-Sell Opportunity,Priority 3,0.24087204321414307,0.14047163798597834,0.0430330438476045,0.139760694591238,0.4868421052631579,0.563,0.7,0.3333333333333333,0.3,0.39097198752353846,Low,2
C000271,P006,Mutual Fund Plan,Investment,Wealth,False,1,Core Active,Core Relationship Customer,Moderate Risk,Low Cross-Sell Opportunity,Priority 3,0.23168756045552238,0.14047163798597834,0.0430330438476045,0.139760694591238,0.4868421052631579,0.563,0.7,0.3333333333333333,0.3,0.3886758668338833,Low,3
C000271,P004,Personal Loan,Loan,Lending,False,1,Core Active,Core Relationship Customer,Moderate Risk,Low Cross-Sell Opportunity,Priority 3,0.2308135596679513,0.14047163798597834,0.0430330438476045,0.139760694591238,0.4868421052631579,0.563,0.7,0.3333333333333333,0.3,0.38845736663699054,Low,4
C000271,P005,Home Loan,Loan,Lending,False,1,Core Active,Core Relationship Customer,Moderate Risk,Low Cross-Sell Opportunity,Priority 3,0.1816318181589513,0.14047163798597834,0.0430330438476045,0.139760694591238,0.4868421052631579,0.563,0.7,0.3333333333333333,0.3,0.3761619312597405,Low,5
C000272,P004,Personal Loan,Loan,Lending,False,1,Premium High-Value,Premium Digital Customer,Moderate Risk,Moderate Cross-Sell Opportunity,Priority 2,0.5709782875050182,0.42385808370512,0.33139135832180944,0.37704899649284135,0.7236842105263158,1.0,1.0,0.25,0.65,0.713568820196226,Medium,1
C000272,P007,Term Insurance,Insurance,Protection,False,1,Premium High-Value,Premium Digital Customer,Moderate Risk,Moderate Cross-Sell Opportunity,Priority 2,0.46090300547676843,0.42385808370512,0.33139135832180944,0.37704899649284135,0.7236842105263158,1.0,1.0,0.25,0.65,0.6860499996891636,Medium,2
C000273,P007,Term Insurance,Insurance,Protection,False,1,Core Active,Core Relationship Customer,Critical Risk,Low Cross-Sell Opportunity,Priority 4,0.23540520668632667,0.033301465901848314,0.03823335346448505,0.04856101830021017,0.2631578947368421,0.35,0.7,0.25,0.3,0.28498527906247767,Low,1
C000273,P003,Rewards Credit Card,Credit Card,Cards,False,1,Core Active,Core Relationship Customer,Critical Risk,Low Cross-Sell Opportunity,Priority 4,0.2041635500212955,0.033301465901848314,0.03823335346448505,0.04856101830021017,0.2631578947368421,0.35,0.7,0.25,0.3,0.2771748648962199,Low,2
C000273,P008,Premium Banking,Banking,Premium,False,1,Core Active,Core Relationship Customer,Critical Risk,Low Cross-Sell Opportunity,Priority 4,0.13675162996211032,0.033301465901848314,0.03823335346448505,0.04856101830021017,0.2631578947368421,0.35,0.7,0.25,0.3,0.26032188488142355,Low,3
C000273,P006,Mutual Fund Plan,Investment,Wealth,False,1,Core Active,Core Relationship Customer,Critical Risk,Low Cross-Sell Opportunity,Priority 4,0.12528611272073104,0.033301465901848314,0.03823335346448505,0.04856101830021017,0.2631578947368421,0.35,0.7,0.25,0.3,0.2574555055710787,Low,4
C000273,P004,Personal Loan,Loan,Lending,False,1,Core Active,Core Relationship Customer,Critical Risk,Low Cross-Sell Opportunity,Priority 4,0.09617267367349977,0.033301465901848314,0.03823335346448505,0.04856101830021017,0.2631578947368421,0.35,0.7,0.25,0.3,0.2501771458092709,Low,5
C000273,P005,Home Loan,Loan,Lending,False,1,Core Active,Core Relationship Customer,Critical Risk,Low Cross-Sell Opportunity,Priority 4,0.07240085868455971,0.033301465901848314,0.03823335346448505,0.04856101830021017,0.2631578947368421,0.35,0.7,0.25,0.3,0.2442341920620359,Low,6
C000274,P008,Premium Banking,Banking,Premium,False,1,Premium High-Value,Premium Digital Customer,Moderate Risk,Moderate Cross-Sell Opportunity,Priority 2,0.5273315350537464,0.26812194603781603,0.16867623065200132,0.2203113362620398,0.6578947368421053,1.0,1.0,0.5,0.65,0.6866414834973157,Medium,1
C000274,P006,Mutual Fund Plan,Investment,Wealth,False,1,Premium High-Value,Premium Digital Customer,Moderate Risk,Moderate Cross-Sell Opportunity,Priority 2,0.5034809603411027,0.26812194603781603,0.16867623065200132,0.2203113362620398,0.6578947368421053,1.0,1.0,0.5,0.65,0.6806788398191548,Medium,2
C000274,P007,Term Insurance,Insurance,Protection,False,1,Premium High-Value,Premium Digital Customer,Moderate Risk,Moderate Cross-Sell Opportunity,Priority 2,0.42703092883066696,0.26812194603781603,0.16867623065200132,0.2203113362620398,0.6578947368421053,1.0,1.0,0.5,0.65,0.6615663319415458,Medium,3
C000274,P005,Home Loan,Loan,Lending,False,1,Premium High-Value,Premium Digital Customer,Moderate Risk,Moderate Cross-Sell Opportunity,Priority 2,0.3907144334813194,0.26812194603781603,0.16867623065200132,0.2203113362620398,0.6578947368421053,1.0,1.0,0.5,0.65,0.6524872081042089,Medium,4
C000275,P003,Rewards Credit Card,Credit Card,Cards,False,1,Core Active,Core Relationship Customer,Critical Risk,Low Cross-Sell Opportunity,Priority 4,0.36770833964441185,0.2019917144678139,0.11430814913445944,0.20582666804971889,0.5394736842105263,0.544,0.7,0.0,0.3,0.3876464804362447,Low,1
C000275,P008,Premium Banking,Banking,Premium,False,1,Core Active,Core Relationship Customer,Critical Risk,Low Cross-Sell Opportunity,Priority 4,0.2274169183486952,0.2019917144678139,0.11430814913445944,0.20582666804971889,0.5394736842105263,0.544,0.7,0.0,0.3,0.35257362511231555,Low,2
C000275,P005,Home Loan,Loan,Lending,False,1,Core Active,Core Relationship Customer,Critical Risk,Low Cross-Sell Opportunity,Priority 4,0.19934716623699378,0.2019917144678139,0.11430814913445944,0.20582666804971889,0.5394736842105263,0.544,0.7,0.0,0.3,0.3455561870843902,Low,3
C000276,P008,Premium Banking,Banking,Premium,False,1,Core Active,Core Relationship Customer,Moderate Risk,Moderate Cross-Sell Opportunity,Priority 3,0.25274057249548465,0.10359570851922668,0.018520776012236572,0.09264440513336641,0.4605263157894737,0.686,0.7,0.16666666666666666,0.65,0.3757498988628042,Low,1
C000276,P006,Mutual Fund Plan,Investment,Wealth,False,1,Core Active,Core Relationship Customer,Moderate Risk,Moderate Cross-Sell Opportunity,Priority 3,0.23079689433456513,0.10359570851922668,0.018520776012236572,0.09264440513336641,0.4605263157894737,0.686,0.7,0.16666666666666666,0.65,0.37026397932257427,Low,2
C000276,P007,Term Insurance,Insurance,Protection,False,1,Core Active,Core Relationship Customer,Moderate Risk,Moderate Cross-Sell Opportunity,Priority 3,0.22691671777258365,0.10359570851922668,0.018520776012236572,0.09264440513336641,0.4605263157894737,0.686,0.7,0.16666666666666666,0.65,0.369293935182079,Low,3
C000276,P004,Personal Loan,Loan,Lending,False,1,Core Active,Core Relationship Customer,Moderate Risk,Moderate Cross-Sell Opportunity,Priority 3,0.1815599386594129,0.10359570851922668,0.018520776012236572,0.09264440513336641,0.4605263157894737,0.686,0.7,0.16666666666666666,0.65,0.3579547404037863,Low,4
C000276,P005,Home Loan,Loan,Lending,False,1,Core Active,Core Relationship Customer,Moderate Risk,Moderate Cross-Sell Opportunity,Priority 3,0.1342007683949257,0.10359570851922668,0.018520776012236572,0.09264440513336641,0.4605263157894737,0.686,0.7,0.16666666666666666,0.65,0.3461149478376645,Low,5
C000277,P008,Premium Banking,Banking,Premium,False,1,Premium High-Value,Premium Digital Customer,Low Risk,Moderate Cross-Sell Opportunity,Priority 2,0.5592644061397533,0.26951614616528574,0.3356733905179132,0.3092378541384566,0.5657894736842105,0.832,1.0,0.125,0.65,0.606787751820627,Medium,1
C000277,P006,Mutual Fund Plan,Investment,Wealth,False,1,Premium High-Value,Premium Digital Customer,Low Risk,Moderate Cross-Sell Opportunity,Priority 2,0.5550207279788337,0.26951614616528574,0.3356733905179132,0.3092378541384566,0.5657894736842105,0.832,1.0,0.125,0.65,0.6057268322803971,Medium,2
C000277,P004,Personal Loan,Loan,Lending,False,1,Premium High-Value,Premium Digital Customer,Low Risk,Moderate Cross-Sell Opportunity,Priority 2,0.4982802835090475,0.26951614616528574,0.3356733905179132,0.3092378541384566,0.5657894736842105,0.832,1.0,0.125,0.65,0.5915417211629506,Medium,3
C000278,P003,Rewards Credit Card,Credit Card,Cards,False,1,Core Active,Core Relationship Customer,Moderate Risk,Moderate Cross-Sell Opportunity,Priority 3,0.3815169295915746,0.06990652220097726,0.11620553055947254,0.06448434113916778,0.5,0.771,0.7,0.2,0.65,0.4389605368380891,Low,1
C000278,P007,Term Insurance,Insurance,Protection,False,1,Core Active,Core Relationship Customer,Moderate Risk,Moderate Cross-Sell Opportunity,Priority 3,0.30193726960291445,0.06990652220097726,0.11620553055947254,0.06448434113916778,0.5,0.771,0.7,0.2,0.65,0.4190656218409241,Low,2
C000278,P008,Premium Banking,Banking,Premium,False,1,Core Active,Core Relationship Customer,Moderate Risk,Moderate Cross-Sell Opportunity,Priority 3,0.2813887366780851,0.06990652220097726,0.11620553055947254,0.06448434113916778,0.5,0.771,0.7,0.2,0.65,0.41392848860971676,Low,3
C000278,P006,Mutual Fund Plan,Investment,Wealth,False,1,Core Active,Core Relationship Customer,Moderate Risk,Moderate Cross-Sell Opportunity,Priority 3,0.2586433343792345,0.06990652220097726,0.11620553055947254,0.06448434113916778,0.5,0.771,0.7,0.2,0.65,0.4082421380350041,Low,4
C000278,P004,Personal Loan,Loan,Lending,False,1,Core Active,Core Relationship Customer,Moderate Risk,Moderate Cross-Sell Opportunity,Priority 3,0.19871344757549592,0.06990652220097726,0.11620553055947254,0.06448434113916778,0.5,0.771,0.7,0.2,0.65,0.3932596663340695,Low,5
C000278,P005,Home Loan,Loan,Lending,False,1,Core Active,Core Relationship Customer,Moderate Risk,Moderate Cross-Sell Opportunity,Priority 3,0.16319116915554882,0.06990652220097726,0.11620553055947254,0.06448434113916778,0.5,0.771,0.7,0.2,0.65,0.38437909672908266,Low,6
C000279,P003,Rewards Credit Card,Credit Card,Cards,False,1,Premium High-Value,Premium Relationship Customer,Low Risk,Moderate Cross-Sell Opportunity,Priority 3,0.5766813067090061,0.2614643084767368,0.07674090509145819,0.2061771035709847,0.7631578947368421,0.607,1.0,0.25,0.65,0.6291368725831252,Medium,1
C000279,P004,Personal Loan,Loan,Lending,False,1,Premium High-Value,Premium Relationship Customer,Low Risk,Moderate Cross-Sell Opportunity,Priority 3,0.4284726003820982,0.2614643084767368,0.07674090509145819,0.2061771035709847,0.7631578947368421,0.607,1.0,0.25,0.65,0.5920846960013982,Medium,2
C000279,P008,Premium Banking,Banking,Premium,False,1,Premium High-Value,Premium Relationship Customer,Low Risk,Moderate Cross-Sell Opportunity,Priority 3,0.40287111328288305,0.2614643084767368,0.07674090509145819,0.2061771035709847,0.7631578947368421,0.607,1.0,0.25,0.65,0.5856843242265944,Medium,3
C000279,P007,Term Insurance,Insurance,Protection,False,1,Premium High-Value,Premium Relationship Customer,Low Risk,Moderate Cross-Sell Opportunity,Priority 3,0.3989155642745885,0.2614643084767368,0.07674090509145819,0.2061771035709847,0.7631578947368421,0.607,1.0,0.25,0.65,0.5846954369745209,Medium,4
C000280,P003,Rewards Credit Card,Credit Card,Cards,False,1,Core Active,Core Relationship Customer,Moderate Risk,Moderate Cross-Sell Opportunity,Priority 4,0.31072932355917643,0.003763012534523051,0.06532203613617414,0.007163369302035234,0.3815789473684211,0.743,0.7,0.0,0.65,0.36747177550196186,Low,1
C000280,P008,Premium Banking,Banking,Premium,False,1,Core Active,Core Relationship Customer,Moderate Risk,Moderate Cross-Sell Opportunity,Priority 4,0.22245124620142645,0.003763012534523051,0.06532203613617414,0.007163369302035234,0.3815789473684211,0.743,0.7,0.0,0.65,0.3454022561625244,Low,2
C000280,P006,Mutual Fund Plan,Investment,Wealth,False,1,Core Active,Core Relationship Customer,Moderate Risk,Moderate Cross-Sell Opportunity,Priority 4,0.19679549907498967,0.003763012534523051,0.06532203613617414,0.007163369302035234,0.3815789473684211,0.743,0.7,0.0,0.65,0.3389883193809152,Low,3
C000280,P007,Term Insurance,Insurance,Protection,False,1,Core Active,Core Relationship Customer,Moderate Risk,Moderate Cross-Sell Opportunity,Priority 4,0.1921842519663264,0.003763012534523051,0.06532203613617414,0.007163369302035234,0.3815789473684211,0.743,0.7,0.0,0.65,0.33783550760374936,Low,4
C000280,P004,Personal Loan,Loan,Lending,False,1,Core Active,Core Relationship Customer,Moderate Risk,Moderate Cross-Sell Opportunity,Priority 4,0.12315843113556396,0.003763012534523051,0.06532203613617414,0.007163369302035234,0.3815789473684211,0.743,0.7,0.0,0.65,0.3205790523960588,Low,5
C000280,P005,Home Loan,Loan,Lending,False,1,Core Active,Core Relationship Customer,Moderate Risk,Moderate Cross-Sell Opportunity,Priority 4,0.0942706555156706,0.003763012534523051,0.06532203613617414,0.007163369302035234,0.3815789473684211,0.743,0.7,0.0,0.65,0.31335710849108545,Low,6
C000281,P007,Term Insurance,Insurance,Protection,False,1,Core Active,Core Relationship Customer,Low Risk,Moderate Cross-Sell Opportunity,Priority 3,0.2707989485853317,0.09342734225621414,0.17860150554002543,0.11656139583607841,0.5394736842105263,0.427,0.7,0.7,0.65,0.4375062582291547,Low,1
C000281,P008,Premium Banking,Banking,Premium,False,1,Core Active,Core Relationship Customer,Low Risk,Moderate Cross-Sell Opportunity,Priority 3,0.2525134782382983,0.09342734225621414,0.17860150554002543,0.11656139583607841,0.5394736842105263,0.427,0.7,0.7,0.65,0.4329348906423963,Low,2
C000281,P006,Mutual Fund Plan,Investment,Wealth,False,1,Core Active,Core Relationship Customer,Low Risk,Moderate Cross-Sell Opportunity,Priority 3,0.244381869042896,0.09342734225621414,0.17860150554002543,0.11656139583607841,0.5394736842105263,0.427,0.7,0.7,0.65,0.43090198834354576,Low,3
C000281,P004,Personal Loan,Loan,Lending,False,1,Core Active,Core Relationship Customer,Low Risk,Moderate Cross-Sell Opportunity,Priority 3,0.22568061693098213,0.09342734225621414,0.17860150554002543,0.11656139583607841,0.5394736842105263,0.427,0.7,0.7,0.65,0.42622667531556735,Low,4
C000281,P005,Home Loan,Loan,Lending,False,1,Core Active,Core Relationship Customer,Low Risk,Moderate Cross-Sell Opportunity,Priority 3,0.19153870187013616,0.09342734225621414,0.17860150554002543,0.11656139583607841,0.5394736842105263,0.427,0.7,0.7,0.65,0.4176911965503558,Low,5
C000282,P008,Premium Banking,Banking,Premium,False,1,Premium High-Value,Premium Digital Customer,Moderate Risk,Moderate Cross-Sell Opportunity,Priority 2,0.6553680877573413,0.35634161886551946,0.6404968680282498,0.3404205413154135,0.631578947368421,0.761,1.0,0.6666666666666666,0.65,0.705113854484369,Medium,1
C000282,P006,Mutual Fund Plan,Investment,Wealth,False,1,Premium High-Value,Premium Digital Customer,Moderate Risk,Moderate Cross-Sell Opportunity,Priority 2,0.6400192371826288,0.35634161886551946,0.6404968680282498,0.3404205413154135,0.631578947368421,0.761,1.0,0.6666666666666666,0.65,0.7012766418406908,Medium,2
C000282,P007,Term Insurance,Insurance,Protection,False,1,Premium High-Value,Premium Digital Customer,Moderate Risk,Moderate Cross-Sell Opportunity,Priority 2,0.6373472917090672,0.35634161886551946,0.6404968680282498,0.3404205413154135,0.631578947368421,0.761,1.0,0.6666666666666666,0.65,0.7006086554723004,Medium,3
C000282,P004,Personal Loan,Loan,Lending,False,1,Premium High-Value,Premium Digital Customer,Moderate Risk,Moderate Cross-Sell Opportunity,Priority 2,0.5454803618765223,0.35634161886551946,0.6404968680282498,0.3404205413154135,0.631578947368421,0.761,1.0,0.6666666666666666,0.65,0.6776419230141643,Medium,4
C000283,P008,Premium Banking,Banking,Premium,False,1,Premium High-Value,Premium Digital Customer,Low Risk,High Cross-Sell Opportunity,Priority 2,0.8202880167252625,0.5402060760569365,0.8297452961043252,0.618417769604064,0.6578947368421053,0.958,1.0,0.16666666666666666,1.0,0.7542640965856855,High,1
C000283,P006,Mutual Fund Plan,Investment,Wealth,False,1,Premium High-Value,Premium Digital Customer,Low Risk,High Cross-Sell Opportunity,Priority 2,0.8143420397137682,0.5402060760569365,0.8297452961043252,0.618417769604064,0.6578947368421053,0.958,1.0,0.16666666666666666,1.0,0.752777602332812,High,2
C000283,P005,Home Loan,Loan,Lending,False,1,Premium High-Value,Premium Digital Customer,Low Risk,High Cross-Sell Opportunity,Priority 2,0.7714890350613595,0.5402060760569365,0.8297452961043252,0.618417769604064,0.6578947368421053,0.958,1.0,0.16666666666666666,1.0,0.7420643511697098,Medium,3
C000283,P004,Personal Loan,Loan,Lending,False,1,Premium High-Value,Premium Digital Customer,Low Risk,High Cross-Sell Opportunity,Priority 2,0.747648187487481,0.5402060760569365,0.8297452961043252,0.618417769604064,0.6578947368421053,0.958,1.0,0.16666666666666666,1.0,0.7361041392762402,Medium,4
C000283,P007,Term Insurance,Insurance,Protection,False,1,Premium High-Value,Premium Digital Customer,Low Risk,High Cross-Sell Opportunity,Priority 2,0.6950437427454764,0.5402060760569365,0.8297452961043252,0.618417769604064,0.6578947368421053,0.958,1.0,0.16666666666666666,1.0,0.722953028090739,Medium,5
C000284,P008,Premium Banking,Banking,Premium,False,1,Core Active,Core Relationship Customer,High Risk,Low Cross-Sell Opportunity,Priority 4,0.18846927659264745,0.03168153813469301,0.01372108562911712,0.005370073927877569,0.21052631578947367,0.401,0.7,0.125,0.3,0.25763257414352153,Low,1
C000284,P006,Mutual Fund Plan,Investment,Wealth,False,1,Core Active,Core Relationship Customer,High Risk,Low Cross-Sell Opportunity,Priority 4,0.18278709268460144,0.03168153813469301,0.01372108562911712,0.005370073927877569,0.21052631578947367,0.401,0.7,0.125,0.3,0.25621202816651,Low,2
C000284,P007,Term Insurance,Insurance,Protection,False,1,Core Active,Core Relationship Customer,High Risk,Low Cross-Sell Opportunity,Priority 4,0.14984287029090193,0.03168153813469301,0.01372108562911712,0.005370073927877569,0.21052631578947367,0.401,0.7,0.125,0.3,0.24797597256808518,Low,3
C000284,P004,Personal Loan,Loan,Lending,False,1,Core Active,Core Relationship Customer,High Risk,Low Cross-Sell Opportunity,Priority 4,0.0978453505041078,0.03168153813469301,0.01372108562911712,0.005370073927877569,0.21052631578947367,0.401,0.7,0.125,0.3,0.2349765926213866,Low,4
C000284,P005,Home Loan,Loan,Lending,False,1,Core Active,Core Relationship Customer,High Risk,Low Cross-Sell Opportunity,Priority 4,0.07989795128347488,0.03168153813469301,0.01372108562911712,0.005370073927877569,0.21052631578947367,0.401,0.7,0.125,0.3,0.23048974281622842,Low,5
C000285,P008,Premium Banking,Banking,Premium,False,1,Premium High-Value,Premium Digital Customer,Low Risk,Moderate Cross-Sell Opportunity,Priority 3,0.5176846736386935,0.43376354365838116,0.11810291198448562,0.41633048218993235,0.7368421052631579,0.954,1.0,0.0,0.65,0.6746001929308233,Medium,1
C000285,P005,Home Loan,Loan,Lending,False,1,Premium High-Value,Premium Digital Customer,Low Risk,Moderate Cross-Sell Opportunity,Priority 3,0.4325653726210881,0.43376354365838116,0.11810291198448562,0.41633048218993235,0.7368421052631579,0.954,1.0,0.0,0.65,0.653320367676422,Medium,2
C000286,P008,Premium Banking,Banking,Premium,False,1,Premium High-Value,Premium Digital Customer,Low Risk,Moderate Cross-Sell Opportunity,Priority 2,0.5365810963926,0.3462794773741236,0.36638777628084596,0.46406307091787014,0.8421052631578947,0.768,1.0,0.0,0.65,0.6590169590466589,Medium,1
C000286,P007,Term Insurance,Insurance,Protection,False,1,Premium High-Value,Premium Digital Customer,Low Risk,Moderate Cross-Sell Opportunity,Priority 2,0.4536089314331848,0.3462794773741236,0.36638777628084596,0.46406307091787014,0.8421052631578947,0.768,1.0,0.0,0.65,0.6382739178068052,Medium,2
C000287,P004,Personal Loan,Loan,Lending,False,1,Premium High-Value,Premium Relationship Customer,High Risk,Moderate Cross-Sell Opportunity,Priority 3,0.4631432898651886,0.34806405353728487,0.23677238373910586,0.3448977055351057,0.7763157894736842,0.351,1.0,0.0,0.65,0.5494460015948067,Low,1
C000287,P005,Home Loan,Loan,Lending,False,1,Premium High-Value,Premium Relationship Customer,High Risk,Moderate Cross-Sell Opportunity,Priority 3,0.40394100060203975,0.34806405353728487,0.23677238373910586,0.3448977055351057,0.7763157894736842,0.351,1.0,0.0,0.65,0.5346454292790196,Low,2
C000287,P008,Premium Banking,Banking,Premium,False,1,Premium High-Value,Premium Relationship Customer,High Risk,Moderate Cross-Sell Opportunity,Priority 3,0.3986520829288386,0.34806405353728487,0.23677238373910586,0.3448977055351057,0.7763157894736842,0.351,1.0,0.0,0.65,0.5333231998607193,Low,3
C000287,P006,Mutual Fund Plan,Investment,Wealth,False,1,Premium High-Value,Premium Relationship Customer,High Risk,Moderate Cross-Sell Opportunity,Priority 3,0.3874239220092983,0.34806405353728487,0.23677238373910586,0.3448977055351057,0.7763157894736842,0.351,1.0,0.0,0.65,0.5305161596308342,Low,4
C000288,P007,Term Insurance,Insurance,Protection,False,1,Core Active,Core Relationship Customer,Critical Risk,Low Cross-Sell Opportunity,Priority 3,0.24373907084507623,0.04332908434246866,0.010671373327609519,0.007900218391416849,0.23684210526315788,0.778,0.7,0.5833333333333333,0.3,0.3612602337025698,Low,1
C000288,P008,Premium Banking,Banking,Premium,False,1,Core Active,Core Relationship Customer,Critical Risk,Low Cross-Sell Opportunity,Priority 3,0.21919828623303914,0.04332908434246866,0.010671373327609519,0.007900218391416849,0.23684210526315788,0.778,0.7,0.5833333333333333,0.3,0.35512503754956054,Low,2
C000288,P006,Mutual Fund Plan,Investment,Wealth,False,1,Core Active,Core Relationship Customer,Critical Risk,Low Cross-Sell Opportunity,Priority 3,0.19581552761234947,0.04332908434246866,0.010671373327609519,0.007900218391416849,0.23684210526315788,0.778,0.7,0.5833333333333333,0.3,0.34927934789438814,Low,3
C000288,P004,Personal Loan,Loan,Lending,False,1,Core Active,Core Relationship Customer,Critical Risk,Low Cross-Sell Opportunity,Priority 3,0.11009962017072802,0.04332908434246866,0.010671373327609519,0.007900218391416849,0.23684210526315788,0.778,0.7,0.5833333333333333,0.3,0.3278503710339828,Low,4
C000288,P005,Home Loan,Loan,Lending,False,1,Core Active,Core Relationship Customer,Critical Risk,Low Cross-Sell Opportunity,Priority 3,0.08939254802153541,0.04332908434246866,0.010671373327609519,0.007900218391416849,0.23684210526315788,0.778,0.7,0.5833333333333333,0.3,0.3226736029966846,Low,5
C000289,P007,Term Insurance,Insurance,Protection,False,1,At Risk,At-Risk Declining Customer,Critical Risk,Low Cross-Sell Opportunity,Priority 3,0.32636219235522385,0.03899776927979605,0.03921487809708571,0.004417823804757885,0.09210526315789473,0.155,0.45,0.5,0.3,0.2512058914184494,Low,1
C000289,P006,Mutual Fund Plan,Investment,Wealth,False,1,At Risk,At-Risk Declining Customer,Critical Risk,Low Cross-Sell Opportunity,Priority 3,0.1671851133875794,0.03899776927979605,0.03921487809708571,0.004417823804757885,0.09210526315789473,0.155,0.45,0.5,0.3,0.21141162167653826,Low,2
C000289,P004,Personal Loan,Loan,Lending,False,1,At Risk,At-Risk Declining Customer,Critical Risk,Low Cross-Sell Opportunity,Priority 3,0.1411965247186184,0.03899776927979605,0.03921487809708571,0.004417823804757885,0.09210526315789473,0.155,0.45,0.5,0.3,0.20491447450929806,Low,3
C000289,P008,Premium Banking,Banking,Premium,False,1,At Risk,At-Risk Declining Customer,Critical Risk,Low Cross-Sell Opportunity,Priority 3,0.1401649984450507,0.03899776927979605,0.03921487809708571,0.004417823804757885,0.09210526315789473,0.155,0.45,0.5,0.3,0.2046565929409061,Low,4
C000289,P005,Home Loan,Loan,Lending,False,1,At Risk,At-Risk Declining Customer,Critical Risk,Low Cross-Sell Opportunity,Priority 3,0.1393763362009058,0.03899776927979605,0.03921487809708571,0.004417823804757885,0.09210526315789473,0.155,0.45,0.5,0.3,0.20445942737986988,Low,5
C000289,P003,Rewards Credit Card,Credit Card,Cards,False,1,At Risk,At-Risk Declining Customer,Critical Risk,Low Cross-Sell Opportunity,Priority 3,0.08315155876494486,0.03899776927979605,0.03921487809708571,0.004417823804757885,0.09210526315789473,0.155,0.45,0.5,0.3,0.19040323302087964,Low,6
C000290,P003,Rewards Credit Card,Credit Card,Cards,False,1,Core Active,Core Relationship Customer,High Risk,Moderate Cross-Sell Opportunity,Priority 3,0.3000326925906547,0.019805608667941364,0.030427263610620446,0.0030104747513543194,0.25,0.689,0.7,0.0,0.65,0.32286929488125193,Low,1
C000290,P008,Premium Banking,Banking,Premium,False,1,Core Active,Core Relationship Customer,High Risk,Moderate Cross-Sell Opportunity,Priority 3,0.2428114279820303,0.019805608667941364,0.030427263610620446,0.0030104747513543194,0.25,0.689,0.7,0.0,0.65,0.3085639787290958,Low,2
C000290,P006,Mutual Fund Plan,Investment,Wealth,False,1,Core Active,Core Relationship Customer,High Risk,Moderate Cross-Sell Opportunity,Priority 3,0.2218671751084671,0.019805608667941364,0.030427263610620446,0.0030104747513543194,0.25,0.689,0.7,0.0,0.65,0.30332791551070504,Low,3
C000290,P007,Term Insurance,Insurance,Protection,False,1,Core Active,Core Relationship Customer,High Risk,Moderate Cross-Sell Opportunity,Priority 3,0.19042660454285584,0.019805608667941364,0.030427263610620446,0.0030104747513543194,0.25,0.689,0.7,0.0,0.65,0.29546777286930226,Low,4
C000290,P004,Personal Loan,Loan,Lending,False,1,Core Active,Core Relationship Customer,High Risk,Moderate Cross-Sell Opportunity,Priority 3,0.1016251084715567,0.019805608667941364,0.030427263610620446,0.0030104747513543194,0.25,0.689,0.7,0.0,0.65,0.27326739885147744,Low,5
C000290,P005,Home Loan,Loan,Lending,False,1,Core Active,Core Relationship Customer,High Risk,Moderate Cross-Sell Opportunity,Priority 3,0.0818784309714114,0.019805608667941364,0.030427263610620446,0.0030104747513543194,0.25,0.689,0.7,0.0,0.65,0.2683307294764411,Low,6
C000291,P007,Term Insurance,Insurance,Protection,False,1,Core Active,Core Relationship Customer,Low Risk,Moderate Cross-Sell Opportunity,Priority 3,0.37889716411342617,0.16065434459315914,0.01925150538284176,0.11400134754139112,0.32894736842105265,0.328,0.7,0.0,0.65,0.36649726521014625,Low,1
C000291,P003,Rewards Credit Card,Credit Card,Cards,False,1,Core Active,Core Relationship Customer,Low Risk,Moderate Cross-Sell Opportunity,Priority 3,0.28799566536920806,0.16065434459315914,0.01925150538284176,0.11400134754139112,0.32894736842105265,0.328,0.7,0.0,0.65,0.34377189052409174,Low,2
C000291,P006,Mutual Fund Plan,Investment,Wealth,False,1,Core Active,Core Relationship Customer,Low Risk,Moderate Cross-Sell Opportunity,Priority 3,0.28683597688484086,0.16065434459315914,0.01925150538284176,0.11400134754139112,0.32894736842105265,0.328,0.7,0.0,0.65,0.34348196840299994,Low,3
C000291,P008,Premium Banking,Banking,Premium,False,1,Core Active,Core Relationship Customer,Low Risk,Moderate Cross-Sell Opportunity,Priority 3,0.26415551711472596,0.16065434459315914,0.01925150538284176,0.11400134754139112,0.32894736842105265,0.328,0.7,0.0,0.65,0.33781185346047127,Low,4
C000291,P004,Personal Loan,Loan,Lending,False,1,Core Active,Core Relationship Customer,Low Risk,Moderate Cross-Sell Opportunity,Priority 3,0.2569151516882076,0.16065434459315914,0.01925150538284176,0.11400134754139112,0.32894736842105265,0.328,0.7,0.0,0.65,0.3360017621038416,Low,5
C000291,P005,Home Loan,Loan,Lending,False,1,Core Active,Core Relationship Customer,Low Risk,Moderate Cross-Sell Opportunity,Priority 3,0.2235407231290474,0.16065434459315914,0.01925150538284176,0.11400134754139112,0.32894736842105265,0.328,0.7,0.0,0.65,0.3276581549640516,Low,6
C000292,P003,Rewards Credit Card,Credit Card,Cards,False,1,Premium High-Value,Premium Relationship Customer,Moderate Risk,Moderate Cross-Sell Opportunity,Priority 3,0.5083166793087102,0.26518217548332274,0.2984264518443407,0.19595746927614974,0.5657894736842105,0.586,1.0,0.0,0.65,0.5560840259764737,Medium,1
C000292,P008,Premium Banking,Banking,Premium,False,1,Premium High-Value,Premium Relationship Customer,Moderate Risk,Moderate Cross-Sell Opportunity,Priority 3,0.43335348215903724,0.26518217548332274,0.2984264518443407,0.19595746927614974,0.5657894736842105,0.586,1.0,0.0,0.65,0.5373432266890554,Low,2
C000292,P004,Personal Loan,Loan,Lending,False,1,Premium High-Value,Premium Relationship Customer,Moderate Risk,Moderate Cross-Sell Opportunity,Priority 3,0.3721852503930303,0.26518217548332274,0.2984264518443407,0.19595746927614974,0.5657894736842105,0.586,1.0,0.0,0.65,0.5220511687475538,Low,3
C000292,P007,Term Insurance,Insurance,Protection,False,1,Premium High-Value,Premium Relationship Customer,Moderate Risk,Moderate Cross-Sell Opportunity,Priority 3,0.3623313317666357,0.26518217548332274,0.2984264518443407,0.19595746927614974,0.5657894736842105,0.586,1.0,0.0,0.65,0.5195876890909551,Low,4
C000293,P007,Term Insurance,Insurance,Protection,False,1,Premium High-Value,Premium Relationship Customer,Moderate Risk,Moderate Cross-Sell Opportunity,Priority 2,0.4687895455291403,0.2690593796473338,0.21435345295824887,0.23116128724779159,0.7236842105263158,0.642,1.0,0.6,0.65,0.6362618938906992,Medium,1
C000293,P004,Personal Loan,Loan,Lending,False,1,Premium High-Value,Premium Relationship Customer,Moderate Risk,Moderate Cross-Sell Opportunity,Priority 2,0.45625372449620716,0.2690593796473338,0.21435345295824887,0.23116128724779159,0.7236842105263158,0.642,1.0,0.6,0.65,0.633127938632466,Medium,2
C000293,P008,Premium Banking,Banking,Premium,False,1,Premium High-Value,Premium Relationship Customer,Moderate Risk,Moderate Cross-Sell Opportunity,Priority 2,0.4476610861463882,0.2690593796473338,0.21435345295824887,0.23116128724779159,0.7236842105263158,0.642,1.0,0.6,0.65,0.6309797790450113,Medium,3
C000293,P006,Mutual Fund Plan,Investment,Wealth,False,1,Premium High-Value,Premium Relationship Customer,Moderate Risk,Moderate Cross-Sell Opportunity,Priority 2,0.439699017180871,0.2690593796473338,0.21435345295824887,0.23116128724779159,0.7236842105263158,0.642,1.0,0.6,0.65,0.6289892618036319,Medium,4
C000294,P003,Rewards Credit Card,Credit Card,Cards,False,1,Premium High-Value,Premium Relationship Customer,Low Risk,Moderate Cross-Sell Opportunity,Priority 2,0.5050733048641395,0.3224293605268749,0.1778257168535464,0.27300562472374,0.39473684210526316,0.618,1.0,0.6666666666666666,0.65,0.610931391303866,Medium,1
C000294,P008,Premium Banking,Banking,Premium,False,1,Premium High-Value,Premium Relationship Customer,Low Risk,Moderate Cross-Sell Opportunity,Priority 2,0.43292644408238223,0.3224293605268749,0.1778257168535464,0.27300562472374,0.39473684210526316,0.618,1.0,0.6666666666666666,0.65,0.5928946761084266,Medium,2
C000294,P004,Personal Loan,Loan,Lending,False,1,Premium High-Value,Premium Relationship Customer,Low Risk,Moderate Cross-Sell Opportunity,Priority 2,0.3800546073277571,0.3224293605268749,0.1778257168535464,0.27300562472374,0.39473684210526316,0.618,1.0,0.6666666666666666,0.65,0.5796767169197704,Medium,3
C000294,P007,Term Insurance,Insurance,Protection,False,1,Premium High-Value,Premium Relationship Customer,Low Risk,Moderate Cross-Sell Opportunity,Priority 2,0.35928243545675653,0.3224293605268749,0.1778257168535464,0.27300562472374,0.39473684210526316,0.618,1.0,0.6666666666666666,0.65,0.5744836739520203,Medium,4
C000294,P005,Home Loan,Loan,Lending,False,1,Premium High-Value,Premium Relationship Customer,Low Risk,Moderate Cross-Sell Opportunity,Priority 2,0.35607568619923247,0.3224293605268749,0.1778257168535464,0.27300562472374,0.39473684210526316,0.618,1.0,0.6666666666666666,0.65,0.5736819866376393,Medium,5
C000295,P007,Term Insurance,Insurance,Protection,False,1,Core Active,Core Relationship Customer,Low Risk,Moderate Cross-Sell Opportunity,Priority 3,0.3459824965446955,0.15019120458891014,0.10912143765065617,0.04607900031492473,0.35526315789473684,0.338,0.7,0.2,0.65,0.3811233387381664,Low,1
C000295,P008,Premium Banking,Banking,Premium,False,1,Core Active,Core Relationship Customer,Low Risk,Moderate Cross-Sell Opportunity,Priority 3,0.25267890916047053,0.15019120458891014,0.10912143765065617,0.04607900031492473,0.35526315789473684,0.338,0.7,0.2,0.65,0.35779744189211016,Low,2
C000295,P006,Mutual Fund Plan,Investment,Wealth,False,1,Core Active,Core Relationship Customer,Low Risk,Moderate Cross-Sell Opportunity,Priority 3,0.25100879421794176,0.15019120458891014,0.10912143765065617,0.04607900031492473,0.35526315789473684,0.338,0.7,0.2,0.65,0.357379913156478,Low,3
C000295,P004,Personal Loan,Loan,Lending,False,1,Core Active,Core Relationship Customer,Low Risk,Moderate Cross-Sell Opportunity,Priority 3,0.1873836638386176,0.15019120458891014,0.10912143765065617,0.04607900031492473,0.35526315789473684,0.338,0.7,0.2,0.65,0.3414736305616469,Low,4
C000295,P005,Home Loan,Loan,Lending,False,1,Core Active,Core Relationship Customer,Low Risk,Moderate Cross-Sell Opportunity,Priority 3,0.17112722389469537,0.15019120458891014,0.10912143765065617,0.04607900031492473,0.35526315789473684,0.338,0.7,0.2,0.65,0.3374095205756664,Low,5
C000296,P003,Rewards Credit Card,Credit Card,Cards,False,1,Premium High-Value,Premium Digital Customer,Low Risk,Moderate Cross-Sell Opportunity,Priority 2,0.8770743205182846,0.7005922031017633,0.23470244958508754,0.8920784751288902,0.75,0.844,1.0,0.16666666666666666,0.65,0.8054536874165905,High,1
C000296,P005,Home Loan,Loan,Lending,False,1,Premium High-Value,Premium Digital Customer,Low Risk,Moderate Cross-Sell Opportunity,Priority 2,0.6175844741636878,0.7005922031017633,0.23470244958508754,0.8920784751288902,0.75,0.844,1.0,0.16666666666666666,0.65,0.7405812258279414,Medium,2
C000296,P008,Premium Banking,Banking,Premium,False,1,Premium High-Value,Premium Digital Customer,Low Risk,Moderate Cross-Sell Opportunity,Priority 2,0.6054912129260994,0.7005922031017633,0.23470244958508754,0.8920784751288902,0.75,0.844,1.0,0.16666666666666666,0.65,0.7375579105185442,Medium,3
C000296,P006,Mutual Fund Plan,Investment,Wealth,False,1,Premium High-Value,Premium Digital Customer,Low Risk,Moderate Cross-Sell Opportunity,Priority 2,0.5825440864893179,0.7005922031017633,0.23470244958508754,0.8920784751288902,0.75,0.844,1.0,0.16666666666666666,0.65,0.7318211289093489,Medium,4
C000297,P008,Premium Banking,Banking,Premium,False,1,Premium High-Value,Premium Digital Customer,Low Risk,Moderate Cross-Sell Opportunity,Priority 2,0.5059571308649212,0.26225833864457193,0.31123202997806765,0.3093266311371773,0.7631578947368421,0.931,1.0,0.5833333333333333,0.65,0.6573479679890043,Medium,1
C000297,P006,Mutual Fund Plan,Investment,Wealth,False,1,Premium High-Value,Premium Digital Customer,Low Risk,Moderate Cross-Sell Opportunity,Priority 2,0.47090138373848445,0.26225833864457193,0.31123202997806765,0.3093266311371773,0.7631578947368421,0.931,1.0,0.5833333333333333,0.65,0.6485840312073952,Medium,2
C000297,P004,Personal Loan,Loan,Lending,False,1,Premium High-Value,Premium Digital Customer,Low Risk,Moderate Cross-Sell Opportunity,Priority 2,0.4543419698855753,0.26225833864457193,0.31123202997806765,0.3093266311371773,0.7631578947368421,0.931,1.0,0.5833333333333333,0.65,0.6444441777441678,Medium,3
C000297,P005,Home Loan,Loan,Lending,False,1,Premium High-Value,Premium Digital Customer,Low Risk,Moderate Cross-Sell Opportunity,Priority 2,0.4068912387271121,0.26225833864457193,0.31123202997806765,0.3093266311371773,0.7631578947368421,0.931,1.0,0.5833333333333333,0.65,0.6325814949545521,Medium,4
C000297,P007,Term Insurance,Insurance,Protection,False,1,Premium High-Value,Premium Digital Customer,Low Risk,Moderate Cross-Sell Opportunity,Priority 2,0.40197835947966876,0.26225833864457193,0.31123202997806765,0.3093266311371773,0.7631578947368421,0.931,1.0,0.5833333333333333,0.65,0.6313532751426912,Medium,5
C000298,P007,Term Insurance,Insurance,Protection,False,1,Dormant / Declining,Dormant Reactivation Target,Critical Risk,Low Cross-Sell Opportunity,Priority 3,0.3412062815620904,0.08521351179094964,0.08993560010800264,0.0,0.09210526315789473,0.379,0.25,0.125,0.3,0.21906006222239677,Low,1
C000298,P006,Mutual Fund Plan,Investment,Wealth,False,1,Dormant / Declining,Dormant Reactivation Target,Critical Risk,Low Cross-Sell Opportunity,Priority 3,0.27272602228993786,0.08521351179094964,0.08993560010800264,0.0,0.09210526315789473,0.379,0.25,0.125,0.3,0.20193999740435864,Low,2
C000298,P008,Premium Banking,Banking,Premium,False,1,Dormant / Declining,Dormant Reactivation Target,Critical Risk,Low Cross-Sell Opportunity,Priority 3,0.2583426889566045,0.08521351179094964,0.08993560010800264,0.0,0.09210526315789473,0.379,0.25,0.125,0.3,0.1983441640710253,Low,3
C000298,P003,Rewards Credit Card,Credit Card,Cards,False,1,Dormant / Declining,Dormant Reactivation Target,Critical Risk,Low Cross-Sell Opportunity,Priority 3,0.1893928512729682,0.08521351179094964,0.08993560010800264,0.0,0.09210526315789473,0.379,0.25,0.125,0.3,0.1811067046501162,Low,4
C000298,P005,Home Loan,Loan,Lending,False,1,Dormant / Declining,Dormant Reactivation Target,Critical Risk,Low Cross-Sell Opportunity,Priority 3,0.16601593547502264,0.08521351179094964,0.08993560010800264,0.0,0.09210526315789473,0.379,0.25,0.125,0.3,0.1752624757006298,Low,5
C000298,P004,Personal Loan,Loan,Lending,False,1,Dormant / Declining,Dormant Reactivation Target,Critical Risk,Low Cross-Sell Opportunity,Priority 3,0.15747544618506423,0.08521351179094964,0.08993560010800264,0.0,0.09210526315789473,0.379,0.25,0.125,0.3,0.17312735337814023,Low,6
C000299,P008,Premium Banking,Banking,Premium,False,1,Core Active,Core Relationship Customer,Low Risk,Moderate Cross-Sell Opportunity,Priority 3,0.2684475547174997,0.10075154025918845,0.012515312308214104,0.12527462463683198,0.6710526315789473,0.65,0.7,0.0,0.65,0.4104200914680547,Low,1
C000299,P006,Mutual Fund Plan,Investment,Wealth,False,1,Core Active,Core Relationship Customer,Low Risk,Moderate Cross-Sell Opportunity,Priority 3,0.25749927885543067,0.10075154025918845,0.012515312308214104,0.12527462463683198,0.6710526315789473,0.65,0.7,0.0,0.65,0.4076830225025374,Low,2
C000299,P004,Personal Loan,Loan,Lending,False,1,Core Active,Core Relationship Customer,Low Risk,Moderate Cross-Sell Opportunity,Priority 3,0.2560233825809376,0.10075154025918845,0.012515312308214104,0.12527462463683198,0.6710526315789473,0.65,0.7,0.0,0.65,0.40731404843391417,Low,3
C000299,P007,Term Insurance,Insurance,Protection,False,1,Core Active,Core Relationship Customer,Low Risk,Moderate Cross-Sell Opportunity,Priority 3,0.2148087552299648,0.10075154025918845,0.012515312308214104,0.12527462463683198,0.6710526315789473,0.65,0.7,0.0,0.65,0.397010391596171,Low,4
C000299,P005,Home Loan,Loan,Lending,False,1,Core Active,Core Relationship Customer,Low Risk,Moderate Cross-Sell Opportunity,Priority 3,0.18330553081855122,0.10075154025918845,0.012515312308214104,0.12527462463683198,0.6710526315789473,0.65,0.7,0.0,0.65,0.3891345854933176,Low,5
C000300,P003,Rewards Credit Card,Credit Card,Cards,False,1,Core Active,Core Relationship Customer,Low Risk,Moderate Cross-Sell Opportunity,Priority 3,0.31270280603795786,0.0933901635861483,0.0487939996360325,0.03552341516703626,0.5526315789473685,0.408,0.7,0.2,0.65,0.39804847106882446,Low,1
C000300,P007,Term Insurance,Insurance,Protection,False,1,Core Active,Core Relationship Customer,Low Risk,Moderate Cross-Sell Opportunity,Priority 3,0.2736845571863222,0.0933901635861483,0.0487939996360325,0.03552341516703626,0.5526315789473685,0.408,0.7,0.2,0.65,0.3882939088559155,Low,2
C000300,P008,Premium Banking,Banking,Premium,False,1,Core Active,Core Relationship Customer,Low Risk,Moderate Cross-Sell Opportunity,Priority 3,0.19181569047188327,0.0933901635861483,0.0487939996360325,0.03552341516703626,0.5526315789473685,0.408,0.7,0.2,0.65,0.3678266921773058,Low,3
C000300,P006,Mutual Fund Plan,Investment,Wealth,False,1,Core Active,Core Relationship Customer,Low Risk,Moderate Cross-Sell Opportunity,Priority 3,0.1800363801270557,0.0933901635861483,0.0487939996360325,0.03552341516703626,0.5526315789473685,0.408,0.7,0.2,0.65,0.36488186459109884,Low,4
C000300,P004,Personal Loan,Loan,Lending,False,1,Core Active,Core Relationship Customer,Low Risk,Moderate Cross-Sell Opportunity,Priority 3,0.17882921680964753,0.0933901635861483,0.0487939996360325,0.03552341516703626,0.5526315789473685,0.408,0.7,0.2,0.65,0.36458007376174684,Low,5
C000300,P005,Home Loan,Loan,Lending,False,1,Core Active,Core Relationship Customer,Low Risk,Moderate Cross-Sell Opportunity,Priority 3,0.13200232552291938,0.0933901635861483,0.0487939996360325,0.03552341516703626,0.5526315789473685,0.408,0.7,0.2,0.65,0.3528733509400648,Low,6
C000301,P007,Term Insurance,Insurance,Protection,False,1,Core Active,Core Relationship Customer,Moderate Risk,Moderate Cross-Sell Opportunity,Priority 2,0.3237978170293692,0.07143350329296792,0.16103361180456272,0.03642193184356185,0.2894736842105263,0.676,0.7,0.16666666666666666,0.65,0.38042387421418156,Low,1
C000301,P003,Rewards Credit Card,Credit Card,Cards,False,1,Core Active,Core Relationship Customer,Moderate Risk,Moderate Cross-Sell Opportunity,Priority 2,0.32195226294450946,0.07143350329296792,0.16103361180456272,0.03642193184356185,0.2894736842105263,0.676,0.7,0.16666666666666666,0.65,0.37996248569296653,Low,2
C000301,P008,Premium Banking,Banking,Premium,False,1,Core Active,Core Relationship Customer,Moderate Risk,Moderate Cross-Sell Opportunity,Priority 2,0.3081409485160756,0.07143350329296792,0.16103361180456272,0.03642193184356185,0.2894736842105263,0.676,0.7,0.16666666666666666,0.65,0.37650965708585815,Low,3
C000301,P006,Mutual Fund Plan,Investment,Wealth,False,1,Core Active,Core Relationship Customer,Moderate Risk,Moderate Cross-Sell Opportunity,Priority 2,0.2924443967919376,0.07143350329296792,0.16103361180456272,0.03642193184356185,0.2894736842105263,0.676,0.7,0.16666666666666666,0.65,0.37258551915482363,Low,4
C000301,P004,Personal Loan,Loan,Lending,False,1,Core Active,Core Relationship Customer,Moderate Risk,Moderate Cross-Sell Opportunity,Priority 2,0.16507456079697863,0.07143350329296792,0.16103361180456272,0.03642193184356185,0.2894736842105263,0.676,0.7,0.16666666666666666,0.65,0.3407430601560839,Low,5
C000301,P005,Home Loan,Loan,Lending,False,1,Core Active,Core Relationship Customer,Moderate Risk,Moderate Cross-Sell Opportunity,Priority 2,0.16021171612690263,0.07143350329296792,0.16103361180456272,0.03642193184356185,0.2894736842105263,0.676,0.7,0.16666666666666666,0.65,0.33952734898856485,Low,6
C000302,P007,Term Insurance,Insurance,Protection,False,1,Core Active,Core Relationship Customer,Low Risk,Moderate Cross-Sell Opportunity,Priority 3,0.2945107266588667,0.058004036541321434,0.08914479164956567,0.054860447230484714,0.4868421052631579,0.544,0.7,0.0,0.65,0.37015480476245466,Low,1
C000302,P006,Mutual Fund Plan,Investment,Wealth,False,1,Core Active,Core Relationship Customer,Low Risk,Moderate Cross-Sell Opportunity,Priority 3,0.2828008538702289,0.058004036541321434,0.08914479164956567,0.054860447230484714,0.4868421052631579,0.544,0.7,0.0,0.65,0.36722733656529527,Low,2
C000302,P008,Premium Banking,Banking,Premium,False,1,Core Active,Core Relationship Customer,Low Risk,Moderate Cross-Sell Opportunity,Priority 3,0.27954108375528636,0.058004036541321434,0.08914479164956567,0.054860447230484714,0.4868421052631579,0.544,0.7,0.0,0.65,0.36641239403655956,Low,3
C000302,P004,Personal Loan,Loan,Lending,False,1,Core Active,Core Relationship Customer,Low Risk,Moderate Cross-Sell Opportunity,Priority 3,0.23049275055338742,0.058004036541321434,0.08914479164956567,0.054860447230484714,0.4868421052631579,0.544,0.7,0.0,0.65,0.35415031073608483,Low,4
C000302,P005,Home Loan,Loan,Lending,False,1,Core Active,Core Relationship Customer,Low Risk,Moderate Cross-Sell Opportunity,Priority 3,0.19259441587852408,0.058004036541321434,0.08914479164956567,0.054860447230484714,0.4868421052631579,0.544,0.7,0.0,0.65,0.34467572706736904,Low,5
C000303,P008,Premium Banking,Banking,Premium,False,1,Core Active,Core Digital Customer,Moderate Risk,Moderate Cross-Sell Opportunity,Priority 3,0.27125234014099114,0.10054174633524537,0.050533149509953745,0.05454785874551559,0.47368421052631576,0.697,0.7,0.6,0.65,0.4461740658812442,Low,1
C000303,P006,Mutual Fund Plan,Investment,Wealth,False,1,Core Active,Core Digital Customer,Moderate Risk,Moderate Cross-Sell Opportunity,Priority 3,0.24358624818696817,0.10054174633524537,0.050533149509953745,0.05454785874551559,0.47368421052631576,0.697,0.7,0.6,0.65,0.43925754289273844,Low,2
C000303,P007,Term Insurance,Insurance,Protection,False,1,Core Active,Core Digital Customer,Moderate Risk,Moderate Cross-Sell Opportunity,Priority 3,0.1835097049943339,0.10054174633524537,0.050533149509953745,0.05454785874551559,0.47368421052631576,0.697,0.7,0.6,0.65,0.42423840709457994,Low,3
C000303,P004,Personal Loan,Loan,Lending,False,1,Core Active,Core Digital Customer,Moderate Risk,Moderate Cross-Sell Opportunity,Priority 3,0.164940634319364,0.10054174633524537,0.050533149509953745,0.05454785874551559,0.47368421052631576,0.697,0.7,0.6,0.65,0.4195961394258374,Low,4
C000303,P005,Home Loan,Loan,Lending,False,1,Core Active,Core Digital Customer,Moderate Risk,Moderate Cross-Sell Opportunity,Priority 3,0.12472448713543619,0.10054174633524537,0.050533149509953745,0.05454785874551559,0.47368421052631576,0.697,0.7,0.6,0.65,0.40954210262985546,Low,5
C000304,P004,Personal Loan,Loan,Lending,False,1,Core Active,Core Relationship Customer,Moderate Risk,Moderate Cross-Sell Opportunity,Priority 3,0.2979188803121549,0.08619609092840451,0.02523636056254984,0.1419628314068725,0.5657894736842105,0.561,0.7,0.25,0.65,0.4151873593163513,Low,1
C000304,P007,Term Insurance,Insurance,Protection,False,1,Core Active,Core Relationship Customer,Moderate Risk,Moderate Cross-Sell Opportunity,Priority 3,0.2959084278005729,0.08619609092840451,0.02523636056254984,0.1419628314068725,0.5657894736842105,0.561,0.7,0.25,0.65,0.41468474618845574,Low,2
C000304,P006,Mutual Fund Plan,Investment,Wealth,False,1,Core Active,Core Relationship Customer,Moderate Risk,Moderate Cross-Sell Opportunity,Priority 3,0.28026890707405894,0.08619609092840451,0.02523636056254984,0.1419628314068725,0.5657894736842105,0.561,0.7,0.25,0.65,0.4107748660068272,Low,3
C000304,P008,Premium Banking,Banking,Premium,False,1,Core Active,Core Relationship Customer,Moderate Risk,Moderate Cross-Sell Opportunity,Priority 3,0.26607752776371413,0.08619609092840451,0.02523636056254984,0.1419628314068725,0.5657894736842105,0.561,0.7,0.25,0.65,0.40722702117924103,Low,4
C000304,P005,Home Loan,Loan,Lending,False,1,Core Active,Core Relationship Customer,Moderate Risk,Moderate Cross-Sell Opportunity,Priority 3,0.23523890843384931,0.08619609092840451,0.02523636056254984,0.1419628314068725,0.5657894736842105,0.561,0.7,0.25,0.65,0.3995173663467748,Low,5
C000305,P007,Term Insurance,Insurance,Protection,False,1,At Risk,At-Risk Engagement Customer,Critical Risk,Low Cross-Sell Opportunity,Priority 4,0.29465918981498834,0.16358083705120033,0.052445550706924776,0.10198841787239848,0.07894736842105263,0.261,0.45,0.0,0.3,0.22682307012714503,Low,1
C000305,P006,Mutual Fund Plan,Investment,Wealth,False,1,At Risk,At-Risk Engagement Customer,Critical Risk,Low Cross-Sell Opportunity,Priority 4,0.16032142549417144,0.16358083705120033,0.052445550706924776,0.10198841787239848,0.07894736842105263,0.261,0.45,0.0,0.3,0.19323862904694084,Low,2
C000305,P008,Premium Banking,Banking,Premium,False,1,At Risk,At-Risk Engagement Customer,Critical Risk,Low Cross-Sell Opportunity,Priority 4,0.1549806208964703,0.16358083705120033,0.052445550706924776,0.10198841787239848,0.07894736842105263,0.261,0.45,0.0,0.3,0.19190342789751552,Low,3
C000305,P005,Home Loan,Loan,Lending,False,1,At Risk,At-Risk Engagement Customer,Critical Risk,Low Cross-Sell Opportunity,Priority 4,0.14625295060244609,0.16358083705120033,0.052445550706924776,0.10198841787239848,0.07894736842105263,0.261,0.45,0.0,0.3,0.18972151032400947,Low,4
C000305,P003,Rewards Credit Card,Credit Card,Cards,False,1,At Risk,At-Risk Engagement Customer,Critical Risk,Low Cross-Sell Opportunity,Priority 4,0.13868931086294697,0.16358083705120033,0.052445550706924776,0.10198841787239848,0.07894736842105263,0.261,0.45,0.0,0.3,0.18783060038913468,Low,5
C000306,P003,Rewards Credit Card,Credit Card,Cards,False,1,Core Active,Core Relationship Customer,High Risk,Low Cross-Sell Opportunity,Priority 3,0.32211298267038146,0.0852772466539197,0.03688541625551496,0.13026762994382754,0.35526315789473684,0.553,0.7,0.7083333333333333,0.3,0.41700650201592315,Low,1
C000306,P008,Premium Banking,Banking,Premium,False,1,Core Active,Core Relationship Customer,High Risk,Low Cross-Sell Opportunity,Priority 3,0.21525689264819356,0.0852772466539197,0.03688541625551496,0.13026762994382754,0.35526315789473684,0.553,0.7,0.7083333333333333,0.3,0.39029247951037627,Low,2
C000306,P006,Mutual Fund Plan,Investment,Wealth,False,1,Core Active,Core Relationship Customer,High Risk,Low Cross-Sell Opportunity,Priority 3,0.19910114552175678,0.0852772466539197,0.03688541625551496,0.13026762994382754,0.35526315789473684,0.553,0.7,0.7083333333333333,0.3,0.386253542728767,Low,3
C000306,P005,Home Loan,Loan,Lending,False,1,Core Active,Core Relationship Customer,High Risk,Low Cross-Sell Opportunity,Priority 3,0.12394849861007247,0.0852772466539197,0.03688541625551496,0.13026762994382754,0.35526315789473684,0.553,0.7,0.7083333333333333,0.3,0.3674653810008459,Low,4
C000307,P003,Rewards Credit Card,Credit Card,Cards,False,1,Premium High-Value,Premium Relationship Customer,Low Risk,Moderate Cross-Sell Opportunity,Priority 2,0.5969612108382069,0.245697896749522,0.22198140133075178,0.1766536117753811,0.8552631578947368,0.682,1.0,0.0,0.65,0.6273693557436667,Medium,1
C000307,P004,Personal Loan,Loan,Lending,False,1,Premium High-Value,Premium Relationship Customer,Low Risk,Moderate Cross-Sell Opportunity,Priority 2,0.4227002779860791,0.245697896749522,0.22198140133075178,0.1766536117753811,0.8552631578947368,0.682,1.0,0.0,0.65,0.5838041225306347,Medium,2
C000308,P007,Term Insurance,Insurance,Protection,False,1,At Risk,At-Risk Declining Customer,Critical Risk,Low Cross-Sell Opportunity,Priority 4,0.22468659628677265,0.12477692797960484,0.07003300507563504,0.0,0.06578947368421052,0.213,0.45,0.2,0.3,0.21479545572024572,Low,1
C000308,P006,Mutual Fund Plan,Investment,Wealth,False,1,At Risk,At-Risk Declining Customer,Critical Risk,Low Cross-Sell Opportunity,Priority 4,0.17031731765960179,0.12477692797960484,0.07003300507563504,0.0,0.06578947368421052,0.213,0.45,0.2,0.3,0.20120313606345303,Low,2
C000308,P008,Premium Banking,Banking,Premium,False,1,At Risk,At-Risk Declining Customer,Critical Risk,Low Cross-Sell Opportunity,Priority 4,0.16573743260213053,0.12477692797960484,0.07003300507563504,0.0,0.06578947368421052,0.213,0.45,0.2,0.3,0.20005816479908523,Low,3
C000308,P003,Rewards Credit Card,Credit Card,Cards,False,1,At Risk,At-Risk Declining Customer,Critical Risk,Low Cross-Sell Opportunity,Priority 4,0.11914693993482763,0.12477692797960484,0.07003300507563504,0.0,0.06578947368421052,0.213,0.45,0.2,0.3,0.1884105416322595,Low,4
C000308,P005,Home Loan,Loan,Lending,False,1,At Risk,At-Risk Declining Customer,Critical Risk,Low Cross-Sell Opportunity,Priority 4,0.11695042885638707,0.12477692797960484,0.07003300507563504,0.0,0.06578947368421052,0.213,0.45,0.2,0.3,0.18786141386264932,Low,5
C000308,P004,Personal Loan,Loan,Lending,False,1,At Risk,At-Risk Declining Customer,Critical Risk,Low Cross-Sell Opportunity,Priority 4,0.1067855790644826,0.12477692797960484,0.07003300507563504,0.0,0.06578947368421052,0.213,0.45,0.2,0.3,0.1853202014146732,Low,6
C000309,P007,Term Insurance,Insurance,Protection,False,1,Dormant / Declining,Dormant Reactivation Target,Critical Risk,Moderate Cross-Sell Opportunity,Priority 3,0.3765459743369929,0.14339813044401956,0.3772903842372034,0.09354245456253031,0.05263157894736842,0.08,0.25,0.25,0.65,0.2337108565151574,Low,1
C000309,P006,Mutual Fund Plan,Investment,Wealth,False,1,Dormant / Declining,Dormant Reactivation Target,Critical Risk,Moderate Cross-Sell Opportunity,Priority 3,0.2967097283306492,0.14339813044401956,0.3772903842372034,0.09354245456253031,0.05263157894736842,0.08,0.25,0.25,0.65,0.21375179501357147,Low,2
C000309,P008,Premium Banking,Banking,Premium,False,1,Dormant / Declining,Dormant Reactivation Target,Critical Risk,Moderate Cross-Sell Opportunity,Priority 3,0.27024995821570663,0.14339813044401956,0.3772903842372034,0.09354245456253031,0.05263157894736842,0.08,0.25,0.25,0.65,0.20713685248483582,Low,3
C000309,P005,Home Loan,Loan,Lending,False,1,Dormant / Declining,Dormant Reactivation Target,Critical Risk,Moderate Cross-Sell Opportunity,Priority 3,0.2693731746223853,0.14339813044401956,0.3772903842372034,0.09354245456253031,0.05263157894736842,0.08,0.25,0.25,0.65,0.2069176565865055,Low,4
C000309,P004,Personal Loan,Loan,Lending,False,1,Dormant / Declining,Dormant Reactivation Target,Critical Risk,Moderate Cross-Sell Opportunity,Priority 3,0.22022711381559373,0.14339813044401956,0.3772903842372034,0.09354245456253031,0.05263157894736842,0.08,0.25,0.25,0.65,0.1946311413848076,Low,5
C000309,P003,Rewards Credit Card,Credit Card,Cards,False,1,Dormant / Declining,Dormant Reactivation Target,Critical Risk,Moderate Cross-Sell Opportunity,Priority 3,0.10098969504179864,0.14339813044401956,0.3772903842372034,0.09354245456253031,0.05263157894736842,0.08,0.25,0.25,0.65,0.16482178669135883,Low,6
C000310,P007,Term Insurance,Insurance,Protection,False,1,Dormant / Declining,Dormant Reactivation Target,Critical Risk,Low Cross-Sell Opportunity,Priority 4,0.23180597943642,0.008532504780114723,0.0556964580932644,0.0,0.06578947368421052,0.066,0.25,0.1,0.3,0.1386264168677595,Low,1
C000310,P006,Mutual Fund Plan,Investment,Wealth,False,1,Dormant / Declining,Dormant Reactivation Target,Critical Risk,Low Cross-Sell Opportunity,Priority 4,0.07156814693195183,0.008532504780114723,0.0556964580932644,0.0,0.06578947368421052,0.066,0.25,0.1,0.3,0.0985669587416425,Low,2
C000310,P008,Premium Banking,Banking,Premium,False,1,Dormant / Declining,Dormant Reactivation Target,Critical Risk,Low Cross-Sell Opportunity,Priority 4,0.06279918141471047,0.008532504780114723,0.0556964580932644,0.0,0.06578947368421052,0.066,0.25,0.1,0.3,0.09637471736233215,Low,3
C000310,P005,Home Loan,Loan,Lending,False,1,Dormant / Declining,Dormant Reactivation Target,Critical Risk,Low Cross-Sell Opportunity,Priority 4,0.06248115802116467,0.008532504780114723,0.0556964580932644,0.0,0.06578947368421052,0.066,0.25,0.1,0.3,0.0962952115139457,Low,4
C000310,P004,Personal Loan,Loan,Lending,False,1,Dormant / Declining,Dormant Reactivation Target,Critical Risk,Low Cross-Sell Opportunity,Priority 4,0.06027901143659033,0.008532504780114723,0.0556964580932644,0.0,0.06578947368421052,0.066,0.25,0.1,0.3,0.0957446748678021,Low,5
C000310,P003,Rewards Credit Card,Credit Card,Cards,False,1,Dormant / Declining,Dormant Reactivation Target,Critical Risk,Low Cross-Sell Opportunity,Priority 4,0.03763498275162058,0.008532504780114723,0.0556964580932644,0.0,0.06578947368421052,0.066,0.25,0.1,0.3,0.09008366769655966,Low,6
C000311,P003,Rewards Credit Card,Credit Card,Cards,False,1,Core Active,Core Relationship Customer,Moderate Risk,Moderate Cross-Sell Opportunity,Priority 3,0.35438477786304373,0.12419534735500319,0.19029701773695348,0.10850091159960266,0.5526315789473685,0.496,0.7,0.0,0.65,0.4034300007788668,Low,1
C000311,P006,Mutual Fund Plan,Investment,Wealth,False,1,Core Active,Core Relationship Customer,Moderate Risk,Moderate Cross-Sell Opportunity,Priority 3,0.29517193692302224,0.12419534735500319,0.19029701773695348,0.10850091159960266,0.5526315789473685,0.496,0.7,0.0,0.65,0.3886267905438615,Low,2
C000311,P008,Premium Banking,Banking,Premium,False,1,Core Active,Core Relationship Customer,Moderate Risk,Moderate Cross-Sell Opportunity,Priority 3,0.2946845806011832,0.12419534735500319,0.19029701773695348,0.10850091159960266,0.5526315789473685,0.496,0.7,0.0,0.65,0.3885049514634017,Low,3
C000311,P005,Home Loan,Loan,Lending,False,1,Core Active,Core Relationship Customer,Moderate Risk,Moderate Cross-Sell Opportunity,Priority 3,0.24253279491555152,0.12419534735500319,0.19029701773695348,0.10850091159960266,0.5526315789473685,0.496,0.7,0.0,0.65,0.3754670050419938,Low,4
C000312,P003,Rewards Credit Card,Credit Card,Cards,False,1,Premium High-Value,Premium Digital Customer,Low Risk,Moderate Cross-Sell Opportunity,Priority 2,0.7192615039281349,0.39460643722115996,0.11331893996736868,0.32375289342928726,0.9078947368421053,0.814,1.0,0.25,0.65,0.7538208739525816,High,1
C000312,P008,Premium Banking,Banking,Premium,False,1,Premium High-Value,Premium Digital Customer,Low Risk,Moderate Cross-Sell Opportunity,Priority 2,0.46365937384678213,0.39460643722115996,0.11331893996736868,0.32375289342928726,0.9078947368421053,0.814,1.0,0.25,0.65,0.6899203414322435,Medium,2
C000312,P005,Home Loan,Loan,Lending,False,1,Premium High-Value,Premium Digital Customer,Low Risk,Moderate Cross-Sell Opportunity,Priority 2,0.39078993942406615,0.39460643722115996,0.11331893996736868,0.32375289342928726,0.9078947368421053,0.814,1.0,0.25,0.65,0.6717029828265644,Medium,3
C000313,P004,Personal Loan,Loan,Lending,False,1,Premium High-Value,Premium Relationship Customer,Low Risk,Moderate Cross-Sell Opportunity,Priority 3,0.48299852571759416,0.22424314850223073,0.12538261122577757,0.2751535608454187,0.6973684210526315,0.738,1.0,0.0,0.65,0.5765035242877394,Medium,1
C000313,P008,Premium Banking,Banking,Premium,False,1,Premium High-Value,Premium Relationship Customer,Low Risk,Moderate Cross-Sell Opportunity,Priority 3,0.4600065718433234,0.22424314850223073,0.12538261122577757,0.2751535608454187,0.6973684210526315,0.738,1.0,0.0,0.65,0.5707555358191717,Medium,2
C000313,P005,Home Loan,Loan,Lending,False,1,Premium High-Value,Premium Relationship Customer,Low Risk,Moderate Cross-Sell Opportunity,Priority 3,0.41576587663676734,0.22424314850223073,0.12538261122577757,0.2751535608454187,0.6973684210526315,0.738,1.0,0.0,0.65,0.5596953620175328,Medium,3
C000314,P008,Premium Banking,Banking,Premium,False,1,Core Active,Core Relationship Customer,High Risk,Moderate Cross-Sell Opportunity,Priority 3,0.340214927285072,0.16168738049713194,0.140341256204825,0.07976519885580467,0.5263157894736842,0.768,0.7,0.125,0.65,0.423138576341747,Low,1
C000314,P005,Home Loan,Loan,Lending,False,1,Core Active,Core Relationship Customer,High Risk,Moderate Cross-Sell Opportunity,Priority 3,0.24292174852356496,0.16168738049713194,0.140341256204825,0.07976519885580467,0.5263157894736842,0.768,0.7,0.125,0.65,0.39881528165137026,Low,2
C000315,P003,Rewards Credit Card,Credit Card,Cards,False,1,Core Active,Core Relationship Customer,Low Risk,Moderate Cross-Sell Opportunity,Priority 3,0.29975714536857667,0.06367909496494582,0.05554241810643989,0.0,0.2631578947368421,0.627,0.7,0.2,0.65,0.36734878954565975,Low,1
C000315,P008,Premium Banking,Banking,Premium,False,1,Core Active,Core Relationship Customer,Low Risk,Moderate Cross-Sell Opportunity,Priority 3,0.2511496121514195,0.06367909496494582,0.05554241810643989,0.0,0.2631578947368421,0.627,0.7,0.2,0.65,0.35519690624137035,Low,2
C000315,P006,Mutual Fund Plan,Investment,Wealth,False,1,Core Active,Core Relationship Customer,Low Risk,Moderate Cross-Sell Opportunity,Priority 3,0.2295697270939482,0.06367909496494582,0.05554241810643989,0.0,0.2631578947368421,0.627,0.7,0.2,0.65,0.3498019349770025,Low,3
C000315,P007,Term Insurance,Insurance,Protection,False,1,Core Active,Core Relationship Customer,Low Risk,Moderate Cross-Sell Opportunity,Priority 3,0.197099519302261,0.06367909496494582,0.05554241810643989,0.0,0.2631578947368421,0.627,0.7,0.2,0.65,0.3416843830290808,Low,4
C000315,P004,Personal Loan,Loan,Lending,False,1,Core Active,Core Relationship Customer,Low Risk,Moderate Cross-Sell Opportunity,Priority 3,0.10937701498040436,0.06367909496494582,0.05554241810643989,0.0,0.2631578947368421,0.627,0.7,0.2,0.65,0.31975375694861663,Low,5
C000315,P005,Home Loan,Loan,Lending,False,1,Core Active,Core Relationship Customer,Low Risk,Moderate Cross-Sell Opportunity,Priority 3,0.09457654297093342,0.06367909496494582,0.05554241810643989,0.0,0.2631578947368421,0.627,0.7,0.2,0.65,0.3160536389462488,Low,6
C000316,P008,Premium Banking,Banking,Premium,False,1,Core Active,Core Relationship Customer,Moderate Risk,Moderate Cross-Sell Opportunity,Priority 3,0.213213485125144,0.0946090928404504,0.07106238340028775,0.06878441860878032,0.35526315789473684,0.554,0.7,0.125,0.65,0.3509146635335866,Low,1
C000316,P006,Mutual Fund Plan,Investment,Wealth,False,1,Core Active,Core Relationship Customer,Moderate Risk,Moderate Cross-Sell Opportunity,Priority 3,0.1912606115619256,0.0946090928404504,0.07106238340028775,0.06878441860878032,0.35526315789473684,0.554,0.7,0.125,0.65,0.345426445142782,Low,2
C000316,P007,Term Insurance,Insurance,Protection,False,1,Core Active,Core Relationship Customer,Moderate Risk,Moderate Cross-Sell Opportunity,Priority 3,0.15114542727243788,0.0946090928404504,0.07106238340028775,0.06878441860878032,0.35526315789473684,0.554,0.7,0.125,0.65,0.33539764907041014,Low,3
C000316,P004,Personal Loan,Loan,Lending,False,1,Core Active,Core Relationship Customer,Moderate Risk,Moderate Cross-Sell Opportunity,Priority 3,0.14109297997322653,0.0946090928404504,0.07106238340028775,0.06878441860878032,0.35526315789473684,0.554,0.7,0.125,0.65,0.3328845372456073,Low,4
C000316,P005,Home Loan,Loan,Lending,False,1,Core Active,Core Relationship Customer,Moderate Risk,Moderate Cross-Sell Opportunity,Priority 3,0.11407803447494051,0.0946090928404504,0.07106238340028775,0.06878441860878032,0.35526315789473684,0.554,0.7,0.125,0.65,0.32613080087103574,Low,5
C000317,P007,Term Insurance,Insurance,Protection,False,1,Core Active,Core Relationship Customer,Moderate Risk,Moderate Cross-Sell Opportunity,Priority 3,0.2774426643490941,0.11327544083280221,0.04953450932326147,0.09588336384458607,0.6578947368421053,0.665,0.7,0.0,0.65,0.4146999647801497,Low,1
C000317,P008,Premium Banking,Banking,Premium,False,1,Core Active,Core Relationship Customer,Moderate Risk,Moderate Cross-Sell Opportunity,Priority 3,0.23652761901038288,0.11327544083280221,0.04953450932326147,0.09588336384458607,0.6578947368421053,0.665,0.7,0.0,0.65,0.40447120344547194,Low,2
C000317,P006,Mutual Fund Plan,Investment,Wealth,False,1,Core Active,Core Relationship Customer,Moderate Risk,Moderate Cross-Sell Opportunity,Priority 3,0.20701325119429093,0.11327544083280221,0.04953450932326147,0.09588336384458607,0.6578947368421053,0.665,0.7,0.0,0.65,0.39709261149144903,Low,3
C000317,P004,Personal Loan,Loan,Lending,False,1,Core Active,Core Relationship Customer,Moderate Risk,Moderate Cross-Sell Opportunity,Priority 3,0.2033753253373923,0.11327544083280221,0.04953450932326147,0.09588336384458607,0.6578947368421053,0.665,0.7,0.0,0.65,0.3961831300272243,Low,4
C000317,P005,Home Loan,Loan,Lending,False,1,Core Active,Core Relationship Customer,Moderate Risk,Moderate Cross-Sell Opportunity,Priority 3,0.1410914637088525,0.11327544083280221,0.04953450932326147,0.09588336384458607,0.6578947368421053,0.665,0.7,0.0,0.65,0.3806121646200894,Low,5
C000318,P003,Rewards Credit Card,Credit Card,Cards,False,1,Core Active,Core Relationship Customer,Moderate Risk,Moderate Cross-Sell Opportunity,Priority 3,0.3441928804566641,0.12301094115147652,0.1668246071369066,0.11587173873022727,0.4868421052631579,0.54,0.7,0.625,0.65,0.457676724133935,Low,1
C000318,P008,Premium Banking,Banking,Premium,False,1,Core Active,Core Relationship Customer,Moderate Risk,Moderate Cross-Sell Opportunity,Priority 3,0.2605495919395716,0.12301094115147652,0.1668246071369066,0.11587173873022727,0.4868421052631579,0.54,0.7,0.625,0.65,0.4367659020046619,Low,2
C000318,P006,Mutual Fund Plan,Investment,Wealth,False,1,Core Active,Core Relationship Customer,Moderate Risk,Moderate Cross-Sell Opportunity,Priority 3,0.24504384481313485,0.12301094115147652,0.1668246071369066,0.11587173873022727,0.4868421052631579,0.54,0.7,0.625,0.65,0.4328894652230527,Low,3
C000318,P004,Personal Loan,Loan,Lending,False,1,Core Active,Core Relationship Customer,Moderate Risk,Moderate Cross-Sell Opportunity,Priority 3,0.21695250083534562,0.12301094115147652,0.1668246071369066,0.11587173873022727,0.4868421052631579,0.54,0.7,0.625,0.65,0.4258666292286054,Low,4
C000318,P005,Home Loan,Loan,Lending,False,1,Core Active,Core Relationship Customer,Moderate Risk,Moderate Cross-Sell Opportunity,Priority 3,0.18785535456411692,0.12301094115147652,0.1668246071369066,0.11587173873022727,0.4868421052631579,0.54,0.7,0.625,0.65,0.41859234266079826,Low,5
C000319,P007,Term Insurance,Insurance,Protection,False,1,Core Active,Core Relationship Customer,Low Risk,Moderate Cross-Sell Opportunity,Priority 3,0.3544328953998215,0.09765774378585086,0.05685193264295941,0.044322617482340385,0.32894736842105265,0.662,0.7,0.0,0.65,0.38118187787028346,Low,1
C000319,P003,Rewards Credit Card,Credit Card,Cards,False,1,Core Active,Core Relationship Customer,Low Risk,Moderate Cross-Sell Opportunity,Priority 3,0.3106482721209404,0.09765774378585086,0.05685193264295941,0.044322617482340385,0.32894736842105265,0.662,0.7,0.0,0.65,0.3702357220505632,Low,2
C000319,P008,Premium Banking,Banking,Premium,False,1,Core Active,Core Relationship Customer,Low Risk,Moderate Cross-Sell Opportunity,Priority 3,0.27518217241906096,0.09765774378585086,0.05685193264295941,0.044322617482340385,0.32894736842105265,0.662,0.7,0.0,0.65,0.3613691971250933,Low,3
C000319,P006,Mutual Fund Plan,Investment,Wealth,False,1,Core Active,Core Relationship Customer,Low Risk,Moderate Cross-Sell Opportunity,Priority 3,0.27139251724664715,0.09765774378585086,0.05685193264295941,0.044322617482340385,0.32894736842105265,0.662,0.7,0.0,0.65,0.36042178333198993,Low,4
C000319,P004,Personal Loan,Loan,Lending,False,1,Core Active,Core Relationship Customer,Low Risk,Moderate Cross-Sell Opportunity,Priority 3,0.2004101446956364,0.09765774378585086,0.05685193264295941,0.044322617482340385,0.32894736842105265,0.662,0.7,0.0,0.65,0.34267619019423723,Low,5
C000319,P005,Home Loan,Loan,Lending,False,1,Core Active,Core Relationship Customer,Low Risk,Moderate Cross-Sell Opportunity,Priority 3,0.17649382319103354,0.09765774378585086,0.05685193264295941,0.044322617482340385,0.32894736842105265,0.662,0.7,0.0,0.65,0.3366971098180864,Low,6
C000320,P007,Term Insurance,Insurance,Protection,False,1,Core Active,Core Relationship Customer,Moderate Risk,Low Cross-Sell Opportunity,Priority 3,0.283140437175401,0.06797323135755258,0.22557846206616874,0.027170901329505646,0.3815789473684211,0.184,0.7,0.75,0.3,0.35501659767062393,Low,1
C000320,P006,Mutual Fund Plan,Investment,Wealth,False,1,Core Active,Core Relationship Customer,Moderate Risk,Low Cross-Sell Opportunity,Priority 3,0.25013649488953893,0.06797323135755258,0.22557846206616874,0.027170901329505646,0.3815789473684211,0.184,0.7,0.75,0.3,0.34676561209915846,Low,2
C000320,P008,Premium Banking,Banking,Premium,False,1,Core Active,Core Relationship Customer,Moderate Risk,Low Cross-Sell Opportunity,Priority 3,0.24094569029183774,0.06797323135755258,0.22557846206616874,0.027170901329505646,0.3815789473684211,0.184,0.7,0.75,0.3,0.3444679109497331,Low,3
C000320,P004,Personal Loan,Loan,Lending,False,1,Core Active,Core Relationship Customer,Moderate Risk,Low Cross-Sell Opportunity,Priority 3,0.1911511222498799,0.06797323135755258,0.22557846206616874,0.027170901329505646,0.3815789473684211,0.184,0.7,0.75,0.3,0.33201926893924366,Low,4
C000320,P005,Home Loan,Loan,Lending,False,1,Core Active,Core Relationship Customer,Moderate Risk,Low Cross-Sell Opportunity,Priority 3,0.18751156825789017,0.06797323135755258,0.22557846206616874,0.027170901329505646,0.3815789473684211,0.184,0.7,0.75,0.3,0.3311093804412462,Low,5
C000321,P007,Term Insurance,Insurance,Protection,False,1,At Risk,At-Risk Engagement Customer,Critical Risk,Low Cross-Sell Opportunity,Priority 3,0.3636543504569902,0.02371999150201827,0.07870989240603823,0.007786677282526729,0.13157894736842105,0.294,0.45,0.0,0.3,0.2272944280199144,Low,1
C000321,P006,Mutual Fund Plan,Investment,Wealth,False,1,At Risk,At-Risk Engagement Customer,Critical Risk,Low Cross-Sell Opportunity,Priority 3,0.22334219386803414,0.02371999150201827,0.07870989240603823,0.007786677282526729,0.13157894736842105,0.294,0.45,0.0,0.3,0.19221638887267534,Low,2
C000321,P008,Premium Banking,Banking,Premium,False,1,At Risk,At-Risk Engagement Customer,Critical Risk,Low Cross-Sell Opportunity,Priority 3,0.20815713639676975,0.02371999150201827,0.07870989240603823,0.007786677282526729,0.13157894736842105,0.294,0.45,0.0,0.3,0.18842012450485923,Low,3
C000321,P003,Rewards Credit Card,Credit Card,Cards,False,1,At Risk,At-Risk Engagement Customer,Critical Risk,Low Cross-Sell Opportunity,Priority 3,0.16721130041368817,0.02371999150201827,0.07870989240603823,0.007786677282526729,0.13157894736842105,0.294,0.45,0.0,0.3,0.17818366550908887,Low,4
C000321,P004,Personal Loan,Loan,Lending,False,1,At Risk,At-Risk Engagement Customer,Critical Risk,Low Cross-Sell Opportunity,Priority 3,0.13645077865549388,0.02371999150201827,0.07870989240603823,0.007786677282526729,0.13157894736842105,0.294,0.45,0.0,0.3,0.1704935350695403,Low,5
C000321,P005,Home Loan,Loan,Lending,False,1,At Risk,At-Risk Engagement Customer,Critical Risk,Low Cross-Sell Opportunity,Priority 3,0.13550669962640574,0.02371999150201827,0.07870989240603823,0.007786677282526729,0.13157894736842105,0.294,0.45,0.0,0.3,0.17025751531226824,Low,6
C000322,P007,Term Insurance,Insurance,Protection,False,1,Core Active,Core Relationship Customer,Moderate Risk,Moderate Cross-Sell Opportunity,Priority 2,0.29199425355311304,0.10626726152538772,0.14506619702517698,0.14350661668988887,0.5263157894736842,0.494,0.7,0.5,0.65,0.4100993841144084,Low,1
C000322,P006,Mutual Fund Plan,Investment,Wealth,False,1,Core Active,Core Relationship Customer,Moderate Risk,Moderate Cross-Sell Opportunity,Priority 2,0.28568766567190684,0.10626726152538772,0.14506619702517698,0.14350661668988887,0.5263157894736842,0.494,0.7,0.5,0.65,0.4085227371441069,Low,2
C000322,P008,Premium Banking,Banking,Premium,False,1,Core Active,Core Relationship Customer,Moderate Risk,Moderate Cross-Sell Opportunity,Priority 2,0.2848129530282286,0.10626726152538772,0.14506619702517698,0.14350661668988887,0.5263157894736842,0.494,0.7,0.5,0.65,0.40830405898318733,Low,3
C000322,P005,Home Loan,Loan,Lending,False,1,Core Active,Core Relationship Customer,Moderate Risk,Moderate Cross-Sell Opportunity,Priority 2,0.22441977918883058,0.10626726152538772,0.14506619702517698,0.14350661668988887,0.5263157894736842,0.494,0.7,0.5,0.65,0.39320576552333775,Low,4
C000323,P008,Premium Banking,Banking,Premium,False,1,Core Active,Core Relationship Customer,High Risk,Low Cross-Sell Opportunity,Priority 4,0.23196040113562014,0.10203951561504143,0.12241358653641614,0.06119071448663065,0.34210526315789475,0.363,0.7,0.0,0.3,0.28601379288059753,Low,1
C000323,P007,Term Insurance,Insurance,Protection,False,1,Core Active,Core Relationship Customer,High Risk,Low Cross-Sell Opportunity,Priority 4,0.1623014124820666,0.10203951561504143,0.12241358653641614,0.06119071448663065,0.34210526315789475,0.363,0.7,0.0,0.3,0.26859904571720916,Low,2
C000323,P004,Personal Loan,Loan,Lending,False,1,Core Active,Core Relationship Customer,High Risk,Low Cross-Sell Opportunity,Priority 4,0.15290895026284546,0.10203951561504143,0.12241358653641614,0.06119071448663065,0.34210526315789475,0.363,0.7,0.0,0.3,0.26625093016240386,Low,3
C000323,P005,Home Loan,Loan,Lending,False,1,Core Active,Core Relationship Customer,High Risk,Low Cross-Sell Opportunity,Priority 4,0.1360433662596074,0.10203951561504143,0.12241358653641614,0.06119071448663065,0.34210526315789475,0.363,0.7,0.0,0.3,0.26203453416159433,Low,4
C000324,P004,Personal Loan,Loan,Lending,False,1,Premium High-Value,Premium Relationship Customer,High Risk,Moderate Cross-Sell Opportunity,Priority 3,0.5362116519534276,0.34444975568302527,0.16726122841475388,0.35127890275367557,0.6842105263157895,0.51,1.0,0.16666666666666666,0.65,0.5857411097389971,Medium,1
C000324,P005,Home Loan,Loan,Lending,False,1,Premium High-Value,Premium Relationship Customer,High Risk,Moderate Cross-Sell Opportunity,Priority 3,0.4749743810928453,0.34444975568302527,0.16726122841475388,0.35127890275367557,0.6842105263157895,0.51,1.0,0.16666666666666666,0.65,0.5704317920238515,Medium,2
C000324,P008,Premium Banking,Banking,Premium,False,1,Premium High-Value,Premium Relationship Customer,High Risk,Moderate Cross-Sell Opportunity,Priority 3,0.43351613600821115,0.34444975568302527,0.16726122841475388,0.35127890275367557,0.6842105263157895,0.51,1.0,0.16666666666666666,0.65,0.5600672307526929,Medium,3
C000325,P003,Rewards Credit Card,Credit Card,Cards,False,1,Premium High-Value,Premium Digital Customer,Moderate Risk,Moderate Cross-Sell Opportunity,Priority 2,0.5971868838407727,0.17638357765030804,0.08783981797433575,0.15328143149639709,0.7236842105263158,0.854,1.0,0.16666666666666666,0.65,0.6076927347358689,Medium,1
C000325,P008,Premium Banking,Banking,Premium,False,1,Premium High-Value,Premium Digital Customer,Moderate Risk,Moderate Cross-Sell Opportunity,Priority 2,0.40547252987125204,0.17638357765030804,0.08783981797433575,0.15328143149639709,0.7236842105263158,0.854,1.0,0.16666666666666666,0.65,0.5597641462434887,Medium,2
C000325,P004,Personal Loan,Loan,Lending,False,1,Premium High-Value,Premium Digital Customer,Moderate Risk,Moderate Cross-Sell Opportunity,Priority 2,0.352518657154406,0.17638357765030804,0.08783981797433575,0.15328143149639709,0.7236842105263158,0.854,1.0,0.16666666666666666,0.65,0.5465256780642772,Low,3
C000325,P005,Home Loan,Loan,Lending,False,1,Premium High-Value,Premium Digital Customer,Moderate Risk,Moderate Cross-Sell Opportunity,Priority 2,0.2868172445308005,0.17638357765030804,0.08783981797433575,0.15328143149639709,0.7236842105263158,0.854,1.0,0.16666666666666666,0.65,0.5301003249083759,Low,4
C000326,P008,Premium Banking,Banking,Premium,False,1,Premium High-Value,Premium Relationship Customer,Moderate Risk,Moderate Cross-Sell Opportunity,Priority 2,0.3993739100116932,0.20532451667728915,0.19813978377815727,0.0935546029939342,0.6447368421052632,0.668,1.0,0.2,0.65,0.5569189071541707,Medium,1
C000326,P007,Term Insurance,Insurance,Protection,False,1,Premium High-Value,Premium Relationship Customer,Moderate Risk,Moderate Cross-Sell Opportunity,Priority 2,0.3608768053533482,0.20532451667728915,0.19813978377815727,0.0935546029939342,0.6447368421052632,0.668,1.0,0.2,0.65,0.5472946309895844,Low,2
C000326,P004,Personal Loan,Loan,Lending,False,1,Premium High-Value,Premium Relationship Customer,Moderate Risk,Moderate Cross-Sell Opportunity,Priority 2,0.3586317840035429,0.20532451667728915,0.19813978377815727,0.0935546029939342,0.6447368421052632,0.668,1.0,0.2,0.65,0.5467333756521331,Low,3
C000326,P005,Home Loan,Loan,Lending,False,1,Premium High-Value,Premium Relationship Customer,Moderate Risk,Moderate Cross-Sell Opportunity,Priority 2,0.32478983289421126,0.20532451667728915,0.19813978377815727,0.0935546029939342,0.6447368421052632,0.668,1.0,0.2,0.65,0.5382728878748002,Low,4
C000327,P008,Premium Banking,Banking,Premium,False,1,Core Active,Core Relationship Customer,Low Risk,Moderate Cross-Sell Opportunity,Priority 3,0.27576703932941116,0.13325366475462078,0.09982140443250935,0.11096517418514397,0.47368421052631576,0.656,0.7,0.2,0.65,0.4097451243622243,Low,1
C000327,P007,Term Insurance,Insurance,Protection,False,1,Core Active,Core Relationship Customer,Low Risk,Moderate Cross-Sell Opportunity,Priority 3,0.21166610707892042,0.13325366475462078,0.09982140443250935,0.11096517418514397,0.47368421052631576,0.656,0.7,0.2,0.65,0.3937198912996016,Low,2
C000327,P004,Personal Loan,Loan,Lending,False,1,Core Active,Core Relationship Customer,Low Risk,Moderate Cross-Sell Opportunity,Priority 3,0.19429298013700286,0.13325366475462078,0.09982140443250935,0.11096517418514397,0.47368421052631576,0.656,0.7,0.2,0.65,0.38937660956412223,Low,3
C000327,P005,Home Loan,Loan,Lending,False,1,Core Active,Core Relationship Customer,Low Risk,Moderate Cross-Sell Opportunity,Priority 3,0.15746393556846433,0.13325366475462078,0.09982140443250935,0.11096517418514397,0.47368421052631576,0.656,0.7,0.2,0.65,0.3801693484219876,Low,4
C000328,P008,Premium Banking,Banking,Premium,False,1,Core Active,Core Relationship Customer,Moderate Risk,Moderate Cross-Sell Opportunity,Priority 3,0.2815864928932419,0.11382780964520926,0.08544049672830945,0.08107769669478561,0.4605263157894737,0.608,0.7,0.125,0.65,0.39304113252077344,Low,1
C000328,P006,Mutual Fund Plan,Investment,Wealth,False,1,Core Active,Core Relationship Customer,Moderate Risk,Moderate Cross-Sell Opportunity,Priority 3,0.27992212507715003,0.11382780964520926,0.08544049672830945,0.08107769669478561,0.4605263157894737,0.608,0.7,0.125,0.65,0.3926250405667504,Low,2
C000328,P007,Term Insurance,Insurance,Protection,False,1,Core Active,Core Relationship Customer,Moderate Risk,Moderate Cross-Sell Opportunity,Priority 3,0.2734693805181232,0.11382780964520926,0.08544049672830945,0.08107769669478561,0.4605263157894737,0.608,0.7,0.125,0.65,0.3910118544269937,Low,3
C000328,P004,Personal Loan,Loan,Lending,False,1,Core Active,Core Relationship Customer,Moderate Risk,Moderate Cross-Sell Opportunity,Priority 3,0.2414921164513852,0.11382780964520926,0.08544049672830945,0.08107769669478561,0.4605263157894737,0.608,0.7,0.125,0.65,0.3830175384103093,Low,4
C000328,P005,Home Loan,Loan,Lending,False,1,Core Active,Core Relationship Customer,Moderate Risk,Moderate Cross-Sell Opportunity,Priority 3,0.20583918019446615,0.11382780964520926,0.08544049672830945,0.08107769669478561,0.4605263157894737,0.608,0.7,0.125,0.65,0.37410430434607944,Low,5
C000329,P003,Rewards Credit Card,Credit Card,Cards,False,1,Core Active,Core Relationship Customer,Low Risk,Moderate Cross-Sell Opportunity,Priority 3,0.326916436363907,0.05250159337157425,0.031010240340802117,0.035447721094442844,0.35526315789473684,0.609,0.7,0.45,0.65,0.40891890144950216,Low,1
C000329,P008,Premium Banking,Banking,Premium,False,1,Core Active,Core Relationship Customer,Low Risk,Moderate Cross-Sell Opportunity,Priority 3,0.2588486019627688,0.05250159337157425,0.031010240340802117,0.035447721094442844,0.35526315789473684,0.609,0.7,0.45,0.65,0.39190194284921753,Low,2
C000329,P006,Mutual Fund Plan,Investment,Wealth,False,1,Core Active,Core Relationship Customer,Low Risk,Moderate Cross-Sell Opportunity,Priority 3,0.2499503261006999,0.05250159337157425,0.031010240340802117,0.035447721094442844,0.35526315789473684,0.609,0.7,0.45,0.65,0.3896773738837004,Low,3
C000329,P007,Term Insurance,Insurance,Protection,False,1,Core Active,Core Relationship Customer,Low Risk,Moderate Cross-Sell Opportunity,Priority 3,0.20125617081413372,0.05250159337157425,0.031010240340802117,0.035447721094442844,0.35526315789473684,0.609,0.7,0.45,0.65,0.37750383506205876,Low,4
C000329,P004,Personal Loan,Loan,Lending,False,1,Core Active,Core Relationship Customer,Low Risk,Moderate Cross-Sell Opportunity,Priority 3,0.16319936227422163,0.05250159337157425,0.031010240340802117,0.035447721094442844,0.35526315789473684,0.609,0.7,0.45,0.65,0.36798963292708076,Low,5
C000329,P005,Home Loan,Loan,Lending,False,1,Core Active,Core Relationship Customer,Low Risk,Moderate Cross-Sell Opportunity,Priority 3,0.1314048900950027,0.05250159337157425,0.031010240340802117,0.035447721094442844,0.35526315789473684,0.609,0.7,0.45,0.65,0.360041014882276,Low,6
C000330,P003,Rewards Credit Card,Credit Card,Cards,False,1,Core Active,Core Digital Customer,Moderate Risk,Moderate Cross-Sell Opportunity,Priority 2,0.42128041476398637,0.1932653494794986,0.09630782568541682,0.09927791592724772,0.27631578947368424,1.0,0.7,0.1,0.65,0.45292054200794896,Low,1
C000330,P007,Term Insurance,Insurance,Protection,False,1,Core Active,Core Digital Customer,Moderate Risk,Moderate Cross-Sell Opportunity,Priority 2,0.36475420448603374,0.1932653494794986,0.09630782568541682,0.09927791592724772,0.27631578947368424,1.0,0.7,0.1,0.65,0.4387889894384608,Low,2
C000330,P008,Premium Banking,Banking,Premium,False,1,Core Active,Core Digital Customer,Moderate Risk,Moderate Cross-Sell Opportunity,Priority 2,0.35810413977633815,0.1932653494794986,0.09630782568541682,0.09927791592724772,0.27631578947368424,1.0,0.7,0.1,0.65,0.43712647326103693,Low,3
C000330,P006,Mutual Fund Plan,Investment,Wealth,False,1,Core Active,Core Digital Customer,Moderate Risk,Moderate Cross-Sell Opportunity,Priority 2,0.3195983926499013,0.1932653494794986,0.09630782568541682,0.09927791592724772,0.27631578947368424,1.0,0.7,0.1,0.65,0.4275000364794277,Low,4
C000330,P004,Personal Loan,Loan,Lending,False,1,Core Active,Core Digital Customer,Moderate Risk,Moderate Cross-Sell Opportunity,Priority 2,0.18202727839753813,0.1932653494794986,0.09630782568541682,0.09927791592724772,0.27631578947368424,1.0,0.7,0.1,0.65,0.39310725791633694,Low,5
C000330,P005,Home Loan,Loan,Lending,False,1,Core Active,Core Digital Customer,Moderate Risk,Moderate Cross-Sell Opportunity,Priority 2,0.16857734918423242,0.1932653494794986,0.09630782568541682,0.09927791592724772,0.27631578947368424,1.0,0.7,0.1,0.65,0.38974477561301046,Low,6
C000331,P007,Term Insurance,Insurance,Protection,False,1,Core Active,Core Relationship Customer,Moderate Risk,Moderate Cross-Sell Opportunity,Priority 3,0.25513806056092087,0.06289037603569152,0.032379135371108876,0.03363526857845597,0.2894736842105263,0.635,0.7,0.4666666666666667,0.65,0.3874503096456142,Low,1
C000331,P003,Rewards Credit Card,Credit Card,Cards,False,1,Core Active,Core Relationship Customer,Moderate Risk,Moderate Cross-Sell Opportunity,Priority 3,0.2546303222261703,0.06289037603569152,0.032379135371108876,0.03363526857845597,0.2894736842105263,0.635,0.7,0.4666666666666667,0.65,0.3873233750619265,Low,2
C000331,P008,Premium Banking,Banking,Premium,False,1,Core Active,Core Relationship Customer,Moderate Risk,Moderate Cross-Sell Opportunity,Priority 3,0.20371631001742774,0.06289037603569152,0.032379135371108876,0.03363526857845597,0.2894736842105263,0.635,0.7,0.4666666666666667,0.65,0.37459487200974084,Low,3
C000331,P006,Mutual Fund Plan,Investment,Wealth,False,1,Core Active,Core Relationship Customer,Moderate Risk,Moderate Cross-Sell Opportunity,Priority 3,0.19323067783351966,0.06289037603569152,0.032379135371108876,0.03363526857845597,0.2894736842105263,0.635,0.7,0.4666666666666667,0.65,0.37197346396376385,Low,4
C000331,P004,Personal Loan,Loan,Lending,False,1,Core Active,Core Relationship Customer,Moderate Risk,Moderate Cross-Sell Opportunity,Priority 3,0.15213887712244611,0.06289037603569152,0.032379135371108876,0.03363526857845597,0.2894736842105263,0.635,0.7,0.4666666666666667,0.65,0.36170051378599544,Low,5
C000331,P005,Home Loan,Loan,Lending,False,1,Core Active,Core Relationship Customer,Moderate Risk,Moderate Cross-Sell Opportunity,Priority 3,0.1278293709509988,0.06289037603569152,0.032379135371108876,0.03363526857845597,0.2894736842105263,0.635,0.7,0.4666666666666667,0.65,0.35562313724313366,Low,6
C000332,P007,Term Insurance,Insurance,Protection,False,1,At Risk,At-Risk Engagement Customer,Critical Risk,Low Cross-Sell Opportunity,Priority 4,0.2720539905317269,0.1493414064159762,0.06545616619272883,0.0863206793402841,0.11842105263157894,0.48,0.45,0.0,0.3,0.2461449368108638,Low,1
C000332,P006,Mutual Fund Plan,Investment,Wealth,False,1,At Risk,At-Risk Engagement Customer,Critical Risk,Low Cross-Sell Opportunity,Priority 4,0.2310749740996299,0.1493414064159762,0.06545616619272883,0.0863206793402841,0.11842105263157894,0.48,0.45,0.0,0.3,0.23590018270283958,Low,2
C000332,P008,Premium Banking,Banking,Premium,False,1,At Risk,At-Risk Engagement Customer,Critical Risk,Low Cross-Sell Opportunity,Priority 4,0.2286381924904345,0.1493414064159762,0.06545616619272883,0.0863206793402841,0.11842105263157894,0.48,0.45,0.0,0.3,0.2352909873005407,Low,3
C000332,P003,Rewards Credit Card,Credit Card,Cards,False,1,At Risk,At-Risk Engagement Customer,Critical Risk,Low Cross-Sell Opportunity,Priority 4,0.2099552271021721,0.1493414064159762,0.06545616619272883,0.0863206793402841,0.11842105263157894,0.48,0.45,0.0,0.3,0.23062024595347513,Low,4
C000332,P004,Personal Loan,Loan,Lending,False,1,At Risk,At-Risk Engagement Customer,Critical Risk,Low Cross-Sell Opportunity,Priority 4,0.17487953807566103,0.1493414064159762,0.06545616619272883,0.0863206793402841,0.11842105263157894,0.48,0.45,0.0,0.3,0.22185132369684735,Low,5
C000332,P005,Home Loan,Loan,Lending,False,1,At Risk,At-Risk Engagement Customer,Critical Risk,Low Cross-Sell Opportunity,Priority 4,0.17169086012818285,0.1493414064159762,0.06545616619272883,0.0863206793402841,0.11842105263157894,0.48,0.45,0.0,0.3,0.22105415420997782,Low,6
C000333,P008,Premium Banking,Banking,Premium,False,1,Premium High-Value,Premium Digital Customer,Low Risk,Moderate Cross-Sell Opportunity,Priority 3,0.48570655982294186,0.15771988527724665,0.2759037798478672,0.05471513330099983,0.4342105263157895,0.82,1.0,0.0,0.65,0.5526021959585533,Medium,1
C000333,P007,Term Insurance,Insurance,Protection,False,1,Premium High-Value,Premium Digital Customer,Low Risk,Moderate Cross-Sell Opportunity,Priority 3,0.32331331363669846,0.15771988527724665,0.2759037798478672,0.05471513330099983,0.4342105263157895,0.82,1.0,0.0,0.65,0.5120038844119924,Low,2
C000333,P004,Personal Loan,Loan,Lending,False,1,Premium High-Value,Premium Digital Customer,Low Risk,Moderate Cross-Sell Opportunity,Priority 3,0.31907287138026363,0.15771988527724665,0.2759037798478672,0.05471513330099983,0.4342105263157895,0.82,1.0,0.0,0.65,0.5109437738478837,Low,3
C000334,P003,Rewards Credit Card,Credit Card,Cards,False,1,Core Active,Core Relationship Customer,High Risk,Moderate Cross-Sell Opportunity,Priority 3,0.29373397385321504,0.0400228383258976,0.09785311571197387,0.031340149537845634,0.34210526315789475,0.628,0.7,0.625,0.65,0.41555385060216754,Low,1
C000334,P007,Term Insurance,Insurance,Protection,False,1,Core Active,Core Relationship Customer,High Risk,Moderate Cross-Sell Opportunity,Priority 3,0.24348101490394805,0.0400228383258976,0.09785311571197387,0.031340149537845634,0.34210526315789475,0.628,0.7,0.625,0.65,0.4029906108648508,Low,2
C000334,P008,Premium Banking,Banking,Premium,False,1,Core Active,Core Relationship Customer,High Risk,Moderate Cross-Sell Opportunity,Priority 3,0.22260015818609524,0.0400228383258976,0.09785311571197387,0.031340149537845634,0.34210526315789475,0.628,0.7,0.625,0.65,0.3977703966853875,Low,3
C000334,P006,Mutual Fund Plan,Investment,Wealth,False,1,Core Active,Core Relationship Customer,High Risk,Moderate Cross-Sell Opportunity,Priority 3,0.1986714225539114,0.0400228383258976,0.09785311571197387,0.031340149537845634,0.34210526315789475,0.628,0.7,0.625,0.65,0.39178821277734155,Low,4
C000334,P004,Personal Loan,Loan,Lending,False,1,Core Active,Core Relationship Customer,High Risk,Moderate Cross-Sell Opportunity,Priority 3,0.12378769449716172,0.0400228383258976,0.09785311571197387,0.031340149537845634,0.34210526315789475,0.628,0.7,0.625,0.65,0.3730672807631542,Low,5
C000334,P005,Home Loan,Loan,Lending,False,1,Core Active,Core Relationship Customer,High Risk,Moderate Cross-Sell Opportunity,Priority 3,0.10312226250067863,0.0400228383258976,0.09785311571197387,0.031340149537845634,0.34210526315789475,0.628,0.7,0.625,0.65,0.3679009227640334,Low,6
C000335,P006,Mutual Fund Plan,Investment,Wealth,False,1,Core Active,Core Relationship Customer,Critical Risk,Low Cross-Sell Opportunity,Priority 4,0.294794552972126,0.0800456766517952,0.46001160364708005,0.054375911716414496,0.17105263157894737,0.202,0.7,0.25,0.3,0.28056566831023266,Low,1
C000335,P008,Premium Banking,Banking,Premium,False,1,Core Active,Core Relationship Customer,Critical Risk,Low Cross-Sell Opportunity,Priority 4,0.29225087481120643,0.0800456766517952,0.46001160364708005,0.054375911716414496,0.17105263157894737,0.202,0.7,0.25,0.3,0.27992974877000276,Low,2
C000335,P007,Term Insurance,Insurance,Protection,False,1,Core Active,Core Relationship Customer,Critical Risk,Low Cross-Sell Opportunity,Priority 4,0.28071299709002756,0.0800456766517952,0.46001160364708005,0.054375911716414496,0.17105263157894737,0.202,0.7,0.25,0.3,0.2770452793397081,Low,3
C000335,P005,Home Loan,Loan,Lending,False,1,Core Active,Core Relationship Customer,Critical Risk,Low Cross-Sell Opportunity,Priority 4,0.2264933567345471,0.0800456766517952,0.46001160364708005,0.054375911716414496,0.17105263157894737,0.202,0.7,0.25,0.3,0.2634903692508379,Low,4
C000335,P004,Personal Loan,Loan,Lending,False,1,Core Active,Core Relationship Customer,Critical Risk,Low Cross-Sell Opportunity,Priority 4,0.17603218668443155,0.0800456766517952,0.46001160364708005,0.054375911716414496,0.17105263157894737,0.202,0.7,0.25,0.3,0.250875076738309,Low,5
C000336,P003,Rewards Credit Card,Credit Card,Cards,False,1,Core Active,Core Digital Customer,Moderate Risk,Moderate Cross-Sell Opportunity,Priority 3,0.3900193468122505,0.08706713405566179,0.10061954812841416,0.06776301587613087,0.42105263157894735,0.855,0.7,0.16666666666666666,0.65,0.41774282491770376,Low,1
C000336,P008,Premium Banking,Banking,Premium,False,1,Core Active,Core Digital Customer,Moderate Risk,Moderate Cross-Sell Opportunity,Priority 3,0.35960936852176173,0.08706713405566179,0.10061954812841416,0.06776301587613087,0.42105263157894735,0.855,0.7,0.16666666666666666,0.65,0.41014033034508157,Low,2
C000336,P004,Personal Loan,Loan,Lending,False,1,Core Active,Core Digital Customer,Moderate Risk,Moderate Cross-Sell Opportunity,Priority 3,0.27345896054766594,0.08706713405566179,0.10061954812841416,0.06776301587613087,0.42105263157894735,0.855,0.7,0.16666666666666666,0.65,0.3886027283515576,Low,3
C000336,P005,Home Loan,Loan,Lending,False,1,Core Active,Core Digital Customer,Moderate Risk,Moderate Cross-Sell Opportunity,Priority 3,0.24402368472420333,0.08706713405566179,0.10061954812841416,0.06776301587613087,0.42105263157894735,0.855,0.7,0.16666666666666666,0.65,0.38124390939569197,Low,4
C000336,P007,Term Insurance,Insurance,Protection,False,1,Core Active,Core Digital Customer,Moderate Risk,Moderate Cross-Sell Opportunity,Priority 3,0.24223816636889717,0.08706713405566179,0.10061954812841416,0.06776301587613087,0.42105263157894735,0.855,0.7,0.16666666666666666,0.65,0.38079752980686543,Low,5
C000337,P007,Term Insurance,Insurance,Protection,False,1,Core Active,Core Relationship Customer,Low Risk,Moderate Cross-Sell Opportunity,Priority 2,0.3743478273570201,0.16727745910346292,0.1343088966300871,0.18286005848067982,0.5263157894736842,0.214,0.7,0.0,0.65,0.38488981708100023,Low,1
C000337,P004,Personal Loan,Loan,Lending,False,1,Core Active,Core Relationship Customer,Low Risk,Moderate Cross-Sell Opportunity,Priority 2,0.3164750866440109,0.16727745910346292,0.1343088966300871,0.18286005848067982,0.5263157894736842,0.214,0.7,0.0,0.65,0.370421631902748,Low,2
C000337,P003,Rewards Credit Card,Credit Card,Cards,False,1,Core Active,Core Relationship Customer,Low Risk,Moderate Cross-Sell Opportunity,Priority 2,0.3099956263996657,0.16727745910346292,0.1343088966300871,0.18286005848067982,0.5263157894736842,0.214,0.7,0.0,0.65,0.36880176684166166,Low,3
C000337,P006,Mutual Fund Plan,Investment,Wealth,False,1,Core Active,Core Relationship Customer,Low Risk,Moderate Cross-Sell Opportunity,Priority 2,0.2785687390006768,0.16727745910346292,0.1343088966300871,0.18286005848067982,0.5263157894736842,0.214,0.7,0.0,0.65,0.3609450449919145,Low,4
C000337,P005,Home Loan,Loan,Lending,False,1,Core Active,Core Relationship Customer,Low Risk,Moderate Cross-Sell Opportunity,Priority 2,0.2740677092982608,0.16727745910346292,0.1343088966300871,0.18286005848067982,0.5263157894736842,0.214,0.7,0.0,0.65,0.3598197875663104,Low,5
C000337,P008,Premium Banking,Banking,Premium,False,1,Core Active,Core Relationship Customer,Low Risk,Moderate Cross-Sell Opportunity,Priority 2,0.2544986240581481,0.16727745910346292,0.1343088966300871,0.18286005848067982,0.5263157894736842,0.214,0.7,0.0,0.65,0.35492751625628227,Low,6
C000338,P008,Premium Banking,Banking,Premium,False,1,Premium High-Value,Premium Digital Customer,Low Risk,Moderate Cross-Sell Opportunity,Priority 2,0.46003498101103546,0.320387189292543,0.11669943654897337,0.23748127506198038,0.631578947368421,0.708,1.0,0.2,0.65,0.6171230252165306,Medium,1
C000338,P006,Mutual Fund Plan,Investment,Wealth,False,1,Premium High-Value,Premium Digital Customer,Low Risk,Moderate Cross-Sell Opportunity,Priority 2,0.43526716491908135,0.320387189292543,0.11669943654897337,0.23748127506198038,0.631578947368421,0.708,1.0,0.2,0.65,0.6109310711935422,Medium,2
C000338,P005,Home Loan,Loan,Lending,False,1,Premium High-Value,Premium Digital Customer,Low Risk,Moderate Cross-Sell Opportunity,Priority 2,0.3459479211842601,0.320387189292543,0.11669943654897337,0.23748127506198038,0.631578947368421,0.708,1.0,0.2,0.65,0.5886012602598368,Medium,3
C000339,P003,Rewards Credit Card,Credit Card,Cards,False,1,Core Active,Core Relationship Customer,Low Risk,Moderate Cross-Sell Opportunity,Priority 2,0.42582242001652276,0.212728383258976,0.09389872412276673,0.21076687440484368,0.42105263157894735,0.787,0.7,0.5833333333333333,0.65,0.5066925097261014,Low,1
C000339,P008,Premium Banking,Banking,Premium,False,1,Core Active,Core Relationship Customer,Low Risk,Moderate Cross-Sell Opportunity,Priority 2,0.30746565441030854,0.212728383258976,0.09389872412276673,0.21076687440484368,0.42105263157894735,0.787,0.7,0.5833333333333333,0.65,0.4771033183245478,Low,2
C000339,P006,Mutual Fund Plan,Investment,Wealth,False,1,Core Active,Core Relationship Customer,Low Risk,Moderate Cross-Sell Opportunity,Priority 2,0.28047197624938897,0.212728383258976,0.09389872412276673,0.21076687440484368,0.42105263157894735,0.787,0.7,0.5833333333333333,0.65,0.4703548987843179,Low,3
C000339,P004,Personal Loan,Loan,Lending,False,1,Core Active,Core Relationship Customer,Low Risk,Moderate Cross-Sell Opportunity,Priority 2,0.2413361903101074,0.212728383258976,0.09389872412276673,0.21076687440484368,0.42105263157894735,0.787,0.7,0.5833333333333333,0.65,0.4605709522994975,Low,4
C000339,P007,Term Insurance,Insurance,Protection,False,1,Core Active,Core Relationship Customer,Low Risk,Moderate Cross-Sell Opportunity,Priority 2,0.23833819738037754,0.212728383258976,0.09389872412276673,0.21076687440484368,0.42105263157894735,0.787,0.7,0.5833333333333333,0.65,0.459821454067065,Low,5
C000339,P005,Home Loan,Loan,Lending,False,1,Core Active,Core Relationship Customer,Low Risk,Moderate Cross-Sell Opportunity,Priority 2,0.2028754674930921,0.212728383258976,0.09389872412276673,0.21076687440484368,0.42105263157894735,0.787,0.7,0.5833333333333333,0.65,0.4509557715952437,Low,6
C000340,P007,Term Insurance,Insurance,Protection,False,1,Core Active,Core Relationship Customer,High Risk,Moderate Cross-Sell Opportunity,Priority 3,0.311894636221226,0.04800031867431485,0.21158247968051896,0.0,0.09210526315789473,0.469,0.7,0.0,0.65,0.30578951226385365,Low,1
C000340,P006,Mutual Fund Plan,Investment,Wealth,False,1,Core Active,Core Relationship Customer,High Risk,Moderate Cross-Sell Opportunity,Priority 3,0.2738576336447508,0.04800031867431485,0.21158247968051896,0.0,0.09210526315789473,0.469,0.7,0.0,0.65,0.29628026161973486,Low,2
C000340,P008,Premium Banking,Banking,Premium,False,1,Core Active,Core Relationship Customer,High Risk,Moderate Cross-Sell Opportunity,Priority 3,0.2697214267481991,0.04800031867431485,0.21158247968051896,0.0,0.09210526315789473,0.469,0.7,0.0,0.65,0.2952462098955969,Low,3
C000340,P005,Home Loan,Loan,Lending,False,1,Core Active,Core Relationship Customer,High Risk,Moderate Cross-Sell Opportunity,Priority 3,0.17224400244561053,0.04800031867431485,0.21158247968051896,0.0,0.09210526315789473,0.469,0.7,0.0,0.65,0.27087685381994986,Low,4
C000340,P004,Personal Loan,Loan,Lending,False,1,Core Active,Core Relationship Customer,High Risk,Moderate Cross-Sell Opportunity,Priority 3,0.1473171408756064,0.04800031867431485,0.21158247968051896,0.0,0.09210526315789473,0.469,0.7,0.0,0.65,0.26464513842744875,Low,5
C000341,P007,Term Insurance,Insurance,Protection,False,1,Core Active,Core Relationship Customer,Moderate Risk,Moderate Cross-Sell Opportunity,Priority 3,0.2859440619896569,0.1334156575313363,0.10819649913566452,0.15950516635407821,0.35526315789473684,0.581,0.7,0.25,0.65,0.392058620687892,Low,1
C000341,P008,Premium Banking,Banking,Premium,False,1,Core Active,Core Relationship Customer,Moderate Risk,Moderate Cross-Sell Opportunity,Priority 3,0.2673699146054851,0.1334156575313363,0.10819649913566452,0.15950516635407821,0.35526315789473684,0.581,0.7,0.25,0.65,0.3874150838418491,Low,2
C000341,P006,Mutual Fund Plan,Investment,Wealth,False,1,Core Active,Core Relationship Customer,Moderate Risk,Moderate Cross-Sell Opportunity,Priority 3,0.25527393759399086,0.1334156575313363,0.10819649913566452,0.15950516635407821,0.35526315789473684,0.581,0.7,0.25,0.65,0.3843910895889755,Low,3
C000341,P004,Personal Loan,Loan,Lending,False,1,Core Active,Core Relationship Customer,Moderate Risk,Moderate Cross-Sell Opportunity,Priority 3,0.21006990594503083,0.1334156575313363,0.10819649913566452,0.15950516635407821,0.35526315789473684,0.581,0.7,0.25,0.65,0.3730900816767355,Low,4
C000341,P005,Home Loan,Loan,Lending,False,1,Core Active,Core Relationship Customer,Moderate Risk,Moderate Cross-Sell Opportunity,Priority 3,0.1814933312670658,0.1334156575313363,0.10819649913566452,0.15950516635407821,0.35526315789473684,0.581,0.7,0.25,0.65,0.3659459380072443,Low,5
C000342,P008,Premium Banking,Banking,Premium,False,1,Premium High-Value,Premium Relationship Customer,High Risk,Moderate Cross-Sell Opportunity,Priority 2,0.5903501193391985,0.7072976418100702,0.2135738220045248,0.7332578261596846,0.5263157894736842,0.62,1.0,0.6666666666666666,0.65,0.7091610932845329,Medium,1
C000343,P008,Premium Banking,Banking,Premium,False,1,Core Active,Core Relationship Customer,Moderate Risk,Moderate Cross-Sell Opportunity,Priority 3,0.2785384469176801,0.15747822392181857,0.1497579546284126,0.060971108226637406,0.4605263157894737,0.523,0.7,0.1,0.65,0.3700092038822048,Low,1
C000343,P006,Mutual Fund Plan,Investment,Wealth,False,1,Core Active,Core Relationship Customer,Moderate Risk,Moderate Cross-Sell Opportunity,Priority 3,0.2604344239291743,0.15747822392181857,0.1497579546284126,0.060971108226637406,0.4605263157894737,0.523,0.7,0.1,0.65,0.36548319813507835,Low,2
C000343,P005,Home Loan,Loan,Lending,False,1,Core Active,Core Relationship Customer,Moderate Risk,Moderate Cross-Sell Opportunity,Priority 3,0.17633243819725414,0.15747822392181857,0.1497579546284126,0.060971108226637406,0.4605263157894737,0.523,0.7,0.1,0.65,0.34445770170209833,Low,3
C000344,P003,Rewards Credit Card,Credit Card,Cards,False,1,Core Active,Core Relationship Customer,High Risk,Low Cross-Sell Opportunity,Priority 3,0.315836068026266,0.05646112173358827,0.03511692543172239,0.015887812039469318,0.4605263157894737,0.708,0.7,0.2,0.3,0.3701301887217052,Low,1
C000344,P008,Premium Banking,Banking,Premium,False,1,Core Active,Core Relationship Customer,High Risk,Low Cross-Sell Opportunity,Priority 3,0.24451662843279556,0.05646112173358827,0.03511692543172239,0.015887812039469318,0.4605263157894737,0.708,0.7,0.2,0.3,0.3523003288233376,Low,2
C000344,P006,Mutual Fund Plan,Investment,Wealth,False,1,Core Active,Core Relationship Customer,High Risk,Low Cross-Sell Opportunity,Priority 3,0.24072582383509444,0.05646112173358827,0.03511692543172239,0.015887812039469318,0.4605263157894737,0.708,0.7,0.2,0.3,0.35135262767391234,Low,3
C000344,P007,Term Insurance,Insurance,Protection,False,1,Core Active,Core Relationship Customer,High Risk,Low Cross-Sell Opportunity,Priority 3,0.21454497115249715,0.05646112173358827,0.03511692543172239,0.015887812039469318,0.4605263157894737,0.708,0.7,0.2,0.3,0.344807414503263,Low,4
C000344,P004,Personal Loan,Loan,Lending,False,1,Core Active,Core Relationship Customer,High Risk,Low Cross-Sell Opportunity,Priority 3,0.21231628710751999,0.05646112173358827,0.03511692543172239,0.015887812039469318,0.4605263157894737,0.708,0.7,0.2,0.3,0.3442502434920187,Low,5
C000344,P005,Home Loan,Loan,Lending,False,1,Core Active,Core Relationship Customer,High Risk,Low Cross-Sell Opportunity,Priority 3,0.17276546922606345,0.05646112173358827,0.03511692543172239,0.015887812039469318,0.4605263157894737,0.708,0.7,0.2,0.3,0.3343625390216546,Low,6
C000345,P007,Term Insurance,Insurance,Protection,False,1,Premium High-Value,Premium Relationship Customer,High Risk,Low Cross-Sell Opportunity,Priority 3,0.3512872492738731,0.19725940089228808,0.1728408990486197,0.2511230290338166,0.4473684210526316,0.286,1.0,0.25,0.3,0.4629789556548207,Low,1
C000345,P005,Home Loan,Loan,Lending,False,1,Premium High-Value,Premium Relationship Customer,High Risk,Low Cross-Sell Opportunity,Priority 3,0.30781117055277296,0.19725940089228808,0.1728408990486197,0.2511230290338166,0.4473684210526316,0.286,1.0,0.25,0.3,0.45210993597454563,Low,2
C000345,P008,Premium Banking,Banking,Premium,False,1,Premium High-Value,Premium Relationship Customer,High Risk,Low Cross-Sell Opportunity,Priority 3,0.29362870511997397,0.19725940089228808,0.1728408990486197,0.2511230290338166,0.4473684210526316,0.286,1.0,0.25,0.3,0.4485643196163459,Low,3
C000346,P008,Premium Banking,Banking,Premium,False,1,Core Active,Core Digital Customer,High Risk,Low Cross-Sell Opportunity,Priority 3,0.29442159063076834,0.04653176120671341,0.04778802421187239,0.006488196864396401,0.3684210526315789,0.899,0.7,0.25,0.3,0.37307490779377167,Low,1
C000346,P004,Personal Loan,Loan,Lending,False,1,Core Active,Core Digital Customer,High Risk,Low Cross-Sell Opportunity,Priority 3,0.1840406163757486,0.04653176120671341,0.04778802421187239,0.006488196864396401,0.3684210526315789,0.899,0.7,0.25,0.3,0.3454796642300167,Low,2
C000346,P005,Home Loan,Loan,Lending,False,1,Core Active,Core Digital Customer,High Risk,Low Cross-Sell Opportunity,Priority 3,0.15604448311826757,0.04653176120671341,0.04778802421187239,0.006488196864396401,0.3684210526315789,0.899,0.7,0.25,0.3,0.33848063091564645,Low,3
C000347,P004,Personal Loan,Loan,Lending,False,1,Premium High-Value,Premium Relationship Customer,Low Risk,Moderate Cross-Sell Opportunity,Priority 3,0.5666763971322459,0.3847487784151264,0.14540990529509834,0.27056799523781494,0.8947368421052632,0.622,1.0,0.0,0.65,0.6475293812818763,Medium,1
C000347,P005,Home Loan,Loan,Lending,False,1,Premium High-Value,Premium Relationship Customer,Low Risk,Moderate Cross-Sell Opportunity,Priority 3,0.49119483811295916,0.3847487784151264,0.14540990529509834,0.27056799523781494,0.8947368421052632,0.622,1.0,0.0,0.65,0.6286589915270546,Medium,2
C000347,P008,Premium Banking,Banking,Premium,False,1,Premium High-Value,Premium Relationship Customer,Low Risk,Moderate Cross-Sell Opportunity,Priority 3,0.46342465670082333,0.3847487784151264,0.14540990529509834,0.27056799523781494,0.8947368421052632,0.622,1.0,0.0,0.65,0.6217164461740207,Medium,3
C000348,P003,Rewards Credit Card,Credit Card,Cards,False,1,Core Active,Core Relationship Customer,Moderate Risk,Moderate Cross-Sell Opportunity,Priority 3,0.3802551362513558,0.12767686424474187,0.04533735630357125,0.056549546442986015,0.5263157894736842,0.738,0.7,0.16666666666666666,0.65,0.4475131919995067,Low,1
C000348,P007,Term Insurance,Insurance,Protection,False,1,Core Active,Core Relationship Customer,Moderate Risk,Moderate Cross-Sell Opportunity,Priority 3,0.3181989398597273,0.12767686424474187,0.04533735630357125,0.056549546442986015,0.5263157894736842,0.738,0.7,0.16666666666666666,0.65,0.43199914290159946,Low,2
C000348,P008,Premium Banking,Banking,Premium,False,1,Core Active,Core Relationship Customer,Moderate Risk,Moderate Cross-Sell Opportunity,Priority 3,0.26776196377575884,0.12767686424474187,0.04533735630357125,0.056549546442986015,0.5263157894736842,0.738,0.7,0.16666666666666666,0.65,0.4193898988806074,Low,3
C000348,P004,Personal Loan,Loan,Lending,False,1,Core Active,Core Relationship Customer,Moderate Risk,Moderate Cross-Sell Opportunity,Priority 3,0.2185732816264302,0.12767686424474187,0.04533735630357125,0.056549546442986015,0.5263157894736842,0.738,0.7,0.16666666666666666,0.65,0.40709272834327526,Low,4
C000348,P005,Home Loan,Loan,Lending,False,1,Core Active,Core Relationship Customer,Moderate Risk,Moderate Cross-Sell Opportunity,Priority 3,0.17347119469253597,0.12767686424474187,0.04533735630357125,0.056549546442986015,0.5263157894736842,0.738,0.7,0.16666666666666666,0.65,0.3958172066098017,Low,5
C000349,P008,Premium Banking,Banking,Premium,False,1,Core Active,Core Relationship Customer,Critical Risk,Low Cross-Sell Opportunity,Priority 4,0.18684980334328918,0.10902113872955173,0.08682126785737364,0.06789431238476513,0.10526315789473684,0.381,0.7,0.125,0.3,0.2549061522659432,Low,1
C000349,P007,Term Insurance,Insurance,Protection,False,1,Core Active,Core Relationship Customer,Critical Risk,Low Cross-Sell Opportunity,Priority 4,0.11969108783410073,0.10902113872955173,0.08682126785737364,0.06789431238476513,0.10526315789473684,0.381,0.7,0.125,0.3,0.23811647338864605,Low,2
C000349,P005,Home Loan,Loan,Lending,False,1,Core Active,Core Relationship Customer,Critical Risk,Low Cross-Sell Opportunity,Priority 4,0.11255400869912609,0.10902113872955173,0.08682126785737364,0.06789431238476513,0.10526315789473684,0.381,0.7,0.125,0.3,0.23633220360490242,Low,3
C000349,P004,Personal Loan,Loan,Lending,False,1,Core Active,Core Relationship Customer,Critical Risk,Low Cross-Sell Opportunity,Priority 4,0.11139550861199266,0.10902113872955173,0.08682126785737364,0.06789431238476513,0.10526315789473684,0.381,0.7,0.125,0.3,0.23604257858311906,Low,4
C000350,P008,Premium Banking,Banking,Premium,False,1,Core Active,Core Relationship Customer,High Risk,Moderate Cross-Sell Opportunity,Priority 4,0.1756110183679525,0.041188655194391334,0.017341549265026672,0.01068127468818247,0.2894736842105263,0.572,0.7,0.0,0.65,0.2902615382624454,Low,1
C000350,P006,Mutual Fund Plan,Investment,Wealth,False,1,Core Active,Core Relationship Customer,High Risk,Moderate Cross-Sell Opportunity,Priority 4,0.1570684896323203,0.041188655194391334,0.017341549265026672,0.01068127468818247,0.2894736842105263,0.572,0.7,0.0,0.65,0.28562590607853733,Low,2
C000350,P004,Personal Loan,Loan,Lending,False,1,Core Active,Core Relationship Customer,High Risk,Moderate Cross-Sell Opportunity,Priority 4,0.10516123452091661,0.041188655194391334,0.017341549265026672,0.01068127468818247,0.2894736842105263,0.572,0.7,0.0,0.65,0.27264909230068635,Low,3
C000350,P007,Term Insurance,Insurance,Protection,False,1,Core Active,Core Relationship Customer,High Risk,Moderate Cross-Sell Opportunity,Priority 4,0.0926737211226609,0.041188655194391334,0.017341549265026672,0.01068127468818247,0.2894736842105263,0.572,0.7,0.0,0.65,0.26952721395112245,Low,4
C000350,P005,Home Loan,Loan,Lending,False,1,Core Active,Core Relationship Customer,High Risk,Moderate Cross-Sell Opportunity,Priority 4,0.0798064037805193,0.041188655194391334,0.017341549265026672,0.01068127468818247,0.2894736842105263,0.572,0.7,0.0,0.65,0.266310384615587,Low,5
C000351,P003,Rewards Credit Card,Credit Card,Cards,False,1,Core Active,Core Relationship Customer,Moderate Risk,Moderate Cross-Sell Opportunity,Priority 3,0.3537364001493056,0.2396351179094965,0.08044345352760303,0.1396966817026868,0.3684210526315789,0.565,0.7,0.5,0.65,0.4556242815139625,Low,1
C000351,P008,Premium Banking,Banking,Premium,False,1,Core Active,Core Relationship Customer,Moderate Risk,Moderate Cross-Sell Opportunity,Priority 3,0.2670668617752535,0.2396351179094965,0.08044345352760303,0.1396966817026868,0.3684210526315789,0.565,0.7,0.5,0.65,0.4339568969204495,Low,2
C000351,P006,Mutual Fund Plan,Investment,Wealth,False,1,Core Active,Core Relationship Customer,Moderate Risk,Moderate Cross-Sell Opportunity,Priority 3,0.24456398821203518,0.2396351179094965,0.08044345352760303,0.1396966817026868,0.3684210526315789,0.565,0.7,0.5,0.65,0.428331178529645,Low,3
C000351,P004,Personal Loan,Loan,Lending,False,1,Core Active,Core Relationship Customer,Moderate Risk,Moderate Cross-Sell Opportunity,Priority 3,0.20282197957918738,0.2396351179094965,0.08044345352760303,0.1396966817026868,0.3684210526315789,0.565,0.7,0.5,0.65,0.417895676371433,Low,4
C000351,P007,Term Insurance,Insurance,Protection,False,1,Core Active,Core Relationship Customer,Moderate Risk,Moderate Cross-Sell Opportunity,Priority 3,0.1900562174992236,0.2396351179094965,0.08044345352760303,0.1396966817026868,0.3684210526315789,0.565,0.7,0.5,0.65,0.414704235851442,Low,5
C000351,P005,Home Loan,Loan,Lending,False,1,Core Active,Core Relationship Customer,Moderate Risk,Moderate Cross-Sell Opportunity,Priority 3,0.17605848007037608,0.2396351179094965,0.08044345352760303,0.1396966817026868,0.3684210526315789,0.565,0.7,0.5,0.65,0.4112048014942301,Low,6
C000352,P007,Term Insurance,Insurance,Protection,False,1,Core Active,Core Relationship Customer,High Risk,Low Cross-Sell Opportunity,Priority 3,0.3620569056399564,0.10321595496069684,0.11327667502767305,0.05179109931155773,0.34210526315789475,0.491,0.7,0.0,0.3,0.3315732068758127,Low,1
C000352,P006,Mutual Fund Plan,Investment,Wealth,False,1,Core Active,Core Relationship Customer,High Risk,Low Cross-Sell Opportunity,Priority 3,0.3244794813613342,0.10321595496069684,0.11327667502767305,0.05179109931155773,0.34210526315789475,0.491,0.7,0.0,0.3,0.32217885080615716,Low,2
C000352,P008,Premium Banking,Banking,Premium,False,1,Core Active,Core Relationship Customer,High Risk,Low Cross-Sell Opportunity,Priority 3,0.2990294813613342,0.10321595496069684,0.11327667502767305,0.05179109931155773,0.34210526315789475,0.491,0.7,0.0,0.3,0.31581635080615716,Low,3
C000352,P005,Home Loan,Loan,Lending,False,1,Core Active,Core Relationship Customer,High Risk,Low Cross-Sell Opportunity,Priority 3,0.25949822299149106,0.10321595496069684,0.11327667502767305,0.05179109931155773,0.34210526315789475,0.491,0.7,0.0,0.3,0.30593353621369634,Low,4
C000353,P008,Premium Banking,Banking,Premium,False,1,Premium High-Value,Premium Digital Customer,Moderate Risk,Moderate Cross-Sell Opportunity,Priority 2,0.7153924882576381,0.6290923093265349,0.5848674749632626,0.6634104198030646,0.7763157894736842,0.769,1.0,0.4666666666666667,0.65,0.7771806190174358,High,1
C000353,P006,Mutual Fund Plan,Investment,Wealth,False,1,Premium High-Value,Premium Digital Customer,Moderate Risk,Moderate Cross-Sell Opportunity,Priority 2,0.697919499751891,0.6290923093265349,0.5848674749632626,0.6634104198030646,0.7763157894736842,0.769,1.0,0.4666666666666667,0.65,0.772812371890999,High,2
C000353,P005,Home Loan,Loan,Lending,False,1,Premium High-Value,Premium Digital Customer,Moderate Risk,Moderate Cross-Sell Opportunity,Priority 2,0.6825462061636995,0.6290923093265349,0.5848674749632626,0.6634104198030646,0.7763157894736842,0.769,1.0,0.4666666666666667,0.65,0.7689690484939512,High,3
C000353,P007,Term Insurance,Insurance,Protection,False,1,Premium High-Value,Premium Digital Customer,Moderate Risk,Moderate Cross-Sell Opportunity,Priority 2,0.647591136129465,0.6290923093265349,0.5848674749632626,0.6634104198030646,0.7763157894736842,0.769,1.0,0.4666666666666667,0.65,0.7602302809853925,High,4
C000354,P007,Term Insurance,Insurance,Protection,False,1,At Risk,At-Risk Engagement Customer,Critical Risk,Low Cross-Sell Opportunity,Priority 4,0.24052506872155827,0.06392872317824516,0.030457303154536337,0.06901383706336904,0.17105263157894737,0.0,0.45,0.16666666666666666,0.3,0.19774157321954738,Low,1
C000354,P004,Personal Loan,Loan,Lending,False,1,At Risk,At-Risk Engagement Customer,Critical Risk,Low Cross-Sell Opportunity,Priority 4,0.07865705787925521,0.06392872317824516,0.030457303154536337,0.06901383706336904,0.17105263157894737,0.0,0.45,0.16666666666666666,0.3,0.1572745705089716,Low,2
C000354,P006,Mutual Fund Plan,Investment,Wealth,False,1,At Risk,At-Risk Engagement Customer,Critical Risk,Low Cross-Sell Opportunity,Priority 4,0.0745613807749867,0.06392872317824516,0.030457303154536337,0.06901383706336904,0.17105263157894737,0.0,0.45,0.16666666666666666,0.3,0.1562506512329045,Low,3
C000354,P008,Premium Banking,Banking,Premium,False,1,At Risk,At-Risk Engagement Customer,Critical Risk,Low Cross-Sell Opportunity,Priority 4,0.07226253020027407,0.06392872317824516,0.030457303154536337,0.06901383706336904,0.17105263157894737,0.0,0.45,0.16666666666666666,0.3,0.15567593858922635,Low,4
C000354,P005,Home Loan,Loan,Lending,False,1,At Risk,At-Risk Engagement Customer,Critical Risk,Low Cross-Sell Opportunity,Priority 4,0.06241544264711628,0.06392872317824516,0.030457303154536337,0.06901383706336904,0.17105263157894737,0.0,0.45,0.16666666666666666,0.3,0.1532141667009369,Low,5
C000355,P008,Premium Banking,Banking,Premium,False,1,At Risk,At-Risk Declining Customer,Critical Risk,Moderate Cross-Sell Opportunity,Priority 3,0.24961773116497077,0.1166294879966008,0.08520087897102686,0.11466951126860463,0.21052631578947367,0.713,0.45,0.75,0.65,0.3636092777589839,Low,1
C000355,P006,Mutual Fund Plan,Investment,Wealth,False,1,At Risk,At-Risk Declining Customer,Critical Risk,Moderate Cross-Sell Opportunity,Priority 3,0.222013708176465,0.1166294879966008,0.08520087897102686,0.11466951126860463,0.21052631578947367,0.713,0.45,0.75,0.65,0.3567082720118575,Low,2
C000355,P007,Term Insurance,Insurance,Protection,False,1,At Risk,At-Risk Declining Customer,Critical Risk,Moderate Cross-Sell Opportunity,Priority 3,0.17164624166538098,0.1166294879966008,0.08520087897102686,0.11466951126860463,0.21052631578947367,0.713,0.45,0.75,0.65,0.3441164053840865,Low,3
C000355,P004,Personal Loan,Loan,Lending,False,1,At Risk,At-Risk Declining Customer,Critical Risk,Moderate Cross-Sell Opportunity,Priority 3,0.1369460746907327,0.1166294879966008,0.08520087897102686,0.11466951126860463,0.21052631578947367,0.713,0.45,0.75,0.65,0.33544136364042443,Low,4
C000355,P005,Home Loan,Loan,Lending,False,1,At Risk,At-Risk Declining Customer,Critical Risk,Moderate Cross-Sell Opportunity,Priority 3,0.12303809823040893,0.1166294879966008,0.08520087897102686,0.11466951126860463,0.21052631578947367,0.713,0.45,0.75,0.65,0.3319643695253435,Low,5
C000356,P005,Home Loan,Loan,Lending,False,1,Premium High-Value,Premium Digital Customer,Low Risk,Moderate Cross-Sell Opportunity,Priority 2,0.9028322116742417,1.0,1.0,0.8499192129311641,0.6973684210526315,1.0,1.0,0.6333333333333333,0.65,0.9461466494097885,High,1
C000356,P007,Term Insurance,Insurance,Protection,False,1,Premium High-Value,Premium Digital Customer,Low Risk,Moderate Cross-Sell Opportunity,Priority 2,0.7555823348272814,1.0,1.0,0.8499192129311641,0.6973684210526315,1.0,1.0,0.6333333333333333,0.65,0.9093341801980485,High,2
C000357,P008,Premium Banking,Banking,Premium,False,1,Premium High-Value,Premium Relationship Customer,Moderate Risk,Moderate Cross-Sell Opportunity,Priority 3,0.4033053257040722,0.17567718291905673,0.1785578434122407,0.2366869545471112,0.5394736842105263,0.461,1.0,0.25,0.65,0.5004828206414084,Low,1
C000357,P004,Personal Loan,Loan,Lending,False,1,Premium High-Value,Premium Relationship Customer,Moderate Risk,Moderate Cross-Sell Opportunity,Priority 3,0.38196033844942545,0.17567718291905673,0.1785578434122407,0.2366869545471112,0.5394736842105263,0.461,1.0,0.25,0.65,0.49514657382774674,Low,2
C000357,P005,Home Loan,Loan,Lending,False,1,Premium High-Value,Premium Relationship Customer,Moderate Risk,Moderate Cross-Sell Opportunity,Priority 3,0.3399118102314507,0.17567718291905673,0.1785578434122407,0.2366869545471112,0.5394736842105263,0.461,1.0,0.25,0.65,0.484634441773253,Low,3
C000358,P007,Term Insurance,Insurance,Protection,False,1,Core Active,Core Relationship Customer,Critical Risk,Moderate Cross-Sell Opportunity,Priority 3,0.4050402197595795,0.11547429360526874,0.29961056874986247,0.09874712292437042,0.2631578947368421,0.715,0.7,0.0,0.65,0.37282859787147493,Low,1
C000358,P008,Premium Banking,Banking,Premium,False,1,Core Active,Core Relationship Customer,Critical Risk,Moderate Cross-Sell Opportunity,Priority 3,0.35701477345465293,0.11547429360526874,0.29961056874986247,0.09874712292437042,0.2631578947368421,0.715,0.7,0.0,0.65,0.36082223629524324,Low,2
C000358,P006,Mutual Fund Plan,Investment,Wealth,False,1,Core Active,Core Relationship Customer,Critical Risk,Moderate Cross-Sell Opportunity,Priority 3,0.34137971598338857,0.11547429360526874,0.29961056874986247,0.09874712292437042,0.2631578947368421,0.715,0.7,0.0,0.65,0.3569134719274272,Low,3
C000358,P005,Home Loan,Loan,Lending,False,1,Core Active,Core Relationship Customer,Critical Risk,Moderate Cross-Sell Opportunity,Priority 3,0.22683450273913097,0.11547429360526874,0.29961056874986247,0.09874712292437042,0.2631578947368421,0.715,0.7,0.0,0.65,0.3282771686163628,Low,4
C000358,P004,Personal Loan,Loan,Lending,False,1,Core Active,Core Relationship Customer,Critical Risk,Moderate Cross-Sell Opportunity,Priority 3,0.2123097045125094,0.11547429360526874,0.29961056874986247,0.09874712292437042,0.2631578947368421,0.715,0.7,0.0,0.65,0.32464596905970744,Low,5
C000359,P008,Premium Banking,Banking,Premium,False,1,Core Active,Core Digital Customer,High Risk,Moderate Cross-Sell Opportunity,Priority 4,0.26359733982818856,0.05001593371574251,0.026761042064792503,0.04884837542764815,0.3684210526315789,0.776,0.7,0.0,0.65,0.3462656795949325,Low,1
C000359,P007,Term Insurance,Insurance,Protection,False,1,Core Active,Core Digital Customer,High Risk,Moderate Cross-Sell Opportunity,Priority 4,0.25993248689452647,0.05001593371574251,0.026761042064792503,0.04884837542764815,0.3684210526315789,0.776,0.7,0.0,0.65,0.345349466361517,Low,2
C000359,P006,Mutual Fund Plan,Investment,Wealth,False,1,Core Active,Core Digital Customer,High Risk,Moderate Cross-Sell Opportunity,Priority 4,0.24376285706956785,0.05001593371574251,0.026761042064792503,0.04884837542764815,0.3684210526315789,0.776,0.7,0.0,0.65,0.34130705890527735,Low,3
C000359,P004,Personal Loan,Loan,Lending,False,1,Core Active,Core Digital Customer,High Risk,Moderate Cross-Sell Opportunity,Priority 4,0.15936937376042498,0.05001593371574251,0.026761042064792503,0.04884837542764815,0.3684210526315789,0.776,0.7,0.0,0.65,0.32020868807799163,Low,4
C000359,P005,Home Loan,Loan,Lending,False,1,Core Active,Core Digital Customer,High Risk,Moderate Cross-Sell Opportunity,Priority 4,0.12415738395000828,0.05001593371574251,0.026761042064792503,0.04884837542764815,0.3684210526315789,0.776,0.7,0.0,0.65,0.31140569062538737,Low,5
C000360,P003,Rewards Credit Card,Credit Card,Cards,False,1,Core Active,Core Digital Customer,Moderate Risk,Moderate Cross-Sell Opportunity,Priority 3,0.3742453784080562,0.04128691310813682,0.11298501201407109,0.019180036949921365,0.4473684210526316,0.839,0.7,0.16666666666666666,0.65,0.4069906570482028,Low,1
C000360,P008,Premium Banking,Banking,Premium,False,1,Core Active,Core Digital Customer,Moderate Risk,Moderate Cross-Sell Opportunity,Priority 3,0.30124165093221666,0.04128691310813682,0.11298501201407109,0.019180036949921365,0.4473684210526316,0.839,0.7,0.16666666666666666,0.65,0.38873972517924293,Low,2
C000360,P006,Mutual Fund Plan,Investment,Wealth,False,1,Core Active,Core Digital Customer,Moderate Risk,Moderate Cross-Sell Opportunity,Priority 3,0.2796939497827914,0.04128691310813682,0.11298501201407109,0.019180036949921365,0.4473684210526316,0.839,0.7,0.16666666666666666,0.65,0.38335279989188664,Low,3
C000360,P007,Term Insurance,Insurance,Protection,False,1,Core Active,Core Digital Customer,Moderate Risk,Moderate Cross-Sell Opportunity,Priority 3,0.27114011680760125,0.04128691310813682,0.11298501201407109,0.019180036949921365,0.4473684210526316,0.839,0.7,0.16666666666666666,0.65,0.3812143416480891,Low,4
C000360,P004,Personal Loan,Loan,Lending,False,1,Core Active,Core Digital Customer,Moderate Risk,Moderate Cross-Sell Opportunity,Priority 3,0.18385041388678644,0.04128691310813682,0.11298501201407109,0.019180036949921365,0.4473684210526316,0.839,0.7,0.16666666666666666,0.65,0.35939191591788533,Low,5
C000360,P005,Home Loan,Loan,Lending,False,1,Core Active,Core Digital Customer,Moderate Risk,Moderate Cross-Sell Opportunity,Priority 3,0.15620766554404866,0.04128691310813682,0.11298501201407109,0.019180036949921365,0.4473684210526316,0.839,0.7,0.16666666666666666,0.65,0.3524812288322009,Low,6
C000361,P003,Rewards Credit Card,Credit Card,Cards,False,1,Core Active,Core Relationship Customer,High Risk,Moderate Cross-Sell Opportunity,Priority 4,0.3235987563137447,0.03949437008710431,0.015342173109508458,0.011797061387892875,0.35526315789473684,0.753,0.7,0.0,0.65,0.35488803678006753,Low,1
C000361,P008,Premium Banking,Banking,Premium,False,1,Core Active,Core Relationship Customer,High Risk,Moderate Cross-Sell Opportunity,Priority 4,0.21465787946761497,0.03949437008710431,0.015342173109508458,0.011797061387892875,0.35526315789473684,0.753,0.7,0.0,0.65,0.32765281756853515,Low,2
C000361,P006,Mutual Fund Plan,Investment,Wealth,False,1,Core Active,Core Relationship Customer,High Risk,Moderate Cross-Sell Opportunity,Priority 4,0.1818929369388793,0.03949437008710431,0.015342173109508458,0.011797061387892875,0.35526315789473684,0.753,0.7,0.0,0.65,0.3194615819363512,Low,3
C000361,P007,Term Insurance,Insurance,Protection,False,1,Core Active,Core Relationship Customer,High Risk,Moderate Cross-Sell Opportunity,Priority 4,0.16864812150677683,0.03949437008710431,0.015342173109508458,0.011797061387892875,0.35526315789473684,0.753,0.7,0.0,0.65,0.3161503780783256,Low,4
C000361,P004,Personal Loan,Loan,Lending,False,1,Core Active,Core Relationship Customer,High Risk,Moderate Cross-Sell Opportunity,Priority 4,0.1022168532628766,0.03949437008710431,0.015342173109508458,0.011797061387892875,0.35526315789473684,0.753,0.7,0.0,0.65,0.29954256101735055,Low,5
C000361,P005,Home Loan,Loan,Lending,False,1,Core Active,Core Relationship Customer,High Risk,Moderate Cross-Sell Opportunity,Priority 4,0.06978687580539512,0.03949437008710431,0.015342173109508458,0.011797061387892875,0.35526315789473684,0.753,0.7,0.0,0.65,0.29143506665298013,Low,6
C000362,P007,Term Insurance,Insurance,Protection,False,1,Premium High-Value,Premium Relationship Customer,Moderate Risk,Moderate Cross-Sell Opportunity,Priority 2,0.6299605717793847,0.7327676864244742,0.346948698397041,0.6217987715132367,0.7105263157894737,0.623,1.0,0.45,0.65,0.7504226275981621,High,1
C000363,P003,Rewards Credit Card,Credit Card,Cards,False,1,Core Active,Core Relationship Customer,Low Risk,Moderate Cross-Sell Opportunity,Priority 3,0.38026826246052364,0.10740386658168685,0.1528705403939302,0.11045120208728741,0.47368421052631576,0.52,0.7,0.45,0.65,0.4621004705104157,Low,1
C000363,P008,Premium Banking,Banking,Premium,False,1,Core Active,Core Relationship Customer,Low Risk,Moderate Cross-Sell Opportunity,Priority 3,0.3056604516612204,0.10740386658168685,0.1528705403939302,0.11045120208728741,0.47368421052631576,0.52,0.7,0.45,0.65,0.4434485178105898,Low,2
C000363,P006,Mutual Fund Plan,Investment,Wealth,False,1,Core Active,Core Relationship Customer,Low Risk,Moderate Cross-Sell Opportunity,Priority 3,0.29632711832788705,0.10740386658168685,0.1528705403939302,0.11045120208728741,0.47368421052631576,0.52,0.7,0.45,0.65,0.4411151844772565,Low,3
C000363,P007,Term Insurance,Insurance,Protection,False,1,Core Active,Core Relationship Customer,Low Risk,Moderate Cross-Sell Opportunity,Priority 3,0.2887274624104075,0.10740386658168685,0.1528705403939302,0.11045120208728741,0.47368421052631576,0.52,0.7,0.45,0.65,0.43921527049788656,Low,4
C000363,P004,Personal Loan,Loan,Lending,False,1,Core Active,Core Relationship Customer,Low Risk,Moderate Cross-Sell Opportunity,Priority 3,0.22197882355631623,0.10740386658168685,0.1528705403939302,0.11045120208728741,0.47368421052631576,0.52,0.7,0.45,0.65,0.4225281107843638,Low,5
C000363,P005,Home Loan,Loan,Lending,False,1,Core Active,Core Relationship Customer,Low Risk,Moderate Cross-Sell Opportunity,Priority 3,0.1918660566831298,0.10740386658168685,0.1528705403939302,0.11045120208728741,0.47368421052631576,0.52,0.7,0.45,0.65,0.41499991906606715,Low,6
C000364,P006,Mutual Fund Plan,Investment,Wealth,False,1,Core Active,Core Relationship Customer,Moderate Risk,Moderate Cross-Sell Opportunity,Priority 3,0.28167900735174906,0.10899192691735712,0.13956511822132367,0.005124769062991489,0.5394736842105263,0.505,0.7,0.25,0.65,0.4061391898529877,Low,1
C000364,P008,Premium Banking,Banking,Premium,False,1,Core Active,Core Relationship Customer,Moderate Risk,Moderate Cross-Sell Opportunity,Priority 3,0.2802048694207146,0.10899192691735712,0.13956511822132367,0.005124769062991489,0.5394736842105263,0.505,0.7,0.25,0.65,0.40577065537022905,Low,2
C000364,P004,Personal Loan,Loan,Lending,False,1,Core Active,Core Relationship Customer,Moderate Risk,Moderate Cross-Sell Opportunity,Priority 3,0.2427244502562127,0.10899192691735712,0.13956511822132367,0.005124769062991489,0.5394736842105263,0.505,0.7,0.25,0.65,0.3964005505791036,Low,3
C000364,P005,Home Loan,Loan,Lending,False,1,Core Active,Core Relationship Customer,Moderate Risk,Moderate Cross-Sell Opportunity,Priority 3,0.21464896900792732,0.10899192691735712,0.13956511822132367,0.005124769062991489,0.5394736842105263,0.505,0.7,0.25,0.65,0.38938168026703224,Low,4
C000364,P007,Term Insurance,Insurance,Protection,False,1,Core Active,Core Relationship Customer,Moderate Risk,Moderate Cross-Sell Opportunity,Priority 3,0.1977018183915369,0.10899192691735712,0.13956511822132367,0.005124769062991489,0.5394736842105263,0.505,0.7,0.25,0.65,0.3851448926129346,Low,5
C000365,P008,Premium Banking,Banking,Premium,False,1,Core Active,Core Relationship Customer,Critical Risk,Moderate Cross-Sell Opportunity,Priority 3,0.3308073648030391,0.08287391119609093,0.26546957919838426,0.007538568933470513,0.3815789473684211,0.683,0.7,0.125,0.65,0.3748134655452411,Low,1
C000365,P006,Mutual Fund Plan,Investment,Wealth,False,1,Core Active,Core Relationship Customer,Critical Risk,Moderate Cross-Sell Opportunity,Priority 3,0.31763437629729196,0.08287391119609093,0.26546957919838426,0.007538568933470513,0.3815789473684211,0.683,0.7,0.125,0.65,0.37152021841880434,Low,2
C000365,P003,Rewards Credit Card,Credit Card,Cards,False,1,Core Active,Core Relationship Customer,Critical Risk,Moderate Cross-Sell Opportunity,Priority 3,0.3153142099378316,0.08287391119609093,0.26546957919838426,0.007538568933470513,0.3815789473684211,0.683,0.7,0.125,0.65,0.3709401768289392,Low,3
C000365,P007,Term Insurance,Insurance,Protection,False,1,Core Active,Core Relationship Customer,Critical Risk,Moderate Cross-Sell Opportunity,Priority 3,0.3001101742744635,0.08287391119609093,0.26546957919838426,0.007538568933470513,0.3815789473684211,0.683,0.7,0.125,0.65,0.3671391679130972,Low,4
C000365,P005,Home Loan,Loan,Lending,False,1,Core Active,Core Relationship Customer,Critical Risk,Moderate Cross-Sell Opportunity,Priority 3,0.2104895287910949,0.08287391119609093,0.26546957919838426,0.007538568933470513,0.3815789473684211,0.683,0.7,0.125,0.65,0.34473400654225506,Low,5
C000365,P004,Personal Loan,Loan,Lending,False,1,Core Active,Core Relationship Customer,Critical Risk,Moderate Cross-Sell Opportunity,Priority 3,0.20543714798172188,0.08287391119609093,0.26546957919838426,0.007538568933470513,0.3815789473684211,0.683,0.7,0.125,0.65,0.3434709113399118,Low,6
C000366,P008,Premium Banking,Banking,Premium,False,1,Core Active,Core Relationship Customer,High Risk,Low Cross-Sell Opportunity,Priority 3,0.2671753325416419,0.04771882302953049,0.05297787936887617,0.0864127270705366,0.5394736842105263,0.508,0.7,0.6666666666666666,0.3,0.3947253170395622,Low,1
C000366,P005,Home Loan,Loan,Lending,False,1,Core Active,Core Relationship Customer,High Risk,Low Cross-Sell Opportunity,Priority 3,0.19949393782669103,0.04771882302953049,0.05297787936887617,0.0864127270705366,0.5394736842105263,0.508,0.7,0.6666666666666666,0.3,0.3778049683608245,Low,2
C000367,P007,Term Insurance,Insurance,Protection,False,1,Core Active,Core Digital Customer,Moderate Risk,Moderate Cross-Sell Opportunity,Priority 2,0.40870047656797737,0.08410080730826429,0.11949940147955233,0.041640617626252575,0.3157894736842105,0.933,0.7,0.2,0.65,0.4371637016562788,Low,1
C000367,P003,Rewards Credit Card,Credit Card,Cards,False,1,Core Active,Core Digital Customer,Moderate Risk,Moderate Cross-Sell Opportunity,Priority 2,0.3808015963898143,0.08410080730826429,0.11949940147955233,0.041640617626252575,0.3157894736842105,0.933,0.7,0.2,0.65,0.430188981611738,Low,2
C000367,P008,Premium Banking,Banking,Premium,False,1,Core Active,Core Digital Customer,Moderate Risk,Moderate Cross-Sell Opportunity,Priority 2,0.3712898853294516,0.08410080730826429,0.11949940147955233,0.041640617626252575,0.3157894736842105,0.933,0.7,0.2,0.65,0.4278110538466473,Low,3
C000367,P006,Mutual Fund Plan,Investment,Wealth,False,1,Core Active,Core Digital Customer,Moderate Risk,Moderate Cross-Sell Opportunity,Priority 2,0.36170885084669296,0.08410080730826429,0.11949940147955233,0.041640617626252575,0.3157894736842105,0.933,0.7,0.2,0.65,0.42541579522595774,Low,4
C000367,P004,Personal Loan,Loan,Lending,False,1,Core Active,Core Digital Customer,Moderate Risk,Moderate Cross-Sell Opportunity,Priority 2,0.2258480672282289,0.08410080730826429,0.11949940147955233,0.041640617626252575,0.3157894736842105,0.933,0.7,0.2,0.65,0.39145059932134174,Low,5
C000367,P005,Home Loan,Loan,Lending,False,1,Core Active,Core Digital Customer,Moderate Risk,Moderate Cross-Sell Opportunity,Priority 2,0.21223500868452863,0.08410080730826429,0.11949940147955233,0.041640617626252575,0.3157894736842105,0.933,0.7,0.2,0.65,0.38804733468541663,Low,6
C000368,P007,Term Insurance,Insurance,Protection,False,1,Core Active,Core Relationship Customer,Low Risk,Moderate Cross-Sell Opportunity,Priority 3,0.35770151358521174,0.14186583811344805,0.0790127329243531,0.12404155884933797,0.5394736842105263,0.585,0.7,0.25,0.65,0.4197195986505715,Low,1
C000368,P008,Premium Banking,Banking,Premium,False,1,Core Active,Core Relationship Customer,Low Risk,Moderate Cross-Sell Opportunity,Priority 3,0.30047456250452137,0.14186583811344805,0.0790127329243531,0.12404155884933797,0.5394736842105263,0.585,0.7,0.25,0.65,0.40541286088039896,Low,2
C000368,P006,Mutual Fund Plan,Investment,Wealth,False,1,Core Active,Core Relationship Customer,Low Risk,Moderate Cross-Sell Opportunity,Priority 3,0.29938548204475124,0.14186583811344805,0.0790127329243531,0.12404155884933797,0.5394736842105263,0.585,0.7,0.25,0.65,0.4051405907654564,Low,3
C000368,P004,Personal Loan,Loan,Lending,False,1,Core Active,Core Relationship Customer,Low Risk,Moderate Cross-Sell Opportunity,Priority 3,0.2715974686053499,0.14186583811344805,0.0790127329243531,0.12404155884933797,0.5394736842105263,0.585,0.7,0.25,0.65,0.39819358740560606,Low,4
C000368,P005,Home Loan,Loan,Lending,False,1,Core Active,Core Relationship Customer,Low Risk,Moderate Cross-Sell Opportunity,Priority 3,0.22419114614368882,0.14186583811344805,0.0790127329243531,0.12404155884933797,0.5394736842105263,0.585,0.7,0.25,0.65,0.3863420067901908,Low,5
C000369,P003,Rewards Credit Card,Credit Card,Cards,False,1,Core Active,Core Relationship Customer,Critical Risk,Moderate Cross-Sell Opportunity,Priority 3,0.31682611753930173,0.06872477161674102,0.08515232668493024,0.060199682832490886,0.34210526315789475,0.775,0.7,0.125,0.65,0.37176727318185787,Low,1
C000369,P008,Premium Banking,Banking,Premium,False,1,Core Active,Core Relationship Customer,Critical Risk,Moderate Cross-Sell Opportunity,Priority 3,0.24218813387886923,0.06872477161674102,0.08515232668493024,0.060199682832490886,0.34210526315789475,0.775,0.7,0.125,0.65,0.3531077772667497,Low,2
C000369,P007,Term Insurance,Insurance,Protection,False,1,Core Active,Core Relationship Customer,Critical Risk,Moderate Cross-Sell Opportunity,Priority 3,0.23547848794207152,0.06872477161674102,0.08515232668493024,0.060199682832490886,0.34210526315789475,0.775,0.7,0.125,0.65,0.35143036578255027,Low,3
C000369,P006,Mutual Fund Plan,Investment,Wealth,False,1,Core Active,Core Relationship Customer,Critical Risk,Moderate Cross-Sell Opportunity,Priority 3,0.2172312373271451,0.06872477161674102,0.08515232668493024,0.060199682832490886,0.34210526315789475,0.775,0.7,0.125,0.65,0.3468685531288187,Low,4
C000369,P004,Personal Loan,Loan,Lending,False,1,Core Active,Core Relationship Customer,Critical Risk,Moderate Cross-Sell Opportunity,Priority 3,0.15523058003066656,0.06872477161674102,0.08515232668493024,0.060199682832490886,0.34210526315789475,0.775,0.7,0.125,0.65,0.3313683888046991,Low,5
C000369,P005,Home Loan,Loan,Lending,False,1,Core Active,Core Relationship Customer,Critical Risk,Moderate Cross-Sell Opportunity,Priority 3,0.13120917301520457,0.06872477161674102,0.08515232668493024,0.060199682832490886,0.34210526315789475,0.775,0.7,0.125,0.65,0.3253630370508336,Low,6
C000370,P008,Premium Banking,Banking,Premium,False,1,Premium High-Value,Premium Relationship Customer,Moderate Risk,Moderate Cross-Sell Opportunity,Priority 2,0.6856022372458689,0.5900626726152539,0.7302204448437297,0.6588907360734588,0.6578947368421053,0.625,1.0,0.5,0.65,0.7330973043608339,Medium,1
C000370,P006,Mutual Fund Plan,Investment,Wealth,False,1,Premium High-Value,Premium Relationship Customer,Moderate Risk,Moderate Cross-Sell Opportunity,Priority 2,0.6773407429929953,0.5900626726152539,0.7302204448437297,0.6588907360734588,0.6578947368421053,0.625,1.0,0.5,0.65,0.7310319307976155,Medium,2
C000370,P007,Term Insurance,Insurance,Protection,False,1,Premium High-Value,Premium Relationship Customer,Moderate Risk,Moderate Cross-Sell Opportunity,Priority 2,0.6119328263770142,0.5900626726152539,0.7302204448437297,0.6588907360734588,0.6578947368421053,0.625,1.0,0.5,0.65,0.7146799516436202,Medium,3
C000371,P008,Premium Banking,Banking,Premium,False,1,Premium High-Value,Premium Cross-Sell Opportunity,Low Risk,High Cross-Sell Opportunity,Priority 2,0.4964474373344838,0.36812725727639684,0.17485110341182852,0.285719892682626,0.6973684210526315,0.543,1.0,0.1,1.0,0.6366425739467952,Medium,1
C000371,P006,Mutual Fund Plan,Investment,Wealth,False,1,Premium High-Value,Premium Cross-Sell Opportunity,Low Risk,High Cross-Sell Opportunity,Priority 2,0.49401008101264465,0.36812725727639684,0.17485110341182852,0.285719892682626,0.6973684210526315,0.543,1.0,0.1,1.0,0.6360332348663355,Medium,2
C000371,P004,Personal Loan,Loan,Lending,False,1,Premium High-Value,Premium Cross-Sell Opportunity,Low Risk,High Cross-Sell Opportunity,Priority 2,0.4874214364762276,0.36812725727639684,0.17485110341182852,0.285719892682626,0.6973684210526315,0.543,1.0,0.1,1.0,0.6343860737322311,Medium,3
C000371,P005,Home Loan,Loan,Lending,False,1,Premium High-Value,Premium Cross-Sell Opportunity,Low Risk,High Cross-Sell Opportunity,Priority 2,0.4337466334782959,0.36812725727639684,0.17485110341182852,0.285719892682626,0.6973684210526315,0.543,1.0,0.1,1.0,0.6209673729827482,Medium,4
C000371,P007,Term Insurance,Insurance,Protection,False,1,Premium High-Value,Premium Cross-Sell Opportunity,Low Risk,High Cross-Sell Opportunity,Priority 2,0.43241461961107663,0.36812725727639684,0.17485110341182852,0.285719892682626,0.6973684210526315,0.543,1.0,0.1,1.0,0.6206343695159434,Medium,5
C000372,P007,Term Insurance,Insurance,Protection,False,1,Dormant / Declining,Dormant Reactivation Target,Critical Risk,Low Cross-Sell Opportunity,Priority 3,0.25736357473397914,0.0763623326959847,0.12061470687168539,0.08246308512218986,0.2631578947368421,0.401,0.25,0.16666666666666666,0.3,0.22835371109988473,Low,1
C000372,P006,Mutual Fund Plan,Investment,Wealth,False,1,Dormant / Declining,Dormant Reactivation Target,Critical Risk,Low Cross-Sell Opportunity,Priority 3,0.24893842974674357,0.0763623326959847,0.12061470687168539,0.08246308512218986,0.2631578947368421,0.401,0.25,0.16666666666666666,0.3,0.2262474248530758,Low,2
C000372,P008,Premium Banking,Banking,Premium,False,1,Dormant / Declining,Dormant Reactivation Target,Critical Risk,Low Cross-Sell Opportunity,Priority 3,0.23996544124099647,0.0763623326959847,0.12061470687168539,0.08246308512218986,0.2631578947368421,0.401,0.25,0.16666666666666666,0.3,0.22400417772663905,Low,3
C000372,P004,Personal Loan,Loan,Lending,False,1,Dormant / Declining,Dormant Reactivation Target,Critical Risk,Low Cross-Sell Opportunity,Priority 3,0.197194067328596,0.0763623326959847,0.12061470687168539,0.08246308512218986,0.2631578947368421,0.401,0.25,0.16666666666666666,0.3,0.21331133424853893,Low,4
C000372,P005,Home Loan,Loan,Lending,False,1,Dormant / Declining,Dormant Reactivation Target,Critical Risk,Low Cross-Sell Opportunity,Priority 3,0.18454229200824485,0.0763623326959847,0.12061470687168539,0.08246308512218986,0.2631578947368421,0.401,0.25,0.16666666666666666,0.3,0.21014839041845113,Low,5
C000373,P007,Term Insurance,Insurance,Protection,False,1,Core Active,Core Relationship Customer,High Risk,Moderate Cross-Sell Opportunity,Priority 3,0.354986533596598,0.13839228808158063,0.1230360338301152,0.10843502972160468,0.4342105263157895,0.231,0.7,0.0,0.65,0.362156669962834,Low,1
C000373,P006,Mutual Fund Plan,Investment,Wealth,False,1,Core Active,Core Relationship Customer,High Risk,Moderate Cross-Sell Opportunity,Priority 3,0.26461324034131595,0.13839228808158063,0.1230360338301152,0.10843502972160468,0.4342105263157895,0.231,0.7,0.0,0.65,0.33956334664901355,Low,2
C000373,P004,Personal Loan,Loan,Lending,False,1,Core Active,Core Relationship Customer,High Risk,Moderate Cross-Sell Opportunity,Priority 3,0.25815737512026343,0.13839228808158063,0.1230360338301152,0.10843502972160468,0.4342105263157895,0.231,0.7,0.0,0.65,0.33794938034375044,Low,3
C000373,P008,Premium Banking,Banking,Premium,False,1,Core Active,Core Relationship Customer,High Risk,Moderate Cross-Sell Opportunity,Priority 3,0.2462781828700516,0.13839228808158063,0.1230360338301152,0.10843502972160468,0.4342105263157895,0.231,0.7,0.0,0.65,0.3349795822811975,Low,4
C000373,P005,Home Loan,Loan,Lending,False,1,Core Active,Core Relationship Customer,High Risk,Moderate Cross-Sell Opportunity,Priority 3,0.2292678389951203,0.13839228808158063,0.1230360338301152,0.10843502972160468,0.4342105263157895,0.231,0.7,0.0,0.65,0.3307269963124646,Low,5
C000374,P008,Premium Banking,Banking,Premium,False,1,Premium High-Value,Premium Digital Customer,Low Risk,Moderate Cross-Sell Opportunity,Priority 2,0.5349696581140659,0.4403813469301041,0.32148005531467644,0.3443776592215472,0.6973684210526315,0.771,1.0,0.0,0.65,0.636023947072432,Medium,1
C000374,P007,Term Insurance,Insurance,Protection,False,1,Premium High-Value,Premium Digital Customer,Low Risk,Moderate Cross-Sell Opportunity,Priority 2,0.5151162054621989,0.4403813469301041,0.32148005531467644,0.3443776592215472,0.6973684210526315,0.771,1.0,0.0,0.65,0.6310605839094653,Medium,2
C000374,P005,Home Loan,Loan,Lending,False,1,Premium High-Value,Premium Digital Customer,Low Risk,Moderate Cross-Sell Opportunity,Priority 2,0.45544175121977093,0.4403813469301041,0.32148005531467644,0.3443776592215472,0.6973684210526315,0.771,1.0,0.0,0.65,0.6161419703488583,Medium,3
C000375,P007,Term Insurance,Insurance,Protection,False,1,Core Active,Core Cross-Sell Opportunity,Low Risk,High Cross-Sell Opportunity,Priority 2,0.504884555704609,0.1808636073932441,0.23181376321085,0.07638419694663194,0.7631578947368421,0.629,0.7,0.3333333333333333,1.0,0.5281008779486607,Low,1
C000375,P003,Rewards Credit Card,Credit Card,Cards,False,1,Core Active,Core Cross-Sell Opportunity,Low Risk,High Cross-Sell Opportunity,Priority 2,0.4292914502257172,0.1808636073932441,0.23181376321085,0.07638419694663194,0.7631578947368421,0.629,0.7,0.3333333333333333,1.0,0.5092026015789377,Low,2
C000375,P006,Mutual Fund Plan,Investment,Wealth,False,1,Core Active,Core Cross-Sell Opportunity,Low Risk,High Cross-Sell Opportunity,Priority 2,0.41095107569030115,0.1808636073932441,0.23181376321085,0.07638419694663194,0.7631578947368421,0.629,0.7,0.3333333333333333,1.0,0.5046175079450838,Low,3
C000375,P004,Personal Loan,Loan,Lending,False,1,Core Active,Core Cross-Sell Opportunity,Low Risk,High Cross-Sell Opportunity,Priority 2,0.4069395650362956,0.1808636073932441,0.23181376321085,0.07638419694663194,0.7631578947368421,0.629,0.7,0.3333333333333333,1.0,0.5036146302815824,Low,4
C000375,P008,Premium Banking,Banking,Premium,False,1,Core Active,Core Cross-Sell Opportunity,Low Risk,High Cross-Sell Opportunity,Priority 2,0.39240107569030114,0.1808636073932441,0.23181376321085,0.07638419694663194,0.7631578947368421,0.629,0.7,0.3333333333333333,1.0,0.49998000794508374,Low,5
C000375,P005,Home Loan,Loan,Lending,False,1,Core Active,Core Cross-Sell Opportunity,Low Risk,High Cross-Sell Opportunity,Priority 2,0.3668006007192378,0.1808636073932441,0.23181376321085,0.07638419694663194,0.7631578947368421,0.629,0.7,0.3333333333333333,1.0,0.4935798892023179,Low,6
C000376,P006,Mutual Fund Plan,Investment,Wealth,False,1,Core Active,Core Digital Customer,High Risk,Moderate Cross-Sell Opportunity,Priority 4,0.3386015489104471,0.02144678138942001,0.047615820779889434,0.005441562774215798,0.2631578947368421,0.79,0.7,0.1,0.65,0.3549134277160221,Low,1
C000376,P008,Premium Banking,Banking,Premium,False,1,Core Active,Core Digital Customer,High Risk,Moderate Cross-Sell Opportunity,Priority 4,0.32810154891044707,0.02144678138942001,0.047615820779889434,0.005441562774215798,0.2631578947368421,0.79,0.7,0.1,0.65,0.3522884277160221,Low,2
C000376,P003,Rewards Credit Card,Credit Card,Cards,False,1,Core Active,Core Digital Customer,High Risk,Moderate Cross-Sell Opportunity,Priority 4,0.31514093694554807,0.02144678138942001,0.047615820779889434,0.005441562774215798,0.2631578947368421,0.79,0.7,0.1,0.65,0.3490482747247974,Low,3
C000376,P004,Personal Loan,Loan,Lending,False,1,Core Active,Core Digital Customer,High Risk,Moderate Cross-Sell Opportunity,Priority 4,0.217296299036021,0.02144678138942001,0.047615820779889434,0.005441562774215798,0.2631578947368421,0.79,0.7,0.1,0.65,0.32458711524741557,Low,4
C000376,P005,Home Loan,Loan,Lending,False,1,Core Active,Core Digital Customer,High Risk,Moderate Cross-Sell Opportunity,Priority 4,0.19865106547136963,0.02144678138942001,0.047615820779889434,0.005441562774215798,0.2631578947368421,0.79,0.7,0.1,0.65,0.3199258068562527,Low,5
C000377,P008,Premium Banking,Banking,Premium,False,1,Core Active,Core Digital Customer,Moderate Risk,Moderate Cross-Sell Opportunity,Priority 3,0.2650759229285667,0.017428829403016783,0.039819511242648604,0.012894158193135765,0.40789473684210525,0.806,0.7,0.0,0.65,0.3690389571390609,Low,1
C000377,P007,Term Insurance,Insurance,Protection,False,1,Core Active,Core Digital Customer,Moderate Risk,Moderate Cross-Sell Opportunity,Priority 3,0.26458518521871927,0.017428829403016783,0.039819511242648604,0.012894158193135765,0.40789473684210525,0.806,0.7,0.0,0.65,0.368916272711599,Low,2
C000377,P006,Mutual Fund Plan,Investment,Wealth,False,1,Core Active,Core Digital Customer,Moderate Risk,Moderate Cross-Sell Opportunity,Priority 3,0.23483339419293447,0.017428829403016783,0.039819511242648604,0.012894158193135765,0.40789473684210525,0.806,0.7,0.0,0.65,0.36147832495515275,Low,3
C000377,P004,Personal Loan,Loan,Lending,False,1,Core Active,Core Digital Customer,Moderate Risk,Moderate Cross-Sell Opportunity,Priority 3,0.12553176830745397,0.017428829403016783,0.039819511242648604,0.012894158193135765,0.40789473684210525,0.806,0.7,0.0,0.65,0.3341529184837827,Low,4
C000377,P005,Home Loan,Loan,Lending,False,1,Core Active,Core Digital Customer,Moderate Risk,Moderate Cross-Sell Opportunity,Priority 3,0.090297246960478,0.017428829403016783,0.039819511242648604,0.012894158193135765,0.40789473684210525,0.806,0.7,0.0,0.65,0.32534428814703864,Low,5
C000378,P003,Rewards Credit Card,Credit Card,Cards,False,1,Core Active,Core Relationship Customer,Moderate Risk,Moderate Cross-Sell Opportunity,Priority 4,0.2510003861839369,0.06067824516677289,0.030523320291746845,0.006626969330817671,0.25,0.459,0.7,0.0,0.65,0.2957857455793388,Low,1
C000378,P006,Mutual Fund Plan,Investment,Wealth,False,1,Core Active,Core Relationship Customer,Moderate Risk,Moderate Cross-Sell Opportunity,Priority 4,0.2379834011583706,0.06067824516677289,0.030523320291746845,0.006626969330817671,0.25,0.459,0.7,0.0,0.65,0.2925314993229472,Low,2
C000378,P008,Premium Banking,Banking,Premium,False,1,Core Active,Core Relationship Customer,Moderate Risk,Moderate Cross-Sell Opportunity,Priority 4,0.23507133219285337,0.06067824516677289,0.030523320291746845,0.006626969330817671,0.25,0.459,0.7,0.0,0.65,0.2918034820815679,Low,3
C000378,P007,Term Insurance,Insurance,Protection,False,1,Core Active,Core Relationship Customer,Moderate Risk,Moderate Cross-Sell Opportunity,Priority 4,0.16251682443152982,0.06067824516677289,0.030523320291746845,0.006626969330817671,0.25,0.459,0.7,0.0,0.65,0.27366485514123706,Low,4
C000378,P004,Personal Loan,Loan,Lending,False,1,Core Active,Core Relationship Customer,Moderate Risk,Moderate Cross-Sell Opportunity,Priority 4,0.15169357235650915,0.06067824516677289,0.030523320291746845,0.006626969330817671,0.25,0.459,0.7,0.0,0.65,0.2709590421224819,Low,5
C000378,P005,Home Loan,Loan,Lending,False,1,Core Active,Core Relationship Customer,Moderate Risk,Moderate Cross-Sell Opportunity,Priority 4,0.13364328572552805,0.06067824516677289,0.030523320291746845,0.006626969330817671,0.25,0.459,0.7,0.0,0.65,0.2664464704647366,Low,6
C000379,P007,Term Insurance,Insurance,Protection,False,1,Core Active,Core Relationship Customer,High Risk,Low Cross-Sell Opportunity,Priority 3,0.2535856998160543,0.1368440620352666,0.07632279655579165,0.1106156731586015,0.3157894736842105,0.607,0.7,0.0,0.3,0.3188336584136985,Low,1
C000379,P006,Mutual Fund Plan,Investment,Wealth,False,1,Core Active,Core Relationship Customer,High Risk,Low Cross-Sell Opportunity,Priority 3,0.24870485042700605,0.1368440620352666,0.07632279655579165,0.1106156731586015,0.3157894736842105,0.607,0.7,0.0,0.3,0.31761344606643643,Low,2
C000379,P005,Home Loan,Loan,Lending,False,1,Core Active,Core Relationship Customer,High Risk,Low Cross-Sell Opportunity,Priority 3,0.17808794777715514,0.1368440620352666,0.07632279655579165,0.1106156731586015,0.3157894736842105,0.607,0.7,0.0,0.3,0.2999592204039737,Low,3
C000380,P008,Premium Banking,Banking,Premium,False,1,Core Active,Core Relationship Customer,Moderate Risk,Low Cross-Sell Opportunity,Priority 3,0.20108669469443455,0.11191841937539834,0.025193746325831948,0.0719341330739176,0.5131578947368421,0.573,0.7,0.16666666666666666,0.3,0.3635957084258813,Low,1
C000380,P007,Term Insurance,Insurance,Protection,False,1,Core Active,Core Relationship Customer,Moderate Risk,Low Cross-Sell Opportunity,Priority 3,0.19187173671646537,0.11191841937539834,0.025193746325831948,0.0719341330739176,0.5131578947368421,0.573,0.7,0.16666666666666666,0.3,0.36129196893138904,Low,2
C000380,P004,Personal Loan,Loan,Lending,False,1,Core Active,Core Relationship Customer,Moderate Risk,Low Cross-Sell Opportunity,Priority 3,0.18626954504778415,0.11191841937539834,0.025193746325831948,0.0719341330739176,0.5131578947368421,0.573,0.7,0.16666666666666666,0.3,0.3598914210142187,Low,3
C000380,P006,Mutual Fund Plan,Investment,Wealth,False,1,Core Active,Core Relationship Customer,Moderate Risk,Low Cross-Sell Opportunity,Priority 3,0.18306887860248053,0.11191841937539834,0.025193746325831948,0.0719341330739176,0.5131578947368421,0.573,0.7,0.16666666666666666,0.3,0.3590912544028928,Low,4
C000380,P005,Home Loan,Loan,Lending,False,1,Core Active,Core Relationship Customer,Moderate Risk,Low Cross-Sell Opportunity,Priority 3,0.1371353251843529,0.11191841937539834,0.025193746325831948,0.0719341330739176,0.5131578947368421,0.573,0.7,0.16666666666666666,0.3,0.3476078660483609,Low,5
C000381,P005,Home Loan,Loan,Lending,False,1,Premium High-Value,Premium Digital Customer,Low Risk,Moderate Cross-Sell Opportunity,Priority 2,0.48088404851564837,0.4919853409815169,0.13104157228370045,0.5489394886631773,1.0,0.965,1.0,0.16666666666666666,0.65,0.7342847469918823,Medium,1
C000381,P007,Term Insurance,Insurance,Protection,False,1,Premium High-Value,Premium Digital Customer,Low Risk,Moderate Cross-Sell Opportunity,Priority 2,0.4609871121677217,0.4919853409815169,0.13104157228370045,0.5489394886631773,1.0,0.965,1.0,0.16666666666666666,0.65,0.7293105129049006,Medium,2
C000382,P007,Term Insurance,Insurance,Protection,False,1,Core Active,Core Relationship Customer,High Risk,Low Cross-Sell Opportunity,Priority 4,0.3363906787703963,0.09967867006585936,0.0845690006577263,0.061862616192737675,0.5526315789473685,0.526,0.7,0.0,0.3,0.35952814054787624,Low,1
C000382,P008,Premium Banking,Banking,Premium,False,1,Core Active,Core Relationship Customer,High Risk,Low Cross-Sell Opportunity,Priority 4,0.24203950740184146,0.09967867006585936,0.0845690006577263,0.061862616192737675,0.5526315789473685,0.526,0.7,0.0,0.3,0.33594034770573755,Low,2
C000382,P006,Mutual Fund Plan,Investment,Wealth,False,1,Core Active,Core Relationship Customer,High Risk,Low Cross-Sell Opportunity,Priority 4,0.22349812809149663,0.09967867006585936,0.0845690006577263,0.061862616192737675,0.5526315789473685,0.526,0.7,0.0,0.3,0.33130500287815134,Low,3
C000382,P004,Personal Loan,Loan,Lending,False,1,Core Active,Core Relationship Customer,High Risk,Low Cross-Sell Opportunity,Priority 4,0.1887636522154035,0.09967867006585936,0.0845690006577263,0.061862616192737675,0.5526315789473685,0.526,0.7,0.0,0.3,0.32262138390912803,Low,4
C000382,P005,Home Loan,Loan,Lending,False,1,Core Active,Core Relationship Customer,High Risk,Low Cross-Sell Opportunity,Priority 4,0.1449835163033448,0.09967867006585936,0.0845690006577263,0.061862616192737675,0.5526315789473685,0.526,0.7,0.0,0.3,0.3116763499311134,Low,5
C000383,P008,Premium Banking,Banking,Premium,False,1,Premium High-Value,Premium Digital Customer,Moderate Risk,Moderate Cross-Sell Opportunity,Priority 2,0.47889653274467614,0.2855932653494795,0.23329652907041934,0.28603154667287173,0.6842105263157895,0.99,1.0,0.6666666666666666,0.65,0.6576410318701,Medium,1
C000383,P005,Home Loan,Loan,Lending,False,1,Premium High-Value,Premium Digital Customer,Moderate Risk,Moderate Cross-Sell Opportunity,Priority 2,0.3616259813061028,0.2855932653494795,0.23329652907041934,0.28603154667287173,0.6842105263157895,0.99,1.0,0.6666666666666666,0.65,0.6283233940104567,Medium,2
C000383,P007,Term Insurance,Insurance,Protection,False,1,Premium High-Value,Premium Digital Customer,Moderate Risk,Moderate Cross-Sell Opportunity,Priority 2,0.33806580283863663,0.2855932653494795,0.23329652907041934,0.28603154667287173,0.6842105263157895,0.99,1.0,0.6666666666666666,0.65,0.6224333493935902,Medium,3
C000384,P007,Term Insurance,Insurance,Protection,False,1,At Risk,At-Risk Declining Customer,Critical Risk,Low Cross-Sell Opportunity,Priority 4,0.19082280628571596,0.09841459528362013,0.032159776841118405,0.034253436837968894,0.02631578947368421,0.17,0.45,0.1,0.3,0.18083598904920567,Low,1
C000384,P006,Mutual Fund Plan,Investment,Wealth,False,1,At Risk,At-Risk Declining Customer,Critical Risk,Low Cross-Sell Opportunity,Priority 4,0.17774066465108723,0.09841459528362013,0.032159776841118405,0.034253436837968894,0.02631578947368421,0.17,0.45,0.1,0.3,0.1775654536405485,Low,2
C000384,P008,Premium Banking,Banking,Premium,False,1,At Risk,At-Risk Declining Customer,Critical Risk,Low Cross-Sell Opportunity,Priority 4,0.16239008993844353,0.09841459528362013,0.032159776841118405,0.034253436837968894,0.02631578947368421,0.17,0.45,0.1,0.3,0.17372780996238757,Low,3
C000384,P005,Home Loan,Loan,Lending,False,1,At Risk,At-Risk Declining Customer,Critical Risk,Low Cross-Sell Opportunity,Priority 4,0.12170168817069892,0.09841459528362013,0.032159776841118405,0.034253436837968894,0.02631578947368421,0.17,0.45,0.1,0.3,0.1635557095204514,Low,4
C000384,P004,Personal Loan,Loan,Lending,False,1,At Risk,At-Risk Declining Customer,Critical Risk,Low Cross-Sell Opportunity,Priority 4,0.11801391451151547,0.09841459528362013,0.032159776841118405,0.034253436837968894,0.02631578947368421,0.17,0.45,0.1,0.3,0.16263376610565555,Low,5
C000384,P003,Rewards Credit Card,Credit Card,Cards,False,1,At Risk,At-Risk Declining Customer,Critical Risk,Low Cross-Sell Opportunity,Priority 4,0.11402580774603344,0.09841459528362013,0.032159776841118405,0.034253436837968894,0.02631578947368421,0.17,0.45,0.1,0.3,0.16163673941428502,Low,6
C000385,P003,Rewards Credit Card,Credit Card,Cards,False,1,Core Active,Core Digital Customer,Low Risk,Moderate Cross-Sell Opportunity,Priority 3,0.38128410030684295,0.10085776503080518,0.02576205258107795,0.07294338737516319,0.3815789473684211,0.846,0.7,0.45,0.65,0.4598294201881349,Low,1
C000385,P007,Term Insurance,Insurance,Protection,False,1,Core Active,Core Digital Customer,Low Risk,Moderate Cross-Sell Opportunity,Priority 3,0.2746990012264187,0.10085776503080518,0.02576205258107795,0.07294338737516319,0.3815789473684211,0.846,0.7,0.45,0.65,0.4331831454180288,Low,2
C000385,P008,Premium Banking,Banking,Premium,False,1,Core Active,Core Digital Customer,Low Risk,Moderate Cross-Sell Opportunity,Priority 3,0.27113908673202586,0.10085776503080518,0.02576205258107795,0.07294338737516319,0.3815789473684211,0.846,0.7,0.45,0.65,0.43229316679443064,Low,3
C000385,P006,Mutual Fund Plan,Investment,Wealth,False,1,Core Active,Core Digital Customer,Low Risk,Moderate Cross-Sell Opportunity,Priority 3,0.2414827648929454,0.10085776503080518,0.02576205258107795,0.07294338737516319,0.3815789473684211,0.846,0.7,0.45,0.65,0.42487908633466054,Low,4
C000385,P005,Home Loan,Loan,Lending,False,1,Core Active,Core Digital Customer,Low Risk,Moderate Cross-Sell Opportunity,Priority 3,0.12641210149222223,0.10085776503080518,0.02576205258107795,0.07294338737516319,0.3815789473684211,0.846,0.7,0.45,0.65,0.3961114204844798,Low,5
C000386,P004,Personal Loan,Loan,Lending,False,1,Premium High-Value,Premium Relationship Customer,Low Risk,Moderate Cross-Sell Opportunity,Priority 2,0.4960692257802958,0.31551943913320585,0.1810626523589949,0.2741284201338757,0.6842105263157895,0.665,1.0,0.45,0.65,0.6337527732190836,Medium,1
C000386,P008,Premium Banking,Banking,Premium,False,1,Premium High-Value,Premium Relationship Customer,Low Risk,Moderate Cross-Sell Opportunity,Priority 2,0.4756482407447008,0.31551943913320585,0.1810626523589949,0.2741284201338757,0.6842105263157895,0.665,1.0,0.45,0.65,0.6286475269601849,Medium,2
C000386,P005,Home Loan,Loan,Lending,False,1,Premium High-Value,Premium Relationship Customer,Low Risk,Moderate Cross-Sell Opportunity,Priority 2,0.44317070094583877,0.31551943913320585,0.1810626523589949,0.2741284201338757,0.6842105263157895,0.665,1.0,0.45,0.65,0.6205281420104694,Medium,3
C000386,P007,Term Insurance,Insurance,Protection,False,1,Premium High-Value,Premium Relationship Customer,Low Risk,Moderate Cross-Sell Opportunity,Priority 2,0.4408832619567571,0.31551943913320585,0.1810626523589949,0.2741284201338757,0.6842105263157895,0.665,1.0,0.45,0.65,0.6199562822631989,Medium,4
C000387,P007,Term Insurance,Insurance,Protection,False,1,Core Active,Core Relationship Customer,Critical Risk,Moderate Cross-Sell Opportunity,Priority 4,0.17186464614356997,0.08569949012109623,0.15178282946655708,0.04816759602166907,0.19736842105263158,0.194,0.7,0.0,0.65,0.24661132271800648,Low,1
C000387,P003,Rewards Credit Card,Credit Card,Cards,False,1,Core Active,Core Relationship Customer,Critical Risk,Moderate Cross-Sell Opportunity,Priority 4,0.16823724390222006,0.08569949012109623,0.15178282946655708,0.04816759602166907,0.19736842105263158,0.194,0.7,0.0,0.65,0.245704472157669,Low,2
C000387,P008,Premium Banking,Banking,Premium,False,1,Core Active,Core Relationship Customer,Critical Risk,Moderate Cross-Sell Opportunity,Priority 4,0.16647090010080248,0.08569949012109623,0.15178282946655708,0.04816759602166907,0.19736842105263158,0.194,0.7,0.0,0.65,0.2452628862073146,Low,3
C000387,P006,Mutual Fund Plan,Investment,Wealth,False,1,Core Active,Core Relationship Customer,Critical Risk,Moderate Cross-Sell Opportunity,Priority 4,0.1596444633191933,0.08569949012109623,0.15178282946655708,0.04816759602166907,0.19736842105263158,0.194,0.7,0.0,0.65,0.24355627701191232,Low,4
C000387,P005,Home Loan,Loan,Lending,False,1,Core Active,Core Relationship Customer,Critical Risk,Moderate Cross-Sell Opportunity,Priority 4,0.10870396174495328,0.08569949012109623,0.15178282946655708,0.04816759602166907,0.19736842105263158,0.194,0.7,0.0,0.65,0.2308211516183523,Low,5
C000387,P004,Personal Loan,Loan,Lending,False,1,Core Active,Core Relationship Customer,Critical Risk,Moderate Cross-Sell Opportunity,Priority 4,0.10620516452634497,0.08569949012109623,0.15178282946655708,0.04816759602166907,0.19736842105263158,0.194,0.7,0.0,0.65,0.23019645231370023,Low,6
C000388,P008,Premium Banking,Banking,Premium,False,1,Premium High-Value,Premium Relationship Customer,Moderate Risk,Moderate Cross-Sell Opportunity,Priority 2,0.3994017244567313,0.2690328234544296,0.11737183331685816,0.21816293289299943,0.5657894736842105,0.482,1.0,0.6666666666666666,0.65,0.5858920835243671,Medium,1
C000389,P007,Term Insurance,Insurance,Protection,False,1,At Risk,At-Risk Engagement Customer,Critical Risk,Low Cross-Sell Opportunity,Priority 3,0.19975147908893823,0.03892341193966433,0.07681076449591374,0.0,0.039473684210526314,0.626,0.45,0.5,0.3,0.2587436047917464,Low,1
C000389,P008,Premium Banking,Banking,Premium,False,1,At Risk,At-Risk Engagement Customer,Critical Risk,Low Cross-Sell Opportunity,Priority 3,0.15960697093502174,0.03892341193966433,0.07681076449591374,0.0,0.039473684210526314,0.626,0.45,0.5,0.3,0.2487074777532673,Low,2
C000389,P003,Rewards Credit Card,Credit Card,Cards,False,1,At Risk,At-Risk Engagement Customer,Critical Risk,Low Cross-Sell Opportunity,Priority 3,0.15483472181853616,0.03892341193966433,0.07681076449591374,0.0,0.039473684210526314,0.626,0.45,0.5,0.3,0.24751441547414588,Low,3
C000389,P006,Mutual Fund Plan,Investment,Wealth,False,1,At Risk,At-Risk Engagement Customer,Critical Risk,Low Cross-Sell Opportunity,Priority 3,0.13491616633732062,0.03892341193966433,0.07681076449591374,0.0,0.039473684210526314,0.626,0.45,0.5,0.3,0.24253477660384198,Low,4
C000389,P005,Home Loan,Loan,Lending,False,1,At Risk,At-Risk Engagement Customer,Critical Risk,Low Cross-Sell Opportunity,Priority 3,0.060441378155605824,0.03892341193966433,0.07681076449591374,0.0,0.039473684210526314,0.626,0.45,0.5,0.3,0.2239160795584133,Low,5
C000389,P004,Personal Loan,Loan,Lending,False,1,At Risk,At-Risk Engagement Customer,Critical Risk,Low Cross-Sell Opportunity,Priority 3,0.05092096130528817,0.03892341193966433,0.07681076449591374,0.0,0.039473684210526314,0.626,0.45,0.5,0.3,0.22153597534583386,Low,6
C000390,P008,Premium Banking,Banking,Premium,False,1,Premium High-Value,Premium Digital Customer,High Risk,Moderate Cross-Sell Opportunity,Priority 2,0.4293974131569501,0.20156415976205652,0.17825290711179217,0.13835474727991948,0.4473684210526316,0.873,1.0,0.75,0.65,0.5895674483995437,Medium,1
C000390,P006,Mutual Fund Plan,Investment,Wealth,False,1,Premium High-Value,Premium Digital Customer,High Risk,Moderate Cross-Sell Opportunity,Priority 2,0.4018393671799386,0.20156415976205652,0.17825290711179217,0.13835474727991948,0.4473684210526316,0.873,1.0,0.75,0.65,0.5826779369052908,Medium,2
C000390,P007,Term Insurance,Insurance,Protection,False,1,Premium High-Value,Premium Digital Customer,High Risk,Moderate Cross-Sell Opportunity,Priority 2,0.34896430189641836,0.20156415976205652,0.17825290711179217,0.13835474727991948,0.4473684210526316,0.873,1.0,0.75,0.65,0.5694591705844105,Medium,3
C000390,P004,Personal Loan,Loan,Lending,False,1,Premium High-Value,Premium Digital Customer,High Risk,Moderate Cross-Sell Opportunity,Priority 2,0.3326276797308615,0.20156415976205652,0.17825290711179217,0.13835474727991948,0.4473684210526316,0.873,1.0,0.75,0.65,0.5653750150430215,Medium,4
C000390,P005,Home Loan,Loan,Lending,False,1,Premium High-Value,Premium Digital Customer,High Risk,Moderate Cross-Sell Opportunity,Priority 2,0.3108715069524781,0.20156415976205652,0.17825290711179217,0.13835474727991948,0.4473684210526316,0.873,1.0,0.75,0.65,0.5599359718484256,Medium,5
C000391,P003,Rewards Credit Card,Credit Card,Cards,False,1,Premium High-Value,Premium Relationship Customer,Low Risk,Moderate Cross-Sell Opportunity,Priority 2,0.5244167667141955,0.20338060335670277,0.08793587465546215,0.18684474398115314,0.6842105263157895,0.72,1.0,0.75,0.65,0.6539118912972579,Medium,1
C000391,P008,Premium Banking,Banking,Premium,False,1,Premium High-Value,Premium Relationship Customer,Low Risk,Moderate Cross-Sell Opportunity,Priority 2,0.38294018616002623,0.20338060335670277,0.08793587465546215,0.18684474398115314,0.6842105263157895,0.72,1.0,0.75,0.65,0.6185427461587156,Medium,2
C000391,P006,Mutual Fund Plan,Investment,Wealth,False,1,Premium High-Value,Premium Relationship Customer,Low Risk,Moderate Cross-Sell Opportunity,Priority 2,0.3771125999531296,0.20338060335670277,0.08793587465546215,0.18684474398115314,0.6842105263157895,0.72,1.0,0.75,0.65,0.6170858496069913,Medium,3
C000391,P005,Home Loan,Loan,Lending,False,1,Premium High-Value,Premium Relationship Customer,Low Risk,Moderate Cross-Sell Opportunity,Priority 2,0.3551867419804893,0.20338060335670277,0.08793587465546215,0.18684474398115314,0.6842105263157895,0.72,1.0,0.75,0.65,0.6116043851138313,Medium,4
C000391,P007,Term Insurance,Insurance,Protection,False,1,Premium High-Value,Premium Relationship Customer,Low Risk,Moderate Cross-Sell Opportunity,Priority 2,0.2939586972485465,0.20338060335670277,0.08793587465546215,0.18684474398115314,0.6842105263157895,0.72,1.0,0.75,0.65,0.5962973739308457,Medium,5
C000392,P003,Rewards Credit Card,Credit Card,Cards,False,1,Core Active,Core Relationship Customer,Low Risk,Moderate Cross-Sell Opportunity,Priority 3,0.34892895220331754,0.11276556192904186,0.06351582123397556,0.07127017457295928,0.5,0.506,0.7,0.0,0.65,0.39288535043663775,Low,1
C000392,P007,Term Insurance,Insurance,Protection,False,1,Core Active,Core Relationship Customer,Low Risk,Moderate Cross-Sell Opportunity,Priority 3,0.2804679458177531,0.11276556192904186,0.06351582123397556,0.07127017457295928,0.5,0.506,0.7,0.0,0.65,0.3757700988402467,Low,2
C000392,P008,Premium Banking,Banking,Premium,False,1,Core Active,Core Relationship Customer,Low Risk,Moderate Cross-Sell Opportunity,Priority 3,0.26524384626532116,0.11276556192904186,0.06351582123397556,0.07127017457295928,0.5,0.506,0.7,0.0,0.65,0.3719640739521387,Low,3
C000392,P006,Mutual Fund Plan,Investment,Wealth,False,1,Core Active,Core Relationship Customer,Low Risk,Moderate Cross-Sell Opportunity,Priority 3,0.264369133621643,0.11276556192904186,0.06351582123397556,0.07127017457295928,0.5,0.506,0.7,0.0,0.65,0.3717453957912191,Low,4
C000392,P004,Personal Loan,Loan,Lending,False,1,Core Active,Core Relationship Customer,Low Risk,Moderate Cross-Sell Opportunity,Priority 3,0.23088693874736627,0.11276556192904186,0.06351582123397556,0.07127017457295928,0.5,0.506,0.7,0.0,0.65,0.36337484707265,Low,5
C000392,P005,Home Loan,Loan,Lending,False,1,Core Active,Core Relationship Customer,Low Risk,Moderate Cross-Sell Opportunity,Priority 3,0.18892557257161874,0.11276556192904186,0.06351582123397556,0.07127017457295928,0.5,0.506,0.7,0.0,0.65,0.3528845055287131,Low,6
C000393,P003,Rewards Credit Card,Credit Card,Cards,False,1,Premium High-Value,Premium Digital Customer,Low Risk,Moderate Cross-Sell Opportunity,Priority 2,0.6020351450281548,0.1813230295304865,0.3290639922623724,0.18533740399234835,0.6842105263157895,0.902,1.0,0.75,0.65,0.6871049711105044,Medium,1
C000393,P008,Premium Banking,Banking,Premium,False,1,Premium High-Value,Premium Digital Customer,Low Risk,Moderate Cross-Sell Opportunity,Priority 2,0.5329969715591131,0.1813230295304865,0.3290639922623724,0.18533740399234835,0.6842105263157895,0.902,1.0,0.75,0.65,0.669845427743244,Medium,2
C000393,P006,Mutual Fund Plan,Investment,Wealth,False,1,Premium High-Value,Premium Digital Customer,Low Risk,Moderate Cross-Sell Opportunity,Priority 2,0.5180693853522166,0.1813230295304865,0.3290639922623724,0.18533740399234835,0.6842105263157895,0.902,1.0,0.75,0.65,0.6661135311915198,Medium,3
C000393,P005,Home Loan,Loan,Lending,False,1,Premium High-Value,Premium Digital Customer,Low Risk,Moderate Cross-Sell Opportunity,Priority 2,0.419654292424506,0.1813230295304865,0.3290639922623724,0.18533740399234835,0.6842105263157895,0.902,1.0,0.75,0.65,0.6415097579595923,Medium,4
C000393,P007,Term Insurance,Insurance,Protection,False,1,Premium High-Value,Premium Digital Customer,Low Risk,Moderate Cross-Sell Opportunity,Priority 2,0.4127717821953265,0.1813230295304865,0.3290639922623724,0.18533740399234835,0.6842105263157895,0.902,1.0,0.75,0.65,0.6397891304022973,Medium,5
C000394,P004,Personal Loan,Loan,Lending,False,1,Premium High-Value,Premium Relationship Customer,Moderate Risk,Moderate Cross-Sell Opportunity,Priority 3,0.4073416117374844,0.2636020820055237,0.24786920083984976,0.2713739969367263,0.7236842105263158,0.573,1.0,0.0,0.65,0.5329084509144233,Low,1
C000394,P008,Premium Banking,Banking,Premium,False,1,Premium High-Value,Premium Relationship Customer,Moderate Risk,Moderate Cross-Sell Opportunity,Priority 3,0.4038802065107464,0.2636020820055237,0.24786920083984976,0.2713739969367263,0.7236842105263158,0.573,1.0,0.0,0.65,0.5320430996077388,Low,2
C000394,P006,Mutual Fund Plan,Investment,Wealth,False,1,Premium High-Value,Premium Relationship Customer,Moderate Risk,Moderate Cross-Sell Opportunity,Priority 3,0.37925319501649357,0.2636020820055237,0.24786920083984976,0.2713739969367263,0.7236842105263158,0.573,1.0,0.0,0.65,0.5258863467341756,Low,3
C000394,P005,Home Loan,Loan,Lending,False,1,Premium High-Value,Premium Relationship Customer,Moderate Risk,Moderate Cross-Sell Opportunity,Priority 3,0.3581962752174338,0.2636020820055237,0.24786920083984976,0.2713739969367263,0.7236842105263158,0.573,1.0,0.0,0.65,0.5206221167844106,Low,4
C000395,P003,Rewards Credit Card,Credit Card,Cards,False,1,Core Active,Core Digital Customer,Moderate Risk,Moderate Cross-Sell Opportunity,Priority 3,0.3953372577643191,0.020774909708944127,0.11892795155110582,0.01819227602731341,0.4868421052631579,0.815,0.7,0.0,0.65,0.39501561217234227,Low,1
C000395,P008,Premium Banking,Banking,Premium,False,1,Core Active,Core Digital Customer,Moderate Risk,Moderate Cross-Sell Opportunity,Priority 3,0.31296466584071364,0.020774909708944127,0.11892795155110582,0.01819227602731341,0.4868421052631579,0.815,0.7,0.0,0.65,0.3744224641914409,Low,2
C000395,P006,Mutual Fund Plan,Investment,Wealth,False,1,Core Active,Core Digital Customer,Moderate Risk,Moderate Cross-Sell Opportunity,Priority 3,0.2926169646912884,0.020774909708944127,0.11892795155110582,0.01819227602731341,0.4868421052631579,0.815,0.7,0.0,0.65,0.36933553890408466,Low,3
C000395,P007,Term Insurance,Insurance,Protection,False,1,Core Active,Core Digital Customer,Moderate Risk,Moderate Cross-Sell Opportunity,Priority 3,0.25820675477283694,0.020774909708944127,0.11892795155110582,0.01819227602731341,0.4868421052631579,0.815,0.7,0.0,0.65,0.3607329864244717,Low,4
C000395,P005,Home Loan,Loan,Lending,False,1,Core Active,Core Digital Customer,Moderate Risk,Moderate Cross-Sell Opportunity,Priority 3,0.15465993854423346,0.020774909708944127,0.11892795155110582,0.01819227602731341,0.4868421052631579,0.815,0.7,0.0,0.65,0.33484628236732084,Low,5
C000396,P007,Term Insurance,Insurance,Protection,False,1,At Risk,At-Risk Engagement Customer,Critical Risk,Low Cross-Sell Opportunity,Priority 4,0.26135345439077184,0.11464308476736775,0.05832841115612773,0.06065104378388129,0.2631578947368421,0.187,0.45,0.0,0.3,0.22894066476169284,Low,1
C000396,P008,Premium Banking,Banking,Premium,False,1,At Risk,At-Risk Engagement Customer,Critical Risk,Low Cross-Sell Opportunity,Priority 4,0.14091881854476251,0.11464308476736775,0.05832841115612773,0.06065104378388129,0.2631578947368421,0.187,0.45,0.0,0.3,0.1988320058001905,Low,2
C000396,P006,Mutual Fund Plan,Investment,Wealth,False,1,At Risk,At-Risk Engagement Customer,Critical Risk,Low Cross-Sell Opportunity,Priority 4,0.13501709440683146,0.11464308476736775,0.05832841115612773,0.06065104378388129,0.2631578947368421,0.187,0.45,0.0,0.3,0.19735657476570773,Low,3
C000396,P005,Home Loan,Loan,Lending,False,1,At Risk,At-Risk Engagement Customer,Critical Risk,Low Cross-Sell Opportunity,Priority 4,0.10034932445369626,0.11464308476736775,0.05832841115612773,0.06065104378388129,0.2631578947368421,0.187,0.45,0.0,0.3,0.1886896322774239,Low,4
C000397,P008,Premium Banking,Banking,Premium,False,1,Premium High-Value,Premium Digital Customer,Moderate Risk,Moderate Cross-Sell Opportunity,Priority 3,0.7316915654632391,0.5860128531973656,0.7006468631555562,0.5068774139166824,0.9868421052631579,0.72,1.0,0.0,0.65,0.7526517777947566,High,1
C000397,P005,Home Loan,Loan,Lending,False,1,Premium High-Value,Premium Digital Customer,Moderate Risk,Moderate Cross-Sell Opportunity,Priority 3,0.7067394750009703,0.5860128531973656,0.7006468631555562,0.5068774139166824,0.9868421052631579,0.72,1.0,0.0,0.65,0.7464137551791894,Medium,2
C000397,P007,Term Insurance,Insurance,Protection,False,1,Premium High-Value,Premium Digital Customer,Moderate Risk,Moderate Cross-Sell Opportunity,Priority 3,0.6436793739981674,0.5860128531973656,0.7006468631555562,0.5068774139166824,0.9868421052631579,0.72,1.0,0.0,0.65,0.7306487299284887,Medium,3
C000398,P008,Premium Banking,Banking,Premium,False,1,Premium High-Value,Premium Relationship Customer,High Risk,Moderate Cross-Sell Opportunity,Priority 3,0.45724735246839865,0.14758604206500955,0.40917142205454415,0.18348430095589466,0.4868421052631579,0.583,1.0,0.25,0.65,0.5326553623195753,Low,1
C000398,P006,Mutual Fund Plan,Investment,Wealth,False,1,Premium High-Value,Premium Relationship Customer,High Risk,Moderate Cross-Sell Opportunity,Priority 3,0.45137321453736423,0.14758604206500955,0.40917142205454415,0.18348430095589466,0.4868421052631579,0.583,1.0,0.25,0.65,0.5311868278368167,Low,2
C000398,P005,Home Loan,Loan,Lending,False,1,Premium High-Value,Premium Relationship Customer,High Risk,Moderate Cross-Sell Opportunity,Priority 3,0.3912667681679184,0.14758604206500955,0.40917142205454415,0.18348430095589466,0.4868421052631579,0.583,1.0,0.25,0.65,0.5161602162444552,Low,3
C000398,P004,Personal Loan,Loan,Lending,False,1,Premium High-Value,Premium Relationship Customer,High Risk,Moderate Cross-Sell Opportunity,Priority 3,0.38954439337839153,0.14758604206500955,0.40917142205454415,0.18348430095589466,0.4868421052631579,0.583,1.0,0.25,0.65,0.5157296225470736,Low,4
C000398,P007,Term Insurance,Insurance,Protection,False,1,Premium High-Value,Premium Relationship Customer,High Risk,Moderate Cross-Sell Opportunity,Priority 3,0.3795146420957597,0.14758604206500955,0.40917142205454415,0.18348430095589466,0.4868421052631579,0.583,1.0,0.25,0.65,0.5132221847264156,Low,5
C000399,P008,Premium Banking,Banking,Premium,False,1,Premium High-Value,Premium Relationship Customer,Low Risk,Moderate Cross-Sell Opportunity,Priority 2,0.39507107569783895,0.20130125345230507,0.11175863016885368,0.22811997417056587,0.47368421052631576,0.758,1.0,0.75,0.65,0.5933806511938682,Medium,1
C000399,P006,Mutual Fund Plan,Investment,Wealth,False,1,Premium High-Value,Premium Relationship Customer,Low Risk,Moderate Cross-Sell Opportunity,Priority 2,0.37469981133002284,0.20130125345230507,0.11175863016885368,0.22811997417056587,0.47368421052631576,0.758,1.0,0.75,0.65,0.5882878351019141,Medium,2
C000399,P004,Personal Loan,Loan,Lending,False,1,Premium High-Value,Premium Relationship Customer,Low Risk,Moderate Cross-Sell Opportunity,Priority 2,0.35010121439694764,0.20130125345230507,0.11175863016885368,0.22811997417056587,0.47368421052631576,0.758,1.0,0.75,0.65,0.5821381858686454,Medium,3
C000399,P005,Home Loan,Loan,Lending,False,1,Premium High-Value,Premium Relationship Customer,Low Risk,Moderate Cross-Sell Opportunity,Priority 2,0.30674965312520275,0.20130125345230507,0.11175863016885368,0.22811997417056587,0.47368421052631576,0.758,1.0,0.75,0.65,0.5713002955507092,Medium,4
C000400,P003,Rewards Credit Card,Credit Card,Cards,False,1,Premium High-Value,Premium Digital Customer,Moderate Risk,Moderate Cross-Sell Opportunity,Priority 2,0.7436191584476696,0.4679971319311663,0.5366162828998499,0.580177778276175,0.75,0.834,1.0,0.25,0.65,0.7329042159981507,Medium,1
C000400,P008,Premium Banking,Banking,Premium,False,1,Premium High-Value,Premium Digital Customer,Moderate Risk,Moderate Cross-Sell Opportunity,Priority 2,0.6242431627349567,0.4679971319311663,0.5366162828998499,0.580177778276175,0.75,0.834,1.0,0.25,0.65,0.7030602170699725,Medium,2
C000400,P004,Personal Loan,Loan,Lending,False,1,Premium High-Value,Premium Digital Customer,Moderate Risk,Moderate Cross-Sell Opportunity,Priority 2,0.6057202411178384,0.4679971319311663,0.5366162828998499,0.580177778276175,0.75,0.834,1.0,0.25,0.65,0.6984294866656929,Medium,3
C000400,P006,Mutual Fund Plan,Investment,Wealth,False,1,Premium High-Value,Premium Digital Customer,Moderate Risk,Moderate Cross-Sell Opportunity,Priority 2,0.5954741972177153,0.4679971319311663,0.5366162828998499,0.580177778276175,0.75,0.834,1.0,0.25,0.65,0.6958679756906622,Medium,4
C000400,P007,Term Insurance,Insurance,Protection,False,1,Premium High-Value,Premium Digital Customer,Moderate Risk,Moderate Cross-Sell Opportunity,Priority 2,0.5600160292926962,0.4679971319311663,0.5366162828998499,0.580177778276175,0.75,0.834,1.0,0.25,0.65,0.6870034337094074,Medium,5
C000401,P008,Premium Banking,Banking,Premium,False,1,Core Active,Core Relationship Customer,High Risk,Moderate Cross-Sell Opportunity,Priority 3,0.2087580394761974,0.08150361164223496,0.052225842879912034,0.06239434369033836,0.5921052631578947,0.658,0.7,0.25,0.65,0.3856060216711805,Low,1
C000401,P007,Term Insurance,Insurance,Protection,False,1,Core Active,Core Relationship Customer,High Risk,Moderate Cross-Sell Opportunity,Priority 3,0.18891155043235033,0.08150361164223496,0.052225842879912034,0.06239434369033836,0.5921052631578947,0.658,0.7,0.25,0.65,0.38064439941021877,Low,2
C000401,P004,Personal Loan,Loan,Lending,False,1,Core Active,Core Relationship Customer,High Risk,Moderate Cross-Sell Opportunity,Priority 3,0.1838745364667177,0.08150361164223496,0.052225842879912034,0.06239434369033836,0.5921052631578947,0.658,0.7,0.25,0.65,0.3793851459188107,Low,3
C000401,P006,Mutual Fund Plan,Investment,Wealth,False,1,Core Active,Core Relationship Customer,High Risk,Moderate Cross-Sell Opportunity,Priority 3,0.18275459120033533,0.08150361164223496,0.052225842879912034,0.06239434369033836,0.5921052631578947,0.658,0.7,0.25,0.65,0.379105159602215,Low,4
C000401,P005,Home Loan,Loan,Lending,False,1,Core Active,Core Relationship Customer,High Risk,Moderate Cross-Sell Opportunity,Priority 3,0.13033363279599294,0.08150361164223496,0.052225842879912034,0.06239434369033836,0.5921052631578947,0.658,0.7,0.25,0.65,0.36599992000112946,Low,5
C000402,P003,Rewards Credit Card,Credit Card,Cards,False,1,Core Active,Core Digital Customer,Moderate Risk,Moderate Cross-Sell Opportunity,Priority 3,0.3786807952217375,0.032796898236668794,0.06110043232492447,0.07656875965449861,0.34210526315789475,0.902,0.7,0.5,0.65,0.4502453679264523,Low,1
C000402,P008,Premium Banking,Banking,Premium,False,1,Core Active,Core Digital Customer,Moderate Risk,Moderate Cross-Sell Opportunity,Priority 3,0.28242302034375877,0.032796898236668794,0.06110043232492447,0.07656875965449861,0.34210526315789475,0.902,0.7,0.5,0.65,0.42618092420695763,Low,2
C000402,P006,Mutual Fund Plan,Investment,Wealth,False,1,Core Active,Core Digital Customer,Moderate Risk,Moderate Cross-Sell Opportunity,Priority 3,0.2528402617230691,0.032796898236668794,0.06110043232492447,0.07656875965449861,0.34210526315789475,0.902,0.7,0.5,0.65,0.4187852345517853,Low,3
C000402,P004,Personal Loan,Loan,Lending,False,1,Core Active,Core Digital Customer,Moderate Risk,Moderate Cross-Sell Opportunity,Priority 3,0.149290663020149,0.032796898236668794,0.06110043232492447,0.07656875965449861,0.34210526315789475,0.902,0.7,0.5,0.65,0.39289783487605523,Low,4
C000402,P007,Term Insurance,Insurance,Protection,False,1,Core Active,Core Digital Customer,Moderate Risk,Moderate Cross-Sell Opportunity,Priority 3,0.129335342831661,0.032796898236668794,0.06110043232492447,0.07656875965449861,0.34210526315789475,0.902,0.7,0.5,0.65,0.3879090048289332,Low,5
C000402,P005,Home Loan,Loan,Lending,False,1,Core Active,Core Digital Customer,Moderate Risk,Moderate Cross-Sell Opportunity,Priority 3,0.11822817049948181,0.032796898236668794,0.06110043232492447,0.07656875965449861,0.34210526315789475,0.902,0.7,0.5,0.65,0.3851322117458884,Low,6
C000403,P008,Premium Banking,Banking,Premium,False,1,Premium High-Value,Premium Relationship Customer,Low Risk,Moderate Cross-Sell Opportunity,Priority 3,0.3563087092485605,0.2636047376248141,0.09985423835260347,0.20135651254045195,0.5526315789473685,0.502,1.0,0.75,0.65,0.5623928616792083,Medium,1
C000403,P004,Personal Loan,Loan,Lending,False,1,Premium High-Value,Premium Relationship Customer,Low Risk,Moderate Cross-Sell Opportunity,Priority 3,0.35416752016548503,0.2636047376248141,0.09985423835260347,0.20135651254045195,0.5526315789473685,0.502,1.0,0.75,0.65,0.5618575644084394,Medium,2
C000403,P007,Term Insurance,Insurance,Protection,False,1,Premium High-Value,Premium Relationship Customer,Low Risk,Moderate Cross-Sell Opportunity,Priority 3,0.3081265077514145,0.2636047376248141,0.09985423835260347,0.20135651254045195,0.5526315789473685,0.502,1.0,0.75,0.65,0.5503473113049218,Medium,3
C000404,P003,Rewards Credit Card,Credit Card,Cards,False,1,Core Active,Core Relationship Customer,Moderate Risk,Moderate Cross-Sell Opportunity,Priority 3,0.4046535284277582,0.14669375398342893,0.17852186581894608,0.10096467890294059,0.5789473684210527,0.628,0.7,0.0,0.65,0.4176442381667832,Low,1
C000404,P007,Term Insurance,Insurance,Protection,False,1,Core Active,Core Relationship Customer,Moderate Risk,Moderate Cross-Sell Opportunity,Priority 3,0.39774633983717944,0.14669375398342893,0.17852186581894608,0.10096467890294059,0.5789473684210527,0.628,0.7,0.0,0.65,0.4159174410191385,Low,2
C000404,P006,Mutual Fund Plan,Investment,Wealth,False,1,Core Active,Core Relationship Customer,Moderate Risk,Moderate Cross-Sell Opportunity,Priority 3,0.3470036539581721,0.14669375398342893,0.17852186581894608,0.10096467890294059,0.5789473684210527,0.628,0.7,0.0,0.65,0.40323176954938666,Low,3
C000404,P008,Premium Banking,Banking,Premium,False,1,Core Active,Core Relationship Customer,Moderate Risk,Moderate Cross-Sell Opportunity,Priority 3,0.34650710223403414,0.14669375398342893,0.17852186581894608,0.10096467890294059,0.5789473684210527,0.628,0.7,0.0,0.65,0.40310763161835217,Low,4
C000404,P004,Personal Loan,Loan,Lending,False,1,Core Active,Core Relationship Customer,Moderate Risk,Moderate Cross-Sell Opportunity,Priority 3,0.302458470705083,0.14669375398342893,0.17852186581894608,0.10096467890294059,0.5789473684210527,0.628,0.7,0.0,0.65,0.3920954737361144,Low,5
C000404,P005,Home Loan,Loan,Lending,False,1,Core Active,Core Relationship Customer,Moderate Risk,Moderate Cross-Sell Opportunity,Priority 3,0.26858023354469707,0.14669375398342893,0.17852186581894608,0.10096467890294059,0.5789473684210527,0.628,0.7,0.0,0.65,0.3836259144460179,Low,6
C000405,P008,Premium Banking,Banking,Premium,False,1,Core Active,Core Relationship Customer,Low Risk,Moderate Cross-Sell Opportunity,Priority 3,0.2804568222741664,0.10180847673677501,0.20505935778948078,0.11680997143249632,0.5657894736842105,0.536,0.7,0.45,0.65,0.4314443219685282,Low,1
C000405,P004,Personal Loan,Loan,Lending,False,1,Core Active,Core Relationship Customer,Low Risk,Moderate Cross-Sell Opportunity,Priority 3,0.21937305985072703,0.10180847673677501,0.20505935778948078,0.11680997143249632,0.5657894736842105,0.536,0.7,0.45,0.65,0.41617338136266835,Low,2
C000405,P007,Term Insurance,Insurance,Protection,False,1,Core Active,Core Relationship Customer,Low Risk,Moderate Cross-Sell Opportunity,Priority 3,0.21874677086439037,0.10180847673677501,0.20505935778948078,0.11680997143249632,0.5657894736842105,0.536,0.7,0.45,0.65,0.4160168091160842,Low,3
C000406,P008,Premium Banking,Banking,Premium,False,1,Core Active,Core Relationship Customer,Moderate Risk,Low Cross-Sell Opportunity,Priority 2,0.218239033677664,0.0,0.046275218808387183,0.0,0.3157894736842105,0.675,0.7,0.75,0.3,0.3644281794720476,Low,1
C000406,P006,Mutual Fund Plan,Investment,Wealth,False,1,Core Active,Core Relationship Customer,Moderate Risk,Low Cross-Sell Opportunity,Priority 2,0.19109822907996288,0.0,0.046275218808387183,0.0,0.3157894736842105,0.675,0.7,0.75,0.3,0.3576429783226223,Low,2
C000406,P004,Personal Loan,Loan,Lending,False,1,Core Active,Core Relationship Customer,Moderate Risk,Low Cross-Sell Opportunity,Priority 2,0.08992676376499674,0.0,0.046275218808387183,0.0,0.3157894736842105,0.675,0.7,0.75,0.3,0.33235011199388076,Low,3
C000406,P005,Home Loan,Loan,Lending,False,1,Core Active,Core Relationship Customer,Moderate Risk,Low Cross-Sell Opportunity,Priority 2,0.06528909921783377,0.0,0.046275218808387183,0.0,0.3157894736842105,0.675,0.7,0.75,0.3,0.32619069585709004,Low,4
C000407,P003,Rewards Credit Card,Credit Card,Cards,False,1,Core Active,Core Relationship Customer,High Risk,Moderate Cross-Sell Opportunity,Priority 2,0.3974466312412189,0.19230932653494795,0.12680948956178242,0.1863709551564017,0.4473684210526316,0.684,0.7,0.625,0.65,0.47332878627518904,Low,1
C000407,P007,Term Insurance,Insurance,Protection,False,1,Core Active,Core Relationship Customer,High Risk,Moderate Cross-Sell Opportunity,Priority 2,0.30618684082868847,0.19230932653494795,0.12680948956178242,0.1863709551564017,0.4473684210526316,0.684,0.7,0.625,0.65,0.4505138386720564,Low,2
C000407,P008,Premium Banking,Banking,Premium,False,1,Core Active,Core Relationship Customer,High Risk,Moderate Cross-Sell Opportunity,Priority 2,0.2813666379189261,0.19230932653494795,0.12680948956178242,0.1863709551564017,0.4473684210526316,0.684,0.7,0.625,0.65,0.4443087879446158,Low,3
C000407,P006,Mutual Fund Plan,Investment,Wealth,False,1,Core Active,Core Relationship Customer,High Risk,Moderate Cross-Sell Opportunity,Priority 2,0.2534884769993858,0.19230932653494795,0.12680948956178242,0.1863709551564017,0.4473684210526316,0.684,0.7,0.625,0.65,0.43733924771473076,Low,4
C000407,P004,Personal Loan,Loan,Lending,False,1,Core Active,Core Relationship Customer,High Risk,Moderate Cross-Sell Opportunity,Priority 2,0.2224276138779377,0.19230932653494795,0.12680948956178242,0.1863709551564017,0.4473684210526316,0.684,0.7,0.625,0.65,0.4295740319343687,Low,5
C000407,P005,Home Loan,Loan,Lending,False,1,Core Active,Core Relationship Customer,High Risk,Moderate Cross-Sell Opportunity,Priority 2,0.18769056601804915,0.19230932653494795,0.12680948956178242,0.1863709551564017,0.4473684210526316,0.684,0.7,0.625,0.65,0.42088976996939664,Low,6
C000408,P007,Term Insurance,Insurance,Protection,False,1,Core Active,Core Relationship Customer,Low Risk,Moderate Cross-Sell Opportunity,Priority 3,0.3729487802193825,0.16583545782876566,0.1004787814284362,0.08965822724481988,0.4605263157894737,0.401,0.7,0.0,0.65,0.3930832339890198,Low,1
C000408,P006,Mutual Fund Plan,Investment,Wealth,False,1,Core Active,Core Relationship Customer,Low Risk,Moderate Cross-Sell Opportunity,Priority 3,0.2963043214292012,0.16583545782876566,0.1004787814284362,0.08965822724481988,0.4605263157894737,0.401,0.7,0.0,0.65,0.37392211929147445,Low,2
C000408,P008,Premium Banking,Banking,Premium,False,1,Core Active,Core Relationship Customer,Low Risk,Moderate Cross-Sell Opportunity,Priority 3,0.28158420648667243,0.16583545782876566,0.1004787814284362,0.08965822724481988,0.4605263157894737,0.401,0.7,0.0,0.65,0.37024209055584234,Low,3
C000408,P004,Personal Loan,Loan,Lending,False,1,Core Active,Core Relationship Customer,Low Risk,Moderate Cross-Sell Opportunity,Priority 3,0.27916970799734003,0.16583545782876566,0.1004787814284362,0.08965822724481988,0.4605263157894737,0.401,0.7,0.0,0.65,0.36963846593350924,Low,4
C000408,P005,Home Loan,Loan,Lending,False,1,Core Active,Core Relationship Customer,Low Risk,Moderate Cross-Sell Opportunity,Priority 3,0.2475148437996144,0.16583545782876566,0.1004787814284362,0.08965822724481988,0.4605263157894737,0.401,0.7,0.0,0.65,0.36172474988407777,Low,5
C000409,P003,Rewards Credit Card,Credit Card,Cards,False,1,Core Active,Core Relationship Customer,High Risk,Moderate Cross-Sell Opportunity,Priority 3,0.3646828102190037,0.08739111960909283,0.14874813693700742,0.05698688997352577,0.4605263157894737,0.736,0.7,0.0,0.65,0.3888278738449905,Low,1
C000409,P008,Premium Banking,Banking,Premium,False,1,Core Active,Core Relationship Customer,High Risk,Moderate Cross-Sell Opportunity,Priority 3,0.26657280658567567,0.08739111960909283,0.14874813693700742,0.05698688997352577,0.4605263157894737,0.736,0.7,0.0,0.65,0.3643003729366585,Low,2
C000409,P007,Term Insurance,Insurance,Protection,False,1,Core Active,Core Relationship Customer,High Risk,Moderate Cross-Sell Opportunity,Priority 3,0.17431781259998225,0.08739111960909283,0.14874813693700742,0.05698688997352577,0.4605263157894737,0.736,0.7,0.0,0.65,0.34123662444023517,Low,3
C000409,P004,Personal Loan,Loan,Lending,False,1,Core Active,Core Relationship Customer,High Risk,Moderate Cross-Sell Opportunity,Priority 3,0.16065288723105128,0.08739111960909283,0.14874813693700742,0.05698688997352577,0.4605263157894737,0.736,0.7,0.0,0.65,0.3378203930980024,Low,4
C000409,P005,Home Loan,Loan,Lending,False,1,Core Active,Core Relationship Customer,High Risk,Moderate Cross-Sell Opportunity,Priority 3,0.13558334317575707,0.08739111960909283,0.14874813693700742,0.05698688997352577,0.4605263157894737,0.736,0.7,0.0,0.65,0.3315530070841789,Low,5
C000410,P008,Premium Banking,Banking,Premium,False,1,Core Active,Core Relationship Customer,Low Risk,Moderate Cross-Sell Opportunity,Priority 3,0.2439951973507142,0.13299075844486935,0.1677774894136805,0.06255040430914206,0.5394736842105263,0.329,0.7,0.2,0.65,0.3789180036582315,Low,1
C000410,P006,Mutual Fund Plan,Investment,Wealth,False,1,Core Active,Core Relationship Customer,Low Risk,Moderate Cross-Sell Opportunity,Priority 3,0.23616588700588662,0.13299075844486935,0.1677774894136805,0.06255040430914206,0.5394736842105263,0.329,0.7,0.2,0.65,0.37696067607202455,Low,2
C000410,P004,Personal Loan,Loan,Lending,False,1,Core Active,Core Relationship Customer,Low Risk,Moderate Cross-Sell Opportunity,Priority 3,0.21133073761496382,0.13299075844486935,0.1677774894136805,0.06255040430914206,0.5394736842105263,0.329,0.7,0.2,0.65,0.3707518887242939,Low,3
C000410,P005,Home Loan,Loan,Lending,False,1,Core Active,Core Relationship Customer,Low Risk,Moderate Cross-Sell Opportunity,Priority 3,0.1829444900972925,0.13299075844486935,0.1677774894136805,0.06255040430914206,0.5394736842105263,0.329,0.7,0.2,0.65,0.363655326844876,Low,4
C000411,P008,Premium Banking,Banking,Premium,False,1,Dormant / Declining,Dormant Reactivation Target,Critical Risk,Low Cross-Sell Opportunity,Priority 4,0.1232835499559572,0.03811344805608668,0.13824023461582394,0.0,0.05263157894736842,0.154,0.25,0.1,0.3,0.1242383139423119,Low,1
C000411,P006,Mutual Fund Plan,Investment,Wealth,False,1,Dormant / Declining,Dormant Reactivation Target,Critical Risk,Low Cross-Sell Opportunity,Priority 4,0.12075596374906064,0.03811344805608668,0.13824023461582394,0.0,0.05263157894736842,0.154,0.25,0.1,0.3,0.12360641739058777,Low,2
C000411,P007,Term Insurance,Insurance,Protection,False,1,Dormant / Declining,Dormant Reactivation Target,Critical Risk,Low Cross-Sell Opportunity,Priority 4,0.11356475071278328,0.03811344805608668,0.13824023461582394,0.0,0.05263157894736842,0.154,0.25,0.1,0.3,0.12180861413151843,Low,3
C000411,P003,Rewards Credit Card,Credit Card,Cards,False,1,Dormant / Declining,Dormant Reactivation Target,Critical Risk,Low Cross-Sell Opportunity,Priority 4,0.07969551778264103,0.03811344805608668,0.13824023461582394,0.0,0.05263157894736842,0.154,0.25,0.1,0.3,0.11334130589898285,Low,4
C000411,P005,Home Loan,Loan,Lending,False,1,Dormant / Declining,Dormant Reactivation Target,Critical Risk,Low Cross-Sell Opportunity,Priority 4,0.0755921764784247,0.03811344805608668,0.13824023461582394,0.0,0.05263157894736842,0.154,0.25,0.1,0.3,0.11231547057292877,Low,5
C000411,P004,Personal Loan,Loan,Lending,False,1,Dormant / Declining,Dormant Reactivation Target,Critical Risk,Low Cross-Sell Opportunity,Priority 4,0.058213626777983626,0.03811344805608668,0.13824023461582394,0.0,0.05263157894736842,0.154,0.25,0.1,0.3,0.10797083314781851,Low,6
C000412,P008,Premium Banking,Banking,Premium,False,1,Premium High-Value,Premium Digital Customer,Moderate Risk,Moderate Cross-Sell Opportunity,Priority 3,0.53433026269978,0.16532823454429574,0.28438261576663887,0.08930358649729885,0.5394736842105263,0.832,1.0,0.0,0.65,0.5632692652153831,Medium,1
C000412,P006,Mutual Fund Plan,Investment,Wealth,False,1,Premium High-Value,Premium Digital Customer,Moderate Risk,Moderate Cross-Sell Opportunity,Priority 3,0.52089118224001,0.16532823454429574,0.28438261576663887,0.08930358649729885,0.5394736842105263,0.832,1.0,0.0,0.65,0.5599094951004406,Medium,2
C000412,P007,Term Insurance,Insurance,Protection,False,1,Premium High-Value,Premium Digital Customer,Moderate Risk,Moderate Cross-Sell Opportunity,Priority 3,0.4298154389791763,0.16532823454429574,0.28438261576663887,0.08930358649729885,0.5394736842105263,0.832,1.0,0.0,0.65,0.5371405592852322,Low,3
C000412,P004,Personal Loan,Loan,Lending,False,1,Premium High-Value,Premium Digital Customer,Moderate Risk,Moderate Cross-Sell Opportunity,Priority 3,0.38249407549053926,0.16532823454429574,0.28438261576663887,0.08930358649729885,0.5394736842105263,0.832,1.0,0.0,0.65,0.5253102184130729,Low,4
C000412,P005,Home Loan,Loan,Lending,False,1,Premium High-Value,Premium Digital Customer,Moderate Risk,Moderate Cross-Sell Opportunity,Priority 3,0.37054015251196737,0.16532823454429574,0.28438261576663887,0.08930358649729885,0.5394736842105263,0.832,1.0,0.0,0.65,0.5223217376684299,Low,5
C000413,P007,Term Insurance,Insurance,Protection,False,1,Core Active,Core Relationship Customer,High Risk,Moderate Cross-Sell Opportunity,Priority 3,0.455689291889623,0.2379992564265987,0.5702871186593421,0.1944730244080677,0.19736842105263158,0.558,0.7,0.0,0.65,0.40442743741562026,Low,1
C000413,P008,Premium Banking,Banking,Premium,False,1,Core Active,Core Relationship Customer,High Risk,Moderate Cross-Sell Opportunity,Priority 3,0.4343777927559291,0.2379992564265987,0.5702871186593421,0.1944730244080677,0.19736842105263158,0.558,0.7,0.0,0.65,0.3990995626321968,Low,2
C000413,P006,Mutual Fund Plan,Investment,Wealth,False,1,Core Active,Core Relationship Customer,High Risk,Moderate Cross-Sell Opportunity,Priority 3,0.42256974677891757,0.2379992564265987,0.5702871186593421,0.1944730244080677,0.19736842105263158,0.558,0.7,0.0,0.65,0.39614755113794387,Low,3
C000413,P005,Home Loan,Loan,Lending,False,1,Core Active,Core Relationship Customer,High Risk,Moderate Cross-Sell Opportunity,Priority 3,0.34184588196214766,0.2379992564265987,0.5702871186593421,0.1944730244080677,0.19736842105263158,0.558,0.7,0.0,0.65,0.37596658493375146,Low,4
C000413,P003,Rewards Credit Card,Credit Card,Cards,False,1,Core Active,Core Relationship Customer,High Risk,Moderate Cross-Sell Opportunity,Priority 3,0.30247751730077077,0.2379992564265987,0.5702871186593421,0.1944730244080677,0.19736842105263158,0.558,0.7,0.0,0.65,0.36612449376840717,Low,5
C000413,P004,Personal Loan,Loan,Lending,False,1,Core Active,Core Relationship Customer,High Risk,Moderate Cross-Sell Opportunity,Priority 3,0.2835869958879863,0.2379992564265987,0.5702871186593421,0.1944730244080677,0.19736842105263158,0.558,0.7,0.0,0.65,0.3614018634152111,Low,6
C000414,P007,Term Insurance,Insurance,Protection,False,1,Premium High-Value,Premium Relationship Customer,Moderate Risk,Moderate Cross-Sell Opportunity,Priority 2,0.45248993698522644,0.35154557042702356,0.20575865042808097,0.42788364045502425,0.47368421052631576,0.664,1.0,0.75,0.65,0.6283842299106588,Medium,1
C000414,P008,Premium Banking,Banking,Premium,False,1,Premium High-Value,Premium Relationship Customer,Moderate Risk,Moderate Cross-Sell Opportunity,Priority 2,0.4521059630627674,0.35154557042702356,0.20575865042808097,0.42788364045502425,0.47368421052631576,0.664,1.0,0.75,0.65,0.628288236430044,Medium,2
C000414,P004,Personal Loan,Loan,Lending,False,1,Premium High-Value,Premium Relationship Customer,Moderate Risk,Moderate Cross-Sell Opportunity,Priority 2,0.4095720733713458,0.35154557042702356,0.20575865042808097,0.42788364045502425,0.47368421052631576,0.664,1.0,0.75,0.65,0.6176547640071886,Medium,3
C000414,P005,Home Loan,Loan,Lending,False,1,Premium High-Value,Premium Relationship Customer,Moderate Risk,Moderate Cross-Sell Opportunity,Priority 2,0.3678563643587751,0.35154557042702356,0.20575865042808097,0.42788364045502425,0.47368421052631576,0.664,1.0,0.75,0.65,0.607225836754046,Medium,4
C000415,P007,Term Insurance,Insurance,Protection,False,1,Premium High-Value,Premium Relationship Customer,Low Risk,Moderate Cross-Sell Opportunity,Priority 2,0.46835631297879965,0.12277193541533886,0.39196435214309444,0.08222619070981417,0.5131578947368421,0.565,1.0,0.45,0.65,0.552617149538294,Medium,1
C000415,P008,Premium Banking,Banking,Premium,False,1,Premium High-Value,Premium Relationship Customer,Low Risk,Moderate Cross-Sell Opportunity,Priority 2,0.46255519992991856,0.12277193541533886,0.39196435214309444,0.08222619070981417,0.5131578947368421,0.565,1.0,0.45,0.65,0.5511668712760738,Medium,2
C000415,P006,Mutual Fund Plan,Investment,Wealth,False,1,Premium High-Value,Premium Relationship Customer,Low Risk,Moderate Cross-Sell Opportunity,Priority 2,0.4452247401598036,0.12277193541533886,0.39196435214309444,0.08222619070981417,0.5131578947368421,0.565,1.0,0.45,0.65,0.546834256333545,Low,3
C000415,P005,Home Loan,Loan,Lending,False,1,Premium High-Value,Premium Relationship Customer,Low Risk,Moderate Cross-Sell Opportunity,Priority 2,0.3328565122726177,0.12277193541533886,0.39196435214309444,0.08222619070981417,0.5131578947368421,0.565,1.0,0.45,0.65,0.5187421993617486,Low,4
C000415,P004,Personal Loan,Loan,Lending,False,1,Premium High-Value,Premium Relationship Customer,Low Risk,Moderate Cross-Sell Opportunity,Priority 2,0.3274616712250523,0.12277193541533886,0.39196435214309444,0.08222619070981417,0.5131578947368421,0.565,1.0,0.45,0.65,0.5173934890998572,Low,5
C000416,P004,Personal Loan,Loan,Lending,False,1,Premium High-Value,Premium Relationship Customer,Low Risk,Moderate Cross-Sell Opportunity,Priority 2,0.7332371308185132,0.9066098364138517,0.22257485697160181,0.9210548202639575,0.7105263157894737,0.619,1.0,0.6666666666666666,0.65,0.8322768640224864,High,1
C000416,P005,Home Loan,Loan,Lending,False,1,Premium High-Value,Premium Relationship Customer,Low Risk,Moderate Cross-Sell Opportunity,Priority 2,0.6487957375796028,0.9066098364138517,0.22257485697160181,0.9210548202639575,0.7105263157894737,0.619,1.0,0.6666666666666666,0.65,0.8111665157127588,High,2
C000416,P008,Premium Banking,Banking,Premium,False,1,Premium High-Value,Premium Relationship Customer,Low Risk,Moderate Cross-Sell Opportunity,Priority 2,0.5704278366099128,0.9066098364138517,0.22257485697160181,0.9210548202639575,0.7105263157894737,0.619,1.0,0.6666666666666666,0.65,0.7915745404703363,High,3
C000416,P006,Mutual Fund Plan,Investment,Wealth,False,1,Premium High-Value,Premium Relationship Customer,Low Risk,Moderate Cross-Sell Opportunity,Priority 2,0.5466617446558899,0.9066098364138517,0.22257485697160181,0.9210548202639575,0.7105263157894737,0.619,1.0,0.6666666666666666,0.65,0.7856330174818306,High,4
C000417,P008,Premium Banking,Banking,Premium,False,1,Premium High-Value,Premium Digital Customer,Low Risk,Moderate Cross-Sell Opportunity,Priority 3,0.42519133463532477,0.27493360951773954,0.12026925211665263,0.18806706307932833,0.7368421052631579,0.768,1.0,0.25,0.65,0.6061108713518528,Medium,1
C000417,P004,Personal Loan,Loan,Lending,False,1,Premium High-Value,Premium Digital Customer,Low Risk,Moderate Cross-Sell Opportunity,Priority 3,0.40084713192752386,0.27493360951773954,0.12026925211665263,0.18806706307932833,0.7368421052631579,0.768,1.0,0.25,0.65,0.6000248206749026,Medium,2
C000417,P007,Term Insurance,Insurance,Protection,False,1,Premium High-Value,Premium Digital Customer,Low Risk,Moderate Cross-Sell Opportunity,Priority 3,0.363420745681735,0.27493360951773954,0.12026925211665263,0.18806706307932833,0.7368421052631579,0.768,1.0,0.25,0.65,0.5906682241134554,Medium,3
C000417,P005,Home Loan,Loan,Lending,False,1,Premium High-Value,Premium Digital Customer,Low Risk,Moderate Cross-Sell Opportunity,Priority 3,0.3401432833866601,0.27493360951773954,0.12026925211665263,0.18806706307932833,0.7368421052631579,0.768,1.0,0.25,0.65,0.5848488585396867,Medium,4
C000418,P007,Term Insurance,Insurance,Protection,False,1,At Risk,At-Risk Declining Customer,Critical Risk,Low Cross-Sell Opportunity,Priority 4,0.2447804168604456,0.035452517527087314,0.08084828877642301,0.0,0.05263157894736842,0.0,0.45,0.125,0.3,0.17118034456263415,Low,1
C000418,P006,Mutual Fund Plan,Investment,Wealth,False,1,At Risk,At-Risk Declining Customer,Critical Risk,Low Cross-Sell Opportunity,Priority 4,0.1870708509053629,0.035452517527087314,0.08084828877642301,0.0,0.05263157894736842,0.0,0.45,0.125,0.3,0.15675295307386344,Low,2
C000418,P008,Premium Banking,Banking,Premium,False,1,At Risk,At-Risk Declining Customer,Critical Risk,Low Cross-Sell Opportunity,Priority 4,0.15000188538812154,0.035452517527087314,0.08084828877642301,0.0,0.05263157894736842,0.0,0.45,0.125,0.3,0.1474857116945531,Low,3
C000418,P004,Personal Loan,Loan,Lending,False,1,At Risk,At-Risk Declining Customer,Critical Risk,Low Cross-Sell Opportunity,Priority 4,0.14449621091578746,0.035452517527087314,0.08084828877642301,0.0,0.05263157894736842,0.0,0.45,0.125,0.3,0.14610929307646958,Low,4
C000418,P003,Rewards Credit Card,Credit Card,Cards,False,1,At Risk,At-Risk Declining Customer,Critical Risk,Low Cross-Sell Opportunity,Priority 4,0.055407070389669744,0.035452517527087314,0.08084828877642301,0.0,0.05263157894736842,0.0,0.45,0.125,0.3,0.12383700794494015,Low,5
C000419,P007,Term Insurance,Insurance,Protection,False,1,Dormant / Declining,Dormant Reactivation Target,Critical Risk,Low Cross-Sell Opportunity,Priority 4,0.16999519053893622,0.06763596770766943,0.027440424773122852,0.021804098133159897,0.06578947368421052,0.33,0.25,0.25,0.3,0.1763944122288995,Low,1
C000419,P008,Premium Banking,Banking,Premium,False,1,Dormant / Declining,Dormant Reactivation Target,Critical Risk,Low Cross-Sell Opportunity,Priority 4,0.11099134115240533,0.06763596770766943,0.027440424773122852,0.021804098133159897,0.06578947368421052,0.33,0.25,0.25,0.3,0.1616434498822668,Low,2
C000419,P006,Mutual Fund Plan,Investment,Wealth,False,1,Dormant / Declining,Dormant Reactivation Target,Critical Risk,Low Cross-Sell Opportunity,Priority 4,0.09851432965815245,0.06763596770766943,0.027440424773122852,0.021804098133159897,0.06578947368421052,0.33,0.25,0.25,0.3,0.15852419700870357,Low,3
C000419,P004,Personal Loan,Loan,Lending,False,1,Dormant / Declining,Dormant Reactivation Target,Critical Risk,Low Cross-Sell Opportunity,Priority 4,0.05399453390898472,0.06763596770766943,0.027440424773122852,0.021804098133159897,0.06578947368421052,0.33,0.25,0.25,0.3,0.14739424807141166,Low,4
C000419,P005,Home Loan,Loan,Lending,False,1,Dormant / Declining,Dormant Reactivation Target,Critical Risk,Low Cross-Sell Opportunity,Priority 4,0.05273303882859958,0.06763596770766943,0.027440424773122852,0.021804098133159897,0.06578947368421052,0.33,0.25,0.25,0.3,0.14707887430131533,Low,5
C000420,P007,Term Insurance,Insurance,Protection,False,1,Dormant / Declining,Dormant Reactivation Target,Critical Risk,Low Cross-Sell Opportunity,Priority 4,0.2461565163722509,0.09320161461652858,0.12612416880407337,0.0,0.039473684210526314,0.125,0.25,0.0,0.3,0.1511005046479474,Low,1
C000420,P008,Premium Banking,Banking,Premium,False,1,Dormant / Declining,Dormant Reactivation Target,Critical Risk,Low Cross-Sell Opportunity,Priority 4,0.1121352024105479,0.09320161461652858,0.12612416880407337,0.0,0.039473684210526314,0.125,0.25,0.0,0.3,0.11759517615752164,Low,2
C000420,P006,Mutual Fund Plan,Investment,Wealth,False,1,Dormant / Declining,Dormant Reactivation Target,Critical Risk,Low Cross-Sell Opportunity,Priority 4,0.10904612195077779,0.09320161461652858,0.12612416880407337,0.0,0.039473684210526314,0.125,0.25,0.0,0.3,0.1168229060425791,Low,3
C000420,P005,Home Loan,Loan,Lending,False,1,Dormant / Declining,Dormant Reactivation Target,Critical Risk,Low Cross-Sell Opportunity,Priority 4,0.08388794279874931,0.09320161461652858,0.12612416880407337,0.0,0.039473684210526314,0.125,0.25,0.0,0.3,0.11053336125457199,Low,4
C000420,P004,Personal Loan,Loan,Lending,False,1,Dormant / Declining,Dormant Reactivation Target,Critical Risk,Low Cross-Sell Opportunity,Priority 4,0.0642566051683645,0.09320161461652858,0.12612416880407337,0.0,0.039473684210526314,0.125,0.25,0.0,0.3,0.10562552684697578,Low,5
C000420,P003,Rewards Credit Card,Credit Card,Cards,False,1,Dormant / Declining,Dormant Reactivation Target,Critical Risk,Low Cross-Sell Opportunity,Priority 4,0.06380808310881475,0.09320161461652858,0.12612416880407337,0.0,0.039473684210526314,0.125,0.25,0.0,0.3,0.10551339633208835,Low,6
C000421,P007,Term Insurance,Insurance,Protection,False,1,Core Active,Core Relationship Customer,Low Risk,Moderate Cross-Sell Opportunity,Priority 3,0.2839290285707071,0.14120724452942426,0.18002698668794118,0.09905877691461616,0.6052631578947368,0.474,0.7,0.3,0.65,0.4249131797327721,Low,1
C000421,P008,Premium Banking,Banking,Premium,False,1,Core Active,Core Relationship Customer,Low Risk,Moderate Cross-Sell Opportunity,Priority 3,0.27706087993726547,0.14120724452942426,0.18002698668794118,0.09905877691461616,0.6052631578947368,0.474,0.7,0.3,0.65,0.42319614257441174,Low,2
C000421,P006,Mutual Fund Plan,Investment,Wealth,False,1,Core Active,Core Relationship Customer,Low Risk,Moderate Cross-Sell Opportunity,Priority 3,0.2605447879832425,0.14120724452942426,0.18002698668794118,0.09905877691461616,0.6052631578947368,0.474,0.7,0.3,0.65,0.4190671195859059,Low,3
C000421,P004,Personal Loan,Loan,Lending,False,1,Core Active,Core Relationship Customer,Low Risk,Moderate Cross-Sell Opportunity,Priority 3,0.23178233246182012,0.14120724452942426,0.18002698668794118,0.09905877691461616,0.6052631578947368,0.474,0.7,0.3,0.65,0.41187650570555034,Low,4
C000421,P005,Home Loan,Loan,Lending,False,1,Core Active,Core Relationship Customer,Low Risk,Moderate Cross-Sell Opportunity,Priority 3,0.19541454921054718,0.14120724452942426,0.18002698668794118,0.09905877691461616,0.6052631578947368,0.474,0.7,0.3,0.65,0.4027845598927321,Low,5
C000422,P004,Personal Loan,Loan,Lending,False,1,Premium High-Value,Premium Digital Customer,Moderate Risk,Moderate Cross-Sell Opportunity,Priority 2,0.526901983824053,0.3318913320586361,0.1301588987084044,0.4890991190518243,0.6973684210526315,0.835,1.0,0.6666666666666666,0.65,0.6853756921923019,Medium,1
C000422,P008,Premium Banking,Banking,Premium,False,1,Premium High-Value,Premium Digital Customer,Moderate Risk,Moderate Cross-Sell Opportunity,Priority 2,0.49453944637353997,0.3318913320586361,0.1301588987084044,0.4890991190518243,0.6973684210526315,0.835,1.0,0.6666666666666666,0.65,0.6772850578296736,Medium,2
C000422,P007,Term Insurance,Insurance,Protection,False,1,Premium High-Value,Premium Digital Customer,Moderate Risk,Moderate Cross-Sell Opportunity,Priority 2,0.4875171977725419,0.3318913320586361,0.1301588987084044,0.4890991190518243,0.6973684210526315,0.835,1.0,0.6666666666666666,0.65,0.6755294956794241,Medium,3
C000422,P006,Mutual Fund Plan,Investment,Wealth,False,1,Premium High-Value,Premium Digital Customer,Moderate Risk,Moderate Cross-Sell Opportunity,Priority 2,0.48296186016664344,0.3318913320586361,0.1301588987084044,0.4890991190518243,0.6973684210526315,0.835,1.0,0.6666666666666666,0.65,0.6743906612779496,Medium,4
C000422,P005,Home Loan,Loan,Lending,False,1,Premium High-Value,Premium Digital Customer,Moderate Risk,Moderate Cross-Sell Opportunity,Priority 2,0.4443736312227998,0.3318913320586361,0.1301588987084044,0.4890991190518243,0.6973684210526315,0.835,1.0,0.6666666666666666,0.65,0.6647436040419886,Medium,5
C000423,P008,Premium Banking,Banking,Premium,False,1,Premium High-Value,Premium Relationship Customer,Moderate Risk,Moderate Cross-Sell Opportunity,Priority 2,0.3933070349703188,0.23665020182706606,0.15526916304591196,0.17251286565610408,0.6578947368421053,0.738,1.0,0.625,0.65,0.6131410096343087,Medium,1
C000423,P006,Mutual Fund Plan,Investment,Wealth,False,1,Premium High-Value,Premium Relationship Customer,Moderate Risk,Moderate Cross-Sell Opportunity,Priority 2,0.3584185292231924,0.23665020182706606,0.15526916304591196,0.17251286565610408,0.6578947368421053,0.738,1.0,0.625,0.65,0.6044188831975271,Medium,2
C000423,P004,Personal Loan,Loan,Lending,False,1,Premium High-Value,Premium Relationship Customer,Moderate Risk,Moderate Cross-Sell Opportunity,Priority 2,0.3464014382632692,0.23665020182706606,0.15526916304591196,0.17251286565610408,0.6578947368421053,0.738,1.0,0.625,0.65,0.6014146104575463,Medium,3
C000423,P005,Home Loan,Loan,Lending,False,1,Premium High-Value,Premium Relationship Customer,Moderate Risk,Moderate Cross-Sell Opportunity,Priority 2,0.2984835625616883,0.23665020182706606,0.15526916304591196,0.17251286565610408,0.6578947368421053,0.738,1.0,0.625,0.65,0.5894351415321512,Medium,4
C000423,P007,Term Insurance,Insurance,Protection,False,1,Premium High-Value,Premium Relationship Customer,Moderate Risk,Moderate Cross-Sell Opportunity,Priority 2,0.2884624625934784,0.23665020182706606,0.15526916304591196,0.17251286565610408,0.6578947368421053,0.738,1.0,0.625,0.65,0.5869298665400986,Medium,5
C000424,P007,Term Insurance,Insurance,Protection,False,1,At Risk,At-Risk Declining Customer,Critical Risk,Low Cross-Sell Opportunity,Priority 4,0.3661468798314527,0.18652007648183555,0.14851061496185852,0.08062072877505498,0.2236842105263158,0.204,0.45,0.16666666666666666,0.3,0.28196003349984433,Low,1
C000424,P008,Premium Banking,Banking,Premium,False,1,At Risk,At-Risk Declining Customer,Critical Risk,Low Cross-Sell Opportunity,Priority 4,0.24490433483273366,0.18652007648183555,0.14851061496185852,0.08062072877505498,0.2236842105263158,0.204,0.45,0.16666666666666666,0.3,0.25164939725016455,Low,2
C000424,P005,Home Loan,Loan,Lending,False,1,At Risk,At-Risk Declining Customer,Critical Risk,Low Cross-Sell Opportunity,Priority 4,0.24371398104940606,0.18652007648183555,0.14851061496185852,0.08062072877505498,0.2236842105263158,0.204,0.45,0.16666666666666666,0.3,0.25135180880433267,Low,3
C000425,P007,Term Insurance,Insurance,Protection,False,1,Core Active,Core Relationship Customer,Critical Risk,Low Cross-Sell Opportunity,Priority 3,0.2944816626410227,0.11413055024431698,0.05567165800468268,0.09489700466406317,0.2236842105263158,0.497,0.7,0.5,0.3,0.34969915728806644,Low,1
C000425,P008,Premium Banking,Banking,Premium,False,1,Core Active,Core Relationship Customer,Critical Risk,Low Cross-Sell Opportunity,Priority 3,0.2278194023652945,0.11413055024431698,0.05567165800468268,0.09489700466406317,0.2236842105263158,0.497,0.7,0.5,0.3,0.33303359221913437,Low,2
C000425,P004,Personal Loan,Loan,Lending,False,1,Core Active,Core Relationship Customer,Critical Risk,Low Cross-Sell Opportunity,Priority 3,0.1649268464672457,0.11413055024431698,0.05567165800468268,0.09489700466406317,0.2236842105263158,0.497,0.7,0.5,0.3,0.3173104532446222,Low,3
C000425,P005,Home Loan,Loan,Lending,False,1,Core Active,Core Relationship Customer,Critical Risk,Low Cross-Sell Opportunity,Priority 3,0.14712600116112606,0.11413055024431698,0.05567165800468268,0.09489700466406317,0.2236842105263158,0.497,0.7,0.5,0.3,0.31286024191809225,Low,4
C000426,P003,Rewards Credit Card,Credit Card,Cards,False,1,Core Active,Core Digital Customer,Moderate Risk,Moderate Cross-Sell Opportunity,Priority 2,0.3632627519065715,0.006668260038240918,0.026200769641058885,0.0,0.3815789473684211,0.891,0.7,0.75,0.65,0.4509861820895542,Low,1
C000426,P007,Term Insurance,Insurance,Protection,False,1,Core Active,Core Digital Customer,Moderate Risk,Moderate Cross-Sell Opportunity,Priority 2,0.33388833315535693,0.006668260038240918,0.026200769641058885,0.0,0.3815789473684211,0.891,0.7,0.75,0.65,0.4436425774017506,Low,2
C000426,P008,Premium Banking,Banking,Premium,False,1,Core Active,Core Digital Customer,Moderate Risk,Moderate Cross-Sell Opportunity,Priority 2,0.31509771884687177,0.006668260038240918,0.026200769641058885,0.0,0.3815789473684211,0.891,0.7,0.75,0.65,0.43894492382462924,Low,3
C000426,P006,Mutual Fund Plan,Investment,Wealth,False,1,Core Active,Core Digital Customer,Moderate Risk,Moderate Cross-Sell Opportunity,Priority 2,0.3113523165480212,0.006668260038240918,0.026200769641058885,0.0,0.3815789473684211,0.891,0.7,0.75,0.65,0.4380085732499166,Low,4
C000426,P004,Personal Loan,Loan,Lending,False,1,Core Active,Core Digital Customer,Moderate Risk,Moderate Cross-Sell Opportunity,Priority 2,0.2046601760347636,0.006668260038240918,0.026200769641058885,0.0,0.3815789473684211,0.891,0.7,0.75,0.65,0.4113355381216023,Low,5
C000426,P005,Home Loan,Loan,Lending,False,1,Core Active,Core Digital Customer,Moderate Risk,Moderate Cross-Sell Opportunity,Priority 2,0.17076580974599237,0.006668260038240918,0.026200769641058885,0.0,0.3815789473684211,0.891,0.7,0.75,0.65,0.40286194654940943,Low,6
C000427,P003,Rewards Credit Card,Credit Card,Cards,False,1,Premium High-Value,Premium Relationship Customer,Moderate Risk,Moderate Cross-Sell Opportunity,Priority 2,0.6808379284087167,0.5521005948587211,0.4675557207342363,0.5382666244275053,0.6578947368421053,0.78,1.0,0.2,0.65,0.6898138116002392,Medium,1
C000427,P004,Personal Loan,Loan,Lending,False,1,Premium High-Value,Premium Relationship Customer,Moderate Risk,Moderate Cross-Sell Opportunity,Priority 2,0.5799958088216739,0.5521005948587211,0.4675557207342363,0.5382666244275053,0.6578947368421053,0.78,1.0,0.2,0.65,0.6646032817034785,Medium,2
C000427,P008,Premium Banking,Banking,Premium,False,1,Premium High-Value,Premium Relationship Customer,Moderate Risk,Moderate Cross-Sell Opportunity,Priority 2,0.5790105150223963,0.5521005948587211,0.4675557207342363,0.5382666244275053,0.6578947368421053,0.78,1.0,0.2,0.65,0.6643569582536591,Medium,3
C000427,P005,Home Loan,Loan,Lending,False,1,Premium High-Value,Premium Relationship Customer,Moderate Risk,Moderate Cross-Sell Opportunity,Priority 2,0.5581180605477843,0.5521005948587211,0.4675557207342363,0.5382666244275053,0.6578947368421053,0.78,1.0,0.2,0.65,0.6591338446350061,Medium,4
C000427,P007,Term Insurance,Insurance,Protection,False,1,Premium High-Value,Premium Relationship Customer,Moderate Risk,Moderate Cross-Sell Opportunity,Priority 2,0.4299685735638865,0.5521005948587211,0.4675557207342363,0.5382666244275053,0.6578947368421053,0.78,1.0,0.2,0.65,0.6270964728890317,Medium,5
C000428,P003,Rewards Credit Card,Credit Card,Cards,False,1,Core Active,Core Relationship Customer,Moderate Risk,Moderate Cross-Sell Opportunity,Priority 3,0.2555540056374532,0.04735234756745273,0.00834400726817244,0.034971596032883,0.23684210526315788,0.556,0.7,0.6666666666666666,0.65,0.38865195337899416,Low,1
C000428,P008,Premium Banking,Banking,Premium,False,1,Core Active,Core Relationship Customer,Moderate Risk,Moderate Cross-Sell Opportunity,Priority 3,0.1904890482942253,0.04735234756745273,0.00834400726817244,0.034971596032883,0.23684210526315788,0.556,0.7,0.6666666666666666,0.65,0.3723857140431872,Low,2
C000428,P006,Mutual Fund Plan,Investment,Wealth,False,1,Core Active,Core Relationship Customer,Moderate Risk,Moderate Cross-Sell Opportunity,Priority 3,0.17389594484594947,0.04735234756745273,0.00834400726817244,0.034971596032883,0.23684210526315788,0.556,0.7,0.6666666666666666,0.65,0.3682374381811183,Low,3
C000428,P007,Term Insurance,Insurance,Protection,False,1,Core Active,Core Relationship Customer,Moderate Risk,Moderate Cross-Sell Opportunity,Priority 3,0.13754921393812805,0.04735234756745273,0.00834400726817244,0.034971596032883,0.23684210526315788,0.556,0.7,0.6666666666666666,0.65,0.35915075545416286,Low,4
C000428,P004,Personal Loan,Loan,Lending,False,1,Core Active,Core Relationship Customer,Moderate Risk,Moderate Cross-Sell Opportunity,Priority 3,0.10344073527484227,0.04735234756745273,0.00834400726817244,0.034971596032883,0.23684210526315788,0.556,0.7,0.6666666666666666,0.65,0.35062363578834144,Low,5
C000428,P005,Home Loan,Loan,Lending,False,1,Core Active,Core Relationship Customer,Moderate Risk,Moderate Cross-Sell Opportunity,Priority 3,0.07987858361383668,0.04735234756745273,0.00834400726817244,0.034971596032883,0.23684210526315788,0.556,0.7,0.6666666666666666,0.65,0.34473309787309003,Low,6
C000429,P008,Premium Banking,Banking,Premium,False,1,Core Active,Core Relationship Customer,Moderate Risk,Low Cross-Sell Opportunity,Priority 3,0.24393391422777339,0.19085935840237944,0.035397061643589196,0.13035313621101638,0.4342105263157895,0.443,0.7,0.25,0.3,0.3735869291847877,Low,1
C000429,P006,Mutual Fund Plan,Investment,Wealth,False,1,Core Active,Core Relationship Customer,Moderate Risk,Low Cross-Sell Opportunity,Priority 3,0.23615173031972742,0.19085935840237944,0.035397061643589196,0.13035313621101638,0.4342105263157895,0.443,0.7,0.25,0.3,0.37164138320777623,Low,2
C000429,P005,Home Loan,Loan,Lending,False,1,Core Active,Core Relationship Customer,Moderate Risk,Low Cross-Sell Opportunity,Priority 3,0.1769797084624522,0.19085935840237944,0.035397061643589196,0.13035313621101638,0.4342105263157895,0.443,0.7,0.25,0.3,0.3568483777434574,Low,3
C000429,P007,Term Insurance,Insurance,Protection,False,1,Core Active,Core Relationship Customer,Moderate Risk,Low Cross-Sell Opportunity,Priority 3,0.16830683511948272,0.19085935840237944,0.035397061643589196,0.13035313621101638,0.4342105263157895,0.443,0.7,0.25,0.3,0.354680159407715,Low,4
C000430,P007,Term Insurance,Insurance,Protection,False,1,At Risk,At-Risk Engagement Customer,High Risk,Low Cross-Sell Opportunity,Priority 3,0.2989787688131764,0.12326853622264712,0.09968343210870961,0.09495821406844426,0.2894736842105263,0.507,0.45,0.5,0.3,0.3460194520794025,Low,1
C000430,P003,Rewards Credit Card,Credit Card,Cards,False,1,At Risk,At-Risk Engagement Customer,High Risk,Low Cross-Sell Opportunity,Priority 3,0.2716576497158814,0.12326853622264712,0.09968343210870961,0.09495821406844426,0.2894736842105263,0.507,0.45,0.5,0.3,0.3391891723050788,Low,2
C000430,P006,Mutual Fund Plan,Investment,Wealth,False,1,At Risk,At-Risk Engagement Customer,High Risk,Low Cross-Sell Opportunity,Priority 3,0.25968814266588613,0.12326853622264712,0.09968343210870961,0.09495821406844426,0.2894736842105263,0.507,0.45,0.5,0.3,0.3361967955425799,Low,3
C000430,P008,Premium Banking,Banking,Premium,False,1,At Risk,At-Risk Engagement Customer,High Risk,Low Cross-Sell Opportunity,Priority 3,0.25630251048197805,0.12326853622264712,0.09968343210870961,0.09495821406844426,0.2894736842105263,0.507,0.45,0.5,0.3,0.3353503874966029,Low,4
C000430,P004,Personal Loan,Loan,Lending,False,1,At Risk,At-Risk Engagement Customer,High Risk,Low Cross-Sell Opportunity,Priority 3,0.21502635189061883,0.12326853622264712,0.09968343210870961,0.09495821406844426,0.2894736842105263,0.507,0.45,0.5,0.3,0.32503134784876314,Low,5
C000430,P005,Home Loan,Loan,Lending,False,1,At Risk,At-Risk Engagement Customer,High Risk,Low Cross-Sell Opportunity,Priority 3,0.19769910369016058,0.12326853622264712,0.09968343210870961,0.09495821406844426,0.2894736842105263,0.507,0.45,0.5,0.3,0.32069953579864857,Low,6
C000431,P007,Term Insurance,Insurance,Protection,False,1,Core Active,Core Relationship Customer,Moderate Risk,Moderate Cross-Sell Opportunity,Priority 3,0.27495735374261526,0.054817293392819204,0.1606500836741017,0.028879157683836136,0.32894736842105265,0.566,0.7,0.6666666666666666,0.65,0.40981156904404215,Low,1
C000431,P008,Premium Banking,Banking,Premium,False,1,Core Active,Core Relationship Customer,Moderate Risk,Moderate Cross-Sell Opportunity,Priority 3,0.2714588839460706,0.054817293392819204,0.1606500836741017,0.028879157683836136,0.32894736842105265,0.566,0.7,0.6666666666666666,0.65,0.40893695159490606,Low,2
C000431,P006,Mutual Fund Plan,Investment,Wealth,False,1,Core Active,Core Relationship Customer,Moderate Risk,Moderate Cross-Sell Opportunity,Priority 3,0.25982555061273727,0.054817293392819204,0.1606500836741017,0.028879157683836136,0.32894736842105265,0.566,0.7,0.6666666666666666,0.65,0.40602861826157266,Low,3
C000431,P004,Personal Loan,Loan,Lending,False,1,Core Active,Core Relationship Customer,Moderate Risk,Moderate Cross-Sell Opportunity,Priority 3,0.16210800578993878,0.054817293392819204,0.1606500836741017,0.028879157683836136,0.32894736842105265,0.566,0.7,0.6666666666666666,0.65,0.3815992320558731,Low,4
C000431,P005,Home Loan,Loan,Lending,False,1,Core Active,Core Relationship Customer,Moderate Risk,Moderate Cross-Sell Opportunity,Priority 3,0.15316373040020612,0.054817293392819204,0.1606500836741017,0.028879157683836136,0.32894736842105265,0.566,0.7,0.6666666666666666,0.65,0.3793631632084399,Low,5
C000432,P007,Term Insurance,Insurance,Protection,False,1,Core Active,Core Relationship Customer,Moderate Risk,Moderate Cross-Sell Opportunity,Priority 3,0.2701274197539846,0.11595761631612492,0.10600885188513856,0.14076387467678164,0.4342105263157895,0.319,0.7,0.16666666666666666,0.65,0.3619216238157562,Low,1
C000432,P008,Premium Banking,Banking,Premium,False,1,Core Active,Core Relationship Customer,Moderate Risk,Moderate Cross-Sell Opportunity,Priority 3,0.21600354068512384,0.11595761631612492,0.10600885188513856,0.14076387467678164,0.4342105263157895,0.319,0.7,0.16666666666666666,0.65,0.3483906540485411,Low,2
C000432,P006,Mutual Fund Plan,Investment,Wealth,False,1,Core Active,Core Relationship Customer,Moderate Risk,Moderate Cross-Sell Opportunity,Priority 3,0.21068572459316984,0.11595761631612492,0.10600885188513856,0.14076387467678164,0.4342105263157895,0.319,0.7,0.16666666666666666,0.65,0.3470612000255525,Low,3
C000432,P005,Home Loan,Loan,Lending,False,1,Core Active,Core Relationship Customer,Moderate Risk,Moderate Cross-Sell Opportunity,Priority 3,0.16178181309958034,0.11595761631612492,0.10600885188513856,0.14076387467678164,0.4342105263157895,0.319,0.7,0.16666666666666666,0.65,0.3348352221521552,Low,4
C000433,P007,Term Insurance,Insurance,Protection,False,1,Core Active,Core Relationship Customer,Low Risk,Moderate Cross-Sell Opportunity,Priority 2,0.3849754278753683,0.22692266836626301,0.12669387224740847,0.18108965822724482,0.5921052631578947,0.374,0.7,0.1,0.65,0.4353441801157789,Low,1
C000433,P004,Personal Loan,Loan,Lending,False,1,Core Active,Core Relationship Customer,Low Risk,Moderate Cross-Sell Opportunity,Priority 2,0.2899957276929836,0.22692266836626301,0.12669387224740847,0.18108965822724482,0.5921052631578947,0.374,0.7,0.1,0.65,0.4115992550701827,Low,2
C000433,P008,Premium Banking,Banking,Premium,False,1,Core Active,Core Relationship Customer,Low Risk,Moderate Cross-Sell Opportunity,Priority 2,0.2601659916607588,0.22692266836626301,0.12669387224740847,0.18108965822724482,0.5921052631578947,0.374,0.7,0.1,0.65,0.4041418210621265,Low,3
C000433,P006,Mutual Fund Plan,Investment,Wealth,False,1,Core Active,Core Relationship Customer,Low Risk,Moderate Cross-Sell Opportunity,Priority 2,0.2575579456837473,0.22692266836626301,0.12669387224740847,0.18108965822724482,0.5921052631578947,0.374,0.7,0.1,0.65,0.4034898095678736,Low,4
C000433,P005,Home Loan,Loan,Lending,False,1,Core Active,Core Relationship Customer,Low Risk,Moderate Cross-Sell Opportunity,Priority 2,0.24302644980989405,0.22692266836626301,0.12669387224740847,0.18108965822724482,0.5921052631578947,0.374,0.7,0.1,0.65,0.39985693559941027,Low,5
C000434,P003,Rewards Credit Card,Credit Card,Cards,False,1,Core Active,Core Digital Customer,Low Risk,Moderate Cross-Sell Opportunity,Priority 2,0.4046647500823427,0.04270501380922031,0.02706842344439698,0.0,0.4342105263157895,0.884,0.7,0.75,0.65,0.4957387692297982,Low,1
C000434,P008,Premium Banking,Banking,Premium,False,1,Core Active,Core Digital Customer,Low Risk,Moderate Cross-Sell Opportunity,Priority 2,0.2735389452170988,0.04270501380922031,0.02706842344439698,0.0,0.4342105263157895,0.884,0.7,0.75,0.65,0.4629573180134873,Low,2
C000434,P007,Term Insurance,Insurance,Protection,False,1,Core Active,Core Digital Customer,Low Risk,Moderate Cross-Sell Opportunity,Priority 2,0.23822704440735323,0.04270501380922031,0.02706842344439698,0.0,0.4342105263157895,0.884,0.7,0.75,0.65,0.4541293428110508,Low,3
C000434,P006,Mutual Fund Plan,Investment,Wealth,False,1,Core Active,Core Digital Customer,Low Risk,Moderate Cross-Sell Opportunity,Priority 2,0.23221250843548968,0.04270501380922031,0.02706842344439698,0.0,0.4342105263157895,0.884,0.7,0.75,0.65,0.45262570881808495,Low,4
C000434,P004,Personal Loan,Loan,Lending,False,1,Core Active,Core Digital Customer,Low Risk,Moderate Cross-Sell Opportunity,Priority 2,0.11233456257775595,0.04270501380922031,0.02706842344439698,0.0,0.4342105263157895,0.884,0.7,0.75,0.65,0.4226562223536515,Low,5
C000434,P005,Home Loan,Loan,Lending,False,1,Core Active,Core Digital Customer,Low Risk,Moderate Cross-Sell Opportunity,Priority 2,0.07510902415329757,0.04270501380922031,0.02706842344439698,0.0,0.4342105263157895,0.884,0.7,0.75,0.65,0.41334983774753686,Low,6
C000435,P003,Rewards Credit Card,Credit Card,Cards,False,1,Core Active,Core Relationship Customer,Moderate Risk,Low Cross-Sell Opportunity,Priority 3,0.34237868204947647,0.08087157425111537,0.10239223051647407,0.009469235031964396,0.5789473684210527,0.452,0.7,0.1,0.3,0.3638110906257501,Low,1
C000435,P008,Premium Banking,Banking,Premium,False,1,Core Active,Core Relationship Customer,Moderate Risk,Low Cross-Sell Opportunity,Priority 3,0.2356863276323676,0.08087157425111537,0.10239223051647407,0.009469235031964396,0.5789473684210527,0.452,0.7,0.1,0.3,0.33713800202147287,Low,2
C000435,P004,Personal Loan,Loan,Lending,False,1,Core Active,Core Relationship Customer,Moderate Risk,Low Cross-Sell Opportunity,Priority 3,0.18057948961237466,0.08087157425111537,0.10239223051647407,0.009469235031964396,0.5789473684210527,0.452,0.7,0.1,0.3,0.32336129251647466,Low,3
C000435,P005,Home Loan,Loan,Lending,False,1,Core Active,Core Relationship Customer,Moderate Risk,Low Cross-Sell Opportunity,Priority 3,0.14114024255709984,0.08087157425111537,0.10239223051647407,0.009469235031964396,0.5789473684210527,0.452,0.7,0.1,0.3,0.31350148075265594,Low,4
C000436,P007,Term Insurance,Insurance,Protection,False,1,At Risk,At-Risk Engagement Customer,Critical Risk,Low Cross-Sell Opportunity,Priority 4,0.23321136996549263,0.07089175695772254,0.0794409710736657,0.05362878318507576,0.17105263157894737,0.48,0.45,0.0,0.3,0.24863908861975978,Low,1
C000436,P006,Mutual Fund Plan,Investment,Wealth,False,1,At Risk,At-Risk Engagement Customer,Critical Risk,Low Cross-Sell Opportunity,Priority 4,0.229199098377996,0.07089175695772254,0.0794409710736657,0.05362878318507576,0.17105263157894737,0.48,0.45,0.0,0.3,0.24763602072288562,Low,2
C000436,P008,Premium Banking,Banking,Premium,False,1,At Risk,At-Risk Engagement Customer,Critical Risk,Low Cross-Sell Opportunity,Priority 4,0.2284864546998351,0.07089175695772254,0.0794409710736657,0.05362878318507576,0.17105263157894737,0.48,0.45,0.0,0.3,0.24745785980334536,Low,3
C000436,P004,Personal Loan,Loan,Lending,False,1,At Risk,At-Risk Engagement Customer,Critical Risk,Low Cross-Sell Opportunity,Priority 4,0.152257886735654,0.07089175695772254,0.0794409710736657,0.05362878318507576,0.17105263157894737,0.48,0.45,0.0,0.3,0.22840071781230012,Low,4
C000436,P005,Home Loan,Loan,Lending,False,1,At Risk,At-Risk Engagement Customer,Critical Risk,Low Cross-Sell Opportunity,Priority 4,0.14525047876818767,0.07089175695772254,0.0794409710736657,0.05362878318507576,0.17105263157894737,0.48,0.45,0.0,0.3,0.22664886582043356,Low,5
C000437,P003,Rewards Credit Card,Credit Card,Cards,False,1,Core Active,Core Relationship Customer,Low Risk,Moderate Cross-Sell Opportunity,Priority 3,0.3775205327059955,0.15870512003399193,0.050319030435297445,0.15943087402356984,0.4605263157894737,0.618,0.7,0.16666666666666666,0.65,0.431166771218385,Low,1
C000437,P007,Term Insurance,Insurance,Protection,False,1,Core Active,Core Relationship Customer,Low Risk,Moderate Cross-Sell Opportunity,Priority 3,0.36564420376872164,0.15870512003399193,0.050319030435297445,0.15943087402356984,0.4605263157894737,0.618,0.7,0.16666666666666666,0.65,0.4281976889840665,Low,2
C000437,P008,Premium Banking,Banking,Premium,False,1,Core Active,Core Relationship Customer,Low Risk,Moderate Cross-Sell Opportunity,Priority 3,0.2791001087147562,0.15870512003399193,0.050319030435297445,0.15943087402356984,0.4605263157894737,0.618,0.7,0.16666666666666666,0.65,0.40656166522057513,Low,3
C000437,P006,Mutual Fund Plan,Investment,Wealth,False,1,Core Active,Core Relationship Customer,Low Risk,Moderate Cross-Sell Opportunity,Priority 3,0.27521160296762975,0.15870512003399193,0.050319030435297445,0.15943087402356984,0.4605263157894737,0.618,0.7,0.16666666666666666,0.65,0.40558953878379356,Low,4
C000437,P004,Personal Loan,Loan,Lending,False,1,Core Active,Core Relationship Customer,Low Risk,Moderate Cross-Sell Opportunity,Priority 3,0.2601853112967216,0.15870512003399193,0.050319030435297445,0.15943087402356984,0.4605263157894737,0.618,0.7,0.16666666666666666,0.65,0.40183296586606654,Low,5
C000437,P005,Home Loan,Loan,Lending,False,1,Core Active,Core Relationship Customer,Low Risk,Moderate Cross-Sell Opportunity,Priority 3,0.21367270288241147,0.15870512003399193,0.050319030435297445,0.15943087402356984,0.4605263157894737,0.618,0.7,0.16666666666666666,0.65,0.39020481376248894,Low,6
C000438,P008,Premium Banking,Banking,Premium,False,1,Dormant / Declining,Dormant Reactivation Target,Critical Risk,Low Cross-Sell Opportunity,Priority 4,0.16463901675963227,0.06401635861482897,0.11962654559566145,0.023707196637314194,0.07894736842105263,0.426,0.25,0.16666666666666666,0.3,0.19757179784269843,Low,1
C000438,P006,Mutual Fund Plan,Investment,Wealth,False,1,Dormant / Declining,Dormant Reactivation Target,Critical Risk,Low Cross-Sell Opportunity,Priority 4,0.15282177538032193,0.06401635861482897,0.11962654559566145,0.023707196637314194,0.07894736842105263,0.426,0.25,0.16666666666666666,0.3,0.1946174874978708,Low,2
C000438,P007,Term Insurance,Insurance,Protection,False,1,Dormant / Declining,Dormant Reactivation Target,Critical Risk,Low Cross-Sell Opportunity,Priority 4,0.14990348885973223,0.06401635861482897,0.11962654559566145,0.023707196637314194,0.07894736842105263,0.426,0.25,0.16666666666666666,0.3,0.1938879158677234,Low,3
C000438,P003,Rewards Credit Card,Credit Card,Cards,False,1,Dormant / Declining,Dormant Reactivation Target,Critical Risk,Low Cross-Sell Opportunity,Priority 4,0.14235075586400453,0.06401635861482897,0.11962654559566145,0.023707196637314194,0.07894736842105263,0.426,0.25,0.16666666666666666,0.3,0.19199973261879147,Low,4
C000438,P005,Home Loan,Loan,Lending,False,1,Dormant / Declining,Dormant Reactivation Target,Critical Risk,Low Cross-Sell Opportunity,Priority 4,0.09700742156179422,0.06401635861482897,0.11962654559566145,0.023707196637314194,0.07894736842105263,0.426,0.25,0.16666666666666666,0.3,0.1806638990432389,Low,5
C000438,P004,Personal Loan,Loan,Lending,False,1,Dormant / Declining,Dormant Reactivation Target,Critical Risk,Low Cross-Sell Opportunity,Priority 4,0.08612807829754024,0.06401635861482897,0.11962654559566145,0.023707196637314194,0.07894736842105263,0.426,0.25,0.16666666666666666,0.3,0.1779440632271754,Low,6
C000439,P003,Rewards Credit Card,Credit Card,Cards,False,1,Core Active,Core Relationship Customer,Moderate Risk,Moderate Cross-Sell Opportunity,Priority 3,0.35830567569853444,0.1030672402804334,0.12125426971947607,0.13944063014848188,0.5131578947368421,0.464,0.7,0.125,0.65,0.38356355119124663,Low,1
C000439,P008,Premium Banking,Banking,Premium,False,1,Core Active,Core Relationship Customer,Moderate Risk,Moderate Cross-Sell Opportunity,Priority 3,0.23954976008032766,0.1030672402804334,0.12125426971947607,0.13944063014848188,0.5131578947368421,0.464,0.7,0.125,0.65,0.35387457228669494,Low,2
C000439,P006,Mutual Fund Plan,Investment,Wealth,False,1,Core Active,Core Relationship Customer,Moderate Risk,Moderate Cross-Sell Opportunity,Priority 3,0.224683093413661,0.1030672402804334,0.12125426971947607,0.13944063014848188,0.5131578947368421,0.464,0.7,0.125,0.65,0.35015790562002824,Low,3
C000439,P004,Personal Loan,Loan,Lending,False,1,Core Active,Core Relationship Customer,Moderate Risk,Moderate Cross-Sell Opportunity,Priority 3,0.20462801751911625,0.1030672402804334,0.12125426971947607,0.13944063014848188,0.5131578947368421,0.464,0.7,0.125,0.65,0.3451441366463921,Low,4
C000439,P007,Term Insurance,Insurance,Protection,False,1,Core Active,Core Relationship Customer,Moderate Risk,Moderate Cross-Sell Opportunity,Priority 3,0.19936218855207946,0.1030672402804334,0.12125426971947607,0.13944063014848188,0.5131578947368421,0.464,0.7,0.125,0.65,0.3438276794046329,Low,5
C000439,P005,Home Loan,Loan,Lending,False,1,Core Active,Core Relationship Customer,Moderate Risk,Moderate Cross-Sell Opportunity,Priority 3,0.1627096675025269,0.1030672402804334,0.12125426971947607,0.13944063014848188,0.5131578947368421,0.464,0.7,0.125,0.65,0.33466454914224475,Low,6
C000440,P007,Term Insurance,Insurance,Protection,False,1,Core Active,Core Relationship Customer,Moderate Risk,Low Cross-Sell Opportunity,Priority 3,0.29564767048249696,0.05761897174421075,0.06814470537320116,0.08087491133981313,0.5657894736842105,0.751,0.7,0.1,0.3,0.395404133022098,Low,1
C000440,P008,Premium Banking,Banking,Premium,False,1,Core Active,Core Relationship Customer,Moderate Risk,Low Cross-Sell Opportunity,Priority 3,0.2378653581083893,0.05761897174421075,0.06814470537320116,0.08087491133981313,0.5657894736842105,0.751,0.7,0.1,0.3,0.38095855492857106,Low,2
C000440,P005,Home Loan,Loan,Lending,False,1,Core Active,Core Relationship Customer,Moderate Risk,Low Cross-Sell Opportunity,Priority 3,0.11131097298345717,0.05761897174421075,0.06814470537320116,0.08087491133981313,0.5657894736842105,0.751,0.7,0.1,0.3,0.34931995864733806,Low,3
C000441,P003,Rewards Credit Card,Credit Card,Cards,False,1,At Risk,At-Risk Engagement Customer,Moderate Risk,Moderate Cross-Sell Opportunity,Priority 3,0.4381711332814283,0.12253027405991077,0.37591520186049565,0.1179645396632268,0.631578947368421,0.736,0.45,0.16666666666666666,0.65,0.4390523469042691,Low,1
C000441,P008,Premium Banking,Banking,Premium,False,1,At Risk,At-Risk Engagement Customer,Moderate Risk,Moderate Cross-Sell Opportunity,Priority 3,0.40056563193269895,0.12253027405991077,0.37591520186049565,0.1179645396632268,0.631578947368421,0.736,0.45,0.16666666666666666,0.65,0.42965097156708676,Low,2
C000441,P006,Mutual Fund Plan,Investment,Wealth,False,1,At Risk,At-Risk Engagement Customer,Moderate Risk,Moderate Cross-Sell Opportunity,Priority 3,0.38502999974879093,0.12253027405991077,0.37591520186049565,0.1179645396632268,0.631578947368421,0.736,0.45,0.16666666666666666,0.65,0.4257670635211097,Low,3
C000441,P007,Term Insurance,Insurance,Protection,False,1,At Risk,At-Risk Engagement Customer,Moderate Risk,Moderate Cross-Sell Opportunity,Priority 3,0.3848203242209489,0.12253027405991077,0.37591520186049565,0.1179645396632268,0.631578947368421,0.736,0.45,0.16666666666666666,0.65,0.4257146446391492,Low,4
C000441,P004,Personal Loan,Loan,Lending,False,1,At Risk,At-Risk Engagement Customer,Moderate Risk,Moderate Cross-Sell Opportunity,Priority 3,0.30684816335165305,0.12253027405991077,0.37591520186049565,0.1179645396632268,0.631578947368421,0.736,0.45,0.16666666666666666,0.65,0.4062216044218253,Low,5
C000441,P005,Home Loan,Loan,Lending,False,1,At Risk,At-Risk Engagement Customer,Moderate Risk,Moderate Cross-Sell Opportunity,Priority 3,0.29440760863055815,0.12253027405991077,0.37591520186049565,0.1179645396632268,0.631578947368421,0.736,0.45,0.16666666666666666,0.65,0.40311146574155154,Low,6
C000442,P003,Rewards Credit Card,Credit Card,Cards,False,1,Core Active,Core Relationship Customer,Moderate Risk,Moderate Cross-Sell Opportunity,Priority 3,0.2910075836793116,0.0447817080943276,0.02909155179743008,0.010317288993427697,0.32894736842105265,0.635,0.7,0.25,0.65,0.37705034280185135,Low,1
C000442,P007,Term Insurance,Insurance,Protection,False,1,Core Active,Core Relationship Customer,Moderate Risk,Moderate Cross-Sell Opportunity,Priority 3,0.25808125323902353,0.0447817080943276,0.02909155179743008,0.010317288993427697,0.32894736842105265,0.635,0.7,0.25,0.65,0.3688187601917793,Low,2
C000442,P008,Premium Banking,Banking,Premium,False,1,Core Active,Core Relationship Customer,Moderate Risk,Moderate Cross-Sell Opportunity,Priority 3,0.24772140594340775,0.0447817080943276,0.02909155179743008,0.010317288993427697,0.32894736842105265,0.635,0.7,0.25,0.65,0.36622879836787536,Low,3
C000442,P006,Mutual Fund Plan,Investment,Wealth,False,1,Core Active,Core Relationship Customer,Moderate Risk,Moderate Cross-Sell Opportunity,Priority 3,0.24441968180547674,0.0447817080943276,0.02909155179743008,0.010317288993427697,0.32894736842105265,0.635,0.7,0.25,0.65,0.3654033673333926,Low,4
C000442,P004,Personal Loan,Loan,Lending,False,1,Core Active,Core Relationship Customer,Moderate Risk,Moderate Cross-Sell Opportunity,Priority 3,0.17099600426701578,0.0447817080943276,0.02909155179743008,0.010317288993427697,0.32894736842105265,0.635,0.7,0.25,0.65,0.3470474479487774,Low,5
C000442,P005,Home Loan,Loan,Lending,False,1,Core Active,Core Relationship Customer,Moderate Risk,Moderate Cross-Sell Opportunity,Priority 3,0.14367235669989864,0.0447817080943276,0.02909155179743008,0.010317288993427697,0.32894736842105265,0.635,0.7,0.25,0.65,0.3402165360569981,Low,6
C000443,P008,Premium Banking,Banking,Premium,False,1,Core Active,Core Relationship Customer,Moderate Risk,Low Cross-Sell Opportunity,Priority 4,0.2848229476896134,0.03813203739111961,0.028356281565535282,0.06070804796200718,0.5131578947368421,0.57,0.7,0.25,0.3,0.37780582861115364,Low,1
C000443,P004,Personal Loan,Loan,Lending,False,1,Core Active,Core Relationship Customer,Moderate Risk,Low Cross-Sell Opportunity,Priority 4,0.2796041730264188,0.03813203739111961,0.028356281565535282,0.06070804796200718,0.5131578947368421,0.57,0.7,0.25,0.3,0.376501134945355,Low,2
C000443,P005,Home Loan,Loan,Lending,False,1,Core Active,Core Relationship Customer,Moderate Risk,Low Cross-Sell Opportunity,Priority 4,0.22837762286092014,0.03813203739111961,0.028356281565535282,0.06070804796200718,0.5131578947368421,0.57,0.7,0.25,0.3,0.3636944974039803,Low,3
C000443,P007,Term Insurance,Insurance,Protection,False,1,Core Active,Core Relationship Customer,Moderate Risk,Low Cross-Sell Opportunity,Priority 4,0.22129324760158536,0.03813203739111961,0.028356281565535282,0.06070804796200718,0.5131578947368421,0.57,0.7,0.25,0.3,0.3619234035891466,Low,4
C000444,P008,Premium Banking,Banking,Premium,False,1,Premium High-Value,Premium Relationship Customer,Moderate Risk,Moderate Cross-Sell Opportunity,Priority 2,0.5019054934664481,0.40036381984278735,0.23729248700527752,0.40628746739781535,0.631578947368421,0.731,1.0,0.16666666666666666,0.65,0.6225526461070994,Medium,1
C000444,P006,Mutual Fund Plan,Investment,Wealth,False,1,Premium High-Value,Premium Relationship Customer,Moderate Risk,Moderate Cross-Sell Opportunity,Priority 2,0.4846083670296665,0.40036381984278735,0.23729248700527752,0.40628746739781535,0.631578947368421,0.731,1.0,0.16666666666666666,0.65,0.618228364497904,Medium,2
C000444,P005,Home Loan,Loan,Lending,False,1,Premium High-Value,Premium Relationship Customer,Moderate Risk,Moderate Cross-Sell Opportunity,Priority 2,0.4528603452128376,0.40036381984278735,0.23729248700527752,0.40628746739781535,0.631578947368421,0.731,1.0,0.16666666666666666,0.65,0.6102913590436967,Medium,3
C000445,P007,Term Insurance,Insurance,Protection,False,1,Core Active,Core Relationship Customer,Moderate Risk,Low Cross-Sell Opportunity,Priority 3,0.32145224588451693,0.12582855321861058,0.33609219764762427,0.06471375959375646,0.631578947368421,0.388,0.7,0.25,0.3,0.40406561422011456,Low,1
C000445,P008,Premium Banking,Banking,Premium,False,1,Core Active,Core Relationship Customer,Moderate Risk,Low Cross-Sell Opportunity,Priority 3,0.316326268361226,0.12582855321861058,0.33609219764762427,0.06471375959375646,0.631578947368421,0.388,0.7,0.25,0.3,0.4027841198392918,Low,2
C000445,P006,Mutual Fund Plan,Investment,Wealth,False,1,Core Active,Core Relationship Customer,Moderate Risk,Low Cross-Sell Opportunity,Priority 3,0.3115814407750191,0.12582855321861058,0.33609219764762427,0.06471375959375646,0.631578947368421,0.388,0.7,0.25,0.3,0.4015979129427401,Low,3
C000445,P005,Home Loan,Loan,Lending,False,1,Core Active,Core Relationship Customer,Moderate Risk,Low Cross-Sell Opportunity,Priority 3,0.25846244085839803,0.12582855321861058,0.33609219764762427,0.06471375959375646,0.631578947368421,0.388,0.7,0.25,0.3,0.38831816296358485,Low,4
C000446,P003,Rewards Credit Card,Credit Card,Cards,False,1,Premium High-Value,Premium Relationship Customer,Moderate Risk,Moderate Cross-Sell Opportunity,Priority 2,0.538626118596269,0.27378903760356915,0.28620908989612953,0.2489662152122658,0.5921052631578947,0.603,1.0,0.6666666666666666,0.65,0.637696793310132,Medium,1
C000446,P008,Premium Banking,Banking,Premium,False,1,Premium High-Value,Premium Relationship Customer,Moderate Risk,Moderate Cross-Sell Opportunity,Priority 2,0.42930032592200884,0.27378903760356915,0.28620908989612953,0.2489662152122658,0.5921052631578947,0.603,1.0,0.6666666666666666,0.65,0.6103653451415669,Medium,2
C000446,P007,Term Insurance,Insurance,Protection,False,1,Premium High-Value,Premium Relationship Customer,Moderate Risk,Moderate Cross-Sell Opportunity,Priority 2,0.4137066672210624,0.27378903760356915,0.28620908989612953,0.2489662152122658,0.5921052631578947,0.603,1.0,0.6666666666666666,0.65,0.6064669304663303,Medium,3
C000446,P004,Personal Loan,Loan,Lending,False,1,Premium High-Value,Premium Relationship Customer,Moderate Risk,Moderate Cross-Sell Opportunity,Priority 2,0.37673064630159125,0.27378903760356915,0.28620908989612953,0.2489662152122658,0.5921052631578947,0.603,1.0,0.6666666666666666,0.65,0.5972229252364625,Medium,4
C000446,P005,Home Loan,Loan,Lending,False,1,Premium High-Value,Premium Relationship Customer,Moderate Risk,Moderate Cross-Sell Opportunity,Priority 2,0.3492443138291731,0.27378903760356915,0.28620908989612953,0.2489662152122658,0.5921052631578947,0.603,1.0,0.6666666666666666,0.65,0.5903513421183579,Medium,5
C000447,P003,Rewards Credit Card,Credit Card,Cards,False,1,Core Active,Core Digital Customer,Low Risk,Moderate Cross-Sell Opportunity,Priority 2,0.44489936430267785,0.05378956872742724,0.06906475372988093,0.06255881476165245,0.631578947368421,0.748,0.7,0.5,0.65,0.5190195969264181,Low,1
C000447,P007,Term Insurance,Insurance,Protection,False,1,Core Active,Core Digital Customer,Low Risk,Moderate Cross-Sell Opportunity,Priority 2,0.322325739620228,0.05378956872742724,0.06906475372988093,0.06255881476165245,0.631578947368421,0.748,0.7,0.5,0.65,0.48837619075580563,Low,2
C000447,P008,Premium Banking,Banking,Premium,False,1,Core Active,Core Digital Customer,Low Risk,Moderate Cross-Sell Opportunity,Priority 2,0.30962980628458026,0.05378956872742724,0.06906475372988093,0.06255881476165245,0.631578947368421,0.748,0.7,0.5,0.65,0.4852022074218937,Low,3
C000447,P006,Mutual Fund Plan,Investment,Wealth,False,1,Core Active,Core Digital Customer,Low Risk,Moderate Cross-Sell Opportunity,Priority 2,0.29550566835354586,0.05378956872742724,0.06906475372988093,0.06255881476165245,0.631578947368421,0.748,0.7,0.5,0.65,0.4816711729391351,Low,4
C000447,P004,Personal Loan,Loan,Lending,False,1,Core Active,Core Digital Customer,Low Risk,Moderate Cross-Sell Opportunity,Priority 2,0.23515172231062156,0.05378956872742724,0.06906475372988093,0.06255881476165245,0.631578947368421,0.748,0.7,0.5,0.65,0.46658268642840406,Low,5
C000447,P005,Home Loan,Loan,Lending,False,1,Core Active,Core Digital Customer,Low Risk,Moderate Cross-Sell Opportunity,Priority 2,0.1787871375934677,0.05378956872742724,0.06906475372988093,0.06255881476165245,0.631578947368421,0.748,0.7,0.5,0.65,0.45249154024911553,Low,6
C000448,P007,Term Insurance,Insurance,Protection,False,1,At Risk,At-Risk Engagement Customer,Critical Risk,Moderate Cross-Sell Opportunity,Priority 4,0.23459645229605663,0.09308476736775016,0.090747017090754,0.09365179044516525,0.2236842105263158,0.421,0.45,0.0,0.65,0.2529186981265116,Low,1
C000448,P003,Rewards Credit Card,Credit Card,Cards,False,1,At Risk,At-Risk Engagement Customer,Critical Risk,Moderate Cross-Sell Opportunity,Priority 4,0.22710889527717107,0.09308476736775016,0.090747017090754,0.09365179044516525,0.2236842105263158,0.421,0.45,0.0,0.65,0.2510468088717902,Low,2
C000448,P008,Premium Banking,Banking,Premium,False,1,At Risk,At-Risk Engagement Customer,Critical Risk,Moderate Cross-Sell Opportunity,Priority 4,0.20684693636908394,0.09308476736775016,0.090747017090754,0.09365179044516525,0.2236842105263158,0.421,0.45,0.0,0.65,0.2459813191447684,Low,3
C000448,P006,Mutual Fund Plan,Investment,Wealth,False,1,At Risk,At-Risk Engagement Customer,Critical Risk,Moderate Cross-Sell Opportunity,Priority 4,0.20533716625414142,0.09308476736775016,0.090747017090754,0.09365179044516525,0.2236842105263158,0.421,0.45,0.0,0.65,0.24560387661603275,Low,4
C000448,P005,Home Loan,Loan,Lending,False,1,At Risk,At-Risk Engagement Customer,Critical Risk,Moderate Cross-Sell Opportunity,Priority 4,0.1501580634582593,0.09308476736775016,0.090747017090754,0.09365179044516525,0.2236842105263158,0.421,0.45,0.0,0.65,0.23180910091706222,Low,5
C000449,P004,Personal Loan,Loan,Lending,False,1,Core Active,Core Relationship Customer,Moderate Risk,Moderate Cross-Sell Opportunity,Priority 3,0.28085916674888,0.14716910983641385,0.14566489212136116,0.08790511514376735,0.7105263157894737,0.365,0.7,0.16666666666666666,0.65,0.3968942276895905,Low,1
C000449,P007,Term Insurance,Insurance,Protection,False,1,Core Active,Core Relationship Customer,Moderate Risk,Moderate Cross-Sell Opportunity,Priority 3,0.2360564526122593,0.14716910983641385,0.14566489212136116,0.08790511514376735,0.7105263157894737,0.365,0.7,0.16666666666666666,0.65,0.3856935491554353,Low,2
C000449,P005,Home Loan,Loan,Lending,False,1,Core Active,Core Relationship Customer,Moderate Risk,Moderate Cross-Sell Opportunity,Priority 3,0.23022421296558074,0.14716910983641385,0.14566489212136116,0.08790511514376735,0.7105263157894737,0.365,0.7,0.16666666666666666,0.65,0.3842354892437657,Low,3
C000449,P006,Mutual Fund Plan,Investment,Wealth,False,1,Core Active,Core Relationship Customer,Moderate Risk,Moderate Cross-Sell Opportunity,Priority 3,0.22992302775152043,0.14716910983641385,0.14566489212136116,0.08790511514376735,0.7105263157894737,0.365,0.7,0.16666666666666666,0.65,0.3841601929402506,Low,4
C000449,P008,Premium Banking,Banking,Premium,False,1,Core Active,Core Relationship Customer,Moderate Risk,Moderate Cross-Sell Opportunity,Priority 3,0.22978222315381927,0.14716910983641385,0.14566489212136116,0.08790511514376735,0.7105263157894737,0.365,0.7,0.16666666666666666,0.65,0.38412499179082527,Low,5
C000450,P007,Term Insurance,Insurance,Protection,False,1,Core Active,Core Relationship Customer,Low Risk,Moderate Cross-Sell Opportunity,Priority 3,0.2652036548340438,0.10374973443807096,0.13675397578603182,0.07861436860396769,0.5,0.402,0.7,0.1,0.65,0.36975086059612516,Low,1
C000450,P008,Premium Banking,Banking,Premium,False,1,Core Active,Core Relationship Customer,Low Risk,Moderate Cross-Sell Opportunity,Priority 3,0.22058566916950798,0.10374973443807096,0.13675397578603182,0.07861436860396769,0.5,0.402,0.7,0.1,0.65,0.3585963641799912,Low,2
C000450,P006,Mutual Fund Plan,Investment,Wealth,False,1,Core Active,Core Relationship Customer,Low Risk,Moderate Cross-Sell Opportunity,Priority 3,0.2119799220430712,0.10374973443807096,0.13675397578603182,0.07861436860396769,0.5,0.402,0.7,0.1,0.65,0.35644492739838207,Low,3
C000450,P004,Personal Loan,Loan,Lending,False,1,Core Active,Core Relationship Customer,Low Risk,Moderate Cross-Sell Opportunity,Priority 3,0.20184364904080926,0.10374973443807096,0.13675397578603182,0.07861436860396769,0.5,0.402,0.7,0.1,0.65,0.3539108591478165,Low,4
C000450,P005,Home Loan,Loan,Lending,False,1,Core Active,Core Relationship Customer,Low Risk,Moderate Cross-Sell Opportunity,Priority 3,0.16968279527022082,0.10374973443807096,0.13675397578603182,0.07861436860396769,0.5,0.402,0.7,0.1,0.65,0.34587064570516945,Low,5
C000451,P004,Personal Loan,Loan,Lending,False,1,Core Active,Core Relationship Customer,High Risk,Moderate Cross-Sell Opportunity,Priority 3,0.22491582551486344,0.13721850435521563,0.06116644946213498,0.22632480980696143,0.5,0.581,0.7,0.125,0.65,0.38677265724975896,Low,1
C000451,P008,Premium Banking,Banking,Premium,False,1,Core Active,Core Relationship Customer,High Risk,Moderate Cross-Sell Opportunity,Priority 3,0.20788468284565617,0.13721850435521563,0.06116644946213498,0.22632480980696143,0.5,0.581,0.7,0.125,0.65,0.3825148715824571,Low,2
C000451,P007,Term Insurance,Insurance,Protection,False,1,Core Active,Core Relationship Customer,High Risk,Moderate Cross-Sell Opportunity,Priority 3,0.19301163179612663,0.13721850435521563,0.06116644946213498,0.22632480980696143,0.5,0.581,0.7,0.125,0.65,0.3787966088200748,Low,3
C000451,P006,Mutual Fund Plan,Investment,Wealth,False,1,Core Active,Core Relationship Customer,High Risk,Moderate Cross-Sell Opportunity,Priority 3,0.18860479778818495,0.13721850435521563,0.06116644946213498,0.22632480980696143,0.5,0.581,0.7,0.125,0.65,0.3776949003180894,Low,4
C000451,P005,Home Loan,Loan,Lending,False,1,Core Active,Core Relationship Customer,High Risk,Moderate Cross-Sell Opportunity,Priority 3,0.1683192371712483,0.13721850435521563,0.06116644946213498,0.22632480980696143,0.5,0.581,0.7,0.125,0.65,0.3726235101638552,Low,5
C000452,P003,Rewards Credit Card,Credit Card,Cards,False,1,Premium High-Value,Premium Relationship Customer,High Risk,Moderate Cross-Sell Opportunity,Priority 2,0.5214721582830004,0.14401157850010624,0.11708086889730074,0.1748687268537338,0.5921052631578947,0.646,1.0,0.3333333333333333,0.65,0.5584194780777889,Medium,1
C000452,P008,Premium Banking,Banking,Premium,False,1,Premium High-Value,Premium Relationship Customer,High Risk,Moderate Cross-Sell Opportunity,Priority 2,0.3570123917632594,0.14401157850010624,0.11708086889730074,0.1748687268537338,0.5921052631578947,0.646,1.0,0.3333333333333333,0.65,0.5173045364478536,Low,2
C000452,P004,Personal Loan,Loan,Lending,False,1,Premium High-Value,Premium Relationship Customer,High Risk,Moderate Cross-Sell Opportunity,Priority 2,0.30278109154212507,0.14401157850010624,0.11708086889730074,0.1748687268537338,0.5921052631578947,0.646,1.0,0.3333333333333333,0.65,0.50374671139257,Low,3
C000452,P007,Term Insurance,Insurance,Protection,False,1,Premium High-Value,Premium Relationship Customer,High Risk,Moderate Cross-Sell Opportunity,Priority 2,0.2772991427698447,0.14401157850010624,0.11708086889730074,0.1748687268537338,0.5921052631578947,0.646,1.0,0.3333333333333333,0.65,0.4973762241994999,Low,4
C000452,P005,Home Loan,Loan,Lending,False,1,Premium High-Value,Premium Relationship Customer,High Risk,Moderate Cross-Sell Opportunity,Priority 2,0.2508464018005627,0.14401157850010624,0.11708086889730074,0.1748687268537338,0.5921052631578947,0.646,1.0,0.3333333333333333,0.65,0.49076303895717943,Low,5
C000453,P003,Rewards Credit Card,Credit Card,Cards,False,1,Core Active,Core Relationship Customer,Moderate Risk,Moderate Cross-Sell Opportunity,Priority 3,0.3785103773369559,0.17080943275971958,0.10999083793910565,0.2051444869016547,0.5,0.606,0.7,0.16666666666666666,0.65,0.43855614755284955,Low,1
C000453,P008,Premium Banking,Banking,Premium,False,1,Core Active,Core Relationship Customer,Moderate Risk,Moderate Cross-Sell Opportunity,Priority 3,0.22923351532117336,0.17080943275971958,0.10999083793910565,0.2051444869016547,0.5,0.606,0.7,0.16666666666666666,0.65,0.40123693204890387,Low,2
C000453,P004,Personal Loan,Loan,Lending,False,1,Core Active,Core Relationship Customer,Moderate Risk,Moderate Cross-Sell Opportunity,Priority 3,0.21394276669221612,0.17080943275971958,0.10999083793910565,0.2051444869016547,0.5,0.606,0.7,0.16666666666666666,0.65,0.39741424489166455,Low,3
C000453,P006,Mutual Fund Plan,Investment,Wealth,False,1,Core Active,Core Relationship Customer,Moderate Risk,Moderate Cross-Sell Opportunity,Priority 3,0.20065765325220786,0.17080943275971958,0.10999083793910565,0.2051444869016547,0.5,0.606,0.7,0.16666666666666666,0.65,0.3940929665316625,Low,4
C000453,P005,Home Loan,Loan,Lending,False,1,Core Active,Core Relationship Customer,Moderate Risk,Moderate Cross-Sell Opportunity,Priority 3,0.16846741533090245,0.17080943275971958,0.10999083793910565,0.2051444869016547,0.5,0.606,0.7,0.16666666666666666,0.65,0.38604540705133616,Low,5
C000453,P007,Term Insurance,Insurance,Protection,False,1,Core Active,Core Relationship Customer,Moderate Risk,Moderate Cross-Sell Opportunity,Priority 3,0.14534470407381306,0.17080943275971958,0.10999083793910565,0.2051444869016547,0.5,0.606,0.7,0.16666666666666666,0.65,0.3802647292370638,Low,6
C000454,P008,Premium Banking,Banking,Premium,False,1,Core Active,Core Relationship Customer,Critical Risk,Moderate Cross-Sell Opportunity,Priority 4,0.23405382193015722,0.07153707244529424,0.08406566364862396,0.03472675841535861,0.2631578947368421,0.728,0.7,0.0,0.65,0.32259455418212446,Low,1
C000454,P006,Mutual Fund Plan,Investment,Wealth,False,1,Core Active,Core Relationship Customer,Critical Risk,Moderate Cross-Sell Opportunity,Priority 4,0.20512508629797335,0.07153707244529424,0.08406566364862396,0.03472675841535861,0.2631578947368421,0.728,0.7,0.0,0.65,0.31536237027407854,Low,2
C000454,P007,Term Insurance,Insurance,Protection,False,1,Core Active,Core Relationship Customer,Critical Risk,Moderate Cross-Sell Opportunity,Priority 4,0.14765300031228898,0.07153707244529424,0.08406566364862396,0.03472675841535861,0.2631578947368421,0.728,0.7,0.0,0.65,0.3009943487776574,Low,3
C000454,P004,Personal Loan,Loan,Lending,False,1,Core Active,Core Relationship Customer,Critical Risk,Moderate Cross-Sell Opportunity,Priority 4,0.11606169501477029,0.07153707244529424,0.08406566364862396,0.03472675841535861,0.2631578947368421,0.728,0.7,0.0,0.65,0.2930965224532778,Low,4
C000454,P005,Home Loan,Loan,Lending,False,1,Core Active,Core Relationship Customer,Critical Risk,Moderate Cross-Sell Opportunity,Priority 4,0.10245993286910852,0.07153707244529424,0.08406566364862396,0.03472675841535861,0.2631578947368421,0.728,0.7,0.0,0.65,0.28969608191686225,Low,5
C000455,P006,Mutual Fund Plan,Investment,Wealth,False,1,Core Active,Core Relationship Customer,Critical Risk,Low Cross-Sell Opportunity,Priority 3,0.2226696653748839,0.10045145527937115,0.09528578259823192,0.04797555735601539,0.17105263157894737,0.269,0.7,0.16666666666666666,0.3,0.264982268803104,Low,1
C000455,P008,Premium Banking,Banking,Premium,False,1,Core Active,Core Relationship Customer,Critical Risk,Low Cross-Sell Opportunity,Priority 3,0.21341851594959654,0.10045145527937115,0.09528578259823192,0.04797555735601539,0.17105263157894737,0.269,0.7,0.16666666666666666,0.3,0.26266948144678215,Low,2
C000455,P003,Rewards Credit Card,Credit Card,Cards,False,1,Core Active,Core Relationship Customer,Critical Risk,Low Cross-Sell Opportunity,Priority 3,0.19020429999927646,0.10045145527937115,0.09528578259823192,0.04797555735601539,0.17105263157894737,0.269,0.7,0.16666666666666666,0.3,0.2568659274592021,Low,3
C000455,P004,Personal Loan,Loan,Lending,False,1,Core Active,Core Relationship Customer,Critical Risk,Low Cross-Sell Opportunity,Priority 3,0.15633739003640076,0.10045145527937115,0.09528578259823192,0.04797555735601539,0.17105263157894737,0.269,0.7,0.16666666666666666,0.3,0.2483991999684832,Low,4
C000456,P003,Rewards Credit Card,Credit Card,Cards,False,1,Core Active,Core Relationship Customer,Moderate Risk,Moderate Cross-Sell Opportunity,Priority 3,0.41240656186424884,0.18310229445506693,0.04046291635768434,0.2700988788866804,0.40789473684210525,0.606,0.7,0.125,0.65,0.43150630988339145,Low,1
C000456,P007,Term Insurance,Insurance,Protection,False,1,Core Active,Core Relationship Customer,Moderate Risk,Moderate Cross-Sell Opportunity,Priority 3,0.2697363469969647,0.18310229445506693,0.04046291635768434,0.2700988788866804,0.40789473684210525,0.606,0.7,0.125,0.65,0.3958387561665704,Low,2
C000456,P008,Premium Banking,Banking,Premium,False,1,Core Active,Core Relationship Customer,Moderate Risk,Moderate Cross-Sell Opportunity,Priority 3,0.26544322255932884,0.18310229445506693,0.04046291635768434,0.2700988788866804,0.40789473684210525,0.606,0.7,0.125,0.65,0.3947654750571614,Low,3
C000456,P006,Mutual Fund Plan,Investment,Wealth,False,1,Core Active,Core Relationship Customer,Moderate Risk,Moderate Cross-Sell Opportunity,Priority 3,0.24749954439840927,0.18310229445506693,0.04046291635768434,0.2700988788866804,0.40789473684210525,0.606,0.7,0.125,0.65,0.3902795555169315,Low,4
C000456,P005,Home Loan,Loan,Lending,False,1,Core Active,Core Relationship Customer,Moderate Risk,Moderate Cross-Sell Opportunity,Priority 3,0.18109300505669867,0.18310229445506693,0.04046291635768434,0.2700988788866804,0.40789473684210525,0.606,0.7,0.125,0.65,0.37367792068150385,Low,5
C000457,P005,Home Loan,Loan,Lending,False,1,Premium High-Value,Premium Relationship Customer,Low Risk,Moderate Cross-Sell Opportunity,Priority 2,0.6471133822652634,0.9512348629700446,0.1991468070933842,0.5610682956778685,0.631578947368421,0.479,1.0,0.4666666666666667,0.65,0.7938288269322545,High,1
C000458,P006,Mutual Fund Plan,Investment,Wealth,False,1,Core Active,Core Relationship Customer,High Risk,Moderate Cross-Sell Opportunity,Priority 3,0.326375738504156,0.07502124495432334,0.27730585809529035,0.09403353153966416,0.3157894736842105,0.468,0.7,0.0,0.65,0.3282666046695353,Low,1
C000458,P008,Premium Banking,Banking,Premium,False,1,Core Active,Core Relationship Customer,High Risk,Moderate Cross-Sell Opportunity,Priority 3,0.3207527499984089,0.07502124495432334,0.27730585809529035,0.09403353153966416,0.3157894736842105,0.468,0.7,0.0,0.65,0.32686085754309846,Low,2
C000458,P007,Term Insurance,Insurance,Protection,False,1,Core Active,Core Relationship Customer,High Risk,Moderate Cross-Sell Opportunity,Priority 3,0.2864416675476055,0.07502124495432334,0.27730585809529035,0.09403353153966416,0.3157894736842105,0.468,0.7,0.0,0.65,0.31828308693039764,Low,3
C000458,P003,Rewards Credit Card,Credit Card,Cards,False,1,Core Active,Core Relationship Customer,High Risk,Moderate Cross-Sell Opportunity,Priority 3,0.2849539637933664,0.07502124495432334,0.27730585809529035,0.09403353153966416,0.3157894736842105,0.468,0.7,0.0,0.65,0.3179111609918378,Low,4
C000458,P004,Personal Loan,Loan,Lending,False,1,Core Active,Core Relationship Customer,High Risk,Moderate Cross-Sell Opportunity,Priority 3,0.23313581876260686,0.07502124495432334,0.27730585809529035,0.09403353153966416,0.3157894736842105,0.468,0.7,0.0,0.65,0.304956624734148,Low,5
C000459,P003,Rewards Credit Card,Credit Card,Cards,False,1,Premium High-Value,Premium Digital Customer,Moderate Risk,Moderate Cross-Sell Opportunity,Priority 2,0.576687021328312,0.13487359252177608,0.09190388882853813,0.1646332061486015,0.7105263157894737,0.769,1.0,0.5416666666666666,0.65,0.641292087871521,Medium,1
C000459,P008,Premium Banking,Banking,Premium,False,1,Premium High-Value,Premium Digital Customer,Moderate Risk,Moderate Cross-Sell Opportunity,Priority 2,0.43487724832070984,0.13487359252177608,0.09190388882853813,0.1646332061486015,0.7105263157894737,0.769,1.0,0.5416666666666666,0.65,0.6058396446196205,Medium,2
C000459,P006,Mutual Fund Plan,Investment,Wealth,False,1,Premium High-Value,Premium Digital Customer,Moderate Risk,Moderate Cross-Sell Opportunity,Priority 2,0.43205943222875587,0.13487359252177608,0.09190388882853813,0.1646332061486015,0.7105263157894737,0.769,1.0,0.5416666666666666,0.65,0.605135190596632,Medium,3
C000459,P004,Personal Loan,Loan,Lending,False,1,Premium High-Value,Premium Digital Customer,Moderate Risk,Moderate Cross-Sell Opportunity,Priority 2,0.41617611719256653,0.13487359252177608,0.09190388882853813,0.1646332061486015,0.7105263157894737,0.769,1.0,0.5416666666666666,0.65,0.6011643618375846,Medium,4
C000459,P005,Home Loan,Loan,Lending,False,1,Premium High-Value,Premium Digital Customer,Moderate Risk,Moderate Cross-Sell Opportunity,Priority 2,0.34918942794912855,0.13487359252177608,0.09190388882853813,0.1646332061486015,0.7105263157894737,0.769,1.0,0.5416666666666666,0.65,0.5844176895267251,Medium,5
C000460,P008,Premium Banking,Banking,Premium,False,1,Premium High-Value,Premium Digital Customer,Low Risk,Moderate Cross-Sell Opportunity,Priority 3,0.41426006767570067,0.19606437221159975,0.07771649167468012,0.18282034245493634,0.6973684210526315,0.94,1.0,0.25,0.65,0.6188831545191399,Medium,1
C000460,P007,Term Insurance,Insurance,Protection,False,1,Premium High-Value,Premium Digital Customer,Low Risk,Moderate Cross-Sell Opportunity,Priority 3,0.4051690724064738,0.19606437221159975,0.07771649167468012,0.18282034245493634,0.6973684210526315,0.94,1.0,0.25,0.65,0.6166104057018332,Medium,2
C000460,P005,Home Loan,Loan,Lending,False,1,Premium High-Value,Premium Digital Customer,Low Risk,Moderate Cross-Sell Opportunity,Priority 3,0.2685770437823931,0.19606437221159975,0.07771649167468012,0.18282034245493634,0.6973684210526315,0.94,1.0,0.25,0.65,0.582462398545813,Medium,3
C000461,P008,Premium Banking,Banking,Premium,False,1,Dormant / Declining,Dormant Reactivation Target,Critical Risk,Low Cross-Sell Opportunity,Priority 3,0.12575558137271814,0.06537603569152327,0.091164427032376,0.038879185718677836,0.07894736842105263,0.237,0.25,0.75,0.3,0.20755620774464206,Low,1
C000461,P006,Mutual Fund Plan,Investment,Wealth,False,1,Dormant / Declining,Dormant Reactivation Target,Critical Risk,Low Cross-Sell Opportunity,Priority 3,0.1219515583842124,0.06537603569152327,0.091164427032376,0.038879185718677836,0.07894736842105263,0.237,0.25,0.75,0.3,0.20660520199751564,Low,2
C000461,P003,Rewards Credit Card,Credit Card,Cards,False,1,Dormant / Declining,Dormant Reactivation Target,Critical Risk,Low Cross-Sell Opportunity,Priority 3,0.11120027035553608,0.06537603569152327,0.091164427032376,0.038879185718677836,0.07894736842105263,0.237,0.25,0.75,0.3,0.2039173799903466,Low,3
C000461,P007,Term Insurance,Insurance,Protection,False,1,Dormant / Declining,Dormant Reactivation Target,Critical Risk,Low Cross-Sell Opportunity,Priority 3,0.10429604832319908,0.06537603569152327,0.091164427032376,0.038879185718677836,0.07894736842105263,0.237,0.25,0.75,0.3,0.20219132448226235,Low,4
C000461,P005,Home Loan,Loan,Lending,False,1,Dormant / Declining,Dormant Reactivation Target,Critical Risk,Low Cross-Sell Opportunity,Priority 3,0.08615152705020174,0.06537603569152327,0.091164427032376,0.038879185718677836,0.07894736842105263,0.237,0.25,0.75,0.3,0.197655194164013,Low,5
C000461,P004,Personal Loan,Loan,Lending,False,1,Dormant / Declining,Dormant Reactivation Target,Critical Risk,Low Cross-Sell Opportunity,Priority 3,0.08099071662474223,0.06537603569152327,0.091164427032376,0.038879185718677836,0.07894736842105263,0.237,0.25,0.75,0.3,0.19636499155764814,Low,6
C000462,P006,Mutual Fund Plan,Investment,Wealth,False,1,Core Active,Core Relationship Customer,Low Risk,Moderate Cross-Sell Opportunity,Priority 3,0.35082173540050315,0.12388729551731464,0.14590241409651006,0.10086141723600758,0.5394736842105263,0.464,0.7,0.25,0.65,0.4223039455851677,Low,1
C000462,P008,Premium Banking,Banking,Premium,False,1,Core Active,Core Relationship Customer,Low Risk,Moderate Cross-Sell Opportunity,Priority 3,0.3289067928717675,0.12388729551731464,0.14590241409651006,0.10086141723600758,0.5394736842105263,0.464,0.7,0.25,0.65,0.4168252099529838,Low,2
C000462,P005,Home Loan,Loan,Lending,False,1,Core Active,Core Relationship Customer,Low Risk,Moderate Cross-Sell Opportunity,Priority 3,0.2865096153908735,0.12388729551731464,0.14590241409651006,0.10086141723600758,0.5394736842105263,0.464,0.7,0.25,0.65,0.40622591558276033,Low,3
C000463,P003,Rewards Credit Card,Credit Card,Cards,False,1,Core Active,Core Digital Customer,Moderate Risk,Moderate Cross-Sell Opportunity,Priority 3,0.4837886774146782,0.12249575100913533,0.05093763546175145,0.20547623252845304,0.5921052631578947,0.793,0.7,0.625,0.65,0.5335621090291808,Low,1
C000463,P008,Premium Banking,Banking,Premium,False,1,Core Active,Core Digital Customer,Moderate Risk,Moderate Cross-Sell Opportunity,Priority 3,0.32929271658482434,0.12249575100913533,0.05093763546175145,0.20547623252845304,0.5921052631578947,0.793,0.7,0.625,0.65,0.49493811882171734,Low,2
C000463,P006,Mutual Fund Plan,Investment,Wealth,False,1,Core Active,Core Digital Customer,Moderate Risk,Moderate Cross-Sell Opportunity,Priority 3,0.31895306141241053,0.12249575100913533,0.05093763546175145,0.20547623252845304,0.5921052631578947,0.793,0.7,0.625,0.65,0.4923532050286139,Low,3
C000463,P007,Term Insurance,Insurance,Protection,False,1,Core Active,Core Digital Customer,Moderate Risk,Moderate Cross-Sell Opportunity,Priority 3,0.31395308752041484,0.12249575100913533,0.05093763546175145,0.20547623252845304,0.5921052631578947,0.793,0.7,0.625,0.65,0.491103211555615,Low,4
C000463,P004,Personal Loan,Loan,Lending,False,1,Core Active,Core Digital Customer,Moderate Risk,Moderate Cross-Sell Opportunity,Priority 3,0.2918367042420315,0.12249575100913533,0.05093763546175145,0.20547623252845304,0.5921052631578947,0.793,0.7,0.625,0.65,0.48557411573601916,Low,5
C000463,P005,Home Loan,Loan,Lending,False,1,Core Active,Core Digital Customer,Moderate Risk,Moderate Cross-Sell Opportunity,Priority 3,0.22584398754311621,0.12249575100913533,0.05093763546175145,0.20547623252845304,0.5921052631578947,0.793,0.7,0.625,0.65,0.4690759365612903,Low,6
C000464,P003,Rewards Credit Card,Credit Card,Cards,False,1,Core Active,Core Relationship Customer,Moderate Risk,Moderate Cross-Sell Opportunity,Priority 3,0.3158897186413412,0.010569364775865732,0.04760778694837704,0.03268114946588955,0.42105263157894735,0.643,0.7,0.5416666666666666,0.65,0.4002108640190172,Low,1
C000464,P008,Premium Banking,Banking,Premium,False,1,Core Active,Core Relationship Customer,Moderate Risk,Moderate Cross-Sell Opportunity,Priority 3,0.22772494375629873,0.010569364775865732,0.04760778694837704,0.03268114946588955,0.42105263157894735,0.643,0.7,0.5416666666666666,0.65,0.3781696702977566,Low,2
C000464,P006,Mutual Fund Plan,Investment,Wealth,False,1,Core Active,Core Relationship Customer,Moderate Risk,Moderate Cross-Sell Opportunity,Priority 3,0.21597724260687345,0.010569364775865732,0.04760778694837704,0.03268114946588955,0.42105263157894735,0.643,0.7,0.5416666666666666,0.65,0.37523274501040027,Low,3
C000464,P004,Personal Loan,Loan,Lending,False,1,Core Active,Core Relationship Customer,Moderate Risk,Moderate Cross-Sell Opportunity,Priority 3,0.1622656302357078,0.010569364775865732,0.04760778694837704,0.03268114946588955,0.42105263157894735,0.643,0.7,0.5416666666666666,0.65,0.36180484191760887,Low,4
C000464,P005,Home Loan,Loan,Lending,False,1,Core Active,Core Relationship Customer,Moderate Risk,Moderate Cross-Sell Opportunity,Priority 3,0.12456188841227393,0.010569364775865732,0.04760778694837704,0.03268114946588955,0.42105263157894735,0.643,0.7,0.5416666666666666,0.65,0.3523789064617504,Low,5
C000464,P007,Term Insurance,Insurance,Protection,False,1,Core Active,Core Relationship Customer,Moderate Risk,Moderate Cross-Sell Opportunity,Priority 3,0.12372317234107873,0.010569364775865732,0.04760778694837704,0.03268114946588955,0.42105263157894735,0.643,0.7,0.5416666666666666,0.65,0.3521692274439515,Low,6
C000465,P008,Premium Banking,Banking,Premium,False,1,Core Active,Core Relationship Customer,Low Risk,Moderate Cross-Sell Opportunity,Priority 3,0.3085669405293707,0.12392978542596134,0.09688276858408609,0.08276165618630836,0.5789473684210527,0.643,0.7,0.0,0.65,0.4105697974806929,Low,1
C000465,P007,Term Insurance,Insurance,Protection,False,1,Core Active,Core Relationship Customer,Low Risk,Moderate Cross-Sell Opportunity,Priority 3,0.27889863688994154,0.12392978542596134,0.09688276858408609,0.08276165618630836,0.5789473684210527,0.643,0.7,0.0,0.65,0.4031527215708356,Low,2
C000465,P004,Personal Loan,Loan,Lending,False,1,Core Active,Core Relationship Customer,Low Risk,Moderate Cross-Sell Opportunity,Priority 3,0.2788807420437701,0.12392978542596134,0.09688276858408609,0.08276165618630836,0.5789473684210527,0.643,0.7,0.0,0.65,0.4031482478592927,Low,3
C000465,P005,Home Loan,Loan,Lending,False,1,Core Active,Core Relationship Customer,Low Risk,Moderate Cross-Sell Opportunity,Priority 3,0.23343874414194496,0.12392978542596134,0.09688276858408609,0.08276165618630836,0.5789473684210527,0.643,0.7,0.0,0.65,0.39178774838383645,Low,4
C000466,P004,Personal Loan,Loan,Lending,False,1,Premium High-Value,Premium Relationship Customer,Moderate Risk,Moderate Cross-Sell Opportunity,Priority 2,0.6943690742584271,0.804562353940939,0.17829552134851007,0.8313255714201611,0.6973684210526315,0.586,1.0,0.375,0.65,0.7677100025106893,High,1
C000466,P005,Home Loan,Loan,Lending,False,1,Premium High-Value,Premium Relationship Customer,Moderate Risk,Moderate Cross-Sell Opportunity,Priority 2,0.6084721209104713,0.804562353940939,0.17829552134851007,0.8313255714201611,0.6973684210526315,0.586,1.0,0.375,0.65,0.7462357641737004,Medium,2
C000466,P006,Mutual Fund Plan,Investment,Wealth,False,1,Premium High-Value,Premium Relationship Customer,Moderate Risk,Moderate Cross-Sell Opportunity,Priority 2,0.5243497284482953,0.804562353940939,0.17829552134851007,0.8313255714201611,0.6973684210526315,0.586,1.0,0.375,0.65,0.7252051660581564,Medium,3
C000467,P003,Rewards Credit Card,Credit Card,Cards,False,1,Core Active,Core Relationship Customer,High Risk,Moderate Cross-Sell Opportunity,Priority 3,0.28175103468268187,0.030130656469088593,0.1258342522755828,0.0543184402909269,0.3026315789473684,0.719,0.7,0.0,0.65,0.3512586268065935,Low,1
C000467,P007,Term Insurance,Insurance,Protection,False,1,Core Active,Core Relationship Customer,High Risk,Moderate Cross-Sell Opportunity,Priority 3,0.26046711883153756,0.030130656469088593,0.1258342522755828,0.0543184402909269,0.3026315789473684,0.719,0.7,0.0,0.65,0.3459376478438074,Low,2
C000467,P008,Premium Banking,Banking,Premium,False,1,Core Active,Core Relationship Customer,High Risk,Moderate Cross-Sell Opportunity,Priority 3,0.2581563210621605,0.030130656469088593,0.1258342522755828,0.0543184402909269,0.3026315789473684,0.719,0.7,0.0,0.65,0.3453599484014631,Low,3
C000467,P006,Mutual Fund Plan,Investment,Wealth,False,1,Core Active,Core Relationship Customer,High Risk,Moderate Cross-Sell Opportunity,Priority 3,0.25007988428055133,0.030130656469088593,0.1258342522755828,0.0543184402909269,0.3026315789473684,0.719,0.7,0.0,0.65,0.34334083920606084,Low,4
C000467,P004,Personal Loan,Loan,Lending,False,1,Core Active,Core Relationship Customer,High Risk,Moderate Cross-Sell Opportunity,Priority 3,0.18292502828489549,0.030130656469088593,0.1258342522755828,0.0543184402909269,0.3026315789473684,0.719,0.7,0.0,0.65,0.3265521252071468,Low,5
C000467,P005,Home Loan,Loan,Lending,False,1,Core Active,Core Relationship Customer,High Risk,Moderate Cross-Sell Opportunity,Priority 3,0.16761169702585782,0.030130656469088593,0.1258342522755828,0.0543184402909269,0.3026315789473684,0.719,0.7,0.0,0.65,0.32272379239238747,Low,6
C000468,P003,Rewards Credit Card,Credit Card,Cards,False,1,Core Active,Core Relationship Customer,Moderate Risk,Moderate Cross-Sell Opportunity,Priority 3,0.3665398233352479,0.0954403016783514,0.12165107113678367,0.14066528548346555,0.4473684210526316,0.642,0.7,0.2,0.65,0.419528279327377,Low,1
C000468,P007,Term Insurance,Insurance,Protection,False,1,Core Active,Core Relationship Customer,Moderate Risk,Moderate Cross-Sell Opportunity,Priority 3,0.34667862760993684,0.0954403016783514,0.12165107113678367,0.14066528548346555,0.4473684210526316,0.642,0.7,0.2,0.65,0.41456298039604933,Low,2
C000468,P008,Premium Banking,Banking,Premium,False,1,Core Active,Core Relationship Customer,Moderate Risk,Moderate Cross-Sell Opportunity,Priority 3,0.26257940889851644,0.0954403016783514,0.12165107113678367,0.14066528548346555,0.4473684210526316,0.642,0.7,0.2,0.65,0.39353817571819416,Low,3
C000468,P006,Mutual Fund Plan,Investment,Wealth,False,1,Core Active,Core Relationship Customer,Moderate Risk,Moderate Cross-Sell Opportunity,Priority 3,0.243123087059436,0.0954403016783514,0.12165107113678367,0.14066528548346555,0.4473684210526316,0.642,0.7,0.2,0.65,0.3886740952584241,Low,4
C000468,P004,Personal Loan,Loan,Lending,False,1,Core Active,Core Relationship Customer,Moderate Risk,Moderate Cross-Sell Opportunity,Priority 3,0.202417526964001,0.0954403016783514,0.12165107113678367,0.14066528548346555,0.4473684210526316,0.642,0.7,0.2,0.65,0.3784977052345653,Low,5
C000468,P005,Home Loan,Loan,Lending,False,1,Core Active,Core Relationship Customer,Moderate Risk,Moderate Cross-Sell Opportunity,Priority 3,0.16663383206482643,0.0954403016783514,0.12165107113678367,0.14066528548346555,0.4473684210526316,0.642,0.7,0.2,0.65,0.36955178150977164,Low,6
C000469,P007,Term Insurance,Insurance,Protection,False,1,At Risk,At-Risk Declining Customer,Critical Risk,Low Cross-Sell Opportunity,Priority 4,0.20107641781223096,0.04676545570427024,0.030960989460660948,0.0,0.039473684210526314,0.097,0.45,0.0,0.3,0.15774324822549074,Low,1
C000469,P006,Mutual Fund Plan,Investment,Wealth,False,1,At Risk,At-Risk Declining Customer,Critical Risk,Low Cross-Sell Opportunity,Priority 4,0.06905886362612171,0.04676545570427024,0.030960989460660948,0.0,0.039473684210526314,0.097,0.45,0.0,0.3,0.12473885967896343,Low,2
C000469,P008,Premium Banking,Banking,Premium,False,1,At Risk,At-Risk Declining Customer,Critical Risk,Low Cross-Sell Opportunity,Priority 4,0.06787438086750103,0.04676545570427024,0.030960989460660948,0.0,0.039473684210526314,0.097,0.45,0.0,0.3,0.12444273898930826,Low,3
C000469,P003,Rewards Credit Card,Credit Card,Cards,False,1,At Risk,At-Risk Declining Customer,Critical Risk,Low Cross-Sell Opportunity,Priority 4,0.052672671736019354,0.04676545570427024,0.030960989460660948,0.0,0.039473684210526314,0.097,0.45,0.0,0.3,0.12064231170643784,Low,4
C000469,P005,Home Loan,Loan,Lending,False,1,At Risk,At-Risk Declining Customer,Critical Risk,Low Cross-Sell Opportunity,Priority 4,0.047707023031607565,0.04676545570427024,0.030960989460660948,0.0,0.039473684210526314,0.097,0.45,0.0,0.3,0.11940089953033489,Low,5
C000469,P004,Personal Loan,Loan,Lending,False,1,At Risk,At-Risk Declining Customer,Critical Risk,Low Cross-Sell Opportunity,Priority 4,0.04467197024834754,0.04676545570427024,0.030960989460660948,0.0,0.039473684210526314,0.097,0.45,0.0,0.3,0.11864213633451988,Low,6
C000470,P003,Rewards Credit Card,Credit Card,Cards,False,1,Core Active,Core Relationship Customer,Moderate Risk,Moderate Cross-Sell Opportunity,Priority 2,0.3214141365421994,0.18092999787550457,0.08790932808176903,0.08798361270053089,0.4473684210526316,0.458,0.7,0.75,0.65,0.4419447968685455,Low,1
C000470,P008,Premium Banking,Banking,Premium,False,1,Core Active,Core Relationship Customer,Moderate Risk,Moderate Cross-Sell Opportunity,Priority 2,0.23427666600181557,0.18092999787550457,0.08790932808176903,0.08798361270053089,0.4473684210526316,0.458,0.7,0.75,0.65,0.42016042923344954,Low,2
C000470,P006,Mutual Fund Plan,Investment,Wealth,False,1,Core Active,Core Relationship Customer,Moderate Risk,Moderate Cross-Sell Opportunity,Priority 2,0.21942264301330983,0.18092999787550457,0.08790932808176903,0.08798361270053089,0.4473684210526316,0.458,0.7,0.75,0.65,0.41644692348632306,Low,3
C000470,P005,Home Loan,Loan,Lending,False,1,Core Active,Core Relationship Customer,Moderate Risk,Moderate Cross-Sell Opportunity,Priority 2,0.1673714320907563,0.18092999787550457,0.08790932808176903,0.08798361270053089,0.4473684210526316,0.458,0.7,0.75,0.65,0.40343412075568474,Low,4
C000471,P005,Home Loan,Loan,Lending,False,1,Premium High-Value,Premium Relationship Customer,Moderate Risk,Moderate Cross-Sell Opportunity,Priority 3,0.5216762883592502,0.4256718716804759,0.3396483906314347,0.555879046478964,0.9210526315789473,0.755,1.0,0.0,0.65,0.6417113411627499,Medium,1
C000471,P007,Term Insurance,Insurance,Protection,False,1,Premium High-Value,Premium Relationship Customer,Moderate Risk,Moderate Cross-Sell Opportunity,Priority 3,0.47579454882327155,0.4256718716804759,0.3396483906314347,0.555879046478964,0.9210526315789473,0.755,1.0,0.0,0.65,0.6302409062787552,Medium,2
C000472,P003,Rewards Credit Card,Credit Card,Cards,False,1,Core Active,Core Relationship Customer,High Risk,Moderate Cross-Sell Opportunity,Priority 3,0.31481213902950017,0.18308901635861483,0.09674165258708586,0.12221929413875565,0.5263157894736842,0.347,0.7,0.6666666666666666,0.65,0.4331348731168173,Low,1
C000472,P007,Term Insurance,Insurance,Protection,False,1,Core Active,Core Relationship Customer,High Risk,Moderate Cross-Sell Opportunity,Priority 3,0.22798860819125033,0.18308901635861483,0.09674165258708586,0.12221929413875565,0.5263157894736842,0.347,0.7,0.6666666666666666,0.65,0.4114289904072548,Low,2
C000472,P004,Personal Loan,Loan,Lending,False,1,Core Active,Core Relationship Customer,High Risk,Moderate Cross-Sell Opportunity,Priority 3,0.226731176414687,0.18308901635861483,0.09674165258708586,0.12221929413875565,0.5263157894736842,0.347,0.7,0.6666666666666666,0.65,0.41111463246311397,Low,3
C000472,P008,Premium Banking,Banking,Premium,False,1,Core Active,Core Relationship Customer,High Risk,Moderate Cross-Sell Opportunity,Priority 3,0.20893113887642584,0.18308901635861483,0.09674165258708586,0.12221929413875565,0.5263157894736842,0.347,0.7,0.6666666666666666,0.65,0.40666462307854867,Low,4
C000472,P006,Mutual Fund Plan,Investment,Wealth,False,1,Core Active,Core Relationship Customer,High Risk,Moderate Cross-Sell Opportunity,Priority 3,0.20077654117527644,0.18308901635861483,0.09674165258708586,0.12221929413875565,0.5263157894736842,0.347,0.7,0.6666666666666666,0.65,0.40462597365326136,Low,5
C000472,P005,Home Loan,Loan,Lending,False,1,Core Active,Core Relationship Customer,High Risk,Moderate Cross-Sell Opportunity,Priority 3,0.18554336675943667,0.18308901635861483,0.09674165258708586,0.12221929413875565,0.5263157894736842,0.347,0.7,0.6666666666666666,0.65,0.4008176800493014,Low,6
C000473,P007,Term Insurance,Insurance,Protection,False,1,Core Active,Core Relationship Customer,Moderate Risk,Moderate Cross-Sell Opportunity,Priority 3,0.24469954971009028,0.13503824091778202,0.28462328141498827,0.13180627550586535,0.5394736842105263,0.206,0.7,0.1,0.65,0.33720358824265795,Low,1
C000473,P004,Personal Loan,Loan,Lending,False,1,Core Active,Core Relationship Customer,Moderate Risk,Moderate Cross-Sell Opportunity,Priority 3,0.23728854263775775,0.13503824091778202,0.28462328141498827,0.13180627550586535,0.5394736842105263,0.206,0.7,0.1,0.65,0.33535083647457475,Low,2
C000473,P008,Premium Banking,Banking,Premium,False,1,Core Active,Core Relationship Customer,Moderate Risk,Moderate Cross-Sell Opportunity,Priority 3,0.22422618276353404,0.13503824091778202,0.28462328141498827,0.13180627550586535,0.5394736842105263,0.206,0.7,0.1,0.65,0.3320852465060189,Low,3
C000473,P006,Mutual Fund Plan,Investment,Wealth,False,1,Core Active,Core Relationship Customer,Moderate Risk,Moderate Cross-Sell Opportunity,Priority 3,0.22053537816583293,0.13503824091778202,0.28462328141498827,0.13180627550586535,0.5394736842105263,0.206,0.7,0.1,0.65,0.3311625453565936,Low,4
C000473,P005,Home Loan,Loan,Lending,False,1,Core Active,Core Relationship Customer,Moderate Risk,Moderate Cross-Sell Opportunity,Priority 3,0.2196059509242559,0.13503824091778202,0.28462328141498827,0.13180627550586535,0.5394736842105263,0.206,0.7,0.1,0.65,0.3309301885461994,Low,5
C000474,P008,Premium Banking,Banking,Premium,False,1,Premium High-Value,Premium Digital Customer,Low Risk,Moderate Cross-Sell Opportunity,Priority 2,0.44633249328557967,0.3347620565115785,0.03507815346224955,0.28663429576944893,0.6973684210526315,0.871,1.0,0.8333333333333333,0.65,0.6860741311149388,Medium,1
C000474,P004,Personal Loan,Loan,Lending,False,1,Premium High-Value,Premium Digital Customer,Low Risk,Moderate Cross-Sell Opportunity,Priority 2,0.4186977798889512,0.3347620565115785,0.03507815346224955,0.28663429576944893,0.6973684210526315,0.871,1.0,0.8333333333333333,0.65,0.6791654527657816,Medium,2
C000474,P006,Mutual Fund Plan,Investment,Wealth,False,1,Premium High-Value,Premium Digital Customer,Low Risk,Moderate Cross-Sell Opportunity,Priority 2,0.41485145880282104,0.3347620565115785,0.03507815346224955,0.28663429576944893,0.6973684210526315,0.871,1.0,0.8333333333333333,0.65,0.6782038724942491,Medium,3
C000474,P005,Home Loan,Loan,Lending,False,1,Premium High-Value,Premium Digital Customer,Low Risk,Moderate Cross-Sell Opportunity,Priority 2,0.3422973340516595,0.3347620565115785,0.03507815346224955,0.28663429576944893,0.6973684210526315,0.871,1.0,0.8333333333333333,0.65,0.6600653413064587,Medium,4
C000475,P008,Premium Banking,Banking,Premium,False,1,Premium High-Value,Premium Digital Customer,Low Risk,Moderate Cross-Sell Opportunity,Priority 2,0.5189601129425614,0.3029663267473975,0.20966972918652566,0.24473482310482136,0.7105263157894737,0.87,1.0,0.75,0.65,0.711412240953541,Medium,1
C000475,P006,Mutual Fund Plan,Investment,Wealth,False,1,Premium High-Value,Premium Digital Customer,Low Risk,Moderate Cross-Sell Opportunity,Priority 2,0.4901152853563545,0.3029663267473975,0.20966972918652566,0.24473482310482136,0.7105263157894737,0.87,1.0,0.75,0.65,0.7042010340569893,Medium,2
C000475,P004,Personal Loan,Loan,Lending,False,1,Premium High-Value,Premium Digital Customer,Low Risk,Moderate Cross-Sell Opportunity,Priority 2,0.43735810242243645,0.3029663267473975,0.20966972918652566,0.24473482310482136,0.7105263157894737,0.87,1.0,0.75,0.65,0.6910117383235097,Medium,3
C000475,P005,Home Loan,Loan,Lending,False,1,Premium High-Value,Premium Digital Customer,Low Risk,Moderate Cross-Sell Opportunity,Priority 2,0.38843076424835565,0.3029663267473975,0.20966972918652566,0.24473482310482136,0.7105263157894737,0.87,1.0,0.75,0.65,0.6787799037799895,Medium,4
C000476,P008,Premium Banking,Banking,Premium,False,1,Core Active,Core Digital Customer,Moderate Risk,Moderate Cross-Sell Opportunity,Priority 3,0.2706620121435978,0.13509400892288081,0.060993896733129736,0.14648718761009516,0.5,0.749,0.7,0.16666666666666666,0.65,0.41875097148714224,Low,1
C000476,P007,Term Insurance,Insurance,Protection,False,1,Core Active,Core Digital Customer,Moderate Risk,Moderate Cross-Sell Opportunity,Priority 3,0.24074344413963694,0.13509400892288081,0.060993896733129736,0.14648718761009516,0.5,0.749,0.7,0.16666666666666666,0.65,0.4112713294861521,Low,2
C000476,P006,Mutual Fund Plan,Investment,Wealth,False,1,Core Active,Core Digital Customer,Moderate Risk,Moderate Cross-Sell Opportunity,Priority 3,0.23522350639647138,0.13509400892288081,0.060993896733129736,0.14648718761009516,0.5,0.749,0.7,0.16666666666666666,0.65,0.40989134505036073,Low,3
C000476,P004,Personal Loan,Loan,Lending,False,1,Core Active,Core Digital Customer,Moderate Risk,Moderate Cross-Sell Opportunity,Priority 3,0.18500920746747346,0.13509400892288081,0.060993896733129736,0.14648718761009516,0.5,0.749,0.7,0.16666666666666666,0.65,0.39733777031811124,Low,4
C000476,P005,Home Loan,Loan,Lending,False,1,Core Active,Core Digital Customer,Moderate Risk,Moderate Cross-Sell Opportunity,Priority 3,0.1362642736625774,0.13509400892288081,0.060993896733129736,0.14648718761009516,0.5,0.749,0.7,0.16666666666666666,0.65,0.3851515368668872,Low,5
C000477,P007,Term Insurance,Insurance,Protection,False,1,Core Active,Core Relationship Customer,Moderate Risk,Low Cross-Sell Opportunity,Priority 3,0.2813861868228491,0.08785585298491608,0.11152599835201665,0.05543983395897755,0.4868421052631579,0.215,0.7,0.1,0.3,0.31244403309216917,Low,1
C000477,P004,Personal Loan,Loan,Lending,False,1,Core Active,Core Relationship Customer,Moderate Risk,Low Cross-Sell Opportunity,Priority 3,0.23688687107891132,0.08785585298491608,0.11152599835201665,0.05543983395897755,0.4868421052631579,0.215,0.7,0.1,0.3,0.30131920415618474,Low,2
C000477,P006,Mutual Fund Plan,Investment,Wealth,False,1,Core Active,Core Relationship Customer,Moderate Risk,Low Cross-Sell Opportunity,Priority 3,0.22670139203923267,0.08785585298491608,0.11152599835201665,0.05543983395897755,0.4868421052631579,0.215,0.7,0.1,0.3,0.29877283439626506,Low,3
C000477,P008,Premium Banking,Banking,Premium,False,1,Core Active,Core Relationship Customer,Moderate Risk,Low Cross-Sell Opportunity,Priority 3,0.20900311617716374,0.08785585298491608,0.11152599835201665,0.05543983395897755,0.4868421052631579,0.215,0.7,0.1,0.3,0.2943482654307479,Low,4
C000477,P005,Home Loan,Loan,Lending,False,1,Core Active,Core Relationship Customer,Moderate Risk,Low Cross-Sell Opportunity,Priority 3,0.20378036955874607,0.08785585298491608,0.11152599835201665,0.05543983395897755,0.4868421052631579,0.215,0.7,0.1,0.3,0.2930425787761434,Low,5
C000478,P003,Rewards Credit Card,Credit Card,Cards,False,1,Core Active,Core Relationship Customer,High Risk,Low Cross-Sell Opportunity,Priority 4,0.2435582934823955,0.09680794561291693,0.018770523383165212,0.10235754328813183,0.15789473684210525,0.534,0.7,0.125,0.3,0.3098353730194981,Low,1
C000478,P007,Term Insurance,Insurance,Protection,False,1,Core Active,Core Relationship Customer,High Risk,Low Cross-Sell Opportunity,Priority 4,0.17935835670473269,0.09680794561291693,0.018770523383165212,0.10235754328813183,0.15789473684210525,0.534,0.7,0.125,0.3,0.29378538882508237,Low,2
C000478,P008,Premium Banking,Banking,Premium,False,1,Core Active,Core Relationship Customer,High Risk,Low Cross-Sell Opportunity,Priority 4,0.16776822131147498,0.09680794561291693,0.018770523383165212,0.10235754328813183,0.15789473684210525,0.534,0.7,0.125,0.3,0.29088785497676795,Low,3
C000478,P006,Mutual Fund Plan,Investment,Wealth,False,1,Core Active,Core Relationship Customer,High Risk,Low Cross-Sell Opportunity,Priority 4,0.14106822131147498,0.09680794561291693,0.018770523383165212,0.10235754328813183,0.15789473684210525,0.534,0.7,0.125,0.3,0.28421285497676796,Low,4
C000478,P005,Home Loan,Loan,Lending,False,1,Core Active,Core Relationship Customer,High Risk,Low Cross-Sell Opportunity,Priority 4,0.06553916599249421,0.09680794561291693,0.018770523383165212,0.10235754328813183,0.15789473684210525,0.534,0.7,0.125,0.3,0.2653305911470228,Low,5
C000479,P007,Term Insurance,Insurance,Protection,False,1,At Risk,At-Risk Declining Customer,Critical Risk,Low Cross-Sell Opportunity,Priority 3,0.26003316407166466,0.10366741024006798,0.09477685683677316,0.06286112380466444,0.13157894736842105,0.405,0.45,0.6,0.3,0.28847861517119294,Low,1
C000479,P006,Mutual Fund Plan,Investment,Wealth,False,1,At Risk,At-Risk Declining Customer,Critical Risk,Low Cross-Sell Opportunity,Priority 3,0.21941633865978413,0.10366741024006798,0.09477685683677316,0.06286112380466444,0.13157894736842105,0.405,0.45,0.6,0.3,0.27832440881822285,Low,2
C000479,P008,Premium Banking,Banking,Premium,False,1,At Risk,At-Risk Declining Customer,Critical Risk,Low Cross-Sell Opportunity,Priority 3,0.2066203616482899,0.10366741024006798,0.09477685683677316,0.06286112380466444,0.13157894736842105,0.405,0.45,0.6,0.3,0.2751254145653492,Low,3
C000479,P004,Personal Loan,Loan,Lending,False,1,At Risk,At-Risk Declining Customer,Critical Risk,Low Cross-Sell Opportunity,Priority 3,0.18334269686663623,0.10366741024006798,0.09477685683677316,0.06286112380466444,0.13157894736842105,0.405,0.45,0.6,0.3,0.26930599836993585,Low,4
C000479,P005,Home Loan,Loan,Lending,False,1,At Risk,At-Risk Declining Customer,Critical Risk,Low Cross-Sell Opportunity,Priority 3,0.18329858878684707,0.10366741024006798,0.09477685683677316,0.06286112380466444,0.13157894736842105,0.405,0.45,0.6,0.3,0.2692949713499886,Low,5
C000479,P003,Rewards Credit Card,Credit Card,Cards,False,1,At Risk,At-Risk Declining Customer,Critical Risk,Low Cross-Sell Opportunity,Priority 3,0.1638094701799252,0.10366741024006798,0.09477685683677316,0.06286112380466444,0.13157894736842105,0.405,0.45,0.6,0.3,0.26442269169825805,Low,6
C000480,P007,Term Insurance,Insurance,Protection,False,1,Core Active,Core Relationship Customer,Low Risk,Low Cross-Sell Opportunity,Priority 3,0.31963093746464843,0.11303377947737413,0.11091577645409731,0.03834745822107716,0.6052631578947368,0.137,0.7,0.3,0.3,0.37700396394584745,Low,1
C000480,P006,Mutual Fund Plan,Investment,Wealth,False,1,Core Active,Core Relationship Customer,Low Risk,Low Cross-Sell Opportunity,Priority 3,0.22516065509438937,0.11303377947737413,0.11091577645409731,0.03834745822107716,0.6052631578947368,0.137,0.7,0.3,0.3,0.3533863933532827,Low,2
C000480,P008,Premium Banking,Banking,Premium,False,1,Core Active,Core Relationship Customer,Low Risk,Low Cross-Sell Opportunity,Priority 3,0.20873479302542386,0.11303377947737413,0.11091577645409731,0.03834745822107716,0.6052631578947368,0.137,0.7,0.3,0.3,0.34927992783604134,Low,3
C000481,P003,Rewards Credit Card,Credit Card,Cards,False,1,Premium High-Value,Premium Relationship Customer,Moderate Risk,Moderate Cross-Sell Opportunity,Priority 2,0.6486794742845952,0.3124575100913533,0.08746257719027571,0.27676883497477334,0.8289473684210527,0.674,1.0,1.0,0.65,0.7489034758525773,Medium,1
C000481,P004,Personal Loan,Loan,Lending,False,1,Premium High-Value,Premium Relationship Customer,Moderate Risk,Moderate Cross-Sell Opportunity,Priority 2,0.4424826389058022,0.3124575100913533,0.08746257719027571,0.27676883497477334,0.8289473684210527,0.674,1.0,1.0,0.65,0.6973542670078792,Medium,2
C000481,P008,Premium Banking,Banking,Premium,False,1,Premium High-Value,Premium Relationship Customer,Moderate Risk,Moderate Cross-Sell Opportunity,Priority 2,0.4251810159643258,0.3124575100913533,0.08746257719027571,0.27676883497477334,0.8289473684210527,0.674,1.0,1.0,0.65,0.6930288612725101,Medium,3
C000481,P006,Mutual Fund Plan,Investment,Wealth,False,1,Premium High-Value,Premium Relationship Customer,Moderate Risk,Moderate Cross-Sell Opportunity,Priority 2,0.40297526883788903,0.3124575100913533,0.08746257719027571,0.27676883497477334,0.8289473684210527,0.674,1.0,1.0,0.65,0.6874774244909009,Medium,4
C000481,P005,Home Loan,Loan,Lending,False,1,Premium High-Value,Premium Relationship Customer,Moderate Risk,Moderate Cross-Sell Opportunity,Priority 2,0.36065328064932856,0.3124575100913533,0.08746257719027571,0.27676883497477334,0.8289473684210527,0.674,1.0,1.0,0.65,0.6768969274437607,Medium,5
C000482,P007,Term Insurance,Insurance,Protection,False,1,At Risk,At-Risk Engagement Customer,High Risk,Low Cross-Sell Opportunity,Priority 3,0.3483795945217414,0.13026609305289993,0.2980362870704564,0.06652808109919008,0.2631578947368421,0.581,0.45,0.4666666666666667,0.3,0.35988846811820835,Low,1
C000482,P008,Premium Banking,Banking,Premium,False,1,At Risk,At-Risk Engagement Customer,High Risk,Low Cross-Sell Opportunity,Priority 3,0.3234743287715747,0.13026609305289993,0.2980362870704564,0.06652808109919008,0.2631578947368421,0.581,0.45,0.4666666666666667,0.3,0.3536621516806667,Low,2
C000482,P006,Mutual Fund Plan,Investment,Wealth,False,1,At Risk,At-Risk Engagement Customer,High Risk,Low Cross-Sell Opportunity,Priority 3,0.30936685750720694,0.13026609305289993,0.2980362870704564,0.06652808109919008,0.2631578947368421,0.581,0.45,0.4666666666666667,0.3,0.35013528386457476,Low,3
C000482,P005,Home Loan,Loan,Lending,False,1,At Risk,At-Risk Engagement Customer,High Risk,Low Cross-Sell Opportunity,Priority 3,0.21280020248015166,0.13026609305289993,0.2980362870704564,0.06652808109919008,0.2631578947368421,0.581,0.45,0.4666666666666667,0.3,0.3259936201078109,Low,4
C000482,P004,Personal Loan,Loan,Lending,False,1,At Risk,At-Risk Engagement Customer,High Risk,Low Cross-Sell Opportunity,Priority 3,0.19455005235054143,0.13026609305289993,0.2980362870704564,0.06652808109919008,0.2631578947368421,0.581,0.45,0.4666666666666667,0.3,0.32143108257540837,Low,5
C000483,P008,Premium Banking,Banking,Premium,False,1,Premium High-Value,Premium Relationship Customer,Moderate Risk,Moderate Cross-Sell Opportunity,Priority 3,0.3887331329964496,0.2876912045889101,0.10731976360974721,0.3007451660924197,0.631578947368421,0.675,1.0,0.1,0.65,0.5594583662721576,Medium,1
C000483,P004,Personal Loan,Loan,Lending,False,1,Premium High-Value,Premium Relationship Customer,Moderate Risk,Moderate Cross-Sell Opportunity,Priority 3,0.3783529072309929,0.2876912045889101,0.10731976360974721,0.3007451660924197,0.631578947368421,0.675,1.0,0.1,0.65,0.5568633098307935,Medium,2
C000483,P007,Term Insurance,Insurance,Protection,False,1,Premium High-Value,Premium Relationship Customer,Moderate Risk,Moderate Cross-Sell Opportunity,Priority 3,0.37143008559567436,0.2876912045889101,0.10731976360974721,0.3007451660924197,0.631578947368421,0.675,1.0,0.1,0.65,0.5551326044219638,Medium,3
C000483,P005,Home Loan,Loan,Lending,False,1,Premium High-Value,Premium Relationship Customer,Moderate Risk,Moderate Cross-Sell Opportunity,Priority 3,0.31560302065581636,0.2876912045889101,0.10731976360974721,0.3007451660924197,0.631578947368421,0.675,1.0,0.1,0.65,0.5411758381869993,Low,4
C000484,P003,Rewards Credit Card,Credit Card,Cards,False,1,Core Active,Core Relationship Customer,Moderate Risk,Moderate Cross-Sell Opportunity,Priority 3,0.3882019347487605,0.07032345442957298,0.04910312750074837,0.06352368056353772,0.5,0.638,0.7,0.3,0.65,0.43741517457310475,Low,1
C000484,P008,Premium Banking,Banking,Premium,False,1,Core Active,Core Relationship Customer,Moderate Risk,Moderate Cross-Sell Opportunity,Priority 3,0.26354266176020175,0.07032345442957298,0.04910312750074837,0.06352368056353772,0.5,0.638,0.7,0.3,0.65,0.40625035632596507,Low,2
C000484,P006,Mutual Fund Plan,Investment,Wealth,False,1,Core Active,Core Relationship Customer,Moderate Risk,Moderate Cross-Sell Opportunity,Priority 3,0.24342427095560404,0.07032345442957298,0.04910312750074837,0.06352368056353772,0.5,0.638,0.7,0.3,0.65,0.40122075862481554,Low,3
C000484,P007,Term Insurance,Insurance,Protection,False,1,Core Active,Core Relationship Customer,Moderate Risk,Moderate Cross-Sell Opportunity,Priority 3,0.18275161024040157,0.07032345442957298,0.04910312750074837,0.06352368056353772,0.5,0.638,0.7,0.3,0.65,0.38605259344601495,Low,4
C000484,P005,Home Loan,Loan,Lending,False,1,Core Active,Core Relationship Customer,Moderate Risk,Moderate Cross-Sell Opportunity,Priority 3,0.13104134294313574,0.07032345442957298,0.04910312750074837,0.06352368056353772,0.5,0.638,0.7,0.3,0.65,0.37312502662169855,Low,5
C000485,P008,Premium Banking,Banking,Premium,False,1,Core Active,Core Relationship Customer,High Risk,Moderate Cross-Sell Opportunity,Priority 3,0.24498108992063802,0.11418631824941576,0.14603444837093107,0.12995597595358177,0.5131578947368421,0.459,0.7,0.0,0.65,0.364456220340569,Low,1
C000485,P006,Mutual Fund Plan,Investment,Wealth,False,1,Core Active,Core Relationship Customer,High Risk,Moderate Cross-Sell Opportunity,Priority 3,0.23611154969075296,0.11418631824941576,0.14603444837093107,0.12995597595358177,0.5131578947368421,0.459,0.7,0.0,0.65,0.36223883528309775,Low,2
C000485,P004,Personal Loan,Loan,Lending,False,1,Core Active,Core Relationship Customer,High Risk,Moderate Cross-Sell Opportunity,Priority 3,0.227025216178894,0.11418631824941576,0.14603444837093107,0.12995597595358177,0.5131578947368421,0.459,0.7,0.0,0.65,0.359967251905133,Low,3
C000485,P007,Term Insurance,Insurance,Protection,False,1,Core Active,Core Relationship Customer,High Risk,Moderate Cross-Sell Opportunity,Priority 3,0.21495716588031094,0.11418631824941576,0.14603444837093107,0.12995597595358177,0.5131578947368421,0.459,0.7,0.0,0.65,0.3569502393304872,Low,4
C000485,P005,Home Loan,Loan,Lending,False,1,Core Active,Core Relationship Customer,High Risk,Moderate Cross-Sell Opportunity,Priority 3,0.19032831227796204,0.11418631824941576,0.14603444837093107,0.12995597595358177,0.5131578947368421,0.459,0.7,0.0,0.65,0.3507930259299,Low,5
C000486,P007,Term Insurance,Insurance,Protection,False,1,Core Active,Core Relationship Customer,Moderate Risk,Moderate Cross-Sell Opportunity,Priority 3,0.402574076428745,0.09605374973443807,0.17493668118228659,0.07802283344407097,0.4473684210526316,0.446,0.7,0.0,0.65,0.36905953221196863,Low,1
C000486,P008,Premium Banking,Banking,Premium,False,1,Core Active,Core Relationship Customer,Moderate Risk,Moderate Cross-Sell Opportunity,Priority 3,0.29401602812644273,0.09605374973443807,0.17493668118228659,0.07802283344407097,0.4473684210526316,0.446,0.7,0.0,0.65,0.341920020136393,Low,2
C000486,P006,Mutual Fund Plan,Investment,Wealth,False,1,Core Active,Core Relationship Customer,Moderate Risk,Moderate Cross-Sell Opportunity,Priority 3,0.29298039594253467,0.09605374973443807,0.17493668118228659,0.07802283344407097,0.4473684210526316,0.446,0.7,0.0,0.65,0.34166111209041605,Low,3
C000486,P004,Personal Loan,Loan,Lending,False,1,Core Active,Core Relationship Customer,Moderate Risk,Moderate Cross-Sell Opportunity,Priority 3,0.2239279814452908,0.09605374973443807,0.17493668118228659,0.07802283344407097,0.4473684210526316,0.446,0.7,0.0,0.65,0.3243980084661051,Low,4
C000486,P005,Home Loan,Loan,Lending,False,1,Core Active,Core Relationship Customer,Moderate Risk,Moderate Cross-Sell Opportunity,Priority 3,0.20243204565968542,0.09605374973443807,0.17493668118228659,0.07802283344407097,0.4473684210526316,0.446,0.7,0.0,0.65,0.3190240245197037,Low,5
C000487,P007,Term Insurance,Insurance,Protection,False,1,Core Active,Core Relationship Customer,Moderate Risk,Low Cross-Sell Opportunity,Priority 3,0.2902920666556654,0.05356384108774166,0.1608844619760501,0.06009548667083451,0.42105263157894735,0.44,0.7,0.1,0.3,0.34044367961830685,Low,1
C000487,P008,Premium Banking,Banking,Premium,False,1,Core Active,Core Relationship Customer,Moderate Risk,Low Cross-Sell Opportunity,Priority 3,0.25201047043759184,0.05356384108774166,0.1608844619760501,0.06009548667083451,0.42105263157894735,0.44,0.7,0.1,0.3,0.33087328056378845,Low,2
C000487,P006,Mutual Fund Plan,Investment,Wealth,False,1,Core Active,Core Relationship Customer,Moderate Risk,Low Cross-Sell Opportunity,Priority 3,0.24696449342609758,0.05356384108774166,0.1608844619760501,0.06009548667083451,0.42105263157894735,0.44,0.7,0.1,0.3,0.32961178631091487,Low,3
C000487,P004,Personal Loan,Loan,Lending,False,1,Core Active,Core Relationship Customer,Moderate Risk,Low Cross-Sell Opportunity,Priority 3,0.18729351423820362,0.05356384108774166,0.1608844619760501,0.06009548667083451,0.42105263157894735,0.44,0.7,0.1,0.3,0.31469404151394137,Low,4
C000488,P008,Premium Banking,Banking,Premium,False,1,Premium High-Value,Premium Relationship Customer,Moderate Risk,Moderate Cross-Sell Opportunity,Priority 2,0.5406877267790885,0.4275387720416401,0.4313895070475914,0.45806875451477763,0.5526315789473685,0.299,1.0,0.625,0.65,0.6284744229452054,Medium,1
C000489,P003,Rewards Credit Card,Credit Card,Cards,False,1,Core Active,Core Digital Customer,High Risk,Moderate Cross-Sell Opportunity,Priority 3,0.3601788928091229,0.06926386233269599,0.08027194868966461,0.018703444640999833,0.35526315789473684,0.982,0.7,0.0,0.65,0.39288696935303047,Low,1
C000489,P007,Term Insurance,Insurance,Protection,False,1,Core Active,Core Digital Customer,High Risk,Moderate Cross-Sell Opportunity,Priority 3,0.3066021993799538,0.06926386233269599,0.08027194868966461,0.018703444640999833,0.35526315789473684,0.982,0.7,0.0,0.65,0.37949279599573815,Low,2
C000489,P008,Premium Banking,Banking,Premium,False,1,Core Active,Core Digital Customer,High Risk,Moderate Cross-Sell Opportunity,Priority 3,0.2712287853574143,0.06926386233269599,0.08027194868966461,0.018703444640999833,0.35526315789473684,0.982,0.7,0.0,0.65,0.37064944249010334,Low,3
C000489,P006,Mutual Fund Plan,Investment,Wealth,False,1,Core Active,Core Digital Customer,High Risk,Moderate Cross-Sell Opportunity,Priority 3,0.23017476236890858,0.06926386233269599,0.08027194868966461,0.018703444640999833,0.35526315789473684,0.982,0.7,0.0,0.65,0.3603859367429769,Low,4
C000489,P004,Personal Loan,Loan,Lending,False,1,Core Active,Core Digital Customer,High Risk,Moderate Cross-Sell Opportunity,Priority 3,0.1317512025448886,0.06926386233269599,0.08027194868966461,0.018703444640999833,0.35526315789473684,0.982,0.7,0.0,0.65,0.3357800467869718,Low,5
C000489,P005,Home Loan,Loan,Lending,False,1,Core Active,Core Digital Customer,High Risk,Moderate Cross-Sell Opportunity,Priority 3,0.1098585277113994,0.06926386233269599,0.08027194868966461,0.018703444640999833,0.35526315789473684,0.982,0.7,0.0,0.65,0.3303068780785996,Low,6
C000490,P007,Term Insurance,Insurance,Protection,False,1,Core Active,Core Digital Customer,Moderate Risk,Moderate Cross-Sell Opportunity,Priority 2,0.4399020175044346,0.07033938814531548,0.07532275918101025,0.0,0.40789473684210525,0.929,0.7,0.75,0.65,0.5106275925314876,Low,1
C000490,P008,Premium Banking,Banking,Premium,False,1,Core Active,Core Digital Customer,Moderate Risk,Moderate Cross-Sell Opportunity,Priority 2,0.3894412927338283,0.07033938814531548,0.07532275918101025,0.0,0.40789473684210525,0.929,0.7,0.75,0.65,0.498012411338836,Low,2
C000490,P006,Mutual Fund Plan,Investment,Wealth,False,1,Core Active,Core Digital Customer,Moderate Risk,Moderate Cross-Sell Opportunity,Priority 2,0.3866694536533686,0.07033938814531548,0.07532275918101025,0.0,0.40789473684210525,0.929,0.7,0.75,0.65,0.49731945156872104,Low,3
C000490,P004,Personal Loan,Loan,Lending,False,1,Core Active,Core Digital Customer,Moderate Risk,Moderate Cross-Sell Opportunity,Priority 2,0.24501366044778794,0.07033938814531548,0.07532275918101025,0.0,0.40789473684210525,0.929,0.7,0.75,0.65,0.46190550326732593,Low,4
C000490,P005,Home Loan,Loan,Lending,False,1,Core Active,Core Digital Customer,Moderate Risk,Moderate Cross-Sell Opportunity,Priority 2,0.21903957004799474,0.07033938814531548,0.07532275918101025,0.0,0.40789473684210525,0.929,0.7,0.75,0.65,0.45541198066737765,Low,5
C000491,P008,Premium Banking,Banking,Premium,False,1,Dormant / Declining,Dormant Reactivation Target,Critical Risk,Low Cross-Sell Opportunity,Priority 4,0.20015167051954266,0.11318249415763756,0.13665093316445986,0.0,0.06578947368421052,0.456,0.25,0.0,0.3,0.18064283751404475,Low,1
C000491,P006,Mutual Fund Plan,Investment,Wealth,False,1,Dormant / Declining,Dormant Reactivation Target,Critical Risk,Low Cross-Sell Opportunity,Priority 4,0.1914321302896576,0.11318249415763756,0.13665093316445986,0.0,0.06578947368421052,0.456,0.25,0.0,0.3,0.1784629524565735,Low,2
C000491,P005,Home Loan,Loan,Lending,False,1,Dormant / Declining,Dormant Reactivation Target,Critical Risk,Low Cross-Sell Opportunity,Priority 4,0.12942947958327697,0.11318249415763756,0.13665093316445986,0.0,0.06578947368421052,0.456,0.25,0.0,0.3,0.16296228977997834,Low,3
C000491,P007,Term Insurance,Insurance,Protection,False,1,Dormant / Declining,Dormant Reactivation Target,Critical Risk,Low Cross-Sell Opportunity,Priority 4,0.1286703947369794,0.11318249415763756,0.13665093316445986,0.0,0.06578947368421052,0.456,0.25,0.0,0.3,0.16277251856840397,Low,4
C000491,P004,Personal Loan,Loan,Lending,False,1,Dormant / Declining,Dormant Reactivation Target,Critical Risk,Low Cross-Sell Opportunity,Priority 4,0.1098516622691472,0.11318249415763756,0.13665093316445986,0.0,0.06578947368421052,0.456,0.25,0.0,0.3,0.15806783545144587,Low,5
C000492,P008,Premium Banking,Banking,Premium,False,1,Premium High-Value,Premium Relationship Customer,Moderate Risk,Moderate Cross-Sell Opportunity,Priority 2,0.4309243195429199,0.2978887826641173,0.22213159905033125,0.19035564065687502,0.5131578947368421,0.532,1.0,0.2,0.65,0.5299825206290798,Low,1
C000492,P006,Mutual Fund Plan,Investment,Wealth,False,1,Premium High-Value,Premium Relationship Customer,Moderate Risk,Moderate Cross-Sell Opportunity,Priority 2,0.41553121609464405,0.2978887826641173,0.22213159905033125,0.19035564065687502,0.5131578947368421,0.532,1.0,0.2,0.65,0.5261342447670109,Low,2
C000492,P004,Personal Loan,Loan,Lending,False,1,Premium High-Value,Premium Relationship Customer,Moderate Risk,Moderate Cross-Sell Opportunity,Priority 2,0.3770097713907007,0.2978887826641173,0.22213159905033125,0.19035564065687502,0.5131578947368421,0.532,1.0,0.2,0.65,0.516503883591025,Low,3
C000492,P005,Home Loan,Loan,Lending,False,1,Premium High-Value,Premium Relationship Customer,Moderate Risk,Moderate Cross-Sell Opportunity,Priority 2,0.3548725968420845,0.2978887826641173,0.22213159905033125,0.19035564065687502,0.5131578947368421,0.532,1.0,0.2,0.65,0.510969589953871,Low,4
C000493,P003,Rewards Credit Card,Credit Card,Cards,False,1,Core Active,Core Relationship Customer,Low Risk,Moderate Cross-Sell Opportunity,Priority 3,0.4007823711838035,0.12611004886339494,0.07835849960162675,0.13916168347355426,0.618421052631579,0.523,0.7,0.2,0.65,0.42798076046336675,Low,1
C000493,P008,Premium Banking,Banking,Premium,False,1,Core Active,Core Relationship Customer,Low Risk,Moderate Cross-Sell Opportunity,Priority 3,0.23151713689805903,0.12611004886339494,0.07835849960162675,0.13916168347355426,0.618421052631579,0.523,0.7,0.2,0.65,0.38566445189193066,Low,2
C000493,P004,Personal Loan,Loan,Lending,False,1,Core Active,Core Relationship Customer,Low Risk,Moderate Cross-Sell Opportunity,Priority 3,0.21144816440649605,0.12611004886339494,0.07835849960162675,0.13916168347355426,0.618421052631579,0.523,0.7,0.2,0.65,0.3806472087690399,Low,3
C000493,P006,Mutual Fund Plan,Investment,Wealth,False,1,Core Active,Core Relationship Customer,Low Risk,Moderate Cross-Sell Opportunity,Priority 3,0.208815412760128,0.12611004886339494,0.07835849960162675,0.13916168347355426,0.618421052631579,0.523,0.7,0.2,0.65,0.3799890208574479,Low,4
C000493,P005,Home Loan,Loan,Lending,False,1,Core Active,Core Relationship Customer,Low Risk,Moderate Cross-Sell Opportunity,Priority 3,0.1537491681793965,0.12611004886339494,0.07835849960162675,0.13916168347355426,0.618421052631579,0.523,0.7,0.2,0.65,0.36622245971226497,Low,5
C000494,P007,Term Insurance,Insurance,Protection,False,1,Core Active,Core Relationship Customer,Low Risk,Moderate Cross-Sell Opportunity,Priority 3,0.3454456427308834,0.07293392819205438,0.030134902002973914,0.07705329516856885,0.42105263157894735,0.4,0.7,0.0,0.65,0.3616060910579738,Low,1
C000494,P003,Rewards Credit Card,Credit Card,Cards,False,1,Core Active,Core Relationship Customer,Low Risk,Moderate Cross-Sell Opportunity,Priority 3,0.2995013145320516,0.07293392819205438,0.030134902002973914,0.07705329516856885,0.42105263157894735,0.4,0.7,0.0,0.65,0.3501200090082659,Low,2
C000494,P006,Mutual Fund Plan,Investment,Wealth,False,1,Core Active,Core Relationship Customer,Low Risk,Moderate Cross-Sell Opportunity,Priority 3,0.28967843853383446,0.07293392819205438,0.030134902002973914,0.07705329516856885,0.42105263157894735,0.4,0.7,0.0,0.65,0.3476642900087116,Low,3
C000494,P008,Premium Banking,Banking,Premium,False,1,Core Active,Core Relationship Customer,Low Risk,Moderate Cross-Sell Opportunity,Priority 3,0.26398878336142073,0.07293392819205438,0.030134902002973914,0.07705329516856885,0.42105263157894735,0.4,0.7,0.0,0.65,0.3412418762156082,Low,4
C000494,P004,Personal Loan,Loan,Lending,False,1,Core Active,Core Relationship Customer,Low Risk,Moderate Cross-Sell Opportunity,Priority 3,0.263090564624807,0.07293392819205438,0.030134902002973914,0.07705329516856885,0.42105263157894735,0.4,0.7,0.0,0.65,0.3410173215314548,Low,5
C000494,P005,Home Loan,Loan,Lending,False,1,Core Active,Core Relationship Customer,Low Risk,Moderate Cross-Sell Opportunity,Priority 3,0.2214469036601042,0.07293392819205438,0.030134902002973914,0.07705329516856885,0.42105263157894735,0.4,0.7,0.0,0.65,0.33060640629027904,Low,6
C000495,P008,Premium Banking,Banking,Premium,False,1,Core Active,Core Relationship Customer,Moderate Risk,Moderate Cross-Sell Opportunity,Priority 2,0.36908047205543704,0.2067665179519864,0.38789434323951333,0.04497115682036302,0.6052631578947368,0.831,0.7,0.45,0.65,0.510012895288467,Low,1
C000495,P007,Term Insurance,Insurance,Protection,False,1,Core Active,Core Relationship Customer,Moderate Risk,Moderate Cross-Sell Opportunity,Priority 2,0.3485199898676899,0.2067665179519864,0.38789434323951333,0.04497115682036302,0.6052631578947368,0.831,0.7,0.45,0.65,0.5048727747415303,Low,2
C000495,P006,Mutual Fund Plan,Investment,Wealth,False,1,Core Active,Core Relationship Customer,Moderate Risk,Moderate Cross-Sell Opportunity,Priority 2,0.3384500122853221,0.2067665179519864,0.38789434323951333,0.04497115682036302,0.6052631578947368,0.831,0.7,0.45,0.65,0.5023552803459383,Low,3
C000495,P005,Home Loan,Loan,Lending,False,1,Core Active,Core Relationship Customer,Moderate Risk,Moderate Cross-Sell Opportunity,Priority 2,0.28651863641621445,0.2067665179519864,0.38789434323951333,0.04497115682036302,0.6052631578947368,0.831,0.7,0.45,0.65,0.48937243637866146,Low,4
C000495,P004,Personal Loan,Loan,Lending,False,1,Core Active,Core Relationship Customer,Moderate Risk,Moderate Cross-Sell Opportunity,Priority 2,0.28301959050419806,0.2067665179519864,0.38789434323951333,0.04497115682036302,0.6052631578947368,0.831,0.7,0.45,0.65,0.4884976749006573,Low,5
C000496,P007,Term Insurance,Insurance,Protection,False,1,Dormant / Declining,Dormant Reactivation Target,Critical Risk,Low Cross-Sell Opportunity,Priority 4,0.20509745419015177,0.07814425323985554,0.0055398507733261425,0.02253954548045645,0.0,0.06,0.25,0.75,0.3,0.20040321419550905,Low,1
C000496,P006,Mutual Fund Plan,Investment,Wealth,False,1,Dormant / Declining,Dormant Reactivation Target,Critical Risk,Low Cross-Sell Opportunity,Priority 4,0.1121361287976316,0.07814425323985554,0.0055398507733261425,0.02253954548045645,0.0,0.06,0.25,0.75,0.3,0.17716288284737902,Low,2
C000496,P005,Home Loan,Loan,Lending,False,1,Dormant / Declining,Dormant Reactivation Target,Critical Risk,Low Cross-Sell Opportunity,Priority 4,0.09505950186226877,0.07814425323985554,0.0055398507733261425,0.02253954548045645,0.0,0.06,0.25,0.75,0.3,0.17289372611353832,Low,3
C000496,P008,Premium Banking,Banking,Premium,False,1,Dormant / Declining,Dormant Reactivation Target,Critical Risk,Low Cross-Sell Opportunity,Priority 4,0.09387176098153965,0.07814425323985554,0.0055398507733261425,0.02253954548045645,0.0,0.06,0.25,0.75,0.3,0.17259679089335606,Low,4
C000496,P004,Personal Loan,Loan,Lending,False,1,Dormant / Declining,Dormant Reactivation Target,Critical Risk,Low Cross-Sell Opportunity,Priority 4,0.09257526613232274,0.07814425323985554,0.0055398507733261425,0.02253954548045645,0.0,0.06,0.25,0.75,0.3,0.17227266718105183,Low,5
C000497,P008,Premium Banking,Banking,Premium,False,1,Core Active,Core Relationship Customer,Moderate Risk,Moderate Cross-Sell Opportunity,Priority 3,0.2424485187281169,0.04497025706394731,0.09825131431737058,0.0,0.35526315789473684,0.644,0.7,0.0,0.65,0.32479565477902916,Low,1
C000497,P006,Mutual Fund Plan,Investment,Wealth,False,1,Core Active,Core Relationship Customer,Moderate Risk,Moderate Cross-Sell Opportunity,Priority 3,0.21139794401547318,0.04497025706394731,0.09825131431737058,0.0,0.35526315789473684,0.644,0.7,0.0,0.65,0.31703301110086823,Low,2
C000497,P007,Term Insurance,Insurance,Protection,False,1,Core Active,Core Relationship Customer,Moderate Risk,Moderate Cross-Sell Opportunity,Priority 3,0.16832007234994917,0.04497025706394731,0.09825131431737058,0.0,0.35526315789473684,0.644,0.7,0.0,0.65,0.30626354318448723,Low,3
C000497,P004,Personal Loan,Loan,Lending,False,1,Core Active,Core Relationship Customer,Moderate Risk,Moderate Cross-Sell Opportunity,Priority 3,0.10272968170780612,0.04497025706394731,0.09825131431737058,0.0,0.35526315789473684,0.644,0.7,0.0,0.65,0.2898659455239515,Low,4
C000497,P005,Home Loan,Loan,Lending,False,1,Core Active,Core Relationship Customer,Moderate Risk,Moderate Cross-Sell Opportunity,Priority 3,0.08418957591913538,0.04497025706394731,0.09825131431737058,0.0,0.35526315789473684,0.644,0.7,0.0,0.65,0.2852309190767838,Low,5
C000498,P007,Term Insurance,Insurance,Protection,False,1,Core Active,Core Relationship Customer,High Risk,Moderate Cross-Sell Opportunity,Priority 3,0.39759270070901853,0.1800722328446994,0.3068857271298648,0.03605981513825383,0.5131578947368421,0.674,0.7,0.125,0.65,0.42978630595672085,Low,1
C000498,P008,Premium Banking,Banking,Premium,False,1,Core Active,Core Relationship Customer,High Risk,Moderate Cross-Sell Opportunity,Priority 3,0.38678212533048806,0.1800722328446994,0.3068857271298648,0.03605981513825383,0.5131578947368421,0.674,0.7,0.125,0.65,0.42708366211208826,Low,2
C000498,P006,Mutual Fund Plan,Investment,Wealth,False,1,Core Active,Core Relationship Customer,High Risk,Moderate Cross-Sell Opportunity,Priority 3,0.3829671828017524,0.1800722328446994,0.3068857271298648,0.03605981513825383,0.5131578947368421,0.674,0.7,0.125,0.65,0.42612992647990433,Low,3
C000498,P003,Rewards Credit Card,Credit Card,Cards,False,1,Core Active,Core Relationship Customer,High Risk,Moderate Cross-Sell Opportunity,Priority 3,0.3653985891914884,0.1800722328446994,0.3068857271298648,0.03605981513825383,0.5131578947368421,0.674,0.7,0.125,0.65,0.42173777807733825,Low,4
C000498,P005,Home Loan,Loan,Lending,False,1,Core Active,Core Relationship Customer,High Risk,Moderate Cross-Sell Opportunity,Priority 3,0.29966794303590694,0.1800722328446994,0.3068857271298648,0.03605981513825383,0.5131578947368421,0.674,0.7,0.125,0.65,0.4053051165384429,Low,5
C000498,P004,Personal Loan,Loan,Lending,False,1,Core Active,Core Relationship Customer,High Risk,Moderate Cross-Sell Opportunity,Priority 3,0.2995532433117018,0.1800722328446994,0.3068857271298648,0.03605981513825383,0.5131578947368421,0.674,0.7,0.125,0.65,0.4052764416073916,Low,6
C000499,P003,Rewards Credit Card,Credit Card,Cards,False,1,Core Active,Core Relationship Customer,High Risk,Moderate Cross-Sell Opportunity,Priority 3,0.3313181859879998,0.06760410027618441,0.19800181145435752,0.03711719591775326,0.39473684210526316,0.725,0.7,0.125,0.65,0.37806089286802624,Low,1
C000499,P008,Premium Banking,Banking,Premium,False,1,Core Active,Core Relationship Customer,High Risk,Moderate Cross-Sell Opportunity,Priority 3,0.276184318610374,0.06760410027618441,0.19800181145435752,0.03711719591775326,0.39473684210526316,0.725,0.7,0.125,0.65,0.3642774260236199,Low,2
C000499,P007,Term Insurance,Insurance,Protection,False,1,Core Active,Core Relationship Customer,High Risk,Moderate Cross-Sell Opportunity,Priority 3,0.23095123079851337,0.06760410027618441,0.19800181145435752,0.03711719591775326,0.39473684210526316,0.725,0.7,0.125,0.65,0.35296915407065466,Low,3
C000499,P004,Personal Loan,Loan,Lending,False,1,Core Active,Core Relationship Customer,High Risk,Moderate Cross-Sell Opportunity,Priority 3,0.15359368871595708,0.06760410027618441,0.19800181145435752,0.03711719591775326,0.39473684210526316,0.725,0.7,0.125,0.65,0.3336297685500156,Low,4
C000499,P005,Home Loan,Loan,Lending,False,1,Core Active,Core Relationship Customer,High Risk,Moderate Cross-Sell Opportunity,Priority 3,0.14348876164561827,0.06760410027618441,0.19800181145435752,0.03711719591775326,0.39473684210526316,0.725,0.7,0.125,0.65,0.3311035367824309,Low,5
C000500,P003,Rewards Credit Card,Credit Card,Cards,False,1,Core Active,Core Relationship Customer,Moderate Risk,Moderate Cross-Sell Opportunity,Priority 3,0.3358134329781046,0.04580677714042915,0.026434449348962746,0.013401588827928681,0.3684210526315789,0.875,0.7,0.125,0.65,0.4058778715673489,Low,1
C000500,P008,Premium Banking,Banking,Premium,False,1,Core Active,Core Relationship Customer,Moderate Risk,Moderate Cross-Sell Opportunity,Priority 3,0.2752791578196303,0.04580677714042915,0.026434449348962746,0.013401588827928681,0.3684210526315789,0.875,0.7,0.125,0.65,0.3907443027777303,Low,2
C000500,P006,Mutual Fund Plan,Investment,Wealth,False,1,Core Active,Core Relationship Customer,Moderate Risk,Moderate Cross-Sell Opportunity,Priority 3,0.26313835322192913,0.04580677714042915,0.026434449348962746,0.013401588827928681,0.3684210526315789,0.875,0.7,0.125,0.65,0.38770910162830496,Low,3
C000500,P007,Term Insurance,Insurance,Protection,False,1,Core Active,Core Relationship Customer,Moderate Risk,Moderate Cross-Sell Opportunity,Priority 3,0.24242906250427873,0.04580677714042915,0.026434449348962746,0.013401588827928681,0.3684210526315789,0.875,0.7,0.125,0.65,0.38253177894889234,Low,4
C000500,P004,Personal Loan,Loan,Lending,False,1,Core Active,Core Relationship Customer,Moderate Risk,Moderate Cross-Sell Opportunity,Priority 3,0.18889931504327123,0.04580677714042915,0.026434449348962746,0.013401588827928681,0.3684210526315789,0.875,0.7,0.125,0.65,0.3691493420836405,Low,5
C000500,P005,Home Loan,Loan,Lending,False,1,Core Active,Core Relationship Customer,Moderate Risk,Moderate Cross-Sell Opportunity,Priority 3,0.15697255715668634,0.04580677714042915,0.026434449348962746,0.013401588827928681,0.3684210526315789,0.875,0.7,0.125,0.65,0.36116765261199424,Low,6
C000501,P004,Personal Loan,Loan,Lending,False,1,Premium High-Value,Premium Relationship Customer,Moderate Risk,Moderate Cross-Sell Opportunity,Priority 2,0.6100952393529253,0.5975913533035904,0.4295504582252987,0.5580606244106843,0.6842105263157895,0.381,1.0,0.25,0.65,0.6702736594463179,Medium,1
C000502,P008,Premium Banking,Banking,Premium,False,1,Core Active,Core Digital Customer,Low Risk,Moderate Cross-Sell Opportunity,Priority 3,0.3023058050089906,0.1499707881878054,0.07522181234157196,0.0720140323727662,0.6447368421052632,0.833,0.7,0.25,0.65,0.46808113520559824,Low,1
C000502,P007,Term Insurance,Insurance,Protection,False,1,Core Active,Core Digital Customer,Low Risk,Moderate Cross-Sell Opportunity,Priority 3,0.27371924815632653,0.1499707881878054,0.07522181234157196,0.0720140323727662,0.6447368421052632,0.833,0.7,0.25,0.65,0.4609344959924322,Low,2
C000502,P006,Mutual Fund Plan,Investment,Wealth,False,1,Core Active,Core Digital Customer,Low Risk,Moderate Cross-Sell Opportunity,Priority 3,0.2704259199515194,0.1499707881878054,0.07522181234157196,0.0720140323727662,0.6447368421052632,0.833,0.7,0.25,0.65,0.4601111639412304,Low,3
C000502,P004,Personal Loan,Loan,Lending,False,1,Core Active,Core Digital Customer,Low Risk,Moderate Cross-Sell Opportunity,Priority 3,0.2289350280307695,0.1499707881878054,0.07522181234157196,0.0720140323727662,0.6447368421052632,0.833,0.7,0.25,0.65,0.449738440961043,Low,4
C000502,P005,Home Loan,Loan,Lending,False,1,Core Active,Core Digital Customer,Low Risk,Moderate Cross-Sell Opportunity,Priority 3,0.17604175184359264,0.1499707881878054,0.07522181234157196,0.0720140323727662,0.6447368421052632,0.833,0.7,0.25,0.65,0.4365151219142487,Low,5
C000503,P007,Term Insurance,Insurance,Protection,False,1,Dormant / Declining,Dormant Reactivation Target,Critical Risk,Low Cross-Sell Opportunity,Priority 4,0.2907605703254991,0.03207191417038453,0.03925155428442488,0.016274225607585107,0.13157894736842105,0.349,0.25,0.0,0.3,0.18624136752071485,Low,1
C000503,P006,Mutual Fund Plan,Investment,Wealth,False,1,Dormant / Declining,Dormant Reactivation Target,Critical Risk,Low Cross-Sell Opportunity,Priority 4,0.1817154755742495,0.03207191417038453,0.03925155428442488,0.016274225607585107,0.13157894736842105,0.349,0.25,0.0,0.3,0.15898009383290246,Low,2
C000503,P008,Premium Banking,Banking,Premium,False,1,Dormant / Declining,Dormant Reactivation Target,Critical Risk,Low Cross-Sell Opportunity,Priority 4,0.1753149008616058,0.03207191417038453,0.03925155428442488,0.016274225607585107,0.13157894736842105,0.349,0.25,0.0,0.3,0.1573799501547415,Low,3
C000503,P003,Rewards Credit Card,Credit Card,Cards,False,1,Dormant / Declining,Dormant Reactivation Target,Critical Risk,Low Cross-Sell Opportunity,Priority 4,0.16429192483559285,0.03207191417038453,0.03925155428442488,0.016274225607585107,0.13157894736842105,0.349,0.25,0.0,0.3,0.1546242061482383,Low,4
C000503,P004,Personal Loan,Loan,Lending,False,1,Dormant / Declining,Dormant Reactivation Target,Critical Risk,Low Cross-Sell Opportunity,Priority 4,0.11663166612691137,0.03207191417038453,0.03925155428442488,0.016274225607585107,0.13157894736842105,0.349,0.25,0.0,0.3,0.1427091414710679,Low,5
C000503,P005,Home Loan,Loan,Lending,False,1,Dormant / Declining,Dormant Reactivation Target,Critical Risk,Low Cross-Sell Opportunity,Priority 4,0.1093376776804937,0.03207191417038453,0.03925155428442488,0.016274225607585107,0.13157894736842105,0.349,0.25,0.0,0.3,0.1408856443594635,Low,6
C000504,P003,Rewards Credit Card,Credit Card,Cards,False,1,Core Active,Core Relationship Customer,Critical Risk,Moderate Cross-Sell Opportunity,Priority 3,0.32077201470247124,0.12344911833439558,0.09180748285038945,0.05943106092251451,0.3157894736842105,0.64,0.7,0.0,0.65,0.3537512483951285,Low,1
C000504,P008,Premium Banking,Banking,Premium,False,1,Core Active,Core Relationship Customer,Critical Risk,Moderate Cross-Sell Opportunity,Priority 3,0.26448439521223005,0.12344911833439558,0.09180748285038945,0.05943106092251451,0.3157894736842105,0.64,0.7,0.0,0.65,0.33967934352256823,Low,2
C000504,P006,Mutual Fund Plan,Investment,Wealth,False,1,Core Active,Core Relationship Customer,Critical Risk,Moderate Cross-Sell Opportunity,Priority 3,0.24340393544211508,0.12344911833439558,0.09180748285038945,0.05943106092251451,0.3157894736842105,0.64,0.7,0.0,0.65,0.3344092285800394,Low,3
C000504,P007,Term Insurance,Insurance,Protection,False,1,Core Active,Core Relationship Customer,Critical Risk,Moderate Cross-Sell Opportunity,Priority 3,0.22030704281159283,0.12344911833439558,0.09180748285038945,0.05943106092251451,0.3157894736842105,0.64,0.7,0.0,0.65,0.32863500542240887,Low,4
C000504,P004,Personal Loan,Loan,Lending,False,1,Core Active,Core Relationship Customer,Critical Risk,Moderate Cross-Sell Opportunity,Priority 3,0.1586085855388773,0.12344911833439558,0.09180748285038945,0.05943106092251451,0.3157894736842105,0.64,0.7,0.0,0.65,0.31321039110423,Low,5
C000504,P005,Home Loan,Loan,Lending,False,1,Core Active,Core Relationship Customer,Critical Risk,Moderate Cross-Sell Opportunity,Priority 3,0.14103011042248298,0.12344911833439558,0.09180748285038945,0.05943106092251451,0.3157894736842105,0.64,0.7,0.0,0.65,0.30881577232513147,Low,6
C000505,P007,Term Insurance,Insurance,Protection,False,1,Core Active,Core Relationship Customer,Critical Risk,Low Cross-Sell Opportunity,Priority 3,0.19080762244051122,0.14026981091990653,0.08162582394801343,0.11606844986949783,0.17105263157894737,0.223,0.7,0.3333333333333333,0.3,0.27704709586428455,Low,1
C000505,P008,Premium Banking,Banking,Premium,False,1,Core Active,Core Relationship Customer,Critical Risk,Low Cross-Sell Opportunity,Priority 3,0.15047531394174565,0.14026981091990653,0.08162582394801343,0.11606844986949783,0.17105263157894737,0.223,0.7,0.3333333333333333,0.3,0.2669640187395932,Low,2
C000505,P006,Mutual Fund Plan,Investment,Wealth,False,1,Core Active,Core Relationship Customer,Critical Risk,Low Cross-Sell Opportunity,Priority 3,0.14880807256243533,0.14026981091990653,0.08162582394801343,0.11606844986949783,0.17105263157894737,0.223,0.7,0.3333333333333333,0.3,0.2665472083947656,Low,3
C000505,P004,Personal Loan,Loan,Lending,False,1,Core Active,Core Relationship Customer,Critical Risk,Low Cross-Sell Opportunity,Priority 3,0.140197309019932,0.14026981091990653,0.08162582394801343,0.11606844986949783,0.17105263157894737,0.223,0.7,0.3333333333333333,0.3,0.2643945175091397,Low,4
C000505,P005,Home Loan,Loan,Lending,False,1,Core Active,Core Relationship Customer,Critical Risk,Low Cross-Sell Opportunity,Priority 3,0.1307425650132848,0.14026981091990653,0.08162582394801343,0.11606844986949783,0.17105263157894737,0.223,0.7,0.3333333333333333,0.3,0.2620308315074779,Low,5
C000506,P007,Term Insurance,Insurance,Protection,False,1,At Risk,At-Risk Declining Customer,Critical Risk,Low Cross-Sell Opportunity,Priority 4,0.3257917423471171,0.1574543233482048,0.16311961362160585,0.12799026630296131,0.14473684210526316,0.053,0.45,0.2,0.3,0.24244932657220974,Low,1
C000506,P008,Premium Banking,Banking,Premium,False,1,At Risk,At-Risk Declining Customer,Critical Risk,Low Cross-Sell Opportunity,Priority 4,0.2276912165122629,0.1574543233482048,0.16311961362160585,0.12799026630296131,0.14473684210526316,0.053,0.45,0.2,0.3,0.2179241951134962,Low,2
C000506,P005,Home Loan,Loan,Lending,False,1,At Risk,At-Risk Declining Customer,Critical Risk,Low Cross-Sell Opportunity,Priority 4,0.2175245046509,0.1574543233482048,0.16311961362160585,0.12799026630296131,0.14473684210526316,0.053,0.45,0.2,0.3,0.21538251714815548,Low,3
C000506,P004,Personal Loan,Loan,Lending,False,1,At Risk,At-Risk Declining Customer,Critical Risk,Low Cross-Sell Opportunity,Priority 4,0.21245655728107138,0.1574543233482048,0.16311961362160585,0.12799026630296131,0.14473684210526316,0.053,0.45,0.2,0.3,0.2141155303056983,Low,4
C000507,P003,Rewards Credit Card,Credit Card,Cards,False,1,Core Active,Core Cross-Sell Opportunity,Moderate Risk,High Cross-Sell Opportunity,Priority 2,0.5326367520816018,0.2854206500956023,0.0554020007034842,0.257338820686349,0.5131578947368421,0.908,0.7,0.16666666666666666,1.0,0.569683668916714,Medium,1
C000507,P008,Premium Banking,Banking,Premium,False,1,Core Active,Core Cross-Sell Opportunity,Moderate Risk,High Cross-Sell Opportunity,Priority 2,0.39739770581411527,0.2854206500956023,0.0554020007034842,0.257338820686349,0.5131578947368421,0.908,0.7,0.16666666666666666,1.0,0.5358739073498422,Low,2
C000507,P007,Term Insurance,Insurance,Protection,False,1,Core Active,Core Cross-Sell Opportunity,Moderate Risk,High Cross-Sell Opportunity,Priority 2,0.3858566153240676,0.2854206500956023,0.0554020007034842,0.257338820686349,0.5131578947368421,0.908,0.7,0.16666666666666666,1.0,0.5329886347273303,Low,3
C000507,P006,Mutual Fund Plan,Investment,Wealth,False,1,Core Active,Core Cross-Sell Opportunity,Moderate Risk,High Cross-Sell Opportunity,Priority 2,0.3787218437451498,0.2854206500956023,0.0554020007034842,0.257338820686349,0.5131578947368421,0.908,0.7,0.16666666666666666,1.0,0.5312049418326008,Low,4
C000507,P004,Personal Loan,Loan,Lending,False,1,Core Active,Core Cross-Sell Opportunity,Moderate Risk,High Cross-Sell Opportunity,Priority 2,0.32820825201194503,0.2854206500956023,0.0554020007034842,0.257338820686349,0.5131578947368421,0.908,0.7,0.16666666666666666,1.0,0.5185765438992996,Low,5
C000507,P005,Home Loan,Loan,Lending,False,1,Core Active,Core Cross-Sell Opportunity,Moderate Risk,High Cross-Sell Opportunity,Priority 2,0.2737399130799286,0.2854206500956023,0.0554020007034842,0.257338820686349,0.5131578947368421,0.908,0.7,0.16666666666666666,1.0,0.5049594591662956,Low,6
C000508,P007,Term Insurance,Insurance,Protection,False,1,Premium High-Value,Premium Relationship Customer,Low Risk,Moderate Cross-Sell Opportunity,Priority 2,0.5900701932588808,0.22538506479711068,0.1701754134716177,0.2231054754849327,0.7368421052631579,0.616,1.0,0.25,0.65,0.6422208770636161,Medium,1
C000508,P008,Premium Banking,Banking,Premium,False,1,Premium High-Value,Premium Relationship Customer,Low Risk,Moderate Cross-Sell Opportunity,Priority 2,0.48975435136222334,0.22538506479711068,0.1701754134716177,0.2231054754849327,0.7368421052631579,0.616,1.0,0.25,0.65,0.6171419165894517,Medium,2
C000508,P004,Personal Loan,Loan,Lending,False,1,Premium High-Value,Premium Relationship Customer,Low Risk,Moderate Cross-Sell Opportunity,Priority 2,0.483234795885356,0.22538506479711068,0.1701754134716177,0.2231054754849327,0.7368421052631579,0.616,1.0,0.25,0.65,0.6155120277202348,Medium,3
C000509,P003,Rewards Credit Card,Credit Card,Cards,False,1,Core Active,Core Digital Customer,Moderate Risk,Moderate Cross-Sell Opportunity,Priority 3,0.4225436845654423,0.14101603994051412,0.14593420012553734,0.0910286637566501,0.4605263157894737,0.918,0.7,0.0,0.65,0.4522180764978845,Low,1
C000509,P007,Term Insurance,Insurance,Protection,False,1,Core Active,Core Digital Customer,Moderate Risk,Moderate Cross-Sell Opportunity,Priority 3,0.37424020505753386,0.14101603994051412,0.14593420012553734,0.0910286637566501,0.4605263157894737,0.918,0.7,0.0,0.65,0.4401422066209073,Low,2
C000509,P008,Premium Banking,Banking,Premium,False,1,Core Active,Core Digital Customer,Moderate Risk,Moderate Cross-Sell Opportunity,Priority 3,0.3334443767789675,0.14101603994051412,0.14593420012553734,0.0910286637566501,0.4605263157894737,0.918,0.7,0.0,0.65,0.4299432495512657,Low,3
C000509,P004,Personal Loan,Loan,Lending,False,1,Core Active,Core Digital Customer,Moderate Risk,Moderate Cross-Sell Opportunity,Priority 3,0.21502317928951997,0.14101603994051412,0.14593420012553734,0.0910286637566501,0.4605263157894737,0.918,0.7,0.0,0.65,0.40033795017890383,Low,4
C000509,P005,Home Loan,Loan,Lending,False,1,Core Active,Core Digital Customer,Moderate Risk,Moderate Cross-Sell Opportunity,Priority 3,0.18880861335076388,0.14101603994051412,0.14593420012553734,0.0910286637566501,0.4605263157894737,0.918,0.7,0.0,0.65,0.3937843086942149,Low,5
C000510,P006,Mutual Fund Plan,Investment,Wealth,False,1,Premium High-Value,Premium Relationship Customer,Moderate Risk,Moderate Cross-Sell Opportunity,Priority 2,0.4928364996127783,0.25540949649458256,0.27587548678906265,0.13320895208565206,0.6842105263157895,0.587,1.0,0.525,0.65,0.6206226031494796,Medium,1
C000510,P007,Term Insurance,Insurance,Protection,False,1,Premium High-Value,Premium Relationship Customer,Moderate Risk,Moderate Cross-Sell Opportunity,Priority 2,0.48133503599062044,0.25540949649458256,0.27587548678906265,0.13320895208565206,0.6842105263157895,0.587,1.0,0.525,0.65,0.6177472372439401,Medium,2
C000510,P008,Premium Banking,Banking,Premium,False,1,Premium High-Value,Premium Relationship Customer,Moderate Risk,Moderate Cross-Sell Opportunity,Priority 2,0.47764626972772084,0.25540949649458256,0.27587548678906265,0.13320895208565206,0.6842105263157895,0.587,1.0,0.525,0.65,0.6168250456782152,Medium,3
C000510,P005,Home Loan,Loan,Lending,False,1,Premium High-Value,Premium Relationship Customer,Moderate Risk,Moderate Cross-Sell Opportunity,Priority 2,0.4675186073051393,0.25540949649458256,0.27587548678906265,0.13320895208565206,0.6842105263157895,0.587,1.0,0.525,0.65,0.6142931300725698,Medium,4
C000511,P003,Rewards Credit Card,Credit Card,Cards,False,1,Core Active,Core Relationship Customer,Low Risk,Moderate Cross-Sell Opportunity,Priority 2,0.4086908086140403,0.20282823454429574,0.045623430564816776,0.19985991924096602,0.4605263157894737,0.544,0.7,0.8333333333333333,0.65,0.4870506297641236,Low,1
C000511,P006,Mutual Fund Plan,Investment,Wealth,False,1,Core Active,Core Relationship Customer,Low Risk,Moderate Cross-Sell Opportunity,Priority 2,0.3255936897737123,0.20282823454429574,0.045623430564816776,0.19985991924096602,0.4605263157894737,0.544,0.7,0.8333333333333333,0.65,0.46627635005404156,Low,2
C000511,P008,Premium Banking,Banking,Premium,False,1,Core Active,Core Relationship Customer,Low Risk,Moderate Cross-Sell Opportunity,Priority 2,0.31946035644037896,0.20282823454429574,0.045623430564816776,0.19985991924096602,0.4605263157894737,0.544,0.7,0.8333333333333333,0.65,0.4647430167207083,Low,3
C000511,P004,Personal Loan,Loan,Lending,False,1,Core Active,Core Relationship Customer,Low Risk,Moderate Cross-Sell Opportunity,Priority 2,0.2997692319540992,0.20282823454429574,0.045623430564816776,0.19985991924096602,0.4605263157894737,0.544,0.7,0.8333333333333333,0.65,0.4598202355991383,Low,4
C000511,P007,Term Insurance,Insurance,Protection,False,1,Core Active,Core Relationship Customer,Low Risk,Moderate Cross-Sell Opportunity,Priority 2,0.26757430727215353,0.20282823454429574,0.045623430564816776,0.19985991924096602,0.4605263157894737,0.544,0.7,0.8333333333333333,0.65,0.4517715044286519,Low,5
C000511,P005,Home Loan,Loan,Lending,False,1,Core Active,Core Relationship Customer,Low Risk,Moderate Cross-Sell Opportunity,Priority 2,0.2507155347629925,0.20282823454429574,0.045623430564816776,0.19985991924096602,0.4605263157894737,0.544,0.7,0.8333333333333333,0.65,0.4475568113013616,Low,6
C000512,P007,Term Insurance,Insurance,Protection,False,1,Premium High-Value,Premium Relationship Customer,Low Risk,Moderate Cross-Sell Opportunity,Priority 2,0.49407915271603964,0.47334289356277887,0.15859691577715268,0.728232113537371,0.7368421052631579,0.559,1.0,0.75,0.65,0.7121146826810394,Medium,1
C000512,P008,Premium Banking,Banking,Premium,False,1,Premium High-Value,Premium Relationship Customer,Low Risk,Moderate Cross-Sell Opportunity,Priority 2,0.4635567128782154,0.47334289356277887,0.15859691577715268,0.728232113537371,0.7368421052631579,0.559,1.0,0.75,0.65,0.7044840727215833,Medium,2
C000512,P005,Home Loan,Loan,Lending,False,1,Premium High-Value,Premium Relationship Customer,Low Risk,Moderate Cross-Sell Opportunity,Priority 2,0.4578599576360334,0.47334289356277887,0.15859691577715268,0.728232113537371,0.7368421052631579,0.559,1.0,0.75,0.65,0.7030598839110378,Medium,3
C000513,P008,Premium Banking,Banking,Premium,False,1,Premium High-Value,Premium Relationship Customer,High Risk,Moderate Cross-Sell Opportunity,Priority 2,0.5156164722799171,0.3231994901210962,0.3772617418813766,0.19071121589911944,0.5,0.554,1.0,0.625,0.65,0.5989440160941986,Medium,1
C000513,P005,Home Loan,Loan,Lending,False,1,Premium High-Value,Premium Relationship Customer,High Risk,Moderate Cross-Sell Opportunity,Priority 2,0.4960591208691223,0.3231994901210962,0.3772617418813766,0.19071121589911944,0.5,0.554,1.0,0.625,0.65,0.5940546782414998,Medium,2
C000513,P004,Personal Loan,Loan,Lending,False,1,Premium High-Value,Premium Relationship Customer,High Risk,Moderate Cross-Sell Opportunity,Priority 2,0.492381006670773,0.3231994901210962,0.3772617418813766,0.19071121589911944,0.5,0.554,1.0,0.625,0.65,0.5931351496919125,Medium,3
C000513,P007,Term Insurance,Insurance,Protection,False,1,Premium High-Value,Premium Relationship Customer,High Risk,Moderate Cross-Sell Opportunity,Priority 2,0.4673391868940019,0.3231994901210962,0.3772617418813766,0.19071121589911944,0.5,0.554,1.0,0.625,0.65,0.5868746947477197,Medium,4
C000513,P003,Rewards Credit Card,Credit Card,Cards,False,1,Premium High-Value,Premium Relationship Customer,High Risk,Moderate Cross-Sell Opportunity,Priority 2,0.46454853375806415,0.3231994901210962,0.3772617418813766,0.19071121589911944,0.5,0.554,1.0,0.625,0.65,0.5861770314637353,Medium,5
C000514,P007,Term Insurance,Insurance,Protection,False,1,Core Active,Core Relationship Customer,Moderate Risk,Moderate Cross-Sell Opportunity,Priority 3,0.3634477182433815,0.00978064584661143,0.04723718280774028,0.019151067613496716,0.3157894736842105,0.71,0.7,0.0,0.65,0.3686864797827992,Low,1
C000514,P003,Rewards Credit Card,Credit Card,Cards,False,1,Core Active,Core Relationship Customer,Moderate Risk,Moderate Cross-Sell Opportunity,Priority 3,0.3054353192826284,0.00978064584661143,0.04723718280774028,0.019151067613496716,0.3157894736842105,0.71,0.7,0.0,0.65,0.35418338004261096,Low,2
C000514,P006,Mutual Fund Plan,Investment,Wealth,False,1,Core Active,Core Relationship Customer,Moderate Risk,Moderate Cross-Sell Opportunity,Priority 3,0.3005013621268828,0.00978064584661143,0.04723718280774028,0.019151067613496716,0.3157894736842105,0.71,0.7,0.0,0.65,0.35294989075367456,Low,3
C000514,P008,Premium Banking,Banking,Premium,False,1,Core Active,Core Relationship Customer,Moderate Risk,Moderate Cross-Sell Opportunity,Priority 3,0.2917484885636644,0.00978064584661143,0.04723718280774028,0.019151067613496716,0.3157894736842105,0.71,0.7,0.0,0.65,0.3507616723628699,Low,4
C000514,P004,Personal Loan,Loan,Lending,False,1,Core Active,Core Relationship Customer,Moderate Risk,Moderate Cross-Sell Opportunity,Priority 3,0.20976650012434112,0.00978064584661143,0.04723718280774028,0.019151067613496716,0.3157894736842105,0.71,0.7,0.0,0.65,0.33026617525303914,Low,5
C000514,P005,Home Loan,Loan,Lending,False,1,Core Active,Core Relationship Customer,Moderate Risk,Moderate Cross-Sell Opportunity,Priority 3,0.183847055708062,0.00978064584661143,0.04723718280774028,0.019151067613496716,0.3157894736842105,0.71,0.7,0.0,0.65,0.3237863141489694,Low,6
C000515,P004,Personal Loan,Loan,Lending,False,1,Premium High-Value,Premium Relationship Customer,Moderate Risk,Moderate Cross-Sell Opportunity,Priority 2,0.5553976186437934,0.5157478223921819,0.056386319712263086,0.5127553857267145,0.8026315789473685,0.693,1.0,0.5,0.65,0.7141937059814901,Medium,1
C000515,P005,Home Loan,Loan,Lending,False,1,Premium High-Value,Premium Relationship Customer,Moderate Risk,Moderate Cross-Sell Opportunity,Priority 2,0.45810426125283366,0.5157478223921819,0.056386319712263086,0.5127553857267145,0.8026315789473685,0.693,1.0,0.5,0.65,0.6898703666337501,Medium,2
C000515,P008,Premium Banking,Banking,Premium,False,1,Premium High-Value,Premium Relationship Customer,Moderate Risk,Moderate Cross-Sell Opportunity,Priority 2,0.4415401223130332,0.5157478223921819,0.056386319712263086,0.5127553857267145,0.8026315789473685,0.693,1.0,0.5,0.65,0.6857293318988,Medium,3
C000516,P003,Rewards Credit Card,Credit Card,Cards,False,1,Premium High-Value,Premium Relationship Customer,Moderate Risk,Moderate Cross-Sell Opportunity,Priority 3,0.6885800606986624,0.5137906309751434,0.08077773077792288,0.6007273172432032,0.8157894736842105,0.504,1.0,0.16666666666666666,0.65,0.6768382290889926,Medium,1
C000516,P005,Home Loan,Loan,Lending,False,1,Premium High-Value,Premium Relationship Customer,Moderate Risk,Moderate Cross-Sell Opportunity,Priority 3,0.5162289605467288,0.5137906309751434,0.08077773077792288,0.6007273172432032,0.8157894736842105,0.504,1.0,0.16666666666666666,0.65,0.6337504540510092,Medium,2
C000517,P003,Rewards Credit Card,Credit Card,Cards,False,1,Core Active,Core Relationship Customer,High Risk,Moderate Cross-Sell Opportunity,Priority 3,0.32391833572523704,0.09701242829827916,0.08397309993772034,0.13615681569054022,0.4473684210526316,0.475,0.7,0.625,0.65,0.4349873327488598,Low,1
C000517,P006,Mutual Fund Plan,Investment,Wealth,False,1,Core Active,Core Relationship Customer,High Risk,Moderate Cross-Sell Opportunity,Priority 3,0.24008542808130934,0.09701242829827916,0.08397309993772034,0.13615681569054022,0.4473684210526316,0.475,0.7,0.625,0.65,0.4140291058378779,Low,2
C000517,P008,Premium Banking,Banking,Premium,False,1,Core Active,Core Relationship Customer,High Risk,Moderate Cross-Sell Opportunity,Priority 3,0.2396974970468266,0.09701242829827916,0.08397309993772034,0.13615681569054022,0.4473684210526316,0.475,0.7,0.625,0.65,0.4139321230792572,Low,3
C000517,P004,Personal Loan,Loan,Lending,False,1,Core Active,Core Relationship Customer,High Risk,Moderate Cross-Sell Opportunity,Priority 3,0.23081853393222443,0.09701242829827916,0.08397309993772034,0.13615681569054022,0.4473684210526316,0.475,0.7,0.625,0.65,0.4117123823006067,Low,4
C000517,P005,Home Loan,Loan,Lending,False,1,Core Active,Core Relationship Customer,High Risk,Moderate Cross-Sell Opportunity,Priority 3,0.18991259666347926,0.09701242829827916,0.08397309993772034,0.13615681569054022,0.4473684210526316,0.475,0.7,0.625,0.65,0.4014858979834204,Low,5
C000517,P007,Term Insurance,Insurance,Protection,False,1,Core Active,Core Relationship Customer,High Risk,Moderate Cross-Sell Opportunity,Priority 3,0.16686275852742155,0.09701242829827916,0.08397309993772034,0.13615681569054022,0.4473684210526316,0.475,0.7,0.625,0.65,0.39572343844940594,Low,6
C000518,P004,Personal Loan,Loan,Lending,False,1,Premium High-Value,Premium Digital Customer,Low Risk,Moderate Cross-Sell Opportunity,Priority 2,0.5734790386138893,0.5121600807308264,0.13503508513940268,0.5021437308954235,0.8026315789473685,0.901,1.0,0.2,0.65,0.7087965126417429,Medium,1
C000518,P005,Home Loan,Loan,Lending,False,1,Premium High-Value,Premium Digital Customer,Low Risk,Moderate Cross-Sell Opportunity,Priority 2,0.48886477443706167,0.5121600807308264,0.13503508513940268,0.5021437308954235,0.8026315789473685,0.901,1.0,0.2,0.65,0.687642946597536,Medium,2
C000518,P007,Term Insurance,Insurance,Protection,False,1,Premium High-Value,Premium Digital Customer,Low Risk,Moderate Cross-Sell Opportunity,Priority 2,0.4881177927906012,0.5121600807308264,0.13503508513940268,0.5021437308954235,0.8026315789473685,0.901,1.0,0.2,0.65,0.6874562011859209,Medium,3
C000519,P007,Term Insurance,Insurance,Protection,False,1,At Risk,At-Risk Engagement Customer,Critical Risk,Low Cross-Sell Opportunity,Priority 4,0.14509746093741924,0.08939080093477798,0.07084337416731956,0.10380601010936392,0.02631578947368421,0.0,0.45,0.2,0.3,0.16059989384236306,Low,1
C000519,P006,Mutual Fund Plan,Investment,Wealth,False,1,At Risk,At-Risk Engagement Customer,Critical Risk,Low Cross-Sell Opportunity,Priority 4,0.09836166835040139,0.08939080093477798,0.07084337416731956,0.10380601010936392,0.02631578947368421,0.0,0.45,0.2,0.3,0.14891594569560856,Low,2
C000519,P008,Premium Banking,Banking,Premium,False,1,At Risk,At-Risk Engagement Customer,Critical Risk,Low Cross-Sell Opportunity,Priority 4,0.09347661087913703,0.08939080093477798,0.07084337416731956,0.10380601010936392,0.02631578947368421,0.0,0.45,0.2,0.3,0.1476946813277925,Low,3
C000519,P003,Rewards Credit Card,Credit Card,Cards,False,1,At Risk,At-Risk Engagement Customer,Critical Risk,Low Cross-Sell Opportunity,Priority 4,0.08322344523905997,0.08939080093477798,0.07084337416731956,0.10380601010936392,0.02631578947368421,0.0,0.45,0.2,0.3,0.14513138991777325,Low,4
C000519,P005,Home Loan,Loan,Lending,False,1,At Risk,At-Risk Engagement Customer,Critical Risk,Low Cross-Sell Opportunity,Priority 4,0.08020714494946607,0.08939080093477798,0.07084337416731956,0.10380601010936392,0.02631578947368421,0.0,0.45,0.2,0.3,0.14437731484537475,Low,5
C000519,P004,Personal Loan,Loan,Lending,False,1,At Risk,At-Risk Engagement Customer,Critical Risk,Low Cross-Sell Opportunity,Priority 4,0.07812327873593407,0.08939080093477798,0.07084337416731956,0.10380601010936392,0.02631578947368421,0.0,0.45,0.2,0.3,0.1438563482919918,Low,6
C000520,P007,Term Insurance,Insurance,Protection,False,1,Core Active,Core Relationship Customer,Moderate Risk,Low Cross-Sell Opportunity,Priority 4,0.20505445935000224,0.06273635011684725,0.011186237138447018,0.027245660907375683,0.5526315789473685,0.492,0.7,0.16666666666666666,0.3,0.352572288369642,Low,1
C000520,P008,Premium Banking,Banking,Premium,False,1,Core Active,Core Relationship Customer,Moderate Risk,Low Cross-Sell Opportunity,Priority 4,0.1690631627195034,0.06273635011684725,0.011186237138447018,0.027245660907375683,0.5526315789473685,0.492,0.7,0.16666666666666666,0.3,0.34357446421201726,Low,2
C000520,P006,Mutual Fund Plan,Investment,Wealth,False,1,Core Active,Core Relationship Customer,Moderate Risk,Low Cross-Sell Opportunity,Priority 4,0.14733672593789418,0.06273635011684725,0.011186237138447018,0.027245660907375683,0.5526315789473685,0.492,0.7,0.16666666666666666,0.3,0.33814285501661495,Low,3
C000520,P004,Personal Loan,Loan,Lending,False,1,Core Active,Core Relationship Customer,Moderate Risk,Low Cross-Sell Opportunity,Priority 4,0.14509497823194248,0.06273635011684725,0.011186237138447018,0.027245660907375683,0.5526315789473685,0.492,0.7,0.16666666666666666,0.3,0.337582418090127,Low,4
C000520,P005,Home Loan,Loan,Lending,False,1,Core Active,Core Relationship Customer,Moderate Risk,Low Cross-Sell Opportunity,Priority 4,0.09192200732307747,0.06273635011684725,0.011186237138447018,0.027245660907375683,0.5526315789473685,0.492,0.7,0.16666666666666666,0.3,0.3242891753629108,Low,5
C000521,P007,Term Insurance,Insurance,Protection,False,1,Premium High-Value,Premium Digital Customer,Low Risk,Moderate Cross-Sell Opportunity,Priority 2,0.5527201404789104,0.48766995963458676,0.3621874795879553,0.2785560561332291,0.631578947368421,0.928,1.0,0.5833333333333333,0.65,0.7140842024852415,Medium,1
C000522,P008,Premium Banking,Banking,Premium,False,1,Core Active,Core Digital Customer,Moderate Risk,Moderate Cross-Sell Opportunity,Priority 3,0.42386868701404445,0.08105481198215424,0.27829157429215834,0.04655699436593132,0.3815789473684211,1.0,0.7,0.0,0.65,0.43691497625520515,Low,1
C000522,P007,Term Insurance,Insurance,Protection,False,1,Core Active,Core Digital Customer,Moderate Risk,Moderate Cross-Sell Opportunity,Priority 3,0.3918206765377886,0.08105481198215424,0.27829157429215834,0.04655699436593132,0.3815789473684211,1.0,0.7,0.0,0.65,0.42890297363614116,Low,2
C000522,P006,Mutual Fund Plan,Investment,Wealth,False,1,Core Active,Core Digital Customer,Moderate Risk,Moderate Cross-Sell Opportunity,Priority 3,0.3916847789680675,0.08105481198215424,0.27829157429215834,0.04655699436593132,0.3815789473684211,1.0,0.7,0.0,0.65,0.4288689992437109,Low,3
C000522,P005,Home Loan,Loan,Lending,False,1,Core Active,Core Digital Customer,Moderate Risk,Moderate Cross-Sell Opportunity,Priority 3,0.20811852651690568,0.08105481198215424,0.27829157429215834,0.04655699436593132,0.3815789473684211,1.0,0.7,0.0,0.65,0.3829774361309205,Low,4
C000522,P004,Personal Loan,Loan,Lending,False,1,Core Active,Core Digital Customer,Moderate Risk,Moderate Cross-Sell Opportunity,Priority 3,0.20513564394740946,0.08105481198215424,0.27829157429215834,0.04655699436593132,0.3815789473684211,1.0,0.7,0.0,0.65,0.3822317154885464,Low,5
C000523,P006,Mutual Fund Plan,Investment,Wealth,False,1,At Risk,At-Risk Engagement Customer,High Risk,Low Cross-Sell Opportunity,Priority 4,0.2514494127908678,0.06527246653919694,0.10106071026755103,0.022503100186244795,0.18421052631578946,0.302,0.45,0.0,0.3,0.23624842545292477,Low,1
C000523,P008,Premium Banking,Banking,Premium,False,1,At Risk,At-Risk Engagement Customer,High Risk,Low Cross-Sell Opportunity,Priority 4,0.2297678035954655,0.06527246653919694,0.10106071026755103,0.022503100186244795,0.18421052631578946,0.302,0.45,0.0,0.3,0.23082802315407416,Low,2
C000523,P004,Personal Loan,Loan,Lending,False,1,At Risk,At-Risk Engagement Customer,High Risk,Low Cross-Sell Opportunity,Priority 4,0.1864283993885055,0.06527246653919694,0.10106071026755103,0.022503100186244795,0.18421052631578946,0.302,0.45,0.0,0.3,0.21999317210233418,Low,3
C000523,P005,Home Loan,Loan,Lending,False,1,At Risk,At-Risk Engagement Customer,High Risk,Low Cross-Sell Opportunity,Priority 4,0.18417976660539456,0.06527246653919694,0.10106071026755103,0.022503100186244795,0.18421052631578946,0.302,0.45,0.0,0.3,0.21943101390655648,Low,4
C000523,P003,Rewards Credit Card,Credit Card,Cards,False,1,At Risk,At-Risk Engagement Customer,High Risk,Low Cross-Sell Opportunity,Priority 4,0.17894602826495928,0.06527246653919694,0.10106071026755103,0.022503100186244795,0.18421052631578946,0.302,0.45,0.0,0.3,0.21812257932144766,Low,5
C000524,P008,Premium Banking,Banking,Premium,False,1,Core Active,Core Digital Customer,Low Risk,Moderate Cross-Sell Opportunity,Priority 2,0.3824580976221177,0.12877363501168473,0.254169820527697,0.08282753806430633,0.5,0.927,0.7,0.0,0.65,0.4465692514078664,Low,1
C000524,P006,Mutual Fund Plan,Investment,Wealth,False,1,Core Active,Core Digital Customer,Low Risk,Moderate Cross-Sell Opportunity,Priority 2,0.35220005164510626,0.12877363501168473,0.254169820527697,0.08282753806430633,0.5,0.927,0.7,0.0,0.65,0.43900473991361355,Low,2
C000524,P007,Term Insurance,Insurance,Protection,False,1,Core Active,Core Digital Customer,Low Risk,Moderate Cross-Sell Opportunity,Priority 2,0.34383130346341223,0.12877363501168473,0.254169820527697,0.08282753806430633,0.5,0.927,0.7,0.0,0.65,0.43691255286819,Low,3
C000524,P004,Personal Loan,Loan,Lending,False,1,Core Active,Core Digital Customer,Low Risk,Moderate Cross-Sell Opportunity,Priority 2,0.24159893326448675,0.12877363501168473,0.254169820527697,0.08282753806430633,0.5,0.927,0.7,0.0,0.65,0.4113544603184587,Low,4
C000524,P005,Home Loan,Loan,Lending,False,1,Core Active,Core Digital Customer,Low Risk,Moderate Cross-Sell Opportunity,Priority 2,0.22788033428779492,0.12877363501168473,0.254169820527697,0.08282753806430633,0.5,0.927,0.7,0.0,0.65,0.40792481057428565,Low,5
C000525,P007,Term Insurance,Insurance,Protection,False,1,Core Active,Core Relationship Customer,High Risk,Low Cross-Sell Opportunity,Priority 4,0.3655983940187889,0.06679148077331634,0.09872600897064612,0.030135118592052874,0.3157894736842105,0.337,0.7,0.0,0.3,0.3058263157119921,Low,1
C000525,P006,Mutual Fund Plan,Investment,Wealth,False,1,Core Active,Core Relationship Customer,High Risk,Low Cross-Sell Opportunity,Priority 4,0.2669674311214024,0.06679148077331634,0.09872600897064612,0.030135118592052874,0.3157894736842105,0.337,0.7,0.0,0.3,0.28116857498764547,Low,2
C000525,P004,Personal Loan,Loan,Lending,False,1,Core Active,Core Relationship Customer,High Risk,Low Cross-Sell Opportunity,Priority 4,0.2411002295500859,0.06679148077331634,0.09872600897064612,0.030135118592052874,0.3157894736842105,0.337,0.7,0.0,0.3,0.2747017745948163,Low,3
C000525,P005,Home Loan,Loan,Lending,False,1,Core Active,Core Relationship Customer,High Risk,Low Cross-Sell Opportunity,Priority 4,0.22465624570672227,0.06679148077331634,0.09872600897064612,0.030135118592052874,0.3157894736842105,0.337,0.7,0.0,0.3,0.2705907786339754,Low,4
C000525,P003,Rewards Credit Card,Credit Card,Cards,False,1,Core Active,Core Relationship Customer,High Risk,Low Cross-Sell Opportunity,Priority 4,0.20701354434710595,0.06679148077331634,0.09872600897064612,0.030135118592052874,0.3157894736842105,0.337,0.7,0.0,0.3,0.2661801032940713,Low,5
C000526,P003,Rewards Credit Card,Credit Card,Cards,False,1,Premium High-Value,Premium Digital Customer,Low Risk,High Cross-Sell Opportunity,Priority 2,0.6152057029632072,0.4370140216698534,0.25822341247123104,0.289387784471875,0.6052631578947368,0.73,1.0,0.5,1.0,0.7249937037589832,Medium,1
C000526,P008,Premium Banking,Banking,Premium,False,1,Premium High-Value,Premium Digital Customer,Low Risk,High Cross-Sell Opportunity,Priority 2,0.5200670941541738,0.4370140216698534,0.25822341247123104,0.289387784471875,0.6052631578947368,0.73,1.0,0.5,1.0,0.7012090515567249,Medium,2
C000526,P007,Term Insurance,Insurance,Protection,False,1,Premium High-Value,Premium Digital Customer,Low Risk,High Cross-Sell Opportunity,Priority 2,0.500535055807672,0.4370140216698534,0.25822341247123104,0.289387784471875,0.6052631578947368,0.73,1.0,0.5,1.0,0.6963260419700994,Medium,3
C000526,P004,Personal Loan,Loan,Lending,False,1,Premium High-Value,Premium Digital Customer,Low Risk,High Cross-Sell Opportunity,Priority 2,0.46411273443116996,0.4370140216698534,0.25822341247123104,0.289387784471875,0.6052631578947368,0.73,1.0,0.5,1.0,0.6872204616259738,Medium,4
C000526,P005,Home Loan,Loan,Lending,False,1,Premium High-Value,Premium Digital Customer,Low Risk,High Cross-Sell Opportunity,Priority 2,0.43523185314868607,0.4370140216698534,0.25822341247123104,0.289387784471875,0.6052631578947368,0.73,1.0,0.5,1.0,0.6800002413053529,Medium,5
C000527,P008,Premium Banking,Banking,Premium,False,1,Core Active,Core Relationship Customer,Low Risk,Moderate Cross-Sell Opportunity,Priority 3,0.32293587837075505,0.21871414913957934,0.09293326715319085,0.15568822265645077,0.5131578947368421,0.659,0.7,0.16666666666666666,0.65,0.4415171502977976,Low,1
C000527,P006,Mutual Fund Plan,Investment,Wealth,False,1,Core Active,Core Relationship Customer,Low Risk,Moderate Cross-Sell Opportunity,Priority 3,0.31900886687650215,0.21871414913957934,0.09293326715319085,0.15568822265645077,0.5131578947368421,0.659,0.7,0.16666666666666666,0.65,0.4405353974242344,Low,2
C000527,P004,Personal Loan,Loan,Lending,False,1,Core Active,Core Relationship Customer,Low Risk,Moderate Cross-Sell Opportunity,Priority 3,0.3003924238107524,0.21871414913957934,0.09293326715319085,0.15568822265645077,0.5131578947368421,0.659,0.7,0.16666666666666666,0.65,0.4358812866577969,Low,3
C000527,P005,Home Loan,Loan,Lending,False,1,Core Active,Core Relationship Customer,Low Risk,Moderate Cross-Sell Opportunity,Priority 3,0.25838350960138073,0.21871414913957934,0.09293326715319085,0.15568822265645077,0.5131578947368421,0.659,0.7,0.16666666666666666,0.65,0.42537905810545407,Low,4
C000528,P003,Rewards Credit Card,Credit Card,Cards,False,1,Core Active,Core Relationship Customer,High Risk,Moderate Cross-Sell Opportunity,Priority 3,0.31937901580497524,0.11332855321861059,0.010012599143593561,0.1116141807705283,0.4342105263157895,0.509,0.7,0.0,0.65,0.3560420435423344,Low,1
C000528,P007,Term Insurance,Insurance,Protection,False,1,Core Active,Core Relationship Customer,High Risk,Moderate Cross-Sell Opportunity,Priority 3,0.3022521959490486,0.11332855321861059,0.010012599143593561,0.1116141807705283,0.4342105263157895,0.509,0.7,0.0,0.65,0.35176033857835265,Low,2
C000528,P006,Mutual Fund Plan,Investment,Wealth,False,1,Core Active,Core Relationship Customer,High Risk,Moderate Cross-Sell Opportunity,Priority 3,0.23142858129860838,0.11332855321861059,0.010012599143593561,0.1116141807705283,0.4342105263157895,0.509,0.7,0.0,0.65,0.3340544349157426,Low,3
C000528,P004,Personal Loan,Loan,Lending,False,1,Core Active,Core Relationship Customer,High Risk,Moderate Cross-Sell Opportunity,Priority 3,0.22914815587507542,0.11332855321861059,0.010012599143593561,0.1116141807705283,0.4342105263157895,0.509,0.7,0.0,0.65,0.33348432855985943,Low,4
C000528,P008,Premium Banking,Banking,Premium,False,1,Core Active,Core Relationship Customer,High Risk,Moderate Cross-Sell Opportunity,Priority 3,0.2287176617583785,0.11332855321861059,0.010012599143593561,0.1116141807705283,0.4342105263157895,0.509,0.7,0.0,0.65,0.33337670503068517,Low,5
C000528,P005,Home Loan,Loan,Lending,False,1,Core Active,Core Relationship Customer,High Risk,Moderate Cross-Sell Opportunity,Priority 3,0.18173400269891324,0.11332855321861059,0.010012599143593561,0.1116141807705283,0.4342105263157895,0.509,0.7,0.0,0.65,0.32163079026581887,Low,6
C000529,P008,Premium Banking,Banking,Premium,False,1,Premium High-Value,Premium Relationship Customer,Moderate Risk,Moderate Cross-Sell Opportunity,Priority 3,0.3923636471674635,0.2953128319524113,0.12653214772609386,0.21741159913540548,0.5394736842105263,0.606,1.0,0.25,0.65,0.5561745308139271,Medium,1
C000529,P006,Mutual Fund Plan,Investment,Wealth,False,1,Premium High-Value,Premium Relationship Customer,Moderate Risk,Moderate Cross-Sell Opportunity,Priority 3,0.3678107736042452,0.2953128319524113,0.12653214772609386,0.21741159913540548,0.5394736842105263,0.606,1.0,0.25,0.65,0.5500363124231226,Medium,2
C000529,P004,Personal Loan,Loan,Lending,False,1,Premium High-Value,Premium Relationship Customer,Moderate Risk,Moderate Cross-Sell Opportunity,Priority 3,0.35619210772416865,0.2953128319524113,0.12653214772609386,0.21741159913540548,0.5394736842105263,0.606,1.0,0.25,0.65,0.5471316459531034,Low,3
C000529,P007,Term Insurance,Insurance,Protection,False,1,Premium High-Value,Premium Relationship Customer,Moderate Risk,Moderate Cross-Sell Opportunity,Priority 3,0.32485873504921436,0.2953128319524113,0.12653214772609386,0.21741159913540548,0.5394736842105263,0.606,1.0,0.25,0.65,0.5392983027843649,Low,4
C000529,P005,Home Loan,Loan,Lending,False,1,Premium High-Value,Premium Relationship Customer,Moderate Risk,Moderate Cross-Sell Opportunity,Priority 3,0.31424904314611013,0.2953128319524113,0.12653214772609386,0.21741159913540548,0.5394736842105263,0.606,1.0,0.25,0.65,0.5366458798085888,Low,5
C000530,P004,Personal Loan,Loan,Lending,False,1,Premium High-Value,Premium Digital Customer,Moderate Risk,Moderate Cross-Sell Opportunity,Priority 2,0.5460897307532718,0.383115572551519,0.2287326141773374,0.4603601355764945,0.6842105263157895,0.881,1.0,0.75,0.65,0.7113771261459902,Medium,1
C000530,P008,Premium Banking,Banking,Premium,False,1,Premium High-Value,Premium Digital Customer,Moderate Risk,Moderate Cross-Sell Opportunity,Priority 2,0.5370340595862737,0.383115572551519,0.2287326141773374,0.4603601355764945,0.6842105263157895,0.881,1.0,0.75,0.65,0.7091132083542406,Medium,2
C000530,P007,Term Insurance,Insurance,Protection,False,1,Premium High-Value,Premium Digital Customer,Moderate Risk,Moderate Cross-Sell Opportunity,Priority 2,0.523411157423574,0.383115572551519,0.2287326141773374,0.4603601355764945,0.6842105263157895,0.881,1.0,0.75,0.65,0.7057074828135657,Medium,3
C000530,P005,Home Loan,Loan,Lending,False,1,Premium High-Value,Premium Digital Customer,Moderate Risk,Moderate Cross-Sell Opportunity,Priority 2,0.4850983353182199,0.383115572551519,0.2287326141773374,0.4603601355764945,0.6842105263157895,0.881,1.0,0.75,0.65,0.6961292772872272,Medium,4
C000531,P003,Rewards Credit Card,Credit Card,Cards,False,1,Core Active,Core Relationship Customer,High Risk,Moderate Cross-Sell Opportunity,Priority 3,0.23379228798718227,0.02049606968345018,0.04250385885885361,0.0,0.27631578947368424,0.511,0.7,0.3333333333333333,0.65,0.32592798768787157,Low,1
C000531,P007,Term Insurance,Insurance,Protection,False,1,Core Active,Core Relationship Customer,High Risk,Moderate Cross-Sell Opportunity,Priority 3,0.1830123233495573,0.02049606968345018,0.04250385885885361,0.0,0.27631578947368424,0.511,0.7,0.3333333333333333,0.65,0.31323299652846537,Low,2
C000531,P008,Premium Banking,Banking,Premium,False,1,Core Active,Core Relationship Customer,High Risk,Moderate Cross-Sell Opportunity,Priority 3,0.17952789477532577,0.02049606968345018,0.04250385885885361,0.0,0.27631578947368424,0.511,0.7,0.3333333333333333,0.65,0.3123618893849074,Low,3
C000531,P006,Mutual Fund Plan,Investment,Wealth,False,1,Core Active,Core Relationship Customer,High Risk,Moderate Cross-Sell Opportunity,Priority 3,0.16518479132704988,0.02049606968345018,0.04250385885885361,0.0,0.27631578947368424,0.511,0.7,0.3333333333333333,0.65,0.3087761135228385,Low,4
C000531,P004,Personal Loan,Loan,Lending,False,1,Core Active,Core Relationship Customer,High Risk,Moderate Cross-Sell Opportunity,Priority 3,0.10140824728377236,0.02049606968345018,0.04250385885885361,0.0,0.27631578947368424,0.511,0.7,0.3333333333333333,0.65,0.29283197751201906,Low,5
C000531,P005,Home Loan,Loan,Lending,False,1,Core Active,Core Relationship Customer,High Risk,Moderate Cross-Sell Opportunity,Priority 3,0.08117705064940448,0.02049606968345018,0.04250385885885361,0.0,0.27631578947368424,0.511,0.7,0.3333333333333333,0.65,0.2877741783534271,Low,6
C000532,P003,Rewards Credit Card,Credit Card,Cards,False,1,Core Active,Core Relationship Customer,Moderate Risk,Moderate Cross-Sell Opportunity,Priority 3,0.34990577851691473,0.13142394306352242,0.23061672231550392,0.08149121060987931,0.3815789473684211,0.694,0.7,0.0,0.65,0.39789807534719634,Low,1
C000532,P008,Premium Banking,Banking,Premium,False,1,Core Active,Core Relationship Customer,Moderate Risk,Moderate Cross-Sell Opportunity,Priority 3,0.3268276055204211,0.13142394306352242,0.23061672231550392,0.08149121060987931,0.3815789473684211,0.694,0.7,0.0,0.65,0.39212853209807297,Low,2
C000532,P006,Mutual Fund Plan,Investment,Wealth,False,1,Core Active,Core Relationship Customer,Moderate Risk,Moderate Cross-Sell Opportunity,Priority 3,0.3076448468997315,0.13142394306352242,0.23061672231550392,0.08149121060987931,0.3815789473684211,0.694,0.7,0.0,0.65,0.38733284244290056,Low,3
C000532,P007,Term Insurance,Insurance,Protection,False,1,Core Active,Core Relationship Customer,Moderate Risk,Moderate Cross-Sell Opportunity,Priority 3,0.28802163606721837,0.13142394306352242,0.23061672231550392,0.08149121060987931,0.3815789473684211,0.694,0.7,0.0,0.65,0.3824270397347722,Low,4
C000532,P004,Personal Loan,Loan,Lending,False,1,Core Active,Core Relationship Customer,Moderate Risk,Moderate Cross-Sell Opportunity,Priority 3,0.21318544699997344,0.13142394306352242,0.23061672231550392,0.08149121060987931,0.3815789473684211,0.694,0.7,0.0,0.65,0.363717992467961,Low,5
C000532,P005,Home Loan,Loan,Lending,False,1,Core Active,Core Relationship Customer,Moderate Risk,Moderate Cross-Sell Opportunity,Priority 3,0.2080421367026451,0.13142394306352242,0.23061672231550392,0.08149121060987931,0.3815789473684211,0.694,0.7,0.0,0.65,0.36243216489362895,Low,6
C000533,P008,Premium Banking,Banking,Premium,False,1,Premium High-Value,Premium Digital Customer,Moderate Risk,Moderate Cross-Sell Opportunity,Priority 2,0.47285407920780986,0.3634082217973231,0.16329251564763336,0.26674497732448554,0.5789473684210527,0.777,1.0,0.0,0.65,0.567937269424575,Medium,1
C000533,P004,Personal Loan,Loan,Lending,False,1,Premium High-Value,Premium Digital Customer,Moderate Risk,Moderate Cross-Sell Opportunity,Priority 2,0.43437895096648405,0.3634082217973231,0.16329251564763336,0.26674497732448554,0.5789473684210527,0.777,1.0,0.0,0.65,0.5583184873642435,Medium,2
C000533,P005,Home Loan,Loan,Lending,False,1,Premium High-Value,Premium Digital Customer,Moderate Risk,Moderate Cross-Sell Opportunity,Priority 2,0.39247400482894135,0.3634082217973231,0.16329251564763336,0.26674497732448554,0.5789473684210527,0.777,1.0,0.0,0.65,0.5478422508298578,Low,3
C000533,P007,Term Insurance,Insurance,Protection,False,1,Premium High-Value,Premium Digital Customer,Moderate Risk,Moderate Cross-Sell Opportunity,Priority 2,0.34411432315621826,0.3634082217973231,0.16329251564763336,0.26674497732448554,0.5789473684210527,0.777,1.0,0.0,0.65,0.535752330411677,Low,4
C000534,P003,Rewards Credit Card,Credit Card,Cards,False,1,Core Active,Core Relationship Customer,High Risk,Moderate Cross-Sell Opportunity,Priority 2,0.27597665218392553,0.16952942426173784,0.16492862289998264,0.14383602607987875,0.19736842105263158,0.632,0.7,0.6,0.65,0.4132053110562237,Low,1
C000534,P008,Premium Banking,Banking,Premium,False,1,Core Active,Core Relationship Customer,High Risk,Moderate Cross-Sell Opportunity,Priority 2,0.2620496650039322,0.16952942426173784,0.16492862289998264,0.14383602607987875,0.19736842105263158,0.632,0.7,0.6,0.65,0.40972356426122536,Low,2
C000534,P007,Term Insurance,Insurance,Protection,False,1,Core Active,Core Relationship Customer,High Risk,Moderate Cross-Sell Opportunity,Priority 2,0.25166978113760646,0.16952942426173784,0.16492862289998264,0.14383602607987875,0.19736842105263158,0.632,0.7,0.6,0.65,0.4071285932946439,Low,3
C000534,P006,Mutual Fund Plan,Investment,Wealth,False,1,Core Active,Core Relationship Customer,High Risk,Moderate Cross-Sell Opportunity,Priority 2,0.24395541213036895,0.16952942426173784,0.16492862289998264,0.14383602607987875,0.19736842105263158,0.632,0.7,0.6,0.65,0.4052000010428346,Low,4
C000534,P004,Personal Loan,Loan,Lending,False,1,Core Active,Core Relationship Customer,High Risk,Moderate Cross-Sell Opportunity,Priority 2,0.18435625151933116,0.16952942426173784,0.16492862289998264,0.14383602607987875,0.19736842105263158,0.632,0.7,0.6,0.65,0.39030021089007505,Low,5
C000534,P005,Home Loan,Loan,Lending,False,1,Core Active,Core Relationship Customer,High Risk,Moderate Cross-Sell Opportunity,Priority 2,0.1834515714541644,0.16952942426173784,0.16492862289998264,0.14383602607987875,0.19736842105263158,0.632,0.7,0.6,0.65,0.3900740408737834,Low,6
C000535,P003,Rewards Credit Card,Credit Card,Cards,False,1,Core Active,Core Relationship Customer,Low Risk,Moderate Cross-Sell Opportunity,Priority 3,0.30920422601753683,0.1205996388357765,0.20911574410919304,0.1427407982640826,0.39473684210526316,0.277,0.7,0.3333333333333333,0.65,0.3791648439206623,Low,1
C000535,P008,Premium Banking,Banking,Premium,False,1,Core Active,Core Relationship Customer,Low Risk,Moderate Cross-Sell Opportunity,Priority 3,0.29685237020661476,0.1205996388357765,0.20911574410919304,0.1427407982640826,0.39473684210526316,0.277,0.7,0.3333333333333333,0.65,0.3760768799679318,Low,2
C000535,P005,Home Loan,Loan,Lending,False,1,Core Active,Core Relationship Customer,Low Risk,Moderate Cross-Sell Opportunity,Priority 3,0.236278567758766,0.1205996388357765,0.20911574410919304,0.1427407982640826,0.39473684210526316,0.277,0.7,0.3333333333333333,0.65,0.3609334293559696,Low,3
C000536,P008,Premium Banking,Banking,Premium,False,1,Core Active,Core Relationship Customer,High Risk,Moderate Cross-Sell Opportunity,Priority 2,0.33124775858891986,0.15176864244741875,0.22240929018304212,0.13027090067535935,0.47368421052631576,0.67,0.7,0.2,0.65,0.4087182997156611,Low,1
C000536,P007,Term Insurance,Insurance,Protection,False,1,Core Active,Core Relationship Customer,High Risk,Moderate Cross-Sell Opportunity,Priority 2,0.31118886210763336,0.15176864244741875,0.22240929018304212,0.13027090067535935,0.47368421052631576,0.67,0.7,0.2,0.65,0.4037035755953394,Low,2
C000536,P006,Mutual Fund Plan,Investment,Wealth,False,1,Core Active,Core Relationship Customer,High Risk,Moderate Cross-Sell Opportunity,Priority 2,0.3101040804280003,0.15176864244741875,0.22240929018304212,0.13027090067535935,0.47368421052631576,0.67,0.7,0.2,0.65,0.40343238017543126,Low,3
C000536,P004,Personal Loan,Loan,Lending,False,1,Core Active,Core Relationship Customer,High Risk,Moderate Cross-Sell Opportunity,Priority 2,0.23675197401925835,0.15176864244741875,0.22240929018304212,0.13027090067535935,0.47368421052631576,0.67,0.7,0.2,0.65,0.38509435357324573,Low,4
C000536,P005,Home Loan,Loan,Lending,False,1,Core Active,Core Relationship Customer,High Risk,Moderate Cross-Sell Opportunity,Priority 2,0.21730628854891812,0.15176864244741875,0.22240929018304212,0.13027090067535935,0.47368421052631576,0.67,0.7,0.2,0.65,0.3802329322056607,Low,5
C000537,P008,Premium Banking,Banking,Premium,False,1,Premium High-Value,Premium Relationship Customer,Low Risk,Moderate Cross-Sell Opportunity,Priority 2,0.41069138452899234,0.11153601019757807,0.24289556053963596,0.08371764428832153,0.6578947368421053,0.578,1.0,0.0,0.65,0.5139642586980795,Low,1
C000537,P006,Mutual Fund Plan,Investment,Wealth,False,1,Premium High-Value,Premium Relationship Customer,Low Risk,Moderate Cross-Sell Opportunity,Priority 2,0.3947224190117511,0.11153601019757807,0.24289556053963596,0.08371764428832153,0.6578947368421053,0.578,1.0,0.0,0.65,0.5099720173187692,Low,2
C000537,P007,Term Insurance,Insurance,Protection,False,1,Premium High-Value,Premium Relationship Customer,Low Risk,Moderate Cross-Sell Opportunity,Priority 2,0.33441442580798164,0.11153601019757807,0.24289556053963596,0.08371764428832153,0.6578947368421053,0.578,1.0,0.0,0.65,0.49489501901782684,Low,3
C000537,P005,Home Loan,Loan,Lending,False,1,Premium High-Value,Premium Relationship Customer,Low Risk,Moderate Cross-Sell Opportunity,Priority 2,0.3048606132923617,0.11153601019757807,0.24289556053963596,0.08371764428832153,0.6578947368421053,0.578,1.0,0.0,0.65,0.48750656588892183,Low,4
C000538,P003,Rewards Credit Card,Credit Card,Cards,False,1,Core Active,Core Relationship Customer,Moderate Risk,Moderate Cross-Sell Opportunity,Priority 3,0.28007642467218136,0.17880815806246017,0.07110394974593881,0.10804020570097851,0.4342105263157895,0.286,0.7,0.25,0.65,0.3620123167279058,Low,1
C000538,P004,Personal Loan,Loan,Lending,False,1,Core Active,Core Relationship Customer,Moderate Risk,Moderate Cross-Sell Opportunity,Priority 3,0.21930991042191353,0.17880815806246017,0.07110394974593881,0.10804020570097851,0.4342105263157895,0.286,0.7,0.25,0.65,0.34682068816533884,Low,2
C000538,P007,Term Insurance,Insurance,Protection,False,1,Core Active,Core Relationship Customer,Moderate Risk,Moderate Cross-Sell Opportunity,Priority 3,0.21706769245453983,0.17880815806246017,0.07110394974593881,0.10804020570097851,0.4342105263157895,0.286,0.7,0.25,0.65,0.3462601336734954,Low,3
C000538,P006,Mutual Fund Plan,Investment,Wealth,False,1,Core Active,Core Relationship Customer,Moderate Risk,Moderate Cross-Sell Opportunity,Priority 3,0.2087710616413191,0.17880815806246017,0.07110394974593881,0.10804020570097851,0.4342105263157895,0.286,0.7,0.25,0.65,0.3441859759701903,Low,4
C000538,P008,Premium Banking,Banking,Premium,False,1,Core Active,Core Relationship Customer,Moderate Risk,Moderate Cross-Sell Opportunity,Priority 3,0.20755382026200872,0.17880815806246017,0.07110394974593881,0.10804020570097851,0.4342105263157895,0.286,0.7,0.25,0.65,0.3438816656253626,Low,5
C000538,P005,Home Loan,Loan,Lending,False,1,Core Active,Core Relationship Customer,Moderate Risk,Moderate Cross-Sell Opportunity,Priority 3,0.18469083758525054,0.17880815806246017,0.07110394974593881,0.10804020570097851,0.4342105263157895,0.286,0.7,0.25,0.65,0.33816591995617307,Low,6
C000539,P007,Term Insurance,Insurance,Protection,False,1,At Risk,At-Risk Declining Customer,Critical Risk,Low Cross-Sell Opportunity,Priority 4,0.31326182232067984,0.11583280220947526,0.17089112307026494,0.09701270071778541,0.17105263157894737,0.295,0.45,0.0,0.3,0.23913991075890711,Low,1
C000539,P008,Premium Banking,Banking,Premium,False,1,At Risk,At-Risk Declining Customer,Critical Risk,Low Cross-Sell Opportunity,Priority 4,0.19304783837527703,0.11583280220947526,0.17089112307026494,0.09701270071778541,0.17105263157894737,0.295,0.45,0.0,0.3,0.2090864147725564,Low,2
C000539,P006,Mutual Fund Plan,Investment,Wealth,False,1,At Risk,At-Risk Declining Customer,Critical Risk,Low Cross-Sell Opportunity,Priority 4,0.18806795331780576,0.11583280220947526,0.17089112307026494,0.09701270071778541,0.17105263157894737,0.295,0.45,0.0,0.3,0.20784144350818862,Low,3
C000539,P003,Rewards Credit Card,Credit Card,Cards,False,1,At Risk,At-Risk Declining Customer,Critical Risk,Low Cross-Sell Opportunity,Priority 4,0.182937763194278,0.11583280220947526,0.17089112307026494,0.09701270071778541,0.17105263157894737,0.295,0.45,0.0,0.3,0.20655889597730664,Low,4
C000539,P005,Home Loan,Loan,Lending,False,1,At Risk,At-Risk Declining Customer,Critical Risk,Low Cross-Sell Opportunity,Priority 4,0.14792569575165532,0.11583280220947526,0.17089112307026494,0.09701270071778541,0.17105263157894737,0.295,0.45,0.0,0.3,0.19780587911665098,Low,5
C000540,P004,Personal Loan,Loan,Lending,False,1,Core Active,Core Relationship Customer,Moderate Risk,Moderate Cross-Sell Opportunity,Priority 3,0.23710637405426546,0.19981941788825153,0.08318229147928337,0.1276356255554403,0.6052631578947368,0.337,0.7,0.5,0.65,0.4112299507754271,Low,1
C000540,P007,Term Insurance,Insurance,Protection,False,1,Core Active,Core Relationship Customer,Moderate Risk,Moderate Cross-Sell Opportunity,Priority 3,0.23094033722833873,0.19981941788825153,0.08318229147928337,0.1276356255554403,0.6052631578947368,0.337,0.7,0.5,0.65,0.40968844156894546,Low,2
C000540,P008,Premium Banking,Banking,Premium,False,1,Core Active,Core Relationship Customer,Moderate Risk,Moderate Cross-Sell Opportunity,Priority 3,0.22444624269670863,0.19981941788825153,0.08318229147928337,0.1276356255554403,0.6052631578947368,0.337,0.7,0.5,0.65,0.40806491793603794,Low,3
C000540,P006,Mutual Fund Plan,Investment,Wealth,False,1,Core Active,Core Relationship Customer,Moderate Risk,Moderate Cross-Sell Opportunity,Priority 3,0.21363072545532932,0.19981941788825153,0.08318229147928337,0.1276356255554403,0.6052631578947368,0.337,0.7,0.5,0.65,0.40536103862569317,Low,4
C000540,P005,Home Loan,Loan,Lending,False,1,Core Active,Core Relationship Customer,Moderate Risk,Moderate Cross-Sell Opportunity,Priority 3,0.18628481032555283,0.19981941788825153,0.08318229147928337,0.1276356255554403,0.6052631578947368,0.337,0.7,0.5,0.65,0.39852455984324897,Low,5
C000541,P007,Term Insurance,Insurance,Protection,False,1,Dormant / Declining,Dormant Reactivation Target,Critical Risk,Low Cross-Sell Opportunity,Priority 4,0.20798239163946264,0.15662577012959422,0.17410151200202034,0.11174734626860931,0.07894736842105263,0.362,0.25,0.0,0.3,0.1838628571989424,Low,1
C000541,P008,Premium Banking,Banking,Premium,False,1,Dormant / Declining,Dormant Reactivation Target,Critical Risk,Low Cross-Sell Opportunity,Priority 4,0.2068889990815004,0.15662577012959422,0.17410151200202034,0.11174734626860931,0.07894736842105263,0.362,0.25,0.0,0.3,0.18358950905945182,Low,2
C000541,P006,Mutual Fund Plan,Investment,Wealth,False,1,Dormant / Declining,Dormant Reactivation Target,Critical Risk,Low Cross-Sell Opportunity,Priority 4,0.19827175770219008,0.15662577012959422,0.17410151200202034,0.11174734626860931,0.07894736842105263,0.362,0.25,0.0,0.3,0.18143519871462427,Low,3
C000541,P005,Home Loan,Loan,Lending,False,1,Dormant / Declining,Dormant Reactivation Target,Critical Risk,Low Cross-Sell Opportunity,Priority 4,0.15456722047699925,0.15662577012959422,0.17410151200202034,0.11174734626860931,0.07894736842105263,0.362,0.25,0.0,0.3,0.17050906440832653,Low,4
C000541,P004,Personal Loan,Loan,Lending,False,1,Dormant / Declining,Dormant Reactivation Target,Critical Risk,Low Cross-Sell Opportunity,Priority 4,0.13969017663918265,0.15662577012959422,0.17410151200202034,0.11174734626860931,0.07894736842105263,0.362,0.25,0.0,0.3,0.1667898034488724,Low,5
C000542,P008,Premium Banking,Banking,Premium,False,1,Core Active,Core Relationship Customer,Moderate Risk,Moderate Cross-Sell Opportunity,Priority 3,0.24504579596157616,0.13365731888676438,0.047735280361508446,0.13705720135651256,0.34210526315789475,0.759,0.7,0.125,0.65,0.3852087022414311,Low,1
C000542,P006,Mutual Fund Plan,Investment,Wealth,False,1,Core Active,Core Relationship Customer,Moderate Risk,Moderate Cross-Sell Opportunity,Priority 3,0.2116934971110015,0.13365731888676438,0.047735280361508446,0.13705720135651256,0.34210526315789475,0.759,0.7,0.125,0.65,0.3768706275287875,Low,2
C000542,P007,Term Insurance,Insurance,Protection,False,1,Core Active,Core Relationship Customer,Moderate Risk,Moderate Cross-Sell Opportunity,Priority 3,0.19579454513230204,0.13365731888676438,0.047735280361508446,0.13705720135651256,0.34210526315789475,0.759,0.7,0.125,0.65,0.37289588953411257,Low,3
C000543,P003,Rewards Credit Card,Credit Card,Cards,False,1,Core Active,Core Relationship Customer,High Risk,Moderate Cross-Sell Opportunity,Priority 3,0.32649592097715624,0.11403494794986191,0.12211738266152455,0.07174209440826393,0.5,0.446,0.7,0.125,0.65,0.37403096983426143,Low,1
C000543,P007,Term Insurance,Insurance,Protection,False,1,Core Active,Core Relationship Customer,High Risk,Moderate Cross-Sell Opportunity,Priority 3,0.24966010200985067,0.11403494794986191,0.12211738266152455,0.07174209440826393,0.5,0.446,0.7,0.125,0.65,0.35482201509243505,Low,2
C000543,P008,Premium Banking,Banking,Premium,False,1,Core Active,Core Relationship Customer,High Risk,Moderate Cross-Sell Opportunity,Priority 3,0.2474046762499543,0.11403494794986191,0.12211738266152455,0.07174209440826393,0.5,0.446,0.7,0.125,0.65,0.354258158652461,Low,3
C000543,P006,Mutual Fund Plan,Investment,Wealth,False,1,Core Active,Core Relationship Customer,High Risk,Moderate Cross-Sell Opportunity,Priority 3,0.2400472049855865,0.11403494794986191,0.12211738266152455,0.07174209440826393,0.5,0.446,0.7,0.125,0.65,0.35241879083636907,Low,4
C000543,P004,Personal Loan,Loan,Lending,False,1,Core Active,Core Relationship Customer,High Risk,Moderate Cross-Sell Opportunity,Priority 3,0.2117040968727366,0.11403494794986191,0.12211738266152455,0.07174209440826393,0.5,0.446,0.7,0.125,0.65,0.3453330138081565,Low,5
C000543,P005,Home Loan,Loan,Lending,False,1,Core Active,Core Relationship Customer,High Risk,Moderate Cross-Sell Opportunity,Priority 3,0.17854924222863197,0.11403494794986191,0.12211738266152455,0.07174209440826393,0.5,0.446,0.7,0.125,0.65,0.3370443001471304,Low,6
C000544,P008,Premium Banking,Banking,Premium,False,1,Premium High-Value,Premium Digital Customer,Low Risk,Moderate Cross-Sell Opportunity,Priority 2,0.41082309084916646,0.21274166135542807,0.11264759109055071,0.2320462537508282,0.5526315789473685,0.712,1.0,0.5,0.65,0.5818488418254826,Medium,1
C000544,P006,Mutual Fund Plan,Investment,Wealth,False,1,Premium High-Value,Premium Digital Customer,Low Risk,Moderate Cross-Sell Opportunity,Priority 2,0.37752194142387907,0.21274166135542807,0.11264759109055071,0.2320462537508282,0.5526315789473685,0.712,1.0,0.5,0.65,0.5735235544691607,Medium,2
C000544,P007,Term Insurance,Insurance,Protection,False,1,Premium High-Value,Premium Digital Customer,Low Risk,Moderate Cross-Sell Opportunity,Priority 2,0.3403462364792752,0.21274166135542807,0.11264759109055071,0.2320462537508282,0.5526315789473685,0.712,1.0,0.5,0.65,0.5642296282330097,Medium,3
C000544,P005,Home Loan,Loan,Lending,False,1,Premium High-Value,Premium Digital Customer,Low Risk,Moderate Cross-Sell Opportunity,Priority 2,0.27361819379552266,0.21274166135542807,0.11264759109055071,0.2320462537508282,0.5526315789473685,0.712,1.0,0.5,0.65,0.5475476175620716,Low,4
C000545,P008,Premium Banking,Banking,Premium,False,1,Premium High-Value,Premium Relationship Customer,Low Risk,Moderate Cross-Sell Opportunity,Priority 2,0.4994064535429954,0.5334448693435309,0.2510257980301744,0.25941947318794467,0.5526315789473685,0.804,1.0,0.0,0.65,0.6273353240965603,Medium,1
C000545,P006,Mutual Fund Plan,Investment,Wealth,False,1,Premium High-Value,Premium Relationship Customer,Low Risk,Moderate Cross-Sell Opportunity,Priority 2,0.46696507423265066,0.5334448693435309,0.2510257980301744,0.25941947318794467,0.5526315789473685,0.804,1.0,0.0,0.65,0.6192249792689741,Medium,2
C000545,P004,Personal Loan,Loan,Lending,False,1,Premium High-Value,Premium Relationship Customer,Low Risk,Moderate Cross-Sell Opportunity,Priority 2,0.4633734030036135,0.5334448693435309,0.2510257980301744,0.25941947318794467,0.5526315789473685,0.804,1.0,0.0,0.65,0.6183270614617149,Medium,3
C000545,P007,Term Insurance,Insurance,Protection,False,1,Premium High-Value,Premium Relationship Customer,Low Risk,Moderate Cross-Sell Opportunity,Priority 2,0.449496364775678,0.5334448693435309,0.2510257980301744,0.25941947318794467,0.5526315789473685,0.804,1.0,0.0,0.65,0.614857801904731,Medium,4
C000545,P005,Home Loan,Loan,Lending,False,1,Premium High-Value,Premium Relationship Customer,Low Risk,Moderate Cross-Sell Opportunity,Priority 2,0.4464944109617849,0.5334448693435309,0.2510257980301744,0.25941947318794467,0.5526315789473685,0.804,1.0,0.0,0.65,0.6141073134512577,Medium,5
C000546,P003,Rewards Credit Card,Credit Card,Cards,False,1,Core Active,Core Relationship Customer,Moderate Risk,Moderate Cross-Sell Opportunity,Priority 3,0.2845504336022546,0.1018058211174846,0.07399543049635456,0.10647726327613292,0.34210526315789475,0.426,0.7,0.125,0.65,0.3554145620977448,Low,1
C000546,P008,Premium Banking,Banking,Premium,False,1,Core Active,Core Relationship Customer,Moderate Risk,Moderate Cross-Sell Opportunity,Priority 3,0.21108814370577061,0.1018058211174846,0.07399543049635456,0.10647726327613292,0.34210526315789475,0.426,0.7,0.125,0.65,0.33704898962362384,Low,2
C000546,P006,Mutual Fund Plan,Investment,Wealth,False,1,Core Active,Core Relationship Customer,Moderate Risk,Moderate Cross-Sell Opportunity,Priority 3,0.201857109223012,0.1018058211174846,0.07399543049635456,0.10647726327613292,0.34210526315789475,0.426,0.7,0.125,0.65,0.3347412310029342,Low,3
C000546,P007,Term Insurance,Insurance,Protection,False,1,Core Active,Core Relationship Customer,Moderate Risk,Moderate Cross-Sell Opportunity,Priority 3,0.19458619986164813,0.1018058211174846,0.07399543049635456,0.10647726327613292,0.34210526315789475,0.426,0.7,0.125,0.65,0.33292350366259316,Low,4
C000546,P004,Personal Loan,Loan,Lending,False,1,Core Active,Core Relationship Customer,Moderate Risk,Moderate Cross-Sell Opportunity,Priority 3,0.16756446274822823,0.1018058211174846,0.07399543049635456,0.10647726327613292,0.34210526315789475,0.426,0.7,0.125,0.65,0.32616806938423826,Low,5
C000546,P005,Home Loan,Loan,Lending,False,1,Core Active,Core Relationship Customer,Moderate Risk,Moderate Cross-Sell Opportunity,Priority 3,0.1388958157351529,0.1018058211174846,0.07399543049635456,0.10647726327613292,0.34210526315789475,0.426,0.7,0.125,0.65,0.31900090763096933,Low,6
C000547,P007,Term Insurance,Insurance,Protection,False,1,Core Active,Core Relationship Customer,Moderate Risk,Moderate Cross-Sell Opportunity,Priority 3,0.4954988831450626,0.10731888676439345,0.2396575771431206,0.07966333893095673,0.5263157894736842,0.405,0.7,0.3333333333333333,0.65,0.43561919989353026,Low,1
C000547,P008,Premium Banking,Banking,Premium,False,1,Core Active,Core Relationship Customer,Moderate Risk,Moderate Cross-Sell Opportunity,Priority 3,0.3515431079361371,0.10731888676439345,0.2396575771431206,0.07966333893095673,0.5263157894736842,0.405,0.7,0.3333333333333333,0.65,0.3996302560912989,Low,2
C000547,P004,Personal Loan,Loan,Lending,False,1,Core Active,Core Relationship Customer,Moderate Risk,Moderate Cross-Sell Opportunity,Priority 3,0.33934012828171434,0.10731888676439345,0.2396575771431206,0.07966333893095673,0.5263157894736842,0.405,0.7,0.3333333333333333,0.65,0.3965795111776932,Low,3
C000547,P005,Home Loan,Loan,Lending,False,1,Core Active,Core Relationship Customer,Moderate Risk,Moderate Cross-Sell Opportunity,Priority 3,0.320056796350938,0.10731888676439345,0.2396575771431206,0.07966333893095673,0.5263157894736842,0.405,0.7,0.3333333333333333,0.65,0.3917586781949991,Low,4
C000548,P003,Rewards Credit Card,Credit Card,Cards,False,1,Core Active,Core Digital Customer,Moderate Risk,Moderate Cross-Sell Opportunity,Priority 3,0.36608734089047457,0.06058264287231782,0.04402609528194033,0.05931658531890099,0.35526315789473684,0.864,0.7,0.0,0.65,0.4008278374812928,Low,1
C000548,P007,Term Insurance,Insurance,Protection,False,1,Core Active,Core Digital Customer,Moderate Risk,Moderate Cross-Sell Opportunity,Priority 3,0.2954821185358955,0.06058264287231782,0.04402609528194033,0.05931658531890099,0.35526315789473684,0.864,0.7,0.0,0.65,0.383176531892648,Low,2
C000548,P008,Premium Banking,Banking,Premium,False,1,Core Active,Core Digital Customer,Moderate Risk,Moderate Cross-Sell Opportunity,Priority 3,0.28675011709489967,0.06058264287231782,0.04402609528194033,0.05931658531890099,0.35526315789473684,0.864,0.7,0.0,0.65,0.380993531532399,Low,3
C000548,P006,Mutual Fund Plan,Investment,Wealth,False,1,Core Active,Core Digital Customer,Moderate Risk,Moderate Cross-Sell Opportunity,Priority 3,0.2665386228420261,0.06058264287231782,0.04402609528194033,0.05931658531890099,0.35526315789473684,0.864,0.7,0.0,0.65,0.37594065796918064,Low,4
C000548,P004,Personal Loan,Loan,Lending,False,1,Core Active,Core Digital Customer,Moderate Risk,Moderate Cross-Sell Opportunity,Priority 3,0.17666017303809328,0.06058264287231782,0.04402609528194033,0.05931658531890099,0.35526315789473684,0.864,0.7,0.0,0.65,0.3534710455181974,Low,5
C000548,P005,Home Loan,Loan,Lending,False,1,Core Active,Core Digital Customer,Moderate Risk,Moderate Cross-Sell Opportunity,Priority 3,0.1448352451526364,0.06058264287231782,0.04402609528194033,0.05931658531890099,0.35526315789473684,0.864,0.7,0.0,0.65,0.3455148135468332,Low,6
C000549,P008,Premium Banking,Banking,Premium,False,1,Premium High-Value,Premium Digital Customer,Low Risk,Moderate Cross-Sell Opportunity,Priority 2,0.5058572969440197,0.2929201189717442,0.1713703585848301,0.16682226003810868,0.7236842105263158,1.0,1.0,0.0,0.65,0.6461009796093012,Medium,1
C000549,P005,Home Loan,Loan,Lending,False,1,Premium High-Value,Premium Digital Customer,Low Risk,Moderate Cross-Sell Opportunity,Priority 2,0.3609148307547605,0.2929201189717442,0.1713703585848301,0.16682226003810868,0.7236842105263158,1.0,1.0,0.0,0.65,0.6098653630619864,Medium,2
C000550,P008,Premium Banking,Banking,Premium,False,1,Core Active,Core Relationship Customer,High Risk,Moderate Cross-Sell Opportunity,Priority 3,0.3733839340789256,0.0911700658593584,0.2862136307574192,0.029514146848369827,0.35526315789473684,0.696,0.7,0.1,0.65,0.38196947037581364,Low,1
C000550,P006,Mutual Fund Plan,Investment,Wealth,False,1,Core Active,Core Relationship Customer,High Risk,Moderate Cross-Sell Opportunity,Priority 3,0.36789427890651183,0.0911700658593584,0.2862136307574192,0.029514146848369827,0.35526315789473684,0.696,0.7,0.1,0.65,0.38059705658271015,Low,2
C000550,P003,Rewards Credit Card,Credit Card,Cards,False,1,Core Active,Core Relationship Customer,High Risk,Moderate Cross-Sell Opportunity,Priority 3,0.33338299730794785,0.0911700658593584,0.2862136307574192,0.029514146848369827,0.35526315789473684,0.696,0.7,0.1,0.65,0.3719692361830692,Low,3
C000550,P005,Home Loan,Loan,Lending,False,1,Core Active,Core Relationship Customer,High Risk,Moderate Cross-Sell Opportunity,Priority 3,0.2441823772350705,0.0911700658593584,0.2862136307574192,0.029514146848369827,0.35526315789473684,0.696,0.7,0.1,0.65,0.34966908116484985,Low,4
C000550,P004,Personal Loan,Loan,Lending,False,1,Core Active,Core Relationship Customer,High Risk,Moderate Cross-Sell Opportunity,Priority 3,0.23516955980280035,0.0911700658593584,0.2862136307574192,0.029514146848369827,0.35526315789473684,0.696,0.7,0.1,0.65,0.3474158768067823,Low,5
C000551,P007,Term Insurance,Insurance,Protection,False,1,Core Active,Core Relationship Customer,High Risk,Moderate Cross-Sell Opportunity,Priority 3,0.39291571961903615,0.1905220947524963,0.14703343785464562,0.13757958390687947,0.19736842105263158,0.651,0.7,0.16666666666666666,0.65,0.4052052786798197,Low,1
C000551,P006,Mutual Fund Plan,Investment,Wealth,False,1,Core Active,Core Relationship Customer,High Risk,Moderate Cross-Sell Opportunity,Priority 3,0.3237344385900443,0.1905220947524963,0.14703343785464562,0.13757958390687947,0.19736842105263158,0.651,0.7,0.16666666666666666,0.65,0.3879099584225717,Low,2
C000551,P008,Premium Banking,Banking,Premium,False,1,Core Active,Core Relationship Customer,High Risk,Moderate Cross-Sell Opportunity,Priority 3,0.31749133514176847,0.1905220947524963,0.14703343785464562,0.13757958390687947,0.19736842105263158,0.651,0.7,0.16666666666666666,0.65,0.38634918256050277,Low,3
C000551,P003,Rewards Credit Card,Credit Card,Cards,False,1,Core Active,Core Relationship Customer,High Risk,Moderate Cross-Sell Opportunity,Priority 3,0.28303109121843806,0.1905220947524963,0.14703343785464562,0.13757958390687947,0.19736842105263158,0.651,0.7,0.16666666666666666,0.65,0.37773412157967023,Low,4
C000551,P004,Personal Loan,Loan,Lending,False,1,Core Active,Core Relationship Customer,High Risk,Moderate Cross-Sell Opportunity,Priority 3,0.26258055544067554,0.1905220947524963,0.14703343785464562,0.13757958390687947,0.19736842105263158,0.651,0.7,0.16666666666666666,0.65,0.3726214876352295,Low,5
C000551,P005,Home Loan,Loan,Lending,False,1,Core Active,Core Relationship Customer,High Risk,Moderate Cross-Sell Opportunity,Priority 3,0.2606668753605461,0.1905220947524963,0.14703343785464562,0.13757958390687947,0.19736842105263158,0.651,0.7,0.16666666666666666,0.65,0.3721430676151972,Low,6
C000552,P003,Rewards Credit Card,Credit Card,Cards,False,1,Core Active,Core Relationship Customer,Moderate Risk,Low Cross-Sell Opportunity,Priority 3,0.30463923216643596,0.20158540471637987,0.08890412600121625,0.055976233930195116,0.4605263157894737,0.489,0.7,0.2,0.3,0.39445583635330606,Low,1
C000552,P008,Premium Banking,Banking,Premium,False,1,Core Active,Core Relationship Customer,Moderate Risk,Low Cross-Sell Opportunity,Priority 3,0.23030869302030546,0.20158540471637987,0.08890412600121625,0.055976233930195116,0.4605263157894737,0.489,0.7,0.2,0.3,0.37587320156677345,Low,2
C000552,P006,Mutual Fund Plan,Investment,Wealth,False,1,Core Active,Core Relationship Customer,Moderate Risk,Low Cross-Sell Opportunity,Priority 3,0.21620352060651235,0.20158540471637987,0.08890412600121625,0.055976233930195116,0.4605263157894737,0.489,0.7,0.2,0.3,0.37234690846332513,Low,3
C000552,P005,Home Loan,Loan,Lending,False,1,Core Active,Core Relationship Customer,Moderate Risk,Low Cross-Sell Opportunity,Priority 3,0.1799108671816854,0.20158540471637987,0.08890412600121625,0.055976233930195116,0.4605263157894737,0.489,0.7,0.2,0.3,0.3632737451071184,Low,4
C000553,P008,Premium Banking,Banking,Premium,False,1,Premium High-Value,Premium Relationship Customer,High Risk,Moderate Cross-Sell Opportunity,Priority 3,0.5850656123400932,0.2903388570214574,0.655861396147184,0.25236730875799107,0.6052631578947368,0.722,1.0,0.25,0.65,0.6248236481735253,Medium,1
C000554,P003,Rewards Credit Card,Credit Card,Cards,False,1,Core Active,Core Digital Customer,Low Risk,Moderate Cross-Sell Opportunity,Priority 3,0.39300660102872415,0.08257382621627364,0.027898353169329065,0.06067393890460398,0.4605263157894737,0.722,0.7,0.2,0.65,0.4335453628688568,Low,1
C000554,P008,Premium Banking,Banking,Premium,False,1,Core Active,Core Digital Customer,Low Risk,Moderate Cross-Sell Opportunity,Priority 3,0.26698770576777275,0.08257382621627364,0.027898353169329065,0.06067393890460398,0.4605263157894737,0.722,0.7,0.2,0.65,0.402040639053619,Low,2
C000554,P007,Term Insurance,Insurance,Protection,False,1,Core Active,Core Digital Customer,Low Risk,Moderate Cross-Sell Opportunity,Priority 3,0.2631920546120453,0.08257382621627364,0.027898353169329065,0.06067393890460398,0.4605263157894737,0.722,0.7,0.2,0.65,0.40109172626468714,Low,3
C000554,P006,Mutual Fund Plan,Investment,Wealth,False,1,Core Active,Core Digital Customer,Low Risk,Moderate Cross-Sell Opportunity,Priority 3,0.24151988967581872,0.08257382621627364,0.027898353169329065,0.06067393890460398,0.4605263157894737,0.722,0.7,0.2,0.65,0.3956736850306305,Low,4
C000554,P004,Personal Loan,Loan,Lending,False,1,Core Active,Core Digital Customer,Low Risk,Moderate Cross-Sell Opportunity,Priority 3,0.16509350350323493,0.08257382621627364,0.027898353169329065,0.06067393890460398,0.4605263157894737,0.722,0.7,0.2,0.65,0.37656708848748455,Low,5
C000554,P005,Home Loan,Loan,Lending,False,1,Core Active,Core Digital Customer,Low Risk,Moderate Cross-Sell Opportunity,Priority 3,0.1212869223200402,0.08257382621627364,0.027898353169329065,0.06067393890460398,0.4605263157894737,0.722,0.7,0.2,0.65,0.3656154431916858,Low,6
C000555,P007,Term Insurance,Insurance,Protection,False,1,Core Active,Core Relationship Customer,Low Risk,Moderate Cross-Sell Opportunity,Priority 3,0.4142107695697154,0.08041215211387295,0.19579774724378451,0.06223407784527944,0.47368421052631576,0.658,0.7,0.25,0.65,0.43898775439415083,Low,1
C000555,P008,Premium Banking,Banking,Premium,False,1,Core Active,Core Relationship Customer,Low Risk,Moderate Cross-Sell Opportunity,Priority 3,0.35455381119676943,0.08041215211387295,0.19579774724378451,0.06223407784527944,0.47368421052631576,0.658,0.7,0.25,0.65,0.4240735148009144,Low,2
C000555,P003,Rewards Credit Card,Credit Card,Cards,False,1,Core Active,Core Relationship Customer,Low Risk,Moderate Cross-Sell Opportunity,Priority 3,0.3468276160479175,0.08041215211387295,0.19579774724378451,0.06223407784527944,0.47368421052631576,0.658,0.7,0.25,0.65,0.42214196601370135,Low,3
C000555,P004,Personal Loan,Loan,Lending,False,1,Core Active,Core Relationship Customer,Low Risk,Moderate Cross-Sell Opportunity,Priority 3,0.3063666205674624,0.08041215211387295,0.19579774724378451,0.06223407784527944,0.47368421052631576,0.658,0.7,0.25,0.65,0.41202671714358763,Low,4
C000555,P005,Home Loan,Loan,Lending,False,1,Core Active,Core Relationship Customer,Low Risk,Moderate Cross-Sell Opportunity,Priority 3,0.2861650614225642,0.08041215211387295,0.19579774724378451,0.06223407784527944,0.47368421052631576,0.658,0.7,0.25,0.65,0.406976327357363,Low,5
C000556,P004,Personal Loan,Loan,Lending,False,1,Core Active,Core High-Activity Customer,Moderate Risk,Moderate Cross-Sell Opportunity,Priority 2,0.30950034092415274,0.2626699596345868,0.0505464227968003,0.3292893074179257,0.6052631578947368,0.609,0.7,0.3333333333333333,0.65,0.4524318841754994,Low,1
C000556,P008,Premium Banking,Banking,Premium,False,1,Core Active,Core High-Activity Customer,Moderate Risk,Moderate Cross-Sell Opportunity,Priority 2,0.28820457617527945,0.2626699596345868,0.0505464227968003,0.3292893074179257,0.6052631578947368,0.609,0.7,0.3333333333333333,0.65,0.44710794298828105,Low,2
C000556,P006,Mutual Fund Plan,Investment,Wealth,False,1,Core Active,Core High-Activity Customer,Moderate Risk,Moderate Cross-Sell Opportunity,Priority 2,0.2698235416925209,0.2626699596345868,0.0505464227968003,0.3292893074179257,0.6052631578947368,0.609,0.7,0.3333333333333333,0.65,0.4425126843675914,Low,3
C000556,P007,Term Insurance,Insurance,Protection,False,1,Core Active,Core High-Activity Customer,Moderate Risk,Moderate Cross-Sell Opportunity,Priority 2,0.24362668472040325,0.2626699596345868,0.0505464227968003,0.3292893074179257,0.6052631578947368,0.609,0.7,0.3333333333333333,0.65,0.43596347012456205,Low,4
C000556,P005,Home Loan,Loan,Lending,False,1,Core Active,Core High-Activity Customer,Moderate Risk,Moderate Cross-Sell Opportunity,Priority 2,0.23676055579413585,0.2626699596345868,0.0505464227968003,0.3292893074179257,0.6052631578947368,0.609,0.7,0.3333333333333333,0.65,0.4342469378929952,Low,5
C000557,P007,Term Insurance,Insurance,Protection,False,1,Dormant / Declining,Dormant Reactivation Target,Critical Risk,Low Cross-Sell Opportunity,Priority 4,0.3367338101198685,0.055021776078181435,0.04613060984116416,0.0034361370978518756,0.15789473684210525,0.447,0.25,0.0,0.3,0.2160720182719192,Low,1
C000557,P006,Mutual Fund Plan,Investment,Wealth,False,1,Dormant / Declining,Dormant Reactivation Target,Critical Risk,Low Cross-Sell Opportunity,Priority 4,0.20869747137596234,0.055021776078181435,0.04613060984116416,0.0034361370978518756,0.15789473684210525,0.447,0.25,0.0,0.3,0.18406293358594267,Low,2
C000557,P008,Premium Banking,Banking,Premium,False,1,Dormant / Declining,Dormant Reactivation Target,Critical Risk,Low Cross-Sell Opportunity,Priority 4,0.20662218401964047,0.055021776078181435,0.04613060984116416,0.0034361370978518756,0.15789473684210525,0.447,0.25,0.0,0.3,0.1835441117468622,Low,3
C000557,P004,Personal Loan,Loan,Lending,False,1,Dormant / Declining,Dormant Reactivation Target,Critical Risk,Low Cross-Sell Opportunity,Priority 4,0.128968161156586,0.055021776078181435,0.04613060984116416,0.0034361370978518756,0.15789473684210525,0.447,0.25,0.0,0.3,0.16413060603109858,Low,4
C000557,P005,Home Loan,Loan,Lending,False,1,Dormant / Declining,Dormant Reactivation Target,Critical Risk,Low Cross-Sell Opportunity,Priority 4,0.12250575404267396,0.055021776078181435,0.04613060984116416,0.0034361370978518756,0.15789473684210525,0.447,0.25,0.0,0.3,0.16251500425262055,Low,5
C000558,P005,Home Loan,Loan,Lending,False,1,Premium High-Value,Premium Relationship Customer,Low Risk,Moderate Cross-Sell Opportunity,Priority 2,0.879791459793687,0.9562300828553219,0.8684278455394595,1.0,0.6578947368421053,0.636,1.0,0.6666666666666666,0.65,0.8926447587124686,High,1
C000558,P003,Rewards Credit Card,Credit Card,Cards,False,1,Premium High-Value,Premium Relationship Customer,Low Risk,Moderate Cross-Sell Opportunity,Priority 2,0.8760957412475449,0.9562300828553219,0.8684278455394595,1.0,0.6578947368421053,0.636,1.0,0.6666666666666666,0.65,0.8917208290759331,High,2
C000559,P008,Premium Banking,Banking,Premium,False,1,Core Active,Core Relationship Customer,Low Risk,Moderate Cross-Sell Opportunity,Priority 3,0.32295994237036674,0.07590556617803272,0.1083921054681401,0.09378729218005472,0.4605263157894737,0.713,0.7,0.3333333333333333,0.65,0.4271333795299527,Low,1
C000559,P004,Personal Loan,Loan,Lending,False,1,Core Active,Core Relationship Customer,Low Risk,Moderate Cross-Sell Opportunity,Priority 3,0.2429966555433986,0.07590556617803272,0.1083921054681401,0.09378729218005472,0.4605263157894737,0.713,0.7,0.3333333333333333,0.65,0.4071425578232106,Low,2
C000559,P007,Term Insurance,Insurance,Protection,False,1,Core Active,Core Relationship Customer,Low Risk,Moderate Cross-Sell Opportunity,Priority 3,0.20765804342615235,0.07590556617803272,0.1083921054681401,0.09378729218005472,0.4605263157894737,0.713,0.7,0.3333333333333333,0.65,0.398307904793899,Low,3
C000559,P005,Home Loan,Loan,Lending,False,1,Core Active,Core Relationship Customer,Low Risk,Moderate Cross-Sell Opportunity,Priority 3,0.20761938887556844,0.07590556617803272,0.1083921054681401,0.09378729218005472,0.4605263157894737,0.713,0.7,0.3333333333333333,0.65,0.398298241156253,Low,4
C000560,P008,Premium Banking,Banking,Premium,False,1,Core Active,Core Relationship Customer,Moderate Risk,Low Cross-Sell Opportunity,Priority 3,0.25792050244017917,0.07524962821329934,0.09774273785293408,0.012596988871102336,0.4868421052631579,0.64,0.7,0.1,0.3,0.36655636704217837,Low,1
C000560,P006,Mutual Fund Plan,Investment,Wealth,False,1,Core Active,Core Relationship Customer,Moderate Risk,Low Cross-Sell Opportunity,Priority 3,0.24603544496891477,0.07524962821329934,0.09774273785293408,0.012596988871102336,0.4868421052631579,0.64,0.7,0.1,0.3,0.3635851026743623,Low,2
C000560,P007,Term Insurance,Insurance,Protection,False,1,Core Active,Core Relationship Customer,Moderate Risk,Low Cross-Sell Opportunity,Priority 3,0.1736470557468215,0.07524962821329934,0.09774273785293408,0.012596988871102336,0.4868421052631579,0.64,0.7,0.1,0.3,0.34548800536883895,Low,3
C000560,P005,Home Loan,Loan,Lending,False,1,Core Active,Core Relationship Customer,Moderate Risk,Low Cross-Sell Opportunity,Priority 3,0.1659489282301679,0.07524962821329934,0.09774273785293408,0.012596988871102336,0.4868421052631579,0.64,0.7,0.1,0.3,0.3435634734896756,Low,4
C000561,P003,Rewards Credit Card,Credit Card,Cards,False,1,Core Active,Core Digital Customer,Moderate Risk,Moderate Cross-Sell Opportunity,Priority 3,0.39029200259602287,0.037675270873167625,0.0737240267100447,0.017592797662268,0.39473684210526316,0.925,0.7,0.2,0.65,0.41431858113942877,Low,1
C000561,P008,Premium Banking,Banking,Premium,False,1,Core Active,Core Digital Customer,Moderate Risk,Moderate Cross-Sell Opportunity,Priority 3,0.2870518941298278,0.037675270873167625,0.0737240267100447,0.017592797662268,0.39473684210526316,0.925,0.7,0.2,0.65,0.38850855402288,Low,2
C000561,P006,Mutual Fund Plan,Investment,Wealth,False,1,Core Active,Core Digital Customer,Moderate Risk,Moderate Cross-Sell Opportunity,Priority 3,0.24856051481948294,0.037675270873167625,0.0737240267100447,0.017592797662268,0.39473684210526316,0.925,0.7,0.2,0.65,0.37888570919529374,Low,3
C000561,P004,Personal Loan,Loan,Lending,False,1,Core Active,Core Digital Customer,Moderate Risk,Moderate Cross-Sell Opportunity,Priority 3,0.12810297529092873,0.037675270873167625,0.0737240267100447,0.017592797662268,0.39473684210526316,0.925,0.7,0.2,0.65,0.34877132431315516,Low,4
C000561,P007,Term Insurance,Insurance,Protection,False,1,Core Active,Core Digital Customer,Moderate Risk,Moderate Cross-Sell Opportunity,Priority 3,0.11805106713090023,0.037675270873167625,0.0737240267100447,0.017592797662268,0.39473684210526316,0.925,0.7,0.2,0.65,0.3462583472731481,Low,5
C000561,P005,Home Loan,Loan,Lending,False,1,Core Active,Core Digital Customer,Moderate Risk,Moderate Cross-Sell Opportunity,Priority 3,0.09981237886434072,0.037675270873167625,0.0737240267100447,0.017592797662268,0.39473684210526316,0.925,0.7,0.2,0.65,0.3416986752065082,Low,6
C000562,P008,Premium Banking,Banking,Premium,False,1,Core Active,Core Relationship Customer,Low Risk,Moderate Cross-Sell Opportunity,Priority 3,0.24873475188326008,0.08719194816231145,0.05795640982740186,0.06356666732081297,0.5394736842105263,0.669,0.7,0.16666666666666666,0.65,0.4016097969015229,Low,1
C000562,P006,Mutual Fund Plan,Investment,Wealth,False,1,Core Active,Core Relationship Customer,Low Risk,Moderate Cross-Sell Opportunity,Priority 3,0.22045716567636353,0.08719194816231145,0.05795640982740186,0.06356666732081297,0.5394736842105263,0.669,0.7,0.16666666666666666,0.65,0.39454040034979876,Low,2
C000562,P007,Term Insurance,Insurance,Protection,False,1,Core Active,Core Relationship Customer,Low Risk,Moderate Cross-Sell Opportunity,Priority 3,0.19705846775252095,0.08719194816231145,0.05795640982740186,0.06356666732081297,0.5394736842105263,0.669,0.7,0.16666666666666666,0.65,0.3886907258688381,Low,3
C000562,P004,Personal Loan,Loan,Lending,False,1,Core Active,Core Relationship Customer,Low Risk,Moderate Cross-Sell Opportunity,Priority 3,0.1709763576083819,0.08719194816231145,0.05795640982740186,0.06356666732081297,0.5394736842105263,0.669,0.7,0.16666666666666666,0.65,0.3821701983328034,Low,4
C000563,P008,Premium Banking,Banking,Premium,False,1,Premium High-Value,Premium Digital Customer,Moderate Risk,Moderate Cross-Sell Opportunity,Priority 2,0.48931772854716393,0.3644757807520714,0.2717125648775557,0.4044628664504247,0.6578947368421053,0.755,1.0,0.625,0.65,0.6644087988135211,Medium,1
C000563,P004,Personal Loan,Loan,Lending,False,1,Premium High-Value,Premium Digital Customer,Moderate Risk,Moderate Cross-Sell Opportunity,Priority 2,0.46153665685714007,0.3644757807520714,0.2717125648775557,0.4044628664504247,0.6578947368421053,0.755,1.0,0.625,0.65,0.6574635308910152,Medium,2
C000564,P003,Rewards Credit Card,Credit Card,Cards,False,1,At Risk,At-Risk Engagement Customer,Critical Risk,Low Cross-Sell Opportunity,Priority 4,0.16619740090870438,0.04561822817080943,0.06588824660928648,0.01021542906857977,0.15789473684210525,0.344,0.45,0.0,0.3,0.1912572063876538,Low,1
C000564,P008,Premium Banking,Banking,Premium,False,1,At Risk,At-Risk Engagement Customer,Critical Risk,Low Cross-Sell Opportunity,Priority 4,0.15302937518314247,0.04561822817080943,0.06588824660928648,0.01021542906857977,0.15789473684210525,0.344,0.45,0.0,0.3,0.18796519995626332,Low,2
C000564,P006,Mutual Fund Plan,Investment,Wealth,False,1,At Risk,At-Risk Engagement Customer,Critical Risk,Low Cross-Sell Opportunity,Priority 4,0.14416270851647583,0.04561822817080943,0.06588824660928648,0.01021542906857977,0.15789473684210525,0.344,0.45,0.0,0.3,0.18574853328959667,Low,3
C000564,P007,Term Insurance,Insurance,Protection,False,1,At Risk,At-Risk Engagement Customer,Critical Risk,Low Cross-Sell Opportunity,Priority 4,0.13484288636442607,0.04561822817080943,0.06588824660928648,0.01021542906857977,0.15789473684210525,0.344,0.45,0.0,0.3,0.1834185777515842,Low,4
C000564,P004,Personal Loan,Loan,Lending,False,1,At Risk,At-Risk Engagement Customer,Critical Risk,Low Cross-Sell Opportunity,Priority 4,0.0821907386247728,0.04561822817080943,0.06588824660928648,0.01021542906857977,0.15789473684210525,0.344,0.45,0.0,0.3,0.17025554081667088,Low,5
C000564,P005,Home Loan,Loan,Lending,False,1,At Risk,At-Risk Engagement Customer,Critical Risk,Low Cross-Sell Opportunity,Priority 4,0.07754387043363775,0.04561822817080943,0.06588824660928648,0.01021542906857977,0.15789473684210525,0.344,0.45,0.0,0.3,0.1690938237688871,Low,6
C000565,P008,Premium Banking,Banking,Premium,False,1,Premium High-Value,Premium Relationship Customer,Moderate Risk,Moderate Cross-Sell Opportunity,Priority 2,0.6598273910920424,0.353064584661143,0.7595296086860389,0.3485632610875463,0.8552631578947368,0.712,1.0,0.3333333333333333,0.65,0.680892571722783,Medium,1
C000565,P006,Mutual Fund Plan,Investment,Wealth,False,1,Premium High-Value,Premium Relationship Customer,Moderate Risk,Moderate Cross-Sell Opportunity,Priority 2,0.6368710692529619,0.353064584661143,0.7595296086860389,0.3485632610875463,0.8552631578947368,0.712,1.0,0.3333333333333333,0.65,0.6751534912630128,Medium,2
C000565,P007,Term Insurance,Insurance,Protection,False,1,Premium High-Value,Premium Relationship Customer,Moderate Risk,Moderate Cross-Sell Opportunity,Priority 2,0.6351328547368394,0.353064584661143,0.7595296086860389,0.3485632610875463,0.8552631578947368,0.712,1.0,0.3333333333333333,0.65,0.6747189376339823,Medium,3
C000565,P004,Personal Loan,Loan,Lending,False,1,Premium High-Value,Premium Relationship Customer,Moderate Risk,Moderate Cross-Sell Opportunity,Priority 2,0.578545134980464,0.353064584661143,0.7595296086860389,0.3485632610875463,0.8552631578947368,0.712,1.0,0.3333333333333333,0.65,0.6605720076948884,Medium,4
C000566,P007,Term Insurance,Insurance,Protection,False,1,Core Active,Core Relationship Customer,Moderate Risk,Low Cross-Sell Opportunity,Priority 3,0.36699960302858803,0.08622530274059911,0.12267311422396855,0.055617387956418914,0.5394736842105263,0.241,0.7,0.1,0.3,0.3640160139368458,Low,1
C000566,P006,Mutual Fund Plan,Investment,Wealth,False,1,Core Active,Core Relationship Customer,Moderate Risk,Low Cross-Sell Opportunity,Priority 3,0.22497717131157685,0.08622530274059911,0.12267311422396855,0.055617387956418914,0.5394736842105263,0.241,0.7,0.1,0.3,0.328510406007593,Low,2
C000566,P008,Premium Banking,Banking,Premium,False,1,Core Active,Core Relationship Customer,Moderate Risk,Low Cross-Sell Opportunity,Priority 3,0.21748694142651934,0.08622530274059911,0.12267311422396855,0.055617387956418914,0.5394736842105263,0.241,0.7,0.1,0.3,0.32663784853632866,Low,3
C000566,P005,Home Loan,Loan,Lending,False,1,Core Active,Core Relationship Customer,Moderate Risk,Low Cross-Sell Opportunity,Priority 3,0.1851105870982672,0.08622530274059911,0.12267311422396855,0.055617387956418914,0.5394736842105263,0.241,0.7,0.1,0.3,0.3185437599542656,Low,4
C000567,P008,Premium Banking,Banking,Premium,False,1,Core Active,Core Relationship Customer,Moderate Risk,Moderate Cross-Sell Opportunity,Priority 3,0.3904336329422296,0.07719088591459529,0.40736555644936784,0.05216863517980147,0.5131578947368421,0.515,0.7,0.25,0.65,0.4040202696290027,Low,1
C000567,P007,Term Insurance,Insurance,Protection,False,1,Core Active,Core Relationship Customer,Moderate Risk,Moderate Cross-Sell Opportunity,Priority 3,0.3274400402948123,0.07719088591459529,0.40736555644936784,0.05216863517980147,0.5131578947368421,0.515,0.7,0.25,0.65,0.3882718714671485,Low,2
C000567,P005,Home Loan,Loan,Lending,False,1,Core Active,Core Relationship Customer,Moderate Risk,Moderate Cross-Sell Opportunity,Priority 3,0.29627637137589347,0.07719088591459529,0.40736555644936784,0.05216863517980147,0.5131578947368421,0.515,0.7,0.25,0.65,0.3804809542374188,Low,3
C000568,P007,Term Insurance,Insurance,Protection,False,1,Core Active,Core Relationship Customer,High Risk,Moderate Cross-Sell Opportunity,Priority 3,0.36877468923156664,0.18566231145103038,0.30470192214658387,0.0926752434592378,0.4605263157894737,0.223,0.7,0.4,0.65,0.3982050819665187,Low,1
C000568,P006,Mutual Fund Plan,Investment,Wealth,False,1,Core Active,Core Relationship Customer,High Risk,Moderate Cross-Sell Opportunity,Priority 3,0.308298230400031,0.18566231145103038,0.30470192214658387,0.0926752434592378,0.4605263157894737,0.223,0.7,0.4,0.65,0.38308596725863486,Low,2
C000568,P008,Premium Banking,Banking,Premium,False,1,Core Active,Core Relationship Customer,High Risk,Moderate Cross-Sell Opportunity,Priority 3,0.30450570166439883,0.18566231145103038,0.30470192214658387,0.0926752434592378,0.4605263157894737,0.223,0.7,0.4,0.65,0.38213783507472676,Low,3
C000568,P004,Personal Loan,Loan,Lending,False,1,Core Active,Core Relationship Customer,High Risk,Moderate Cross-Sell Opportunity,Priority 3,0.25687187981393556,0.18566231145103038,0.30470192214658387,0.0926752434592378,0.4605263157894737,0.223,0.7,0.4,0.65,0.370229379612111,Low,4
C000568,P005,Home Loan,Loan,Lending,False,1,Core Active,Core Relationship Customer,High Risk,Moderate Cross-Sell Opportunity,Priority 3,0.25654012778360347,0.18566231145103038,0.30470192214658387,0.0926752434592378,0.4605263157894737,0.223,0.7,0.4,0.65,0.3701464416045279,Low,5
C000569,P008,Premium Banking,Banking,Premium,False,1,Premium High-Value,Premium Relationship Customer,High Risk,Moderate Cross-Sell Opportunity,Priority 3,0.4648929128555954,0.31878053962183983,0.09947001162809788,0.40216774740981426,0.6447368421052632,0.66,1.0,0.16666666666666666,0.65,0.571856529120723,Medium,1
C000569,P005,Home Loan,Loan,Lending,False,1,Premium High-Value,Premium Relationship Customer,High Risk,Moderate Cross-Sell Opportunity,Priority 3,0.43817361682482237,0.31878053962183983,0.09947001162809788,0.40216774740981426,0.6447368421052632,0.66,1.0,0.16666666666666666,0.65,0.5651767051130298,Medium,2
C000570,P004,Personal Loan,Loan,Lending,False,1,Premium High-Value,Premium Digital Customer,Low Risk,Moderate Cross-Sell Opportunity,Priority 2,0.643866320551577,0.5839175695772254,0.5667351172397991,0.5871425674494929,0.7631578947368421,0.788,1.0,0.525,0.65,0.7760237782638657,High,1
C000570,P005,Home Loan,Loan,Lending,False,1,Premium High-Value,Premium Digital Customer,Low Risk,Moderate Cross-Sell Opportunity,Priority 2,0.6230424203977746,0.5839175695772254,0.5667351172397991,0.5871425674494929,0.7631578947368421,0.788,1.0,0.525,0.65,0.770817803225415,High,2
C000571,P003,Rewards Credit Card,Credit Card,Cards,False,1,Core Active,Core Relationship Customer,Low Risk,Low Cross-Sell Opportunity,Priority 3,0.38679198908891366,0.0603781601869556,0.04357096126191234,0.07421243120950718,0.6842105263157895,0.436,0.7,0.0,0.3,0.3750052082569879,Low,1
C000571,P008,Premium Banking,Banking,Premium,False,1,Core Active,Core Relationship Customer,Low Risk,Low Cross-Sell Opportunity,Priority 3,0.21724655643291874,0.0603781601869556,0.04357096126191234,0.07421243120950718,0.6842105263157895,0.436,0.7,0.0,0.3,0.33261885009298925,Low,2
C000571,P007,Term Insurance,Insurance,Protection,False,1,Core Active,Core Relationship Customer,Low Risk,Low Cross-Sell Opportunity,Priority 3,0.17900999946336632,0.0603781601869556,0.04357096126191234,0.07421243120950718,0.6842105263157895,0.436,0.7,0.0,0.3,0.32305971085060115,Low,3
C000571,P005,Home Loan,Loan,Lending,False,1,Core Active,Core Relationship Customer,Low Risk,Low Cross-Sell Opportunity,Priority 3,0.14194249192067576,0.0603781601869556,0.04357096126191234,0.07421243120950718,0.6842105263157895,0.436,0.7,0.0,0.3,0.3137928339649285,Low,4
C000572,P008,Premium Banking,Banking,Premium,False,1,Premium High-Value,Premium Relationship Customer,Moderate Risk,Moderate Cross-Sell Opportunity,Priority 3,0.4995096677099421,0.22565593796473338,0.3719821173896475,0.1554284331233524,0.7631578947368421,0.728,1.0,0.16666666666666666,0.65,0.6064489553976252,Medium,1
C000572,P005,Home Loan,Loan,Lending,False,1,Premium High-Value,Premium Relationship Customer,Moderate Risk,Moderate Cross-Sell Opportunity,Priority 3,0.39950181180781175,0.22565593796473338,0.3719821173896475,0.1554284331233524,0.7631578947368421,0.728,1.0,0.16666666666666666,0.65,0.5814469914220927,Medium,2
C000573,P008,Premium Banking,Banking,Premium,False,1,Premium High-Value,Premium Digital Customer,Low Risk,Moderate Cross-Sell Opportunity,Priority 2,0.5576953586234059,0.33006957722540897,0.18708069075581937,0.3483623447220205,0.7236842105263158,0.792,1.0,0.0,0.65,0.6456903866798807,Medium,1
C000573,P004,Personal Loan,Loan,Lending,False,1,Premium High-Value,Premium Digital Customer,Low Risk,Moderate Cross-Sell Opportunity,Priority 2,0.539595736106525,0.33006957722540897,0.18708069075581937,0.3483623447220205,0.7236842105263158,0.792,1.0,0.0,0.65,0.6411654810506604,Medium,2
C000573,P005,Home Loan,Loan,Lending,False,1,Premium High-Value,Premium Digital Customer,Low Risk,Moderate Cross-Sell Opportunity,Priority 2,0.47695666305633455,0.33006957722540897,0.18708069075581937,0.3483623447220205,0.7236842105263158,0.792,1.0,0.0,0.65,0.6255057127881128,Medium,3
C000574,P004,Personal Loan,Loan,Lending,False,1,Premium High-Value,Premium Relationship Customer,Low Risk,Moderate Cross-Sell Opportunity,Priority 2,0.6751958850412887,0.4998141066496707,0.6588936435975777,0.5555907548568028,0.9868421052631579,0.551,1.0,0.3333333333333333,0.65,0.7577214417130634,High,1
C000574,P005,Home Loan,Loan,Lending,False,1,Premium High-Value,Premium Relationship Customer,Low Risk,Moderate Cross-Sell Opportunity,Priority 2,0.6447773509014129,0.4998141066496707,0.6588936435975777,0.5555907548568028,0.9868421052631579,0.551,1.0,0.3333333333333333,0.65,0.7501168081780945,High,2
C000575,P008,Premium Banking,Banking,Premium,False,1,Core Active,Core Relationship Customer,High Risk,Moderate Cross-Sell Opportunity,Priority 4,0.262259865581535,0.18740705332483534,0.10824295563962746,0.14774081228150343,0.15789473684210525,0.606,0.7,0.0,0.65,0.3248305875866666,Low,1
C000575,P004,Personal Loan,Loan,Lending,False,1,Core Active,Core Relationship Customer,High Risk,Moderate Cross-Sell Opportunity,Priority 4,0.1594477381336337,0.18740705332483534,0.10824295563962746,0.14774081228150343,0.15789473684210525,0.606,0.7,0.0,0.65,0.2991275557246913,Low,2
C000575,P007,Term Insurance,Insurance,Protection,False,1,Core Active,Core Relationship Customer,High Risk,Moderate Cross-Sell Opportunity,Priority 4,0.15539938285028257,0.18740705332483534,0.10824295563962746,0.14774081228150343,0.15789473684210525,0.606,0.7,0.0,0.65,0.2981154669038535,Low,3
C000575,P005,Home Loan,Loan,Lending,False,1,Core Active,Core Relationship Customer,High Risk,Moderate Cross-Sell Opportunity,Priority 4,0.15449097923345873,0.18740705332483534,0.10824295563962746,0.14774081228150343,0.15789473684210525,0.606,0.7,0.0,0.65,0.2978883659996475,Low,4
C000576,P003,Rewards Credit Card,Credit Card,Cards,False,1,Premium High-Value,Premium Relationship Customer,Low Risk,Moderate Cross-Sell Opportunity,Priority 2,0.5490808860978482,0.21093052899936265,0.2295450790511556,0.22254104067201388,0.6842105263157895,0.547,1.0,0.75,0.65,0.6442879062717031,Medium,1
C000576,P008,Premium Banking,Banking,Premium,False,1,Premium High-Value,Premium Relationship Customer,Low Risk,Moderate Cross-Sell Opportunity,Priority 2,0.43095377059947326,0.21093052899936265,0.2295450790511556,0.22254104067201388,0.6842105263157895,0.547,1.0,0.75,0.65,0.6147561273971094,Medium,2
C000576,P007,Term Insurance,Insurance,Protection,False,1,Premium High-Value,Premium Relationship Customer,Low Risk,Moderate Cross-Sell Opportunity,Priority 2,0.3717156129194409,0.21093052899936265,0.2295450790511556,0.22254104067201388,0.6842105263157895,0.547,1.0,0.75,0.65,0.5999465879771013,Medium,3
C000577,P003,Rewards Credit Card,Credit Card,Cards,False,1,Core Active,Core Digital Customer,Low Risk,Moderate Cross-Sell Opportunity,Priority 3,0.4718824566195525,0.1608243042277459,0.1150584391383122,0.1120917075741732,0.5789473684210527,0.787,0.7,0.0,0.65,0.47317758026359524,Low,1
C000577,P008,Premium Banking,Banking,Premium,False,1,Core Active,Core Digital Customer,Low Risk,Moderate Cross-Sell Opportunity,Priority 3,0.3421254199654131,0.1608243042277459,0.1150584391383122,0.1120917075741732,0.5789473684210527,0.787,0.7,0.0,0.65,0.4407383211000604,Low,2
C000577,P006,Mutual Fund Plan,Investment,Wealth,False,1,Core Active,Core Digital Customer,Low Risk,Moderate Cross-Sell Opportunity,Priority 3,0.31455702916081546,0.1608243042277459,0.1150584391383122,0.1120917075741732,0.5789473684210527,0.787,0.7,0.0,0.65,0.433846223398911,Low,3
C000577,P007,Term Insurance,Insurance,Protection,False,1,Core Active,Core Digital Customer,Low Risk,Moderate Cross-Sell Opportunity,Priority 3,0.3103292278006685,0.1608243042277459,0.1150584391383122,0.1120917075741732,0.5789473684210527,0.787,0.7,0.0,0.65,0.43278927305887416,Low,4
C000577,P004,Personal Loan,Loan,Lending,False,1,Core Active,Core Digital Customer,Low Risk,Moderate Cross-Sell Opportunity,Priority 3,0.2390586999243227,0.1608243042277459,0.1150584391383122,0.1120917075741732,0.5789473684210527,0.787,0.7,0.0,0.65,0.4149716410897878,Low,5
C000578,P007,Term Insurance,Insurance,Protection,False,1,Core Active,Core Relationship Customer,Moderate Risk,Moderate Cross-Sell Opportunity,Priority 3,0.38852813453109947,0.12631453154875716,0.14534738112811063,0.11952374410917889,0.32894736842105265,0.607,0.7,0.0,0.65,0.36993704520568416,Low,1
C000578,P003,Rewards Credit Card,Credit Card,Cards,False,1,Core Active,Core Relationship Customer,Moderate Risk,Moderate Cross-Sell Opportunity,Priority 3,0.34701245773189376,0.12631453154875716,0.14534738112811063,0.11952374410917889,0.32894736842105265,0.607,0.7,0.0,0.65,0.35955812600588277,Low,2
C000578,P008,Premium Banking,Banking,Premium,False,1,Core Active,Core Relationship Customer,Moderate Risk,Moderate Cross-Sell Opportunity,Priority 3,0.31608840494631657,0.12631453154875716,0.14534738112811063,0.11952374410917889,0.32894736842105265,0.607,0.7,0.0,0.65,0.35182711280948853,Low,3
C000578,P006,Mutual Fund Plan,Investment,Wealth,False,1,Core Active,Core Relationship Customer,Moderate Risk,Moderate Cross-Sell Opportunity,Priority 3,0.30958897965896026,0.12631453154875716,0.14534738112811063,0.11952374410917889,0.32894736842105265,0.607,0.7,0.0,0.65,0.35020225648764935,Low,4
C000578,P004,Personal Loan,Loan,Lending,False,1,Core Active,Core Relationship Customer,Moderate Risk,Moderate Cross-Sell Opportunity,Priority 3,0.2209424132778211,0.12631453154875716,0.14534738112811063,0.11952374410917889,0.32894736842105265,0.607,0.7,0.0,0.65,0.3280406148923646,Low,5
C000578,P005,Home Loan,Loan,Lending,False,1,Core Active,Core Relationship Customer,Moderate Risk,Moderate Cross-Sell Opportunity,Priority 3,0.2042131357714524,0.12631453154875716,0.14534738112811063,0.11952374410917889,0.32894736842105265,0.607,0.7,0.0,0.65,0.3238582955157724,Low,6
C000579,P008,Premium Banking,Banking,Premium,False,1,Premium High-Value,Premium Digital Customer,Moderate Risk,Moderate Cross-Sell Opportunity,Priority 2,0.5066725342295182,0.47598789037603567,0.1684858637748599,0.27081002937116916,0.6842105263157895,0.72,1.0,0.25,0.65,0.6539972905799551,Medium,1
C000579,P004,Personal Loan,Loan,Lending,False,1,Premium High-Value,Premium Digital Customer,Moderate Risk,Moderate Cross-Sell Opportunity,Priority 2,0.48907335781643135,0.47598789037603567,0.1684858637748599,0.27081002937116916,0.6842105263157895,0.72,1.0,0.25,0.65,0.6495974964766834,Medium,2
C000579,P005,Home Loan,Loan,Lending,False,1,Premium High-Value,Premium Digital Customer,Moderate Risk,Moderate Cross-Sell Opportunity,Priority 2,0.4426435763327663,0.47598789037603567,0.1684858637748599,0.27081002937116916,0.6842105263157895,0.72,1.0,0.25,0.65,0.6379900511057671,Medium,3
C000580,P007,Term Insurance,Insurance,Protection,False,1,Core Active,Core Cross-Sell Opportunity,Low Risk,High Cross-Sell Opportunity,Priority 2,0.42891813046430427,0.20005045676651795,0.2638006380259409,0.15529293138846292,0.5789473684210527,0.388,0.7,0.125,1.0,0.44038172923253754,Low,1
C000580,P006,Mutual Fund Plan,Investment,Wealth,False,1,Core Active,Core Cross-Sell Opportunity,Low Risk,High Cross-Sell Opportunity,Priority 2,0.3795376056338836,0.20005045676651795,0.2638006380259409,0.15529293138846292,0.5789473684210527,0.388,0.7,0.125,1.0,0.4280365980249324,Low,2
C000580,P003,Rewards Credit Card,Credit Card,Cards,False,1,Core Active,Core Cross-Sell Opportunity,Low Risk,High Cross-Sell Opportunity,Priority 2,0.37525556981438724,0.20005045676651795,0.2638006380259409,0.15529293138846292,0.5789473684210527,0.388,0.7,0.125,1.0,0.4269660890700583,Low,3
C000580,P008,Premium Banking,Banking,Premium,False,1,Core Active,Core Cross-Sell Opportunity,Low Risk,High Cross-Sell Opportunity,Priority 2,0.36158128379480314,0.20005045676651795,0.2638006380259409,0.15529293138846292,0.5789473684210527,0.388,0.7,0.125,1.0,0.42354751756516223,Low,4
C000580,P004,Personal Loan,Loan,Lending,False,1,Core Active,Core Cross-Sell Opportunity,Low Risk,High Cross-Sell Opportunity,Priority 2,0.35850225821299103,0.20005045676651795,0.2638006380259409,0.15529293138846292,0.5789473684210527,0.388,0.7,0.125,1.0,0.4227777611697092,Low,5
C000580,P005,Home Loan,Loan,Lending,False,1,Core Active,Core Cross-Sell Opportunity,Low Risk,High Cross-Sell Opportunity,Priority 2,0.3346508467742565,0.20005045676651795,0.2638006380259409,0.15529293138846292,0.5789473684210527,0.388,0.7,0.125,1.0,0.4168149083100256,Low,6
C000581,P008,Premium Banking,Banking,Premium,False,1,Premium High-Value,Premium Relationship Customer,Low Risk,Moderate Cross-Sell Opportunity,Priority 3,0.4545758488311755,0.23999893775228384,0.19449661583579966,0.2600282965002238,0.5,0.674,1.0,0.0,0.65,0.5565437497582507,Medium,1
C000581,P006,Mutual Fund Plan,Investment,Wealth,False,1,Premium High-Value,Premium Relationship Customer,Low Risk,Moderate Cross-Sell Opportunity,Priority 3,0.4392666534288767,0.23999893775228384,0.19449661583579966,0.2600282965002238,0.5,0.674,1.0,0.0,0.65,0.552716450907676,Medium,2
C000581,P005,Home Loan,Loan,Lending,False,1,Premium High-Value,Premium Relationship Customer,Low Risk,Moderate Cross-Sell Opportunity,Priority 3,0.353523856407165,0.23999893775228384,0.19449661583579966,0.2600282965002238,0.5,0.674,1.0,0.0,0.65,0.5312807516522481,Low,3
C000582,P007,Term Insurance,Insurance,Protection,False,1,Dormant / Declining,Dormant Reactivation Target,Critical Risk,Moderate Cross-Sell Opportunity,Priority 3,0.33242670508794814,0.30849001487146804,0.2814310559283913,0.16823428156512915,0.2236842105263158,0.274,0.25,0.4,0.65,0.31575731082522807,Low,1
C000582,P006,Mutual Fund Plan,Investment,Wealth,False,1,Dormant / Declining,Dormant Reactivation Target,Critical Risk,Moderate Cross-Sell Opportunity,Priority 3,0.2963646336970846,0.30849001487146804,0.2814310559283913,0.16823428156512915,0.2236842105263158,0.274,0.25,0.4,0.65,0.30674179297751214,Low,2
C000582,P005,Home Loan,Loan,Lending,False,1,Dormant / Declining,Dormant Reactivation Target,Critical Risk,Moderate Cross-Sell Opportunity,Priority 3,0.29193749877888264,0.30849001487146804,0.2814310559283913,0.16823428156512915,0.2236842105263158,0.274,0.25,0.4,0.65,0.3056350092479616,Low,3
C000582,P008,Premium Banking,Banking,Premium,False,1,Dormant / Declining,Dormant Reactivation Target,Critical Risk,Moderate Cross-Sell Opportunity,Priority 3,0.28994969116834896,0.30849001487146804,0.2814310559283913,0.16823428156512915,0.2236842105263158,0.274,0.25,0.4,0.65,0.3051380573453282,Low,4
C000582,P004,Personal Loan,Loan,Lending,False,1,Dormant / Declining,Dormant Reactivation Target,Critical Risk,Moderate Cross-Sell Opportunity,Priority 3,0.273490188855195,0.30849001487146804,0.2814310559283913,0.16823428156512915,0.2236842105263158,0.274,0.25,0.4,0.65,0.3010231817670397,Low,5
C000582,P003,Rewards Credit Card,Credit Card,Cards,False,1,Dormant / Declining,Dormant Reactivation Target,Critical Risk,Moderate Cross-Sell Opportunity,Priority 3,0.22503677140633824,0.30849001487146804,0.2814310559283913,0.16823428156512915,0.2236842105263158,0.274,0.25,0.4,0.65,0.2889098274048255,Low,6
C000583,P004,Personal Loan,Loan,Lending,False,1,Premium High-Value,Premium Digital Customer,Low Risk,Moderate Cross-Sell Opportunity,Priority 2,0.6652794152738758,0.48762481410664965,0.12180266604445224,0.6589617576724354,0.7894736842105263,0.633,1.0,0.45,0.65,0.7430658692713779,Medium,1
C000583,P007,Term Insurance,Insurance,Protection,False,1,Premium High-Value,Premium Digital Customer,Low Risk,Moderate Cross-Sell Opportunity,Priority 2,0.5807205492320864,0.48762481410664965,0.12180266604445224,0.6589617576724354,0.7894736842105263,0.633,1.0,0.45,0.65,0.7219261527609305,Medium,2
C000583,P005,Home Loan,Loan,Lending,False,1,Premium High-Value,Premium Digital Customer,Low Risk,Moderate Cross-Sell Opportunity,Priority 2,0.56308751169758,0.48762481410664965,0.12180266604445224,0.6589617576724354,0.7894736842105263,0.633,1.0,0.45,0.65,0.717517893377304,Medium,3
C000583,P008,Premium Banking,Banking,Premium,False,1,Premium High-Value,Premium Digital Customer,Low Risk,Moderate Cross-Sell Opportunity,Priority 2,0.5547269305383761,0.48762481410664965,0.12180266604445224,0.6589617576724354,0.7894736842105263,0.633,1.0,0.45,0.65,0.715427748087503,Medium,4
C000584,P003,Rewards Credit Card,Credit Card,Cards,False,1,Core Active,Core Relationship Customer,High Risk,Moderate Cross-Sell Opportunity,Priority 3,0.3597472858346016,0.08750531123858084,0.06174453603400477,0.07722524219766994,0.5394736842105263,0.65,0.7,0.0,0.65,0.39085893633794544,Low,1
C000584,P007,Term Insurance,Insurance,Protection,False,1,Core Active,Core Relationship Customer,High Risk,Moderate Cross-Sell Opportunity,Priority 3,0.2686306219805206,0.08750531123858084,0.06174453603400477,0.07722524219766994,0.5394736842105263,0.65,0.7,0.0,0.65,0.3680797703744253,Low,2
C000584,P008,Premium Banking,Banking,Premium,False,1,Core Active,Core Relationship Customer,High Risk,Moderate Cross-Sell Opportunity,Priority 3,0.23153388331690955,0.08750531123858084,0.06174453603400477,0.07722524219766994,0.5394736842105263,0.65,0.7,0.0,0.65,0.3588055857085225,Low,3
C000584,P006,Mutual Fund Plan,Investment,Wealth,False,1,Core Active,Core Relationship Customer,High Risk,Moderate Cross-Sell Opportunity,Priority 3,0.2128269867651854,0.08750531123858084,0.06174453603400477,0.07722524219766994,0.5394736842105263,0.65,0.7,0.0,0.65,0.3541288615705914,Low,4
C000584,P004,Personal Loan,Loan,Lending,False,1,Core Active,Core Relationship Customer,High Risk,Moderate Cross-Sell Opportunity,Priority 3,0.20023236940314182,0.08750531123858084,0.06174453603400477,0.07722524219766994,0.5394736842105263,0.65,0.7,0.0,0.65,0.3509802072300806,Low,5
C000584,P005,Home Loan,Loan,Lending,False,1,Core Active,Core Relationship Customer,High Risk,Moderate Cross-Sell Opportunity,Priority 3,0.15219942272935194,0.08750531123858084,0.06174453603400477,0.07722524219766994,0.5394736842105263,0.65,0.7,0.0,0.65,0.3389719705616331,Low,6
C000585,P007,Term Insurance,Insurance,Protection,False,1,Premium High-Value,Premium Relationship Customer,Low Risk,Moderate Cross-Sell Opportunity,Priority 2,0.5689917599470764,0.20788718929254302,0.14389989426779135,0.22950816608214022,0.6842105263157895,0.536,1.0,0.25,0.65,0.5975569567926462,Medium,1
C000585,P004,Personal Loan,Loan,Lending,False,1,Premium High-Value,Premium Relationship Customer,Low Risk,Moderate Cross-Sell Opportunity,Priority 2,0.4760052242351037,0.20788718929254302,0.14389989426779135,0.22950816608214022,0.6842105263157895,0.536,1.0,0.25,0.65,0.574310322864653,Medium,2
C000585,P006,Mutual Fund Plan,Investment,Wealth,False,1,Premium High-Value,Premium Relationship Customer,Low Risk,Moderate Cross-Sell Opportunity,Priority 2,0.4649498399839257,0.20788718929254302,0.14389989426779135,0.22950816608214022,0.6842105263157895,0.536,1.0,0.25,0.65,0.5715464768018585,Medium,3
C000585,P008,Premium Banking,Banking,Premium,False,1,Premium High-Value,Premium Relationship Customer,Low Risk,Moderate Cross-Sell Opportunity,Priority 2,0.44864639170806364,0.20788718929254302,0.14389989426779135,0.22950816608214022,0.6842105263157895,0.536,1.0,0.25,0.65,0.567470614732893,Medium,4
C000585,P005,Home Loan,Loan,Lending,False,1,Premium High-Value,Premium Relationship Customer,Low Risk,Moderate Cross-Sell Opportunity,Priority 2,0.41661269860010663,0.20788718929254302,0.14389989426779135,0.22950816608214022,0.6842105263157895,0.536,1.0,0.25,0.65,0.5594621914559037,Medium,5
C000586,P003,Rewards Credit Card,Credit Card,Cards,False,1,Core Active,Core Digital Customer,Moderate Risk,Moderate Cross-Sell Opportunity,Priority 2,0.36352866517846083,0.0791135542808583,0.16615221036902184,0.06362834397255576,0.3684210526315789,0.811,0.7,0.0,0.65,0.40056803504552374,Low,1
C000586,P008,Premium Banking,Banking,Premium,False,1,Core Active,Core Digital Customer,Moderate Risk,Moderate Cross-Sell Opportunity,Priority 2,0.35594313663456845,0.0791135542808583,0.16615221036902184,0.06362834397255576,0.3684210526315789,0.811,0.7,0.0,0.65,0.39867165290955064,Low,2
C000586,P006,Mutual Fund Plan,Investment,Wealth,False,1,Core Active,Core Digital Customer,Moderate Risk,Moderate Cross-Sell Opportunity,Priority 2,0.3524621021518098,0.0791135542808583,0.16615221036902184,0.06362834397255576,0.3684210526315789,0.811,0.7,0.0,0.65,0.39780139428886097,Low,3
C000586,P007,Term Insurance,Insurance,Protection,False,1,Core Active,Core Digital Customer,Moderate Risk,Moderate Cross-Sell Opportunity,Priority 2,0.2928331725671743,0.0791135542808583,0.16615221036902184,0.06362834397255576,0.3684210526315789,0.811,0.7,0.0,0.65,0.3828941618927021,Low,4
C000586,P004,Personal Loan,Loan,Lending,False,1,Core Active,Core Digital Customer,Moderate Risk,Moderate Cross-Sell Opportunity,Priority 2,0.24627367371216183,0.0791135542808583,0.16615221036902184,0.06362834397255576,0.3684210526315789,0.811,0.7,0.0,0.65,0.3712542871789489,Low,5
C000586,P005,Home Loan,Loan,Lending,False,1,Core Active,Core Digital Customer,Moderate Risk,Moderate Cross-Sell Opportunity,Priority 2,0.23194724332114455,0.0791135542808583,0.16615221036902184,0.06362834397255576,0.3684210526315789,0.811,0.7,0.0,0.65,0.36767267958119465,Low,6
C000587,P003,Rewards Credit Card,Credit Card,Cards,False,1,Premium High-Value,Premium Digital Customer,Low Risk,High Cross-Sell Opportunity,Priority 2,0.6418641476095618,0.2621972594008923,0.17898398577941962,0.32456403484917723,0.7368421052631579,0.762,1.0,0.16666666666666666,1.0,0.6462984712387093,Medium,1
C000587,P008,Premium Banking,Banking,Premium,False,1,Premium High-Value,Premium Digital Customer,Low Risk,High Cross-Sell Opportunity,Priority 2,0.4557675901742486,0.2621972594008923,0.17898398577941962,0.32456403484917723,0.7368421052631579,0.762,1.0,0.16666666666666666,1.0,0.599774331879881,Medium,2
C000587,P006,Mutual Fund Plan,Investment,Wealth,False,1,Premium High-Value,Premium Digital Customer,Low Risk,High Cross-Sell Opportunity,Priority 2,0.4334721878753981,0.2621972594008923,0.17898398577941962,0.32456403484917723,0.7368421052631579,0.762,1.0,0.16666666666666666,1.0,0.5942004813051684,Medium,3
C000587,P007,Term Insurance,Insurance,Protection,False,1,Premium High-Value,Premium Digital Customer,Low Risk,High Cross-Sell Opportunity,Priority 2,0.3852620906345241,0.2621972594008923,0.17898398577941962,0.32456403484917723,0.7368421052631579,0.762,1.0,0.16666666666666666,1.0,0.5821479569949499,Medium,4
C000587,P005,Home Loan,Loan,Lending,False,1,Premium High-Value,Premium Digital Customer,Low Risk,High Cross-Sell Opportunity,Priority 2,0.37901864363882,0.2621972594008923,0.17898398577941962,0.32456403484917723,0.7368421052631579,0.762,1.0,0.16666666666666666,1.0,0.5805870952460239,Medium,5
C000588,P008,Premium Banking,Banking,Premium,False,1,Core Active,Core Relationship Customer,Low Risk,Moderate Cross-Sell Opportunity,Priority 3,0.1999052203375701,0.10520766942851073,0.10490542259176294,0.06048096574422692,0.5131578947368421,0.352,0.7,0.16666666666666666,0.65,0.3573581898472876,Low,1
C000588,P004,Personal Loan,Loan,Lending,False,1,Core Active,Core Relationship Customer,Low Risk,Moderate Cross-Sell Opportunity,Priority 3,0.18702588631353148,0.10520766942851073,0.10490542259176294,0.06048096574422692,0.5131578947368421,0.352,0.7,0.16666666666666666,0.65,0.354138356341278,Low,2
C000588,P005,Home Loan,Loan,Lending,False,1,Core Active,Core Relationship Customer,Low Risk,Moderate Cross-Sell Opportunity,Priority 3,0.1506581971256145,0.10520766942851073,0.10490542259176294,0.06048096574422692,0.5131578947368421,0.352,0.7,0.16666666666666666,0.65,0.3450464340442988,Low,3
C000588,P007,Term Insurance,Insurance,Protection,False,1,Core Active,Core Relationship Customer,Low Risk,Moderate Cross-Sell Opportunity,Priority 3,0.13799155900401006,0.10520766942851073,0.10490542259176294,0.06048096574422692,0.5131578947368421,0.352,0.7,0.16666666666666666,0.65,0.3418797745138976,Low,4
C000589,P006,Mutual Fund Plan,Investment,Wealth,False,1,Dormant / Declining,Dormant Reactivation Target,Critical Risk,Low Cross-Sell Opportunity,Priority 4,0.20167198227153385,0.07874442319949013,0.05998512693279141,0.03427820094813834,0.09210526315789473,0.285,0.25,0.0,0.3,0.16098266968146568,Low,1
C000589,P008,Premium Banking,Banking,Premium,False,1,Dormant / Declining,Dormant Reactivation Target,Critical Risk,Low Cross-Sell Opportunity,Priority 4,0.18632428112210855,0.07874442319949013,0.05998512693279141,0.03427820094813834,0.09210526315789473,0.285,0.25,0.0,0.3,0.1571457443941094,Low,2
C000589,P005,Home Loan,Loan,Lending,False,1,Dormant / Declining,Dormant Reactivation Target,Critical Risk,Low Cross-Sell Opportunity,Priority 4,0.14698753605853815,0.07874442319949013,0.05998512693279141,0.03427820094813834,0.09210526315789473,0.285,0.25,0.0,0.3,0.14731155812821678,Low,3
C000589,P004,Personal Loan,Loan,Lending,False,1,Dormant / Declining,Dormant Reactivation Target,Critical Risk,Low Cross-Sell Opportunity,Priority 4,0.14669089226924825,0.07874442319949013,0.05998512693279141,0.03427820094813834,0.09210526315789473,0.285,0.25,0.0,0.3,0.1472373971808943,Low,4
C000589,P003,Rewards Credit Card,Credit Card,Cards,False,1,Dormant / Declining,Dormant Reactivation Target,Critical Risk,Low Cross-Sell Opportunity,Priority 4,0.14188219699077265,0.07874442319949013,0.05998512693279141,0.03427820094813834,0.09210526315789473,0.285,0.25,0.0,0.3,0.1460352233612754,Low,5
C000590,P003,Rewards Credit Card,Credit Card,Cards,False,1,Core Active,Core Relationship Customer,High Risk,Moderate Cross-Sell Opportunity,Priority 3,0.3386025308628516,0.04491980029742936,0.044088968745950335,0.0280016671385865,0.4868421052631579,0.748,0.7,0.0,0.65,0.37896090856467246,Low,1
C000590,P008,Premium Banking,Banking,Premium,False,1,Core Active,Core Relationship Customer,High Risk,Moderate Cross-Sell Opportunity,Priority 3,0.20992728017784978,0.04491980029742936,0.044088968745950335,0.0280016671385865,0.4868421052631579,0.748,0.7,0.0,0.65,0.34679209589342197,Low,2
C000590,P007,Term Insurance,Insurance,Protection,False,1,Core Active,Core Relationship Customer,High Risk,Moderate Cross-Sell Opportunity,Priority 3,0.1832004292954426,0.04491980029742936,0.044088968745950335,0.0280016671385865,0.4868421052631579,0.748,0.7,0.0,0.65,0.3401103831728203,Low,3
C000590,P006,Mutual Fund Plan,Investment,Wealth,False,1,Core Active,Core Relationship Customer,High Risk,Moderate Cross-Sell Opportunity,Priority 3,0.18086061351118313,0.04491980029742936,0.044088968745950335,0.0280016671385865,0.4868421052631579,0.748,0.7,0.0,0.65,0.3395254292267553,Low,4
C000590,P004,Personal Loan,Loan,Lending,False,1,Core Active,Core Relationship Customer,High Risk,Moderate Cross-Sell Opportunity,Priority 3,0.14805803988147026,0.04491980029742936,0.044088968745950335,0.0280016671385865,0.4868421052631579,0.748,0.7,0.0,0.65,0.3313247858193271,Low,5
C000590,P005,Home Loan,Loan,Lending,False,1,Core Active,Core Relationship Customer,High Risk,Moderate Cross-Sell Opportunity,Priority 3,0.10543299796805981,0.04491980029742936,0.044088968745950335,0.0280016671385865,0.4868421052631579,0.748,0.7,0.0,0.65,0.32066852534097456,Low,6
C000591,P003,Rewards Credit Card,Credit Card,Cards,False,1,Core Active,Core Digital Customer,Moderate Risk,Moderate Cross-Sell Opportunity,Priority 3,0.35288199399308,0.03305183768854897,0.044954177470132486,0.02154898107367837,0.3026315789473684,0.845,0.7,0.6333333333333333,0.65,0.4455589362114184,Low,1
C000591,P008,Premium Banking,Banking,Premium,False,1,Core Active,Core Digital Customer,Moderate Risk,Moderate Cross-Sell Opportunity,Priority 3,0.2687413725870206,0.03305183768854897,0.044954177470132486,0.02154898107367837,0.3026315789473684,0.845,0.7,0.6333333333333333,0.65,0.4245237808599036,Low,2
C000591,P006,Mutual Fund Plan,Investment,Wealth,False,1,Core Active,Core Digital Customer,Moderate Risk,Moderate Cross-Sell Opportunity,Priority 3,0.23626148752954929,0.03305183768854897,0.044954177470132486,0.02154898107367837,0.3026315789473684,0.845,0.7,0.6333333333333333,0.65,0.4164038095955357,Low,3
C000591,P004,Personal Loan,Loan,Lending,False,1,Core Active,Core Digital Customer,Moderate Risk,Moderate Cross-Sell Opportunity,Priority 3,0.11080513475888012,0.03305183768854897,0.044954177470132486,0.02154898107367837,0.3026315789473684,0.845,0.7,0.6333333333333333,0.65,0.38503972140286846,Low,4
C000591,P005,Home Loan,Loan,Lending,False,1,Core Active,Core Digital Customer,Moderate Risk,Moderate Cross-Sell Opportunity,Priority 3,0.08678279726172276,0.03305183768854897,0.044954177470132486,0.02154898107367837,0.3026315789473684,0.845,0.7,0.6333333333333333,0.65,0.37903413702857913,Low,5
C000592,P008,Premium Banking,Banking,Premium,False,1,Core Active,Core Relationship Customer,Low Risk,Moderate Cross-Sell Opportunity,Priority 3,0.21900288064045514,0.14808264287231782,0.03272424082911936,0.14035176250377304,0.4342105263157895,0.52,0.7,0.25,0.65,0.3839988276819458,Low,1
C000592,P004,Personal Loan,Loan,Lending,False,1,Core Active,Core Relationship Customer,Low Risk,Moderate Cross-Sell Opportunity,Priority 3,0.20993554192238956,0.14808264287231782,0.03272424082911936,0.14035176250377304,0.4342105263157895,0.52,0.7,0.25,0.65,0.38173199300242944,Low,2
C000592,P006,Mutual Fund Plan,Investment,Wealth,False,1,Core Active,Core Relationship Customer,Low Risk,Moderate Cross-Sell Opportunity,Priority 3,0.20823276569792643,0.14808264287231782,0.03272424082911936,0.14035176250377304,0.4342105263157895,0.52,0.7,0.25,0.65,0.3813062989463136,Low,3
C000592,P005,Home Loan,Loan,Lending,False,1,Core Active,Core Relationship Customer,Low Risk,Moderate Cross-Sell Opportunity,Priority 3,0.1647920813084171,0.14808264287231782,0.03272424082911936,0.14035176250377304,0.4342105263157895,0.52,0.7,0.25,0.65,0.37044612784893627,Low,4
C000592,P007,Term Insurance,Insurance,Protection,False,1,Core Active,Core Relationship Customer,Low Risk,Moderate Cross-Sell Opportunity,Priority 3,0.16018763909903708,0.14808264287231782,0.03272424082911936,0.14035176250377304,0.4342105263157895,0.52,0.7,0.25,0.65,0.3692950172965913,Low,5
C000593,P003,Rewards Credit Card,Credit Card,Cards,False,1,Core Active,Core Digital Customer,Moderate Risk,Moderate Cross-Sell Opportunity,Priority 3,0.3438358611199813,0.07207085192266836,0.1017855015887775,0.017663352013882853,0.3157894736842105,0.948,0.7,0.4666666666666667,0.65,0.4267082233838273,Low,1
C000593,P008,Premium Banking,Banking,Premium,False,1,Core Active,Core Digital Customer,Moderate Risk,Moderate Cross-Sell Opportunity,Priority 3,0.2735675691748684,0.07207085192266836,0.1017855015887775,0.017663352013882853,0.3157894736842105,0.948,0.7,0.4666666666666667,0.65,0.40914115039754906,Low,2
C000593,P006,Mutual Fund Plan,Investment,Wealth,False,1,Core Active,Core Digital Customer,Moderate Risk,Moderate Cross-Sell Opportunity,Priority 3,0.2336388335426845,0.07207085192266836,0.1017855015887775,0.017663352013882853,0.3157894736842105,0.948,0.7,0.4666666666666667,0.65,0.399158966489503,Low,3
C000593,P007,Term Insurance,Insurance,Protection,False,1,Core Active,Core Digital Customer,Moderate Risk,Moderate Cross-Sell Opportunity,Priority 3,0.20877225611500527,0.07207085192266836,0.1017855015887775,0.017663352013882853,0.3157894736842105,0.948,0.7,0.4666666666666667,0.65,0.3929423221325833,Low,4
C000593,P004,Personal Loan,Loan,Lending,False,1,Core Active,Core Digital Customer,Moderate Risk,Moderate Cross-Sell Opportunity,Priority 3,0.12599343905818408,0.07207085192266836,0.1017855015887775,0.017663352013882853,0.3157894736842105,0.948,0.7,0.4666666666666667,0.65,0.3722476178683779,Low,5
C000593,P005,Home Loan,Loan,Lending,False,1,Core Active,Core Digital Customer,Moderate Risk,Moderate Cross-Sell Opportunity,Priority 3,0.11151952432282479,0.07207085192266836,0.1017855015887775,0.017663352013882853,0.3157894736842105,0.948,0.7,0.4666666666666667,0.65,0.3686291391845381,Low,6
C000594,P008,Premium Banking,Banking,Premium,False,1,Premium High-Value,Premium Digital Customer,Low Risk,Moderate Cross-Sell Opportunity,Priority 2,0.5660297734992458,0.45753133630762693,0.16325828453945013,0.39915493642165156,0.881578947368421,1.0,1.0,0.5416666666666666,0.65,0.7519172194082667,High,1
C000594,P004,Personal Loan,Loan,Lending,False,1,Premium High-Value,Premium Digital Customer,Low Risk,Moderate Cross-Sell Opportunity,Priority 2,0.5496190582622547,0.45753133630762693,0.16325828453945013,0.39915493642165156,0.881578947368421,1.0,1.0,0.5416666666666666,0.65,0.747814540599019,Medium,2
C000594,P005,Home Loan,Loan,Lending,False,1,Premium High-Value,Premium Digital Customer,Low Risk,Moderate Cross-Sell Opportunity,Priority 2,0.4689109793795462,0.45753133630762693,0.16325828453945013,0.39915493642165156,0.881578947368421,1.0,1.0,0.5416666666666666,0.65,0.7276375208783418,Medium,3
C000595,P008,Premium Banking,Banking,Premium,False,1,Premium High-Value,Premium Relationship Customer,High Risk,Low Cross-Sell Opportunity,Priority 3,0.42407724355648324,0.2524033354578288,0.19828020118111295,0.13471582482709513,0.5,0.547,1.0,0.525,0.3,0.5536999779806866,Medium,1
C000595,P005,Home Loan,Loan,Lending,False,1,Premium High-Value,Premium Relationship Customer,High Risk,Low Cross-Sell Opportunity,Priority 3,0.3697450861093524,0.2524033354578288,0.19828020118111295,0.13471582482709513,0.5,0.547,1.0,0.525,0.3,0.540116938618904,Low,2
C000596,P008,Premium Banking,Banking,Premium,False,1,Premium High-Value,Premium Digital Customer,Moderate Risk,Moderate Cross-Sell Opportunity,Priority 2,0.42201480536000346,0.24670172084130018,0.06856490969100137,0.20890395917379453,0.5263157894736842,1.0,1.0,0.5,0.65,0.6162914139293136,Medium,1
C000596,P006,Mutual Fund Plan,Investment,Wealth,False,1,Premium High-Value,Premium Digital Customer,Moderate Risk,Moderate Cross-Sell Opportunity,Priority 2,0.3723021616818426,0.24670172084130018,0.06856490969100137,0.20890395917379453,0.5263157894736842,1.0,1.0,0.5,0.65,0.6038632530097734,Medium,2
C000596,P007,Term Insurance,Insurance,Protection,False,1,Premium High-Value,Premium Digital Customer,Moderate Risk,Moderate Cross-Sell Opportunity,Priority 2,0.3348328010244498,0.24670172084130018,0.06856490969100137,0.20890395917379453,0.5263157894736842,1.0,1.0,0.5,0.65,0.5944959128454251,Medium,3
C000596,P004,Personal Loan,Loan,Lending,False,1,Premium High-Value,Premium Digital Customer,Moderate Risk,Moderate Cross-Sell Opportunity,Priority 2,0.31220127140105325,0.24670172084130018,0.06856490969100137,0.20890395917379453,0.5263157894736842,1.0,1.0,0.5,0.65,0.588838030439576,Medium,4
C000597,P007,Term Insurance,Insurance,Protection,False,1,Core Active,Core Relationship Customer,Moderate Risk,Moderate Cross-Sell Opportunity,Priority 3,0.3016157063330955,0.10162258338644573,0.086970068388864,0.016105549310015826,0.3157894736842105,0.438,0.7,0.0,0.65,0.3443968643131946,Low,1
C000597,P008,Premium Banking,Banking,Premium,False,1,Core Active,Core Relationship Customer,Moderate Risk,Moderate Cross-Sell Opportunity,Priority 3,0.22636086538318945,0.10162258338644573,0.086970068388864,0.016105549310015826,0.3157894736842105,0.438,0.7,0.0,0.65,0.32558315407571814,Low,2
C000597,P006,Mutual Fund Plan,Investment,Wealth,False,1,Core Active,Core Relationship Customer,Moderate Risk,Moderate Cross-Sell Opportunity,Priority 3,0.2260125895211205,0.10162258338644573,0.086970068388864,0.016105549310015826,0.3157894736842105,0.438,0.7,0.0,0.65,0.3254960851102009,Low,3
C000597,P004,Personal Loan,Loan,Lending,False,1,Core Active,Core Relationship Customer,Moderate Risk,Moderate Cross-Sell Opportunity,Priority 3,0.1745664622869017,0.10162258338644573,0.086970068388864,0.016105549310015826,0.3157894736842105,0.438,0.7,0.0,0.65,0.31263455330164613,Low,4
C000597,P005,Home Loan,Loan,Lending,False,1,Core Active,Core Relationship Customer,Moderate Risk,Moderate Cross-Sell Opportunity,Priority 3,0.15950359941513093,0.10162258338644573,0.086970068388864,0.016105549310015826,0.3157894736842105,0.438,0.7,0.0,0.65,0.3088688375837034,Low,5
C000598,P003,Rewards Credit Card,Credit Card,Cards,False,1,Core Active,Core Digital Customer,High Risk,Moderate Cross-Sell Opportunity,Priority 3,0.34218649054773,0.06008604206500956,0.04603664894217143,0.011699406689300135,0.2894736842105263,0.91,0.7,0.2,0.65,0.38948488368151335,Low,1
C000598,P008,Premium Banking,Banking,Premium,False,1,Core Active,Core Digital Customer,High Risk,Moderate Cross-Sell Opportunity,Priority 3,0.27926731426115314,0.06008604206500956,0.04603664894217143,0.011699406689300135,0.2894736842105263,0.91,0.7,0.2,0.65,0.37375508960986914,Low,2
C000598,P007,Term Insurance,Insurance,Protection,False,1,Core Active,Core Digital Customer,High Risk,Moderate Cross-Sell Opportunity,Priority 3,0.2548116601198404,0.06008604206500956,0.04603664894217143,0.011699406689300135,0.2894736842105263,0.91,0.7,0.2,0.65,0.36764117607454094,Low,3
C000598,P006,Mutual Fund Plan,Investment,Wealth,False,1,Core Active,Core Digital Customer,High Risk,Moderate Cross-Sell Opportunity,Priority 3,0.2504339809278198,0.06008604206500956,0.04603664894217143,0.011699406689300135,0.2894736842105263,0.91,0.7,0.2,0.65,0.3665467562765359,Low,4
C000598,P004,Personal Loan,Loan,Lending,False,1,Core Active,Core Digital Customer,High Risk,Moderate Cross-Sell Opportunity,Priority 3,0.1351659281407939,0.06008604206500956,0.04603664894217143,0.011699406689300135,0.2894736842105263,0.91,0.7,0.2,0.65,0.3377297430797793,Low,5
C000598,P005,Home Loan,Loan,Lending,False,1,Core Active,Core Digital Customer,High Risk,Moderate Cross-Sell Opportunity,Priority 3,0.11495841849538745,0.06008604206500956,0.04603664894217143,0.011699406689300135,0.2894736842105263,0.91,0.7,0.2,0.65,0.3326778656684277,Low,6
C000599,P007,Term Insurance,Insurance,Protection,False,1,Core Active,Core Relationship Customer,High Risk,Moderate Cross-Sell Opportunity,Priority 3,0.3083065269648829,0.08215158274909709,0.08246273961339107,0.0907422411239355,0.47368421052631576,0.235,0.7,0.625,0.65,0.3880595798699875,Low,1
C000599,P003,Rewards Credit Card,Credit Card,Cards,False,1,Core Active,Core Relationship Customer,High Risk,Moderate Cross-Sell Opportunity,Priority 3,0.2855794539927775,0.08215158274909709,0.08246273961339107,0.0907422411239355,0.47368421052631576,0.235,0.7,0.625,0.65,0.38237781162696116,Low,2
C000599,P006,Mutual Fund Plan,Investment,Wealth,False,1,Core Active,Core Relationship Customer,High Risk,Moderate Cross-Sell Opportunity,Priority 3,0.22572387357693144,0.08215158274909709,0.08246273961339107,0.0907422411239355,0.47368421052631576,0.235,0.7,0.625,0.65,0.3674139165229996,Low,3
C000599,P004,Personal Loan,Loan,Lending,False,1,Core Active,Core Relationship Customer,High Risk,Moderate Cross-Sell Opportunity,Priority 3,0.21800362437265014,0.08215158274909709,0.08246273961339107,0.0907422411239355,0.47368421052631576,0.235,0.7,0.625,0.65,0.3654838542219293,Low,4
C000599,P008,Premium Banking,Banking,Premium,False,1,Core Active,Core Relationship Customer,High Risk,Moderate Cross-Sell Opportunity,Priority 3,0.21477272415164406,0.08215158274909709,0.08246273961339107,0.0907422411239355,0.47368421052631576,0.235,0.7,0.625,0.65,0.3646761291666778,Low,5
C000599,P005,Home Loan,Loan,Lending,False,1,Core Active,Core Relationship Customer,High Risk,Moderate Cross-Sell Opportunity,Priority 3,0.1780379692870885,0.08215158274909709,0.08246273961339107,0.0907422411239355,0.47368421052631576,0.235,0.7,0.625,0.65,0.35549244045053896,Low,6
C000600,P008,Premium Banking,Banking,Premium,False,1,Premium High-Value,Premium Relationship Customer,Moderate Risk,Moderate Cross-Sell Opportunity,Priority 2,0.49780203458486005,0.4191602931803697,0.16243743653709727,0.5260252107986472,0.7763157894736842,0.504,1.0,0.16666666666666666,0.65,0.6242966023700083,Medium,1
C000600,P007,Term Insurance,Insurance,Protection,False,1,Premium High-Value,Premium Relationship Customer,Moderate Risk,Moderate Cross-Sell Opportunity,Priority 2,0.42296344117357076,0.4191602931803697,0.16243743653709727,0.5260252107986472,0.7763157894736842,0.504,1.0,0.16666666666666666,0.65,0.605586954017186,Medium,2
