customer_id,product_id,product_name,product_type,category,indicative_rate,minimum_value,priority,already_owned,eligible,annual_income,average_account_balance,monthly_spending,transaction_count,recency_days,digital_usage_score,products_held,engagement_score,average_suitability_score,recommendation_acceptance_rate,recommendation_conversion_rate,debit_ratio,credit_ratio,spending_trend,primary_segment,customer_persona,retention_risk,cross_sell_opportunity,genai_targeting_priority
C000001,P003,Rewards Credit Card,Credit Card,Cards,0.28,30000,2,True,False,153580,237304,8123.64,50,1.2,0.724,3,0.738,0.5178,0.4,0.5,0.802,0.198,0.119,Premium High-Value,Premium Digital Customer,Low Risk,Moderate Cross-Sell Opportunity,Priority 2
C000001,P004,Personal Loan,Loan,Lending,0.115,75000,3,False,True,153580,237304,8123.64,50,1.2,0.724,3,0.738,0.5178,0.4,0.5,0.802,0.198,0.119,Premium High-Value,Premium Digital Customer,Low Risk,Moderate Cross-Sell Opportunity,Priority 2
C000001,P005,Home Loan,Loan,Lending,0.082,500000,4,False,True,153580,237304,8123.64,50,1.2,0.724,3,0.738,0.5178,0.4,0.5,0.802,0.198,0.119,Premium High-Value,Premium Digital Customer,Low Risk,Moderate Cross-Sell Opportunity,Priority 2
C000001,P006,Mutual Fund Plan,Investment,Wealth,0.1,10000,3,False,True,153580,237304,8123.64,50,1.2,0.724,3,0.738,0.5178,0.4,0.5,0.802,0.198,0.119,Premium High-Value,Premium Digital Customer,Low Risk,Moderate Cross-Sell Opportunity,Priority 2
C000001,P007,Term Insurance,Insurance,Protection,0.0,500000,3,True,False,153580,237304,8123.64,50,1.2,0.724,3,0.738,0.5178,0.4,0.5,0.802,0.198,0.119,Premium High-Value,Premium Digital Customer,Low Risk,Moderate Cross-Sell Opportunity,Priority 2
C000001,P008,Premium Banking,Banking,Premium,0.0,1000000,5,False,True,153580,237304,8123.64,50,1.2,0.724,3,0.738,0.5178,0.4,0.5,0.802,0.198,0.119,Premium High-Value,Premium Digital Customer,Low Risk,Moderate Cross-Sell Opportunity,Priority 2
C000002,P003,Rewards Credit Card,Credit Card,Cards,0.28,30000,2,True,False,40691,198154,1694.73,41,1.8,0.578,3,0.604,0.3309999999999999,0.25,0.0,0.686,0.314,0.112,Core Active,Core Relationship Customer,Low Risk,Low Cross-Sell Opportunity,Priority 3
C000002,P004,Personal Loan,Loan,Lending,0.115,75000,3,False,True,40691,198154,1694.73,41,1.8,0.578,3,0.604,0.3309999999999999,0.25,0.0,0.686,0.314,0.112,Core Active,Core Relationship Customer,Low Risk,Low Cross-Sell Opportunity,Priority 3
C000002,P005,Home Loan,Loan,Lending,0.082,500000,4,False,True,40691,198154,1694.73,41,1.8,0.578,3,0.604,0.3309999999999999,0.25,0.0,0.686,0.314,0.112,Core Active,Core Relationship Customer,Low Risk,Low Cross-Sell Opportunity,Priority 3
C000002,P006,Mutual Fund Plan,Investment,Wealth,0.1,10000,3,False,True,40691,198154,1694.73,41,1.8,0.578,3,0.604,0.3309999999999999,0.25,0.0,0.686,0.314,0.112,Core Active,Core Relationship Customer,Low Risk,Low Cross-Sell Opportunity,Priority 3
C000002,P007,Term Insurance,Insurance,Protection,0.0,500000,3,True,False,40691,198154,1694.73,41,1.8,0.578,3,0.604,0.3309999999999999,0.25,0.0,0.686,0.314,0.112,Core Active,Core Relationship Customer,Low Risk,Low Cross-Sell Opportunity,Priority 3
C000002,P008,Premium Banking,Banking,Premium,0.0,1000000,5,False,True,40691,198154,1694.73,41,1.8,0.578,3,0.604,0.3309999999999999,0.25,0.0,0.686,0.314,0.112,Core Active,Core Relationship Customer,Low Risk,Low Cross-Sell Opportunity,Priority 3
C000003,P003,Rewards Credit Card,Credit Card,Cards,0.28,30000,2,True,False,76144,118768,3134.01,38,4.4,0.488,2,0.504,0.294,1.0,0.0,0.722,0.278,0.181,Core Active,Core Relationship Customer,Low Risk,Moderate Cross-Sell Opportunity,Priority 3
C000003,P004,Personal Loan,Loan,Lending,0.115,75000,3,False,True,76144,118768,3134.01,38,4.4,0.488,2,0.504,0.294,1.0,0.0,0.722,0.278,0.181,Core Active,Core Relationship Customer,Low Risk,Moderate Cross-Sell Opportunity,Priority 3
C000003,P005,Home Loan,Loan,Lending,0.082,500000,4,False,True,76144,118768,3134.01,38,4.4,0.488,2,0.504,0.294,1.0,0.0,0.722,0.278,0.181,Core Active,Core Relationship Customer,Low Risk,Moderate Cross-Sell Opportunity,Priority 3
C000003,P006,Mutual Fund Plan,Investment,Wealth,0.1,10000,3,False,True,76144,118768,3134.01,38,4.4,0.488,2,0.504,0.294,1.0,0.0,0.722,0.278,0.181,Core Active,Core Relationship Customer,Low Risk,Moderate Cross-Sell Opportunity,Priority 3
C000003,P007,Term Insurance,Insurance,Protection,0.0,500000,3,False,True,76144,118768,3134.01,38,4.4,0.488,2,0.504,0.294,1.0,0.0,0.722,0.278,0.181,Core Active,Core Relationship Customer,Low Risk,Moderate Cross-Sell Opportunity,Priority 3
C000003,P008,Premium Banking,Banking,Premium,0.0,1000000,5,False,True,76144,118768,3134.01,38,4.4,0.488,2,0.504,0.294,1.0,0.0,0.722,0.278,0.181,Core Active,Core Relationship Customer,Low Risk,Moderate Cross-Sell Opportunity,Priority 3
C000004,P003,Rewards Credit Card,Credit Card,Cards,0.28,30000,2,True,False,230937,791865,8689.07,48,3.7,0.847,3,0.612,0.727,0.0,0.0,0.715,0.285,0.064,Premium High-Value,Premium Digital Customer,Low Risk,Moderate Cross-Sell Opportunity,Priority 2
C000004,P004,Personal Loan,Loan,Lending,0.115,75000,3,False,True,230937,791865,8689.07,48,3.7,0.847,3,0.612,0.727,0.0,0.0,0.715,0.285,0.064,Premium High-Value,Premium Digital Customer,Low Risk,Moderate Cross-Sell Opportunity,Priority 2
C000004,P005,Home Loan,Loan,Lending,0.082,500000,4,False,True,230937,791865,8689.07,48,3.7,0.847,3,0.612,0.727,0.0,0.0,0.715,0.285,0.064,Premium High-Value,Premium Digital Customer,Low Risk,Moderate Cross-Sell Opportunity,Priority 2
C000004,P006,Mutual Fund Plan,Investment,Wealth,0.1,10000,3,True,False,230937,791865,8689.07,48,3.7,0.847,3,0.612,0.727,0.0,0.0,0.715,0.285,0.064,Premium High-Value,Premium Digital Customer,Low Risk,Moderate Cross-Sell Opportunity,Priority 2
C000004,P007,Term Insurance,Insurance,Protection,0.0,500000,3,True,False,230937,791865,8689.07,48,3.7,0.847,3,0.612,0.727,0.0,0.0,0.715,0.285,0.064,Premium High-Value,Premium Digital Customer,Low Risk,Moderate Cross-Sell Opportunity,Priority 2
C000004,P008,Premium Banking,Banking,Premium,0.0,1000000,5,False,True,230937,791865,8689.07,48,3.7,0.847,3,0.612,0.727,0.0,0.0,0.715,0.285,0.064,Premium High-Value,Premium Digital Customer,Low Risk,Moderate Cross-Sell Opportunity,Priority 2
C000005,P003,Rewards Credit Card,Credit Card,Cards,0.28,30000,2,False,True,194430,1379040,4374.95,57,21.0,0.706,2,0.387,0.5660000000000001,0.4,0.5,0.566,0.434,0.205,Premium High-Value,Premium Relationship Customer,Moderate Risk,Moderate Cross-Sell Opportunity,Priority 2
C000005,P004,Personal Loan,Loan,Lending,0.115,75000,3,True,False,194430,1379040,4374.95,57,21.0,0.706,2,0.387,0.5660000000000001,0.4,0.5,0.566,0.434,0.205,Premium High-Value,Premium Relationship Customer,Moderate Risk,Moderate Cross-Sell Opportunity,Priority 2
C000005,P005,Home Loan,Loan,Lending,0.082,500000,4,False,True,194430,1379040,4374.95,57,21.0,0.706,2,0.387,0.5660000000000001,0.4,0.5,0.566,0.434,0.205,Premium High-Value,Premium Relationship Customer,Moderate Risk,Moderate Cross-Sell Opportunity,Priority 2
C000005,P006,Mutual Fund Plan,Investment,Wealth,0.1,10000,3,False,True,194430,1379040,4374.95,57,21.0,0.706,2,0.387,0.5660000000000001,0.4,0.5,0.566,0.434,0.205,Premium High-Value,Premium Relationship Customer,Moderate Risk,Moderate Cross-Sell Opportunity,Priority 2
C000005,P007,Term Insurance,Insurance,Protection,0.0,500000,3,False,True,194430,1379040,4374.95,57,21.0,0.706,2,0.387,0.5660000000000001,0.4,0.5,0.566,0.434,0.205,Premium High-Value,Premium Relationship Customer,Moderate Risk,Moderate Cross-Sell Opportunity,Priority 2
C000005,P008,Premium Banking,Banking,Premium,0.0,1000000,5,False,True,194430,1379040,4374.95,57,21.0,0.706,2,0.387,0.5660000000000001,0.4,0.5,0.566,0.434,0.205,Premium High-Value,Premium Relationship Customer,Moderate Risk,Moderate Cross-Sell Opportunity,Priority 2
C000006,P003,Rewards Credit Card,Credit Card,Cards,0.28,30000,2,True,False,69776,141956,3378.64,40,16.0,0.699,4,0.537,0.3406,0.2,0.0,0.915,0.085,0.121,Core Active,Core Relationship Customer,Moderate Risk,Low Cross-Sell Opportunity,Priority 3
C000006,P004,Personal Loan,Loan,Lending,0.115,75000,3,True,False,69776,141956,3378.64,40,16.0,0.699,4,0.537,0.3406,0.2,0.0,0.915,0.085,0.121,Core Active,Core Relationship Customer,Moderate Risk,Low Cross-Sell Opportunity,Priority 3
C000006,P005,Home Loan,Loan,Lending,0.082,500000,4,False,True,69776,141956,3378.64,40,16.0,0.699,4,0.537,0.3406,0.2,0.0,0.915,0.085,0.121,Core Active,Core Relationship Customer,Moderate Risk,Low Cross-Sell Opportunity,Priority 3
C000006,P006,Mutual Fund Plan,Investment,Wealth,0.1,10000,3,True,False,69776,141956,3378.64,40,16.0,0.699,4,0.537,0.3406,0.2,0.0,0.915,0.085,0.121,Core Active,Core Relationship Customer,Moderate Risk,Low Cross-Sell Opportunity,Priority 3
C000006,P007,Term Insurance,Insurance,Protection,0.0,500000,3,False,True,69776,141956,3378.64,40,16.0,0.699,4,0.537,0.3406,0.2,0.0,0.915,0.085,0.121,Core Active,Core Relationship Customer,Moderate Risk,Low Cross-Sell Opportunity,Priority 3
C000006,P008,Premium Banking,Banking,Premium,0.0,1000000,5,False,True,69776,141956,3378.64,40,16.0,0.699,4,0.537,0.3406,0.2,0.0,0.915,0.085,0.121,Core Active,Core Relationship Customer,Moderate Risk,Low Cross-Sell Opportunity,Priority 3
C000007,P003,Rewards Credit Card,Credit Card,Cards,0.28,30000,2,True,False,76951,592471,5312.78,19,31.9,0.491,5,0.277,0.179,0.5,1.0,0.841,0.159,-0.077,Core Active,Core Relationship Customer,Critical Risk,Low Cross-Sell Opportunity,Priority 3
C000007,P004,Personal Loan,Loan,Lending,0.115,75000,3,True,False,76951,592471,5312.78,19,31.9,0.491,5,0.277,0.179,0.5,1.0,0.841,0.159,-0.077,Core Active,Core Relationship Customer,Critical Risk,Low Cross-Sell Opportunity,Priority 3
C000007,P005,Home Loan,Loan,Lending,0.082,500000,4,False,True,76951,592471,5312.78,19,31.9,0.491,5,0.277,0.179,0.5,1.0,0.841,0.159,-0.077,Core Active,Core Relationship Customer,Critical Risk,Low Cross-Sell Opportunity,Priority 3
C000007,P006,Mutual Fund Plan,Investment,Wealth,0.1,10000,3,True,False,76951,592471,5312.78,19,31.9,0.491,5,0.277,0.179,0.5,1.0,0.841,0.159,-0.077,Core Active,Core Relationship Customer,Critical Risk,Low Cross-Sell Opportunity,Priority 3
C000007,P007,Term Insurance,Insurance,Protection,0.0,500000,3,False,True,76951,592471,5312.78,19,31.9,0.491,5,0.277,0.179,0.5,1.0,0.841,0.159,-0.077,Core Active,Core Relationship Customer,Critical Risk,Low Cross-Sell Opportunity,Priority 3
C000007,P008,Premium Banking,Banking,Premium,0.0,1000000,5,False,True,76951,592471,5312.78,19,31.9,0.491,5,0.277,0.179,0.5,1.0,0.841,0.159,-0.077,Core Active,Core Relationship Customer,Critical Risk,Low Cross-Sell Opportunity,Priority 3
C000008,P003,Rewards Credit Card,Credit Card,Cards,0.28,30000,2,False,True,46477,111964,1000.0,7,180.0,0.12,2,0.19,0.126,0.3333333333333333,1.0,0.768,0.232,0.017,Dormant / Declining,Dormant Reactivation Target,Critical Risk,Low Cross-Sell Opportunity,Priority 4
C000008,P004,Personal Loan,Loan,Lending,0.115,75000,3,True,False,46477,111964,1000.0,7,180.0,0.12,2,0.19,0.126,0.3333333333333333,1.0,0.768,0.232,0.017,Dormant / Declining,Dormant Reactivation Target,Critical Risk,Low Cross-Sell Opportunity,Priority 4
C000008,P005,Home Loan,Loan,Lending,0.082,500000,4,False,True,46477,111964,1000.0,7,180.0,0.12,2,0.19,0.126,0.3333333333333333,1.0,0.768,0.232,0.017,Dormant / Declining,Dormant Reactivation Target,Critical Risk,Low Cross-Sell Opportunity,Priority 4
C000008,P006,Mutual Fund Plan,Investment,Wealth,0.1,10000,3,False,True,46477,111964,1000.0,7,180.0,0.12,2,0.19,0.126,0.3333333333333333,1.0,0.768,0.232,0.017,Dormant / Declining,Dormant Reactivation Target,Critical Risk,Low Cross-Sell Opportunity,Priority 4
C000008,P007,Term Insurance,Insurance,Protection,0.0,500000,3,False,True,46477,111964,1000.0,7,180.0,0.12,2,0.19,0.126,0.3333333333333333,1.0,0.768,0.232,0.017,Dormant / Declining,Dormant Reactivation Target,Critical Risk,Low Cross-Sell Opportunity,Priority 4
C000008,P008,Premium Banking,Banking,Premium,0.0,1000000,5,False,True,46477,111964,1000.0,7,180.0,0.12,2,0.19,0.126,0.3333333333333333,1.0,0.768,0.232,0.017,Dormant / Declining,Dormant Reactivation Target,Critical Risk,Low Cross-Sell Opportunity,Priority 4
C000009,P003,Rewards Credit Card,Credit Card,Cards,0.28,30000,2,False,True,56869,61634,2813.65,38,8.6,0.213,4,0.506,0.38225,0.0,0.0,0.719,0.281,-0.146,Core Active,Core Relationship Customer,High Risk,Low Cross-Sell Opportunity,Priority 4
C000009,P004,Personal Loan,Loan,Lending,0.115,75000,3,False,True,56869,61634,2813.65,38,8.6,0.213,4,0.506,0.38225,0.0,0.0,0.719,0.281,-0.146,Core Active,Core Relationship Customer,High Risk,Low Cross-Sell Opportunity,Priority 4
C000009,P005,Home Loan,Loan,Lending,0.082,500000,4,True,False,56869,61634,2813.65,38,8.6,0.213,4,0.506,0.38225,0.0,0.0,0.719,0.281,-0.146,Core Active,Core Relationship Customer,High Risk,Low Cross-Sell Opportunity,Priority 4
C000009,P006,Mutual Fund Plan,Investment,Wealth,0.1,10000,3,True,False,56869,61634,2813.65,38,8.6,0.213,4,0.506,0.38225,0.0,0.0,0.719,0.281,-0.146,Core Active,Core Relationship Customer,High Risk,Low Cross-Sell Opportunity,Priority 4
C000009,P007,Term Insurance,Insurance,Protection,0.0,500000,3,False,True,56869,61634,2813.65,38,8.6,0.213,4,0.506,0.38225,0.0,0.0,0.719,0.281,-0.146,Core Active,Core Relationship Customer,High Risk,Low Cross-Sell Opportunity,Priority 4
C000009,P008,Premium Banking,Banking,Premium,0.0,1000000,5,False,True,56869,61634,2813.65,38,8.6,0.213,4,0.506,0.38225,0.0,0.0,0.719,0.281,-0.146,Core Active,Core Relationship Customer,High Risk,Low Cross-Sell Opportunity,Priority 4
C000010,P003,Rewards Credit Card,Credit Card,Cards,0.28,30000,2,False,True,46470,48989,1458.12,16,14.9,0.284,3,0.293,0.2362,0.0,0.0,0.607,0.393,-0.265,Core Active,Core Relationship Customer,Critical Risk,Low Cross-Sell Opportunity,Priority 4
C000010,P004,Personal Loan,Loan,Lending,0.115,75000,3,True,False,46470,48989,1458.12,16,14.9,0.284,3,0.293,0.2362,0.0,0.0,0.607,0.393,-0.265,Core Active,Core Relationship Customer,Critical Risk,Low Cross-Sell Opportunity,Priority 4
C000010,P005,Home Loan,Loan,Lending,0.082,500000,4,True,False,46470,48989,1458.12,16,14.9,0.284,3,0.293,0.2362,0.0,0.0,0.607,0.393,-0.265,Core Active,Core Relationship Customer,Critical Risk,Low Cross-Sell Opportunity,Priority 4
C000010,P006,Mutual Fund Plan,Investment,Wealth,0.1,10000,3,False,True,46470,48989,1458.12,16,14.9,0.284,3,0.293,0.2362,0.0,0.0,0.607,0.393,-0.265,Core Active,Core Relationship Customer,Critical Risk,Low Cross-Sell Opportunity,Priority 4
C000010,P007,Term Insurance,Insurance,Protection,0.0,500000,3,False,True,46470,48989,1458.12,16,14.9,0.284,3,0.293,0.2362,0.0,0.0,0.607,0.393,-0.265,Core Active,Core Relationship Customer,Critical Risk,Low Cross-Sell Opportunity,Priority 4
C000010,P008,Premium Banking,Banking,Premium,0.0,1000000,5,False,True,46470,48989,1458.12,16,14.9,0.284,3,0.293,0.2362,0.0,0.0,0.607,0.393,-0.265,Core Active,Core Relationship Customer,Critical Risk,Low Cross-Sell Opportunity,Priority 4
C000011,P003,Rewards Credit Card,Credit Card,Cards,0.28,30000,2,False,True,33360,328453,1000.0,29,8.3,0.802,1,0.596,0.395,0.5,0.0,0.792,0.208,-0.189,Core Active,Core Digital Customer,High Risk,Moderate Cross-Sell Opportunity,Priority 3
C000011,P004,Personal Loan,Loan,Lending,0.115,75000,3,False,True,33360,328453,1000.0,29,8.3,0.802,1,0.596,0.395,0.5,0.0,0.792,0.208,-0.189,Core Active,Core Digital Customer,High Risk,Moderate Cross-Sell Opportunity,Priority 3
C000011,P005,Home Loan,Loan,Lending,0.082,500000,4,False,True,33360,328453,1000.0,29,8.3,0.802,1,0.596,0.395,0.5,0.0,0.792,0.208,-0.189,Core Active,Core Digital Customer,High Risk,Moderate Cross-Sell Opportunity,Priority 3
C000011,P006,Mutual Fund Plan,Investment,Wealth,0.1,10000,3,False,True,33360,328453,1000.0,29,8.3,0.802,1,0.596,0.395,0.5,0.0,0.792,0.208,-0.189,Core Active,Core Digital Customer,High Risk,Moderate Cross-Sell Opportunity,Priority 3
C000011,P007,Term Insurance,Insurance,Protection,0.0,500000,3,False,True,33360,328453,1000.0,29,8.3,0.802,1,0.596,0.395,0.5,0.0,0.792,0.208,-0.189,Core Active,Core Digital Customer,High Risk,Moderate Cross-Sell Opportunity,Priority 3
C000011,P008,Premium Banking,Banking,Premium,0.0,1000000,5,False,True,33360,328453,1000.0,29,8.3,0.802,1,0.596,0.395,0.5,0.0,0.792,0.208,-0.189,Core Active,Core Digital Customer,High Risk,Moderate Cross-Sell Opportunity,Priority 3
C000012,P003,Rewards Credit Card,Credit Card,Cards,0.28,30000,2,True,False,255850,432737,14227.09,50,6.3,0.569,5,0.712,0.4352,0.2,1.0,0.759,0.241,-0.049,Premium High-Value,Premium Relationship Customer,Moderate Risk,Moderate Cross-Sell Opportunity,Priority 2
C000012,P004,Personal Loan,Loan,Lending,0.115,75000,3,False,True,255850,432737,14227.09,50,6.3,0.569,5,0.712,0.4352,0.2,1.0,0.759,0.241,-0.049,Premium High-Value,Premium Relationship Customer,Moderate Risk,Moderate Cross-Sell Opportunity,Priority 2
C000012,P005,Home Loan,Loan,Lending,0.082,500000,4,False,True,255850,432737,14227.09,50,6.3,0.569,5,0.712,0.4352,0.2,1.0,0.759,0.241,-0.049,Premium High-Value,Premium Relationship Customer,Moderate Risk,Moderate Cross-Sell Opportunity,Priority 2
C000012,P006,Mutual Fund Plan,Investment,Wealth,0.1,10000,3,True,False,255850,432737,14227.09,50,6.3,0.569,5,0.712,0.4352,0.2,1.0,0.759,0.241,-0.049,Premium High-Value,Premium Relationship Customer,Moderate Risk,Moderate Cross-Sell Opportunity,Priority 2
C000012,P007,Term Insurance,Insurance,Protection,0.0,500000,3,False,True,255850,432737,14227.09,50,6.3,0.569,5,0.712,0.4352,0.2,1.0,0.759,0.241,-0.049,Premium High-Value,Premium Relationship Customer,Moderate Risk,Moderate Cross-Sell Opportunity,Priority 2
C000012,P008,Premium Banking,Banking,Premium,0.0,1000000,5,True,False,255850,432737,14227.09,50,6.3,0.569,5,0.712,0.4352,0.2,1.0,0.759,0.241,-0.049,Premium High-Value,Premium Relationship Customer,Moderate Risk,Moderate Cross-Sell Opportunity,Priority 2
C000013,P003,Rewards Credit Card,Credit Card,Cards,0.28,30000,2,False,True,95948,499625,2401.29,43,6.4,0.776,3,0.657,0.51,0.5,1.0,0.751,0.249,0.065,Premium High-Value,Premium Digital Customer,Low Risk,Moderate Cross-Sell Opportunity,Priority 2
C000013,P004,Personal Loan,Loan,Lending,0.115,75000,3,True,False,95948,499625,2401.29,43,6.4,0.776,3,0.657,0.51,0.5,1.0,0.751,0.249,0.065,Premium High-Value,Premium Digital Customer,Low Risk,Moderate Cross-Sell Opportunity,Priority 2
C000013,P005,Home Loan,Loan,Lending,0.082,500000,4,False,True,95948,499625,2401.29,43,6.4,0.776,3,0.657,0.51,0.5,1.0,0.751,0.249,0.065,Premium High-Value,Premium Digital Customer,Low Risk,Moderate Cross-Sell Opportunity,Priority 2
C000013,P006,Mutual Fund Plan,Investment,Wealth,0.1,10000,3,True,False,95948,499625,2401.29,43,6.4,0.776,3,0.657,0.51,0.5,1.0,0.751,0.249,0.065,Premium High-Value,Premium Digital Customer,Low Risk,Moderate Cross-Sell Opportunity,Priority 2
C000013,P007,Term Insurance,Insurance,Protection,0.0,500000,3,False,True,95948,499625,2401.29,43,6.4,0.776,3,0.657,0.51,0.5,1.0,0.751,0.249,0.065,Premium High-Value,Premium Digital Customer,Low Risk,Moderate Cross-Sell Opportunity,Priority 2
C000013,P008,Premium Banking,Banking,Premium,0.0,1000000,5,False,True,95948,499625,2401.29,43,6.4,0.776,3,0.657,0.51,0.5,1.0,0.751,0.249,0.065,Premium High-Value,Premium Digital Customer,Low Risk,Moderate Cross-Sell Opportunity,Priority 2
C000014,P003,Rewards Credit Card,Credit Card,Cards,0.28,30000,2,True,False,132824,453514,5065.06,61,20.2,0.879,6,0.753,0.60025,0.75,0.3333333333333333,0.717,0.283,-0.029,Premium High-Value,Premium Digital Customer,Moderate Risk,Moderate Cross-Sell Opportunity,Priority 2
C000014,P004,Personal Loan,Loan,Lending,0.115,75000,3,False,True,132824,453514,5065.06,61,20.2,0.879,6,0.753,0.60025,0.75,0.3333333333333333,0.717,0.283,-0.029,Premium High-Value,Premium Digital Customer,Moderate Risk,Moderate Cross-Sell Opportunity,Priority 2
C000014,P005,Home Loan,Loan,Lending,0.082,500000,4,False,True,132824,453514,5065.06,61,20.2,0.879,6,0.753,0.60025,0.75,0.3333333333333333,0.717,0.283,-0.029,Premium High-Value,Premium Digital Customer,Moderate Risk,Moderate Cross-Sell Opportunity,Priority 2
C000014,P006,Mutual Fund Plan,Investment,Wealth,0.1,10000,3,True,False,132824,453514,5065.06,61,20.2,0.879,6,0.753,0.60025,0.75,0.3333333333333333,0.717,0.283,-0.029,Premium High-Value,Premium Digital Customer,Moderate Risk,Moderate Cross-Sell Opportunity,Priority 2
C000014,P007,Term Insurance,Insurance,Protection,0.0,500000,3,True,False,132824,453514,5065.06,61,20.2,0.879,6,0.753,0.60025,0.75,0.3333333333333333,0.717,0.283,-0.029,Premium High-Value,Premium Digital Customer,Moderate Risk,Moderate Cross-Sell Opportunity,Priority 2
C000014,P008,Premium Banking,Banking,Premium,0.0,1000000,5,True,False,132824,453514,5065.06,61,20.2,0.879,6,0.753,0.60025,0.75,0.3333333333333333,0.717,0.283,-0.029,Premium High-Value,Premium Digital Customer,Moderate Risk,Moderate Cross-Sell Opportunity,Priority 2
C000015,P003,Rewards Credit Card,Credit Card,Cards,0.28,30000,2,False,True,45253,150135,1462.64,30,12.8,0.876,1,0.622,0.5854999999999999,0.0,0.0,0.651,0.349,-0.048,Core Active,Core Digital Customer,High Risk,Moderate Cross-Sell Opportunity,Priority 3
C000015,P004,Personal Loan,Loan,Lending,0.115,75000,3,False,True,45253,150135,1462.64,30,12.8,0.876,1,0.622,0.5854999999999999,0.0,0.0,0.651,0.349,-0.048,Core Active,Core Digital Customer,High Risk,Moderate Cross-Sell Opportunity,Priority 3
C000015,P005,Home Loan,Loan,Lending,0.082,500000,4,False,True,45253,150135,1462.64,30,12.8,0.876,1,0.622,0.5854999999999999,0.0,0.0,0.651,0.349,-0.048,Core Active,Core Digital Customer,High Risk,Moderate Cross-Sell Opportunity,Priority 3
C000015,P006,Mutual Fund Plan,Investment,Wealth,0.1,10000,3,False,True,45253,150135,1462.64,30,12.8,0.876,1,0.622,0.5854999999999999,0.0,0.0,0.651,0.349,-0.048,Core Active,Core Digital Customer,High Risk,Moderate Cross-Sell Opportunity,Priority 3
C000015,P007,Term Insurance,Insurance,Protection,0.0,500000,3,False,True,45253,150135,1462.64,30,12.8,0.876,1,0.622,0.5854999999999999,0.0,0.0,0.651,0.349,-0.048,Core Active,Core Digital Customer,High Risk,Moderate Cross-Sell Opportunity,Priority 3
C000015,P008,Premium Banking,Banking,Premium,0.0,1000000,5,False,True,45253,150135,1462.64,30,12.8,0.876,1,0.622,0.5854999999999999,0.0,0.0,0.651,0.349,-0.048,Core Active,Core Digital Customer,High Risk,Moderate Cross-Sell Opportunity,Priority 3
C000016,P003,Rewards Credit Card,Credit Card,Cards,0.28,30000,2,True,False,66693,167247,1916.31,41,3.8,0.608,2,0.521,0.4703333333333333,1.0,0.3333333333333333,0.815,0.185,0.114,Core Active,Core Relationship Customer,Low Risk,Moderate Cross-Sell Opportunity,Priority 3
C000016,P004,Personal Loan,Loan,Lending,0.115,75000,3,False,True,66693,167247,1916.31,41,3.8,0.608,2,0.521,0.4703333333333333,1.0,0.3333333333333333,0.815,0.185,0.114,Core Active,Core Relationship Customer,Low Risk,Moderate Cross-Sell Opportunity,Priority 3
C000016,P005,Home Loan,Loan,Lending,0.082,500000,4,False,True,66693,167247,1916.31,41,3.8,0.608,2,0.521,0.4703333333333333,1.0,0.3333333333333333,0.815,0.185,0.114,Core Active,Core Relationship Customer,Low Risk,Moderate Cross-Sell Opportunity,Priority 3
C000016,P006,Mutual Fund Plan,Investment,Wealth,0.1,10000,3,False,True,66693,167247,1916.31,41,3.8,0.608,2,0.521,0.4703333333333333,1.0,0.3333333333333333,0.815,0.185,0.114,Core Active,Core Relationship Customer,Low Risk,Moderate Cross-Sell Opportunity,Priority 3
C000016,P007,Term Insurance,Insurance,Protection,0.0,500000,3,False,True,66693,167247,1916.31,41,3.8,0.608,2,0.521,0.4703333333333333,1.0,0.3333333333333333,0.815,0.185,0.114,Core Active,Core Relationship Customer,Low Risk,Moderate Cross-Sell Opportunity,Priority 3
C000016,P008,Premium Banking,Banking,Premium,0.0,1000000,5,False,True,66693,167247,1916.31,41,3.8,0.608,2,0.521,0.4703333333333333,1.0,0.3333333333333333,0.815,0.185,0.114,Core Active,Core Relationship Customer,Low Risk,Moderate Cross-Sell Opportunity,Priority 3
C000017,P003,Rewards Credit Card,Credit Card,Cards,0.28,30000,2,False,True,57612,213731,1307.3,8,171.3,0.011,1,0.241,0.2254999999999999,0.5,0.0,0.531,0.469,-0.374,Dormant / Declining,Dormant Reactivation Target,Critical Risk,Low Cross-Sell Opportunity,Priority 4
C000017,P004,Personal Loan,Loan,Lending,0.115,75000,3,False,True,57612,213731,1307.3,8,171.3,0.011,1,0.241,0.2254999999999999,0.5,0.0,0.531,0.469,-0.374,Dormant / Declining,Dormant Reactivation Target,Critical Risk,Low Cross-Sell Opportunity,Priority 4
C000017,P005,Home Loan,Loan,Lending,0.082,500000,4,False,True,57612,213731,1307.3,8,171.3,0.011,1,0.241,0.2254999999999999,0.5,0.0,0.531,0.469,-0.374,Dormant / Declining,Dormant Reactivation Target,Critical Risk,Low Cross-Sell Opportunity,Priority 4
C000017,P006,Mutual Fund Plan,Investment,Wealth,0.1,10000,3,False,True,57612,213731,1307.3,8,171.3,0.011,1,0.241,0.2254999999999999,0.5,0.0,0.531,0.469,-0.374,Dormant / Declining,Dormant Reactivation Target,Critical Risk,Low Cross-Sell Opportunity,Priority 4
C000017,P007,Term Insurance,Insurance,Protection,0.0,500000,3,False,True,57612,213731,1307.3,8,171.3,0.011,1,0.241,0.2254999999999999,0.5,0.0,0.531,0.469,-0.374,Dormant / Declining,Dormant Reactivation Target,Critical Risk,Low Cross-Sell Opportunity,Priority 4
C000017,P008,Premium Banking,Banking,Premium,0.0,1000000,5,False,True,57612,213731,1307.3,8,171.3,0.011,1,0.241,0.2254999999999999,0.5,0.0,0.531,0.469,-0.374,Dormant / Declining,Dormant Reactivation Target,Critical Risk,Low Cross-Sell Opportunity,Priority 4
C000018,P003,Rewards Credit Card,Credit Card,Cards,0.28,30000,2,True,False,126100,770007,6929.81,38,11.9,0.229,2,0.625,0.516,0.2,0.0,0.595,0.405,-0.155,Premium High-Value,Premium Relationship Customer,High Risk,Moderate Cross-Sell Opportunity,Priority 3
C000018,P004,Personal Loan,Loan,Lending,0.115,75000,3,False,True,126100,770007,6929.81,38,11.9,0.229,2,0.625,0.516,0.2,0.0,0.595,0.405,-0.155,Premium High-Value,Premium Relationship Customer,High Risk,Moderate Cross-Sell Opportunity,Priority 3
C000018,P005,Home Loan,Loan,Lending,0.082,500000,4,False,True,126100,770007,6929.81,38,11.9,0.229,2,0.625,0.516,0.2,0.0,0.595,0.405,-0.155,Premium High-Value,Premium Relationship Customer,High Risk,Moderate Cross-Sell Opportunity,Priority 3
C000018,P006,Mutual Fund Plan,Investment,Wealth,0.1,10000,3,False,True,126100,770007,6929.81,38,11.9,0.229,2,0.625,0.516,0.2,0.0,0.595,0.405,-0.155,Premium High-Value,Premium Relationship Customer,High Risk,Moderate Cross-Sell Opportunity,Priority 3
C000018,P007,Term Insurance,Insurance,Protection,0.0,500000,3,False,True,126100,770007,6929.81,38,11.9,0.229,2,0.625,0.516,0.2,0.0,0.595,0.405,-0.155,Premium High-Value,Premium Relationship Customer,High Risk,Moderate Cross-Sell Opportunity,Priority 3
C000018,P008,Premium Banking,Banking,Premium,0.0,1000000,5,False,True,126100,770007,6929.81,38,11.9,0.229,2,0.625,0.516,0.2,0.0,0.595,0.405,-0.155,Premium High-Value,Premium Relationship Customer,High Risk,Moderate Cross-Sell Opportunity,Priority 3
C000019,P003,Rewards Credit Card,Credit Card,Cards,0.28,30000,2,False,True,98437,287488,2643.41,19,57.2,0.584,1,0.468,0.421,0.0,0.0,0.453,0.547,-0.175,At Risk,At-Risk Declining Customer,Critical Risk,Moderate Cross-Sell Opportunity,Priority 3
C000019,P004,Personal Loan,Loan,Lending,0.115,75000,3,False,True,98437,287488,2643.41,19,57.2,0.584,1,0.468,0.421,0.0,0.0,0.453,0.547,-0.175,At Risk,At-Risk Declining Customer,Critical Risk,Moderate Cross-Sell Opportunity,Priority 3
C000019,P005,Home Loan,Loan,Lending,0.082,500000,4,False,True,98437,287488,2643.41,19,57.2,0.584,1,0.468,0.421,0.0,0.0,0.453,0.547,-0.175,At Risk,At-Risk Declining Customer,Critical Risk,Moderate Cross-Sell Opportunity,Priority 3
C000019,P006,Mutual Fund Plan,Investment,Wealth,0.1,10000,3,False,True,98437,287488,2643.41,19,57.2,0.584,1,0.468,0.421,0.0,0.0,0.453,0.547,-0.175,At Risk,At-Risk Declining Customer,Critical Risk,Moderate Cross-Sell Opportunity,Priority 3
C000019,P007,Term Insurance,Insurance,Protection,0.0,500000,3,False,True,98437,287488,2643.41,19,57.2,0.584,1,0.468,0.421,0.0,0.0,0.453,0.547,-0.175,At Risk,At-Risk Declining Customer,Critical Risk,Moderate Cross-Sell Opportunity,Priority 3
C000019,P008,Premium Banking,Banking,Premium,0.0,1000000,5,False,True,98437,287488,2643.41,19,57.2,0.584,1,0.468,0.421,0.0,0.0,0.453,0.547,-0.175,At Risk,At-Risk Declining Customer,Critical Risk,Moderate Cross-Sell Opportunity,Priority 3
C000020,P003,Rewards Credit Card,Credit Card,Cards,0.28,30000,2,True,False,61315,284984,2207.99,41,14.4,0.771,4,0.642,0.3586,0.4,1.0,0.775,0.225,0.025,Core Active,Core Digital Customer,Moderate Risk,Low Cross-Sell Opportunity,Priority 2
C000020,P004,Personal Loan,Loan,Lending,0.115,75000,3,False,True,61315,284984,2207.99,41,14.4,0.771,4,0.642,0.3586,0.4,1.0,0.775,0.225,0.025,Core Active,Core Digital Customer,Moderate Risk,Low Cross-Sell Opportunity,Priority 2
C000020,P005,Home Loan,Loan,Lending,0.082,500000,4,True,False,61315,284984,2207.99,41,14.4,0.771,4,0.642,0.3586,0.4,1.0,0.775,0.225,0.025,Core Active,Core Digital Customer,Moderate Risk,Low Cross-Sell Opportunity,Priority 2
C000020,P006,Mutual Fund Plan,Investment,Wealth,0.1,10000,3,False,True,61315,284984,2207.99,41,14.4,0.771,4,0.642,0.3586,0.4,1.0,0.775,0.225,0.025,Core Active,Core Digital Customer,Moderate Risk,Low Cross-Sell Opportunity,Priority 2
C000020,P007,Term Insurance,Insurance,Protection,0.0,500000,3,True,False,61315,284984,2207.99,41,14.4,0.771,4,0.642,0.3586,0.4,1.0,0.775,0.225,0.025,Core Active,Core Digital Customer,Moderate Risk,Low Cross-Sell Opportunity,Priority 2
C000020,P008,Premium Banking,Banking,Premium,0.0,1000000,5,False,True,61315,284984,2207.99,41,14.4,0.771,4,0.642,0.3586,0.4,1.0,0.775,0.225,0.025,Core Active,Core Digital Customer,Moderate Risk,Low Cross-Sell Opportunity,Priority 2
C000021,P003,Rewards Credit Card,Credit Card,Cards,0.28,30000,2,True,False,63249,357628,3019.08,46,4.0,0.408,2,0.543,0.323,0.5,0.0,0.775,0.225,-0.19,Core Active,Core Relationship Customer,Moderate Risk,Moderate Cross-Sell Opportunity,Priority 3
C000021,P004,Personal Loan,Loan,Lending,0.115,75000,3,False,True,63249,357628,3019.08,46,4.0,0.408,2,0.543,0.323,0.5,0.0,0.775,0.225,-0.19,Core Active,Core Relationship Customer,Moderate Risk,Moderate Cross-Sell Opportunity,Priority 3
C000021,P005,Home Loan,Loan,Lending,0.082,500000,4,False,True,63249,357628,3019.08,46,4.0,0.408,2,0.543,0.323,0.5,0.0,0.775,0.225,-0.19,Core Active,Core Relationship Customer,Moderate Risk,Moderate Cross-Sell Opportunity,Priority 3
C000021,P006,Mutual Fund Plan,Investment,Wealth,0.1,10000,3,False,True,63249,357628,3019.08,46,4.0,0.408,2,0.543,0.323,0.5,0.0,0.775,0.225,-0.19,Core Active,Core Relationship Customer,Moderate Risk,Moderate Cross-Sell Opportunity,Priority 3
C000021,P007,Term Insurance,Insurance,Protection,0.0,500000,3,False,True,63249,357628,3019.08,46,4.0,0.408,2,0.543,0.323,0.5,0.0,0.775,0.225,-0.19,Core Active,Core Relationship Customer,Moderate Risk,Moderate Cross-Sell Opportunity,Priority 3
C000021,P008,Premium Banking,Banking,Premium,0.0,1000000,5,False,True,63249,357628,3019.08,46,4.0,0.408,2,0.543,0.323,0.5,0.0,0.775,0.225,-0.19,Core Active,Core Relationship Customer,Moderate Risk,Moderate Cross-Sell Opportunity,Priority 3
C000022,P003,Rewards Credit Card,Credit Card,Cards,0.28,30000,2,False,True,40295,43404,1000.0,13,52.9,0.467,1,0.239,0.2923333333333333,0.0,0.0,0.627,0.373,0.029,At Risk,At-Risk Engagement Customer,Critical Risk,Low Cross-Sell Opportunity,Priority 4
C000022,P004,Personal Loan,Loan,Lending,0.115,75000,3,False,True,40295,43404,1000.0,13,52.9,0.467,1,0.239,0.2923333333333333,0.0,0.0,0.627,0.373,0.029,At Risk,At-Risk Engagement Customer,Critical Risk,Low Cross-Sell Opportunity,Priority 4
C000022,P005,Home Loan,Loan,Lending,0.082,500000,4,False,True,40295,43404,1000.0,13,52.9,0.467,1,0.239,0.2923333333333333,0.0,0.0,0.627,0.373,0.029,At Risk,At-Risk Engagement Customer,Critical Risk,Low Cross-Sell Opportunity,Priority 4
C000022,P006,Mutual Fund Plan,Investment,Wealth,0.1,10000,3,False,True,40295,43404,1000.0,13,52.9,0.467,1,0.239,0.2923333333333333,0.0,0.0,0.627,0.373,0.029,At Risk,At-Risk Engagement Customer,Critical Risk,Low Cross-Sell Opportunity,Priority 4
C000022,P007,Term Insurance,Insurance,Protection,0.0,500000,3,False,True,40295,43404,1000.0,13,52.9,0.467,1,0.239,0.2923333333333333,0.0,0.0,0.627,0.373,0.029,At Risk,At-Risk Engagement Customer,Critical Risk,Low Cross-Sell Opportunity,Priority 4
C000022,P008,Premium Banking,Banking,Premium,0.0,1000000,5,False,True,40295,43404,1000.0,13,52.9,0.467,1,0.239,0.2923333333333333,0.0,0.0,0.627,0.373,0.029,At Risk,At-Risk Engagement Customer,Critical Risk,Low Cross-Sell Opportunity,Priority 4
C000023,P003,Rewards Credit Card,Credit Card,Cards,0.28,30000,2,True,False,96216,470785,4264.49,45,3.0,0.59,2,0.709,0.5946,0.6,0.3333333333333333,0.732,0.268,0.104,Premium High-Value,Premium Relationship Customer,Low Risk,Moderate Cross-Sell Opportunity,Priority 2
C000023,P004,Personal Loan,Loan,Lending,0.115,75000,3,False,True,96216,470785,4264.49,45,3.0,0.59,2,0.709,0.5946,0.6,0.3333333333333333,0.732,0.268,0.104,Premium High-Value,Premium Relationship Customer,Low Risk,Moderate Cross-Sell Opportunity,Priority 2
C000023,P005,Home Loan,Loan,Lending,0.082,500000,4,False,True,96216,470785,4264.49,45,3.0,0.59,2,0.709,0.5946,0.6,0.3333333333333333,0.732,0.268,0.104,Premium High-Value,Premium Relationship Customer,Low Risk,Moderate Cross-Sell Opportunity,Priority 2
C000023,P006,Mutual Fund Plan,Investment,Wealth,0.1,10000,3,True,False,96216,470785,4264.49,45,3.0,0.59,2,0.709,0.5946,0.6,0.3333333333333333,0.732,0.268,0.104,Premium High-Value,Premium Relationship Customer,Low Risk,Moderate Cross-Sell Opportunity,Priority 2
C000023,P007,Term Insurance,Insurance,Protection,0.0,500000,3,False,True,96216,470785,4264.49,45,3.0,0.59,2,0.709,0.5946,0.6,0.3333333333333333,0.732,0.268,0.104,Premium High-Value,Premium Relationship Customer,Low Risk,Moderate Cross-Sell Opportunity,Priority 2
C000023,P008,Premium Banking,Banking,Premium,0.0,1000000,5,False,True,96216,470785,4264.49,45,3.0,0.59,2,0.709,0.5946,0.6,0.3333333333333333,0.732,0.268,0.104,Premium High-Value,Premium Relationship Customer,Low Risk,Moderate Cross-Sell Opportunity,Priority 2
C000024,P003,Rewards Credit Card,Credit Card,Cards,0.28,30000,2,True,False,308975,777550,17535.09,63,17.6,0.767,5,0.748,0.601,0.6,0.0,0.527,0.473,0.136,Premium High-Value,Premium Digital Customer,Low Risk,Moderate Cross-Sell Opportunity,Priority 2
C000024,P004,Personal Loan,Loan,Lending,0.115,75000,3,False,True,308975,777550,17535.09,63,17.6,0.767,5,0.748,0.601,0.6,0.0,0.527,0.473,0.136,Premium High-Value,Premium Digital Customer,Low Risk,Moderate Cross-Sell Opportunity,Priority 2
C000024,P005,Home Loan,Loan,Lending,0.082,500000,4,False,True,308975,777550,17535.09,63,17.6,0.767,5,0.748,0.601,0.6,0.0,0.527,0.473,0.136,Premium High-Value,Premium Digital Customer,Low Risk,Moderate Cross-Sell Opportunity,Priority 2
C000024,P006,Mutual Fund Plan,Investment,Wealth,0.1,10000,3,True,False,308975,777550,17535.09,63,17.6,0.767,5,0.748,0.601,0.6,0.0,0.527,0.473,0.136,Premium High-Value,Premium Digital Customer,Low Risk,Moderate Cross-Sell Opportunity,Priority 2
C000024,P007,Term Insurance,Insurance,Protection,0.0,500000,3,True,False,308975,777550,17535.09,63,17.6,0.767,5,0.748,0.601,0.6,0.0,0.527,0.473,0.136,Premium High-Value,Premium Digital Customer,Low Risk,Moderate Cross-Sell Opportunity,Priority 2
C000024,P008,Premium Banking,Banking,Premium,0.0,1000000,5,False,True,308975,777550,17535.09,63,17.6,0.767,5,0.748,0.601,0.6,0.0,0.527,0.473,0.136,Premium High-Value,Premium Digital Customer,Low Risk,Moderate Cross-Sell Opportunity,Priority 2
C000025,P003,Rewards Credit Card,Credit Card,Cards,0.28,30000,2,False,True,68284,558854,4263.61,52,6.1,0.617,1,0.532,0.41375,0.25,0.0,0.658,0.342,-0.005,Core Active,Core Relationship Customer,Moderate Risk,Moderate Cross-Sell Opportunity,Priority 3
C000025,P004,Personal Loan,Loan,Lending,0.115,75000,3,False,True,68284,558854,4263.61,52,6.1,0.617,1,0.532,0.41375,0.25,0.0,0.658,0.342,-0.005,Core Active,Core Relationship Customer,Moderate Risk,Moderate Cross-Sell Opportunity,Priority 3
C000025,P005,Home Loan,Loan,Lending,0.082,500000,4,False,True,68284,558854,4263.61,52,6.1,0.617,1,0.532,0.41375,0.25,0.0,0.658,0.342,-0.005,Core Active,Core Relationship Customer,Moderate Risk,Moderate Cross-Sell Opportunity,Priority 3
C000025,P006,Mutual Fund Plan,Investment,Wealth,0.1,10000,3,False,True,68284,558854,4263.61,52,6.1,0.617,1,0.532,0.41375,0.25,0.0,0.658,0.342,-0.005,Core Active,Core Relationship Customer,Moderate Risk,Moderate Cross-Sell Opportunity,Priority 3
C000025,P007,Term Insurance,Insurance,Protection,0.0,500000,3,False,True,68284,558854,4263.61,52,6.1,0.617,1,0.532,0.41375,0.25,0.0,0.658,0.342,-0.005,Core Active,Core Relationship Customer,Moderate Risk,Moderate Cross-Sell Opportunity,Priority 3
C000025,P008,Premium Banking,Banking,Premium,0.0,1000000,5,False,True,68284,558854,4263.61,52,6.1,0.617,1,0.532,0.41375,0.25,0.0,0.658,0.342,-0.005,Core Active,Core Relationship Customer,Moderate Risk,Moderate Cross-Sell Opportunity,Priority 3
C000026,P003,Rewards Credit Card,Credit Card,Cards,0.28,30000,2,True,False,272967,1842434,15579.77,53,6.5,0.935,4,0.616,0.583,0.5,0.0,0.519,0.481,-0.019,Premium High-Value,Premium Digital Customer,Moderate Risk,Moderate Cross-Sell Opportunity,Priority 2
C000026,P004,Personal Loan,Loan,Lending,0.115,75000,3,False,True,272967,1842434,15579.77,53,6.5,0.935,4,0.616,0.583,0.5,0.0,0.519,0.481,-0.019,Premium High-Value,Premium Digital Customer,Moderate Risk,Moderate Cross-Sell Opportunity,Priority 2
C000026,P005,Home Loan,Loan,Lending,0.082,500000,4,False,True,272967,1842434,15579.77,53,6.5,0.935,4,0.616,0.583,0.5,0.0,0.519,0.481,-0.019,Premium High-Value,Premium Digital Customer,Moderate Risk,Moderate Cross-Sell Opportunity,Priority 2
C000026,P006,Mutual Fund Plan,Investment,Wealth,0.1,10000,3,True,False,272967,1842434,15579.77,53,6.5,0.935,4,0.616,0.583,0.5,0.0,0.519,0.481,-0.019,Premium High-Value,Premium Digital Customer,Moderate Risk,Moderate Cross-Sell Opportunity,Priority 2
C000026,P007,Term Insurance,Insurance,Protection,0.0,500000,3,True,False,272967,1842434,15579.77,53,6.5,0.935,4,0.616,0.583,0.5,0.0,0.519,0.481,-0.019,Premium High-Value,Premium Digital Customer,Moderate Risk,Moderate Cross-Sell Opportunity,Priority 2
C000026,P008,Premium Banking,Banking,Premium,0.0,1000000,5,False,True,272967,1842434,15579.77,53,6.5,0.935,4,0.616,0.583,0.5,0.0,0.519,0.481,-0.019,Premium High-Value,Premium Digital Customer,Moderate Risk,Moderate Cross-Sell Opportunity,Priority 2
C000027,P003,Rewards Credit Card,Credit Card,Cards,0.28,30000,2,False,True,93685,184061,4179.14,15,66.1,0.355,1,0.24,0.4163333333333334,0.3333333333333333,1.0,0.435,0.565,-0.282,At Risk,At-Risk Declining Customer,Critical Risk,Moderate Cross-Sell Opportunity,Priority 3
C000027,P004,Personal Loan,Loan,Lending,0.115,75000,3,False,True,93685,184061,4179.14,15,66.1,0.355,1,0.24,0.4163333333333334,0.3333333333333333,1.0,0.435,0.565,-0.282,At Risk,At-Risk Declining Customer,Critical Risk,Moderate Cross-Sell Opportunity,Priority 3
C000027,P005,Home Loan,Loan,Lending,0.082,500000,4,False,True,93685,184061,4179.14,15,66.1,0.355,1,0.24,0.4163333333333334,0.3333333333333333,1.0,0.435,0.565,-0.282,At Risk,At-Risk Declining Customer,Critical Risk,Moderate Cross-Sell Opportunity,Priority 3
C000027,P006,Mutual Fund Plan,Investment,Wealth,0.1,10000,3,False,True,93685,184061,4179.14,15,66.1,0.355,1,0.24,0.4163333333333334,0.3333333333333333,1.0,0.435,0.565,-0.282,At Risk,At-Risk Declining Customer,Critical Risk,Moderate Cross-Sell Opportunity,Priority 3
C000027,P007,Term Insurance,Insurance,Protection,0.0,500000,3,False,True,93685,184061,4179.14,15,66.1,0.355,1,0.24,0.4163333333333334,0.3333333333333333,1.0,0.435,0.565,-0.282,At Risk,At-Risk Declining Customer,Critical Risk,Moderate Cross-Sell Opportunity,Priority 3
C000027,P008,Premium Banking,Banking,Premium,0.0,1000000,5,False,True,93685,184061,4179.14,15,66.1,0.355,1,0.24,0.4163333333333334,0.3333333333333333,1.0,0.435,0.565,-0.282,At Risk,At-Risk Declining Customer,Critical Risk,Moderate Cross-Sell Opportunity,Priority 3
C000028,P003,Rewards Credit Card,Credit Card,Cards,0.28,30000,2,True,False,202585,1332176,10943.6,45,7.7,0.85,3,0.708,0.70675,0.5,0.5,0.606,0.394,0.255,Premium High-Value,Premium Digital Customer,Low Risk,Moderate Cross-Sell Opportunity,Priority 2
C000028,P004,Personal Loan,Loan,Lending,0.115,75000,3,False,True,202585,1332176,10943.6,45,7.7,0.85,3,0.708,0.70675,0.5,0.5,0.606,0.394,0.255,Premium High-Value,Premium Digital Customer,Low Risk,Moderate Cross-Sell Opportunity,Priority 2
C000028,P005,Home Loan,Loan,Lending,0.082,500000,4,False,True,202585,1332176,10943.6,45,7.7,0.85,3,0.708,0.70675,0.5,0.5,0.606,0.394,0.255,Premium High-Value,Premium Digital Customer,Low Risk,Moderate Cross-Sell Opportunity,Priority 2
C000028,P006,Mutual Fund Plan,Investment,Wealth,0.1,10000,3,False,True,202585,1332176,10943.6,45,7.7,0.85,3,0.708,0.70675,0.5,0.5,0.606,0.394,0.255,Premium High-Value,Premium Digital Customer,Low Risk,Moderate Cross-Sell Opportunity,Priority 2
C000028,P007,Term Insurance,Insurance,Protection,0.0,500000,3,True,False,202585,1332176,10943.6,45,7.7,0.85,3,0.708,0.70675,0.5,0.5,0.606,0.394,0.255,Premium High-Value,Premium Digital Customer,Low Risk,Moderate Cross-Sell Opportunity,Priority 2
C000028,P008,Premium Banking,Banking,Premium,0.0,1000000,5,False,True,202585,1332176,10943.6,45,7.7,0.85,3,0.708,0.70675,0.5,0.5,0.606,0.394,0.255,Premium High-Value,Premium Digital Customer,Low Risk,Moderate Cross-Sell Opportunity,Priority 2
C000029,P003,Rewards Credit Card,Credit Card,Cards,0.28,30000,2,True,False,112506,485476,3445.04,29,22.1,0.359,2,0.647,0.50625,0.5,0.0,0.671,0.329,-0.1,Core Active,Core Relationship Customer,High Risk,Moderate Cross-Sell Opportunity,Priority 3
C000029,P004,Personal Loan,Loan,Lending,0.115,75000,3,False,True,112506,485476,3445.04,29,22.1,0.359,2,0.647,0.50625,0.5,0.0,0.671,0.329,-0.1,Core Active,Core Relationship Customer,High Risk,Moderate Cross-Sell Opportunity,Priority 3
C000029,P005,Home Loan,Loan,Lending,0.082,500000,4,False,True,112506,485476,3445.04,29,22.1,0.359,2,0.647,0.50625,0.5,0.0,0.671,0.329,-0.1,Core Active,Core Relationship Customer,High Risk,Moderate Cross-Sell Opportunity,Priority 3
C000029,P006,Mutual Fund Plan,Investment,Wealth,0.1,10000,3,False,True,112506,485476,3445.04,29,22.1,0.359,2,0.647,0.50625,0.5,0.0,0.671,0.329,-0.1,Core Active,Core Relationship Customer,High Risk,Moderate Cross-Sell Opportunity,Priority 3
C000029,P007,Term Insurance,Insurance,Protection,0.0,500000,3,False,True,112506,485476,3445.04,29,22.1,0.359,2,0.647,0.50625,0.5,0.0,0.671,0.329,-0.1,Core Active,Core Relationship Customer,High Risk,Moderate Cross-Sell Opportunity,Priority 3
C000029,P008,Premium Banking,Banking,Premium,0.0,1000000,5,False,True,112506,485476,3445.04,29,22.1,0.359,2,0.647,0.50625,0.5,0.0,0.671,0.329,-0.1,Core Active,Core Relationship Customer,High Risk,Moderate Cross-Sell Opportunity,Priority 3
C000030,P003,Rewards Credit Card,Credit Card,Cards,0.28,30000,2,True,False,68116,249769,2288.26,4,89.2,0.209,3,0.19,0.30825,0.25,0.0,0.892,0.108,-0.182,At Risk,At-Risk Declining Customer,Critical Risk,Low Cross-Sell Opportunity,Priority 4
C000030,P004,Personal Loan,Loan,Lending,0.115,75000,3,True,False,68116,249769,2288.26,4,89.2,0.209,3,0.19,0.30825,0.25,0.0,0.892,0.108,-0.182,At Risk,At-Risk Declining Customer,Critical Risk,Low Cross-Sell Opportunity,Priority 4
C000030,P005,Home Loan,Loan,Lending,0.082,500000,4,False,True,68116,249769,2288.26,4,89.2,0.209,3,0.19,0.30825,0.25,0.0,0.892,0.108,-0.182,At Risk,At-Risk Declining Customer,Critical Risk,Low Cross-Sell Opportunity,Priority 4
C000030,P006,Mutual Fund Plan,Investment,Wealth,0.1,10000,3,False,True,68116,249769,2288.26,4,89.2,0.209,3,0.19,0.30825,0.25,0.0,0.892,0.108,-0.182,At Risk,At-Risk Declining Customer,Critical Risk,Low Cross-Sell Opportunity,Priority 4
C000030,P007,Term Insurance,Insurance,Protection,0.0,500000,3,False,True,68116,249769,2288.26,4,89.2,0.209,3,0.19,0.30825,0.25,0.0,0.892,0.108,-0.182,At Risk,At-Risk Declining Customer,Critical Risk,Low Cross-Sell Opportunity,Priority 4
C000030,P008,Premium Banking,Banking,Premium,0.0,1000000,5,False,True,68116,249769,2288.26,4,89.2,0.209,3,0.19,0.30825,0.25,0.0,0.892,0.108,-0.182,At Risk,At-Risk Declining Customer,Critical Risk,Low Cross-Sell Opportunity,Priority 4
C000031,P003,Rewards Credit Card,Credit Card,Cards,0.28,30000,2,False,True,74331,399427,2408.89,19,34.8,0.413,1,0.281,0.2686666666666666,0.0,0.0,0.665,0.335,-0.095,At Risk,At-Risk Engagement Customer,Critical Risk,Moderate Cross-Sell Opportunity,Priority 4
C000031,P004,Personal Loan,Loan,Lending,0.115,75000,3,False,True,74331,399427,2408.89,19,34.8,0.413,1,0.281,0.2686666666666666,0.0,0.0,0.665,0.335,-0.095,At Risk,At-Risk Engagement Customer,Critical Risk,Moderate Cross-Sell Opportunity,Priority 4
C000031,P005,Home Loan,Loan,Lending,0.082,500000,4,False,True,74331,399427,2408.89,19,34.8,0.413,1,0.281,0.2686666666666666,0.0,0.0,0.665,0.335,-0.095,At Risk,At-Risk Engagement Customer,Critical Risk,Moderate Cross-Sell Opportunity,Priority 4
C000031,P006,Mutual Fund Plan,Investment,Wealth,0.1,10000,3,False,True,74331,399427,2408.89,19,34.8,0.413,1,0.281,0.2686666666666666,0.0,0.0,0.665,0.335,-0.095,At Risk,At-Risk Engagement Customer,Critical Risk,Moderate Cross-Sell Opportunity,Priority 4
C000031,P007,Term Insurance,Insurance,Protection,0.0,500000,3,False,True,74331,399427,2408.89,19,34.8,0.413,1,0.281,0.2686666666666666,0.0,0.0,0.665,0.335,-0.095,At Risk,At-Risk Engagement Customer,Critical Risk,Moderate Cross-Sell Opportunity,Priority 4
C000031,P008,Premium Banking,Banking,Premium,0.0,1000000,5,False,True,74331,399427,2408.89,19,34.8,0.413,1,0.281,0.2686666666666666,0.0,0.0,0.665,0.335,-0.095,At Risk,At-Risk Engagement Customer,Critical Risk,Moderate Cross-Sell Opportunity,Priority 4
C000032,P003,Rewards Credit Card,Credit Card,Cards,0.28,30000,2,False,True,46478,501856,1963.89,22,10.2,0.836,1,0.474,0.46,0.0,0.0,0.711,0.289,-0.007,Core Active,Core Relationship Customer,High Risk,Moderate Cross-Sell Opportunity,Priority 3
C000032,P004,Personal Loan,Loan,Lending,0.115,75000,3,False,True,46478,501856,1963.89,22,10.2,0.836,1,0.474,0.46,0.0,0.0,0.711,0.289,-0.007,Core Active,Core Relationship Customer,High Risk,Moderate Cross-Sell Opportunity,Priority 3
C000032,P005,Home Loan,Loan,Lending,0.082,500000,4,False,True,46478,501856,1963.89,22,10.2,0.836,1,0.474,0.46,0.0,0.0,0.711,0.289,-0.007,Core Active,Core Relationship Customer,High Risk,Moderate Cross-Sell Opportunity,Priority 3
C000032,P006,Mutual Fund Plan,Investment,Wealth,0.1,10000,3,False,True,46478,501856,1963.89,22,10.2,0.836,1,0.474,0.46,0.0,0.0,0.711,0.289,-0.007,Core Active,Core Relationship Customer,High Risk,Moderate Cross-Sell Opportunity,Priority 3
C000032,P007,Term Insurance,Insurance,Protection,0.0,500000,3,False,True,46478,501856,1963.89,22,10.2,0.836,1,0.474,0.46,0.0,0.0,0.711,0.289,-0.007,Core Active,Core Relationship Customer,High Risk,Moderate Cross-Sell Opportunity,Priority 3
C000032,P008,Premium Banking,Banking,Premium,0.0,1000000,5,False,True,46478,501856,1963.89,22,10.2,0.836,1,0.474,0.46,0.0,0.0,0.711,0.289,-0.007,Core Active,Core Relationship Customer,High Risk,Moderate Cross-Sell Opportunity,Priority 3
C000033,P003,Rewards Credit Card,Credit Card,Cards,0.28,30000,2,False,True,41887,79932,1396.97,19,82.1,0.46,1,0.254,0.39425,0.0,0.0,0.592,0.408,-0.075,At Risk,At-Risk Engagement Customer,Critical Risk,Low Cross-Sell Opportunity,Priority 4
C000033,P004,Personal Loan,Loan,Lending,0.115,75000,3,False,True,41887,79932,1396.97,19,82.1,0.46,1,0.254,0.39425,0.0,0.0,0.592,0.408,-0.075,At Risk,At-Risk Engagement Customer,Critical Risk,Low Cross-Sell Opportunity,Priority 4
C000033,P005,Home Loan,Loan,Lending,0.082,500000,4,False,True,41887,79932,1396.97,19,82.1,0.46,1,0.254,0.39425,0.0,0.0,0.592,0.408,-0.075,At Risk,At-Risk Engagement Customer,Critical Risk,Low Cross-Sell Opportunity,Priority 4
C000033,P006,Mutual Fund Plan,Investment,Wealth,0.1,10000,3,False,True,41887,79932,1396.97,19,82.1,0.46,1,0.254,0.39425,0.0,0.0,0.592,0.408,-0.075,At Risk,At-Risk Engagement Customer,Critical Risk,Low Cross-Sell Opportunity,Priority 4
C000033,P007,Term Insurance,Insurance,Protection,0.0,500000,3,False,True,41887,79932,1396.97,19,82.1,0.46,1,0.254,0.39425,0.0,0.0,0.592,0.408,-0.075,At Risk,At-Risk Engagement Customer,Critical Risk,Low Cross-Sell Opportunity,Priority 4
C000033,P008,Premium Banking,Banking,Premium,0.0,1000000,5,False,True,41887,79932,1396.97,19,82.1,0.46,1,0.254,0.39425,0.0,0.0,0.592,0.408,-0.075,At Risk,At-Risk Engagement Customer,Critical Risk,Low Cross-Sell Opportunity,Priority 4
C000034,P003,Rewards Credit Card,Credit Card,Cards,0.28,30000,2,True,False,77898,475689,3891.82,50,11.2,0.436,4,0.424,0.5155,0.0,0.0,0.641,0.359,-0.031,Core Active,Core Relationship Customer,High Risk,Low Cross-Sell Opportunity,Priority 3
C000034,P004,Personal Loan,Loan,Lending,0.115,75000,3,False,True,77898,475689,3891.82,50,11.2,0.436,4,0.424,0.5155,0.0,0.0,0.641,0.359,-0.031,Core Active,Core Relationship Customer,High Risk,Low Cross-Sell Opportunity,Priority 3
C000034,P005,Home Loan,Loan,Lending,0.082,500000,4,False,True,77898,475689,3891.82,50,11.2,0.436,4,0.424,0.5155,0.0,0.0,0.641,0.359,-0.031,Core Active,Core Relationship Customer,High Risk,Low Cross-Sell Opportunity,Priority 3
C000034,P006,Mutual Fund Plan,Investment,Wealth,0.1,10000,3,True,False,77898,475689,3891.82,50,11.2,0.436,4,0.424,0.5155,0.0,0.0,0.641,0.359,-0.031,Core Active,Core Relationship Customer,High Risk,Low Cross-Sell Opportunity,Priority 3
C000034,P007,Term Insurance,Insurance,Protection,0.0,500000,3,False,True,77898,475689,3891.82,50,11.2,0.436,4,0.424,0.5155,0.0,0.0,0.641,0.359,-0.031,Core Active,Core Relationship Customer,High Risk,Low Cross-Sell Opportunity,Priority 3
C000034,P008,Premium Banking,Banking,Premium,0.0,1000000,5,True,False,77898,475689,3891.82,50,11.2,0.436,4,0.424,0.5155,0.0,0.0,0.641,0.359,-0.031,Core Active,Core Relationship Customer,High Risk,Low Cross-Sell Opportunity,Priority 3
C000035,P003,Rewards Credit Card,Credit Card,Cards,0.28,30000,2,True,False,83077,144661,3032.34,29,0.7,0.645,2,0.554,0.4356666666666666,0.0,0.0,0.782,0.218,-0.186,Core Active,Core Relationship Customer,Moderate Risk,Moderate Cross-Sell Opportunity,Priority 3
C000035,P004,Personal Loan,Loan,Lending,0.115,75000,3,False,True,83077,144661,3032.34,29,0.7,0.645,2,0.554,0.4356666666666666,0.0,0.0,0.782,0.218,-0.186,Core Active,Core Relationship Customer,Moderate Risk,Moderate Cross-Sell Opportunity,Priority 3
C000035,P005,Home Loan,Loan,Lending,0.082,500000,4,False,True,83077,144661,3032.34,29,0.7,0.645,2,0.554,0.4356666666666666,0.0,0.0,0.782,0.218,-0.186,Core Active,Core Relationship Customer,Moderate Risk,Moderate Cross-Sell Opportunity,Priority 3
C000035,P006,Mutual Fund Plan,Investment,Wealth,0.1,10000,3,False,True,83077,144661,3032.34,29,0.7,0.645,2,0.554,0.4356666666666666,0.0,0.0,0.782,0.218,-0.186,Core Active,Core Relationship Customer,Moderate Risk,Moderate Cross-Sell Opportunity,Priority 3
C000035,P007,Term Insurance,Insurance,Protection,0.0,500000,3,False,True,83077,144661,3032.34,29,0.7,0.645,2,0.554,0.4356666666666666,0.0,0.0,0.782,0.218,-0.186,Core Active,Core Relationship Customer,Moderate Risk,Moderate Cross-Sell Opportunity,Priority 3
C000035,P008,Premium Banking,Banking,Premium,0.0,1000000,5,False,True,83077,144661,3032.34,29,0.7,0.645,2,0.554,0.4356666666666666,0.0,0.0,0.782,0.218,-0.186,Core Active,Core Relationship Customer,Moderate Risk,Moderate Cross-Sell Opportunity,Priority 3
C000036,P003,Rewards Credit Card,Credit Card,Cards,0.28,30000,2,True,False,56817,250642,1670.93,25,7.4,0.578,2,0.624,0.49275,0.5,0.0,0.551,0.449,0.036,Core Active,Core Relationship Customer,Moderate Risk,Moderate Cross-Sell Opportunity,Priority 3
C000036,P004,Personal Loan,Loan,Lending,0.115,75000,3,False,True,56817,250642,1670.93,25,7.4,0.578,2,0.624,0.49275,0.5,0.0,0.551,0.449,0.036,Core Active,Core Relationship Customer,Moderate Risk,Moderate Cross-Sell Opportunity,Priority 3
C000036,P005,Home Loan,Loan,Lending,0.082,500000,4,False,True,56817,250642,1670.93,25,7.4,0.578,2,0.624,0.49275,0.5,0.0,0.551,0.449,0.036,Core Active,Core Relationship Customer,Moderate Risk,Moderate Cross-Sell Opportunity,Priority 3
C000036,P006,Mutual Fund Plan,Investment,Wealth,0.1,10000,3,False,True,56817,250642,1670.93,25,7.4,0.578,2,0.624,0.49275,0.5,0.0,0.551,0.449,0.036,Core Active,Core Relationship Customer,Moderate Risk,Moderate Cross-Sell Opportunity,Priority 3
C000036,P007,Term Insurance,Insurance,Protection,0.0,500000,3,False,True,56817,250642,1670.93,25,7.4,0.578,2,0.624,0.49275,0.5,0.0,0.551,0.449,0.036,Core Active,Core Relationship Customer,Moderate Risk,Moderate Cross-Sell Opportunity,Priority 3
C000036,P008,Premium Banking,Banking,Premium,0.0,1000000,5,False,True,56817,250642,1670.93,25,7.4,0.578,2,0.624,0.49275,0.5,0.0,0.551,0.449,0.036,Core Active,Core Relationship Customer,Moderate Risk,Moderate Cross-Sell Opportunity,Priority 3
C000037,P003,Rewards Credit Card,Credit Card,Cards,0.28,30000,2,True,False,131405,108884,5045.4,59,17.5,0.781,1,0.677,0.469,0.2,0.0,0.746,0.254,0.063,Core Active,Core Digital Customer,Moderate Risk,Moderate Cross-Sell Opportunity,Priority 2
C000037,P004,Personal Loan,Loan,Lending,0.115,75000,3,False,True,131405,108884,5045.4,59,17.5,0.781,1,0.677,0.469,0.2,0.0,0.746,0.254,0.063,Core Active,Core Digital Customer,Moderate Risk,Moderate Cross-Sell Opportunity,Priority 2
C000037,P005,Home Loan,Loan,Lending,0.082,500000,4,False,True,131405,108884,5045.4,59,17.5,0.781,1,0.677,0.469,0.2,0.0,0.746,0.254,0.063,Core Active,Core Digital Customer,Moderate Risk,Moderate Cross-Sell Opportunity,Priority 2
C000037,P006,Mutual Fund Plan,Investment,Wealth,0.1,10000,3,False,True,131405,108884,5045.4,59,17.5,0.781,1,0.677,0.469,0.2,0.0,0.746,0.254,0.063,Core Active,Core Digital Customer,Moderate Risk,Moderate Cross-Sell Opportunity,Priority 2
C000037,P007,Term Insurance,Insurance,Protection,0.0,500000,3,False,True,131405,108884,5045.4,59,17.5,0.781,1,0.677,0.469,0.2,0.0,0.746,0.254,0.063,Core Active,Core Digital Customer,Moderate Risk,Moderate Cross-Sell Opportunity,Priority 2
C000037,P008,Premium Banking,Banking,Premium,0.0,1000000,5,False,True,131405,108884,5045.4,59,17.5,0.781,1,0.677,0.469,0.2,0.0,0.746,0.254,0.063,Core Active,Core Digital Customer,Moderate Risk,Moderate Cross-Sell Opportunity,Priority 2
C000038,P003,Rewards Credit Card,Credit Card,Cards,0.28,30000,2,False,True,66486,461713,2430.01,44,15.5,0.866,1,0.71,0.5476,0.2,0.0,0.801,0.199,0.042,Core Active,Core Digital Customer,Moderate Risk,Moderate Cross-Sell Opportunity,Priority 2
C000038,P004,Personal Loan,Loan,Lending,0.115,75000,3,False,True,66486,461713,2430.01,44,15.5,0.866,1,0.71,0.5476,0.2,0.0,0.801,0.199,0.042,Core Active,Core Digital Customer,Moderate Risk,Moderate Cross-Sell Opportunity,Priority 2
C000038,P005,Home Loan,Loan,Lending,0.082,500000,4,False,True,66486,461713,2430.01,44,15.5,0.866,1,0.71,0.5476,0.2,0.0,0.801,0.199,0.042,Core Active,Core Digital Customer,Moderate Risk,Moderate Cross-Sell Opportunity,Priority 2
C000038,P006,Mutual Fund Plan,Investment,Wealth,0.1,10000,3,False,True,66486,461713,2430.01,44,15.5,0.866,1,0.71,0.5476,0.2,0.0,0.801,0.199,0.042,Core Active,Core Digital Customer,Moderate Risk,Moderate Cross-Sell Opportunity,Priority 2
C000038,P007,Term Insurance,Insurance,Protection,0.0,500000,3,False,True,66486,461713,2430.01,44,15.5,0.866,1,0.71,0.5476,0.2,0.0,0.801,0.199,0.042,Core Active,Core Digital Customer,Moderate Risk,Moderate Cross-Sell Opportunity,Priority 2
C000038,P008,Premium Banking,Banking,Premium,0.0,1000000,5,False,True,66486,461713,2430.01,44,15.5,0.866,1,0.71,0.5476,0.2,0.0,0.801,0.199,0.042,Core Active,Core Digital Customer,Moderate Risk,Moderate Cross-Sell Opportunity,Priority 2
C000039,P003,Rewards Credit Card,Credit Card,Cards,0.28,30000,2,False,True,80647,485127,3727.03,29,7.2,0.34,2,0.448,0.4763333333333333,1.0,0.3333333333333333,0.804,0.196,0.155,Core Active,Core Relationship Customer,Moderate Risk,Moderate Cross-Sell Opportunity,Priority 2
C000039,P004,Personal Loan,Loan,Lending,0.115,75000,3,False,True,80647,485127,3727.03,29,7.2,0.34,2,0.448,0.4763333333333333,1.0,0.3333333333333333,0.804,0.196,0.155,Core Active,Core Relationship Customer,Moderate Risk,Moderate Cross-Sell Opportunity,Priority 2
C000039,P005,Home Loan,Loan,Lending,0.082,500000,4,False,True,80647,485127,3727.03,29,7.2,0.34,2,0.448,0.4763333333333333,1.0,0.3333333333333333,0.804,0.196,0.155,Core Active,Core Relationship Customer,Moderate Risk,Moderate Cross-Sell Opportunity,Priority 2
C000039,P006,Mutual Fund Plan,Investment,Wealth,0.1,10000,3,True,False,80647,485127,3727.03,29,7.2,0.34,2,0.448,0.4763333333333333,1.0,0.3333333333333333,0.804,0.196,0.155,Core Active,Core Relationship Customer,Moderate Risk,Moderate Cross-Sell Opportunity,Priority 2
C000039,P007,Term Insurance,Insurance,Protection,0.0,500000,3,False,True,80647,485127,3727.03,29,7.2,0.34,2,0.448,0.4763333333333333,1.0,0.3333333333333333,0.804,0.196,0.155,Core Active,Core Relationship Customer,Moderate Risk,Moderate Cross-Sell Opportunity,Priority 2
C000039,P008,Premium Banking,Banking,Premium,0.0,1000000,5,False,True,80647,485127,3727.03,29,7.2,0.34,2,0.448,0.4763333333333333,1.0,0.3333333333333333,0.804,0.196,0.155,Core Active,Core Relationship Customer,Moderate Risk,Moderate Cross-Sell Opportunity,Priority 2
C000040,P003,Rewards Credit Card,Credit Card,Cards,0.28,30000,2,True,False,49918,56434,3349.04,41,18.2,0.77,3,0.6,0.30325,0.5,0.0,0.799,0.201,-0.295,Core Active,Core Digital Customer,High Risk,Low Cross-Sell Opportunity,Priority 3
C000040,P004,Personal Loan,Loan,Lending,0.115,75000,3,False,True,49918,56434,3349.04,41,18.2,0.77,3,0.6,0.30325,0.5,0.0,0.799,0.201,-0.295,Core Active,Core Digital Customer,High Risk,Low Cross-Sell Opportunity,Priority 3
C000040,P005,Home Loan,Loan,Lending,0.082,500000,4,False,True,49918,56434,3349.04,41,18.2,0.77,3,0.6,0.30325,0.5,0.0,0.799,0.201,-0.295,Core Active,Core Digital Customer,High Risk,Low Cross-Sell Opportunity,Priority 3
C000040,P006,Mutual Fund Plan,Investment,Wealth,0.1,10000,3,False,True,49918,56434,3349.04,41,18.2,0.77,3,0.6,0.30325,0.5,0.0,0.799,0.201,-0.295,Core Active,Core Digital Customer,High Risk,Low Cross-Sell Opportunity,Priority 3
C000040,P007,Term Insurance,Insurance,Protection,0.0,500000,3,True,False,49918,56434,3349.04,41,18.2,0.77,3,0.6,0.30325,0.5,0.0,0.799,0.201,-0.295,Core Active,Core Digital Customer,High Risk,Low Cross-Sell Opportunity,Priority 3
C000040,P008,Premium Banking,Banking,Premium,0.0,1000000,5,False,True,49918,56434,3349.04,41,18.2,0.77,3,0.6,0.30325,0.5,0.0,0.799,0.201,-0.295,Core Active,Core Digital Customer,High Risk,Low Cross-Sell Opportunity,Priority 3
C000041,P003,Rewards Credit Card,Credit Card,Cards,0.28,30000,2,False,True,55005,245757,2158.21,28,3.5,0.348,1,0.496,0.37,0.2,1.0,0.861,0.139,0.034,Core Active,Core Relationship Customer,Moderate Risk,Moderate Cross-Sell Opportunity,Priority 3
C000041,P004,Personal Loan,Loan,Lending,0.115,75000,3,False,True,55005,245757,2158.21,28,3.5,0.348,1,0.496,0.37,0.2,1.0,0.861,0.139,0.034,Core Active,Core Relationship Customer,Moderate Risk,Moderate Cross-Sell Opportunity,Priority 3
C000041,P005,Home Loan,Loan,Lending,0.082,500000,4,False,True,55005,245757,2158.21,28,3.5,0.348,1,0.496,0.37,0.2,1.0,0.861,0.139,0.034,Core Active,Core Relationship Customer,Moderate Risk,Moderate Cross-Sell Opportunity,Priority 3
C000041,P006,Mutual Fund Plan,Investment,Wealth,0.1,10000,3,False,True,55005,245757,2158.21,28,3.5,0.348,1,0.496,0.37,0.2,1.0,0.861,0.139,0.034,Core Active,Core Relationship Customer,Moderate Risk,Moderate Cross-Sell Opportunity,Priority 3
C000041,P007,Term Insurance,Insurance,Protection,0.0,500000,3,False,True,55005,245757,2158.21,28,3.5,0.348,1,0.496,0.37,0.2,1.0,0.861,0.139,0.034,Core Active,Core Relationship Customer,Moderate Risk,Moderate Cross-Sell Opportunity,Priority 3
C000041,P008,Premium Banking,Banking,Premium,0.0,1000000,5,False,True,55005,245757,2158.21,28,3.5,0.348,1,0.496,0.37,0.2,1.0,0.861,0.139,0.034,Core Active,Core Relationship Customer,Moderate Risk,Moderate Cross-Sell Opportunity,Priority 3
C000042,P003,Rewards Credit Card,Credit Card,Cards,0.28,30000,2,True,False,128787,1037094,4962.85,42,6.7,0.652,5,0.638,0.64325,0.5,0.0,0.722,0.278,-0.077,Premium High-Value,Premium Relationship Customer,Moderate Risk,Moderate Cross-Sell Opportunity,Priority 3
C000042,P004,Personal Loan,Loan,Lending,0.115,75000,3,True,False,128787,1037094,4962.85,42,6.7,0.652,5,0.638,0.64325,0.5,0.0,0.722,0.278,-0.077,Premium High-Value,Premium Relationship Customer,Moderate Risk,Moderate Cross-Sell Opportunity,Priority 3
C000042,P005,Home Loan,Loan,Lending,0.082,500000,4,False,True,128787,1037094,4962.85,42,6.7,0.652,5,0.638,0.64325,0.5,0.0,0.722,0.278,-0.077,Premium High-Value,Premium Relationship Customer,Moderate Risk,Moderate Cross-Sell Opportunity,Priority 3
C000042,P006,Mutual Fund Plan,Investment,Wealth,0.1,10000,3,True,False,128787,1037094,4962.85,42,6.7,0.652,5,0.638,0.64325,0.5,0.0,0.722,0.278,-0.077,Premium High-Value,Premium Relationship Customer,Moderate Risk,Moderate Cross-Sell Opportunity,Priority 3
C000042,P007,Term Insurance,Insurance,Protection,0.0,500000,3,True,False,128787,1037094,4962.85,42,6.7,0.652,5,0.638,0.64325,0.5,0.0,0.722,0.278,-0.077,Premium High-Value,Premium Relationship Customer,Moderate Risk,Moderate Cross-Sell Opportunity,Priority 3
C000042,P008,Premium Banking,Banking,Premium,0.0,1000000,5,False,True,128787,1037094,4962.85,42,6.7,0.652,5,0.638,0.64325,0.5,0.0,0.722,0.278,-0.077,Premium High-Value,Premium Relationship Customer,Moderate Risk,Moderate Cross-Sell Opportunity,Priority 3
C000043,P003,Rewards Credit Card,Credit Card,Cards,0.28,30000,2,False,True,115765,629061,4951.26,45,4.4,0.644,2,0.481,0.4604,0.4,0.0,0.662,0.338,-0.03,Core Active,Core Relationship Customer,Moderate Risk,Moderate Cross-Sell Opportunity,Priority 3
C000043,P004,Personal Loan,Loan,Lending,0.115,75000,3,False,True,115765,629061,4951.26,45,4.4,0.644,2,0.481,0.4604,0.4,0.0,0.662,0.338,-0.03,Core Active,Core Relationship Customer,Moderate Risk,Moderate Cross-Sell Opportunity,Priority 3
C000043,P005,Home Loan,Loan,Lending,0.082,500000,4,False,True,115765,629061,4951.26,45,4.4,0.644,2,0.481,0.4604,0.4,0.0,0.662,0.338,-0.03,Core Active,Core Relationship Customer,Moderate Risk,Moderate Cross-Sell Opportunity,Priority 3
C000043,P006,Mutual Fund Plan,Investment,Wealth,0.1,10000,3,True,False,115765,629061,4951.26,45,4.4,0.644,2,0.481,0.4604,0.4,0.0,0.662,0.338,-0.03,Core Active,Core Relationship Customer,Moderate Risk,Moderate Cross-Sell Opportunity,Priority 3
C000043,P007,Term Insurance,Insurance,Protection,0.0,500000,3,False,True,115765,629061,4951.26,45,4.4,0.644,2,0.481,0.4604,0.4,0.0,0.662,0.338,-0.03,Core Active,Core Relationship Customer,Moderate Risk,Moderate Cross-Sell Opportunity,Priority 3
C000043,P008,Premium Banking,Banking,Premium,0.0,1000000,5,False,True,115765,629061,4951.26,45,4.4,0.644,2,0.481,0.4604,0.4,0.0,0.662,0.338,-0.03,Core Active,Core Relationship Customer,Moderate Risk,Moderate Cross-Sell Opportunity,Priority 3
C000044,P003,Rewards Credit Card,Credit Card,Cards,0.28,30000,2,True,False,224914,664091,13916.36,54,13.8,0.766,5,0.94,0.3605,0.5,0.0,0.653,0.347,-0.071,Premium High-Value,Premium Digital Customer,Moderate Risk,Moderate Cross-Sell Opportunity,Priority 2
C000044,P004,Personal Loan,Loan,Lending,0.115,75000,3,False,True,224914,664091,13916.36,54,13.8,0.766,5,0.94,0.3605,0.5,0.0,0.653,0.347,-0.071,Premium High-Value,Premium Digital Customer,Moderate Risk,Moderate Cross-Sell Opportunity,Priority 2
C000044,P005,Home Loan,Loan,Lending,0.082,500000,4,True,False,224914,664091,13916.36,54,13.8,0.766,5,0.94,0.3605,0.5,0.0,0.653,0.347,-0.071,Premium High-Value,Premium Digital Customer,Moderate Risk,Moderate Cross-Sell Opportunity,Priority 2
C000044,P006,Mutual Fund Plan,Investment,Wealth,0.1,10000,3,True,False,224914,664091,13916.36,54,13.8,0.766,5,0.94,0.3605,0.5,0.0,0.653,0.347,-0.071,Premium High-Value,Premium Digital Customer,Moderate Risk,Moderate Cross-Sell Opportunity,Priority 2
C000044,P007,Term Insurance,Insurance,Protection,0.0,500000,3,False,True,224914,664091,13916.36,54,13.8,0.766,5,0.94,0.3605,0.5,0.0,0.653,0.347,-0.071,Premium High-Value,Premium Digital Customer,Moderate Risk,Moderate Cross-Sell Opportunity,Priority 2
C000044,P008,Premium Banking,Banking,Premium,0.0,1000000,5,True,False,224914,664091,13916.36,54,13.8,0.766,5,0.94,0.3605,0.5,0.0,0.653,0.347,-0.071,Premium High-Value,Premium Digital Customer,Moderate Risk,Moderate Cross-Sell Opportunity,Priority 2
C000045,P003,Rewards Credit Card,Credit Card,Cards,0.28,30000,2,False,True,52723,401578,2981.14,44,1.0,0.397,2,0.664,0.5365,0.5,0.5,0.684,0.316,-0.04,Core Active,Core Relationship Customer,Low Risk,Moderate Cross-Sell Opportunity,Priority 2
C000045,P004,Personal Loan,Loan,Lending,0.115,75000,3,False,True,52723,401578,2981.14,44,1.0,0.397,2,0.664,0.5365,0.5,0.5,0.684,0.316,-0.04,Core Active,Core Relationship Customer,Low Risk,Moderate Cross-Sell Opportunity,Priority 2
C000045,P005,Home Loan,Loan,Lending,0.082,500000,4,False,True,52723,401578,2981.14,44,1.0,0.397,2,0.664,0.5365,0.5,0.5,0.684,0.316,-0.04,Core Active,Core Relationship Customer,Low Risk,Moderate Cross-Sell Opportunity,Priority 2
C000045,P006,Mutual Fund Plan,Investment,Wealth,0.1,10000,3,False,True,52723,401578,2981.14,44,1.0,0.397,2,0.664,0.5365,0.5,0.5,0.684,0.316,-0.04,Core Active,Core Relationship Customer,Low Risk,Moderate Cross-Sell Opportunity,Priority 2
C000045,P007,Term Insurance,Insurance,Protection,0.0,500000,3,False,True,52723,401578,2981.14,44,1.0,0.397,2,0.664,0.5365,0.5,0.5,0.684,0.316,-0.04,Core Active,Core Relationship Customer,Low Risk,Moderate Cross-Sell Opportunity,Priority 2
C000045,P008,Premium Banking,Banking,Premium,0.0,1000000,5,False,True,52723,401578,2981.14,44,1.0,0.397,2,0.664,0.5365,0.5,0.5,0.684,0.316,-0.04,Core Active,Core Relationship Customer,Low Risk,Moderate Cross-Sell Opportunity,Priority 2
C000046,P003,Rewards Credit Card,Credit Card,Cards,0.28,30000,2,True,False,104648,967901,3560.45,48,9.8,0.379,3,0.564,0.55,1.0,0.0,0.742,0.258,-0.143,Premium High-Value,Premium Relationship Customer,Moderate Risk,Moderate Cross-Sell Opportunity,Priority 2
C000046,P004,Personal Loan,Loan,Lending,0.115,75000,3,True,False,104648,967901,3560.45,48,9.8,0.379,3,0.564,0.55,1.0,0.0,0.742,0.258,-0.143,Premium High-Value,Premium Relationship Customer,Moderate Risk,Moderate Cross-Sell Opportunity,Priority 2
C000046,P005,Home Loan,Loan,Lending,0.082,500000,4,False,True,104648,967901,3560.45,48,9.8,0.379,3,0.564,0.55,1.0,0.0,0.742,0.258,-0.143,Premium High-Value,Premium Relationship Customer,Moderate Risk,Moderate Cross-Sell Opportunity,Priority 2
C000046,P006,Mutual Fund Plan,Investment,Wealth,0.1,10000,3,False,True,104648,967901,3560.45,48,9.8,0.379,3,0.564,0.55,1.0,0.0,0.742,0.258,-0.143,Premium High-Value,Premium Relationship Customer,Moderate Risk,Moderate Cross-Sell Opportunity,Priority 2
C000046,P007,Term Insurance,Insurance,Protection,0.0,500000,3,False,True,104648,967901,3560.45,48,9.8,0.379,3,0.564,0.55,1.0,0.0,0.742,0.258,-0.143,Premium High-Value,Premium Relationship Customer,Moderate Risk,Moderate Cross-Sell Opportunity,Priority 2
C000046,P008,Premium Banking,Banking,Premium,0.0,1000000,5,False,True,104648,967901,3560.45,48,9.8,0.379,3,0.564,0.55,1.0,0.0,0.742,0.258,-0.143,Premium High-Value,Premium Relationship Customer,Moderate Risk,Moderate Cross-Sell Opportunity,Priority 2
C000047,P003,Rewards Credit Card,Credit Card,Cards,0.28,30000,2,False,True,86099,365050,3409.69,32,10.8,0.689,2,0.496,0.555,0.6666666666666666,0.0,0.73,0.27,0.086,Core Active,Core Relationship Customer,Moderate Risk,Moderate Cross-Sell Opportunity,Priority 2
C000047,P004,Personal Loan,Loan,Lending,0.115,75000,3,True,False,86099,365050,3409.69,32,10.8,0.689,2,0.496,0.555,0.6666666666666666,0.0,0.73,0.27,0.086,Core Active,Core Relationship Customer,Moderate Risk,Moderate Cross-Sell Opportunity,Priority 2
C000047,P005,Home Loan,Loan,Lending,0.082,500000,4,False,True,86099,365050,3409.69,32,10.8,0.689,2,0.496,0.555,0.6666666666666666,0.0,0.73,0.27,0.086,Core Active,Core Relationship Customer,Moderate Risk,Moderate Cross-Sell Opportunity,Priority 2
C000047,P006,Mutual Fund Plan,Investment,Wealth,0.1,10000,3,False,True,86099,365050,3409.69,32,10.8,0.689,2,0.496,0.555,0.6666666666666666,0.0,0.73,0.27,0.086,Core Active,Core Relationship Customer,Moderate Risk,Moderate Cross-Sell Opportunity,Priority 2
C000047,P007,Term Insurance,Insurance,Protection,0.0,500000,3,False,True,86099,365050,3409.69,32,10.8,0.689,2,0.496,0.555,0.6666666666666666,0.0,0.73,0.27,0.086,Core Active,Core Relationship Customer,Moderate Risk,Moderate Cross-Sell Opportunity,Priority 2
C000047,P008,Premium Banking,Banking,Premium,0.0,1000000,5,False,True,86099,365050,3409.69,32,10.8,0.689,2,0.496,0.555,0.6666666666666666,0.0,0.73,0.27,0.086,Core Active,Core Relationship Customer,Moderate Risk,Moderate Cross-Sell Opportunity,Priority 2
C000048,P003,Rewards Credit Card,Credit Card,Cards,0.28,30000,2,False,True,47472,311560,1653.61,26,0.1,0.636,1,0.488,0.4416666666666666,0.3333333333333333,0.0,0.621,0.379,0.015,Core Active,Core Relationship Customer,Low Risk,Moderate Cross-Sell Opportunity,Priority 3
C000048,P004,Personal Loan,Loan,Lending,0.115,75000,3,False,True,47472,311560,1653.61,26,0.1,0.636,1,0.488,0.4416666666666666,0.3333333333333333,0.0,0.621,0.379,0.015,Core Active,Core Relationship Customer,Low Risk,Moderate Cross-Sell Opportunity,Priority 3
C000048,P005,Home Loan,Loan,Lending,0.082,500000,4,False,True,47472,311560,1653.61,26,0.1,0.636,1,0.488,0.4416666666666666,0.3333333333333333,0.0,0.621,0.379,0.015,Core Active,Core Relationship Customer,Low Risk,Moderate Cross-Sell Opportunity,Priority 3
C000048,P006,Mutual Fund Plan,Investment,Wealth,0.1,10000,3,False,True,47472,311560,1653.61,26,0.1,0.636,1,0.488,0.4416666666666666,0.3333333333333333,0.0,0.621,0.379,0.015,Core Active,Core Relationship Customer,Low Risk,Moderate Cross-Sell Opportunity,Priority 3
C000048,P007,Term Insurance,Insurance,Protection,0.0,500000,3,False,True,47472,311560,1653.61,26,0.1,0.636,1,0.488,0.4416666666666666,0.3333333333333333,0.0,0.621,0.379,0.015,Core Active,Core Relationship Customer,Low Risk,Moderate Cross-Sell Opportunity,Priority 3
C000048,P008,Premium Banking,Banking,Premium,0.0,1000000,5,False,True,47472,311560,1653.61,26,0.1,0.636,1,0.488,0.4416666666666666,0.3333333333333333,0.0,0.621,0.379,0.015,Core Active,Core Relationship Customer,Low Risk,Moderate Cross-Sell Opportunity,Priority 3
C000049,P003,Rewards Credit Card,Credit Card,Cards,0.28,30000,2,True,False,200412,197133,7672.27,49,22.1,0.581,4,0.702,0.4526666666666667,1.0,0.0,0.594,0.406,0.18,Premium High-Value,Premium Relationship Customer,Moderate Risk,Moderate Cross-Sell Opportunity,Priority 3
C000049,P004,Personal Loan,Loan,Lending,0.115,75000,3,False,True,200412,197133,7672.27,49,22.1,0.581,4,0.702,0.4526666666666667,1.0,0.0,0.594,0.406,0.18,Premium High-Value,Premium Relationship Customer,Moderate Risk,Moderate Cross-Sell Opportunity,Priority 3
C000049,P005,Home Loan,Loan,Lending,0.082,500000,4,False,True,200412,197133,7672.27,49,22.1,0.581,4,0.702,0.4526666666666667,1.0,0.0,0.594,0.406,0.18,Premium High-Value,Premium Relationship Customer,Moderate Risk,Moderate Cross-Sell Opportunity,Priority 3
C000049,P006,Mutual Fund Plan,Investment,Wealth,0.1,10000,3,True,False,200412,197133,7672.27,49,22.1,0.581,4,0.702,0.4526666666666667,1.0,0.0,0.594,0.406,0.18,Premium High-Value,Premium Relationship Customer,Moderate Risk,Moderate Cross-Sell Opportunity,Priority 3
C000049,P007,Term Insurance,Insurance,Protection,0.0,500000,3,True,False,200412,197133,7672.27,49,22.1,0.581,4,0.702,0.4526666666666667,1.0,0.0,0.594,0.406,0.18,Premium High-Value,Premium Relationship Customer,Moderate Risk,Moderate Cross-Sell Opportunity,Priority 3
C000049,P008,Premium Banking,Banking,Premium,0.0,1000000,5,False,True,200412,197133,7672.27,49,22.1,0.581,4,0.702,0.4526666666666667,1.0,0.0,0.594,0.406,0.18,Premium High-Value,Premium Relationship Customer,Moderate Risk,Moderate Cross-Sell Opportunity,Priority 3
C000050,P003,Rewards Credit Card,Credit Card,Cards,0.28,30000,2,True,False,57359,72119,1904.84,19,7.2,0.134,2,0.633,0.4044,0.4,0.0,0.408,0.592,-0.215,Core Active,Core Relationship Customer,High Risk,Low Cross-Sell Opportunity,Priority 3
C000050,P004,Personal Loan,Loan,Lending,0.115,75000,3,False,True,57359,72119,1904.84,19,7.2,0.134,2,0.633,0.4044,0.4,0.0,0.408,0.592,-0.215,Core Active,Core Relationship Customer,High Risk,Low Cross-Sell Opportunity,Priority 3
C000050,P005,Home Loan,Loan,Lending,0.082,500000,4,False,True,57359,72119,1904.84,19,7.2,0.134,2,0.633,0.4044,0.4,0.0,0.408,0.592,-0.215,Core Active,Core Relationship Customer,High Risk,Low Cross-Sell Opportunity,Priority 3
C000050,P006,Mutual Fund Plan,Investment,Wealth,0.1,10000,3,False,True,57359,72119,1904.84,19,7.2,0.134,2,0.633,0.4044,0.4,0.0,0.408,0.592,-0.215,Core Active,Core Relationship Customer,High Risk,Low Cross-Sell Opportunity,Priority 3
C000050,P007,Term Insurance,Insurance,Protection,0.0,500000,3,False,True,57359,72119,1904.84,19,7.2,0.134,2,0.633,0.4044,0.4,0.0,0.408,0.592,-0.215,Core Active,Core Relationship Customer,High Risk,Low Cross-Sell Opportunity,Priority 3
C000050,P008,Premium Banking,Banking,Premium,0.0,1000000,5,False,True,57359,72119,1904.84,19,7.2,0.134,2,0.633,0.4044,0.4,0.0,0.408,0.592,-0.215,Core Active,Core Relationship Customer,High Risk,Low Cross-Sell Opportunity,Priority 3
C000051,P003,Rewards Credit Card,Credit Card,Cards,0.28,30000,2,True,False,88764,484908,3571.59,37,14.6,0.568,3,0.558,0.206,0.5,0.0,0.723,0.277,-0.201,Core Active,Core Relationship Customer,High Risk,Moderate Cross-Sell Opportunity,Priority 3
C000051,P004,Personal Loan,Loan,Lending,0.115,75000,3,False,True,88764,484908,3571.59,37,14.6,0.568,3,0.558,0.206,0.5,0.0,0.723,0.277,-0.201,Core Active,Core Relationship Customer,High Risk,Moderate Cross-Sell Opportunity,Priority 3
C000051,P005,Home Loan,Loan,Lending,0.082,500000,4,False,True,88764,484908,3571.59,37,14.6,0.568,3,0.558,0.206,0.5,0.0,0.723,0.277,-0.201,Core Active,Core Relationship Customer,High Risk,Moderate Cross-Sell Opportunity,Priority 3
C000051,P006,Mutual Fund Plan,Investment,Wealth,0.1,10000,3,True,False,88764,484908,3571.59,37,14.6,0.568,3,0.558,0.206,0.5,0.0,0.723,0.277,-0.201,Core Active,Core Relationship Customer,High Risk,Moderate Cross-Sell Opportunity,Priority 3
C000051,P007,Term Insurance,Insurance,Protection,0.0,500000,3,False,True,88764,484908,3571.59,37,14.6,0.568,3,0.558,0.206,0.5,0.0,0.723,0.277,-0.201,Core Active,Core Relationship Customer,High Risk,Moderate Cross-Sell Opportunity,Priority 3
C000051,P008,Premium Banking,Banking,Premium,0.0,1000000,5,False,True,88764,484908,3571.59,37,14.6,0.568,3,0.558,0.206,0.5,0.0,0.723,0.277,-0.201,Core Active,Core Relationship Customer,High Risk,Moderate Cross-Sell Opportunity,Priority 3
C000052,P003,Rewards Credit Card,Credit Card,Cards,0.28,30000,2,False,True,42552,85458,1252.19,27,24.7,0.601,1,0.483,0.4471999999999999,0.4,0.5,0.859,0.141,0.009,Core Active,Core Relationship Customer,High Risk,Low Cross-Sell Opportunity,Priority 3
C000052,P004,Personal Loan,Loan,Lending,0.115,75000,3,False,True,42552,85458,1252.19,27,24.7,0.601,1,0.483,0.4471999999999999,0.4,0.5,0.859,0.141,0.009,Core Active,Core Relationship Customer,High Risk,Low Cross-Sell Opportunity,Priority 3
C000052,P005,Home Loan,Loan,Lending,0.082,500000,4,False,True,42552,85458,1252.19,27,24.7,0.601,1,0.483,0.4471999999999999,0.4,0.5,0.859,0.141,0.009,Core Active,Core Relationship Customer,High Risk,Low Cross-Sell Opportunity,Priority 3
C000052,P006,Mutual Fund Plan,Investment,Wealth,0.1,10000,3,False,True,42552,85458,1252.19,27,24.7,0.601,1,0.483,0.4471999999999999,0.4,0.5,0.859,0.141,0.009,Core Active,Core Relationship Customer,High Risk,Low Cross-Sell Opportunity,Priority 3
C000052,P007,Term Insurance,Insurance,Protection,0.0,500000,3,False,True,42552,85458,1252.19,27,24.7,0.601,1,0.483,0.4471999999999999,0.4,0.5,0.859,0.141,0.009,Core Active,Core Relationship Customer,High Risk,Low Cross-Sell Opportunity,Priority 3
C000052,P008,Premium Banking,Banking,Premium,0.0,1000000,5,False,True,42552,85458,1252.19,27,24.7,0.601,1,0.483,0.4471999999999999,0.4,0.5,0.859,0.141,0.009,Core Active,Core Relationship Customer,High Risk,Low Cross-Sell Opportunity,Priority 3
C000053,P003,Rewards Credit Card,Credit Card,Cards,0.28,30000,2,False,True,54924,376121,3300.94,48,1.4,0.552,2,0.713,0.4808,0.2,1.0,0.525,0.475,0.163,Core Active,Core Relationship Customer,Low Risk,Moderate Cross-Sell Opportunity,Priority 2
C000053,P004,Personal Loan,Loan,Lending,0.115,75000,3,False,True,54924,376121,3300.94,48,1.4,0.552,2,0.713,0.4808,0.2,1.0,0.525,0.475,0.163,Core Active,Core Relationship Customer,Low Risk,Moderate Cross-Sell Opportunity,Priority 2
C000053,P005,Home Loan,Loan,Lending,0.082,500000,4,False,True,54924,376121,3300.94,48,1.4,0.552,2,0.713,0.4808,0.2,1.0,0.525,0.475,0.163,Core Active,Core Relationship Customer,Low Risk,Moderate Cross-Sell Opportunity,Priority 2
C000053,P006,Mutual Fund Plan,Investment,Wealth,0.1,10000,3,True,False,54924,376121,3300.94,48,1.4,0.552,2,0.713,0.4808,0.2,1.0,0.525,0.475,0.163,Core Active,Core Relationship Customer,Low Risk,Moderate Cross-Sell Opportunity,Priority 2
C000053,P007,Term Insurance,Insurance,Protection,0.0,500000,3,False,True,54924,376121,3300.94,48,1.4,0.552,2,0.713,0.4808,0.2,1.0,0.525,0.475,0.163,Core Active,Core Relationship Customer,Low Risk,Moderate Cross-Sell Opportunity,Priority 2
C000053,P008,Premium Banking,Banking,Premium,0.0,1000000,5,False,True,54924,376121,3300.94,48,1.4,0.552,2,0.713,0.4808,0.2,1.0,0.525,0.475,0.163,Core Active,Core Relationship Customer,Low Risk,Moderate Cross-Sell Opportunity,Priority 2
C000054,P003,Rewards Credit Card,Credit Card,Cards,0.28,30000,2,False,True,114918,348817,5793.47,47,8.1,0.69,2,0.62,0.4473333333333333,0.0,0.0,0.775,0.225,-0.077,Premium High-Value,Premium Relationship Customer,Moderate Risk,Moderate Cross-Sell Opportunity,Priority 3
C000054,P004,Personal Loan,Loan,Lending,0.115,75000,3,True,False,114918,348817,5793.47,47,8.1,0.69,2,0.62,0.4473333333333333,0.0,0.0,0.775,0.225,-0.077,Premium High-Value,Premium Relationship Customer,Moderate Risk,Moderate Cross-Sell Opportunity,Priority 3
C000054,P005,Home Loan,Loan,Lending,0.082,500000,4,False,True,114918,348817,5793.47,47,8.1,0.69,2,0.62,0.4473333333333333,0.0,0.0,0.775,0.225,-0.077,Premium High-Value,Premium Relationship Customer,Moderate Risk,Moderate Cross-Sell Opportunity,Priority 3
C000054,P006,Mutual Fund Plan,Investment,Wealth,0.1,10000,3,False,True,114918,348817,5793.47,47,8.1,0.69,2,0.62,0.4473333333333333,0.0,0.0,0.775,0.225,-0.077,Premium High-Value,Premium Relationship Customer,Moderate Risk,Moderate Cross-Sell Opportunity,Priority 3
C000054,P007,Term Insurance,Insurance,Protection,0.0,500000,3,False,True,114918,348817,5793.47,47,8.1,0.69,2,0.62,0.4473333333333333,0.0,0.0,0.775,0.225,-0.077,Premium High-Value,Premium Relationship Customer,Moderate Risk,Moderate Cross-Sell Opportunity,Priority 3
C000054,P008,Premium Banking,Banking,Premium,0.0,1000000,5,False,True,114918,348817,5793.47,47,8.1,0.69,2,0.62,0.4473333333333333,0.0,0.0,0.775,0.225,-0.077,Premium High-Value,Premium Relationship Customer,Moderate Risk,Moderate Cross-Sell Opportunity,Priority 3
C000055,P003,Rewards Credit Card,Credit Card,Cards,0.28,30000,2,True,False,89759,252562,4318.24,42,7.8,0.805,2,0.719,0.45525,0.75,0.6666666666666666,0.857,0.143,0.224,Premium High-Value,Premium Digital Customer,Low Risk,Moderate Cross-Sell Opportunity,Priority 2
C000055,P004,Personal Loan,Loan,Lending,0.115,75000,3,False,True,89759,252562,4318.24,42,7.8,0.805,2,0.719,0.45525,0.75,0.6666666666666666,0.857,0.143,0.224,Premium High-Value,Premium Digital Customer,Low Risk,Moderate Cross-Sell Opportunity,Priority 2
C000055,P005,Home Loan,Loan,Lending,0.082,500000,4,False,True,89759,252562,4318.24,42,7.8,0.805,2,0.719,0.45525,0.75,0.6666666666666666,0.857,0.143,0.224,Premium High-Value,Premium Digital Customer,Low Risk,Moderate Cross-Sell Opportunity,Priority 2
C000055,P006,Mutual Fund Plan,Investment,Wealth,0.1,10000,3,False,True,89759,252562,4318.24,42,7.8,0.805,2,0.719,0.45525,0.75,0.6666666666666666,0.857,0.143,0.224,Premium High-Value,Premium Digital Customer,Low Risk,Moderate Cross-Sell Opportunity,Priority 2
C000055,P007,Term Insurance,Insurance,Protection,0.0,500000,3,False,True,89759,252562,4318.24,42,7.8,0.805,2,0.719,0.45525,0.75,0.6666666666666666,0.857,0.143,0.224,Premium High-Value,Premium Digital Customer,Low Risk,Moderate Cross-Sell Opportunity,Priority 2
C000055,P008,Premium Banking,Banking,Premium,0.0,1000000,5,False,True,89759,252562,4318.24,42,7.8,0.805,2,0.719,0.45525,0.75,0.6666666666666666,0.857,0.143,0.224,Premium High-Value,Premium Digital Customer,Low Risk,Moderate Cross-Sell Opportunity,Priority 2
C000056,P003,Rewards Credit Card,Credit Card,Cards,0.28,30000,2,False,True,78353,183785,2904.8,42,2.1,0.578,2,0.668,0.4815,0.5,0.5,0.856,0.144,0.012,Core Active,Core Relationship Customer,Low Risk,Moderate Cross-Sell Opportunity,Priority 2
C000056,P004,Personal Loan,Loan,Lending,0.115,75000,3,False,True,78353,183785,2904.8,42,2.1,0.578,2,0.668,0.4815,0.5,0.5,0.856,0.144,0.012,Core Active,Core Relationship Customer,Low Risk,Moderate Cross-Sell Opportunity,Priority 2
C000056,P005,Home Loan,Loan,Lending,0.082,500000,4,False,True,78353,183785,2904.8,42,2.1,0.578,2,0.668,0.4815,0.5,0.5,0.856,0.144,0.012,Core Active,Core Relationship Customer,Low Risk,Moderate Cross-Sell Opportunity,Priority 2
C000056,P006,Mutual Fund Plan,Investment,Wealth,0.1,10000,3,False,True,78353,183785,2904.8,42,2.1,0.578,2,0.668,0.4815,0.5,0.5,0.856,0.144,0.012,Core Active,Core Relationship Customer,Low Risk,Moderate Cross-Sell Opportunity,Priority 2
C000056,P007,Term Insurance,Insurance,Protection,0.0,500000,3,False,True,78353,183785,2904.8,42,2.1,0.578,2,0.668,0.4815,0.5,0.5,0.856,0.144,0.012,Core Active,Core Relationship Customer,Low Risk,Moderate Cross-Sell Opportunity,Priority 2
C000056,P008,Premium Banking,Banking,Premium,0.0,1000000,5,False,True,78353,183785,2904.8,42,2.1,0.578,2,0.668,0.4815,0.5,0.5,0.856,0.144,0.012,Core Active,Core Relationship Customer,Low Risk,Moderate Cross-Sell Opportunity,Priority 2
C000057,P003,Rewards Credit Card,Credit Card,Cards,0.28,30000,2,True,False,60590,491047,2530.06,24,14.1,0.868,2,0.434,0.5511999999999999,0.2,0.0,0.644,0.356,0.007,Core Active,Core Relationship Customer,High Risk,Moderate Cross-Sell Opportunity,Priority 3
C000057,P004,Personal Loan,Loan,Lending,0.115,75000,3,False,True,60590,491047,2530.06,24,14.1,0.868,2,0.434,0.5511999999999999,0.2,0.0,0.644,0.356,0.007,Core Active,Core Relationship Customer,High Risk,Moderate Cross-Sell Opportunity,Priority 3
C000057,P005,Home Loan,Loan,Lending,0.082,500000,4,False,True,60590,491047,2530.06,24,14.1,0.868,2,0.434,0.5511999999999999,0.2,0.0,0.644,0.356,0.007,Core Active,Core Relationship Customer,High Risk,Moderate Cross-Sell Opportunity,Priority 3
C000057,P006,Mutual Fund Plan,Investment,Wealth,0.1,10000,3,False,True,60590,491047,2530.06,24,14.1,0.868,2,0.434,0.5511999999999999,0.2,0.0,0.644,0.356,0.007,Core Active,Core Relationship Customer,High Risk,Moderate Cross-Sell Opportunity,Priority 3
C000057,P007,Term Insurance,Insurance,Protection,0.0,500000,3,False,True,60590,491047,2530.06,24,14.1,0.868,2,0.434,0.5511999999999999,0.2,0.0,0.644,0.356,0.007,Core Active,Core Relationship Customer,High Risk,Moderate Cross-Sell Opportunity,Priority 3
C000057,P008,Premium Banking,Banking,Premium,0.0,1000000,5,False,True,60590,491047,2530.06,24,14.1,0.868,2,0.434,0.5511999999999999,0.2,0.0,0.644,0.356,0.007,Core Active,Core Relationship Customer,High Risk,Moderate Cross-Sell Opportunity,Priority 3
C000058,P003,Rewards Credit Card,Credit Card,Cards,0.28,30000,2,True,False,51697,102501,1758.16,19,11.8,0.628,3,0.602,0.3616666666666666,0.0,0.0,0.743,0.257,-0.105,Core Active,Core Relationship Customer,High Risk,Low Cross-Sell Opportunity,Priority 4
C000058,P004,Personal Loan,Loan,Lending,0.115,75000,3,True,False,51697,102501,1758.16,19,11.8,0.628,3,0.602,0.3616666666666666,0.0,0.0,0.743,0.257,-0.105,Core Active,Core Relationship Customer,High Risk,Low Cross-Sell Opportunity,Priority 4
C000058,P005,Home Loan,Loan,Lending,0.082,500000,4,False,True,51697,102501,1758.16,19,11.8,0.628,3,0.602,0.3616666666666666,0.0,0.0,0.743,0.257,-0.105,Core Active,Core Relationship Customer,High Risk,Low Cross-Sell Opportunity,Priority 4
C000058,P006,Mutual Fund Plan,Investment,Wealth,0.1,10000,3,False,True,51697,102501,1758.16,19,11.8,0.628,3,0.602,0.3616666666666666,0.0,0.0,0.743,0.257,-0.105,Core Active,Core Relationship Customer,High Risk,Low Cross-Sell Opportunity,Priority 4
C000058,P007,Term Insurance,Insurance,Protection,0.0,500000,3,False,True,51697,102501,1758.16,19,11.8,0.628,3,0.602,0.3616666666666666,0.0,0.0,0.743,0.257,-0.105,Core Active,Core Relationship Customer,High Risk,Low Cross-Sell Opportunity,Priority 4
C000058,P008,Premium Banking,Banking,Premium,0.0,1000000,5,False,True,51697,102501,1758.16,19,11.8,0.628,3,0.602,0.3616666666666666,0.0,0.0,0.743,0.257,-0.105,Core Active,Core Relationship Customer,High Risk,Low Cross-Sell Opportunity,Priority 4
C000059,P003,Rewards Credit Card,Credit Card,Cards,0.28,30000,2,False,True,104581,123696,3391.93,53,8.4,0.998,3,0.787,0.3935,0.0,0.0,0.629,0.371,-0.013,Core Active,Core Digital Customer,Moderate Risk,Moderate Cross-Sell Opportunity,Priority 3
C000059,P004,Personal Loan,Loan,Lending,0.115,75000,3,True,False,104581,123696,3391.93,53,8.4,0.998,3,0.787,0.3935,0.0,0.0,0.629,0.371,-0.013,Core Active,Core Digital Customer,Moderate Risk,Moderate Cross-Sell Opportunity,Priority 3
C000059,P005,Home Loan,Loan,Lending,0.082,500000,4,False,True,104581,123696,3391.93,53,8.4,0.998,3,0.787,0.3935,0.0,0.0,0.629,0.371,-0.013,Core Active,Core Digital Customer,Moderate Risk,Moderate Cross-Sell Opportunity,Priority 3
C000059,P006,Mutual Fund Plan,Investment,Wealth,0.1,10000,3,False,True,104581,123696,3391.93,53,8.4,0.998,3,0.787,0.3935,0.0,0.0,0.629,0.371,-0.013,Core Active,Core Digital Customer,Moderate Risk,Moderate Cross-Sell Opportunity,Priority 3
C000059,P007,Term Insurance,Insurance,Protection,0.0,500000,3,True,False,104581,123696,3391.93,53,8.4,0.998,3,0.787,0.3935,0.0,0.0,0.629,0.371,-0.013,Core Active,Core Digital Customer,Moderate Risk,Moderate Cross-Sell Opportunity,Priority 3
C000059,P008,Premium Banking,Banking,Premium,0.0,1000000,5,False,True,104581,123696,3391.93,53,8.4,0.998,3,0.787,0.3935,0.0,0.0,0.629,0.371,-0.013,Core Active,Core Digital Customer,Moderate Risk,Moderate Cross-Sell Opportunity,Priority 3
C000060,P003,Rewards Credit Card,Credit Card,Cards,0.28,30000,2,True,False,109380,299489,5537.01,37,14.8,0.574,3,0.669,0.3966666666666666,0.3333333333333333,0.0,0.617,0.383,-0.137,Core Active,Core Relationship Customer,High Risk,Moderate Cross-Sell Opportunity,Priority 3
C000060,P004,Personal Loan,Loan,Lending,0.115,75000,3,False,True,109380,299489,5537.01,37,14.8,0.574,3,0.669,0.3966666666666666,0.3333333333333333,0.0,0.617,0.383,-0.137,Core Active,Core Relationship Customer,High Risk,Moderate Cross-Sell Opportunity,Priority 3
C000060,P005,Home Loan,Loan,Lending,0.082,500000,4,False,True,109380,299489,5537.01,37,14.8,0.574,3,0.669,0.3966666666666666,0.3333333333333333,0.0,0.617,0.383,-0.137,Core Active,Core Relationship Customer,High Risk,Moderate Cross-Sell Opportunity,Priority 3
C000060,P006,Mutual Fund Plan,Investment,Wealth,0.1,10000,3,False,True,109380,299489,5537.01,37,14.8,0.574,3,0.669,0.3966666666666666,0.3333333333333333,0.0,0.617,0.383,-0.137,Core Active,Core Relationship Customer,High Risk,Moderate Cross-Sell Opportunity,Priority 3
C000060,P007,Term Insurance,Insurance,Protection,0.0,500000,3,False,True,109380,299489,5537.01,37,14.8,0.574,3,0.669,0.3966666666666666,0.3333333333333333,0.0,0.617,0.383,-0.137,Core Active,Core Relationship Customer,High Risk,Moderate Cross-Sell Opportunity,Priority 3
C000060,P008,Premium Banking,Banking,Premium,0.0,1000000,5,False,True,109380,299489,5537.01,37,14.8,0.574,3,0.669,0.3966666666666666,0.3333333333333333,0.0,0.617,0.383,-0.137,Core Active,Core Relationship Customer,High Risk,Moderate Cross-Sell Opportunity,Priority 3
C000061,P003,Rewards Credit Card,Credit Card,Cards,0.28,30000,2,True,False,44549,158536,1518.05,14,42.0,0.468,1,0.425,0.2966,0.2,1.0,0.693,0.307,0.095,At Risk,At-Risk Engagement Customer,High Risk,Low Cross-Sell Opportunity,Priority 3
C000061,P004,Personal Loan,Loan,Lending,0.115,75000,3,False,True,44549,158536,1518.05,14,42.0,0.468,1,0.425,0.2966,0.2,1.0,0.693,0.307,0.095,At Risk,At-Risk Engagement Customer,High Risk,Low Cross-Sell Opportunity,Priority 3
C000061,P005,Home Loan,Loan,Lending,0.082,500000,4,False,True,44549,158536,1518.05,14,42.0,0.468,1,0.425,0.2966,0.2,1.0,0.693,0.307,0.095,At Risk,At-Risk Engagement Customer,High Risk,Low Cross-Sell Opportunity,Priority 3
C000061,P006,Mutual Fund Plan,Investment,Wealth,0.1,10000,3,False,True,44549,158536,1518.05,14,42.0,0.468,1,0.425,0.2966,0.2,1.0,0.693,0.307,0.095,At Risk,At-Risk Engagement Customer,High Risk,Low Cross-Sell Opportunity,Priority 3
C000061,P007,Term Insurance,Insurance,Protection,0.0,500000,3,False,True,44549,158536,1518.05,14,42.0,0.468,1,0.425,0.2966,0.2,1.0,0.693,0.307,0.095,At Risk,At-Risk Engagement Customer,High Risk,Low Cross-Sell Opportunity,Priority 3
C000061,P008,Premium Banking,Banking,Premium,0.0,1000000,5,False,True,44549,158536,1518.05,14,42.0,0.468,1,0.425,0.2966,0.2,1.0,0.693,0.307,0.095,At Risk,At-Risk Engagement Customer,High Risk,Low Cross-Sell Opportunity,Priority 3
C000062,P003,Rewards Credit Card,Credit Card,Cards,0.28,30000,2,True,False,146030,1839596,9350.3,56,27.5,1.0,1,0.565,0.6676666666666667,0.3333333333333333,0.0,0.832,0.168,-0.082,Premium High-Value,Premium Digital Customer,High Risk,High Cross-Sell Opportunity,Priority 2
C000062,P004,Personal Loan,Loan,Lending,0.115,75000,3,False,True,146030,1839596,9350.3,56,27.5,1.0,1,0.565,0.6676666666666667,0.3333333333333333,0.0,0.832,0.168,-0.082,Premium High-Value,Premium Digital Customer,High Risk,High Cross-Sell Opportunity,Priority 2
C000062,P005,Home Loan,Loan,Lending,0.082,500000,4,False,True,146030,1839596,9350.3,56,27.5,1.0,1,0.565,0.6676666666666667,0.3333333333333333,0.0,0.832,0.168,-0.082,Premium High-Value,Premium Digital Customer,High Risk,High Cross-Sell Opportunity,Priority 2
C000062,P006,Mutual Fund Plan,Investment,Wealth,0.1,10000,3,False,True,146030,1839596,9350.3,56,27.5,1.0,1,0.565,0.6676666666666667,0.3333333333333333,0.0,0.832,0.168,-0.082,Premium High-Value,Premium Digital Customer,High Risk,High Cross-Sell Opportunity,Priority 2
C000062,P007,Term Insurance,Insurance,Protection,0.0,500000,3,False,True,146030,1839596,9350.3,56,27.5,1.0,1,0.565,0.6676666666666667,0.3333333333333333,0.0,0.832,0.168,-0.082,Premium High-Value,Premium Digital Customer,High Risk,High Cross-Sell Opportunity,Priority 2
C000062,P008,Premium Banking,Banking,Premium,0.0,1000000,5,False,True,146030,1839596,9350.3,56,27.5,1.0,1,0.565,0.6676666666666667,0.3333333333333333,0.0,0.832,0.168,-0.082,Premium High-Value,Premium Digital Customer,High Risk,High Cross-Sell Opportunity,Priority 2
C000063,P003,Rewards Credit Card,Credit Card,Cards,0.28,30000,2,True,False,63559,565185,4146.43,46,7.1,0.398,5,0.676,0.3926666666666666,0.0,0.0,0.55,0.45,-0.071,Core Active,Core Relationship Customer,Moderate Risk,Moderate Cross-Sell Opportunity,Priority 3
C000063,P004,Personal Loan,Loan,Lending,0.115,75000,3,True,False,63559,565185,4146.43,46,7.1,0.398,5,0.676,0.3926666666666666,0.0,0.0,0.55,0.45,-0.071,Core Active,Core Relationship Customer,Moderate Risk,Moderate Cross-Sell Opportunity,Priority 3
C000063,P005,Home Loan,Loan,Lending,0.082,500000,4,False,True,63559,565185,4146.43,46,7.1,0.398,5,0.676,0.3926666666666666,0.0,0.0,0.55,0.45,-0.071,Core Active,Core Relationship Customer,Moderate Risk,Moderate Cross-Sell Opportunity,Priority 3
C000063,P006,Mutual Fund Plan,Investment,Wealth,0.1,10000,3,False,True,63559,565185,4146.43,46,7.1,0.398,5,0.676,0.3926666666666666,0.0,0.0,0.55,0.45,-0.071,Core Active,Core Relationship Customer,Moderate Risk,Moderate Cross-Sell Opportunity,Priority 3
C000063,P007,Term Insurance,Insurance,Protection,0.0,500000,3,True,False,63559,565185,4146.43,46,7.1,0.398,5,0.676,0.3926666666666666,0.0,0.0,0.55,0.45,-0.071,Core Active,Core Relationship Customer,Moderate Risk,Moderate Cross-Sell Opportunity,Priority 3
C000063,P008,Premium Banking,Banking,Premium,0.0,1000000,5,False,True,63559,565185,4146.43,46,7.1,0.398,5,0.676,0.3926666666666666,0.0,0.0,0.55,0.45,-0.071,Core Active,Core Relationship Customer,Moderate Risk,Moderate Cross-Sell Opportunity,Priority 3
C000064,P003,Rewards Credit Card,Credit Card,Cards,0.28,30000,2,False,True,71050,405204,2209.45,33,2.4,0.593,1,0.616,0.511,0.3333333333333333,0.0,0.89,0.11,0.167,Core Active,Core Relationship Customer,Low Risk,Moderate Cross-Sell Opportunity,Priority 2
C000064,P004,Personal Loan,Loan,Lending,0.115,75000,3,False,True,71050,405204,2209.45,33,2.4,0.593,1,0.616,0.511,0.3333333333333333,0.0,0.89,0.11,0.167,Core Active,Core Relationship Customer,Low Risk,Moderate Cross-Sell Opportunity,Priority 2
C000064,P005,Home Loan,Loan,Lending,0.082,500000,4,False,True,71050,405204,2209.45,33,2.4,0.593,1,0.616,0.511,0.3333333333333333,0.0,0.89,0.11,0.167,Core Active,Core Relationship Customer,Low Risk,Moderate Cross-Sell Opportunity,Priority 2
C000064,P006,Mutual Fund Plan,Investment,Wealth,0.1,10000,3,False,True,71050,405204,2209.45,33,2.4,0.593,1,0.616,0.511,0.3333333333333333,0.0,0.89,0.11,0.167,Core Active,Core Relationship Customer,Low Risk,Moderate Cross-Sell Opportunity,Priority 2
C000064,P007,Term Insurance,Insurance,Protection,0.0,500000,3,False,True,71050,405204,2209.45,33,2.4,0.593,1,0.616,0.511,0.3333333333333333,0.0,0.89,0.11,0.167,Core Active,Core Relationship Customer,Low Risk,Moderate Cross-Sell Opportunity,Priority 2
C000064,P008,Premium Banking,Banking,Premium,0.0,1000000,5,False,True,71050,405204,2209.45,33,2.4,0.593,1,0.616,0.511,0.3333333333333333,0.0,0.89,0.11,0.167,Core Active,Core Relationship Customer,Low Risk,Moderate Cross-Sell Opportunity,Priority 2
C000065,P003,Rewards Credit Card,Credit Card,Cards,0.28,30000,2,False,True,32962,216370,1000.0,30,3.3,0.952,1,0.577,0.4062,0.2,0.0,0.596,0.404,-0.063,Core Active,Core Digital Customer,Moderate Risk,Moderate Cross-Sell Opportunity,Priority 3
C000065,P004,Personal Loan,Loan,Lending,0.115,75000,3,False,True,32962,216370,1000.0,30,3.3,0.952,1,0.577,0.4062,0.2,0.0,0.596,0.404,-0.063,Core Active,Core Digital Customer,Moderate Risk,Moderate Cross-Sell Opportunity,Priority 3
C000065,P005,Home Loan,Loan,Lending,0.082,500000,4,False,True,32962,216370,1000.0,30,3.3,0.952,1,0.577,0.4062,0.2,0.0,0.596,0.404,-0.063,Core Active,Core Digital Customer,Moderate Risk,Moderate Cross-Sell Opportunity,Priority 3
C000065,P006,Mutual Fund Plan,Investment,Wealth,0.1,10000,3,False,True,32962,216370,1000.0,30,3.3,0.952,1,0.577,0.4062,0.2,0.0,0.596,0.404,-0.063,Core Active,Core Digital Customer,Moderate Risk,Moderate Cross-Sell Opportunity,Priority 3
C000065,P007,Term Insurance,Insurance,Protection,0.0,500000,3,False,True,32962,216370,1000.0,30,3.3,0.952,1,0.577,0.4062,0.2,0.0,0.596,0.404,-0.063,Core Active,Core Digital Customer,Moderate Risk,Moderate Cross-Sell Opportunity,Priority 3
C000065,P008,Premium Banking,Banking,Premium,0.0,1000000,5,False,True,32962,216370,1000.0,30,3.3,0.952,1,0.577,0.4062,0.2,0.0,0.596,0.404,-0.063,Core Active,Core Digital Customer,Moderate Risk,Moderate Cross-Sell Opportunity,Priority 3
C000066,P003,Rewards Credit Card,Credit Card,Cards,0.28,30000,2,False,True,76211,285887,1223.04,20,19.4,0.433,1,0.359,0.3556666666666666,0.3333333333333333,1.0,0.785,0.215,0.002,Core Active,Core Relationship Customer,High Risk,Moderate Cross-Sell Opportunity,Priority 3
C000066,P004,Personal Loan,Loan,Lending,0.115,75000,3,False,True,76211,285887,1223.04,20,19.4,0.433,1,0.359,0.3556666666666666,0.3333333333333333,1.0,0.785,0.215,0.002,Core Active,Core Relationship Customer,High Risk,Moderate Cross-Sell Opportunity,Priority 3
C000066,P005,Home Loan,Loan,Lending,0.082,500000,4,False,True,76211,285887,1223.04,20,19.4,0.433,1,0.359,0.3556666666666666,0.3333333333333333,1.0,0.785,0.215,0.002,Core Active,Core Relationship Customer,High Risk,Moderate Cross-Sell Opportunity,Priority 3
C000066,P006,Mutual Fund Plan,Investment,Wealth,0.1,10000,3,False,True,76211,285887,1223.04,20,19.4,0.433,1,0.359,0.3556666666666666,0.3333333333333333,1.0,0.785,0.215,0.002,Core Active,Core Relationship Customer,High Risk,Moderate Cross-Sell Opportunity,Priority 3
C000066,P007,Term Insurance,Insurance,Protection,0.0,500000,3,False,True,76211,285887,1223.04,20,19.4,0.433,1,0.359,0.3556666666666666,0.3333333333333333,1.0,0.785,0.215,0.002,Core Active,Core Relationship Customer,High Risk,Moderate Cross-Sell Opportunity,Priority 3
C000066,P008,Premium Banking,Banking,Premium,0.0,1000000,5,False,True,76211,285887,1223.04,20,19.4,0.433,1,0.359,0.3556666666666666,0.3333333333333333,1.0,0.785,0.215,0.002,Core Active,Core Relationship Customer,High Risk,Moderate Cross-Sell Opportunity,Priority 3
C000067,P003,Rewards Credit Card,Credit Card,Cards,0.28,30000,2,False,True,48672,219270,1000.0,6,105.2,0.293,1,0.382,0.2576,0.0,0.0,0.939,0.061,-0.285,At Risk,At-Risk Declining Customer,Critical Risk,Low Cross-Sell Opportunity,Priority 4
C000067,P004,Personal Loan,Loan,Lending,0.115,75000,3,False,True,48672,219270,1000.0,6,105.2,0.293,1,0.382,0.2576,0.0,0.0,0.939,0.061,-0.285,At Risk,At-Risk Declining Customer,Critical Risk,Low Cross-Sell Opportunity,Priority 4
C000067,P005,Home Loan,Loan,Lending,0.082,500000,4,False,True,48672,219270,1000.0,6,105.2,0.293,1,0.382,0.2576,0.0,0.0,0.939,0.061,-0.285,At Risk,At-Risk Declining Customer,Critical Risk,Low Cross-Sell Opportunity,Priority 4
C000067,P006,Mutual Fund Plan,Investment,Wealth,0.1,10000,3,False,True,48672,219270,1000.0,6,105.2,0.293,1,0.382,0.2576,0.0,0.0,0.939,0.061,-0.285,At Risk,At-Risk Declining Customer,Critical Risk,Low Cross-Sell Opportunity,Priority 4
C000067,P007,Term Insurance,Insurance,Protection,0.0,500000,3,False,True,48672,219270,1000.0,6,105.2,0.293,1,0.382,0.2576,0.0,0.0,0.939,0.061,-0.285,At Risk,At-Risk Declining Customer,Critical Risk,Low Cross-Sell Opportunity,Priority 4
C000067,P008,Premium Banking,Banking,Premium,0.0,1000000,5,False,True,48672,219270,1000.0,6,105.2,0.293,1,0.382,0.2576,0.0,0.0,0.939,0.061,-0.285,At Risk,At-Risk Declining Customer,Critical Risk,Low Cross-Sell Opportunity,Priority 4
C000068,P003,Rewards Credit Card,Credit Card,Cards,0.28,30000,2,True,False,156834,123090,7536.07,52,12.4,0.608,7,0.608,0.32225,0.0,0.0,0.511,0.489,-0.001,Premium High-Value,Premium Relationship Customer,Moderate Risk,Low Cross-Sell Opportunity,Priority 3
C000068,P004,Personal Loan,Loan,Lending,0.115,75000,3,False,True,156834,123090,7536.07,52,12.4,0.608,7,0.608,0.32225,0.0,0.0,0.511,0.489,-0.001,Premium High-Value,Premium Relationship Customer,Moderate Risk,Low Cross-Sell Opportunity,Priority 3
C000068,P005,Home Loan,Loan,Lending,0.082,500000,4,True,False,156834,123090,7536.07,52,12.4,0.608,7,0.608,0.32225,0.0,0.0,0.511,0.489,-0.001,Premium High-Value,Premium Relationship Customer,Moderate Risk,Low Cross-Sell Opportunity,Priority 3
C000068,P006,Mutual Fund Plan,Investment,Wealth,0.1,10000,3,True,False,156834,123090,7536.07,52,12.4,0.608,7,0.608,0.32225,0.0,0.0,0.511,0.489,-0.001,Premium High-Value,Premium Relationship Customer,Moderate Risk,Low Cross-Sell Opportunity,Priority 3
C000068,P007,Term Insurance,Insurance,Protection,0.0,500000,3,True,False,156834,123090,7536.07,52,12.4,0.608,7,0.608,0.32225,0.0,0.0,0.511,0.489,-0.001,Premium High-Value,Premium Relationship Customer,Moderate Risk,Low Cross-Sell Opportunity,Priority 3
C000068,P008,Premium Banking,Banking,Premium,0.0,1000000,5,True,False,156834,123090,7536.07,52,12.4,0.608,7,0.608,0.32225,0.0,0.0,0.511,0.489,-0.001,Premium High-Value,Premium Relationship Customer,Moderate Risk,Low Cross-Sell Opportunity,Priority 3
C000069,P003,Rewards Credit Card,Credit Card,Cards,0.28,30000,2,False,True,183576,717496,7187.83,55,18.1,0.631,5,0.543,0.587,0.0,0.0,0.695,0.305,0.175,Premium High-Value,Premium Relationship Customer,Moderate Risk,Moderate Cross-Sell Opportunity,Priority 3
C000069,P004,Personal Loan,Loan,Lending,0.115,75000,3,True,False,183576,717496,7187.83,55,18.1,0.631,5,0.543,0.587,0.0,0.0,0.695,0.305,0.175,Premium High-Value,Premium Relationship Customer,Moderate Risk,Moderate Cross-Sell Opportunity,Priority 3
C000069,P005,Home Loan,Loan,Lending,0.082,500000,4,True,False,183576,717496,7187.83,55,18.1,0.631,5,0.543,0.587,0.0,0.0,0.695,0.305,0.175,Premium High-Value,Premium Relationship Customer,Moderate Risk,Moderate Cross-Sell Opportunity,Priority 3
C000069,P006,Mutual Fund Plan,Investment,Wealth,0.1,10000,3,True,False,183576,717496,7187.83,55,18.1,0.631,5,0.543,0.587,0.0,0.0,0.695,0.305,0.175,Premium High-Value,Premium Relationship Customer,Moderate Risk,Moderate Cross-Sell Opportunity,Priority 3
C000069,P007,Term Insurance,Insurance,Protection,0.0,500000,3,True,False,183576,717496,7187.83,55,18.1,0.631,5,0.543,0.587,0.0,0.0,0.695,0.305,0.175,Premium High-Value,Premium Relationship Customer,Moderate Risk,Moderate Cross-Sell Opportunity,Priority 3
C000069,P008,Premium Banking,Banking,Premium,0.0,1000000,5,False,True,183576,717496,7187.83,55,18.1,0.631,5,0.543,0.587,0.0,0.0,0.695,0.305,0.175,Premium High-Value,Premium Relationship Customer,Moderate Risk,Moderate Cross-Sell Opportunity,Priority 3
C000070,P003,Rewards Credit Card,Credit Card,Cards,0.28,30000,2,True,False,187659,351909,5062.75,49,2.0,0.75,2,0.681,0.513,0.5,1.0,0.691,0.309,-0.14,Premium High-Value,Premium Digital Customer,Low Risk,Moderate Cross-Sell Opportunity,Priority 2
C000070,P004,Personal Loan,Loan,Lending,0.115,75000,3,False,True,187659,351909,5062.75,49,2.0,0.75,2,0.681,0.513,0.5,1.0,0.691,0.309,-0.14,Premium High-Value,Premium Digital Customer,Low Risk,Moderate Cross-Sell Opportunity,Priority 2
C000070,P005,Home Loan,Loan,Lending,0.082,500000,4,False,True,187659,351909,5062.75,49,2.0,0.75,2,0.681,0.513,0.5,1.0,0.691,0.309,-0.14,Premium High-Value,Premium Digital Customer,Low Risk,Moderate Cross-Sell Opportunity,Priority 2
C000070,P006,Mutual Fund Plan,Investment,Wealth,0.1,10000,3,False,True,187659,351909,5062.75,49,2.0,0.75,2,0.681,0.513,0.5,1.0,0.691,0.309,-0.14,Premium High-Value,Premium Digital Customer,Low Risk,Moderate Cross-Sell Opportunity,Priority 2
C000070,P007,Term Insurance,Insurance,Protection,0.0,500000,3,False,True,187659,351909,5062.75,49,2.0,0.75,2,0.681,0.513,0.5,1.0,0.691,0.309,-0.14,Premium High-Value,Premium Digital Customer,Low Risk,Moderate Cross-Sell Opportunity,Priority 2
C000070,P008,Premium Banking,Banking,Premium,0.0,1000000,5,False,True,187659,351909,5062.75,49,2.0,0.75,2,0.681,0.513,0.5,1.0,0.691,0.309,-0.14,Premium High-Value,Premium Digital Customer,Low Risk,Moderate Cross-Sell Opportunity,Priority 2
C000071,P003,Rewards Credit Card,Credit Card,Cards,0.28,30000,2,False,True,56520,99660,2487.62,35,1.9,0.396,1,0.445,0.123,0.0,0.0,0.432,0.568,-0.017,Core Active,Core Relationship Customer,Moderate Risk,Moderate Cross-Sell Opportunity,Priority 3
C000071,P004,Personal Loan,Loan,Lending,0.115,75000,3,False,True,56520,99660,2487.62,35,1.9,0.396,1,0.445,0.123,0.0,0.0,0.432,0.568,-0.017,Core Active,Core Relationship Customer,Moderate Risk,Moderate Cross-Sell Opportunity,Priority 3
C000071,P005,Home Loan,Loan,Lending,0.082,500000,4,False,True,56520,99660,2487.62,35,1.9,0.396,1,0.445,0.123,0.0,0.0,0.432,0.568,-0.017,Core Active,Core Relationship Customer,Moderate Risk,Moderate Cross-Sell Opportunity,Priority 3
C000071,P006,Mutual Fund Plan,Investment,Wealth,0.1,10000,3,False,True,56520,99660,2487.62,35,1.9,0.396,1,0.445,0.123,0.0,0.0,0.432,0.568,-0.017,Core Active,Core Relationship Customer,Moderate Risk,Moderate Cross-Sell Opportunity,Priority 3
C000071,P007,Term Insurance,Insurance,Protection,0.0,500000,3,False,True,56520,99660,2487.62,35,1.9,0.396,1,0.445,0.123,0.0,0.0,0.432,0.568,-0.017,Core Active,Core Relationship Customer,Moderate Risk,Moderate Cross-Sell Opportunity,Priority 3
C000071,P008,Premium Banking,Banking,Premium,0.0,1000000,5,False,True,56520,99660,2487.62,35,1.9,0.396,1,0.445,0.123,0.0,0.0,0.432,0.568,-0.017,Core Active,Core Relationship Customer,Moderate Risk,Moderate Cross-Sell Opportunity,Priority 3
C000072,P003,Rewards Credit Card,Credit Card,Cards,0.28,30000,2,False,True,347796,1655592,16358.91,65,50.1,0.674,3,0.526,0.6174999999999999,0.5,1.0,0.853,0.147,0.074,Premium High-Value,Premium Relationship Customer,Moderate Risk,Moderate Cross-Sell Opportunity,Priority 2
C000072,P004,Personal Loan,Loan,Lending,0.115,75000,3,False,True,347796,1655592,16358.91,65,50.1,0.674,3,0.526,0.6174999999999999,0.5,1.0,0.853,0.147,0.074,Premium High-Value,Premium Relationship Customer,Moderate Risk,Moderate Cross-Sell Opportunity,Priority 2
C000072,P005,Home Loan,Loan,Lending,0.082,500000,4,False,True,347796,1655592,16358.91,65,50.1,0.674,3,0.526,0.6174999999999999,0.5,1.0,0.853,0.147,0.074,Premium High-Value,Premium Relationship Customer,Moderate Risk,Moderate Cross-Sell Opportunity,Priority 2
C000072,P006,Mutual Fund Plan,Investment,Wealth,0.1,10000,3,False,True,347796,1655592,16358.91,65,50.1,0.674,3,0.526,0.6174999999999999,0.5,1.0,0.853,0.147,0.074,Premium High-Value,Premium Relationship Customer,Moderate Risk,Moderate Cross-Sell Opportunity,Priority 2
C000072,P007,Term Insurance,Insurance,Protection,0.0,500000,3,False,True,347796,1655592,16358.91,65,50.1,0.674,3,0.526,0.6174999999999999,0.5,1.0,0.853,0.147,0.074,Premium High-Value,Premium Relationship Customer,Moderate Risk,Moderate Cross-Sell Opportunity,Priority 2
C000072,P008,Premium Banking,Banking,Premium,0.0,1000000,5,True,False,347796,1655592,16358.91,65,50.1,0.674,3,0.526,0.6174999999999999,0.5,1.0,0.853,0.147,0.074,Premium High-Value,Premium Relationship Customer,Moderate Risk,Moderate Cross-Sell Opportunity,Priority 2
C000073,P003,Rewards Credit Card,Credit Card,Cards,0.28,30000,2,False,True,65480,169019,2573.73,20,31.2,0.144,3,0.523,0.3088,0.4,0.5,0.502,0.498,0.033,Core Active,Core Relationship Customer,High Risk,Low Cross-Sell Opportunity,Priority 4
C000073,P004,Personal Loan,Loan,Lending,0.115,75000,3,False,True,65480,169019,2573.73,20,31.2,0.144,3,0.523,0.3088,0.4,0.5,0.502,0.498,0.033,Core Active,Core Relationship Customer,High Risk,Low Cross-Sell Opportunity,Priority 4
C000073,P005,Home Loan,Loan,Lending,0.082,500000,4,False,True,65480,169019,2573.73,20,31.2,0.144,3,0.523,0.3088,0.4,0.5,0.502,0.498,0.033,Core Active,Core Relationship Customer,High Risk,Low Cross-Sell Opportunity,Priority 4
C000073,P006,Mutual Fund Plan,Investment,Wealth,0.1,10000,3,True,False,65480,169019,2573.73,20,31.2,0.144,3,0.523,0.3088,0.4,0.5,0.502,0.498,0.033,Core Active,Core Relationship Customer,High Risk,Low Cross-Sell Opportunity,Priority 4
C000073,P007,Term Insurance,Insurance,Protection,0.0,500000,3,False,True,65480,169019,2573.73,20,31.2,0.144,3,0.523,0.3088,0.4,0.5,0.502,0.498,0.033,Core Active,Core Relationship Customer,High Risk,Low Cross-Sell Opportunity,Priority 4
C000073,P008,Premium Banking,Banking,Premium,0.0,1000000,5,False,True,65480,169019,2573.73,20,31.2,0.144,3,0.523,0.3088,0.4,0.5,0.502,0.498,0.033,Core Active,Core Relationship Customer,High Risk,Low Cross-Sell Opportunity,Priority 4
C000074,P003,Rewards Credit Card,Credit Card,Cards,0.28,30000,2,True,False,158158,1011371,5589.75,60,9.8,0.935,6,0.748,0.6719999999999999,0.5,0.0,0.724,0.276,-0.159,Premium High-Value,Premium Digital Customer,Moderate Risk,Moderate Cross-Sell Opportunity,Priority 2
C000074,P004,Personal Loan,Loan,Lending,0.115,75000,3,False,True,158158,1011371,5589.75,60,9.8,0.935,6,0.748,0.6719999999999999,0.5,0.0,0.724,0.276,-0.159,Premium High-Value,Premium Digital Customer,Moderate Risk,Moderate Cross-Sell Opportunity,Priority 2
C000074,P005,Home Loan,Loan,Lending,0.082,500000,4,True,False,158158,1011371,5589.75,60,9.8,0.935,6,0.748,0.6719999999999999,0.5,0.0,0.724,0.276,-0.159,Premium High-Value,Premium Digital Customer,Moderate Risk,Moderate Cross-Sell Opportunity,Priority 2
C000074,P006,Mutual Fund Plan,Investment,Wealth,0.1,10000,3,True,False,158158,1011371,5589.75,60,9.8,0.935,6,0.748,0.6719999999999999,0.5,0.0,0.724,0.276,-0.159,Premium High-Value,Premium Digital Customer,Moderate Risk,Moderate Cross-Sell Opportunity,Priority 2
C000074,P007,Term Insurance,Insurance,Protection,0.0,500000,3,True,False,158158,1011371,5589.75,60,9.8,0.935,6,0.748,0.6719999999999999,0.5,0.0,0.724,0.276,-0.159,Premium High-Value,Premium Digital Customer,Moderate Risk,Moderate Cross-Sell Opportunity,Priority 2
C000074,P008,Premium Banking,Banking,Premium,0.0,1000000,5,False,True,158158,1011371,5589.75,60,9.8,0.935,6,0.748,0.6719999999999999,0.5,0.0,0.724,0.276,-0.159,Premium High-Value,Premium Digital Customer,Moderate Risk,Moderate Cross-Sell Opportunity,Priority 2
C000075,P003,Rewards Credit Card,Credit Card,Cards,0.28,30000,2,False,True,118289,1001561,5747.39,57,3.7,0.585,1,0.7,0.51125,0.5,0.5,0.639,0.361,0.119,Premium High-Value,Premium Cross-Sell Opportunity,Low Risk,High Cross-Sell Opportunity,Priority 2
C000075,P004,Personal Loan,Loan,Lending,0.115,75000,3,False,True,118289,1001561,5747.39,57,3.7,0.585,1,0.7,0.51125,0.5,0.5,0.639,0.361,0.119,Premium High-Value,Premium Cross-Sell Opportunity,Low Risk,High Cross-Sell Opportunity,Priority 2
C000075,P005,Home Loan,Loan,Lending,0.082,500000,4,False,True,118289,1001561,5747.39,57,3.7,0.585,1,0.7,0.51125,0.5,0.5,0.639,0.361,0.119,Premium High-Value,Premium Cross-Sell Opportunity,Low Risk,High Cross-Sell Opportunity,Priority 2
C000075,P006,Mutual Fund Plan,Investment,Wealth,0.1,10000,3,False,True,118289,1001561,5747.39,57,3.7,0.585,1,0.7,0.51125,0.5,0.5,0.639,0.361,0.119,Premium High-Value,Premium Cross-Sell Opportunity,Low Risk,High Cross-Sell Opportunity,Priority 2
C000075,P007,Term Insurance,Insurance,Protection,0.0,500000,3,False,True,118289,1001561,5747.39,57,3.7,0.585,1,0.7,0.51125,0.5,0.5,0.639,0.361,0.119,Premium High-Value,Premium Cross-Sell Opportunity,Low Risk,High Cross-Sell Opportunity,Priority 2
C000075,P008,Premium Banking,Banking,Premium,0.0,1000000,5,False,True,118289,1001561,5747.39,57,3.7,0.585,1,0.7,0.51125,0.5,0.5,0.639,0.361,0.119,Premium High-Value,Premium Cross-Sell Opportunity,Low Risk,High Cross-Sell Opportunity,Priority 2
C000076,P003,Rewards Credit Card,Credit Card,Cards,0.28,30000,2,True,False,208718,1637487,14206.35,56,33.5,0.714,6,0.768,0.5942000000000001,0.4,1.0,0.674,0.326,0.063,Premium High-Value,Premium Digital Customer,Moderate Risk,Moderate Cross-Sell Opportunity,Priority 2
C000076,P004,Personal Loan,Loan,Lending,0.115,75000,3,True,False,208718,1637487,14206.35,56,33.5,0.714,6,0.768,0.5942000000000001,0.4,1.0,0.674,0.326,0.063,Premium High-Value,Premium Digital Customer,Moderate Risk,Moderate Cross-Sell Opportunity,Priority 2
C000076,P005,Home Loan,Loan,Lending,0.082,500000,4,False,True,208718,1637487,14206.35,56,33.5,0.714,6,0.768,0.5942000000000001,0.4,1.0,0.674,0.326,0.063,Premium High-Value,Premium Digital Customer,Moderate Risk,Moderate Cross-Sell Opportunity,Priority 2
C000076,P006,Mutual Fund Plan,Investment,Wealth,0.1,10000,3,True,False,208718,1637487,14206.35,56,33.5,0.714,6,0.768,0.5942000000000001,0.4,1.0,0.674,0.326,0.063,Premium High-Value,Premium Digital Customer,Moderate Risk,Moderate Cross-Sell Opportunity,Priority 2
C000076,P007,Term Insurance,Insurance,Protection,0.0,500000,3,False,True,208718,1637487,14206.35,56,33.5,0.714,6,0.768,0.5942000000000001,0.4,1.0,0.674,0.326,0.063,Premium High-Value,Premium Digital Customer,Moderate Risk,Moderate Cross-Sell Opportunity,Priority 2
C000076,P008,Premium Banking,Banking,Premium,0.0,1000000,5,True,False,208718,1637487,14206.35,56,33.5,0.714,6,0.768,0.5942000000000001,0.4,1.0,0.674,0.326,0.063,Premium High-Value,Premium Digital Customer,Moderate Risk,Moderate Cross-Sell Opportunity,Priority 2
C000077,P003,Rewards Credit Card,Credit Card,Cards,0.28,30000,2,False,True,63635,380672,2379.49,15,38.3,0.438,1,0.315,0.4016,0.6,0.3333333333333333,0.72,0.28,0.019,At Risk,At-Risk Engagement Customer,Critical Risk,Moderate Cross-Sell Opportunity,Priority 3
C000077,P004,Personal Loan,Loan,Lending,0.115,75000,3,False,True,63635,380672,2379.49,15,38.3,0.438,1,0.315,0.4016,0.6,0.3333333333333333,0.72,0.28,0.019,At Risk,At-Risk Engagement Customer,Critical Risk,Moderate Cross-Sell Opportunity,Priority 3
C000077,P005,Home Loan,Loan,Lending,0.082,500000,4,False,True,63635,380672,2379.49,15,38.3,0.438,1,0.315,0.4016,0.6,0.3333333333333333,0.72,0.28,0.019,At Risk,At-Risk Engagement Customer,Critical Risk,Moderate Cross-Sell Opportunity,Priority 3
C000077,P006,Mutual Fund Plan,Investment,Wealth,0.1,10000,3,False,True,63635,380672,2379.49,15,38.3,0.438,1,0.315,0.4016,0.6,0.3333333333333333,0.72,0.28,0.019,At Risk,At-Risk Engagement Customer,Critical Risk,Moderate Cross-Sell Opportunity,Priority 3
C000077,P007,Term Insurance,Insurance,Protection,0.0,500000,3,True,False,63635,380672,2379.49,15,38.3,0.438,1,0.315,0.4016,0.6,0.3333333333333333,0.72,0.28,0.019,At Risk,At-Risk Engagement Customer,Critical Risk,Moderate Cross-Sell Opportunity,Priority 3
C000077,P008,Premium Banking,Banking,Premium,0.0,1000000,5,False,True,63635,380672,2379.49,15,38.3,0.438,1,0.315,0.4016,0.6,0.3333333333333333,0.72,0.28,0.019,At Risk,At-Risk Engagement Customer,Critical Risk,Moderate Cross-Sell Opportunity,Priority 3
C000078,P003,Rewards Credit Card,Credit Card,Cards,0.28,30000,2,False,True,43703,72449,1024.07,12,175.4,0.528,2,0.487,0.383,0.3333333333333333,1.0,0.738,0.262,-0.489,Dormant / Declining,Dormant Reactivation Target,Critical Risk,Low Cross-Sell Opportunity,Priority 3
C000078,P004,Personal Loan,Loan,Lending,0.115,75000,3,False,True,43703,72449,1024.07,12,175.4,0.528,2,0.487,0.383,0.3333333333333333,1.0,0.738,0.262,-0.489,Dormant / Declining,Dormant Reactivation Target,Critical Risk,Low Cross-Sell Opportunity,Priority 3
C000078,P005,Home Loan,Loan,Lending,0.082,500000,4,False,True,43703,72449,1024.07,12,175.4,0.528,2,0.487,0.383,0.3333333333333333,1.0,0.738,0.262,-0.489,Dormant / Declining,Dormant Reactivation Target,Critical Risk,Low Cross-Sell Opportunity,Priority 3
C000078,P006,Mutual Fund Plan,Investment,Wealth,0.1,10000,3,False,True,43703,72449,1024.07,12,175.4,0.528,2,0.487,0.383,0.3333333333333333,1.0,0.738,0.262,-0.489,Dormant / Declining,Dormant Reactivation Target,Critical Risk,Low Cross-Sell Opportunity,Priority 3
C000078,P007,Term Insurance,Insurance,Protection,0.0,500000,3,False,True,43703,72449,1024.07,12,175.4,0.528,2,0.487,0.383,0.3333333333333333,1.0,0.738,0.262,-0.489,Dormant / Declining,Dormant Reactivation Target,Critical Risk,Low Cross-Sell Opportunity,Priority 3
C000078,P008,Premium Banking,Banking,Premium,0.0,1000000,5,True,False,43703,72449,1024.07,12,175.4,0.528,2,0.487,0.383,0.3333333333333333,1.0,0.738,0.262,-0.489,Dormant / Declining,Dormant Reactivation Target,Critical Risk,Low Cross-Sell Opportunity,Priority 3
C000079,P003,Rewards Credit Card,Credit Card,Cards,0.28,30000,2,False,True,84790,816219,2288.29,36,7.1,0.796,1,0.892,0.542,0.5,0.0,0.686,0.314,-0.059,Core Active,Core Cross-Sell Opportunity,Moderate Risk,High Cross-Sell Opportunity,Priority 2
C000079,P004,Personal Loan,Loan,Lending,0.115,75000,3,False,True,84790,816219,2288.29,36,7.1,0.796,1,0.892,0.542,0.5,0.0,0.686,0.314,-0.059,Core Active,Core Cross-Sell Opportunity,Moderate Risk,High Cross-Sell Opportunity,Priority 2
C000079,P005,Home Loan,Loan,Lending,0.082,500000,4,False,True,84790,816219,2288.29,36,7.1,0.796,1,0.892,0.542,0.5,0.0,0.686,0.314,-0.059,Core Active,Core Cross-Sell Opportunity,Moderate Risk,High Cross-Sell Opportunity,Priority 2
C000079,P006,Mutual Fund Plan,Investment,Wealth,0.1,10000,3,False,True,84790,816219,2288.29,36,7.1,0.796,1,0.892,0.542,0.5,0.0,0.686,0.314,-0.059,Core Active,Core Cross-Sell Opportunity,Moderate Risk,High Cross-Sell Opportunity,Priority 2
C000079,P007,Term Insurance,Insurance,Protection,0.0,500000,3,False,True,84790,816219,2288.29,36,7.1,0.796,1,0.892,0.542,0.5,0.0,0.686,0.314,-0.059,Core Active,Core Cross-Sell Opportunity,Moderate Risk,High Cross-Sell Opportunity,Priority 2
C000079,P008,Premium Banking,Banking,Premium,0.0,1000000,5,False,True,84790,816219,2288.29,36,7.1,0.796,1,0.892,0.542,0.5,0.0,0.686,0.314,-0.059,Core Active,Core Cross-Sell Opportunity,Moderate Risk,High Cross-Sell Opportunity,Priority 2
C000080,P003,Rewards Credit Card,Credit Card,Cards,0.28,30000,2,False,True,125984,467822,7145.79,47,5.7,0.691,4,0.649,0.413,0.0,0.0,0.732,0.268,-0.117,Premium High-Value,Premium Relationship Customer,Moderate Risk,Moderate Cross-Sell Opportunity,Priority 2
C000080,P004,Personal Loan,Loan,Lending,0.115,75000,3,False,True,125984,467822,7145.79,47,5.7,0.691,4,0.649,0.413,0.0,0.0,0.732,0.268,-0.117,Premium High-Value,Premium Relationship Customer,Moderate Risk,Moderate Cross-Sell Opportunity,Priority 2
C000080,P005,Home Loan,Loan,Lending,0.082,500000,4,True,False,125984,467822,7145.79,47,5.7,0.691,4,0.649,0.413,0.0,0.0,0.732,0.268,-0.117,Premium High-Value,Premium Relationship Customer,Moderate Risk,Moderate Cross-Sell Opportunity,Priority 2
C000080,P006,Mutual Fund Plan,Investment,Wealth,0.1,10000,3,True,False,125984,467822,7145.79,47,5.7,0.691,4,0.649,0.413,0.0,0.0,0.732,0.268,-0.117,Premium High-Value,Premium Relationship Customer,Moderate Risk,Moderate Cross-Sell Opportunity,Priority 2
C000080,P007,Term Insurance,Insurance,Protection,0.0,500000,3,True,False,125984,467822,7145.79,47,5.7,0.691,4,0.649,0.413,0.0,0.0,0.732,0.268,-0.117,Premium High-Value,Premium Relationship Customer,Moderate Risk,Moderate Cross-Sell Opportunity,Priority 2
C000080,P008,Premium Banking,Banking,Premium,0.0,1000000,5,False,True,125984,467822,7145.79,47,5.7,0.691,4,0.649,0.413,0.0,0.0,0.732,0.268,-0.117,Premium High-Value,Premium Relationship Customer,Moderate Risk,Moderate Cross-Sell Opportunity,Priority 2
C000081,P003,Rewards Credit Card,Credit Card,Cards,0.28,30000,2,True,False,80001,329872,3617.86,63,3.9,0.588,3,0.435,0.4387999999999999,0.2,0.0,0.687,0.313,-0.115,Core Active,Core High-Activity Customer,Moderate Risk,Moderate Cross-Sell Opportunity,Priority 3
C000081,P004,Personal Loan,Loan,Lending,0.115,75000,3,True,False,80001,329872,3617.86,63,3.9,0.588,3,0.435,0.4387999999999999,0.2,0.0,0.687,0.313,-0.115,Core Active,Core High-Activity Customer,Moderate Risk,Moderate Cross-Sell Opportunity,Priority 3
C000081,P005,Home Loan,Loan,Lending,0.082,500000,4,False,True,80001,329872,3617.86,63,3.9,0.588,3,0.435,0.4387999999999999,0.2,0.0,0.687,0.313,-0.115,Core Active,Core High-Activity Customer,Moderate Risk,Moderate Cross-Sell Opportunity,Priority 3
C000081,P006,Mutual Fund Plan,Investment,Wealth,0.1,10000,3,False,True,80001,329872,3617.86,63,3.9,0.588,3,0.435,0.4387999999999999,0.2,0.0,0.687,0.313,-0.115,Core Active,Core High-Activity Customer,Moderate Risk,Moderate Cross-Sell Opportunity,Priority 3
C000081,P007,Term Insurance,Insurance,Protection,0.0,500000,3,False,True,80001,329872,3617.86,63,3.9,0.588,3,0.435,0.4387999999999999,0.2,0.0,0.687,0.313,-0.115,Core Active,Core High-Activity Customer,Moderate Risk,Moderate Cross-Sell Opportunity,Priority 3
C000081,P008,Premium Banking,Banking,Premium,0.0,1000000,5,False,True,80001,329872,3617.86,63,3.9,0.588,3,0.435,0.4387999999999999,0.2,0.0,0.687,0.313,-0.115,Core Active,Core High-Activity Customer,Moderate Risk,Moderate Cross-Sell Opportunity,Priority 3
C000082,P003,Rewards Credit Card,Credit Card,Cards,0.28,30000,2,True,False,80732,176555,2585.54,45,15.2,0.349,2,0.522,0.247,0.0,0.0,0.646,0.354,0.06,Core Active,Core Relationship Customer,Moderate Risk,Moderate Cross-Sell Opportunity,Priority 3
C000082,P004,Personal Loan,Loan,Lending,0.115,75000,3,False,True,80732,176555,2585.54,45,15.2,0.349,2,0.522,0.247,0.0,0.0,0.646,0.354,0.06,Core Active,Core Relationship Customer,Moderate Risk,Moderate Cross-Sell Opportunity,Priority 3
C000082,P005,Home Loan,Loan,Lending,0.082,500000,4,False,True,80732,176555,2585.54,45,15.2,0.349,2,0.522,0.247,0.0,0.0,0.646,0.354,0.06,Core Active,Core Relationship Customer,Moderate Risk,Moderate Cross-Sell Opportunity,Priority 3
C000082,P006,Mutual Fund Plan,Investment,Wealth,0.1,10000,3,False,True,80732,176555,2585.54,45,15.2,0.349,2,0.522,0.247,0.0,0.0,0.646,0.354,0.06,Core Active,Core Relationship Customer,Moderate Risk,Moderate Cross-Sell Opportunity,Priority 3
C000082,P007,Term Insurance,Insurance,Protection,0.0,500000,3,False,True,80732,176555,2585.54,45,15.2,0.349,2,0.522,0.247,0.0,0.0,0.646,0.354,0.06,Core Active,Core Relationship Customer,Moderate Risk,Moderate Cross-Sell Opportunity,Priority 3
C000082,P008,Premium Banking,Banking,Premium,0.0,1000000,5,False,True,80732,176555,2585.54,45,15.2,0.349,2,0.522,0.247,0.0,0.0,0.646,0.354,0.06,Core Active,Core Relationship Customer,Moderate Risk,Moderate Cross-Sell Opportunity,Priority 3
C000083,P003,Rewards Credit Card,Credit Card,Cards,0.28,30000,2,False,True,103116,928264,6085.33,46,6.7,0.547,1,0.728,0.5926,0.6,0.3333333333333333,0.53,0.47,-0.203,Premium High-Value,Premium Cross-Sell Opportunity,Moderate Risk,High Cross-Sell Opportunity,Priority 2
C000083,P004,Personal Loan,Loan,Lending,0.115,75000,3,False,True,103116,928264,6085.33,46,6.7,0.547,1,0.728,0.5926,0.6,0.3333333333333333,0.53,0.47,-0.203,Premium High-Value,Premium Cross-Sell Opportunity,Moderate Risk,High Cross-Sell Opportunity,Priority 2
C000083,P005,Home Loan,Loan,Lending,0.082,500000,4,False,True,103116,928264,6085.33,46,6.7,0.547,1,0.728,0.5926,0.6,0.3333333333333333,0.53,0.47,-0.203,Premium High-Value,Premium Cross-Sell Opportunity,Moderate Risk,High Cross-Sell Opportunity,Priority 2
C000083,P006,Mutual Fund Plan,Investment,Wealth,0.1,10000,3,False,True,103116,928264,6085.33,46,6.7,0.547,1,0.728,0.5926,0.6,0.3333333333333333,0.53,0.47,-0.203,Premium High-Value,Premium Cross-Sell Opportunity,Moderate Risk,High Cross-Sell Opportunity,Priority 2
C000083,P007,Term Insurance,Insurance,Protection,0.0,500000,3,False,True,103116,928264,6085.33,46,6.7,0.547,1,0.728,0.5926,0.6,0.3333333333333333,0.53,0.47,-0.203,Premium High-Value,Premium Cross-Sell Opportunity,Moderate Risk,High Cross-Sell Opportunity,Priority 2
C000083,P008,Premium Banking,Banking,Premium,0.0,1000000,5,False,True,103116,928264,6085.33,46,6.7,0.547,1,0.728,0.5926,0.6,0.3333333333333333,0.53,0.47,-0.203,Premium High-Value,Premium Cross-Sell Opportunity,Moderate Risk,High Cross-Sell Opportunity,Priority 2
C000084,P003,Rewards Credit Card,Credit Card,Cards,0.28,30000,2,False,True,66134,143917,2070.99,30,3.7,0.555,1,0.546,0.5675,0.0,0.0,0.794,0.206,-0.161,Core Active,Core Relationship Customer,Moderate Risk,Moderate Cross-Sell Opportunity,Priority 3
C000084,P004,Personal Loan,Loan,Lending,0.115,75000,3,False,True,66134,143917,2070.99,30,3.7,0.555,1,0.546,0.5675,0.0,0.0,0.794,0.206,-0.161,Core Active,Core Relationship Customer,Moderate Risk,Moderate Cross-Sell Opportunity,Priority 3
C000084,P005,Home Loan,Loan,Lending,0.082,500000,4,False,True,66134,143917,2070.99,30,3.7,0.555,1,0.546,0.5675,0.0,0.0,0.794,0.206,-0.161,Core Active,Core Relationship Customer,Moderate Risk,Moderate Cross-Sell Opportunity,Priority 3
C000084,P006,Mutual Fund Plan,Investment,Wealth,0.1,10000,3,False,True,66134,143917,2070.99,30,3.7,0.555,1,0.546,0.5675,0.0,0.0,0.794,0.206,-0.161,Core Active,Core Relationship Customer,Moderate Risk,Moderate Cross-Sell Opportunity,Priority 3
C000084,P007,Term Insurance,Insurance,Protection,0.0,500000,3,False,True,66134,143917,2070.99,30,3.7,0.555,1,0.546,0.5675,0.0,0.0,0.794,0.206,-0.161,Core Active,Core Relationship Customer,Moderate Risk,Moderate Cross-Sell Opportunity,Priority 3
C000084,P008,Premium Banking,Banking,Premium,0.0,1000000,5,False,True,66134,143917,2070.99,30,3.7,0.555,1,0.546,0.5675,0.0,0.0,0.794,0.206,-0.161,Core Active,Core Relationship Customer,Moderate Risk,Moderate Cross-Sell Opportunity,Priority 3
C000085,P003,Rewards Credit Card,Credit Card,Cards,0.28,30000,2,True,False,105047,394296,3648.59,48,4.3,0.6,2,0.487,0.5038,0.4,1.0,0.623,0.377,0.004,Core Active,Core Relationship Customer,Low Risk,Moderate Cross-Sell Opportunity,Priority 2
C000085,P004,Personal Loan,Loan,Lending,0.115,75000,3,False,True,105047,394296,3648.59,48,4.3,0.6,2,0.487,0.5038,0.4,1.0,0.623,0.377,0.004,Core Active,Core Relationship Customer,Low Risk,Moderate Cross-Sell Opportunity,Priority 2
C000085,P005,Home Loan,Loan,Lending,0.082,500000,4,False,True,105047,394296,3648.59,48,4.3,0.6,2,0.487,0.5038,0.4,1.0,0.623,0.377,0.004,Core Active,Core Relationship Customer,Low Risk,Moderate Cross-Sell Opportunity,Priority 2
C000085,P006,Mutual Fund Plan,Investment,Wealth,0.1,10000,3,False,True,105047,394296,3648.59,48,4.3,0.6,2,0.487,0.5038,0.4,1.0,0.623,0.377,0.004,Core Active,Core Relationship Customer,Low Risk,Moderate Cross-Sell Opportunity,Priority 2
C000085,P007,Term Insurance,Insurance,Protection,0.0,500000,3,False,True,105047,394296,3648.59,48,4.3,0.6,2,0.487,0.5038,0.4,1.0,0.623,0.377,0.004,Core Active,Core Relationship Customer,Low Risk,Moderate Cross-Sell Opportunity,Priority 2
C000085,P008,Premium Banking,Banking,Premium,0.0,1000000,5,False,True,105047,394296,3648.59,48,4.3,0.6,2,0.487,0.5038,0.4,1.0,0.623,0.377,0.004,Core Active,Core Relationship Customer,Low Risk,Moderate Cross-Sell Opportunity,Priority 2
C000086,P003,Rewards Credit Card,Credit Card,Cards,0.28,30000,2,True,False,68338,92427,2495.45,39,4.7,0.51,2,0.364,0.287,0.5,0.0,0.593,0.407,0.092,Core Active,Core Relationship Customer,Moderate Risk,Low Cross-Sell Opportunity,Priority 3
C000086,P004,Personal Loan,Loan,Lending,0.115,75000,3,False,True,68338,92427,2495.45,39,4.7,0.51,2,0.364,0.287,0.5,0.0,0.593,0.407,0.092,Core Active,Core Relationship Customer,Moderate Risk,Low Cross-Sell Opportunity,Priority 3
C000086,P005,Home Loan,Loan,Lending,0.082,500000,4,False,True,68338,92427,2495.45,39,4.7,0.51,2,0.364,0.287,0.5,0.0,0.593,0.407,0.092,Core Active,Core Relationship Customer,Moderate Risk,Low Cross-Sell Opportunity,Priority 3
C000086,P006,Mutual Fund Plan,Investment,Wealth,0.1,10000,3,False,True,68338,92427,2495.45,39,4.7,0.51,2,0.364,0.287,0.5,0.0,0.593,0.407,0.092,Core Active,Core Relationship Customer,Moderate Risk,Low Cross-Sell Opportunity,Priority 3
C000086,P007,Term Insurance,Insurance,Protection,0.0,500000,3,False,True,68338,92427,2495.45,39,4.7,0.51,2,0.364,0.287,0.5,0.0,0.593,0.407,0.092,Core Active,Core Relationship Customer,Moderate Risk,Low Cross-Sell Opportunity,Priority 3
C000086,P008,Premium Banking,Banking,Premium,0.0,1000000,5,False,True,68338,92427,2495.45,39,4.7,0.51,2,0.364,0.287,0.5,0.0,0.593,0.407,0.092,Core Active,Core Relationship Customer,Moderate Risk,Low Cross-Sell Opportunity,Priority 3
C000087,P003,Rewards Credit Card,Credit Card,Cards,0.28,30000,2,True,False,149376,168645,7739.16,55,1.1,0.606,2,0.638,0.3423333333333334,0.3333333333333333,0.0,0.868,0.132,0.081,Premium High-Value,Premium Relationship Customer,Low Risk,Moderate Cross-Sell Opportunity,Priority 3
C000087,P004,Personal Loan,Loan,Lending,0.115,75000,3,False,True,149376,168645,7739.16,55,1.1,0.606,2,0.638,0.3423333333333334,0.3333333333333333,0.0,0.868,0.132,0.081,Premium High-Value,Premium Relationship Customer,Low Risk,Moderate Cross-Sell Opportunity,Priority 3
C000087,P005,Home Loan,Loan,Lending,0.082,500000,4,False,True,149376,168645,7739.16,55,1.1,0.606,2,0.638,0.3423333333333334,0.3333333333333333,0.0,0.868,0.132,0.081,Premium High-Value,Premium Relationship Customer,Low Risk,Moderate Cross-Sell Opportunity,Priority 3
C000087,P006,Mutual Fund Plan,Investment,Wealth,0.1,10000,3,False,True,149376,168645,7739.16,55,1.1,0.606,2,0.638,0.3423333333333334,0.3333333333333333,0.0,0.868,0.132,0.081,Premium High-Value,Premium Relationship Customer,Low Risk,Moderate Cross-Sell Opportunity,Priority 3
C000087,P007,Term Insurance,Insurance,Protection,0.0,500000,3,False,True,149376,168645,7739.16,55,1.1,0.606,2,0.638,0.3423333333333334,0.3333333333333333,0.0,0.868,0.132,0.081,Premium High-Value,Premium Relationship Customer,Low Risk,Moderate Cross-Sell Opportunity,Priority 3
C000087,P008,Premium Banking,Banking,Premium,0.0,1000000,5,False,True,149376,168645,7739.16,55,1.1,0.606,2,0.638,0.3423333333333334,0.3333333333333333,0.0,0.868,0.132,0.081,Premium High-Value,Premium Relationship Customer,Low Risk,Moderate Cross-Sell Opportunity,Priority 3
C000088,P003,Rewards Credit Card,Credit Card,Cards,0.28,30000,2,False,True,64554,333528,1449.09,5,107.3,0.069,1,0.196,0.2956666666666667,0.0,0.0,0.718,0.282,-0.194,At Risk,At-Risk Declining Customer,Critical Risk,Low Cross-Sell Opportunity,Priority 4
C000088,P004,Personal Loan,Loan,Lending,0.115,75000,3,False,True,64554,333528,1449.09,5,107.3,0.069,1,0.196,0.2956666666666667,0.0,0.0,0.718,0.282,-0.194,At Risk,At-Risk Declining Customer,Critical Risk,Low Cross-Sell Opportunity,Priority 4
C000088,P005,Home Loan,Loan,Lending,0.082,500000,4,False,True,64554,333528,1449.09,5,107.3,0.069,1,0.196,0.2956666666666667,0.0,0.0,0.718,0.282,-0.194,At Risk,At-Risk Declining Customer,Critical Risk,Low Cross-Sell Opportunity,Priority 4
C000088,P006,Mutual Fund Plan,Investment,Wealth,0.1,10000,3,False,True,64554,333528,1449.09,5,107.3,0.069,1,0.196,0.2956666666666667,0.0,0.0,0.718,0.282,-0.194,At Risk,At-Risk Declining Customer,Critical Risk,Low Cross-Sell Opportunity,Priority 4
C000088,P007,Term Insurance,Insurance,Protection,0.0,500000,3,False,True,64554,333528,1449.09,5,107.3,0.069,1,0.196,0.2956666666666667,0.0,0.0,0.718,0.282,-0.194,At Risk,At-Risk Declining Customer,Critical Risk,Low Cross-Sell Opportunity,Priority 4
C000088,P008,Premium Banking,Banking,Premium,0.0,1000000,5,False,True,64554,333528,1449.09,5,107.3,0.069,1,0.196,0.2956666666666667,0.0,0.0,0.718,0.282,-0.194,At Risk,At-Risk Declining Customer,Critical Risk,Low Cross-Sell Opportunity,Priority 4
C000089,P003,Rewards Credit Card,Credit Card,Cards,0.28,30000,2,False,True,52138,405098,2199.91,21,40.5,0.611,3,0.487,0.4636666666666666,0.3333333333333333,1.0,0.693,0.307,-0.247,At Risk,At-Risk Declining Customer,Critical Risk,Low Cross-Sell Opportunity,Priority 3
C000089,P004,Personal Loan,Loan,Lending,0.115,75000,3,False,True,52138,405098,2199.91,21,40.5,0.611,3,0.487,0.4636666666666666,0.3333333333333333,1.0,0.693,0.307,-0.247,At Risk,At-Risk Declining Customer,Critical Risk,Low Cross-Sell Opportunity,Priority 3
C000089,P005,Home Loan,Loan,Lending,0.082,500000,4,False,True,52138,405098,2199.91,21,40.5,0.611,3,0.487,0.4636666666666666,0.3333333333333333,1.0,0.693,0.307,-0.247,At Risk,At-Risk Declining Customer,Critical Risk,Low Cross-Sell Opportunity,Priority 3
C000089,P006,Mutual Fund Plan,Investment,Wealth,0.1,10000,3,True,False,52138,405098,2199.91,21,40.5,0.611,3,0.487,0.4636666666666666,0.3333333333333333,1.0,0.693,0.307,-0.247,At Risk,At-Risk Declining Customer,Critical Risk,Low Cross-Sell Opportunity,Priority 3
C000089,P007,Term Insurance,Insurance,Protection,0.0,500000,3,False,True,52138,405098,2199.91,21,40.5,0.611,3,0.487,0.4636666666666666,0.3333333333333333,1.0,0.693,0.307,-0.247,At Risk,At-Risk Declining Customer,Critical Risk,Low Cross-Sell Opportunity,Priority 3
C000089,P008,Premium Banking,Banking,Premium,0.0,1000000,5,False,True,52138,405098,2199.91,21,40.5,0.611,3,0.487,0.4636666666666666,0.3333333333333333,1.0,0.693,0.307,-0.247,At Risk,At-Risk Declining Customer,Critical Risk,Low Cross-Sell Opportunity,Priority 3
C000090,P003,Rewards Credit Card,Credit Card,Cards,0.28,30000,2,True,False,253770,2821837,17820.91,53,10.0,0.856,4,0.807,0.7015,0.25,0.0,0.921,0.079,0.132,Premium High-Value,Premium Digital Customer,Low Risk,Moderate Cross-Sell Opportunity,Priority 2
C000090,P004,Personal Loan,Loan,Lending,0.115,75000,3,False,True,253770,2821837,17820.91,53,10.0,0.856,4,0.807,0.7015,0.25,0.0,0.921,0.079,0.132,Premium High-Value,Premium Digital Customer,Low Risk,Moderate Cross-Sell Opportunity,Priority 2
C000090,P005,Home Loan,Loan,Lending,0.082,500000,4,False,True,253770,2821837,17820.91,53,10.0,0.856,4,0.807,0.7015,0.25,0.0,0.921,0.079,0.132,Premium High-Value,Premium Digital Customer,Low Risk,Moderate Cross-Sell Opportunity,Priority 2
C000090,P006,Mutual Fund Plan,Investment,Wealth,0.1,10000,3,True,False,253770,2821837,17820.91,53,10.0,0.856,4,0.807,0.7015,0.25,0.0,0.921,0.079,0.132,Premium High-Value,Premium Digital Customer,Low Risk,Moderate Cross-Sell Opportunity,Priority 2
C000090,P007,Term Insurance,Insurance,Protection,0.0,500000,3,False,True,253770,2821837,17820.91,53,10.0,0.856,4,0.807,0.7015,0.25,0.0,0.921,0.079,0.132,Premium High-Value,Premium Digital Customer,Low Risk,Moderate Cross-Sell Opportunity,Priority 2
C000090,P008,Premium Banking,Banking,Premium,0.0,1000000,5,False,True,253770,2821837,17820.91,53,10.0,0.856,4,0.807,0.7015,0.25,0.0,0.921,0.079,0.132,Premium High-Value,Premium Digital Customer,Low Risk,Moderate Cross-Sell Opportunity,Priority 2
C000091,P003,Rewards Credit Card,Credit Card,Cards,0.28,30000,2,False,True,216244,808719,10319.35,69,6.8,0.65,4,0.521,0.53775,0.25,0.0,0.692,0.308,0.105,Premium High-Value,Premium Relationship Customer,Low Risk,Moderate Cross-Sell Opportunity,Priority 2
C000091,P004,Personal Loan,Loan,Lending,0.115,75000,3,False,True,216244,808719,10319.35,69,6.8,0.65,4,0.521,0.53775,0.25,0.0,0.692,0.308,0.105,Premium High-Value,Premium Relationship Customer,Low Risk,Moderate Cross-Sell Opportunity,Priority 2
C000091,P005,Home Loan,Loan,Lending,0.082,500000,4,True,False,216244,808719,10319.35,69,6.8,0.65,4,0.521,0.53775,0.25,0.0,0.692,0.308,0.105,Premium High-Value,Premium Relationship Customer,Low Risk,Moderate Cross-Sell Opportunity,Priority 2
C000091,P006,Mutual Fund Plan,Investment,Wealth,0.1,10000,3,False,True,216244,808719,10319.35,69,6.8,0.65,4,0.521,0.53775,0.25,0.0,0.692,0.308,0.105,Premium High-Value,Premium Relationship Customer,Low Risk,Moderate Cross-Sell Opportunity,Priority 2
C000091,P007,Term Insurance,Insurance,Protection,0.0,500000,3,False,True,216244,808719,10319.35,69,6.8,0.65,4,0.521,0.53775,0.25,0.0,0.692,0.308,0.105,Premium High-Value,Premium Relationship Customer,Low Risk,Moderate Cross-Sell Opportunity,Priority 2
C000091,P008,Premium Banking,Banking,Premium,0.0,1000000,5,True,False,216244,808719,10319.35,69,6.8,0.65,4,0.521,0.53775,0.25,0.0,0.692,0.308,0.105,Premium High-Value,Premium Relationship Customer,Low Risk,Moderate Cross-Sell Opportunity,Priority 2
C000092,P003,Rewards Credit Card,Credit Card,Cards,0.28,30000,2,False,True,69631,212102,3058.07,39,13.2,0.61,1,0.643,0.4025,0.25,1.0,0.882,0.118,0.151,Core Active,Core Relationship Customer,Moderate Risk,Moderate Cross-Sell Opportunity,Priority 3
C000092,P004,Personal Loan,Loan,Lending,0.115,75000,3,False,True,69631,212102,3058.07,39,13.2,0.61,1,0.643,0.4025,0.25,1.0,0.882,0.118,0.151,Core Active,Core Relationship Customer,Moderate Risk,Moderate Cross-Sell Opportunity,Priority 3
C000092,P005,Home Loan,Loan,Lending,0.082,500000,4,False,True,69631,212102,3058.07,39,13.2,0.61,1,0.643,0.4025,0.25,1.0,0.882,0.118,0.151,Core Active,Core Relationship Customer,Moderate Risk,Moderate Cross-Sell Opportunity,Priority 3
C000092,P006,Mutual Fund Plan,Investment,Wealth,0.1,10000,3,False,True,69631,212102,3058.07,39,13.2,0.61,1,0.643,0.4025,0.25,1.0,0.882,0.118,0.151,Core Active,Core Relationship Customer,Moderate Risk,Moderate Cross-Sell Opportunity,Priority 3
C000092,P007,Term Insurance,Insurance,Protection,0.0,500000,3,False,True,69631,212102,3058.07,39,13.2,0.61,1,0.643,0.4025,0.25,1.0,0.882,0.118,0.151,Core Active,Core Relationship Customer,Moderate Risk,Moderate Cross-Sell Opportunity,Priority 3
C000092,P008,Premium Banking,Banking,Premium,0.0,1000000,5,False,True,69631,212102,3058.07,39,13.2,0.61,1,0.643,0.4025,0.25,1.0,0.882,0.118,0.151,Core Active,Core Relationship Customer,Moderate Risk,Moderate Cross-Sell Opportunity,Priority 3
C000093,P003,Rewards Credit Card,Credit Card,Cards,0.28,30000,2,True,False,190670,939234,9704.23,57,14.5,0.698,6,0.757,0.723,0.5,1.0,0.739,0.261,-0.226,Premium High-Value,Premium Digital Customer,Moderate Risk,Moderate Cross-Sell Opportunity,Priority 2
C000093,P004,Personal Loan,Loan,Lending,0.115,75000,3,True,False,190670,939234,9704.23,57,14.5,0.698,6,0.757,0.723,0.5,1.0,0.739,0.261,-0.226,Premium High-Value,Premium Digital Customer,Moderate Risk,Moderate Cross-Sell Opportunity,Priority 2
C000093,P005,Home Loan,Loan,Lending,0.082,500000,4,False,True,190670,939234,9704.23,57,14.5,0.698,6,0.757,0.723,0.5,1.0,0.739,0.261,-0.226,Premium High-Value,Premium Digital Customer,Moderate Risk,Moderate Cross-Sell Opportunity,Priority 2
C000093,P006,Mutual Fund Plan,Investment,Wealth,0.1,10000,3,True,False,190670,939234,9704.23,57,14.5,0.698,6,0.757,0.723,0.5,1.0,0.739,0.261,-0.226,Premium High-Value,Premium Digital Customer,Moderate Risk,Moderate Cross-Sell Opportunity,Priority 2
C000093,P007,Term Insurance,Insurance,Protection,0.0,500000,3,True,False,190670,939234,9704.23,57,14.5,0.698,6,0.757,0.723,0.5,1.0,0.739,0.261,-0.226,Premium High-Value,Premium Digital Customer,Moderate Risk,Moderate Cross-Sell Opportunity,Priority 2
C000093,P008,Premium Banking,Banking,Premium,0.0,1000000,5,False,True,190670,939234,9704.23,57,14.5,0.698,6,0.757,0.723,0.5,1.0,0.739,0.261,-0.226,Premium High-Value,Premium Digital Customer,Moderate Risk,Moderate Cross-Sell Opportunity,Priority 2
C000094,P003,Rewards Credit Card,Credit Card,Cards,0.28,30000,2,False,True,63260,253375,1765.95,56,4.8,0.637,1,0.43,0.3365,0.5,0.0,0.892,0.108,0.095,Core Active,Core Relationship Customer,Low Risk,Moderate Cross-Sell Opportunity,Priority 3
C000094,P004,Personal Loan,Loan,Lending,0.115,75000,3,False,True,63260,253375,1765.95,56,4.8,0.637,1,0.43,0.3365,0.5,0.0,0.892,0.108,0.095,Core Active,Core Relationship Customer,Low Risk,Moderate Cross-Sell Opportunity,Priority 3
C000094,P005,Home Loan,Loan,Lending,0.082,500000,4,False,True,63260,253375,1765.95,56,4.8,0.637,1,0.43,0.3365,0.5,0.0,0.892,0.108,0.095,Core Active,Core Relationship Customer,Low Risk,Moderate Cross-Sell Opportunity,Priority 3
C000094,P006,Mutual Fund Plan,Investment,Wealth,0.1,10000,3,False,True,63260,253375,1765.95,56,4.8,0.637,1,0.43,0.3365,0.5,0.0,0.892,0.108,0.095,Core Active,Core Relationship Customer,Low Risk,Moderate Cross-Sell Opportunity,Priority 3
C000094,P007,Term Insurance,Insurance,Protection,0.0,500000,3,False,True,63260,253375,1765.95,56,4.8,0.637,1,0.43,0.3365,0.5,0.0,0.892,0.108,0.095,Core Active,Core Relationship Customer,Low Risk,Moderate Cross-Sell Opportunity,Priority 3
C000094,P008,Premium Banking,Banking,Premium,0.0,1000000,5,False,True,63260,253375,1765.95,56,4.8,0.637,1,0.43,0.3365,0.5,0.0,0.892,0.108,0.095,Core Active,Core Relationship Customer,Low Risk,Moderate Cross-Sell Opportunity,Priority 3
C000095,P003,Rewards Credit Card,Credit Card,Cards,0.28,30000,2,False,True,66272,10631,2300.66,36,3.2,0.663,2,0.539,0.433,0.25,1.0,0.646,0.354,0.128,Core Active,Core Relationship Customer,Low Risk,Moderate Cross-Sell Opportunity,Priority 3
C000095,P004,Personal Loan,Loan,Lending,0.115,75000,3,False,True,66272,10631,2300.66,36,3.2,0.663,2,0.539,0.433,0.25,1.0,0.646,0.354,0.128,Core Active,Core Relationship Customer,Low Risk,Moderate Cross-Sell Opportunity,Priority 3
C000095,P005,Home Loan,Loan,Lending,0.082,500000,4,False,True,66272,10631,2300.66,36,3.2,0.663,2,0.539,0.433,0.25,1.0,0.646,0.354,0.128,Core Active,Core Relationship Customer,Low Risk,Moderate Cross-Sell Opportunity,Priority 3
C000095,P006,Mutual Fund Plan,Investment,Wealth,0.1,10000,3,False,True,66272,10631,2300.66,36,3.2,0.663,2,0.539,0.433,0.25,1.0,0.646,0.354,0.128,Core Active,Core Relationship Customer,Low Risk,Moderate Cross-Sell Opportunity,Priority 3
C000095,P007,Term Insurance,Insurance,Protection,0.0,500000,3,True,False,66272,10631,2300.66,36,3.2,0.663,2,0.539,0.433,0.25,1.0,0.646,0.354,0.128,Core Active,Core Relationship Customer,Low Risk,Moderate Cross-Sell Opportunity,Priority 3
C000095,P008,Premium Banking,Banking,Premium,0.0,1000000,5,False,True,66272,10631,2300.66,36,3.2,0.663,2,0.539,0.433,0.25,1.0,0.646,0.354,0.128,Core Active,Core Relationship Customer,Low Risk,Moderate Cross-Sell Opportunity,Priority 3
C000096,P003,Rewards Credit Card,Credit Card,Cards,0.28,30000,2,True,False,84795,431462,3581.44,61,45.7,0.602,3,0.427,0.313,0.0,0.0,0.611,0.389,0.056,Core Active,Core High-Activity Customer,Moderate Risk,Moderate Cross-Sell Opportunity,Priority 3
C000096,P004,Personal Loan,Loan,Lending,0.115,75000,3,False,True,84795,431462,3581.44,61,45.7,0.602,3,0.427,0.313,0.0,0.0,0.611,0.389,0.056,Core Active,Core High-Activity Customer,Moderate Risk,Moderate Cross-Sell Opportunity,Priority 3
C000096,P005,Home Loan,Loan,Lending,0.082,500000,4,False,True,84795,431462,3581.44,61,45.7,0.602,3,0.427,0.313,0.0,0.0,0.611,0.389,0.056,Core Active,Core High-Activity Customer,Moderate Risk,Moderate Cross-Sell Opportunity,Priority 3
C000096,P006,Mutual Fund Plan,Investment,Wealth,0.1,10000,3,False,True,84795,431462,3581.44,61,45.7,0.602,3,0.427,0.313,0.0,0.0,0.611,0.389,0.056,Core Active,Core High-Activity Customer,Moderate Risk,Moderate Cross-Sell Opportunity,Priority 3
C000096,P007,Term Insurance,Insurance,Protection,0.0,500000,3,True,False,84795,431462,3581.44,61,45.7,0.602,3,0.427,0.313,0.0,0.0,0.611,0.389,0.056,Core Active,Core High-Activity Customer,Moderate Risk,Moderate Cross-Sell Opportunity,Priority 3
C000096,P008,Premium Banking,Banking,Premium,0.0,1000000,5,False,True,84795,431462,3581.44,61,45.7,0.602,3,0.427,0.313,0.0,0.0,0.611,0.389,0.056,Core Active,Core High-Activity Customer,Moderate Risk,Moderate Cross-Sell Opportunity,Priority 3
C000097,P003,Rewards Credit Card,Credit Card,Cards,0.28,30000,2,False,True,45414,186992,1612.87,32,1.4,0.571,3,0.822,0.478,0.0,0.0,0.687,0.313,-0.133,Core Active,Core Relationship Customer,Low Risk,Moderate Cross-Sell Opportunity,Priority 3
C000097,P004,Personal Loan,Loan,Lending,0.115,75000,3,True,False,45414,186992,1612.87,32,1.4,0.571,3,0.822,0.478,0.0,0.0,0.687,0.313,-0.133,Core Active,Core Relationship Customer,Low Risk,Moderate Cross-Sell Opportunity,Priority 3
C000097,P005,Home Loan,Loan,Lending,0.082,500000,4,False,True,45414,186992,1612.87,32,1.4,0.571,3,0.822,0.478,0.0,0.0,0.687,0.313,-0.133,Core Active,Core Relationship Customer,Low Risk,Moderate Cross-Sell Opportunity,Priority 3
C000097,P006,Mutual Fund Plan,Investment,Wealth,0.1,10000,3,False,True,45414,186992,1612.87,32,1.4,0.571,3,0.822,0.478,0.0,0.0,0.687,0.313,-0.133,Core Active,Core Relationship Customer,Low Risk,Moderate Cross-Sell Opportunity,Priority 3
C000097,P007,Term Insurance,Insurance,Protection,0.0,500000,3,True,False,45414,186992,1612.87,32,1.4,0.571,3,0.822,0.478,0.0,0.0,0.687,0.313,-0.133,Core Active,Core Relationship Customer,Low Risk,Moderate Cross-Sell Opportunity,Priority 3
C000097,P008,Premium Banking,Banking,Premium,0.0,1000000,5,False,True,45414,186992,1612.87,32,1.4,0.571,3,0.822,0.478,0.0,0.0,0.687,0.313,-0.133,Core Active,Core Relationship Customer,Low Risk,Moderate Cross-Sell Opportunity,Priority 3
C000098,P003,Rewards Credit Card,Credit Card,Cards,0.28,30000,2,True,False,315844,1577895,15951.15,61,8.2,0.774,6,0.731,0.6448,0.4,0.5,0.919,0.081,0.074,Premium High-Value,Premium Digital Customer,Low Risk,Moderate Cross-Sell Opportunity,Priority 2
C000098,P004,Personal Loan,Loan,Lending,0.115,75000,3,True,False,315844,1577895,15951.15,61,8.2,0.774,6,0.731,0.6448,0.4,0.5,0.919,0.081,0.074,Premium High-Value,Premium Digital Customer,Low Risk,Moderate Cross-Sell Opportunity,Priority 2
C000098,P005,Home Loan,Loan,Lending,0.082,500000,4,True,False,315844,1577895,15951.15,61,8.2,0.774,6,0.731,0.6448,0.4,0.5,0.919,0.081,0.074,Premium High-Value,Premium Digital Customer,Low Risk,Moderate Cross-Sell Opportunity,Priority 2
C000098,P006,Mutual Fund Plan,Investment,Wealth,0.1,10000,3,True,False,315844,1577895,15951.15,61,8.2,0.774,6,0.731,0.6448,0.4,0.5,0.919,0.081,0.074,Premium High-Value,Premium Digital Customer,Low Risk,Moderate Cross-Sell Opportunity,Priority 2
C000098,P007,Term Insurance,Insurance,Protection,0.0,500000,3,False,True,315844,1577895,15951.15,61,8.2,0.774,6,0.731,0.6448,0.4,0.5,0.919,0.081,0.074,Premium High-Value,Premium Digital Customer,Low Risk,Moderate Cross-Sell Opportunity,Priority 2
C000098,P008,Premium Banking,Banking,Premium,0.0,1000000,5,True,False,315844,1577895,15951.15,61,8.2,0.774,6,0.731,0.6448,0.4,0.5,0.919,0.081,0.074,Premium High-Value,Premium Digital Customer,Low Risk,Moderate Cross-Sell Opportunity,Priority 2
C000099,P003,Rewards Credit Card,Credit Card,Cards,0.28,30000,2,False,True,48492,686443,1991.66,5,180.0,0.284,1,0.332,0.4022,0.2,0.0,0.632,0.368,-0.117,Dormant / Declining,Dormant Reactivation Target,Critical Risk,Low Cross-Sell Opportunity,Priority 4
C000099,P004,Personal Loan,Loan,Lending,0.115,75000,3,False,True,48492,686443,1991.66,5,180.0,0.284,1,0.332,0.4022,0.2,0.0,0.632,0.368,-0.117,Dormant / Declining,Dormant Reactivation Target,Critical Risk,Low Cross-Sell Opportunity,Priority 4
C000099,P005,Home Loan,Loan,Lending,0.082,500000,4,False,True,48492,686443,1991.66,5,180.0,0.284,1,0.332,0.4022,0.2,0.0,0.632,0.368,-0.117,Dormant / Declining,Dormant Reactivation Target,Critical Risk,Low Cross-Sell Opportunity,Priority 4
C000099,P006,Mutual Fund Plan,Investment,Wealth,0.1,10000,3,False,True,48492,686443,1991.66,5,180.0,0.284,1,0.332,0.4022,0.2,0.0,0.632,0.368,-0.117,Dormant / Declining,Dormant Reactivation Target,Critical Risk,Low Cross-Sell Opportunity,Priority 4
C000099,P007,Term Insurance,Insurance,Protection,0.0,500000,3,False,True,48492,686443,1991.66,5,180.0,0.284,1,0.332,0.4022,0.2,0.0,0.632,0.368,-0.117,Dormant / Declining,Dormant Reactivation Target,Critical Risk,Low Cross-Sell Opportunity,Priority 4
C000099,P008,Premium Banking,Banking,Premium,0.0,1000000,5,False,True,48492,686443,1991.66,5,180.0,0.284,1,0.332,0.4022,0.2,0.0,0.632,0.368,-0.117,Dormant / Declining,Dormant Reactivation Target,Critical Risk,Low Cross-Sell Opportunity,Priority 4
C000100,P003,Rewards Credit Card,Credit Card,Cards,0.28,30000,2,True,False,68496,141738,1810.94,25,11.3,0.834,2,0.558,0.4064,0.4,0.0,0.611,0.389,0.046,Core Active,Core Digital Customer,Moderate Risk,Moderate Cross-Sell Opportunity,Priority 3
C000100,P004,Personal Loan,Loan,Lending,0.115,75000,3,False,True,68496,141738,1810.94,25,11.3,0.834,2,0.558,0.4064,0.4,0.0,0.611,0.389,0.046,Core Active,Core Digital Customer,Moderate Risk,Moderate Cross-Sell Opportunity,Priority 3
C000100,P005,Home Loan,Loan,Lending,0.082,500000,4,False,True,68496,141738,1810.94,25,11.3,0.834,2,0.558,0.4064,0.4,0.0,0.611,0.389,0.046,Core Active,Core Digital Customer,Moderate Risk,Moderate Cross-Sell Opportunity,Priority 3
C000100,P006,Mutual Fund Plan,Investment,Wealth,0.1,10000,3,False,True,68496,141738,1810.94,25,11.3,0.834,2,0.558,0.4064,0.4,0.0,0.611,0.389,0.046,Core Active,Core Digital Customer,Moderate Risk,Moderate Cross-Sell Opportunity,Priority 3
C000100,P007,Term Insurance,Insurance,Protection,0.0,500000,3,False,True,68496,141738,1810.94,25,11.3,0.834,2,0.558,0.4064,0.4,0.0,0.611,0.389,0.046,Core Active,Core Digital Customer,Moderate Risk,Moderate Cross-Sell Opportunity,Priority 3
C000100,P008,Premium Banking,Banking,Premium,0.0,1000000,5,False,True,68496,141738,1810.94,25,11.3,0.834,2,0.558,0.4064,0.4,0.0,0.611,0.389,0.046,Core Active,Core Digital Customer,Moderate Risk,Moderate Cross-Sell Opportunity,Priority 3
C000101,P003,Rewards Credit Card,Credit Card,Cards,0.28,30000,2,False,True,66948,973041,3338.25,37,7.4,0.567,2,0.523,0.517,0.3333333333333333,0.0,0.438,0.562,0.141,Core Active,Core Relationship Customer,Moderate Risk,Moderate Cross-Sell Opportunity,Priority 3
C000101,P004,Personal Loan,Loan,Lending,0.115,75000,3,True,False,66948,973041,3338.25,37,7.4,0.567,2,0.523,0.517,0.3333333333333333,0.0,0.438,0.562,0.141,Core Active,Core Relationship Customer,Moderate Risk,Moderate Cross-Sell Opportunity,Priority 3
C000101,P005,Home Loan,Loan,Lending,0.082,500000,4,False,True,66948,973041,3338.25,37,7.4,0.567,2,0.523,0.517,0.3333333333333333,0.0,0.438,0.562,0.141,Core Active,Core Relationship Customer,Moderate Risk,Moderate Cross-Sell Opportunity,Priority 3
C000101,P006,Mutual Fund Plan,Investment,Wealth,0.1,10000,3,False,True,66948,973041,3338.25,37,7.4,0.567,2,0.523,0.517,0.3333333333333333,0.0,0.438,0.562,0.141,Core Active,Core Relationship Customer,Moderate Risk,Moderate Cross-Sell Opportunity,Priority 3
C000101,P007,Term Insurance,Insurance,Protection,0.0,500000,3,False,True,66948,973041,3338.25,37,7.4,0.567,2,0.523,0.517,0.3333333333333333,0.0,0.438,0.562,0.141,Core Active,Core Relationship Customer,Moderate Risk,Moderate Cross-Sell Opportunity,Priority 3
C000101,P008,Premium Banking,Banking,Premium,0.0,1000000,5,False,True,66948,973041,3338.25,37,7.4,0.567,2,0.523,0.517,0.3333333333333333,0.0,0.438,0.562,0.141,Core Active,Core Relationship Customer,Moderate Risk,Moderate Cross-Sell Opportunity,Priority 3
C000102,P003,Rewards Credit Card,Credit Card,Cards,0.28,30000,2,True,False,79346,666526,2687.99,46,15.6,0.494,2,0.443,0.62325,0.25,1.0,0.737,0.263,-0.051,Core Active,Core Relationship Customer,High Risk,Moderate Cross-Sell Opportunity,Priority 3
C000102,P004,Personal Loan,Loan,Lending,0.115,75000,3,False,True,79346,666526,2687.99,46,15.6,0.494,2,0.443,0.62325,0.25,1.0,0.737,0.263,-0.051,Core Active,Core Relationship Customer,High Risk,Moderate Cross-Sell Opportunity,Priority 3
C000102,P005,Home Loan,Loan,Lending,0.082,500000,4,False,True,79346,666526,2687.99,46,15.6,0.494,2,0.443,0.62325,0.25,1.0,0.737,0.263,-0.051,Core Active,Core Relationship Customer,High Risk,Moderate Cross-Sell Opportunity,Priority 3
C000102,P006,Mutual Fund Plan,Investment,Wealth,0.1,10000,3,False,True,79346,666526,2687.99,46,15.6,0.494,2,0.443,0.62325,0.25,1.0,0.737,0.263,-0.051,Core Active,Core Relationship Customer,High Risk,Moderate Cross-Sell Opportunity,Priority 3
C000102,P007,Term Insurance,Insurance,Protection,0.0,500000,3,False,True,79346,666526,2687.99,46,15.6,0.494,2,0.443,0.62325,0.25,1.0,0.737,0.263,-0.051,Core Active,Core Relationship Customer,High Risk,Moderate Cross-Sell Opportunity,Priority 3
C000102,P008,Premium Banking,Banking,Premium,0.0,1000000,5,False,True,79346,666526,2687.99,46,15.6,0.494,2,0.443,0.62325,0.25,1.0,0.737,0.263,-0.051,Core Active,Core Relationship Customer,High Risk,Moderate Cross-Sell Opportunity,Priority 3
C000103,P003,Rewards Credit Card,Credit Card,Cards,0.28,30000,2,True,False,57835,147997,2791.58,22,26.6,0.144,3,0.426,0.1649999999999999,1.0,0.0,0.909,0.091,-0.264,Core Active,Core Relationship Customer,Critical Risk,Low Cross-Sell Opportunity,Priority 4
C000103,P004,Personal Loan,Loan,Lending,0.115,75000,3,False,True,57835,147997,2791.58,22,26.6,0.144,3,0.426,0.1649999999999999,1.0,0.0,0.909,0.091,-0.264,Core Active,Core Relationship Customer,Critical Risk,Low Cross-Sell Opportunity,Priority 4
C000103,P005,Home Loan,Loan,Lending,0.082,500000,4,False,True,57835,147997,2791.58,22,26.6,0.144,3,0.426,0.1649999999999999,1.0,0.0,0.909,0.091,-0.264,Core Active,Core Relationship Customer,Critical Risk,Low Cross-Sell Opportunity,Priority 4
C000103,P006,Mutual Fund Plan,Investment,Wealth,0.1,10000,3,False,True,57835,147997,2791.58,22,26.6,0.144,3,0.426,0.1649999999999999,1.0,0.0,0.909,0.091,-0.264,Core Active,Core Relationship Customer,Critical Risk,Low Cross-Sell Opportunity,Priority 4
C000103,P007,Term Insurance,Insurance,Protection,0.0,500000,3,True,False,57835,147997,2791.58,22,26.6,0.144,3,0.426,0.1649999999999999,1.0,0.0,0.909,0.091,-0.264,Core Active,Core Relationship Customer,Critical Risk,Low Cross-Sell Opportunity,Priority 4
C000103,P008,Premium Banking,Banking,Premium,0.0,1000000,5,False,True,57835,147997,2791.58,22,26.6,0.144,3,0.426,0.1649999999999999,1.0,0.0,0.909,0.091,-0.264,Core Active,Core Relationship Customer,Critical Risk,Low Cross-Sell Opportunity,Priority 4
C000104,P003,Rewards Credit Card,Credit Card,Cards,0.28,30000,2,False,True,60463,368521,2166.02,39,6.5,0.339,1,0.444,0.4582,0.2,1.0,0.655,0.345,-0.309,Core Active,Core Relationship Customer,High Risk,Moderate Cross-Sell Opportunity,Priority 3
C000104,P004,Personal Loan,Loan,Lending,0.115,75000,3,False,True,60463,368521,2166.02,39,6.5,0.339,1,0.444,0.4582,0.2,1.0,0.655,0.345,-0.309,Core Active,Core Relationship Customer,High Risk,Moderate Cross-Sell Opportunity,Priority 3
C000104,P005,Home Loan,Loan,Lending,0.082,500000,4,False,True,60463,368521,2166.02,39,6.5,0.339,1,0.444,0.4582,0.2,1.0,0.655,0.345,-0.309,Core Active,Core Relationship Customer,High Risk,Moderate Cross-Sell Opportunity,Priority 3
C000104,P006,Mutual Fund Plan,Investment,Wealth,0.1,10000,3,False,True,60463,368521,2166.02,39,6.5,0.339,1,0.444,0.4582,0.2,1.0,0.655,0.345,-0.309,Core Active,Core Relationship Customer,High Risk,Moderate Cross-Sell Opportunity,Priority 3
C000104,P007,Term Insurance,Insurance,Protection,0.0,500000,3,False,True,60463,368521,2166.02,39,6.5,0.339,1,0.444,0.4582,0.2,1.0,0.655,0.345,-0.309,Core Active,Core Relationship Customer,High Risk,Moderate Cross-Sell Opportunity,Priority 3
C000104,P008,Premium Banking,Banking,Premium,0.0,1000000,5,False,True,60463,368521,2166.02,39,6.5,0.339,1,0.444,0.4582,0.2,1.0,0.655,0.345,-0.309,Core Active,Core Relationship Customer,High Risk,Moderate Cross-Sell Opportunity,Priority 3
C000105,P003,Rewards Credit Card,Credit Card,Cards,0.28,30000,2,True,False,73637,236473,3091.53,31,2.7,0.399,3,0.545,0.3047499999999999,0.0,0.0,0.549,0.451,0.066,Core Active,Core Relationship Customer,Low Risk,Moderate Cross-Sell Opportunity,Priority 3
C000105,P004,Personal Loan,Loan,Lending,0.115,75000,3,False,True,73637,236473,3091.53,31,2.7,0.399,3,0.545,0.3047499999999999,0.0,0.0,0.549,0.451,0.066,Core Active,Core Relationship Customer,Low Risk,Moderate Cross-Sell Opportunity,Priority 3
C000105,P005,Home Loan,Loan,Lending,0.082,500000,4,False,True,73637,236473,3091.53,31,2.7,0.399,3,0.545,0.3047499999999999,0.0,0.0,0.549,0.451,0.066,Core Active,Core Relationship Customer,Low Risk,Moderate Cross-Sell Opportunity,Priority 3
C000105,P006,Mutual Fund Plan,Investment,Wealth,0.1,10000,3,False,True,73637,236473,3091.53,31,2.7,0.399,3,0.545,0.3047499999999999,0.0,0.0,0.549,0.451,0.066,Core Active,Core Relationship Customer,Low Risk,Moderate Cross-Sell Opportunity,Priority 3
C000105,P007,Term Insurance,Insurance,Protection,0.0,500000,3,False,True,73637,236473,3091.53,31,2.7,0.399,3,0.545,0.3047499999999999,0.0,0.0,0.549,0.451,0.066,Core Active,Core Relationship Customer,Low Risk,Moderate Cross-Sell Opportunity,Priority 3
C000105,P008,Premium Banking,Banking,Premium,0.0,1000000,5,False,True,73637,236473,3091.53,31,2.7,0.399,3,0.545,0.3047499999999999,0.0,0.0,0.549,0.451,0.066,Core Active,Core Relationship Customer,Low Risk,Moderate Cross-Sell Opportunity,Priority 3
C000106,P003,Rewards Credit Card,Credit Card,Cards,0.28,30000,2,True,False,163908,899569,8017.72,38,23.2,0.383,2,0.249,0.4976666666666667,0.3333333333333333,1.0,0.541,0.459,-0.154,Premium High-Value,Premium Relationship Customer,Critical Risk,Moderate Cross-Sell Opportunity,Priority 2
C000106,P004,Personal Loan,Loan,Lending,0.115,75000,3,False,True,163908,899569,8017.72,38,23.2,0.383,2,0.249,0.4976666666666667,0.3333333333333333,1.0,0.541,0.459,-0.154,Premium High-Value,Premium Relationship Customer,Critical Risk,Moderate Cross-Sell Opportunity,Priority 2
C000106,P005,Home Loan,Loan,Lending,0.082,500000,4,False,True,163908,899569,8017.72,38,23.2,0.383,2,0.249,0.4976666666666667,0.3333333333333333,1.0,0.541,0.459,-0.154,Premium High-Value,Premium Relationship Customer,Critical Risk,Moderate Cross-Sell Opportunity,Priority 2
C000106,P006,Mutual Fund Plan,Investment,Wealth,0.1,10000,3,False,True,163908,899569,8017.72,38,23.2,0.383,2,0.249,0.4976666666666667,0.3333333333333333,1.0,0.541,0.459,-0.154,Premium High-Value,Premium Relationship Customer,Critical Risk,Moderate Cross-Sell Opportunity,Priority 2
C000106,P007,Term Insurance,Insurance,Protection,0.0,500000,3,False,True,163908,899569,8017.72,38,23.2,0.383,2,0.249,0.4976666666666667,0.3333333333333333,1.0,0.541,0.459,-0.154,Premium High-Value,Premium Relationship Customer,Critical Risk,Moderate Cross-Sell Opportunity,Priority 2
C000106,P008,Premium Banking,Banking,Premium,0.0,1000000,5,False,True,163908,899569,8017.72,38,23.2,0.383,2,0.249,0.4976666666666667,0.3333333333333333,1.0,0.541,0.459,-0.154,Premium High-Value,Premium Relationship Customer,Critical Risk,Moderate Cross-Sell Opportunity,Priority 2
C000107,P003,Rewards Credit Card,Credit Card,Cards,0.28,30000,2,False,True,36750,379992,1542.92,11,180.0,0.472,1,0.366,0.394,0.5,0.0,0.73,0.27,-0.213,Dormant / Declining,Dormant Reactivation Target,Critical Risk,Low Cross-Sell Opportunity,Priority 4
C000107,P004,Personal Loan,Loan,Lending,0.115,75000,3,False,True,36750,379992,1542.92,11,180.0,0.472,1,0.366,0.394,0.5,0.0,0.73,0.27,-0.213,Dormant / Declining,Dormant Reactivation Target,Critical Risk,Low Cross-Sell Opportunity,Priority 4
C000107,P005,Home Loan,Loan,Lending,0.082,500000,4,False,True,36750,379992,1542.92,11,180.0,0.472,1,0.366,0.394,0.5,0.0,0.73,0.27,-0.213,Dormant / Declining,Dormant Reactivation Target,Critical Risk,Low Cross-Sell Opportunity,Priority 4
C000107,P006,Mutual Fund Plan,Investment,Wealth,0.1,10000,3,False,True,36750,379992,1542.92,11,180.0,0.472,1,0.366,0.394,0.5,0.0,0.73,0.27,-0.213,Dormant / Declining,Dormant Reactivation Target,Critical Risk,Low Cross-Sell Opportunity,Priority 4
C000107,P007,Term Insurance,Insurance,Protection,0.0,500000,3,False,True,36750,379992,1542.92,11,180.0,0.472,1,0.366,0.394,0.5,0.0,0.73,0.27,-0.213,Dormant / Declining,Dormant Reactivation Target,Critical Risk,Low Cross-Sell Opportunity,Priority 4
C000107,P008,Premium Banking,Banking,Premium,0.0,1000000,5,False,True,36750,379992,1542.92,11,180.0,0.472,1,0.366,0.394,0.5,0.0,0.73,0.27,-0.213,Dormant / Declining,Dormant Reactivation Target,Critical Risk,Low Cross-Sell Opportunity,Priority 4
C000108,P003,Rewards Credit Card,Credit Card,Cards,0.28,30000,2,True,False,98578,424683,5052.0,58,5.2,0.793,3,0.39,0.4742,0.6,0.0,0.768,0.232,0.155,Premium High-Value,Premium Relationship Customer,Low Risk,Moderate Cross-Sell Opportunity,Priority 2
C000108,P004,Personal Loan,Loan,Lending,0.115,75000,3,False,True,98578,424683,5052.0,58,5.2,0.793,3,0.39,0.4742,0.6,0.0,0.768,0.232,0.155,Premium High-Value,Premium Relationship Customer,Low Risk,Moderate Cross-Sell Opportunity,Priority 2
C000108,P005,Home Loan,Loan,Lending,0.082,500000,4,False,True,98578,424683,5052.0,58,5.2,0.793,3,0.39,0.4742,0.6,0.0,0.768,0.232,0.155,Premium High-Value,Premium Relationship Customer,Low Risk,Moderate Cross-Sell Opportunity,Priority 2
C000108,P006,Mutual Fund Plan,Investment,Wealth,0.1,10000,3,False,True,98578,424683,5052.0,58,5.2,0.793,3,0.39,0.4742,0.6,0.0,0.768,0.232,0.155,Premium High-Value,Premium Relationship Customer,Low Risk,Moderate Cross-Sell Opportunity,Priority 2
C000108,P007,Term Insurance,Insurance,Protection,0.0,500000,3,True,False,98578,424683,5052.0,58,5.2,0.793,3,0.39,0.4742,0.6,0.0,0.768,0.232,0.155,Premium High-Value,Premium Relationship Customer,Low Risk,Moderate Cross-Sell Opportunity,Priority 2
C000108,P008,Premium Banking,Banking,Premium,0.0,1000000,5,False,True,98578,424683,5052.0,58,5.2,0.793,3,0.39,0.4742,0.6,0.0,0.768,0.232,0.155,Premium High-Value,Premium Relationship Customer,Low Risk,Moderate Cross-Sell Opportunity,Priority 2
C000109,P003,Rewards Credit Card,Credit Card,Cards,0.28,30000,2,True,False,80825,558242,1362.68,44,5.3,0.666,2,0.636,0.4825,0.75,0.3333333333333333,0.542,0.458,0.001,Core Active,Core Relationship Customer,Low Risk,Moderate Cross-Sell Opportunity,Priority 2
C000109,P004,Personal Loan,Loan,Lending,0.115,75000,3,False,True,80825,558242,1362.68,44,5.3,0.666,2,0.636,0.4825,0.75,0.3333333333333333,0.542,0.458,0.001,Core Active,Core Relationship Customer,Low Risk,Moderate Cross-Sell Opportunity,Priority 2
C000109,P005,Home Loan,Loan,Lending,0.082,500000,4,False,True,80825,558242,1362.68,44,5.3,0.666,2,0.636,0.4825,0.75,0.3333333333333333,0.542,0.458,0.001,Core Active,Core Relationship Customer,Low Risk,Moderate Cross-Sell Opportunity,Priority 2
C000109,P006,Mutual Fund Plan,Investment,Wealth,0.1,10000,3,False,True,80825,558242,1362.68,44,5.3,0.666,2,0.636,0.4825,0.75,0.3333333333333333,0.542,0.458,0.001,Core Active,Core Relationship Customer,Low Risk,Moderate Cross-Sell Opportunity,Priority 2
C000109,P007,Term Insurance,Insurance,Protection,0.0,500000,3,False,True,80825,558242,1362.68,44,5.3,0.666,2,0.636,0.4825,0.75,0.3333333333333333,0.542,0.458,0.001,Core Active,Core Relationship Customer,Low Risk,Moderate Cross-Sell Opportunity,Priority 2
C000109,P008,Premium Banking,Banking,Premium,0.0,1000000,5,False,True,80825,558242,1362.68,44,5.3,0.666,2,0.636,0.4825,0.75,0.3333333333333333,0.542,0.458,0.001,Core Active,Core Relationship Customer,Low Risk,Moderate Cross-Sell Opportunity,Priority 2
C000110,P003,Rewards Credit Card,Credit Card,Cards,0.28,30000,2,False,True,62180,196983,1430.59,11,83.5,0.315,1,0.234,0.295,0.5,0.0,0.934,0.066,-0.157,At Risk,At-Risk Declining Customer,Critical Risk,Low Cross-Sell Opportunity,Priority 4
C000110,P004,Personal Loan,Loan,Lending,0.115,75000,3,False,True,62180,196983,1430.59,11,83.5,0.315,1,0.234,0.295,0.5,0.0,0.934,0.066,-0.157,At Risk,At-Risk Declining Customer,Critical Risk,Low Cross-Sell Opportunity,Priority 4
C000110,P005,Home Loan,Loan,Lending,0.082,500000,4,False,True,62180,196983,1430.59,11,83.5,0.315,1,0.234,0.295,0.5,0.0,0.934,0.066,-0.157,At Risk,At-Risk Declining Customer,Critical Risk,Low Cross-Sell Opportunity,Priority 4
C000110,P006,Mutual Fund Plan,Investment,Wealth,0.1,10000,3,False,True,62180,196983,1430.59,11,83.5,0.315,1,0.234,0.295,0.5,0.0,0.934,0.066,-0.157,At Risk,At-Risk Declining Customer,Critical Risk,Low Cross-Sell Opportunity,Priority 4
C000110,P007,Term Insurance,Insurance,Protection,0.0,500000,3,False,True,62180,196983,1430.59,11,83.5,0.315,1,0.234,0.295,0.5,0.0,0.934,0.066,-0.157,At Risk,At-Risk Declining Customer,Critical Risk,Low Cross-Sell Opportunity,Priority 4
C000110,P008,Premium Banking,Banking,Premium,0.0,1000000,5,False,True,62180,196983,1430.59,11,83.5,0.315,1,0.234,0.295,0.5,0.0,0.934,0.066,-0.157,At Risk,At-Risk Declining Customer,Critical Risk,Low Cross-Sell Opportunity,Priority 4
C000111,P003,Rewards Credit Card,Credit Card,Cards,0.28,30000,2,True,False,235613,1141110,12422.37,70,14.7,0.801,4,0.622,0.863,0.6666666666666666,0.5,0.746,0.254,0.057,Premium High-Value,Premium Digital Customer,Low Risk,Moderate Cross-Sell Opportunity,Priority 2
C000111,P004,Personal Loan,Loan,Lending,0.115,75000,3,False,True,235613,1141110,12422.37,70,14.7,0.801,4,0.622,0.863,0.6666666666666666,0.5,0.746,0.254,0.057,Premium High-Value,Premium Digital Customer,Low Risk,Moderate Cross-Sell Opportunity,Priority 2
C000111,P005,Home Loan,Loan,Lending,0.082,500000,4,False,True,235613,1141110,12422.37,70,14.7,0.801,4,0.622,0.863,0.6666666666666666,0.5,0.746,0.254,0.057,Premium High-Value,Premium Digital Customer,Low Risk,Moderate Cross-Sell Opportunity,Priority 2
C000111,P006,Mutual Fund Plan,Investment,Wealth,0.1,10000,3,False,True,235613,1141110,12422.37,70,14.7,0.801,4,0.622,0.863,0.6666666666666666,0.5,0.746,0.254,0.057,Premium High-Value,Premium Digital Customer,Low Risk,Moderate Cross-Sell Opportunity,Priority 2
C000111,P007,Term Insurance,Insurance,Protection,0.0,500000,3,True,False,235613,1141110,12422.37,70,14.7,0.801,4,0.622,0.863,0.6666666666666666,0.5,0.746,0.254,0.057,Premium High-Value,Premium Digital Customer,Low Risk,Moderate Cross-Sell Opportunity,Priority 2
C000111,P008,Premium Banking,Banking,Premium,0.0,1000000,5,True,False,235613,1141110,12422.37,70,14.7,0.801,4,0.622,0.863,0.6666666666666666,0.5,0.746,0.254,0.057,Premium High-Value,Premium Digital Customer,Low Risk,Moderate Cross-Sell Opportunity,Priority 2
C000112,P003,Rewards Credit Card,Credit Card,Cards,0.28,30000,2,False,True,60948,356431,2801.27,30,6.0,0.662,2,0.547,0.36225,0.5,0.0,0.766,0.234,-0.15,Core Active,Core Relationship Customer,Moderate Risk,Moderate Cross-Sell Opportunity,Priority 3
C000112,P004,Personal Loan,Loan,Lending,0.115,75000,3,False,True,60948,356431,2801.27,30,6.0,0.662,2,0.547,0.36225,0.5,0.0,0.766,0.234,-0.15,Core Active,Core Relationship Customer,Moderate Risk,Moderate Cross-Sell Opportunity,Priority 3
C000112,P005,Home Loan,Loan,Lending,0.082,500000,4,False,True,60948,356431,2801.27,30,6.0,0.662,2,0.547,0.36225,0.5,0.0,0.766,0.234,-0.15,Core Active,Core Relationship Customer,Moderate Risk,Moderate Cross-Sell Opportunity,Priority 3
C000112,P006,Mutual Fund Plan,Investment,Wealth,0.1,10000,3,False,True,60948,356431,2801.27,30,6.0,0.662,2,0.547,0.36225,0.5,0.0,0.766,0.234,-0.15,Core Active,Core Relationship Customer,Moderate Risk,Moderate Cross-Sell Opportunity,Priority 3
C000112,P007,Term Insurance,Insurance,Protection,0.0,500000,3,True,False,60948,356431,2801.27,30,6.0,0.662,2,0.547,0.36225,0.5,0.0,0.766,0.234,-0.15,Core Active,Core Relationship Customer,Moderate Risk,Moderate Cross-Sell Opportunity,Priority 3
C000112,P008,Premium Banking,Banking,Premium,0.0,1000000,5,False,True,60948,356431,2801.27,30,6.0,0.662,2,0.547,0.36225,0.5,0.0,0.766,0.234,-0.15,Core Active,Core Relationship Customer,Moderate Risk,Moderate Cross-Sell Opportunity,Priority 3
C000113,P003,Rewards Credit Card,Credit Card,Cards,0.28,30000,2,False,True,74981,1202145,2989.45,17,6.3,0.182,2,0.418,0.4858,0.4,0.0,0.806,0.194,-0.126,Core Active,Core Relationship Customer,High Risk,Moderate Cross-Sell Opportunity,Priority 3
C000113,P004,Personal Loan,Loan,Lending,0.115,75000,3,False,True,74981,1202145,2989.45,17,6.3,0.182,2,0.418,0.4858,0.4,0.0,0.806,0.194,-0.126,Core Active,Core Relationship Customer,High Risk,Moderate Cross-Sell Opportunity,Priority 3
C000113,P005,Home Loan,Loan,Lending,0.082,500000,4,False,True,74981,1202145,2989.45,17,6.3,0.182,2,0.418,0.4858,0.4,0.0,0.806,0.194,-0.126,Core Active,Core Relationship Customer,High Risk,Moderate Cross-Sell Opportunity,Priority 3
C000113,P006,Mutual Fund Plan,Investment,Wealth,0.1,10000,3,False,True,74981,1202145,2989.45,17,6.3,0.182,2,0.418,0.4858,0.4,0.0,0.806,0.194,-0.126,Core Active,Core Relationship Customer,High Risk,Moderate Cross-Sell Opportunity,Priority 3
C000113,P007,Term Insurance,Insurance,Protection,0.0,500000,3,True,False,74981,1202145,2989.45,17,6.3,0.182,2,0.418,0.4858,0.4,0.0,0.806,0.194,-0.126,Core Active,Core Relationship Customer,High Risk,Moderate Cross-Sell Opportunity,Priority 3
C000113,P008,Premium Banking,Banking,Premium,0.0,1000000,5,False,True,74981,1202145,2989.45,17,6.3,0.182,2,0.418,0.4858,0.4,0.0,0.806,0.194,-0.126,Core Active,Core Relationship Customer,High Risk,Moderate Cross-Sell Opportunity,Priority 3
C000114,P003,Rewards Credit Card,Credit Card,Cards,0.28,30000,2,True,False,66294,579506,3156.7,36,3.3,0.266,2,0.425,0.33575,0.25,0.0,0.78,0.22,-0.035,Core Active,Core Relationship Customer,Moderate Risk,Moderate Cross-Sell Opportunity,Priority 3
C000114,P004,Personal Loan,Loan,Lending,0.115,75000,3,False,True,66294,579506,3156.7,36,3.3,0.266,2,0.425,0.33575,0.25,0.0,0.78,0.22,-0.035,Core Active,Core Relationship Customer,Moderate Risk,Moderate Cross-Sell Opportunity,Priority 3
C000114,P005,Home Loan,Loan,Lending,0.082,500000,4,False,True,66294,579506,3156.7,36,3.3,0.266,2,0.425,0.33575,0.25,0.0,0.78,0.22,-0.035,Core Active,Core Relationship Customer,Moderate Risk,Moderate Cross-Sell Opportunity,Priority 3
C000114,P006,Mutual Fund Plan,Investment,Wealth,0.1,10000,3,False,True,66294,579506,3156.7,36,3.3,0.266,2,0.425,0.33575,0.25,0.0,0.78,0.22,-0.035,Core Active,Core Relationship Customer,Moderate Risk,Moderate Cross-Sell Opportunity,Priority 3
C000114,P007,Term Insurance,Insurance,Protection,0.0,500000,3,False,True,66294,579506,3156.7,36,3.3,0.266,2,0.425,0.33575,0.25,0.0,0.78,0.22,-0.035,Core Active,Core Relationship Customer,Moderate Risk,Moderate Cross-Sell Opportunity,Priority 3
C000114,P008,Premium Banking,Banking,Premium,0.0,1000000,5,False,True,66294,579506,3156.7,36,3.3,0.266,2,0.425,0.33575,0.25,0.0,0.78,0.22,-0.035,Core Active,Core Relationship Customer,Moderate Risk,Moderate Cross-Sell Opportunity,Priority 3
C000115,P003,Rewards Credit Card,Credit Card,Cards,0.28,30000,2,True,False,103083,459162,4689.93,42,4.2,0.781,5,0.455,0.3498,0.4,0.5,0.758,0.242,0.004,Premium High-Value,Premium Relationship Customer,Low Risk,Moderate Cross-Sell Opportunity,Priority 2
C000115,P004,Personal Loan,Loan,Lending,0.115,75000,3,True,False,103083,459162,4689.93,42,4.2,0.781,5,0.455,0.3498,0.4,0.5,0.758,0.242,0.004,Premium High-Value,Premium Relationship Customer,Low Risk,Moderate Cross-Sell Opportunity,Priority 2
C000115,P005,Home Loan,Loan,Lending,0.082,500000,4,False,True,103083,459162,4689.93,42,4.2,0.781,5,0.455,0.3498,0.4,0.5,0.758,0.242,0.004,Premium High-Value,Premium Relationship Customer,Low Risk,Moderate Cross-Sell Opportunity,Priority 2
C000115,P006,Mutual Fund Plan,Investment,Wealth,0.1,10000,3,True,False,103083,459162,4689.93,42,4.2,0.781,5,0.455,0.3498,0.4,0.5,0.758,0.242,0.004,Premium High-Value,Premium Relationship Customer,Low Risk,Moderate Cross-Sell Opportunity,Priority 2
C000115,P007,Term Insurance,Insurance,Protection,0.0,500000,3,False,True,103083,459162,4689.93,42,4.2,0.781,5,0.455,0.3498,0.4,0.5,0.758,0.242,0.004,Premium High-Value,Premium Relationship Customer,Low Risk,Moderate Cross-Sell Opportunity,Priority 2
C000115,P008,Premium Banking,Banking,Premium,0.0,1000000,5,False,True,103083,459162,4689.93,42,4.2,0.781,5,0.455,0.3498,0.4,0.5,0.758,0.242,0.004,Premium High-Value,Premium Relationship Customer,Low Risk,Moderate Cross-Sell Opportunity,Priority 2
C000116,P003,Rewards Credit Card,Credit Card,Cards,0.28,30000,2,True,False,209348,192897,10319.51,51,13.5,0.678,7,0.758,0.4066666666666667,0.0,0.0,0.565,0.435,0.245,Premium High-Value,Premium Digital Customer,Low Risk,Moderate Cross-Sell Opportunity,Priority 3
C000116,P004,Personal Loan,Loan,Lending,0.115,75000,3,True,False,209348,192897,10319.51,51,13.5,0.678,7,0.758,0.4066666666666667,0.0,0.0,0.565,0.435,0.245,Premium High-Value,Premium Digital Customer,Low Risk,Moderate Cross-Sell Opportunity,Priority 3
C000116,P005,Home Loan,Loan,Lending,0.082,500000,4,False,True,209348,192897,10319.51,51,13.5,0.678,7,0.758,0.4066666666666667,0.0,0.0,0.565,0.435,0.245,Premium High-Value,Premium Digital Customer,Low Risk,Moderate Cross-Sell Opportunity,Priority 3
C000116,P006,Mutual Fund Plan,Investment,Wealth,0.1,10000,3,True,False,209348,192897,10319.51,51,13.5,0.678,7,0.758,0.4066666666666667,0.0,0.0,0.565,0.435,0.245,Premium High-Value,Premium Digital Customer,Low Risk,Moderate Cross-Sell Opportunity,Priority 3
C000116,P007,Term Insurance,Insurance,Protection,0.0,500000,3,True,False,209348,192897,10319.51,51,13.5,0.678,7,0.758,0.4066666666666667,0.0,0.0,0.565,0.435,0.245,Premium High-Value,Premium Digital Customer,Low Risk,Moderate Cross-Sell Opportunity,Priority 3
C000116,P008,Premium Banking,Banking,Premium,0.0,1000000,5,True,False,209348,192897,10319.51,51,13.5,0.678,7,0.758,0.4066666666666667,0.0,0.0,0.565,0.435,0.245,Premium High-Value,Premium Digital Customer,Low Risk,Moderate Cross-Sell Opportunity,Priority 3
C000117,P003,Rewards Credit Card,Credit Card,Cards,0.28,30000,2,False,True,36926,48140,1000.0,35,5.7,0.376,1,0.38,0.2526666666666666,0.3333333333333333,0.0,0.755,0.245,-0.024,Core Active,Core Relationship Customer,High Risk,Low Cross-Sell Opportunity,Priority 3
C000117,P004,Personal Loan,Loan,Lending,0.115,75000,3,False,True,36926,48140,1000.0,35,5.7,0.376,1,0.38,0.2526666666666666,0.3333333333333333,0.0,0.755,0.245,-0.024,Core Active,Core Relationship Customer,High Risk,Low Cross-Sell Opportunity,Priority 3
C000117,P005,Home Loan,Loan,Lending,0.082,500000,4,False,True,36926,48140,1000.0,35,5.7,0.376,1,0.38,0.2526666666666666,0.3333333333333333,0.0,0.755,0.245,-0.024,Core Active,Core Relationship Customer,High Risk,Low Cross-Sell Opportunity,Priority 3
C000117,P006,Mutual Fund Plan,Investment,Wealth,0.1,10000,3,False,True,36926,48140,1000.0,35,5.7,0.376,1,0.38,0.2526666666666666,0.3333333333333333,0.0,0.755,0.245,-0.024,Core Active,Core Relationship Customer,High Risk,Low Cross-Sell Opportunity,Priority 3
C000117,P007,Term Insurance,Insurance,Protection,0.0,500000,3,False,True,36926,48140,1000.0,35,5.7,0.376,1,0.38,0.2526666666666666,0.3333333333333333,0.0,0.755,0.245,-0.024,Core Active,Core Relationship Customer,High Risk,Low Cross-Sell Opportunity,Priority 3
C000117,P008,Premium Banking,Banking,Premium,0.0,1000000,5,False,True,36926,48140,1000.0,35,5.7,0.376,1,0.38,0.2526666666666666,0.3333333333333333,0.0,0.755,0.245,-0.024,Core Active,Core Relationship Customer,High Risk,Low Cross-Sell Opportunity,Priority 3
C000118,P003,Rewards Credit Card,Credit Card,Cards,0.28,30000,2,True,False,54858,407837,2142.47,52,16.7,0.669,5,0.682,0.4982,0.6,0.3333333333333333,0.539,0.461,-0.03,Core Active,Core Relationship Customer,Moderate Risk,Low Cross-Sell Opportunity,Priority 3
C000118,P004,Personal Loan,Loan,Lending,0.115,75000,3,False,True,54858,407837,2142.47,52,16.7,0.669,5,0.682,0.4982,0.6,0.3333333333333333,0.539,0.461,-0.03,Core Active,Core Relationship Customer,Moderate Risk,Low Cross-Sell Opportunity,Priority 3
C000118,P005,Home Loan,Loan,Lending,0.082,500000,4,True,False,54858,407837,2142.47,52,16.7,0.669,5,0.682,0.4982,0.6,0.3333333333333333,0.539,0.461,-0.03,Core Active,Core Relationship Customer,Moderate Risk,Low Cross-Sell Opportunity,Priority 3
C000118,P006,Mutual Fund Plan,Investment,Wealth,0.1,10000,3,False,True,54858,407837,2142.47,52,16.7,0.669,5,0.682,0.4982,0.6,0.3333333333333333,0.539,0.461,-0.03,Core Active,Core Relationship Customer,Moderate Risk,Low Cross-Sell Opportunity,Priority 3
C000118,P007,Term Insurance,Insurance,Protection,0.0,500000,3,True,False,54858,407837,2142.47,52,16.7,0.669,5,0.682,0.4982,0.6,0.3333333333333333,0.539,0.461,-0.03,Core Active,Core Relationship Customer,Moderate Risk,Low Cross-Sell Opportunity,Priority 3
C000118,P008,Premium Banking,Banking,Premium,0.0,1000000,5,False,True,54858,407837,2142.47,52,16.7,0.669,5,0.682,0.4982,0.6,0.3333333333333333,0.539,0.461,-0.03,Core Active,Core Relationship Customer,Moderate Risk,Low Cross-Sell Opportunity,Priority 3
C000119,P003,Rewards Credit Card,Credit Card,Cards,0.28,30000,2,True,False,105009,328588,4483.26,50,10.8,0.919,3,0.749,0.51325,0.5,0.0,0.931,0.069,0.086,Premium High-Value,Premium Digital Customer,Low Risk,Moderate Cross-Sell Opportunity,Priority 3
C000119,P004,Personal Loan,Loan,Lending,0.115,75000,3,True,False,105009,328588,4483.26,50,10.8,0.919,3,0.749,0.51325,0.5,0.0,0.931,0.069,0.086,Premium High-Value,Premium Digital Customer,Low Risk,Moderate Cross-Sell Opportunity,Priority 3
C000119,P005,Home Loan,Loan,Lending,0.082,500000,4,False,True,105009,328588,4483.26,50,10.8,0.919,3,0.749,0.51325,0.5,0.0,0.931,0.069,0.086,Premium High-Value,Premium Digital Customer,Low Risk,Moderate Cross-Sell Opportunity,Priority 3
C000119,P006,Mutual Fund Plan,Investment,Wealth,0.1,10000,3,False,True,105009,328588,4483.26,50,10.8,0.919,3,0.749,0.51325,0.5,0.0,0.931,0.069,0.086,Premium High-Value,Premium Digital Customer,Low Risk,Moderate Cross-Sell Opportunity,Priority 3
C000119,P007,Term Insurance,Insurance,Protection,0.0,500000,3,False,True,105009,328588,4483.26,50,10.8,0.919,3,0.749,0.51325,0.5,0.0,0.931,0.069,0.086,Premium High-Value,Premium Digital Customer,Low Risk,Moderate Cross-Sell Opportunity,Priority 3
C000119,P008,Premium Banking,Banking,Premium,0.0,1000000,5,True,False,105009,328588,4483.26,50,10.8,0.919,3,0.749,0.51325,0.5,0.0,0.931,0.069,0.086,Premium High-Value,Premium Digital Customer,Low Risk,Moderate Cross-Sell Opportunity,Priority 3
C000120,P003,Rewards Credit Card,Credit Card,Cards,0.28,30000,2,True,False,176997,776210,6968.89,64,9.1,0.715,6,0.643,0.625,0.2,0.0,0.887,0.113,0.019,Premium High-Value,Premium Relationship Customer,Low Risk,Moderate Cross-Sell Opportunity,Priority 2
C000120,P004,Personal Loan,Loan,Lending,0.115,75000,3,True,False,176997,776210,6968.89,64,9.1,0.715,6,0.643,0.625,0.2,0.0,0.887,0.113,0.019,Premium High-Value,Premium Relationship Customer,Low Risk,Moderate Cross-Sell Opportunity,Priority 2
C000120,P005,Home Loan,Loan,Lending,0.082,500000,4,False,True,176997,776210,6968.89,64,9.1,0.715,6,0.643,0.625,0.2,0.0,0.887,0.113,0.019,Premium High-Value,Premium Relationship Customer,Low Risk,Moderate Cross-Sell Opportunity,Priority 2
C000120,P006,Mutual Fund Plan,Investment,Wealth,0.1,10000,3,True,False,176997,776210,6968.89,64,9.1,0.715,6,0.643,0.625,0.2,0.0,0.887,0.113,0.019,Premium High-Value,Premium Relationship Customer,Low Risk,Moderate Cross-Sell Opportunity,Priority 2
C000120,P007,Term Insurance,Insurance,Protection,0.0,500000,3,False,True,176997,776210,6968.89,64,9.1,0.715,6,0.643,0.625,0.2,0.0,0.887,0.113,0.019,Premium High-Value,Premium Relationship Customer,Low Risk,Moderate Cross-Sell Opportunity,Priority 2
C000120,P008,Premium Banking,Banking,Premium,0.0,1000000,5,True,False,176997,776210,6968.89,64,9.1,0.715,6,0.643,0.625,0.2,0.0,0.887,0.113,0.019,Premium High-Value,Premium Relationship Customer,Low Risk,Moderate Cross-Sell Opportunity,Priority 2
C000121,P003,Rewards Credit Card,Credit Card,Cards,0.28,30000,2,True,False,126099,1046756,3407.68,47,10.0,0.543,4,0.476,0.5583333333333332,0.3333333333333333,1.0,0.745,0.255,0.089,Premium High-Value,Premium Relationship Customer,Moderate Risk,Moderate Cross-Sell Opportunity,Priority 3
C000121,P004,Personal Loan,Loan,Lending,0.115,75000,3,True,False,126099,1046756,3407.68,47,10.0,0.543,4,0.476,0.5583333333333332,0.3333333333333333,1.0,0.745,0.255,0.089,Premium High-Value,Premium Relationship Customer,Moderate Risk,Moderate Cross-Sell Opportunity,Priority 3
C000121,P005,Home Loan,Loan,Lending,0.082,500000,4,False,True,126099,1046756,3407.68,47,10.0,0.543,4,0.476,0.5583333333333332,0.3333333333333333,1.0,0.745,0.255,0.089,Premium High-Value,Premium Relationship Customer,Moderate Risk,Moderate Cross-Sell Opportunity,Priority 3
C000121,P006,Mutual Fund Plan,Investment,Wealth,0.1,10000,3,True,False,126099,1046756,3407.68,47,10.0,0.543,4,0.476,0.5583333333333332,0.3333333333333333,1.0,0.745,0.255,0.089,Premium High-Value,Premium Relationship Customer,Moderate Risk,Moderate Cross-Sell Opportunity,Priority 3
C000121,P007,Term Insurance,Insurance,Protection,0.0,500000,3,False,True,126099,1046756,3407.68,47,10.0,0.543,4,0.476,0.5583333333333332,0.3333333333333333,1.0,0.745,0.255,0.089,Premium High-Value,Premium Relationship Customer,Moderate Risk,Moderate Cross-Sell Opportunity,Priority 3
C000121,P008,Premium Banking,Banking,Premium,0.0,1000000,5,False,True,126099,1046756,3407.68,47,10.0,0.543,4,0.476,0.5583333333333332,0.3333333333333333,1.0,0.745,0.255,0.089,Premium High-Value,Premium Relationship Customer,Moderate Risk,Moderate Cross-Sell Opportunity,Priority 3
C000122,P003,Rewards Credit Card,Credit Card,Cards,0.28,30000,2,False,True,73794,346669,3253.89,43,7.9,0.579,2,0.591,0.3575,0.5,0.0,0.709,0.291,-0.234,Core Active,Core Relationship Customer,Moderate Risk,Moderate Cross-Sell Opportunity,Priority 3
C000122,P004,Personal Loan,Loan,Lending,0.115,75000,3,True,False,73794,346669,3253.89,43,7.9,0.579,2,0.591,0.3575,0.5,0.0,0.709,0.291,-0.234,Core Active,Core Relationship Customer,Moderate Risk,Moderate Cross-Sell Opportunity,Priority 3
C000122,P005,Home Loan,Loan,Lending,0.082,500000,4,False,True,73794,346669,3253.89,43,7.9,0.579,2,0.591,0.3575,0.5,0.0,0.709,0.291,-0.234,Core Active,Core Relationship Customer,Moderate Risk,Moderate Cross-Sell Opportunity,Priority 3
C000122,P006,Mutual Fund Plan,Investment,Wealth,0.1,10000,3,False,True,73794,346669,3253.89,43,7.9,0.579,2,0.591,0.3575,0.5,0.0,0.709,0.291,-0.234,Core Active,Core Relationship Customer,Moderate Risk,Moderate Cross-Sell Opportunity,Priority 3
C000122,P007,Term Insurance,Insurance,Protection,0.0,500000,3,False,True,73794,346669,3253.89,43,7.9,0.579,2,0.591,0.3575,0.5,0.0,0.709,0.291,-0.234,Core Active,Core Relationship Customer,Moderate Risk,Moderate Cross-Sell Opportunity,Priority 3
C000122,P008,Premium Banking,Banking,Premium,0.0,1000000,5,False,True,73794,346669,3253.89,43,7.9,0.579,2,0.591,0.3575,0.5,0.0,0.709,0.291,-0.234,Core Active,Core Relationship Customer,Moderate Risk,Moderate Cross-Sell Opportunity,Priority 3
C000123,P003,Rewards Credit Card,Credit Card,Cards,0.28,30000,2,True,False,84140,176801,3646.83,22,71.6,0.129,2,0.428,0.298,0.5,0.0,0.726,0.274,-0.123,At Risk,At-Risk Declining Customer,Critical Risk,Low Cross-Sell Opportunity,Priority 4
C000123,P004,Personal Loan,Loan,Lending,0.115,75000,3,False,True,84140,176801,3646.83,22,71.6,0.129,2,0.428,0.298,0.5,0.0,0.726,0.274,-0.123,At Risk,At-Risk Declining Customer,Critical Risk,Low Cross-Sell Opportunity,Priority 4
C000123,P005,Home Loan,Loan,Lending,0.082,500000,4,False,True,84140,176801,3646.83,22,71.6,0.129,2,0.428,0.298,0.5,0.0,0.726,0.274,-0.123,At Risk,At-Risk Declining Customer,Critical Risk,Low Cross-Sell Opportunity,Priority 4
C000123,P006,Mutual Fund Plan,Investment,Wealth,0.1,10000,3,False,True,84140,176801,3646.83,22,71.6,0.129,2,0.428,0.298,0.5,0.0,0.726,0.274,-0.123,At Risk,At-Risk Declining Customer,Critical Risk,Low Cross-Sell Opportunity,Priority 4
C000123,P007,Term Insurance,Insurance,Protection,0.0,500000,3,True,False,84140,176801,3646.83,22,71.6,0.129,2,0.428,0.298,0.5,0.0,0.726,0.274,-0.123,At Risk,At-Risk Declining Customer,Critical Risk,Low Cross-Sell Opportunity,Priority 4
C000123,P008,Premium Banking,Banking,Premium,0.0,1000000,5,False,True,84140,176801,3646.83,22,71.6,0.129,2,0.428,0.298,0.5,0.0,0.726,0.274,-0.123,At Risk,At-Risk Declining Customer,Critical Risk,Low Cross-Sell Opportunity,Priority 4
C000124,P003,Rewards Credit Card,Credit Card,Cards,0.28,30000,2,True,False,118254,1056956,4648.46,37,6.0,0.607,5,0.827,0.669,0.0,0.0,0.704,0.296,0.104,Premium High-Value,Premium Relationship Customer,Low Risk,Moderate Cross-Sell Opportunity,Priority 2
C000124,P004,Personal Loan,Loan,Lending,0.115,75000,3,False,True,118254,1056956,4648.46,37,6.0,0.607,5,0.827,0.669,0.0,0.0,0.704,0.296,0.104,Premium High-Value,Premium Relationship Customer,Low Risk,Moderate Cross-Sell Opportunity,Priority 2
C000124,P005,Home Loan,Loan,Lending,0.082,500000,4,True,False,118254,1056956,4648.46,37,6.0,0.607,5,0.827,0.669,0.0,0.0,0.704,0.296,0.104,Premium High-Value,Premium Relationship Customer,Low Risk,Moderate Cross-Sell Opportunity,Priority 2
C000124,P006,Mutual Fund Plan,Investment,Wealth,0.1,10000,3,False,True,118254,1056956,4648.46,37,6.0,0.607,5,0.827,0.669,0.0,0.0,0.704,0.296,0.104,Premium High-Value,Premium Relationship Customer,Low Risk,Moderate Cross-Sell Opportunity,Priority 2
C000124,P007,Term Insurance,Insurance,Protection,0.0,500000,3,False,True,118254,1056956,4648.46,37,6.0,0.607,5,0.827,0.669,0.0,0.0,0.704,0.296,0.104,Premium High-Value,Premium Relationship Customer,Low Risk,Moderate Cross-Sell Opportunity,Priority 2
C000124,P008,Premium Banking,Banking,Premium,0.0,1000000,5,True,False,118254,1056956,4648.46,37,6.0,0.607,5,0.827,0.669,0.0,0.0,0.704,0.296,0.104,Premium High-Value,Premium Relationship Customer,Low Risk,Moderate Cross-Sell Opportunity,Priority 2
C000125,P003,Rewards Credit Card,Credit Card,Cards,0.28,30000,2,True,False,100033,361871,5461.63,48,9.7,0.355,2,0.539,0.4585,0.5,0.0,0.67,0.33,-0.081,Core Active,Core High-Activity Customer,Moderate Risk,Moderate Cross-Sell Opportunity,Priority 3
C000125,P004,Personal Loan,Loan,Lending,0.115,75000,3,False,True,100033,361871,5461.63,48,9.7,0.355,2,0.539,0.4585,0.5,0.0,0.67,0.33,-0.081,Core Active,Core High-Activity Customer,Moderate Risk,Moderate Cross-Sell Opportunity,Priority 3
C000125,P005,Home Loan,Loan,Lending,0.082,500000,4,False,True,100033,361871,5461.63,48,9.7,0.355,2,0.539,0.4585,0.5,0.0,0.67,0.33,-0.081,Core Active,Core High-Activity Customer,Moderate Risk,Moderate Cross-Sell Opportunity,Priority 3
C000125,P006,Mutual Fund Plan,Investment,Wealth,0.1,10000,3,False,True,100033,361871,5461.63,48,9.7,0.355,2,0.539,0.4585,0.5,0.0,0.67,0.33,-0.081,Core Active,Core High-Activity Customer,Moderate Risk,Moderate Cross-Sell Opportunity,Priority 3
C000125,P007,Term Insurance,Insurance,Protection,0.0,500000,3,False,True,100033,361871,5461.63,48,9.7,0.355,2,0.539,0.4585,0.5,0.0,0.67,0.33,-0.081,Core Active,Core High-Activity Customer,Moderate Risk,Moderate Cross-Sell Opportunity,Priority 3
C000125,P008,Premium Banking,Banking,Premium,0.0,1000000,5,False,True,100033,361871,5461.63,48,9.7,0.355,2,0.539,0.4585,0.5,0.0,0.67,0.33,-0.081,Core Active,Core High-Activity Customer,Moderate Risk,Moderate Cross-Sell Opportunity,Priority 3
C000126,P003,Rewards Credit Card,Credit Card,Cards,0.28,30000,2,False,True,78939,260950,2670.71,14,125.4,0.233,2,0.21,0.3612,0.4,0.5,0.658,0.342,-0.174,Dormant / Declining,Dormant Reactivation Target,Critical Risk,Low Cross-Sell Opportunity,Priority 4
C000126,P004,Personal Loan,Loan,Lending,0.115,75000,3,False,True,78939,260950,2670.71,14,125.4,0.233,2,0.21,0.3612,0.4,0.5,0.658,0.342,-0.174,Dormant / Declining,Dormant Reactivation Target,Critical Risk,Low Cross-Sell Opportunity,Priority 4
C000126,P005,Home Loan,Loan,Lending,0.082,500000,4,False,True,78939,260950,2670.71,14,125.4,0.233,2,0.21,0.3612,0.4,0.5,0.658,0.342,-0.174,Dormant / Declining,Dormant Reactivation Target,Critical Risk,Low Cross-Sell Opportunity,Priority 4
C000126,P006,Mutual Fund Plan,Investment,Wealth,0.1,10000,3,True,False,78939,260950,2670.71,14,125.4,0.233,2,0.21,0.3612,0.4,0.5,0.658,0.342,-0.174,Dormant / Declining,Dormant Reactivation Target,Critical Risk,Low Cross-Sell Opportunity,Priority 4
C000126,P007,Term Insurance,Insurance,Protection,0.0,500000,3,False,True,78939,260950,2670.71,14,125.4,0.233,2,0.21,0.3612,0.4,0.5,0.658,0.342,-0.174,Dormant / Declining,Dormant Reactivation Target,Critical Risk,Low Cross-Sell Opportunity,Priority 4
C000126,P008,Premium Banking,Banking,Premium,0.0,1000000,5,False,True,78939,260950,2670.71,14,125.4,0.233,2,0.21,0.3612,0.4,0.5,0.658,0.342,-0.174,Dormant / Declining,Dormant Reactivation Target,Critical Risk,Low Cross-Sell Opportunity,Priority 4
C000127,P003,Rewards Credit Card,Credit Card,Cards,0.28,30000,2,True,False,118948,659379,4850.79,56,1.7,0.818,4,0.738,0.5745,0.5,0.0,0.58,0.42,-0.162,Premium High-Value,Premium Digital Customer,Low Risk,Moderate Cross-Sell Opportunity,Priority 2
C000127,P004,Personal Loan,Loan,Lending,0.115,75000,3,True,False,118948,659379,4850.79,56,1.7,0.818,4,0.738,0.5745,0.5,0.0,0.58,0.42,-0.162,Premium High-Value,Premium Digital Customer,Low Risk,Moderate Cross-Sell Opportunity,Priority 2
C000127,P005,Home Loan,Loan,Lending,0.082,500000,4,False,True,118948,659379,4850.79,56,1.7,0.818,4,0.738,0.5745,0.5,0.0,0.58,0.42,-0.162,Premium High-Value,Premium Digital Customer,Low Risk,Moderate Cross-Sell Opportunity,Priority 2
C000127,P006,Mutual Fund Plan,Investment,Wealth,0.1,10000,3,False,True,118948,659379,4850.79,56,1.7,0.818,4,0.738,0.5745,0.5,0.0,0.58,0.42,-0.162,Premium High-Value,Premium Digital Customer,Low Risk,Moderate Cross-Sell Opportunity,Priority 2
C000127,P007,Term Insurance,Insurance,Protection,0.0,500000,3,False,True,118948,659379,4850.79,56,1.7,0.818,4,0.738,0.5745,0.5,0.0,0.58,0.42,-0.162,Premium High-Value,Premium Digital Customer,Low Risk,Moderate Cross-Sell Opportunity,Priority 2
C000127,P008,Premium Banking,Banking,Premium,0.0,1000000,5,False,True,118948,659379,4850.79,56,1.7,0.818,4,0.738,0.5745,0.5,0.0,0.58,0.42,-0.162,Premium High-Value,Premium Digital Customer,Low Risk,Moderate Cross-Sell Opportunity,Priority 2
C000128,P003,Rewards Credit Card,Credit Card,Cards,0.28,30000,2,True,False,79615,299497,2956.62,32,10.8,0.194,3,0.439,0.264,0.0,0.0,0.637,0.363,0.124,Core Active,Core Relationship Customer,Moderate Risk,Low Cross-Sell Opportunity,Priority 4
C000128,P004,Personal Loan,Loan,Lending,0.115,75000,3,False,True,79615,299497,2956.62,32,10.8,0.194,3,0.439,0.264,0.0,0.0,0.637,0.363,0.124,Core Active,Core Relationship Customer,Moderate Risk,Low Cross-Sell Opportunity,Priority 4
C000128,P005,Home Loan,Loan,Lending,0.082,500000,4,False,True,79615,299497,2956.62,32,10.8,0.194,3,0.439,0.264,0.0,0.0,0.637,0.363,0.124,Core Active,Core Relationship Customer,Moderate Risk,Low Cross-Sell Opportunity,Priority 4
C000128,P006,Mutual Fund Plan,Investment,Wealth,0.1,10000,3,False,True,79615,299497,2956.62,32,10.8,0.194,3,0.439,0.264,0.0,0.0,0.637,0.363,0.124,Core Active,Core Relationship Customer,Moderate Risk,Low Cross-Sell Opportunity,Priority 4
C000128,P007,Term Insurance,Insurance,Protection,0.0,500000,3,True,False,79615,299497,2956.62,32,10.8,0.194,3,0.439,0.264,0.0,0.0,0.637,0.363,0.124,Core Active,Core Relationship Customer,Moderate Risk,Low Cross-Sell Opportunity,Priority 4
C000128,P008,Premium Banking,Banking,Premium,0.0,1000000,5,False,True,79615,299497,2956.62,32,10.8,0.194,3,0.439,0.264,0.0,0.0,0.637,0.363,0.124,Core Active,Core Relationship Customer,Moderate Risk,Low Cross-Sell Opportunity,Priority 4
C000129,P003,Rewards Credit Card,Credit Card,Cards,0.28,30000,2,True,False,113001,768342,4091.63,40,5.1,0.557,3,0.728,0.41,0.0,0.0,0.688,0.312,0.019,Core Active,Core Relationship Customer,Low Risk,Moderate Cross-Sell Opportunity,Priority 2
C000129,P004,Personal Loan,Loan,Lending,0.115,75000,3,False,True,113001,768342,4091.63,40,5.1,0.557,3,0.728,0.41,0.0,0.0,0.688,0.312,0.019,Core Active,Core Relationship Customer,Low Risk,Moderate Cross-Sell Opportunity,Priority 2
C000129,P005,Home Loan,Loan,Lending,0.082,500000,4,False,True,113001,768342,4091.63,40,5.1,0.557,3,0.728,0.41,0.0,0.0,0.688,0.312,0.019,Core Active,Core Relationship Customer,Low Risk,Moderate Cross-Sell Opportunity,Priority 2
C000129,P006,Mutual Fund Plan,Investment,Wealth,0.1,10000,3,False,True,113001,768342,4091.63,40,5.1,0.557,3,0.728,0.41,0.0,0.0,0.688,0.312,0.019,Core Active,Core Relationship Customer,Low Risk,Moderate Cross-Sell Opportunity,Priority 2
C000129,P007,Term Insurance,Insurance,Protection,0.0,500000,3,False,True,113001,768342,4091.63,40,5.1,0.557,3,0.728,0.41,0.0,0.0,0.688,0.312,0.019,Core Active,Core Relationship Customer,Low Risk,Moderate Cross-Sell Opportunity,Priority 2
C000129,P008,Premium Banking,Banking,Premium,0.0,1000000,5,False,True,113001,768342,4091.63,40,5.1,0.557,3,0.728,0.41,0.0,0.0,0.688,0.312,0.019,Core Active,Core Relationship Customer,Low Risk,Moderate Cross-Sell Opportunity,Priority 2
C000130,P003,Rewards Credit Card,Credit Card,Cards,0.28,30000,2,True,False,88412,207498,4399.27,48,11.0,0.649,2,0.463,0.297,0.0,0.0,0.706,0.294,0.024,Core Active,Core Relationship Customer,Moderate Risk,Moderate Cross-Sell Opportunity,Priority 3
C000130,P004,Personal Loan,Loan,Lending,0.115,75000,3,False,True,88412,207498,4399.27,48,11.0,0.649,2,0.463,0.297,0.0,0.0,0.706,0.294,0.024,Core Active,Core Relationship Customer,Moderate Risk,Moderate Cross-Sell Opportunity,Priority 3
C000130,P005,Home Loan,Loan,Lending,0.082,500000,4,False,True,88412,207498,4399.27,48,11.0,0.649,2,0.463,0.297,0.0,0.0,0.706,0.294,0.024,Core Active,Core Relationship Customer,Moderate Risk,Moderate Cross-Sell Opportunity,Priority 3
C000130,P006,Mutual Fund Plan,Investment,Wealth,0.1,10000,3,False,True,88412,207498,4399.27,48,11.0,0.649,2,0.463,0.297,0.0,0.0,0.706,0.294,0.024,Core Active,Core Relationship Customer,Moderate Risk,Moderate Cross-Sell Opportunity,Priority 3
C000130,P007,Term Insurance,Insurance,Protection,0.0,500000,3,False,True,88412,207498,4399.27,48,11.0,0.649,2,0.463,0.297,0.0,0.0,0.706,0.294,0.024,Core Active,Core Relationship Customer,Moderate Risk,Moderate Cross-Sell Opportunity,Priority 3
C000130,P008,Premium Banking,Banking,Premium,0.0,1000000,5,False,True,88412,207498,4399.27,48,11.0,0.649,2,0.463,0.297,0.0,0.0,0.706,0.294,0.024,Core Active,Core Relationship Customer,Moderate Risk,Moderate Cross-Sell Opportunity,Priority 3
C000131,P003,Rewards Credit Card,Credit Card,Cards,0.28,30000,2,True,False,83423,130450,3893.8,46,5.6,0.888,3,0.681,0.349,0.75,0.3333333333333333,0.659,0.341,0.039,Core Active,Core Digital Customer,Low Risk,Moderate Cross-Sell Opportunity,Priority 2
C000131,P004,Personal Loan,Loan,Lending,0.115,75000,3,True,False,83423,130450,3893.8,46,5.6,0.888,3,0.681,0.349,0.75,0.3333333333333333,0.659,0.341,0.039,Core Active,Core Digital Customer,Low Risk,Moderate Cross-Sell Opportunity,Priority 2
C000131,P005,Home Loan,Loan,Lending,0.082,500000,4,False,True,83423,130450,3893.8,46,5.6,0.888,3,0.681,0.349,0.75,0.3333333333333333,0.659,0.341,0.039,Core Active,Core Digital Customer,Low Risk,Moderate Cross-Sell Opportunity,Priority 2
C000131,P006,Mutual Fund Plan,Investment,Wealth,0.1,10000,3,False,True,83423,130450,3893.8,46,5.6,0.888,3,0.681,0.349,0.75,0.3333333333333333,0.659,0.341,0.039,Core Active,Core Digital Customer,Low Risk,Moderate Cross-Sell Opportunity,Priority 2
C000131,P007,Term Insurance,Insurance,Protection,0.0,500000,3,False,True,83423,130450,3893.8,46,5.6,0.888,3,0.681,0.349,0.75,0.3333333333333333,0.659,0.341,0.039,Core Active,Core Digital Customer,Low Risk,Moderate Cross-Sell Opportunity,Priority 2
C000131,P008,Premium Banking,Banking,Premium,0.0,1000000,5,False,True,83423,130450,3893.8,46,5.6,0.888,3,0.681,0.349,0.75,0.3333333333333333,0.659,0.341,0.039,Core Active,Core Digital Customer,Low Risk,Moderate Cross-Sell Opportunity,Priority 2
C000132,P003,Rewards Credit Card,Credit Card,Cards,0.28,30000,2,True,False,348173,790657,14521.32,67,1.9,0.99,4,0.559,0.755,0.6666666666666666,0.5,0.797,0.203,-0.062,Premium High-Value,Premium Digital Customer,Low Risk,Moderate Cross-Sell Opportunity,Priority 2
C000132,P004,Personal Loan,Loan,Lending,0.115,75000,3,False,True,348173,790657,14521.32,67,1.9,0.99,4,0.559,0.755,0.6666666666666666,0.5,0.797,0.203,-0.062,Premium High-Value,Premium Digital Customer,Low Risk,Moderate Cross-Sell Opportunity,Priority 2
C000132,P005,Home Loan,Loan,Lending,0.082,500000,4,False,True,348173,790657,14521.32,67,1.9,0.99,4,0.559,0.755,0.6666666666666666,0.5,0.797,0.203,-0.062,Premium High-Value,Premium Digital Customer,Low Risk,Moderate Cross-Sell Opportunity,Priority 2
C000132,P006,Mutual Fund Plan,Investment,Wealth,0.1,10000,3,True,False,348173,790657,14521.32,67,1.9,0.99,4,0.559,0.755,0.6666666666666666,0.5,0.797,0.203,-0.062,Premium High-Value,Premium Digital Customer,Low Risk,Moderate Cross-Sell Opportunity,Priority 2
C000132,P007,Term Insurance,Insurance,Protection,0.0,500000,3,False,True,348173,790657,14521.32,67,1.9,0.99,4,0.559,0.755,0.6666666666666666,0.5,0.797,0.203,-0.062,Premium High-Value,Premium Digital Customer,Low Risk,Moderate Cross-Sell Opportunity,Priority 2
C000132,P008,Premium Banking,Banking,Premium,0.0,1000000,5,False,True,348173,790657,14521.32,67,1.9,0.99,4,0.559,0.755,0.6666666666666666,0.5,0.797,0.203,-0.062,Premium High-Value,Premium Digital Customer,Low Risk,Moderate Cross-Sell Opportunity,Priority 2
C000133,P003,Rewards Credit Card,Credit Card,Cards,0.28,30000,2,True,False,53527,419729,2342.0,40,5.1,0.962,2,0.501,0.476,0.3333333333333333,1.0,0.593,0.407,-0.09,Core Active,Core Digital Customer,Moderate Risk,Moderate Cross-Sell Opportunity,Priority 2
C000133,P004,Personal Loan,Loan,Lending,0.115,75000,3,False,True,53527,419729,2342.0,40,5.1,0.962,2,0.501,0.476,0.3333333333333333,1.0,0.593,0.407,-0.09,Core Active,Core Digital Customer,Moderate Risk,Moderate Cross-Sell Opportunity,Priority 2
C000133,P005,Home Loan,Loan,Lending,0.082,500000,4,False,True,53527,419729,2342.0,40,5.1,0.962,2,0.501,0.476,0.3333333333333333,1.0,0.593,0.407,-0.09,Core Active,Core Digital Customer,Moderate Risk,Moderate Cross-Sell Opportunity,Priority 2
C000133,P006,Mutual Fund Plan,Investment,Wealth,0.1,10000,3,False,True,53527,419729,2342.0,40,5.1,0.962,2,0.501,0.476,0.3333333333333333,1.0,0.593,0.407,-0.09,Core Active,Core Digital Customer,Moderate Risk,Moderate Cross-Sell Opportunity,Priority 2
C000133,P007,Term Insurance,Insurance,Protection,0.0,500000,3,False,True,53527,419729,2342.0,40,5.1,0.962,2,0.501,0.476,0.3333333333333333,1.0,0.593,0.407,-0.09,Core Active,Core Digital Customer,Moderate Risk,Moderate Cross-Sell Opportunity,Priority 2
C000133,P008,Premium Banking,Banking,Premium,0.0,1000000,5,False,True,53527,419729,2342.0,40,5.1,0.962,2,0.501,0.476,0.3333333333333333,1.0,0.593,0.407,-0.09,Core Active,Core Digital Customer,Moderate Risk,Moderate Cross-Sell Opportunity,Priority 2
C000134,P003,Rewards Credit Card,Credit Card,Cards,0.28,30000,2,True,False,121788,1149747,7680.12,66,16.5,0.554,4,0.501,0.7595000000000001,0.5,0.0,0.492,0.508,0.112,Premium High-Value,Premium Relationship Customer,Moderate Risk,Moderate Cross-Sell Opportunity,Priority 2
C000134,P004,Personal Loan,Loan,Lending,0.115,75000,3,True,False,121788,1149747,7680.12,66,16.5,0.554,4,0.501,0.7595000000000001,0.5,0.0,0.492,0.508,0.112,Premium High-Value,Premium Relationship Customer,Moderate Risk,Moderate Cross-Sell Opportunity,Priority 2
C000134,P005,Home Loan,Loan,Lending,0.082,500000,4,False,True,121788,1149747,7680.12,66,16.5,0.554,4,0.501,0.7595000000000001,0.5,0.0,0.492,0.508,0.112,Premium High-Value,Premium Relationship Customer,Moderate Risk,Moderate Cross-Sell Opportunity,Priority 2
C000134,P006,Mutual Fund Plan,Investment,Wealth,0.1,10000,3,False,True,121788,1149747,7680.12,66,16.5,0.554,4,0.501,0.7595000000000001,0.5,0.0,0.492,0.508,0.112,Premium High-Value,Premium Relationship Customer,Moderate Risk,Moderate Cross-Sell Opportunity,Priority 2
C000134,P007,Term Insurance,Insurance,Protection,0.0,500000,3,False,True,121788,1149747,7680.12,66,16.5,0.554,4,0.501,0.7595000000000001,0.5,0.0,0.492,0.508,0.112,Premium High-Value,Premium Relationship Customer,Moderate Risk,Moderate Cross-Sell Opportunity,Priority 2
C000134,P008,Premium Banking,Banking,Premium,0.0,1000000,5,True,False,121788,1149747,7680.12,66,16.5,0.554,4,0.501,0.7595000000000001,0.5,0.0,0.492,0.508,0.112,Premium High-Value,Premium Relationship Customer,Moderate Risk,Moderate Cross-Sell Opportunity,Priority 2
C000135,P003,Rewards Credit Card,Credit Card,Cards,0.28,30000,2,False,True,58706,383974,2069.53,30,0.9,0.709,1,0.702,0.4544,0.4,0.5,0.587,0.413,-0.161,Core Active,Core Digital Customer,Moderate Risk,Moderate Cross-Sell Opportunity,Priority 2
C000135,P004,Personal Loan,Loan,Lending,0.115,75000,3,False,True,58706,383974,2069.53,30,0.9,0.709,1,0.702,0.4544,0.4,0.5,0.587,0.413,-0.161,Core Active,Core Digital Customer,Moderate Risk,Moderate Cross-Sell Opportunity,Priority 2
C000135,P005,Home Loan,Loan,Lending,0.082,500000,4,False,True,58706,383974,2069.53,30,0.9,0.709,1,0.702,0.4544,0.4,0.5,0.587,0.413,-0.161,Core Active,Core Digital Customer,Moderate Risk,Moderate Cross-Sell Opportunity,Priority 2
C000135,P006,Mutual Fund Plan,Investment,Wealth,0.1,10000,3,False,True,58706,383974,2069.53,30,0.9,0.709,1,0.702,0.4544,0.4,0.5,0.587,0.413,-0.161,Core Active,Core Digital Customer,Moderate Risk,Moderate Cross-Sell Opportunity,Priority 2
C000135,P007,Term Insurance,Insurance,Protection,0.0,500000,3,False,True,58706,383974,2069.53,30,0.9,0.709,1,0.702,0.4544,0.4,0.5,0.587,0.413,-0.161,Core Active,Core Digital Customer,Moderate Risk,Moderate Cross-Sell Opportunity,Priority 2
C000135,P008,Premium Banking,Banking,Premium,0.0,1000000,5,False,True,58706,383974,2069.53,30,0.9,0.709,1,0.702,0.4544,0.4,0.5,0.587,0.413,-0.161,Core Active,Core Digital Customer,Moderate Risk,Moderate Cross-Sell Opportunity,Priority 2
C000136,P003,Rewards Credit Card,Credit Card,Cards,0.28,30000,2,True,False,64223,10000,1531.65,10,20.9,0.319,4,0.365,0.4136666666666667,0.3333333333333333,0.0,0.786,0.214,-0.194,Core Active,Core Relationship Customer,Critical Risk,Low Cross-Sell Opportunity,Priority 4
C000136,P004,Personal Loan,Loan,Lending,0.115,75000,3,True,False,64223,10000,1531.65,10,20.9,0.319,4,0.365,0.4136666666666667,0.3333333333333333,0.0,0.786,0.214,-0.194,Core Active,Core Relationship Customer,Critical Risk,Low Cross-Sell Opportunity,Priority 4
C000136,P005,Home Loan,Loan,Lending,0.082,500000,4,False,True,64223,10000,1531.65,10,20.9,0.319,4,0.365,0.4136666666666667,0.3333333333333333,0.0,0.786,0.214,-0.194,Core Active,Core Relationship Customer,Critical Risk,Low Cross-Sell Opportunity,Priority 4
C000136,P006,Mutual Fund Plan,Investment,Wealth,0.1,10000,3,False,True,64223,10000,1531.65,10,20.9,0.319,4,0.365,0.4136666666666667,0.3333333333333333,0.0,0.786,0.214,-0.194,Core Active,Core Relationship Customer,Critical Risk,Low Cross-Sell Opportunity,Priority 4
C000136,P007,Term Insurance,Insurance,Protection,0.0,500000,3,True,False,64223,10000,1531.65,10,20.9,0.319,4,0.365,0.4136666666666667,0.3333333333333333,0.0,0.786,0.214,-0.194,Core Active,Core Relationship Customer,Critical Risk,Low Cross-Sell Opportunity,Priority 4
C000136,P008,Premium Banking,Banking,Premium,0.0,1000000,5,False,True,64223,10000,1531.65,10,20.9,0.319,4,0.365,0.4136666666666667,0.3333333333333333,0.0,0.786,0.214,-0.194,Core Active,Core Relationship Customer,Critical Risk,Low Cross-Sell Opportunity,Priority 4
C000137,P003,Rewards Credit Card,Credit Card,Cards,0.28,30000,2,True,False,83511,300790,4000.0,35,12.5,0.468,1,0.284,0.346,0.0,0.0,0.669,0.331,-0.095,Core Active,Core Relationship Customer,High Risk,Moderate Cross-Sell Opportunity,Priority 3
C000137,P004,Personal Loan,Loan,Lending,0.115,75000,3,False,True,83511,300790,4000.0,35,12.5,0.468,1,0.284,0.346,0.0,0.0,0.669,0.331,-0.095,Core Active,Core Relationship Customer,High Risk,Moderate Cross-Sell Opportunity,Priority 3
C000137,P005,Home Loan,Loan,Lending,0.082,500000,4,False,True,83511,300790,4000.0,35,12.5,0.468,1,0.284,0.346,0.0,0.0,0.669,0.331,-0.095,Core Active,Core Relationship Customer,High Risk,Moderate Cross-Sell Opportunity,Priority 3
C000137,P006,Mutual Fund Plan,Investment,Wealth,0.1,10000,3,False,True,83511,300790,4000.0,35,12.5,0.468,1,0.284,0.346,0.0,0.0,0.669,0.331,-0.095,Core Active,Core Relationship Customer,High Risk,Moderate Cross-Sell Opportunity,Priority 3
C000137,P007,Term Insurance,Insurance,Protection,0.0,500000,3,False,True,83511,300790,4000.0,35,12.5,0.468,1,0.284,0.346,0.0,0.0,0.669,0.331,-0.095,Core Active,Core Relationship Customer,High Risk,Moderate Cross-Sell Opportunity,Priority 3
C000137,P008,Premium Banking,Banking,Premium,0.0,1000000,5,False,True,83511,300790,4000.0,35,12.5,0.468,1,0.284,0.346,0.0,0.0,0.669,0.331,-0.095,Core Active,Core Relationship Customer,High Risk,Moderate Cross-Sell Opportunity,Priority 3
C000138,P003,Rewards Credit Card,Credit Card,Cards,0.28,30000,2,False,True,69000,173393,2538.34,32,24.4,0.708,1,0.54,0.4603333333333333,0.6666666666666666,0.0,0.65,0.35,-0.091,Core Active,Core Relationship Customer,High Risk,Moderate Cross-Sell Opportunity,Priority 3
C000138,P004,Personal Loan,Loan,Lending,0.115,75000,3,False,True,69000,173393,2538.34,32,24.4,0.708,1,0.54,0.4603333333333333,0.6666666666666666,0.0,0.65,0.35,-0.091,Core Active,Core Relationship Customer,High Risk,Moderate Cross-Sell Opportunity,Priority 3
C000138,P005,Home Loan,Loan,Lending,0.082,500000,4,False,True,69000,173393,2538.34,32,24.4,0.708,1,0.54,0.4603333333333333,0.6666666666666666,0.0,0.65,0.35,-0.091,Core Active,Core Relationship Customer,High Risk,Moderate Cross-Sell Opportunity,Priority 3
C000138,P006,Mutual Fund Plan,Investment,Wealth,0.1,10000,3,False,True,69000,173393,2538.34,32,24.4,0.708,1,0.54,0.4603333333333333,0.6666666666666666,0.0,0.65,0.35,-0.091,Core Active,Core Relationship Customer,High Risk,Moderate Cross-Sell Opportunity,Priority 3
C000138,P007,Term Insurance,Insurance,Protection,0.0,500000,3,False,True,69000,173393,2538.34,32,24.4,0.708,1,0.54,0.4603333333333333,0.6666666666666666,0.0,0.65,0.35,-0.091,Core Active,Core Relationship Customer,High Risk,Moderate Cross-Sell Opportunity,Priority 3
C000138,P008,Premium Banking,Banking,Premium,0.0,1000000,5,False,True,69000,173393,2538.34,32,24.4,0.708,1,0.54,0.4603333333333333,0.6666666666666666,0.0,0.65,0.35,-0.091,Core Active,Core Relationship Customer,High Risk,Moderate Cross-Sell Opportunity,Priority 3
C000139,P003,Rewards Credit Card,Credit Card,Cards,0.28,30000,2,False,True,171349,819572,4968.35,59,16.1,0.447,2,0.635,0.5514,0.0,0.0,0.634,0.366,0.031,Premium High-Value,Premium Relationship Customer,Moderate Risk,Moderate Cross-Sell Opportunity,Priority 3
C000139,P004,Personal Loan,Loan,Lending,0.115,75000,3,False,True,171349,819572,4968.35,59,16.1,0.447,2,0.635,0.5514,0.0,0.0,0.634,0.366,0.031,Premium High-Value,Premium Relationship Customer,Moderate Risk,Moderate Cross-Sell Opportunity,Priority 3
C000139,P005,Home Loan,Loan,Lending,0.082,500000,4,False,True,171349,819572,4968.35,59,16.1,0.447,2,0.635,0.5514,0.0,0.0,0.634,0.366,0.031,Premium High-Value,Premium Relationship Customer,Moderate Risk,Moderate Cross-Sell Opportunity,Priority 3
C000139,P006,Mutual Fund Plan,Investment,Wealth,0.1,10000,3,False,True,171349,819572,4968.35,59,16.1,0.447,2,0.635,0.5514,0.0,0.0,0.634,0.366,0.031,Premium High-Value,Premium Relationship Customer,Moderate Risk,Moderate Cross-Sell Opportunity,Priority 3
C000139,P007,Term Insurance,Insurance,Protection,0.0,500000,3,True,False,171349,819572,4968.35,59,16.1,0.447,2,0.635,0.5514,0.0,0.0,0.634,0.366,0.031,Premium High-Value,Premium Relationship Customer,Moderate Risk,Moderate Cross-Sell Opportunity,Priority 3
C000139,P008,Premium Banking,Banking,Premium,0.0,1000000,5,False,True,171349,819572,4968.35,59,16.1,0.447,2,0.635,0.5514,0.0,0.0,0.634,0.366,0.031,Premium High-Value,Premium Relationship Customer,Moderate Risk,Moderate Cross-Sell Opportunity,Priority 3
C000140,P003,Rewards Credit Card,Credit Card,Cards,0.28,30000,2,True,False,98895,370554,4485.03,28,5.2,0.814,2,0.429,0.475,0.2,0.0,0.665,0.335,0.055,Core Active,Core Relationship Customer,Moderate Risk,Moderate Cross-Sell Opportunity,Priority 2
C000140,P004,Personal Loan,Loan,Lending,0.115,75000,3,False,True,98895,370554,4485.03,28,5.2,0.814,2,0.429,0.475,0.2,0.0,0.665,0.335,0.055,Core Active,Core Relationship Customer,Moderate Risk,Moderate Cross-Sell Opportunity,Priority 2
C000140,P005,Home Loan,Loan,Lending,0.082,500000,4,False,True,98895,370554,4485.03,28,5.2,0.814,2,0.429,0.475,0.2,0.0,0.665,0.335,0.055,Core Active,Core Relationship Customer,Moderate Risk,Moderate Cross-Sell Opportunity,Priority 2
C000140,P006,Mutual Fund Plan,Investment,Wealth,0.1,10000,3,False,True,98895,370554,4485.03,28,5.2,0.814,2,0.429,0.475,0.2,0.0,0.665,0.335,0.055,Core Active,Core Relationship Customer,Moderate Risk,Moderate Cross-Sell Opportunity,Priority 2
C000140,P007,Term Insurance,Insurance,Protection,0.0,500000,3,False,True,98895,370554,4485.03,28,5.2,0.814,2,0.429,0.475,0.2,0.0,0.665,0.335,0.055,Core Active,Core Relationship Customer,Moderate Risk,Moderate Cross-Sell Opportunity,Priority 2
C000140,P008,Premium Banking,Banking,Premium,0.0,1000000,5,False,True,98895,370554,4485.03,28,5.2,0.814,2,0.429,0.475,0.2,0.0,0.665,0.335,0.055,Core Active,Core Relationship Customer,Moderate Risk,Moderate Cross-Sell Opportunity,Priority 2
C000141,P003,Rewards Credit Card,Credit Card,Cards,0.28,30000,2,True,False,57018,739882,2618.43,41,15.0,0.532,3,0.553,0.4234,0.4,0.0,0.688,0.312,0.064,Core Active,Core Relationship Customer,Moderate Risk,Moderate Cross-Sell Opportunity,Priority 3
C000141,P004,Personal Loan,Loan,Lending,0.115,75000,3,False,True,57018,739882,2618.43,41,15.0,0.532,3,0.553,0.4234,0.4,0.0,0.688,0.312,0.064,Core Active,Core Relationship Customer,Moderate Risk,Moderate Cross-Sell Opportunity,Priority 3
C000141,P005,Home Loan,Loan,Lending,0.082,500000,4,False,True,57018,739882,2618.43,41,15.0,0.532,3,0.553,0.4234,0.4,0.0,0.688,0.312,0.064,Core Active,Core Relationship Customer,Moderate Risk,Moderate Cross-Sell Opportunity,Priority 3
C000141,P006,Mutual Fund Plan,Investment,Wealth,0.1,10000,3,True,False,57018,739882,2618.43,41,15.0,0.532,3,0.553,0.4234,0.4,0.0,0.688,0.312,0.064,Core Active,Core Relationship Customer,Moderate Risk,Moderate Cross-Sell Opportunity,Priority 3
C000141,P007,Term Insurance,Insurance,Protection,0.0,500000,3,False,True,57018,739882,2618.43,41,15.0,0.532,3,0.553,0.4234,0.4,0.0,0.688,0.312,0.064,Core Active,Core Relationship Customer,Moderate Risk,Moderate Cross-Sell Opportunity,Priority 3
C000141,P008,Premium Banking,Banking,Premium,0.0,1000000,5,False,True,57018,739882,2618.43,41,15.0,0.532,3,0.553,0.4234,0.4,0.0,0.688,0.312,0.064,Core Active,Core Relationship Customer,Moderate Risk,Moderate Cross-Sell Opportunity,Priority 3
C000142,P003,Rewards Credit Card,Credit Card,Cards,0.28,30000,2,True,False,236392,256634,15791.38,54,9.6,0.842,4,0.631,0.5538000000000001,0.6,0.3333333333333333,0.93,0.07,0.046,Premium High-Value,Premium Digital Customer,Low Risk,Moderate Cross-Sell Opportunity,Priority 2
C000142,P004,Personal Loan,Loan,Lending,0.115,75000,3,False,True,236392,256634,15791.38,54,9.6,0.842,4,0.631,0.5538000000000001,0.6,0.3333333333333333,0.93,0.07,0.046,Premium High-Value,Premium Digital Customer,Low Risk,Moderate Cross-Sell Opportunity,Priority 2
C000142,P005,Home Loan,Loan,Lending,0.082,500000,4,True,False,236392,256634,15791.38,54,9.6,0.842,4,0.631,0.5538000000000001,0.6,0.3333333333333333,0.93,0.07,0.046,Premium High-Value,Premium Digital Customer,Low Risk,Moderate Cross-Sell Opportunity,Priority 2
C000142,P006,Mutual Fund Plan,Investment,Wealth,0.1,10000,3,False,True,236392,256634,15791.38,54,9.6,0.842,4,0.631,0.5538000000000001,0.6,0.3333333333333333,0.93,0.07,0.046,Premium High-Value,Premium Digital Customer,Low Risk,Moderate Cross-Sell Opportunity,Priority 2
C000142,P007,Term Insurance,Insurance,Protection,0.0,500000,3,False,True,236392,256634,15791.38,54,9.6,0.842,4,0.631,0.5538000000000001,0.6,0.3333333333333333,0.93,0.07,0.046,Premium High-Value,Premium Digital Customer,Low Risk,Moderate Cross-Sell Opportunity,Priority 2
C000142,P008,Premium Banking,Banking,Premium,0.0,1000000,5,True,False,236392,256634,15791.38,54,9.6,0.842,4,0.631,0.5538000000000001,0.6,0.3333333333333333,0.93,0.07,0.046,Premium High-Value,Premium Digital Customer,Low Risk,Moderate Cross-Sell Opportunity,Priority 2
C000143,P003,Rewards Credit Card,Credit Card,Cards,0.28,30000,2,False,True,41087,150817,1029.31,3,116.9,0.171,1,0.331,0.2575,0.0,0.0,0.817,0.183,-0.118,Dormant / Declining,Dormant Reactivation Target,Critical Risk,Low Cross-Sell Opportunity,Priority 4
C000143,P004,Personal Loan,Loan,Lending,0.115,75000,3,False,True,41087,150817,1029.31,3,116.9,0.171,1,0.331,0.2575,0.0,0.0,0.817,0.183,-0.118,Dormant / Declining,Dormant Reactivation Target,Critical Risk,Low Cross-Sell Opportunity,Priority 4
C000143,P005,Home Loan,Loan,Lending,0.082,500000,4,False,True,41087,150817,1029.31,3,116.9,0.171,1,0.331,0.2575,0.0,0.0,0.817,0.183,-0.118,Dormant / Declining,Dormant Reactivation Target,Critical Risk,Low Cross-Sell Opportunity,Priority 4
C000143,P006,Mutual Fund Plan,Investment,Wealth,0.1,10000,3,False,True,41087,150817,1029.31,3,116.9,0.171,1,0.331,0.2575,0.0,0.0,0.817,0.183,-0.118,Dormant / Declining,Dormant Reactivation Target,Critical Risk,Low Cross-Sell Opportunity,Priority 4
C000143,P007,Term Insurance,Insurance,Protection,0.0,500000,3,False,True,41087,150817,1029.31,3,116.9,0.171,1,0.331,0.2575,0.0,0.0,0.817,0.183,-0.118,Dormant / Declining,Dormant Reactivation Target,Critical Risk,Low Cross-Sell Opportunity,Priority 4
C000143,P008,Premium Banking,Banking,Premium,0.0,1000000,5,False,True,41087,150817,1029.31,3,116.9,0.171,1,0.331,0.2575,0.0,0.0,0.817,0.183,-0.118,Dormant / Declining,Dormant Reactivation Target,Critical Risk,Low Cross-Sell Opportunity,Priority 4
C000144,P003,Rewards Credit Card,Credit Card,Cards,0.28,30000,2,True,False,71699,503978,2155.52,17,83.0,0.312,3,0.314,0.42425,0.0,0.0,0.887,0.113,-0.004,At Risk,At-Risk Engagement Customer,Critical Risk,Low Cross-Sell Opportunity,Priority 4
C000144,P004,Personal Loan,Loan,Lending,0.115,75000,3,False,True,71699,503978,2155.52,17,83.0,0.312,3,0.314,0.42425,0.0,0.0,0.887,0.113,-0.004,At Risk,At-Risk Engagement Customer,Critical Risk,Low Cross-Sell Opportunity,Priority 4
C000144,P005,Home Loan,Loan,Lending,0.082,500000,4,False,True,71699,503978,2155.52,17,83.0,0.312,3,0.314,0.42425,0.0,0.0,0.887,0.113,-0.004,At Risk,At-Risk Engagement Customer,Critical Risk,Low Cross-Sell Opportunity,Priority 4
C000144,P006,Mutual Fund Plan,Investment,Wealth,0.1,10000,3,True,False,71699,503978,2155.52,17,83.0,0.312,3,0.314,0.42425,0.0,0.0,0.887,0.113,-0.004,At Risk,At-Risk Engagement Customer,Critical Risk,Low Cross-Sell Opportunity,Priority 4
C000144,P007,Term Insurance,Insurance,Protection,0.0,500000,3,False,True,71699,503978,2155.52,17,83.0,0.312,3,0.314,0.42425,0.0,0.0,0.887,0.113,-0.004,At Risk,At-Risk Engagement Customer,Critical Risk,Low Cross-Sell Opportunity,Priority 4
C000144,P008,Premium Banking,Banking,Premium,0.0,1000000,5,False,True,71699,503978,2155.52,17,83.0,0.312,3,0.314,0.42425,0.0,0.0,0.887,0.113,-0.004,At Risk,At-Risk Engagement Customer,Critical Risk,Low Cross-Sell Opportunity,Priority 4
C000145,P003,Rewards Credit Card,Credit Card,Cards,0.28,30000,2,False,True,80881,365920,2465.55,42,1.5,0.275,2,0.484,0.2913333333333333,0.0,0.0,0.938,0.062,-0.057,Core Active,Core Relationship Customer,Moderate Risk,Moderate Cross-Sell Opportunity,Priority 3
C000145,P004,Personal Loan,Loan,Lending,0.115,75000,3,False,True,80881,365920,2465.55,42,1.5,0.275,2,0.484,0.2913333333333333,0.0,0.0,0.938,0.062,-0.057,Core Active,Core Relationship Customer,Moderate Risk,Moderate Cross-Sell Opportunity,Priority 3
C000145,P005,Home Loan,Loan,Lending,0.082,500000,4,False,True,80881,365920,2465.55,42,1.5,0.275,2,0.484,0.2913333333333333,0.0,0.0,0.938,0.062,-0.057,Core Active,Core Relationship Customer,Moderate Risk,Moderate Cross-Sell Opportunity,Priority 3
C000145,P006,Mutual Fund Plan,Investment,Wealth,0.1,10000,3,True,False,80881,365920,2465.55,42,1.5,0.275,2,0.484,0.2913333333333333,0.0,0.0,0.938,0.062,-0.057,Core Active,Core Relationship Customer,Moderate Risk,Moderate Cross-Sell Opportunity,Priority 3
C000145,P007,Term Insurance,Insurance,Protection,0.0,500000,3,False,True,80881,365920,2465.55,42,1.5,0.275,2,0.484,0.2913333333333333,0.0,0.0,0.938,0.062,-0.057,Core Active,Core Relationship Customer,Moderate Risk,Moderate Cross-Sell Opportunity,Priority 3
C000145,P008,Premium Banking,Banking,Premium,0.0,1000000,5,False,True,80881,365920,2465.55,42,1.5,0.275,2,0.484,0.2913333333333333,0.0,0.0,0.938,0.062,-0.057,Core Active,Core Relationship Customer,Moderate Risk,Moderate Cross-Sell Opportunity,Priority 3
C000146,P003,Rewards Credit Card,Credit Card,Cards,0.28,30000,2,False,True,70766,579003,2751.95,49,11.7,0.721,1,0.588,0.503,0.5,0.5,0.562,0.438,-0.074,Core Active,Core Relationship Customer,Moderate Risk,Moderate Cross-Sell Opportunity,Priority 2
C000146,P004,Personal Loan,Loan,Lending,0.115,75000,3,False,True,70766,579003,2751.95,49,11.7,0.721,1,0.588,0.503,0.5,0.5,0.562,0.438,-0.074,Core Active,Core Relationship Customer,Moderate Risk,Moderate Cross-Sell Opportunity,Priority 2
C000146,P005,Home Loan,Loan,Lending,0.082,500000,4,False,True,70766,579003,2751.95,49,11.7,0.721,1,0.588,0.503,0.5,0.5,0.562,0.438,-0.074,Core Active,Core Relationship Customer,Moderate Risk,Moderate Cross-Sell Opportunity,Priority 2
C000146,P006,Mutual Fund Plan,Investment,Wealth,0.1,10000,3,False,True,70766,579003,2751.95,49,11.7,0.721,1,0.588,0.503,0.5,0.5,0.562,0.438,-0.074,Core Active,Core Relationship Customer,Moderate Risk,Moderate Cross-Sell Opportunity,Priority 2
C000146,P007,Term Insurance,Insurance,Protection,0.0,500000,3,False,True,70766,579003,2751.95,49,11.7,0.721,1,0.588,0.503,0.5,0.5,0.562,0.438,-0.074,Core Active,Core Relationship Customer,Moderate Risk,Moderate Cross-Sell Opportunity,Priority 2
C000146,P008,Premium Banking,Banking,Premium,0.0,1000000,5,False,True,70766,579003,2751.95,49,11.7,0.721,1,0.588,0.503,0.5,0.5,0.562,0.438,-0.074,Core Active,Core Relationship Customer,Moderate Risk,Moderate Cross-Sell Opportunity,Priority 2
C000147,P003,Rewards Credit Card,Credit Card,Cards,0.28,30000,2,False,True,51558,23114,1000.0,13,53.2,0.3,1,0.366,0.258,0.5,0.0,0.805,0.195,-0.198,At Risk,At-Risk Declining Customer,Critical Risk,Low Cross-Sell Opportunity,Priority 4
C000147,P004,Personal Loan,Loan,Lending,0.115,75000,3,False,True,51558,23114,1000.0,13,53.2,0.3,1,0.366,0.258,0.5,0.0,0.805,0.195,-0.198,At Risk,At-Risk Declining Customer,Critical Risk,Low Cross-Sell Opportunity,Priority 4
C000147,P005,Home Loan,Loan,Lending,0.082,500000,4,False,True,51558,23114,1000.0,13,53.2,0.3,1,0.366,0.258,0.5,0.0,0.805,0.195,-0.198,At Risk,At-Risk Declining Customer,Critical Risk,Low Cross-Sell Opportunity,Priority 4
C000147,P006,Mutual Fund Plan,Investment,Wealth,0.1,10000,3,False,True,51558,23114,1000.0,13,53.2,0.3,1,0.366,0.258,0.5,0.0,0.805,0.195,-0.198,At Risk,At-Risk Declining Customer,Critical Risk,Low Cross-Sell Opportunity,Priority 4
C000147,P007,Term Insurance,Insurance,Protection,0.0,500000,3,False,True,51558,23114,1000.0,13,53.2,0.3,1,0.366,0.258,0.5,0.0,0.805,0.195,-0.198,At Risk,At-Risk Declining Customer,Critical Risk,Low Cross-Sell Opportunity,Priority 4
C000147,P008,Premium Banking,Banking,Premium,0.0,1000000,5,False,True,51558,23114,1000.0,13,53.2,0.3,1,0.366,0.258,0.5,0.0,0.805,0.195,-0.198,At Risk,At-Risk Declining Customer,Critical Risk,Low Cross-Sell Opportunity,Priority 4
C000148,P003,Rewards Credit Card,Credit Card,Cards,0.28,30000,2,True,False,62177,359266,2968.28,29,64.1,0.41,1,0.39,0.522,0.0,0.0,0.67,0.33,-0.161,At Risk,At-Risk Declining Customer,Critical Risk,Moderate Cross-Sell Opportunity,Priority 3
C000148,P004,Personal Loan,Loan,Lending,0.115,75000,3,False,True,62177,359266,2968.28,29,64.1,0.41,1,0.39,0.522,0.0,0.0,0.67,0.33,-0.161,At Risk,At-Risk Declining Customer,Critical Risk,Moderate Cross-Sell Opportunity,Priority 3
C000148,P005,Home Loan,Loan,Lending,0.082,500000,4,False,True,62177,359266,2968.28,29,64.1,0.41,1,0.39,0.522,0.0,0.0,0.67,0.33,-0.161,At Risk,At-Risk Declining Customer,Critical Risk,Moderate Cross-Sell Opportunity,Priority 3
C000148,P006,Mutual Fund Plan,Investment,Wealth,0.1,10000,3,False,True,62177,359266,2968.28,29,64.1,0.41,1,0.39,0.522,0.0,0.0,0.67,0.33,-0.161,At Risk,At-Risk Declining Customer,Critical Risk,Moderate Cross-Sell Opportunity,Priority 3
C000148,P007,Term Insurance,Insurance,Protection,0.0,500000,3,False,True,62177,359266,2968.28,29,64.1,0.41,1,0.39,0.522,0.0,0.0,0.67,0.33,-0.161,At Risk,At-Risk Declining Customer,Critical Risk,Moderate Cross-Sell Opportunity,Priority 3
C000148,P008,Premium Banking,Banking,Premium,0.0,1000000,5,False,True,62177,359266,2968.28,29,64.1,0.41,1,0.39,0.522,0.0,0.0,0.67,0.33,-0.161,At Risk,At-Risk Declining Customer,Critical Risk,Moderate Cross-Sell Opportunity,Priority 3
C000149,P003,Rewards Credit Card,Credit Card,Cards,0.28,30000,2,True,False,63338,367583,2946.28,35,15.6,0.565,3,0.556,0.3656666666666666,0.3333333333333333,0.0,0.739,0.261,-0.192,Core Active,Core Relationship Customer,High Risk,Low Cross-Sell Opportunity,Priority 3
C000149,P004,Personal Loan,Loan,Lending,0.115,75000,3,False,True,63338,367583,2946.28,35,15.6,0.565,3,0.556,0.3656666666666666,0.3333333333333333,0.0,0.739,0.261,-0.192,Core Active,Core Relationship Customer,High Risk,Low Cross-Sell Opportunity,Priority 3
C000149,P005,Home Loan,Loan,Lending,0.082,500000,4,False,True,63338,367583,2946.28,35,15.6,0.565,3,0.556,0.3656666666666666,0.3333333333333333,0.0,0.739,0.261,-0.192,Core Active,Core Relationship Customer,High Risk,Low Cross-Sell Opportunity,Priority 3
C000149,P006,Mutual Fund Plan,Investment,Wealth,0.1,10000,3,False,True,63338,367583,2946.28,35,15.6,0.565,3,0.556,0.3656666666666666,0.3333333333333333,0.0,0.739,0.261,-0.192,Core Active,Core Relationship Customer,High Risk,Low Cross-Sell Opportunity,Priority 3
C000149,P007,Term Insurance,Insurance,Protection,0.0,500000,3,False,True,63338,367583,2946.28,35,15.6,0.565,3,0.556,0.3656666666666666,0.3333333333333333,0.0,0.739,0.261,-0.192,Core Active,Core Relationship Customer,High Risk,Low Cross-Sell Opportunity,Priority 3
C000149,P008,Premium Banking,Banking,Premium,0.0,1000000,5,False,True,63338,367583,2946.28,35,15.6,0.565,3,0.556,0.3656666666666666,0.3333333333333333,0.0,0.739,0.261,-0.192,Core Active,Core Relationship Customer,High Risk,Low Cross-Sell Opportunity,Priority 3
C000150,P003,Rewards Credit Card,Credit Card,Cards,0.28,30000,2,True,False,85920,803146,4430.56,60,8.8,0.443,3,0.684,0.5075000000000001,0.25,0.0,0.79,0.21,0.141,Premium High-Value,Premium Relationship Customer,Low Risk,Moderate Cross-Sell Opportunity,Priority 3
C000150,P004,Personal Loan,Loan,Lending,0.115,75000,3,False,True,85920,803146,4430.56,60,8.8,0.443,3,0.684,0.5075000000000001,0.25,0.0,0.79,0.21,0.141,Premium High-Value,Premium Relationship Customer,Low Risk,Moderate Cross-Sell Opportunity,Priority 3
C000150,P005,Home Loan,Loan,Lending,0.082,500000,4,False,True,85920,803146,4430.56,60,8.8,0.443,3,0.684,0.5075000000000001,0.25,0.0,0.79,0.21,0.141,Premium High-Value,Premium Relationship Customer,Low Risk,Moderate Cross-Sell Opportunity,Priority 3
C000150,P006,Mutual Fund Plan,Investment,Wealth,0.1,10000,3,False,True,85920,803146,4430.56,60,8.8,0.443,3,0.684,0.5075000000000001,0.25,0.0,0.79,0.21,0.141,Premium High-Value,Premium Relationship Customer,Low Risk,Moderate Cross-Sell Opportunity,Priority 3
C000150,P007,Term Insurance,Insurance,Protection,0.0,500000,3,True,False,85920,803146,4430.56,60,8.8,0.443,3,0.684,0.5075000000000001,0.25,0.0,0.79,0.21,0.141,Premium High-Value,Premium Relationship Customer,Low Risk,Moderate Cross-Sell Opportunity,Priority 3
C000150,P008,Premium Banking,Banking,Premium,0.0,1000000,5,False,True,85920,803146,4430.56,60,8.8,0.443,3,0.684,0.5075000000000001,0.25,0.0,0.79,0.21,0.141,Premium High-Value,Premium Relationship Customer,Low Risk,Moderate Cross-Sell Opportunity,Priority 3
C000151,P003,Rewards Credit Card,Credit Card,Cards,0.28,30000,2,False,True,45891,323965,1842.78,37,11.2,0.877,1,0.653,0.439,0.5,0.0,0.601,0.399,0.145,Core Active,Core Digital Customer,Moderate Risk,Moderate Cross-Sell Opportunity,Priority 3
C000151,P004,Personal Loan,Loan,Lending,0.115,75000,3,False,True,45891,323965,1842.78,37,11.2,0.877,1,0.653,0.439,0.5,0.0,0.601,0.399,0.145,Core Active,Core Digital Customer,Moderate Risk,Moderate Cross-Sell Opportunity,Priority 3
C000151,P005,Home Loan,Loan,Lending,0.082,500000,4,False,True,45891,323965,1842.78,37,11.2,0.877,1,0.653,0.439,0.5,0.0,0.601,0.399,0.145,Core Active,Core Digital Customer,Moderate Risk,Moderate Cross-Sell Opportunity,Priority 3
C000151,P006,Mutual Fund Plan,Investment,Wealth,0.1,10000,3,False,True,45891,323965,1842.78,37,11.2,0.877,1,0.653,0.439,0.5,0.0,0.601,0.399,0.145,Core Active,Core Digital Customer,Moderate Risk,Moderate Cross-Sell Opportunity,Priority 3
C000151,P007,Term Insurance,Insurance,Protection,0.0,500000,3,False,True,45891,323965,1842.78,37,11.2,0.877,1,0.653,0.439,0.5,0.0,0.601,0.399,0.145,Core Active,Core Digital Customer,Moderate Risk,Moderate Cross-Sell Opportunity,Priority 3
C000151,P008,Premium Banking,Banking,Premium,0.0,1000000,5,False,True,45891,323965,1842.78,37,11.2,0.877,1,0.653,0.439,0.5,0.0,0.601,0.399,0.145,Core Active,Core Digital Customer,Moderate Risk,Moderate Cross-Sell Opportunity,Priority 3
C000152,P003,Rewards Credit Card,Credit Card,Cards,0.28,30000,2,False,True,52140,72039,1983.59,6,85.9,0.075,1,0.29,0.3263333333333333,0.0,0.0,0.675,0.325,-0.356,At Risk,At-Risk Declining Customer,Critical Risk,Low Cross-Sell Opportunity,Priority 4
C000152,P004,Personal Loan,Loan,Lending,0.115,75000,3,False,True,52140,72039,1983.59,6,85.9,0.075,1,0.29,0.3263333333333333,0.0,0.0,0.675,0.325,-0.356,At Risk,At-Risk Declining Customer,Critical Risk,Low Cross-Sell Opportunity,Priority 4
C000152,P005,Home Loan,Loan,Lending,0.082,500000,4,False,True,52140,72039,1983.59,6,85.9,0.075,1,0.29,0.3263333333333333,0.0,0.0,0.675,0.325,-0.356,At Risk,At-Risk Declining Customer,Critical Risk,Low Cross-Sell Opportunity,Priority 4
C000152,P006,Mutual Fund Plan,Investment,Wealth,0.1,10000,3,False,True,52140,72039,1983.59,6,85.9,0.075,1,0.29,0.3263333333333333,0.0,0.0,0.675,0.325,-0.356,At Risk,At-Risk Declining Customer,Critical Risk,Low Cross-Sell Opportunity,Priority 4
C000152,P007,Term Insurance,Insurance,Protection,0.0,500000,3,False,True,52140,72039,1983.59,6,85.9,0.075,1,0.29,0.3263333333333333,0.0,0.0,0.675,0.325,-0.356,At Risk,At-Risk Declining Customer,Critical Risk,Low Cross-Sell Opportunity,Priority 4
C000152,P008,Premium Banking,Banking,Premium,0.0,1000000,5,False,True,52140,72039,1983.59,6,85.9,0.075,1,0.29,0.3263333333333333,0.0,0.0,0.675,0.325,-0.356,At Risk,At-Risk Declining Customer,Critical Risk,Low Cross-Sell Opportunity,Priority 4
C000153,P003,Rewards Credit Card,Credit Card,Cards,0.28,30000,2,False,True,90648,487717,5129.52,46,9.5,0.854,2,0.549,0.40125,0.5,0.0,0.669,0.331,-0.037,Core Active,Core Digital Customer,Moderate Risk,Moderate Cross-Sell Opportunity,Priority 3
C000153,P004,Personal Loan,Loan,Lending,0.115,75000,3,False,True,90648,487717,5129.52,46,9.5,0.854,2,0.549,0.40125,0.5,0.0,0.669,0.331,-0.037,Core Active,Core Digital Customer,Moderate Risk,Moderate Cross-Sell Opportunity,Priority 3
C000153,P005,Home Loan,Loan,Lending,0.082,500000,4,False,True,90648,487717,5129.52,46,9.5,0.854,2,0.549,0.40125,0.5,0.0,0.669,0.331,-0.037,Core Active,Core Digital Customer,Moderate Risk,Moderate Cross-Sell Opportunity,Priority 3
C000153,P006,Mutual Fund Plan,Investment,Wealth,0.1,10000,3,True,False,90648,487717,5129.52,46,9.5,0.854,2,0.549,0.40125,0.5,0.0,0.669,0.331,-0.037,Core Active,Core Digital Customer,Moderate Risk,Moderate Cross-Sell Opportunity,Priority 3
C000153,P007,Term Insurance,Insurance,Protection,0.0,500000,3,False,True,90648,487717,5129.52,46,9.5,0.854,2,0.549,0.40125,0.5,0.0,0.669,0.331,-0.037,Core Active,Core Digital Customer,Moderate Risk,Moderate Cross-Sell Opportunity,Priority 3
C000153,P008,Premium Banking,Banking,Premium,0.0,1000000,5,False,True,90648,487717,5129.52,46,9.5,0.854,2,0.549,0.40125,0.5,0.0,0.669,0.331,-0.037,Core Active,Core Digital Customer,Moderate Risk,Moderate Cross-Sell Opportunity,Priority 3
C000154,P003,Rewards Credit Card,Credit Card,Cards,0.28,30000,2,True,False,277378,394042,13791.02,56,27.6,1.0,7,0.512,0.5014000000000001,0.0,0.0,0.862,0.138,0.184,Premium High-Value,Premium Digital Customer,Moderate Risk,Moderate Cross-Sell Opportunity,Priority 3
C000154,P004,Personal Loan,Loan,Lending,0.115,75000,3,True,False,277378,394042,13791.02,56,27.6,1.0,7,0.512,0.5014000000000001,0.0,0.0,0.862,0.138,0.184,Premium High-Value,Premium Digital Customer,Moderate Risk,Moderate Cross-Sell Opportunity,Priority 3
C000154,P005,Home Loan,Loan,Lending,0.082,500000,4,True,False,277378,394042,13791.02,56,27.6,1.0,7,0.512,0.5014000000000001,0.0,0.0,0.862,0.138,0.184,Premium High-Value,Premium Digital Customer,Moderate Risk,Moderate Cross-Sell Opportunity,Priority 3
C000154,P006,Mutual Fund Plan,Investment,Wealth,0.1,10000,3,False,True,277378,394042,13791.02,56,27.6,1.0,7,0.512,0.5014000000000001,0.0,0.0,0.862,0.138,0.184,Premium High-Value,Premium Digital Customer,Moderate Risk,Moderate Cross-Sell Opportunity,Priority 3
C000154,P007,Term Insurance,Insurance,Protection,0.0,500000,3,True,False,277378,394042,13791.02,56,27.6,1.0,7,0.512,0.5014000000000001,0.0,0.0,0.862,0.138,0.184,Premium High-Value,Premium Digital Customer,Moderate Risk,Moderate Cross-Sell Opportunity,Priority 3
C000154,P008,Premium Banking,Banking,Premium,0.0,1000000,5,True,False,277378,394042,13791.02,56,27.6,1.0,7,0.512,0.5014000000000001,0.0,0.0,0.862,0.138,0.184,Premium High-Value,Premium Digital Customer,Moderate Risk,Moderate Cross-Sell Opportunity,Priority 3
C000155,P003,Rewards Credit Card,Credit Card,Cards,0.28,30000,2,False,True,69887,189480,3298.24,8,177.9,0.17,1,0.253,0.2884,0.2,1.0,0.932,0.068,-0.17,Dormant / Declining,Dormant Reactivation Target,Critical Risk,Low Cross-Sell Opportunity,Priority 4
C000155,P004,Personal Loan,Loan,Lending,0.115,75000,3,False,True,69887,189480,3298.24,8,177.9,0.17,1,0.253,0.2884,0.2,1.0,0.932,0.068,-0.17,Dormant / Declining,Dormant Reactivation Target,Critical Risk,Low Cross-Sell Opportunity,Priority 4
C000155,P005,Home Loan,Loan,Lending,0.082,500000,4,False,True,69887,189480,3298.24,8,177.9,0.17,1,0.253,0.2884,0.2,1.0,0.932,0.068,-0.17,Dormant / Declining,Dormant Reactivation Target,Critical Risk,Low Cross-Sell Opportunity,Priority 4
C000155,P006,Mutual Fund Plan,Investment,Wealth,0.1,10000,3,False,True,69887,189480,3298.24,8,177.9,0.17,1,0.253,0.2884,0.2,1.0,0.932,0.068,-0.17,Dormant / Declining,Dormant Reactivation Target,Critical Risk,Low Cross-Sell Opportunity,Priority 4
C000155,P007,Term Insurance,Insurance,Protection,0.0,500000,3,False,True,69887,189480,3298.24,8,177.9,0.17,1,0.253,0.2884,0.2,1.0,0.932,0.068,-0.17,Dormant / Declining,Dormant Reactivation Target,Critical Risk,Low Cross-Sell Opportunity,Priority 4
C000155,P008,Premium Banking,Banking,Premium,0.0,1000000,5,False,True,69887,189480,3298.24,8,177.9,0.17,1,0.253,0.2884,0.2,1.0,0.932,0.068,-0.17,Dormant / Declining,Dormant Reactivation Target,Critical Risk,Low Cross-Sell Opportunity,Priority 4
C000156,P003,Rewards Credit Card,Credit Card,Cards,0.28,30000,2,False,True,60024,461213,2679.14,32,4.4,0.95,1,0.564,0.538,0.0,0.0,0.71,0.29,-0.028,Core Active,Core Digital Customer,Moderate Risk,Moderate Cross-Sell Opportunity,Priority 3
C000156,P004,Personal Loan,Loan,Lending,0.115,75000,3,False,True,60024,461213,2679.14,32,4.4,0.95,1,0.564,0.538,0.0,0.0,0.71,0.29,-0.028,Core Active,Core Digital Customer,Moderate Risk,Moderate Cross-Sell Opportunity,Priority 3
C000156,P005,Home Loan,Loan,Lending,0.082,500000,4,False,True,60024,461213,2679.14,32,4.4,0.95,1,0.564,0.538,0.0,0.0,0.71,0.29,-0.028,Core Active,Core Digital Customer,Moderate Risk,Moderate Cross-Sell Opportunity,Priority 3
C000156,P006,Mutual Fund Plan,Investment,Wealth,0.1,10000,3,False,True,60024,461213,2679.14,32,4.4,0.95,1,0.564,0.538,0.0,0.0,0.71,0.29,-0.028,Core Active,Core Digital Customer,Moderate Risk,Moderate Cross-Sell Opportunity,Priority 3
C000156,P007,Term Insurance,Insurance,Protection,0.0,500000,3,False,True,60024,461213,2679.14,32,4.4,0.95,1,0.564,0.538,0.0,0.0,0.71,0.29,-0.028,Core Active,Core Digital Customer,Moderate Risk,Moderate Cross-Sell Opportunity,Priority 3
C000156,P008,Premium Banking,Banking,Premium,0.0,1000000,5,False,True,60024,461213,2679.14,32,4.4,0.95,1,0.564,0.538,0.0,0.0,0.71,0.29,-0.028,Core Active,Core Digital Customer,Moderate Risk,Moderate Cross-Sell Opportunity,Priority 3
C000157,P003,Rewards Credit Card,Credit Card,Cards,0.28,30000,2,True,False,143254,585587,5135.43,55,4.1,0.675,3,0.744,0.618,0.6666666666666666,0.0,0.684,0.316,0.014,Premium High-Value,Premium Digital Customer,Low Risk,Moderate Cross-Sell Opportunity,Priority 2
C000157,P004,Personal Loan,Loan,Lending,0.115,75000,3,False,True,143254,585587,5135.43,55,4.1,0.675,3,0.744,0.618,0.6666666666666666,0.0,0.684,0.316,0.014,Premium High-Value,Premium Digital Customer,Low Risk,Moderate Cross-Sell Opportunity,Priority 2
C000157,P005,Home Loan,Loan,Lending,0.082,500000,4,False,True,143254,585587,5135.43,55,4.1,0.675,3,0.744,0.618,0.6666666666666666,0.0,0.684,0.316,0.014,Premium High-Value,Premium Digital Customer,Low Risk,Moderate Cross-Sell Opportunity,Priority 2
C000157,P006,Mutual Fund Plan,Investment,Wealth,0.1,10000,3,False,True,143254,585587,5135.43,55,4.1,0.675,3,0.744,0.618,0.6666666666666666,0.0,0.684,0.316,0.014,Premium High-Value,Premium Digital Customer,Low Risk,Moderate Cross-Sell Opportunity,Priority 2
C000157,P007,Term Insurance,Insurance,Protection,0.0,500000,3,False,True,143254,585587,5135.43,55,4.1,0.675,3,0.744,0.618,0.6666666666666666,0.0,0.684,0.316,0.014,Premium High-Value,Premium Digital Customer,Low Risk,Moderate Cross-Sell Opportunity,Priority 2
C000157,P008,Premium Banking,Banking,Premium,0.0,1000000,5,False,True,143254,585587,5135.43,55,4.1,0.675,3,0.744,0.618,0.6666666666666666,0.0,0.684,0.316,0.014,Premium High-Value,Premium Digital Customer,Low Risk,Moderate Cross-Sell Opportunity,Priority 2
C000158,P003,Rewards Credit Card,Credit Card,Cards,0.28,30000,2,False,True,44927,178776,1232.85,29,8.7,0.817,1,0.602,0.4305,0.25,0.0,0.78,0.22,-0.05,Core Active,Core Digital Customer,High Risk,Moderate Cross-Sell Opportunity,Priority 3
C000158,P004,Personal Loan,Loan,Lending,0.115,75000,3,False,True,44927,178776,1232.85,29,8.7,0.817,1,0.602,0.4305,0.25,0.0,0.78,0.22,-0.05,Core Active,Core Digital Customer,High Risk,Moderate Cross-Sell Opportunity,Priority 3
C000158,P005,Home Loan,Loan,Lending,0.082,500000,4,False,True,44927,178776,1232.85,29,8.7,0.817,1,0.602,0.4305,0.25,0.0,0.78,0.22,-0.05,Core Active,Core Digital Customer,High Risk,Moderate Cross-Sell Opportunity,Priority 3
C000158,P006,Mutual Fund Plan,Investment,Wealth,0.1,10000,3,False,True,44927,178776,1232.85,29,8.7,0.817,1,0.602,0.4305,0.25,0.0,0.78,0.22,-0.05,Core Active,Core Digital Customer,High Risk,Moderate Cross-Sell Opportunity,Priority 3
C000158,P007,Term Insurance,Insurance,Protection,0.0,500000,3,False,True,44927,178776,1232.85,29,8.7,0.817,1,0.602,0.4305,0.25,0.0,0.78,0.22,-0.05,Core Active,Core Digital Customer,High Risk,Moderate Cross-Sell Opportunity,Priority 3
C000158,P008,Premium Banking,Banking,Premium,0.0,1000000,5,False,True,44927,178776,1232.85,29,8.7,0.817,1,0.602,0.4305,0.25,0.0,0.78,0.22,-0.05,Core Active,Core Digital Customer,High Risk,Moderate Cross-Sell Opportunity,Priority 3
C000159,P003,Rewards Credit Card,Credit Card,Cards,0.28,30000,2,True,False,68347,531907,3229.14,37,13.6,0.765,1,0.765,0.4606666666666667,0.3333333333333333,1.0,0.749,0.251,-0.026,Core Active,Core Digital Customer,High Risk,Moderate Cross-Sell Opportunity,Priority 2
C000159,P004,Personal Loan,Loan,Lending,0.115,75000,3,False,True,68347,531907,3229.14,37,13.6,0.765,1,0.765,0.4606666666666667,0.3333333333333333,1.0,0.749,0.251,-0.026,Core Active,Core Digital Customer,High Risk,Moderate Cross-Sell Opportunity,Priority 2
C000159,P005,Home Loan,Loan,Lending,0.082,500000,4,False,True,68347,531907,3229.14,37,13.6,0.765,1,0.765,0.4606666666666667,0.3333333333333333,1.0,0.749,0.251,-0.026,Core Active,Core Digital Customer,High Risk,Moderate Cross-Sell Opportunity,Priority 2
C000159,P006,Mutual Fund Plan,Investment,Wealth,0.1,10000,3,False,True,68347,531907,3229.14,37,13.6,0.765,1,0.765,0.4606666666666667,0.3333333333333333,1.0,0.749,0.251,-0.026,Core Active,Core Digital Customer,High Risk,Moderate Cross-Sell Opportunity,Priority 2
C000159,P007,Term Insurance,Insurance,Protection,0.0,500000,3,False,True,68347,531907,3229.14,37,13.6,0.765,1,0.765,0.4606666666666667,0.3333333333333333,1.0,0.749,0.251,-0.026,Core Active,Core Digital Customer,High Risk,Moderate Cross-Sell Opportunity,Priority 2
C000159,P008,Premium Banking,Banking,Premium,0.0,1000000,5,False,True,68347,531907,3229.14,37,13.6,0.765,1,0.765,0.4606666666666667,0.3333333333333333,1.0,0.749,0.251,-0.026,Core Active,Core Digital Customer,High Risk,Moderate Cross-Sell Opportunity,Priority 2
C000160,P003,Rewards Credit Card,Credit Card,Cards,0.28,30000,2,False,True,68260,117353,1000.0,19,88.1,0.591,1,0.356,0.375,0.6,0.3333333333333333,0.911,0.089,0.045,At Risk,At-Risk Engagement Customer,Critical Risk,Low Cross-Sell Opportunity,Priority 3
C000160,P004,Personal Loan,Loan,Lending,0.115,75000,3,False,True,68260,117353,1000.0,19,88.1,0.591,1,0.356,0.375,0.6,0.3333333333333333,0.911,0.089,0.045,At Risk,At-Risk Engagement Customer,Critical Risk,Low Cross-Sell Opportunity,Priority 3
C000160,P005,Home Loan,Loan,Lending,0.082,500000,4,False,True,68260,117353,1000.0,19,88.1,0.591,1,0.356,0.375,0.6,0.3333333333333333,0.911,0.089,0.045,At Risk,At-Risk Engagement Customer,Critical Risk,Low Cross-Sell Opportunity,Priority 3
C000160,P006,Mutual Fund Plan,Investment,Wealth,0.1,10000,3,False,True,68260,117353,1000.0,19,88.1,0.591,1,0.356,0.375,0.6,0.3333333333333333,0.911,0.089,0.045,At Risk,At-Risk Engagement Customer,Critical Risk,Low Cross-Sell Opportunity,Priority 3
C000160,P007,Term Insurance,Insurance,Protection,0.0,500000,3,False,True,68260,117353,1000.0,19,88.1,0.591,1,0.356,0.375,0.6,0.3333333333333333,0.911,0.089,0.045,At Risk,At-Risk Engagement Customer,Critical Risk,Low Cross-Sell Opportunity,Priority 3
C000160,P008,Premium Banking,Banking,Premium,0.0,1000000,5,False,True,68260,117353,1000.0,19,88.1,0.591,1,0.356,0.375,0.6,0.3333333333333333,0.911,0.089,0.045,At Risk,At-Risk Engagement Customer,Critical Risk,Low Cross-Sell Opportunity,Priority 3
C000161,P003,Rewards Credit Card,Credit Card,Cards,0.28,30000,2,True,False,51098,182743,2580.03,17,1.1,0.652,2,0.416,0.4342499999999999,0.75,0.0,0.71,0.29,-0.164,Core Active,Core Relationship Customer,Moderate Risk,Moderate Cross-Sell Opportunity,Priority 3
C000161,P004,Personal Loan,Loan,Lending,0.115,75000,3,False,True,51098,182743,2580.03,17,1.1,0.652,2,0.416,0.4342499999999999,0.75,0.0,0.71,0.29,-0.164,Core Active,Core Relationship Customer,Moderate Risk,Moderate Cross-Sell Opportunity,Priority 3
C000161,P005,Home Loan,Loan,Lending,0.082,500000,4,False,True,51098,182743,2580.03,17,1.1,0.652,2,0.416,0.4342499999999999,0.75,0.0,0.71,0.29,-0.164,Core Active,Core Relationship Customer,Moderate Risk,Moderate Cross-Sell Opportunity,Priority 3
C000161,P006,Mutual Fund Plan,Investment,Wealth,0.1,10000,3,False,True,51098,182743,2580.03,17,1.1,0.652,2,0.416,0.4342499999999999,0.75,0.0,0.71,0.29,-0.164,Core Active,Core Relationship Customer,Moderate Risk,Moderate Cross-Sell Opportunity,Priority 3
C000161,P007,Term Insurance,Insurance,Protection,0.0,500000,3,False,True,51098,182743,2580.03,17,1.1,0.652,2,0.416,0.4342499999999999,0.75,0.0,0.71,0.29,-0.164,Core Active,Core Relationship Customer,Moderate Risk,Moderate Cross-Sell Opportunity,Priority 3
C000161,P008,Premium Banking,Banking,Premium,0.0,1000000,5,False,True,51098,182743,2580.03,17,1.1,0.652,2,0.416,0.4342499999999999,0.75,0.0,0.71,0.29,-0.164,Core Active,Core Relationship Customer,Moderate Risk,Moderate Cross-Sell Opportunity,Priority 3
C000162,P003,Rewards Credit Card,Credit Card,Cards,0.28,30000,2,False,True,75982,243664,3684.42,33,7.4,0.801,2,0.598,0.4722,0.2,0.0,0.843,0.157,-0.06,Core Active,Core Digital Customer,Moderate Risk,Moderate Cross-Sell Opportunity,Priority 3
C000162,P004,Personal Loan,Loan,Lending,0.115,75000,3,False,True,75982,243664,3684.42,33,7.4,0.801,2,0.598,0.4722,0.2,0.0,0.843,0.157,-0.06,Core Active,Core Digital Customer,Moderate Risk,Moderate Cross-Sell Opportunity,Priority 3
C000162,P005,Home Loan,Loan,Lending,0.082,500000,4,False,True,75982,243664,3684.42,33,7.4,0.801,2,0.598,0.4722,0.2,0.0,0.843,0.157,-0.06,Core Active,Core Digital Customer,Moderate Risk,Moderate Cross-Sell Opportunity,Priority 3
C000162,P006,Mutual Fund Plan,Investment,Wealth,0.1,10000,3,False,True,75982,243664,3684.42,33,7.4,0.801,2,0.598,0.4722,0.2,0.0,0.843,0.157,-0.06,Core Active,Core Digital Customer,Moderate Risk,Moderate Cross-Sell Opportunity,Priority 3
C000162,P007,Term Insurance,Insurance,Protection,0.0,500000,3,False,True,75982,243664,3684.42,33,7.4,0.801,2,0.598,0.4722,0.2,0.0,0.843,0.157,-0.06,Core Active,Core Digital Customer,Moderate Risk,Moderate Cross-Sell Opportunity,Priority 3
C000162,P008,Premium Banking,Banking,Premium,0.0,1000000,5,False,True,75982,243664,3684.42,33,7.4,0.801,2,0.598,0.4722,0.2,0.0,0.843,0.157,-0.06,Core Active,Core Digital Customer,Moderate Risk,Moderate Cross-Sell Opportunity,Priority 3
C000163,P003,Rewards Credit Card,Credit Card,Cards,0.28,30000,2,True,False,332809,1175853,18053.63,61,5.4,0.382,6,0.666,0.5375,0.5,0.0,0.675,0.325,0.044,Premium High-Value,Premium Relationship Customer,Low Risk,Moderate Cross-Sell Opportunity,Priority 2
C000163,P004,Personal Loan,Loan,Lending,0.115,75000,3,True,False,332809,1175853,18053.63,61,5.4,0.382,6,0.666,0.5375,0.5,0.0,0.675,0.325,0.044,Premium High-Value,Premium Relationship Customer,Low Risk,Moderate Cross-Sell Opportunity,Priority 2
C000163,P005,Home Loan,Loan,Lending,0.082,500000,4,False,True,332809,1175853,18053.63,61,5.4,0.382,6,0.666,0.5375,0.5,0.0,0.675,0.325,0.044,Premium High-Value,Premium Relationship Customer,Low Risk,Moderate Cross-Sell Opportunity,Priority 2
C000163,P006,Mutual Fund Plan,Investment,Wealth,0.1,10000,3,True,False,332809,1175853,18053.63,61,5.4,0.382,6,0.666,0.5375,0.5,0.0,0.675,0.325,0.044,Premium High-Value,Premium Relationship Customer,Low Risk,Moderate Cross-Sell Opportunity,Priority 2
C000163,P007,Term Insurance,Insurance,Protection,0.0,500000,3,True,False,332809,1175853,18053.63,61,5.4,0.382,6,0.666,0.5375,0.5,0.0,0.675,0.325,0.044,Premium High-Value,Premium Relationship Customer,Low Risk,Moderate Cross-Sell Opportunity,Priority 2
C000163,P008,Premium Banking,Banking,Premium,0.0,1000000,5,True,False,332809,1175853,18053.63,61,5.4,0.382,6,0.666,0.5375,0.5,0.0,0.675,0.325,0.044,Premium High-Value,Premium Relationship Customer,Low Risk,Moderate Cross-Sell Opportunity,Priority 2
C000164,P003,Rewards Credit Card,Credit Card,Cards,0.28,30000,2,True,False,162658,954344,11053.86,55,14.3,0.531,2,0.57,0.542,0.4,0.0,0.522,0.478,0.119,Premium High-Value,Premium Relationship Customer,Moderate Risk,Moderate Cross-Sell Opportunity,Priority 2
C000164,P004,Personal Loan,Loan,Lending,0.115,75000,3,False,True,162658,954344,11053.86,55,14.3,0.531,2,0.57,0.542,0.4,0.0,0.522,0.478,0.119,Premium High-Value,Premium Relationship Customer,Moderate Risk,Moderate Cross-Sell Opportunity,Priority 2
C000164,P005,Home Loan,Loan,Lending,0.082,500000,4,False,True,162658,954344,11053.86,55,14.3,0.531,2,0.57,0.542,0.4,0.0,0.522,0.478,0.119,Premium High-Value,Premium Relationship Customer,Moderate Risk,Moderate Cross-Sell Opportunity,Priority 2
C000164,P006,Mutual Fund Plan,Investment,Wealth,0.1,10000,3,False,True,162658,954344,11053.86,55,14.3,0.531,2,0.57,0.542,0.4,0.0,0.522,0.478,0.119,Premium High-Value,Premium Relationship Customer,Moderate Risk,Moderate Cross-Sell Opportunity,Priority 2
C000164,P007,Term Insurance,Insurance,Protection,0.0,500000,3,False,True,162658,954344,11053.86,55,14.3,0.531,2,0.57,0.542,0.4,0.0,0.522,0.478,0.119,Premium High-Value,Premium Relationship Customer,Moderate Risk,Moderate Cross-Sell Opportunity,Priority 2
C000164,P008,Premium Banking,Banking,Premium,0.0,1000000,5,False,True,162658,954344,11053.86,55,14.3,0.531,2,0.57,0.542,0.4,0.0,0.522,0.478,0.119,Premium High-Value,Premium Relationship Customer,Moderate Risk,Moderate Cross-Sell Opportunity,Priority 2
C000165,P003,Rewards Credit Card,Credit Card,Cards,0.28,30000,2,False,True,51731,174804,2081.7,30,4.1,0.721,1,0.547,0.3485,1.0,0.0,0.761,0.239,-0.034,Core Active,Core Relationship Customer,Moderate Risk,Moderate Cross-Sell Opportunity,Priority 3
C000165,P004,Personal Loan,Loan,Lending,0.115,75000,3,False,True,51731,174804,2081.7,30,4.1,0.721,1,0.547,0.3485,1.0,0.0,0.761,0.239,-0.034,Core Active,Core Relationship Customer,Moderate Risk,Moderate Cross-Sell Opportunity,Priority 3
C000165,P005,Home Loan,Loan,Lending,0.082,500000,4,False,True,51731,174804,2081.7,30,4.1,0.721,1,0.547,0.3485,1.0,0.0,0.761,0.239,-0.034,Core Active,Core Relationship Customer,Moderate Risk,Moderate Cross-Sell Opportunity,Priority 3
C000165,P006,Mutual Fund Plan,Investment,Wealth,0.1,10000,3,False,True,51731,174804,2081.7,30,4.1,0.721,1,0.547,0.3485,1.0,0.0,0.761,0.239,-0.034,Core Active,Core Relationship Customer,Moderate Risk,Moderate Cross-Sell Opportunity,Priority 3
C000165,P007,Term Insurance,Insurance,Protection,0.0,500000,3,False,True,51731,174804,2081.7,30,4.1,0.721,1,0.547,0.3485,1.0,0.0,0.761,0.239,-0.034,Core Active,Core Relationship Customer,Moderate Risk,Moderate Cross-Sell Opportunity,Priority 3
C000165,P008,Premium Banking,Banking,Premium,0.0,1000000,5,False,True,51731,174804,2081.7,30,4.1,0.721,1,0.547,0.3485,1.0,0.0,0.761,0.239,-0.034,Core Active,Core Relationship Customer,Moderate Risk,Moderate Cross-Sell Opportunity,Priority 3
C000166,P003,Rewards Credit Card,Credit Card,Cards,0.28,30000,2,False,True,134740,452727,5976.8,38,4.7,0.636,2,0.667,0.5005,0.25,1.0,0.68,0.32,-0.018,Premium High-Value,Premium Relationship Customer,Moderate Risk,Moderate Cross-Sell Opportunity,Priority 2
C000166,P004,Personal Loan,Loan,Lending,0.115,75000,3,True,False,134740,452727,5976.8,38,4.7,0.636,2,0.667,0.5005,0.25,1.0,0.68,0.32,-0.018,Premium High-Value,Premium Relationship Customer,Moderate Risk,Moderate Cross-Sell Opportunity,Priority 2
C000166,P005,Home Loan,Loan,Lending,0.082,500000,4,False,True,134740,452727,5976.8,38,4.7,0.636,2,0.667,0.5005,0.25,1.0,0.68,0.32,-0.018,Premium High-Value,Premium Relationship Customer,Moderate Risk,Moderate Cross-Sell Opportunity,Priority 2
C000166,P006,Mutual Fund Plan,Investment,Wealth,0.1,10000,3,True,False,134740,452727,5976.8,38,4.7,0.636,2,0.667,0.5005,0.25,1.0,0.68,0.32,-0.018,Premium High-Value,Premium Relationship Customer,Moderate Risk,Moderate Cross-Sell Opportunity,Priority 2
C000166,P007,Term Insurance,Insurance,Protection,0.0,500000,3,False,True,134740,452727,5976.8,38,4.7,0.636,2,0.667,0.5005,0.25,1.0,0.68,0.32,-0.018,Premium High-Value,Premium Relationship Customer,Moderate Risk,Moderate Cross-Sell Opportunity,Priority 2
C000166,P008,Premium Banking,Banking,Premium,0.0,1000000,5,False,True,134740,452727,5976.8,38,4.7,0.636,2,0.667,0.5005,0.25,1.0,0.68,0.32,-0.018,Premium High-Value,Premium Relationship Customer,Moderate Risk,Moderate Cross-Sell Opportunity,Priority 2
C000167,P003,Rewards Credit Card,Credit Card,Cards,0.28,30000,2,True,False,187102,960338,8999.27,47,3.8,0.865,6,0.645,0.622,0.5,0.0,0.817,0.183,0.086,Premium High-Value,Premium Digital Customer,Low Risk,Moderate Cross-Sell Opportunity,Priority 2
C000167,P004,Personal Loan,Loan,Lending,0.115,75000,3,True,False,187102,960338,8999.27,47,3.8,0.865,6,0.645,0.622,0.5,0.0,0.817,0.183,0.086,Premium High-Value,Premium Digital Customer,Low Risk,Moderate Cross-Sell Opportunity,Priority 2
C000167,P005,Home Loan,Loan,Lending,0.082,500000,4,False,True,187102,960338,8999.27,47,3.8,0.865,6,0.645,0.622,0.5,0.0,0.817,0.183,0.086,Premium High-Value,Premium Digital Customer,Low Risk,Moderate Cross-Sell Opportunity,Priority 2
C000167,P006,Mutual Fund Plan,Investment,Wealth,0.1,10000,3,True,False,187102,960338,8999.27,47,3.8,0.865,6,0.645,0.622,0.5,0.0,0.817,0.183,0.086,Premium High-Value,Premium Digital Customer,Low Risk,Moderate Cross-Sell Opportunity,Priority 2
C000167,P007,Term Insurance,Insurance,Protection,0.0,500000,3,True,False,187102,960338,8999.27,47,3.8,0.865,6,0.645,0.622,0.5,0.0,0.817,0.183,0.086,Premium High-Value,Premium Digital Customer,Low Risk,Moderate Cross-Sell Opportunity,Priority 2
C000167,P008,Premium Banking,Banking,Premium,0.0,1000000,5,False,True,187102,960338,8999.27,47,3.8,0.865,6,0.645,0.622,0.5,0.0,0.817,0.183,0.086,Premium High-Value,Premium Digital Customer,Low Risk,Moderate Cross-Sell Opportunity,Priority 2
C000168,P003,Rewards Credit Card,Credit Card,Cards,0.28,30000,2,False,True,63657,195283,3520.16,25,32.1,0.496,2,0.599,0.279,0.0,0.0,0.821,0.179,-0.129,Core Active,Core Relationship Customer,Critical Risk,Moderate Cross-Sell Opportunity,Priority 4
C000168,P004,Personal Loan,Loan,Lending,0.115,75000,3,False,True,63657,195283,3520.16,25,32.1,0.496,2,0.599,0.279,0.0,0.0,0.821,0.179,-0.129,Core Active,Core Relationship Customer,Critical Risk,Moderate Cross-Sell Opportunity,Priority 4
C000168,P005,Home Loan,Loan,Lending,0.082,500000,4,False,True,63657,195283,3520.16,25,32.1,0.496,2,0.599,0.279,0.0,0.0,0.821,0.179,-0.129,Core Active,Core Relationship Customer,Critical Risk,Moderate Cross-Sell Opportunity,Priority 4
C000168,P006,Mutual Fund Plan,Investment,Wealth,0.1,10000,3,False,True,63657,195283,3520.16,25,32.1,0.496,2,0.599,0.279,0.0,0.0,0.821,0.179,-0.129,Core Active,Core Relationship Customer,Critical Risk,Moderate Cross-Sell Opportunity,Priority 4
C000168,P007,Term Insurance,Insurance,Protection,0.0,500000,3,True,False,63657,195283,3520.16,25,32.1,0.496,2,0.599,0.279,0.0,0.0,0.821,0.179,-0.129,Core Active,Core Relationship Customer,Critical Risk,Moderate Cross-Sell Opportunity,Priority 4
C000168,P008,Premium Banking,Banking,Premium,0.0,1000000,5,False,True,63657,195283,3520.16,25,32.1,0.496,2,0.599,0.279,0.0,0.0,0.821,0.179,-0.129,Core Active,Core Relationship Customer,Critical Risk,Moderate Cross-Sell Opportunity,Priority 4
C000169,P003,Rewards Credit Card,Credit Card,Cards,0.28,30000,2,False,True,67408,455367,2465.57,38,12.0,0.408,1,0.441,0.53325,0.25,0.0,0.675,0.325,0.05,Core Active,Core Relationship Customer,Moderate Risk,Moderate Cross-Sell Opportunity,Priority 3
C000169,P004,Personal Loan,Loan,Lending,0.115,75000,3,False,True,67408,455367,2465.57,38,12.0,0.408,1,0.441,0.53325,0.25,0.0,0.675,0.325,0.05,Core Active,Core Relationship Customer,Moderate Risk,Moderate Cross-Sell Opportunity,Priority 3
C000169,P005,Home Loan,Loan,Lending,0.082,500000,4,False,True,67408,455367,2465.57,38,12.0,0.408,1,0.441,0.53325,0.25,0.0,0.675,0.325,0.05,Core Active,Core Relationship Customer,Moderate Risk,Moderate Cross-Sell Opportunity,Priority 3
C000169,P006,Mutual Fund Plan,Investment,Wealth,0.1,10000,3,False,True,67408,455367,2465.57,38,12.0,0.408,1,0.441,0.53325,0.25,0.0,0.675,0.325,0.05,Core Active,Core Relationship Customer,Moderate Risk,Moderate Cross-Sell Opportunity,Priority 3
C000169,P007,Term Insurance,Insurance,Protection,0.0,500000,3,False,True,67408,455367,2465.57,38,12.0,0.408,1,0.441,0.53325,0.25,0.0,0.675,0.325,0.05,Core Active,Core Relationship Customer,Moderate Risk,Moderate Cross-Sell Opportunity,Priority 3
C000169,P008,Premium Banking,Banking,Premium,0.0,1000000,5,False,True,67408,455367,2465.57,38,12.0,0.408,1,0.441,0.53325,0.25,0.0,0.675,0.325,0.05,Core Active,Core Relationship Customer,Moderate Risk,Moderate Cross-Sell Opportunity,Priority 3
C000170,P003,Rewards Credit Card,Credit Card,Cards,0.28,30000,2,True,False,229080,1137322,11053.35,54,2.6,0.732,3,0.67,0.7145,0.75,0.3333333333333333,0.936,0.064,-0.088,Premium High-Value,Premium Digital Customer,Low Risk,Moderate Cross-Sell Opportunity,Priority 2
C000170,P004,Personal Loan,Loan,Lending,0.115,75000,3,False,True,229080,1137322,11053.35,54,2.6,0.732,3,0.67,0.7145,0.75,0.3333333333333333,0.936,0.064,-0.088,Premium High-Value,Premium Digital Customer,Low Risk,Moderate Cross-Sell Opportunity,Priority 2
C000170,P005,Home Loan,Loan,Lending,0.082,500000,4,False,True,229080,1137322,11053.35,54,2.6,0.732,3,0.67,0.7145,0.75,0.3333333333333333,0.936,0.064,-0.088,Premium High-Value,Premium Digital Customer,Low Risk,Moderate Cross-Sell Opportunity,Priority 2
C000170,P006,Mutual Fund Plan,Investment,Wealth,0.1,10000,3,False,True,229080,1137322,11053.35,54,2.6,0.732,3,0.67,0.7145,0.75,0.3333333333333333,0.936,0.064,-0.088,Premium High-Value,Premium Digital Customer,Low Risk,Moderate Cross-Sell Opportunity,Priority 2
C000170,P007,Term Insurance,Insurance,Protection,0.0,500000,3,True,False,229080,1137322,11053.35,54,2.6,0.732,3,0.67,0.7145,0.75,0.3333333333333333,0.936,0.064,-0.088,Premium High-Value,Premium Digital Customer,Low Risk,Moderate Cross-Sell Opportunity,Priority 2
C000170,P008,Premium Banking,Banking,Premium,0.0,1000000,5,False,True,229080,1137322,11053.35,54,2.6,0.732,3,0.67,0.7145,0.75,0.3333333333333333,0.936,0.064,-0.088,Premium High-Value,Premium Digital Customer,Low Risk,Moderate Cross-Sell Opportunity,Priority 2
C000171,P003,Rewards Credit Card,Credit Card,Cards,0.28,30000,2,True,False,136227,754819,7109.14,48,4.1,0.491,4,0.575,0.4934,0.2,1.0,0.736,0.264,-0.006,Premium High-Value,Premium Relationship Customer,Moderate Risk,Moderate Cross-Sell Opportunity,Priority 2
C000171,P004,Personal Loan,Loan,Lending,0.115,75000,3,False,True,136227,754819,7109.14,48,4.1,0.491,4,0.575,0.4934,0.2,1.0,0.736,0.264,-0.006,Premium High-Value,Premium Relationship Customer,Moderate Risk,Moderate Cross-Sell Opportunity,Priority 2
C000171,P005,Home Loan,Loan,Lending,0.082,500000,4,False,True,136227,754819,7109.14,48,4.1,0.491,4,0.575,0.4934,0.2,1.0,0.736,0.264,-0.006,Premium High-Value,Premium Relationship Customer,Moderate Risk,Moderate Cross-Sell Opportunity,Priority 2
C000171,P006,Mutual Fund Plan,Investment,Wealth,0.1,10000,3,True,False,136227,754819,7109.14,48,4.1,0.491,4,0.575,0.4934,0.2,1.0,0.736,0.264,-0.006,Premium High-Value,Premium Relationship Customer,Moderate Risk,Moderate Cross-Sell Opportunity,Priority 2
C000171,P007,Term Insurance,Insurance,Protection,0.0,500000,3,True,False,136227,754819,7109.14,48,4.1,0.491,4,0.575,0.4934,0.2,1.0,0.736,0.264,-0.006,Premium High-Value,Premium Relationship Customer,Moderate Risk,Moderate Cross-Sell Opportunity,Priority 2
C000171,P008,Premium Banking,Banking,Premium,0.0,1000000,5,False,True,136227,754819,7109.14,48,4.1,0.491,4,0.575,0.4934,0.2,1.0,0.736,0.264,-0.006,Premium High-Value,Premium Relationship Customer,Moderate Risk,Moderate Cross-Sell Opportunity,Priority 2
C000172,P003,Rewards Credit Card,Credit Card,Cards,0.28,30000,2,False,True,55263,89332,1268.25,25,3.3,0.689,1,0.612,0.4004999999999999,0.5,0.0,0.691,0.309,0.039,Core Active,Core Relationship Customer,Low Risk,Moderate Cross-Sell Opportunity,Priority 3
C000172,P004,Personal Loan,Loan,Lending,0.115,75000,3,False,True,55263,89332,1268.25,25,3.3,0.689,1,0.612,0.4004999999999999,0.5,0.0,0.691,0.309,0.039,Core Active,Core Relationship Customer,Low Risk,Moderate Cross-Sell Opportunity,Priority 3
C000172,P005,Home Loan,Loan,Lending,0.082,500000,4,False,True,55263,89332,1268.25,25,3.3,0.689,1,0.612,0.4004999999999999,0.5,0.0,0.691,0.309,0.039,Core Active,Core Relationship Customer,Low Risk,Moderate Cross-Sell Opportunity,Priority 3
C000172,P006,Mutual Fund Plan,Investment,Wealth,0.1,10000,3,False,True,55263,89332,1268.25,25,3.3,0.689,1,0.612,0.4004999999999999,0.5,0.0,0.691,0.309,0.039,Core Active,Core Relationship Customer,Low Risk,Moderate Cross-Sell Opportunity,Priority 3
C000172,P007,Term Insurance,Insurance,Protection,0.0,500000,3,False,True,55263,89332,1268.25,25,3.3,0.689,1,0.612,0.4004999999999999,0.5,0.0,0.691,0.309,0.039,Core Active,Core Relationship Customer,Low Risk,Moderate Cross-Sell Opportunity,Priority 3
C000172,P008,Premium Banking,Banking,Premium,0.0,1000000,5,False,True,55263,89332,1268.25,25,3.3,0.689,1,0.612,0.4004999999999999,0.5,0.0,0.691,0.309,0.039,Core Active,Core Relationship Customer,Low Risk,Moderate Cross-Sell Opportunity,Priority 3
C000173,P003,Rewards Credit Card,Credit Card,Cards,0.28,30000,2,True,False,80140,348406,4084.6,36,9.2,0.72,2,0.733,0.4745,1.0,0.0,0.737,0.263,-0.135,Core Active,Core Digital Customer,Moderate Risk,Moderate Cross-Sell Opportunity,Priority 2
C000173,P004,Personal Loan,Loan,Lending,0.115,75000,3,False,True,80140,348406,4084.6,36,9.2,0.72,2,0.733,0.4745,1.0,0.0,0.737,0.263,-0.135,Core Active,Core Digital Customer,Moderate Risk,Moderate Cross-Sell Opportunity,Priority 2
C000173,P005,Home Loan,Loan,Lending,0.082,500000,4,False,True,80140,348406,4084.6,36,9.2,0.72,2,0.733,0.4745,1.0,0.0,0.737,0.263,-0.135,Core Active,Core Digital Customer,Moderate Risk,Moderate Cross-Sell Opportunity,Priority 2
C000173,P006,Mutual Fund Plan,Investment,Wealth,0.1,10000,3,False,True,80140,348406,4084.6,36,9.2,0.72,2,0.733,0.4745,1.0,0.0,0.737,0.263,-0.135,Core Active,Core Digital Customer,Moderate Risk,Moderate Cross-Sell Opportunity,Priority 2
C000173,P007,Term Insurance,Insurance,Protection,0.0,500000,3,False,True,80140,348406,4084.6,36,9.2,0.72,2,0.733,0.4745,1.0,0.0,0.737,0.263,-0.135,Core Active,Core Digital Customer,Moderate Risk,Moderate Cross-Sell Opportunity,Priority 2
C000173,P008,Premium Banking,Banking,Premium,0.0,1000000,5,False,True,80140,348406,4084.6,36,9.2,0.72,2,0.733,0.4745,1.0,0.0,0.737,0.263,-0.135,Core Active,Core Digital Customer,Moderate Risk,Moderate Cross-Sell Opportunity,Priority 2
C000174,P003,Rewards Credit Card,Credit Card,Cards,0.28,30000,2,False,True,63957,338330,1287.19,49,12.1,0.608,1,0.613,0.505,0.0,0.0,0.798,0.202,-0.19,Core Active,Core Relationship Customer,Moderate Risk,Moderate Cross-Sell Opportunity,Priority 3
C000174,P004,Personal Loan,Loan,Lending,0.115,75000,3,False,True,63957,338330,1287.19,49,12.1,0.608,1,0.613,0.505,0.0,0.0,0.798,0.202,-0.19,Core Active,Core Relationship Customer,Moderate Risk,Moderate Cross-Sell Opportunity,Priority 3
C000174,P005,Home Loan,Loan,Lending,0.082,500000,4,False,True,63957,338330,1287.19,49,12.1,0.608,1,0.613,0.505,0.0,0.0,0.798,0.202,-0.19,Core Active,Core Relationship Customer,Moderate Risk,Moderate Cross-Sell Opportunity,Priority 3
C000174,P006,Mutual Fund Plan,Investment,Wealth,0.1,10000,3,False,True,63957,338330,1287.19,49,12.1,0.608,1,0.613,0.505,0.0,0.0,0.798,0.202,-0.19,Core Active,Core Relationship Customer,Moderate Risk,Moderate Cross-Sell Opportunity,Priority 3
C000174,P007,Term Insurance,Insurance,Protection,0.0,500000,3,False,True,63957,338330,1287.19,49,12.1,0.608,1,0.613,0.505,0.0,0.0,0.798,0.202,-0.19,Core Active,Core Relationship Customer,Moderate Risk,Moderate Cross-Sell Opportunity,Priority 3
C000174,P008,Premium Banking,Banking,Premium,0.0,1000000,5,False,True,63957,338330,1287.19,49,12.1,0.608,1,0.613,0.505,0.0,0.0,0.798,0.202,-0.19,Core Active,Core Relationship Customer,Moderate Risk,Moderate Cross-Sell Opportunity,Priority 3
C000175,P003,Rewards Credit Card,Credit Card,Cards,0.28,30000,2,True,False,148137,921172,6999.03,57,7.9,0.438,3,0.612,0.455,0.0,0.0,0.837,0.163,-0.051,Premium High-Value,Premium Relationship Customer,Moderate Risk,Moderate Cross-Sell Opportunity,Priority 3
C000175,P004,Personal Loan,Loan,Lending,0.115,75000,3,False,True,148137,921172,6999.03,57,7.9,0.438,3,0.612,0.455,0.0,0.0,0.837,0.163,-0.051,Premium High-Value,Premium Relationship Customer,Moderate Risk,Moderate Cross-Sell Opportunity,Priority 3
C000175,P005,Home Loan,Loan,Lending,0.082,500000,4,False,True,148137,921172,6999.03,57,7.9,0.438,3,0.612,0.455,0.0,0.0,0.837,0.163,-0.051,Premium High-Value,Premium Relationship Customer,Moderate Risk,Moderate Cross-Sell Opportunity,Priority 3
C000175,P006,Mutual Fund Plan,Investment,Wealth,0.1,10000,3,True,False,148137,921172,6999.03,57,7.9,0.438,3,0.612,0.455,0.0,0.0,0.837,0.163,-0.051,Premium High-Value,Premium Relationship Customer,Moderate Risk,Moderate Cross-Sell Opportunity,Priority 3
C000175,P007,Term Insurance,Insurance,Protection,0.0,500000,3,False,True,148137,921172,6999.03,57,7.9,0.438,3,0.612,0.455,0.0,0.0,0.837,0.163,-0.051,Premium High-Value,Premium Relationship Customer,Moderate Risk,Moderate Cross-Sell Opportunity,Priority 3
C000175,P008,Premium Banking,Banking,Premium,0.0,1000000,5,False,True,148137,921172,6999.03,57,7.9,0.438,3,0.612,0.455,0.0,0.0,0.837,0.163,-0.051,Premium High-Value,Premium Relationship Customer,Moderate Risk,Moderate Cross-Sell Opportunity,Priority 3
C000176,P003,Rewards Credit Card,Credit Card,Cards,0.28,30000,2,True,False,223280,1112385,11729.77,52,7.4,0.506,5,0.551,0.5854,0.6,0.0,0.764,0.236,-0.055,Premium High-Value,Premium Relationship Customer,Moderate Risk,Moderate Cross-Sell Opportunity,Priority 3
C000176,P004,Personal Loan,Loan,Lending,0.115,75000,3,False,True,223280,1112385,11729.77,52,7.4,0.506,5,0.551,0.5854,0.6,0.0,0.764,0.236,-0.055,Premium High-Value,Premium Relationship Customer,Moderate Risk,Moderate Cross-Sell Opportunity,Priority 3
C000176,P005,Home Loan,Loan,Lending,0.082,500000,4,True,False,223280,1112385,11729.77,52,7.4,0.506,5,0.551,0.5854,0.6,0.0,0.764,0.236,-0.055,Premium High-Value,Premium Relationship Customer,Moderate Risk,Moderate Cross-Sell Opportunity,Priority 3
C000176,P006,Mutual Fund Plan,Investment,Wealth,0.1,10000,3,True,False,223280,1112385,11729.77,52,7.4,0.506,5,0.551,0.5854,0.6,0.0,0.764,0.236,-0.055,Premium High-Value,Premium Relationship Customer,Moderate Risk,Moderate Cross-Sell Opportunity,Priority 3
C000176,P007,Term Insurance,Insurance,Protection,0.0,500000,3,True,False,223280,1112385,11729.77,52,7.4,0.506,5,0.551,0.5854,0.6,0.0,0.764,0.236,-0.055,Premium High-Value,Premium Relationship Customer,Moderate Risk,Moderate Cross-Sell Opportunity,Priority 3
C000176,P008,Premium Banking,Banking,Premium,0.0,1000000,5,False,True,223280,1112385,11729.77,52,7.4,0.506,5,0.551,0.5854,0.6,0.0,0.764,0.236,-0.055,Premium High-Value,Premium Relationship Customer,Moderate Risk,Moderate Cross-Sell Opportunity,Priority 3
C000177,P003,Rewards Credit Card,Credit Card,Cards,0.28,30000,2,False,True,70641,192519,2007.79,6,180.0,0.274,1,0.34,0.34125,0.5,0.5,0.808,0.192,0.026,Dormant / Declining,Dormant Reactivation Target,Critical Risk,Low Cross-Sell Opportunity,Priority 3
C000177,P004,Personal Loan,Loan,Lending,0.115,75000,3,False,True,70641,192519,2007.79,6,180.0,0.274,1,0.34,0.34125,0.5,0.5,0.808,0.192,0.026,Dormant / Declining,Dormant Reactivation Target,Critical Risk,Low Cross-Sell Opportunity,Priority 3
C000177,P005,Home Loan,Loan,Lending,0.082,500000,4,False,True,70641,192519,2007.79,6,180.0,0.274,1,0.34,0.34125,0.5,0.5,0.808,0.192,0.026,Dormant / Declining,Dormant Reactivation Target,Critical Risk,Low Cross-Sell Opportunity,Priority 3
C000177,P006,Mutual Fund Plan,Investment,Wealth,0.1,10000,3,False,True,70641,192519,2007.79,6,180.0,0.274,1,0.34,0.34125,0.5,0.5,0.808,0.192,0.026,Dormant / Declining,Dormant Reactivation Target,Critical Risk,Low Cross-Sell Opportunity,Priority 3
C000177,P007,Term Insurance,Insurance,Protection,0.0,500000,3,False,True,70641,192519,2007.79,6,180.0,0.274,1,0.34,0.34125,0.5,0.5,0.808,0.192,0.026,Dormant / Declining,Dormant Reactivation Target,Critical Risk,Low Cross-Sell Opportunity,Priority 3
C000177,P008,Premium Banking,Banking,Premium,0.0,1000000,5,False,True,70641,192519,2007.79,6,180.0,0.274,1,0.34,0.34125,0.5,0.5,0.808,0.192,0.026,Dormant / Declining,Dormant Reactivation Target,Critical Risk,Low Cross-Sell Opportunity,Priority 3
C000178,P003,Rewards Credit Card,Credit Card,Cards,0.28,30000,2,False,True,68036,541134,2341.48,41,10.9,0.37,1,0.441,0.249,0.25,1.0,0.581,0.419,0.164,Core Active,Core Relationship Customer,Moderate Risk,Moderate Cross-Sell Opportunity,Priority 3
C000178,P004,Personal Loan,Loan,Lending,0.115,75000,3,False,True,68036,541134,2341.48,41,10.9,0.37,1,0.441,0.249,0.25,1.0,0.581,0.419,0.164,Core Active,Core Relationship Customer,Moderate Risk,Moderate Cross-Sell Opportunity,Priority 3
C000178,P005,Home Loan,Loan,Lending,0.082,500000,4,False,True,68036,541134,2341.48,41,10.9,0.37,1,0.441,0.249,0.25,1.0,0.581,0.419,0.164,Core Active,Core Relationship Customer,Moderate Risk,Moderate Cross-Sell Opportunity,Priority 3
C000178,P006,Mutual Fund Plan,Investment,Wealth,0.1,10000,3,False,True,68036,541134,2341.48,41,10.9,0.37,1,0.441,0.249,0.25,1.0,0.581,0.419,0.164,Core Active,Core Relationship Customer,Moderate Risk,Moderate Cross-Sell Opportunity,Priority 3
C000178,P007,Term Insurance,Insurance,Protection,0.0,500000,3,False,True,68036,541134,2341.48,41,10.9,0.37,1,0.441,0.249,0.25,1.0,0.581,0.419,0.164,Core Active,Core Relationship Customer,Moderate Risk,Moderate Cross-Sell Opportunity,Priority 3
C000178,P008,Premium Banking,Banking,Premium,0.0,1000000,5,False,True,68036,541134,2341.48,41,10.9,0.37,1,0.441,0.249,0.25,1.0,0.581,0.419,0.164,Core Active,Core Relationship Customer,Moderate Risk,Moderate Cross-Sell Opportunity,Priority 3
C000179,P003,Rewards Credit Card,Credit Card,Cards,0.28,30000,2,True,False,129396,278594,5047.02,52,1.8,0.347,2,0.533,0.501,0.5,0.0,0.632,0.368,-0.046,Core Active,Core High-Activity Customer,Low Risk,Moderate Cross-Sell Opportunity,Priority 3
C000179,P004,Personal Loan,Loan,Lending,0.115,75000,3,False,True,129396,278594,5047.02,52,1.8,0.347,2,0.533,0.501,0.5,0.0,0.632,0.368,-0.046,Core Active,Core High-Activity Customer,Low Risk,Moderate Cross-Sell Opportunity,Priority 3
C000179,P005,Home Loan,Loan,Lending,0.082,500000,4,False,True,129396,278594,5047.02,52,1.8,0.347,2,0.533,0.501,0.5,0.0,0.632,0.368,-0.046,Core Active,Core High-Activity Customer,Low Risk,Moderate Cross-Sell Opportunity,Priority 3
C000179,P006,Mutual Fund Plan,Investment,Wealth,0.1,10000,3,False,True,129396,278594,5047.02,52,1.8,0.347,2,0.533,0.501,0.5,0.0,0.632,0.368,-0.046,Core Active,Core High-Activity Customer,Low Risk,Moderate Cross-Sell Opportunity,Priority 3
C000179,P007,Term Insurance,Insurance,Protection,0.0,500000,3,False,True,129396,278594,5047.02,52,1.8,0.347,2,0.533,0.501,0.5,0.0,0.632,0.368,-0.046,Core Active,Core High-Activity Customer,Low Risk,Moderate Cross-Sell Opportunity,Priority 3
C000179,P008,Premium Banking,Banking,Premium,0.0,1000000,5,False,True,129396,278594,5047.02,52,1.8,0.347,2,0.533,0.501,0.5,0.0,0.632,0.368,-0.046,Core Active,Core High-Activity Customer,Low Risk,Moderate Cross-Sell Opportunity,Priority 3
C000180,P003,Rewards Credit Card,Credit Card,Cards,0.28,30000,2,False,True,59863,367851,2867.92,31,4.0,0.852,1,0.647,0.4606666666666667,0.0,0.0,0.804,0.196,0.05,Core Active,Core Digital Customer,Low Risk,Moderate Cross-Sell Opportunity,Priority 3
C000180,P004,Personal Loan,Loan,Lending,0.115,75000,3,False,True,59863,367851,2867.92,31,4.0,0.852,1,0.647,0.4606666666666667,0.0,0.0,0.804,0.196,0.05,Core Active,Core Digital Customer,Low Risk,Moderate Cross-Sell Opportunity,Priority 3
C000180,P005,Home Loan,Loan,Lending,0.082,500000,4,False,True,59863,367851,2867.92,31,4.0,0.852,1,0.647,0.4606666666666667,0.0,0.0,0.804,0.196,0.05,Core Active,Core Digital Customer,Low Risk,Moderate Cross-Sell Opportunity,Priority 3
C000180,P006,Mutual Fund Plan,Investment,Wealth,0.1,10000,3,False,True,59863,367851,2867.92,31,4.0,0.852,1,0.647,0.4606666666666667,0.0,0.0,0.804,0.196,0.05,Core Active,Core Digital Customer,Low Risk,Moderate Cross-Sell Opportunity,Priority 3
C000180,P007,Term Insurance,Insurance,Protection,0.0,500000,3,False,True,59863,367851,2867.92,31,4.0,0.852,1,0.647,0.4606666666666667,0.0,0.0,0.804,0.196,0.05,Core Active,Core Digital Customer,Low Risk,Moderate Cross-Sell Opportunity,Priority 3
C000180,P008,Premium Banking,Banking,Premium,0.0,1000000,5,False,True,59863,367851,2867.92,31,4.0,0.852,1,0.647,0.4606666666666667,0.0,0.0,0.804,0.196,0.05,Core Active,Core Digital Customer,Low Risk,Moderate Cross-Sell Opportunity,Priority 3
C000181,P003,Rewards Credit Card,Credit Card,Cards,0.28,30000,2,True,False,95377,415690,4824.0,40,9.7,0.293,4,0.437,0.27925,0.5,0.0,0.771,0.229,-0.06,Core Active,Core Relationship Customer,High Risk,Low Cross-Sell Opportunity,Priority 3
C000181,P004,Personal Loan,Loan,Lending,0.115,75000,3,False,True,95377,415690,4824.0,40,9.7,0.293,4,0.437,0.27925,0.5,0.0,0.771,0.229,-0.06,Core Active,Core Relationship Customer,High Risk,Low Cross-Sell Opportunity,Priority 3
C000181,P005,Home Loan,Loan,Lending,0.082,500000,4,False,True,95377,415690,4824.0,40,9.7,0.293,4,0.437,0.27925,0.5,0.0,0.771,0.229,-0.06,Core Active,Core Relationship Customer,High Risk,Low Cross-Sell Opportunity,Priority 3
C000181,P006,Mutual Fund Plan,Investment,Wealth,0.1,10000,3,True,False,95377,415690,4824.0,40,9.7,0.293,4,0.437,0.27925,0.5,0.0,0.771,0.229,-0.06,Core Active,Core Relationship Customer,High Risk,Low Cross-Sell Opportunity,Priority 3
C000181,P007,Term Insurance,Insurance,Protection,0.0,500000,3,True,False,95377,415690,4824.0,40,9.7,0.293,4,0.437,0.27925,0.5,0.0,0.771,0.229,-0.06,Core Active,Core Relationship Customer,High Risk,Low Cross-Sell Opportunity,Priority 3
C000181,P008,Premium Banking,Banking,Premium,0.0,1000000,5,False,True,95377,415690,4824.0,40,9.7,0.293,4,0.437,0.27925,0.5,0.0,0.771,0.229,-0.06,Core Active,Core Relationship Customer,High Risk,Low Cross-Sell Opportunity,Priority 3
C000182,P003,Rewards Credit Card,Credit Card,Cards,0.28,30000,2,False,True,49901,24480,1791.67,26,1.1,0.856,1,0.596,0.347,0.3333333333333333,0.0,0.641,0.359,-0.021,Core Active,Core Digital Customer,Moderate Risk,Moderate Cross-Sell Opportunity,Priority 3
C000182,P004,Personal Loan,Loan,Lending,0.115,75000,3,False,True,49901,24480,1791.67,26,1.1,0.856,1,0.596,0.347,0.3333333333333333,0.0,0.641,0.359,-0.021,Core Active,Core Digital Customer,Moderate Risk,Moderate Cross-Sell Opportunity,Priority 3
C000182,P005,Home Loan,Loan,Lending,0.082,500000,4,False,True,49901,24480,1791.67,26,1.1,0.856,1,0.596,0.347,0.3333333333333333,0.0,0.641,0.359,-0.021,Core Active,Core Digital Customer,Moderate Risk,Moderate Cross-Sell Opportunity,Priority 3
C000182,P006,Mutual Fund Plan,Investment,Wealth,0.1,10000,3,False,True,49901,24480,1791.67,26,1.1,0.856,1,0.596,0.347,0.3333333333333333,0.0,0.641,0.359,-0.021,Core Active,Core Digital Customer,Moderate Risk,Moderate Cross-Sell Opportunity,Priority 3
C000182,P007,Term Insurance,Insurance,Protection,0.0,500000,3,False,True,49901,24480,1791.67,26,1.1,0.856,1,0.596,0.347,0.3333333333333333,0.0,0.641,0.359,-0.021,Core Active,Core Digital Customer,Moderate Risk,Moderate Cross-Sell Opportunity,Priority 3
C000182,P008,Premium Banking,Banking,Premium,0.0,1000000,5,False,True,49901,24480,1791.67,26,1.1,0.856,1,0.596,0.347,0.3333333333333333,0.0,0.641,0.359,-0.021,Core Active,Core Digital Customer,Moderate Risk,Moderate Cross-Sell Opportunity,Priority 3
C000183,P003,Rewards Credit Card,Credit Card,Cards,0.28,30000,2,True,False,65010,627218,1579.9,8,106.7,0.371,1,0.431,0.39725,0.5,0.0,0.883,0.117,-0.144,At Risk,At-Risk Declining Customer,Critical Risk,Moderate Cross-Sell Opportunity,Priority 3
C000183,P004,Personal Loan,Loan,Lending,0.115,75000,3,False,True,65010,627218,1579.9,8,106.7,0.371,1,0.431,0.39725,0.5,0.0,0.883,0.117,-0.144,At Risk,At-Risk Declining Customer,Critical Risk,Moderate Cross-Sell Opportunity,Priority 3
C000183,P005,Home Loan,Loan,Lending,0.082,500000,4,False,True,65010,627218,1579.9,8,106.7,0.371,1,0.431,0.39725,0.5,0.0,0.883,0.117,-0.144,At Risk,At-Risk Declining Customer,Critical Risk,Moderate Cross-Sell Opportunity,Priority 3
C000183,P006,Mutual Fund Plan,Investment,Wealth,0.1,10000,3,False,True,65010,627218,1579.9,8,106.7,0.371,1,0.431,0.39725,0.5,0.0,0.883,0.117,-0.144,At Risk,At-Risk Declining Customer,Critical Risk,Moderate Cross-Sell Opportunity,Priority 3
C000183,P007,Term Insurance,Insurance,Protection,0.0,500000,3,False,True,65010,627218,1579.9,8,106.7,0.371,1,0.431,0.39725,0.5,0.0,0.883,0.117,-0.144,At Risk,At-Risk Declining Customer,Critical Risk,Moderate Cross-Sell Opportunity,Priority 3
C000183,P008,Premium Banking,Banking,Premium,0.0,1000000,5,False,True,65010,627218,1579.9,8,106.7,0.371,1,0.431,0.39725,0.5,0.0,0.883,0.117,-0.144,At Risk,At-Risk Declining Customer,Critical Risk,Moderate Cross-Sell Opportunity,Priority 3
C000184,P003,Rewards Credit Card,Credit Card,Cards,0.28,30000,2,False,True,84484,245769,3642.12,44,8.6,0.463,4,0.659,0.4246666666666667,0.6666666666666666,0.5,0.621,0.379,0.011,Core Active,Core Relationship Customer,Low Risk,Moderate Cross-Sell Opportunity,Priority 3
C000184,P004,Personal Loan,Loan,Lending,0.115,75000,3,False,True,84484,245769,3642.12,44,8.6,0.463,4,0.659,0.4246666666666667,0.6666666666666666,0.5,0.621,0.379,0.011,Core Active,Core Relationship Customer,Low Risk,Moderate Cross-Sell Opportunity,Priority 3
C000184,P005,Home Loan,Loan,Lending,0.082,500000,4,False,True,84484,245769,3642.12,44,8.6,0.463,4,0.659,0.4246666666666667,0.6666666666666666,0.5,0.621,0.379,0.011,Core Active,Core Relationship Customer,Low Risk,Moderate Cross-Sell Opportunity,Priority 3
C000184,P006,Mutual Fund Plan,Investment,Wealth,0.1,10000,3,True,False,84484,245769,3642.12,44,8.6,0.463,4,0.659,0.4246666666666667,0.6666666666666666,0.5,0.621,0.379,0.011,Core Active,Core Relationship Customer,Low Risk,Moderate Cross-Sell Opportunity,Priority 3
C000184,P007,Term Insurance,Insurance,Protection,0.0,500000,3,True,False,84484,245769,3642.12,44,8.6,0.463,4,0.659,0.4246666666666667,0.6666666666666666,0.5,0.621,0.379,0.011,Core Active,Core Relationship Customer,Low Risk,Moderate Cross-Sell Opportunity,Priority 3
C000184,P008,Premium Banking,Banking,Premium,0.0,1000000,5,False,True,84484,245769,3642.12,44,8.6,0.463,4,0.659,0.4246666666666667,0.6666666666666666,0.5,0.621,0.379,0.011,Core Active,Core Relationship Customer,Low Risk,Moderate Cross-Sell Opportunity,Priority 3
C000185,P003,Rewards Credit Card,Credit Card,Cards,0.28,30000,2,False,True,74318,212312,4168.25,37,5.8,0.749,1,0.716,0.363,0.25,0.0,0.745,0.255,-0.013,Core Active,Core Digital Customer,Moderate Risk,Moderate Cross-Sell Opportunity,Priority 2
C000185,P004,Personal Loan,Loan,Lending,0.115,75000,3,False,True,74318,212312,4168.25,37,5.8,0.749,1,0.716,0.363,0.25,0.0,0.745,0.255,-0.013,Core Active,Core Digital Customer,Moderate Risk,Moderate Cross-Sell Opportunity,Priority 2
C000185,P005,Home Loan,Loan,Lending,0.082,500000,4,False,True,74318,212312,4168.25,37,5.8,0.749,1,0.716,0.363,0.25,0.0,0.745,0.255,-0.013,Core Active,Core Digital Customer,Moderate Risk,Moderate Cross-Sell Opportunity,Priority 2
C000185,P006,Mutual Fund Plan,Investment,Wealth,0.1,10000,3,False,True,74318,212312,4168.25,37,5.8,0.749,1,0.716,0.363,0.25,0.0,0.745,0.255,-0.013,Core Active,Core Digital Customer,Moderate Risk,Moderate Cross-Sell Opportunity,Priority 2
C000185,P007,Term Insurance,Insurance,Protection,0.0,500000,3,False,True,74318,212312,4168.25,37,5.8,0.749,1,0.716,0.363,0.25,0.0,0.745,0.255,-0.013,Core Active,Core Digital Customer,Moderate Risk,Moderate Cross-Sell Opportunity,Priority 2
C000185,P008,Premium Banking,Banking,Premium,0.0,1000000,5,False,True,74318,212312,4168.25,37,5.8,0.749,1,0.716,0.363,0.25,0.0,0.745,0.255,-0.013,Core Active,Core Digital Customer,Moderate Risk,Moderate Cross-Sell Opportunity,Priority 2
C000186,P003,Rewards Credit Card,Credit Card,Cards,0.28,30000,2,True,False,66530,194395,2898.53,27,13.2,0.694,2,0.67,0.3135,0.5,0.0,0.766,0.234,-0.067,Core Active,Core Relationship Customer,High Risk,Moderate Cross-Sell Opportunity,Priority 3
C000186,P004,Personal Loan,Loan,Lending,0.115,75000,3,False,True,66530,194395,2898.53,27,13.2,0.694,2,0.67,0.3135,0.5,0.0,0.766,0.234,-0.067,Core Active,Core Relationship Customer,High Risk,Moderate Cross-Sell Opportunity,Priority 3
C000186,P005,Home Loan,Loan,Lending,0.082,500000,4,False,True,66530,194395,2898.53,27,13.2,0.694,2,0.67,0.3135,0.5,0.0,0.766,0.234,-0.067,Core Active,Core Relationship Customer,High Risk,Moderate Cross-Sell Opportunity,Priority 3
C000186,P006,Mutual Fund Plan,Investment,Wealth,0.1,10000,3,False,True,66530,194395,2898.53,27,13.2,0.694,2,0.67,0.3135,0.5,0.0,0.766,0.234,-0.067,Core Active,Core Relationship Customer,High Risk,Moderate Cross-Sell Opportunity,Priority 3
C000186,P007,Term Insurance,Insurance,Protection,0.0,500000,3,False,True,66530,194395,2898.53,27,13.2,0.694,2,0.67,0.3135,0.5,0.0,0.766,0.234,-0.067,Core Active,Core Relationship Customer,High Risk,Moderate Cross-Sell Opportunity,Priority 3
C000186,P008,Premium Banking,Banking,Premium,0.0,1000000,5,False,True,66530,194395,2898.53,27,13.2,0.694,2,0.67,0.3135,0.5,0.0,0.766,0.234,-0.067,Core Active,Core Relationship Customer,High Risk,Moderate Cross-Sell Opportunity,Priority 3
C000187,P003,Rewards Credit Card,Credit Card,Cards,0.28,30000,2,True,False,67612,55012,2184.4,7,48.0,0.18,2,0.364,0.264,0.0,0.0,0.821,0.179,-0.084,At Risk,At-Risk Engagement Customer,Critical Risk,Low Cross-Sell Opportunity,Priority 4
C000187,P004,Personal Loan,Loan,Lending,0.115,75000,3,False,True,67612,55012,2184.4,7,48.0,0.18,2,0.364,0.264,0.0,0.0,0.821,0.179,-0.084,At Risk,At-Risk Engagement Customer,Critical Risk,Low Cross-Sell Opportunity,Priority 4
C000187,P005,Home Loan,Loan,Lending,0.082,500000,4,False,True,67612,55012,2184.4,7,48.0,0.18,2,0.364,0.264,0.0,0.0,0.821,0.179,-0.084,At Risk,At-Risk Engagement Customer,Critical Risk,Low Cross-Sell Opportunity,Priority 4
C000187,P006,Mutual Fund Plan,Investment,Wealth,0.1,10000,3,False,True,67612,55012,2184.4,7,48.0,0.18,2,0.364,0.264,0.0,0.0,0.821,0.179,-0.084,At Risk,At-Risk Engagement Customer,Critical Risk,Low Cross-Sell Opportunity,Priority 4
C000187,P007,Term Insurance,Insurance,Protection,0.0,500000,3,False,True,67612,55012,2184.4,7,48.0,0.18,2,0.364,0.264,0.0,0.0,0.821,0.179,-0.084,At Risk,At-Risk Engagement Customer,Critical Risk,Low Cross-Sell Opportunity,Priority 4
C000187,P008,Premium Banking,Banking,Premium,0.0,1000000,5,False,True,67612,55012,2184.4,7,48.0,0.18,2,0.364,0.264,0.0,0.0,0.821,0.179,-0.084,At Risk,At-Risk Engagement Customer,Critical Risk,Low Cross-Sell Opportunity,Priority 4
C000188,P003,Rewards Credit Card,Credit Card,Cards,0.28,30000,2,False,True,55504,85975,1792.35,10,180.0,0.109,1,0.303,0.2935,0.0,0.0,0.734,0.266,-0.177,Dormant / Declining,Dormant Reactivation Target,Critical Risk,Low Cross-Sell Opportunity,Priority 4
C000188,P004,Personal Loan,Loan,Lending,0.115,75000,3,False,True,55504,85975,1792.35,10,180.0,0.109,1,0.303,0.2935,0.0,0.0,0.734,0.266,-0.177,Dormant / Declining,Dormant Reactivation Target,Critical Risk,Low Cross-Sell Opportunity,Priority 4
C000188,P005,Home Loan,Loan,Lending,0.082,500000,4,False,True,55504,85975,1792.35,10,180.0,0.109,1,0.303,0.2935,0.0,0.0,0.734,0.266,-0.177,Dormant / Declining,Dormant Reactivation Target,Critical Risk,Low Cross-Sell Opportunity,Priority 4
C000188,P006,Mutual Fund Plan,Investment,Wealth,0.1,10000,3,False,True,55504,85975,1792.35,10,180.0,0.109,1,0.303,0.2935,0.0,0.0,0.734,0.266,-0.177,Dormant / Declining,Dormant Reactivation Target,Critical Risk,Low Cross-Sell Opportunity,Priority 4
C000188,P007,Term Insurance,Insurance,Protection,0.0,500000,3,False,True,55504,85975,1792.35,10,180.0,0.109,1,0.303,0.2935,0.0,0.0,0.734,0.266,-0.177,Dormant / Declining,Dormant Reactivation Target,Critical Risk,Low Cross-Sell Opportunity,Priority 4
C000188,P008,Premium Banking,Banking,Premium,0.0,1000000,5,False,True,55504,85975,1792.35,10,180.0,0.109,1,0.303,0.2935,0.0,0.0,0.734,0.266,-0.177,Dormant / Declining,Dormant Reactivation Target,Critical Risk,Low Cross-Sell Opportunity,Priority 4
C000189,P003,Rewards Credit Card,Credit Card,Cards,0.28,30000,2,False,True,179532,585178,7221.82,41,6.4,0.683,2,0.652,0.5294000000000001,0.2,0.0,0.703,0.297,-0.075,Premium High-Value,Premium Relationship Customer,Moderate Risk,Moderate Cross-Sell Opportunity,Priority 2
C000189,P004,Personal Loan,Loan,Lending,0.115,75000,3,False,True,179532,585178,7221.82,41,6.4,0.683,2,0.652,0.5294000000000001,0.2,0.0,0.703,0.297,-0.075,Premium High-Value,Premium Relationship Customer,Moderate Risk,Moderate Cross-Sell Opportunity,Priority 2
C000189,P005,Home Loan,Loan,Lending,0.082,500000,4,False,True,179532,585178,7221.82,41,6.4,0.683,2,0.652,0.5294000000000001,0.2,0.0,0.703,0.297,-0.075,Premium High-Value,Premium Relationship Customer,Moderate Risk,Moderate Cross-Sell Opportunity,Priority 2
C000189,P006,Mutual Fund Plan,Investment,Wealth,0.1,10000,3,False,True,179532,585178,7221.82,41,6.4,0.683,2,0.652,0.5294000000000001,0.2,0.0,0.703,0.297,-0.075,Premium High-Value,Premium Relationship Customer,Moderate Risk,Moderate Cross-Sell Opportunity,Priority 2
C000189,P007,Term Insurance,Insurance,Protection,0.0,500000,3,True,False,179532,585178,7221.82,41,6.4,0.683,2,0.652,0.5294000000000001,0.2,0.0,0.703,0.297,-0.075,Premium High-Value,Premium Relationship Customer,Moderate Risk,Moderate Cross-Sell Opportunity,Priority 2
C000189,P008,Premium Banking,Banking,Premium,0.0,1000000,5,False,True,179532,585178,7221.82,41,6.4,0.683,2,0.652,0.5294000000000001,0.2,0.0,0.703,0.297,-0.075,Premium High-Value,Premium Relationship Customer,Moderate Risk,Moderate Cross-Sell Opportunity,Priority 2
C000190,P003,Rewards Credit Card,Credit Card,Cards,0.28,30000,2,False,True,53284,397189,2437.3,11,180.0,0.427,1,0.342,0.3488,0.2,0.0,0.713,0.287,-0.029,Dormant / Declining,Dormant Reactivation Target,Critical Risk,Low Cross-Sell Opportunity,Priority 4
C000190,P004,Personal Loan,Loan,Lending,0.115,75000,3,False,True,53284,397189,2437.3,11,180.0,0.427,1,0.342,0.3488,0.2,0.0,0.713,0.287,-0.029,Dormant / Declining,Dormant Reactivation Target,Critical Risk,Low Cross-Sell Opportunity,Priority 4
C000190,P005,Home Loan,Loan,Lending,0.082,500000,4,False,True,53284,397189,2437.3,11,180.0,0.427,1,0.342,0.3488,0.2,0.0,0.713,0.287,-0.029,Dormant / Declining,Dormant Reactivation Target,Critical Risk,Low Cross-Sell Opportunity,Priority 4
C000190,P006,Mutual Fund Plan,Investment,Wealth,0.1,10000,3,False,True,53284,397189,2437.3,11,180.0,0.427,1,0.342,0.3488,0.2,0.0,0.713,0.287,-0.029,Dormant / Declining,Dormant Reactivation Target,Critical Risk,Low Cross-Sell Opportunity,Priority 4
C000190,P007,Term Insurance,Insurance,Protection,0.0,500000,3,False,True,53284,397189,2437.3,11,180.0,0.427,1,0.342,0.3488,0.2,0.0,0.713,0.287,-0.029,Dormant / Declining,Dormant Reactivation Target,Critical Risk,Low Cross-Sell Opportunity,Priority 4
C000190,P008,Premium Banking,Banking,Premium,0.0,1000000,5,False,True,53284,397189,2437.3,11,180.0,0.427,1,0.342,0.3488,0.2,0.0,0.713,0.287,-0.029,Dormant / Declining,Dormant Reactivation Target,Critical Risk,Low Cross-Sell Opportunity,Priority 4
C000191,P003,Rewards Credit Card,Credit Card,Cards,0.28,30000,2,True,False,212650,551705,10140.11,60,6.2,0.754,6,0.596,0.471,0.6666666666666666,0.0,0.553,0.447,0.119,Premium High-Value,Premium Relationship Customer,Low Risk,Moderate Cross-Sell Opportunity,Priority 2
C000191,P004,Personal Loan,Loan,Lending,0.115,75000,3,True,False,212650,551705,10140.11,60,6.2,0.754,6,0.596,0.471,0.6666666666666666,0.0,0.553,0.447,0.119,Premium High-Value,Premium Relationship Customer,Low Risk,Moderate Cross-Sell Opportunity,Priority 2
C000191,P005,Home Loan,Loan,Lending,0.082,500000,4,False,True,212650,551705,10140.11,60,6.2,0.754,6,0.596,0.471,0.6666666666666666,0.0,0.553,0.447,0.119,Premium High-Value,Premium Relationship Customer,Low Risk,Moderate Cross-Sell Opportunity,Priority 2
C000191,P006,Mutual Fund Plan,Investment,Wealth,0.1,10000,3,True,False,212650,551705,10140.11,60,6.2,0.754,6,0.596,0.471,0.6666666666666666,0.0,0.553,0.447,0.119,Premium High-Value,Premium Relationship Customer,Low Risk,Moderate Cross-Sell Opportunity,Priority 2
C000191,P007,Term Insurance,Insurance,Protection,0.0,500000,3,True,False,212650,551705,10140.11,60,6.2,0.754,6,0.596,0.471,0.6666666666666666,0.0,0.553,0.447,0.119,Premium High-Value,Premium Relationship Customer,Low Risk,Moderate Cross-Sell Opportunity,Priority 2
C000191,P008,Premium Banking,Banking,Premium,0.0,1000000,5,True,False,212650,551705,10140.11,60,6.2,0.754,6,0.596,0.471,0.6666666666666666,0.0,0.553,0.447,0.119,Premium High-Value,Premium Relationship Customer,Low Risk,Moderate Cross-Sell Opportunity,Priority 2
C000192,P003,Rewards Credit Card,Credit Card,Cards,0.28,30000,2,True,False,71718,146673,3245.16,43,20.9,0.285,3,0.556,0.4106666666666667,0.3333333333333333,0.0,0.727,0.273,0.028,Core Active,Core Relationship Customer,Moderate Risk,Low Cross-Sell Opportunity,Priority 4
C000192,P004,Personal Loan,Loan,Lending,0.115,75000,3,False,True,71718,146673,3245.16,43,20.9,0.285,3,0.556,0.4106666666666667,0.3333333333333333,0.0,0.727,0.273,0.028,Core Active,Core Relationship Customer,Moderate Risk,Low Cross-Sell Opportunity,Priority 4
C000192,P005,Home Loan,Loan,Lending,0.082,500000,4,False,True,71718,146673,3245.16,43,20.9,0.285,3,0.556,0.4106666666666667,0.3333333333333333,0.0,0.727,0.273,0.028,Core Active,Core Relationship Customer,Moderate Risk,Low Cross-Sell Opportunity,Priority 4
C000192,P006,Mutual Fund Plan,Investment,Wealth,0.1,10000,3,True,False,71718,146673,3245.16,43,20.9,0.285,3,0.556,0.4106666666666667,0.3333333333333333,0.0,0.727,0.273,0.028,Core Active,Core Relationship Customer,Moderate Risk,Low Cross-Sell Opportunity,Priority 4
C000192,P007,Term Insurance,Insurance,Protection,0.0,500000,3,False,True,71718,146673,3245.16,43,20.9,0.285,3,0.556,0.4106666666666667,0.3333333333333333,0.0,0.727,0.273,0.028,Core Active,Core Relationship Customer,Moderate Risk,Low Cross-Sell Opportunity,Priority 4
C000192,P008,Premium Banking,Banking,Premium,0.0,1000000,5,False,True,71718,146673,3245.16,43,20.9,0.285,3,0.556,0.4106666666666667,0.3333333333333333,0.0,0.727,0.273,0.028,Core Active,Core Relationship Customer,Moderate Risk,Low Cross-Sell Opportunity,Priority 4
C000193,P003,Rewards Credit Card,Credit Card,Cards,0.28,30000,2,True,False,102358,532574,4512.85,58,7.5,0.775,5,0.669,0.34,1.0,0.5,0.737,0.263,0.082,Premium High-Value,Premium Digital Customer,Low Risk,Moderate Cross-Sell Opportunity,Priority 2
C000193,P004,Personal Loan,Loan,Lending,0.115,75000,3,False,True,102358,532574,4512.85,58,7.5,0.775,5,0.669,0.34,1.0,0.5,0.737,0.263,0.082,Premium High-Value,Premium Digital Customer,Low Risk,Moderate Cross-Sell Opportunity,Priority 2
C000193,P005,Home Loan,Loan,Lending,0.082,500000,4,True,False,102358,532574,4512.85,58,7.5,0.775,5,0.669,0.34,1.0,0.5,0.737,0.263,0.082,Premium High-Value,Premium Digital Customer,Low Risk,Moderate Cross-Sell Opportunity,Priority 2
C000193,P006,Mutual Fund Plan,Investment,Wealth,0.1,10000,3,True,False,102358,532574,4512.85,58,7.5,0.775,5,0.669,0.34,1.0,0.5,0.737,0.263,0.082,Premium High-Value,Premium Digital Customer,Low Risk,Moderate Cross-Sell Opportunity,Priority 2
C000193,P007,Term Insurance,Insurance,Protection,0.0,500000,3,True,False,102358,532574,4512.85,58,7.5,0.775,5,0.669,0.34,1.0,0.5,0.737,0.263,0.082,Premium High-Value,Premium Digital Customer,Low Risk,Moderate Cross-Sell Opportunity,Priority 2
C000193,P008,Premium Banking,Banking,Premium,0.0,1000000,5,False,True,102358,532574,4512.85,58,7.5,0.775,5,0.669,0.34,1.0,0.5,0.737,0.263,0.082,Premium High-Value,Premium Digital Customer,Low Risk,Moderate Cross-Sell Opportunity,Priority 2
C000194,P003,Rewards Credit Card,Credit Card,Cards,0.28,30000,2,True,False,49141,249724,2073.01,37,4.7,0.877,3,0.725,0.44,0.0,0.0,0.78,0.22,0.095,Core Active,Core Digital Customer,Low Risk,Moderate Cross-Sell Opportunity,Priority 3
C000194,P004,Personal Loan,Loan,Lending,0.115,75000,3,True,False,49141,249724,2073.01,37,4.7,0.877,3,0.725,0.44,0.0,0.0,0.78,0.22,0.095,Core Active,Core Digital Customer,Low Risk,Moderate Cross-Sell Opportunity,Priority 3
C000194,P005,Home Loan,Loan,Lending,0.082,500000,4,False,True,49141,249724,2073.01,37,4.7,0.877,3,0.725,0.44,0.0,0.0,0.78,0.22,0.095,Core Active,Core Digital Customer,Low Risk,Moderate Cross-Sell Opportunity,Priority 3
C000194,P006,Mutual Fund Plan,Investment,Wealth,0.1,10000,3,False,True,49141,249724,2073.01,37,4.7,0.877,3,0.725,0.44,0.0,0.0,0.78,0.22,0.095,Core Active,Core Digital Customer,Low Risk,Moderate Cross-Sell Opportunity,Priority 3
C000194,P007,Term Insurance,Insurance,Protection,0.0,500000,3,False,True,49141,249724,2073.01,37,4.7,0.877,3,0.725,0.44,0.0,0.0,0.78,0.22,0.095,Core Active,Core Digital Customer,Low Risk,Moderate Cross-Sell Opportunity,Priority 3
C000194,P008,Premium Banking,Banking,Premium,0.0,1000000,5,False,True,49141,249724,2073.01,37,4.7,0.877,3,0.725,0.44,0.0,0.0,0.78,0.22,0.095,Core Active,Core Digital Customer,Low Risk,Moderate Cross-Sell Opportunity,Priority 3
C000195,P003,Rewards Credit Card,Credit Card,Cards,0.28,30000,2,True,False,66540,630292,1616.57,18,96.3,0.415,2,0.286,0.3966666666666666,0.3333333333333333,0.0,0.661,0.339,-0.087,At Risk,At-Risk Engagement Customer,Critical Risk,Low Cross-Sell Opportunity,Priority 3
C000195,P004,Personal Loan,Loan,Lending,0.115,75000,3,False,True,66540,630292,1616.57,18,96.3,0.415,2,0.286,0.3966666666666666,0.3333333333333333,0.0,0.661,0.339,-0.087,At Risk,At-Risk Engagement Customer,Critical Risk,Low Cross-Sell Opportunity,Priority 3
C000195,P005,Home Loan,Loan,Lending,0.082,500000,4,False,True,66540,630292,1616.57,18,96.3,0.415,2,0.286,0.3966666666666666,0.3333333333333333,0.0,0.661,0.339,-0.087,At Risk,At-Risk Engagement Customer,Critical Risk,Low Cross-Sell Opportunity,Priority 3
C000195,P006,Mutual Fund Plan,Investment,Wealth,0.1,10000,3,False,True,66540,630292,1616.57,18,96.3,0.415,2,0.286,0.3966666666666666,0.3333333333333333,0.0,0.661,0.339,-0.087,At Risk,At-Risk Engagement Customer,Critical Risk,Low Cross-Sell Opportunity,Priority 3
C000195,P007,Term Insurance,Insurance,Protection,0.0,500000,3,False,True,66540,630292,1616.57,18,96.3,0.415,2,0.286,0.3966666666666666,0.3333333333333333,0.0,0.661,0.339,-0.087,At Risk,At-Risk Engagement Customer,Critical Risk,Low Cross-Sell Opportunity,Priority 3
C000195,P008,Premium Banking,Banking,Premium,0.0,1000000,5,False,True,66540,630292,1616.57,18,96.3,0.415,2,0.286,0.3966666666666666,0.3333333333333333,0.0,0.661,0.339,-0.087,At Risk,At-Risk Engagement Customer,Critical Risk,Low Cross-Sell Opportunity,Priority 3
C000196,P003,Rewards Credit Card,Credit Card,Cards,0.28,30000,2,True,False,72359,417684,2800.25,42,0.2,0.779,2,0.706,0.5526,0.4,0.5,0.898,0.102,-0.099,Core Active,Core Digital Customer,Low Risk,Moderate Cross-Sell Opportunity,Priority 2
C000196,P004,Personal Loan,Loan,Lending,0.115,75000,3,False,True,72359,417684,2800.25,42,0.2,0.779,2,0.706,0.5526,0.4,0.5,0.898,0.102,-0.099,Core Active,Core Digital Customer,Low Risk,Moderate Cross-Sell Opportunity,Priority 2
C000196,P005,Home Loan,Loan,Lending,0.082,500000,4,False,True,72359,417684,2800.25,42,0.2,0.779,2,0.706,0.5526,0.4,0.5,0.898,0.102,-0.099,Core Active,Core Digital Customer,Low Risk,Moderate Cross-Sell Opportunity,Priority 2
C000196,P006,Mutual Fund Plan,Investment,Wealth,0.1,10000,3,False,True,72359,417684,2800.25,42,0.2,0.779,2,0.706,0.5526,0.4,0.5,0.898,0.102,-0.099,Core Active,Core Digital Customer,Low Risk,Moderate Cross-Sell Opportunity,Priority 2
C000196,P007,Term Insurance,Insurance,Protection,0.0,500000,3,False,True,72359,417684,2800.25,42,0.2,0.779,2,0.706,0.5526,0.4,0.5,0.898,0.102,-0.099,Core Active,Core Digital Customer,Low Risk,Moderate Cross-Sell Opportunity,Priority 2
C000196,P008,Premium Banking,Banking,Premium,0.0,1000000,5,False,True,72359,417684,2800.25,42,0.2,0.779,2,0.706,0.5526,0.4,0.5,0.898,0.102,-0.099,Core Active,Core Digital Customer,Low Risk,Moderate Cross-Sell Opportunity,Priority 2
C000197,P003,Rewards Credit Card,Credit Card,Cards,0.28,30000,2,False,True,89296,280544,4499.31,35,8.6,0.596,2,0.369,0.1365,0.0,0.0,0.743,0.257,-0.065,Core Active,Core Relationship Customer,High Risk,Moderate Cross-Sell Opportunity,Priority 3
C000197,P004,Personal Loan,Loan,Lending,0.115,75000,3,False,True,89296,280544,4499.31,35,8.6,0.596,2,0.369,0.1365,0.0,0.0,0.743,0.257,-0.065,Core Active,Core Relationship Customer,High Risk,Moderate Cross-Sell Opportunity,Priority 3
C000197,P005,Home Loan,Loan,Lending,0.082,500000,4,False,True,89296,280544,4499.31,35,8.6,0.596,2,0.369,0.1365,0.0,0.0,0.743,0.257,-0.065,Core Active,Core Relationship Customer,High Risk,Moderate Cross-Sell Opportunity,Priority 3
C000197,P006,Mutual Fund Plan,Investment,Wealth,0.1,10000,3,True,False,89296,280544,4499.31,35,8.6,0.596,2,0.369,0.1365,0.0,0.0,0.743,0.257,-0.065,Core Active,Core Relationship Customer,High Risk,Moderate Cross-Sell Opportunity,Priority 3
C000197,P007,Term Insurance,Insurance,Protection,0.0,500000,3,False,True,89296,280544,4499.31,35,8.6,0.596,2,0.369,0.1365,0.0,0.0,0.743,0.257,-0.065,Core Active,Core Relationship Customer,High Risk,Moderate Cross-Sell Opportunity,Priority 3
C000197,P008,Premium Banking,Banking,Premium,0.0,1000000,5,False,True,89296,280544,4499.31,35,8.6,0.596,2,0.369,0.1365,0.0,0.0,0.743,0.257,-0.065,Core Active,Core Relationship Customer,High Risk,Moderate Cross-Sell Opportunity,Priority 3
C000198,P003,Rewards Credit Card,Credit Card,Cards,0.28,30000,2,True,False,86099,104090,2913.02,41,13.8,0.774,4,0.918,0.4518,0.2,0.0,0.57,0.43,0.094,Core Active,Core Digital Customer,Moderate Risk,Moderate Cross-Sell Opportunity,Priority 3
C000198,P004,Personal Loan,Loan,Lending,0.115,75000,3,False,True,86099,104090,2913.02,41,13.8,0.774,4,0.918,0.4518,0.2,0.0,0.57,0.43,0.094,Core Active,Core Digital Customer,Moderate Risk,Moderate Cross-Sell Opportunity,Priority 3
C000198,P005,Home Loan,Loan,Lending,0.082,500000,4,True,False,86099,104090,2913.02,41,13.8,0.774,4,0.918,0.4518,0.2,0.0,0.57,0.43,0.094,Core Active,Core Digital Customer,Moderate Risk,Moderate Cross-Sell Opportunity,Priority 3
C000198,P006,Mutual Fund Plan,Investment,Wealth,0.1,10000,3,False,True,86099,104090,2913.02,41,13.8,0.774,4,0.918,0.4518,0.2,0.0,0.57,0.43,0.094,Core Active,Core Digital Customer,Moderate Risk,Moderate Cross-Sell Opportunity,Priority 3
C000198,P007,Term Insurance,Insurance,Protection,0.0,500000,3,False,True,86099,104090,2913.02,41,13.8,0.774,4,0.918,0.4518,0.2,0.0,0.57,0.43,0.094,Core Active,Core Digital Customer,Moderate Risk,Moderate Cross-Sell Opportunity,Priority 3
C000198,P008,Premium Banking,Banking,Premium,0.0,1000000,5,False,True,86099,104090,2913.02,41,13.8,0.774,4,0.918,0.4518,0.2,0.0,0.57,0.43,0.094,Core Active,Core Digital Customer,Moderate Risk,Moderate Cross-Sell Opportunity,Priority 3
C000199,P003,Rewards Credit Card,Credit Card,Cards,0.28,30000,2,True,False,86946,374046,3201.27,47,2.0,0.094,4,0.599,0.2892,0.2,1.0,0.647,0.353,-0.191,Core Active,Core Relationship Customer,Low Risk,Moderate Cross-Sell Opportunity,Priority 3
C000199,P004,Personal Loan,Loan,Lending,0.115,75000,3,False,True,86946,374046,3201.27,47,2.0,0.094,4,0.599,0.2892,0.2,1.0,0.647,0.353,-0.191,Core Active,Core Relationship Customer,Low Risk,Moderate Cross-Sell Opportunity,Priority 3
C000199,P005,Home Loan,Loan,Lending,0.082,500000,4,False,True,86946,374046,3201.27,47,2.0,0.094,4,0.599,0.2892,0.2,1.0,0.647,0.353,-0.191,Core Active,Core Relationship Customer,Low Risk,Moderate Cross-Sell Opportunity,Priority 3
C000199,P006,Mutual Fund Plan,Investment,Wealth,0.1,10000,3,True,False,86946,374046,3201.27,47,2.0,0.094,4,0.599,0.2892,0.2,1.0,0.647,0.353,-0.191,Core Active,Core Relationship Customer,Low Risk,Moderate Cross-Sell Opportunity,Priority 3
C000199,P007,Term Insurance,Insurance,Protection,0.0,500000,3,False,True,86946,374046,3201.27,47,2.0,0.094,4,0.599,0.2892,0.2,1.0,0.647,0.353,-0.191,Core Active,Core Relationship Customer,Low Risk,Moderate Cross-Sell Opportunity,Priority 3
C000199,P008,Premium Banking,Banking,Premium,0.0,1000000,5,False,True,86946,374046,3201.27,47,2.0,0.094,4,0.599,0.2892,0.2,1.0,0.647,0.353,-0.191,Core Active,Core Relationship Customer,Low Risk,Moderate Cross-Sell Opportunity,Priority 3
C000200,P003,Rewards Credit Card,Credit Card,Cards,0.28,30000,2,True,False,70095,1178883,3171.89,36,7.5,0.494,2,0.634,0.5682,0.2,0.0,0.666,0.334,0.007,Core Active,Core Relationship Customer,Moderate Risk,Moderate Cross-Sell Opportunity,Priority 3
C000200,P004,Personal Loan,Loan,Lending,0.115,75000,3,False,True,70095,1178883,3171.89,36,7.5,0.494,2,0.634,0.5682,0.2,0.0,0.666,0.334,0.007,Core Active,Core Relationship Customer,Moderate Risk,Moderate Cross-Sell Opportunity,Priority 3
C000200,P005,Home Loan,Loan,Lending,0.082,500000,4,False,True,70095,1178883,3171.89,36,7.5,0.494,2,0.634,0.5682,0.2,0.0,0.666,0.334,0.007,Core Active,Core Relationship Customer,Moderate Risk,Moderate Cross-Sell Opportunity,Priority 3
C000200,P006,Mutual Fund Plan,Investment,Wealth,0.1,10000,3,False,True,70095,1178883,3171.89,36,7.5,0.494,2,0.634,0.5682,0.2,0.0,0.666,0.334,0.007,Core Active,Core Relationship Customer,Moderate Risk,Moderate Cross-Sell Opportunity,Priority 3
C000200,P007,Term Insurance,Insurance,Protection,0.0,500000,3,False,True,70095,1178883,3171.89,36,7.5,0.494,2,0.634,0.5682,0.2,0.0,0.666,0.334,0.007,Core Active,Core Relationship Customer,Moderate Risk,Moderate Cross-Sell Opportunity,Priority 3
C000200,P008,Premium Banking,Banking,Premium,0.0,1000000,5,False,True,70095,1178883,3171.89,36,7.5,0.494,2,0.634,0.5682,0.2,0.0,0.666,0.334,0.007,Core Active,Core Relationship Customer,Moderate Risk,Moderate Cross-Sell Opportunity,Priority 3
C000201,P003,Rewards Credit Card,Credit Card,Cards,0.28,30000,2,False,True,66779,140808,3251.93,27,2.2,0.636,1,0.368,0.3388,0.6,0.0,0.595,0.405,-0.106,Core Active,Core Relationship Customer,Moderate Risk,Moderate Cross-Sell Opportunity,Priority 3
C000201,P004,Personal Loan,Loan,Lending,0.115,75000,3,False,True,66779,140808,3251.93,27,2.2,0.636,1,0.368,0.3388,0.6,0.0,0.595,0.405,-0.106,Core Active,Core Relationship Customer,Moderate Risk,Moderate Cross-Sell Opportunity,Priority 3
C000201,P005,Home Loan,Loan,Lending,0.082,500000,4,False,True,66779,140808,3251.93,27,2.2,0.636,1,0.368,0.3388,0.6,0.0,0.595,0.405,-0.106,Core Active,Core Relationship Customer,Moderate Risk,Moderate Cross-Sell Opportunity,Priority 3
C000201,P006,Mutual Fund Plan,Investment,Wealth,0.1,10000,3,False,True,66779,140808,3251.93,27,2.2,0.636,1,0.368,0.3388,0.6,0.0,0.595,0.405,-0.106,Core Active,Core Relationship Customer,Moderate Risk,Moderate Cross-Sell Opportunity,Priority 3
C000201,P007,Term Insurance,Insurance,Protection,0.0,500000,3,False,True,66779,140808,3251.93,27,2.2,0.636,1,0.368,0.3388,0.6,0.0,0.595,0.405,-0.106,Core Active,Core Relationship Customer,Moderate Risk,Moderate Cross-Sell Opportunity,Priority 3
C000201,P008,Premium Banking,Banking,Premium,0.0,1000000,5,False,True,66779,140808,3251.93,27,2.2,0.636,1,0.368,0.3388,0.6,0.0,0.595,0.405,-0.106,Core Active,Core Relationship Customer,Moderate Risk,Moderate Cross-Sell Opportunity,Priority 3
C000202,P003,Rewards Credit Card,Credit Card,Cards,0.28,30000,2,True,False,58116,67849,2183.96,22,6.7,0.765,3,0.544,0.2545,0.5,0.0,0.725,0.275,0.094,Core Active,Core Relationship Customer,Moderate Risk,Low Cross-Sell Opportunity,Priority 3
C000202,P004,Personal Loan,Loan,Lending,0.115,75000,3,False,True,58116,67849,2183.96,22,6.7,0.765,3,0.544,0.2545,0.5,0.0,0.725,0.275,0.094,Core Active,Core Relationship Customer,Moderate Risk,Low Cross-Sell Opportunity,Priority 3
C000202,P005,Home Loan,Loan,Lending,0.082,500000,4,False,True,58116,67849,2183.96,22,6.7,0.765,3,0.544,0.2545,0.5,0.0,0.725,0.275,0.094,Core Active,Core Relationship Customer,Moderate Risk,Low Cross-Sell Opportunity,Priority 3
C000202,P006,Mutual Fund Plan,Investment,Wealth,0.1,10000,3,True,False,58116,67849,2183.96,22,6.7,0.765,3,0.544,0.2545,0.5,0.0,0.725,0.275,0.094,Core Active,Core Relationship Customer,Moderate Risk,Low Cross-Sell Opportunity,Priority 3
C000202,P007,Term Insurance,Insurance,Protection,0.0,500000,3,False,True,58116,67849,2183.96,22,6.7,0.765,3,0.544,0.2545,0.5,0.0,0.725,0.275,0.094,Core Active,Core Relationship Customer,Moderate Risk,Low Cross-Sell Opportunity,Priority 3
C000202,P008,Premium Banking,Banking,Premium,0.0,1000000,5,False,True,58116,67849,2183.96,22,6.7,0.765,3,0.544,0.2545,0.5,0.0,0.725,0.275,0.094,Core Active,Core Relationship Customer,Moderate Risk,Low Cross-Sell Opportunity,Priority 3
C000203,P003,Rewards Credit Card,Credit Card,Cards,0.28,30000,2,False,True,69757,74442,2217.82,8,59.4,0.04,1,0.262,0.3114,0.0,0.0,0.555,0.445,-0.227,At Risk,At-Risk Declining Customer,Critical Risk,Low Cross-Sell Opportunity,Priority 4
C000203,P004,Personal Loan,Loan,Lending,0.115,75000,3,False,True,69757,74442,2217.82,8,59.4,0.04,1,0.262,0.3114,0.0,0.0,0.555,0.445,-0.227,At Risk,At-Risk Declining Customer,Critical Risk,Low Cross-Sell Opportunity,Priority 4
C000203,P005,Home Loan,Loan,Lending,0.082,500000,4,False,True,69757,74442,2217.82,8,59.4,0.04,1,0.262,0.3114,0.0,0.0,0.555,0.445,-0.227,At Risk,At-Risk Declining Customer,Critical Risk,Low Cross-Sell Opportunity,Priority 4
C000203,P006,Mutual Fund Plan,Investment,Wealth,0.1,10000,3,False,True,69757,74442,2217.82,8,59.4,0.04,1,0.262,0.3114,0.0,0.0,0.555,0.445,-0.227,At Risk,At-Risk Declining Customer,Critical Risk,Low Cross-Sell Opportunity,Priority 4
C000203,P007,Term Insurance,Insurance,Protection,0.0,500000,3,False,True,69757,74442,2217.82,8,59.4,0.04,1,0.262,0.3114,0.0,0.0,0.555,0.445,-0.227,At Risk,At-Risk Declining Customer,Critical Risk,Low Cross-Sell Opportunity,Priority 4
C000203,P008,Premium Banking,Banking,Premium,0.0,1000000,5,False,True,69757,74442,2217.82,8,59.4,0.04,1,0.262,0.3114,0.0,0.0,0.555,0.445,-0.227,At Risk,At-Risk Declining Customer,Critical Risk,Low Cross-Sell Opportunity,Priority 4
C000204,P003,Rewards Credit Card,Credit Card,Cards,0.28,30000,2,False,True,88691,122266,3104.57,34,6.3,0.544,2,0.525,0.29,0.0,0.0,0.408,0.592,-0.055,Core Active,Core Relationship Customer,High Risk,Moderate Cross-Sell Opportunity,Priority 3
C000204,P004,Personal Loan,Loan,Lending,0.115,75000,3,False,True,88691,122266,3104.57,34,6.3,0.544,2,0.525,0.29,0.0,0.0,0.408,0.592,-0.055,Core Active,Core Relationship Customer,High Risk,Moderate Cross-Sell Opportunity,Priority 3
C000204,P005,Home Loan,Loan,Lending,0.082,500000,4,False,True,88691,122266,3104.57,34,6.3,0.544,2,0.525,0.29,0.0,0.0,0.408,0.592,-0.055,Core Active,Core Relationship Customer,High Risk,Moderate Cross-Sell Opportunity,Priority 3
C000204,P006,Mutual Fund Plan,Investment,Wealth,0.1,10000,3,True,False,88691,122266,3104.57,34,6.3,0.544,2,0.525,0.29,0.0,0.0,0.408,0.592,-0.055,Core Active,Core Relationship Customer,High Risk,Moderate Cross-Sell Opportunity,Priority 3
C000204,P007,Term Insurance,Insurance,Protection,0.0,500000,3,False,True,88691,122266,3104.57,34,6.3,0.544,2,0.525,0.29,0.0,0.0,0.408,0.592,-0.055,Core Active,Core Relationship Customer,High Risk,Moderate Cross-Sell Opportunity,Priority 3
C000204,P008,Premium Banking,Banking,Premium,0.0,1000000,5,False,True,88691,122266,3104.57,34,6.3,0.544,2,0.525,0.29,0.0,0.0,0.408,0.592,-0.055,Core Active,Core Relationship Customer,High Risk,Moderate Cross-Sell Opportunity,Priority 3
C000205,P003,Rewards Credit Card,Credit Card,Cards,0.28,30000,2,True,False,79791,417821,3229.5,16,145.2,0.552,1,0.531,0.3725,0.5,0.0,0.788,0.212,-0.188,Dormant / Declining,Dormant Reactivation Target,Critical Risk,Moderate Cross-Sell Opportunity,Priority 3
C000205,P004,Personal Loan,Loan,Lending,0.115,75000,3,False,True,79791,417821,3229.5,16,145.2,0.552,1,0.531,0.3725,0.5,0.0,0.788,0.212,-0.188,Dormant / Declining,Dormant Reactivation Target,Critical Risk,Moderate Cross-Sell Opportunity,Priority 3
C000205,P005,Home Loan,Loan,Lending,0.082,500000,4,False,True,79791,417821,3229.5,16,145.2,0.552,1,0.531,0.3725,0.5,0.0,0.788,0.212,-0.188,Dormant / Declining,Dormant Reactivation Target,Critical Risk,Moderate Cross-Sell Opportunity,Priority 3
C000205,P006,Mutual Fund Plan,Investment,Wealth,0.1,10000,3,False,True,79791,417821,3229.5,16,145.2,0.552,1,0.531,0.3725,0.5,0.0,0.788,0.212,-0.188,Dormant / Declining,Dormant Reactivation Target,Critical Risk,Moderate Cross-Sell Opportunity,Priority 3
C000205,P007,Term Insurance,Insurance,Protection,0.0,500000,3,False,True,79791,417821,3229.5,16,145.2,0.552,1,0.531,0.3725,0.5,0.0,0.788,0.212,-0.188,Dormant / Declining,Dormant Reactivation Target,Critical Risk,Moderate Cross-Sell Opportunity,Priority 3
C000205,P008,Premium Banking,Banking,Premium,0.0,1000000,5,False,True,79791,417821,3229.5,16,145.2,0.552,1,0.531,0.3725,0.5,0.0,0.788,0.212,-0.188,Dormant / Declining,Dormant Reactivation Target,Critical Risk,Moderate Cross-Sell Opportunity,Priority 3
C000206,P003,Rewards Credit Card,Credit Card,Cards,0.28,30000,2,True,False,104938,232717,3218.31,44,10.1,0.508,3,0.667,0.26,0.5,0.0,0.821,0.179,0.015,Core Active,Core Relationship Customer,Low Risk,Moderate Cross-Sell Opportunity,Priority 3
C000206,P004,Personal Loan,Loan,Lending,0.115,75000,3,True,False,104938,232717,3218.31,44,10.1,0.508,3,0.667,0.26,0.5,0.0,0.821,0.179,0.015,Core Active,Core Relationship Customer,Low Risk,Moderate Cross-Sell Opportunity,Priority 3
C000206,P005,Home Loan,Loan,Lending,0.082,500000,4,False,True,104938,232717,3218.31,44,10.1,0.508,3,0.667,0.26,0.5,0.0,0.821,0.179,0.015,Core Active,Core Relationship Customer,Low Risk,Moderate Cross-Sell Opportunity,Priority 3
C000206,P006,Mutual Fund Plan,Investment,Wealth,0.1,10000,3,False,True,104938,232717,3218.31,44,10.1,0.508,3,0.667,0.26,0.5,0.0,0.821,0.179,0.015,Core Active,Core Relationship Customer,Low Risk,Moderate Cross-Sell Opportunity,Priority 3
C000206,P007,Term Insurance,Insurance,Protection,0.0,500000,3,False,True,104938,232717,3218.31,44,10.1,0.508,3,0.667,0.26,0.5,0.0,0.821,0.179,0.015,Core Active,Core Relationship Customer,Low Risk,Moderate Cross-Sell Opportunity,Priority 3
C000206,P008,Premium Banking,Banking,Premium,0.0,1000000,5,False,True,104938,232717,3218.31,44,10.1,0.508,3,0.667,0.26,0.5,0.0,0.821,0.179,0.015,Core Active,Core Relationship Customer,Low Risk,Moderate Cross-Sell Opportunity,Priority 3
C000207,P003,Rewards Credit Card,Credit Card,Cards,0.28,30000,2,True,False,196347,941478,11222.34,63,21.5,0.918,7,0.731,0.6182000000000001,0.2,0.0,0.706,0.294,0.047,Premium High-Value,Premium Digital Customer,Low Risk,Moderate Cross-Sell Opportunity,Priority 2
C000207,P004,Personal Loan,Loan,Lending,0.115,75000,3,True,False,196347,941478,11222.34,63,21.5,0.918,7,0.731,0.6182000000000001,0.2,0.0,0.706,0.294,0.047,Premium High-Value,Premium Digital Customer,Low Risk,Moderate Cross-Sell Opportunity,Priority 2
C000207,P005,Home Loan,Loan,Lending,0.082,500000,4,True,False,196347,941478,11222.34,63,21.5,0.918,7,0.731,0.6182000000000001,0.2,0.0,0.706,0.294,0.047,Premium High-Value,Premium Digital Customer,Low Risk,Moderate Cross-Sell Opportunity,Priority 2
C000207,P006,Mutual Fund Plan,Investment,Wealth,0.1,10000,3,True,False,196347,941478,11222.34,63,21.5,0.918,7,0.731,0.6182000000000001,0.2,0.0,0.706,0.294,0.047,Premium High-Value,Premium Digital Customer,Low Risk,Moderate Cross-Sell Opportunity,Priority 2
C000207,P007,Term Insurance,Insurance,Protection,0.0,500000,3,True,False,196347,941478,11222.34,63,21.5,0.918,7,0.731,0.6182000000000001,0.2,0.0,0.706,0.294,0.047,Premium High-Value,Premium Digital Customer,Low Risk,Moderate Cross-Sell Opportunity,Priority 2
C000207,P008,Premium Banking,Banking,Premium,0.0,1000000,5,True,False,196347,941478,11222.34,63,21.5,0.918,7,0.731,0.6182000000000001,0.2,0.0,0.706,0.294,0.047,Premium High-Value,Premium Digital Customer,Low Risk,Moderate Cross-Sell Opportunity,Priority 2
C000208,P003,Rewards Credit Card,Credit Card,Cards,0.28,30000,2,True,False,33181,140328,1023.67,24,6.5,0.912,2,0.504,0.4519999999999999,0.6,0.0,0.552,0.448,-0.001,Core Active,Core Digital Customer,High Risk,Moderate Cross-Sell Opportunity,Priority 3
C000208,P004,Personal Loan,Loan,Lending,0.115,75000,3,False,True,33181,140328,1023.67,24,6.5,0.912,2,0.504,0.4519999999999999,0.6,0.0,0.552,0.448,-0.001,Core Active,Core Digital Customer,High Risk,Moderate Cross-Sell Opportunity,Priority 3
C000208,P005,Home Loan,Loan,Lending,0.082,500000,4,False,True,33181,140328,1023.67,24,6.5,0.912,2,0.504,0.4519999999999999,0.6,0.0,0.552,0.448,-0.001,Core Active,Core Digital Customer,High Risk,Moderate Cross-Sell Opportunity,Priority 3
C000208,P006,Mutual Fund Plan,Investment,Wealth,0.1,10000,3,False,True,33181,140328,1023.67,24,6.5,0.912,2,0.504,0.4519999999999999,0.6,0.0,0.552,0.448,-0.001,Core Active,Core Digital Customer,High Risk,Moderate Cross-Sell Opportunity,Priority 3
C000208,P007,Term Insurance,Insurance,Protection,0.0,500000,3,False,True,33181,140328,1023.67,24,6.5,0.912,2,0.504,0.4519999999999999,0.6,0.0,0.552,0.448,-0.001,Core Active,Core Digital Customer,High Risk,Moderate Cross-Sell Opportunity,Priority 3
C000208,P008,Premium Banking,Banking,Premium,0.0,1000000,5,False,True,33181,140328,1023.67,24,6.5,0.912,2,0.504,0.4519999999999999,0.6,0.0,0.552,0.448,-0.001,Core Active,Core Digital Customer,High Risk,Moderate Cross-Sell Opportunity,Priority 3
C000209,P003,Rewards Credit Card,Credit Card,Cards,0.28,30000,2,False,True,78322,123121,3304.9,28,2.3,0.729,1,0.564,0.2565,0.0,0.0,0.474,0.526,-0.031,Core Active,Core Relationship Customer,Moderate Risk,Moderate Cross-Sell Opportunity,Priority 3
C000209,P004,Personal Loan,Loan,Lending,0.115,75000,3,False,True,78322,123121,3304.9,28,2.3,0.729,1,0.564,0.2565,0.0,0.0,0.474,0.526,-0.031,Core Active,Core Relationship Customer,Moderate Risk,Moderate Cross-Sell Opportunity,Priority 3
C000209,P005,Home Loan,Loan,Lending,0.082,500000,4,False,True,78322,123121,3304.9,28,2.3,0.729,1,0.564,0.2565,0.0,0.0,0.474,0.526,-0.031,Core Active,Core Relationship Customer,Moderate Risk,Moderate Cross-Sell Opportunity,Priority 3
C000209,P006,Mutual Fund Plan,Investment,Wealth,0.1,10000,3,False,True,78322,123121,3304.9,28,2.3,0.729,1,0.564,0.2565,0.0,0.0,0.474,0.526,-0.031,Core Active,Core Relationship Customer,Moderate Risk,Moderate Cross-Sell Opportunity,Priority 3
C000209,P007,Term Insurance,Insurance,Protection,0.0,500000,3,False,True,78322,123121,3304.9,28,2.3,0.729,1,0.564,0.2565,0.0,0.0,0.474,0.526,-0.031,Core Active,Core Relationship Customer,Moderate Risk,Moderate Cross-Sell Opportunity,Priority 3
C000209,P008,Premium Banking,Banking,Premium,0.0,1000000,5,False,True,78322,123121,3304.9,28,2.3,0.729,1,0.564,0.2565,0.0,0.0,0.474,0.526,-0.031,Core Active,Core Relationship Customer,Moderate Risk,Moderate Cross-Sell Opportunity,Priority 3
C000210,P003,Rewards Credit Card,Credit Card,Cards,0.28,30000,2,False,True,50984,310309,1951.09,29,4.4,0.744,1,0.587,0.4639999999999999,0.5,0.0,0.869,0.131,0.074,Core Active,Core Relationship Customer,Low Risk,Moderate Cross-Sell Opportunity,Priority 3
C000210,P004,Personal Loan,Loan,Lending,0.115,75000,3,False,True,50984,310309,1951.09,29,4.4,0.744,1,0.587,0.4639999999999999,0.5,0.0,0.869,0.131,0.074,Core Active,Core Relationship Customer,Low Risk,Moderate Cross-Sell Opportunity,Priority 3
C000210,P005,Home Loan,Loan,Lending,0.082,500000,4,False,True,50984,310309,1951.09,29,4.4,0.744,1,0.587,0.4639999999999999,0.5,0.0,0.869,0.131,0.074,Core Active,Core Relationship Customer,Low Risk,Moderate Cross-Sell Opportunity,Priority 3
C000210,P006,Mutual Fund Plan,Investment,Wealth,0.1,10000,3,False,True,50984,310309,1951.09,29,4.4,0.744,1,0.587,0.4639999999999999,0.5,0.0,0.869,0.131,0.074,Core Active,Core Relationship Customer,Low Risk,Moderate Cross-Sell Opportunity,Priority 3
C000210,P007,Term Insurance,Insurance,Protection,0.0,500000,3,False,True,50984,310309,1951.09,29,4.4,0.744,1,0.587,0.4639999999999999,0.5,0.0,0.869,0.131,0.074,Core Active,Core Relationship Customer,Low Risk,Moderate Cross-Sell Opportunity,Priority 3
C000210,P008,Premium Banking,Banking,Premium,0.0,1000000,5,False,True,50984,310309,1951.09,29,4.4,0.744,1,0.587,0.4639999999999999,0.5,0.0,0.869,0.131,0.074,Core Active,Core Relationship Customer,Low Risk,Moderate Cross-Sell Opportunity,Priority 3
C000211,P003,Rewards Credit Card,Credit Card,Cards,0.28,30000,2,True,False,75089,611053,2169.35,48,9.0,0.552,2,0.498,0.4125,0.0,0.0,0.741,0.259,-0.225,Core Active,Core Relationship Customer,Moderate Risk,Moderate Cross-Sell Opportunity,Priority 3
C000211,P004,Personal Loan,Loan,Lending,0.115,75000,3,False,True,75089,611053,2169.35,48,9.0,0.552,2,0.498,0.4125,0.0,0.0,0.741,0.259,-0.225,Core Active,Core Relationship Customer,Moderate Risk,Moderate Cross-Sell Opportunity,Priority 3
C000211,P005,Home Loan,Loan,Lending,0.082,500000,4,False,True,75089,611053,2169.35,48,9.0,0.552,2,0.498,0.4125,0.0,0.0,0.741,0.259,-0.225,Core Active,Core Relationship Customer,Moderate Risk,Moderate Cross-Sell Opportunity,Priority 3
C000211,P006,Mutual Fund Plan,Investment,Wealth,0.1,10000,3,False,True,75089,611053,2169.35,48,9.0,0.552,2,0.498,0.4125,0.0,0.0,0.741,0.259,-0.225,Core Active,Core Relationship Customer,Moderate Risk,Moderate Cross-Sell Opportunity,Priority 3
C000211,P007,Term Insurance,Insurance,Protection,0.0,500000,3,False,True,75089,611053,2169.35,48,9.0,0.552,2,0.498,0.4125,0.0,0.0,0.741,0.259,-0.225,Core Active,Core Relationship Customer,Moderate Risk,Moderate Cross-Sell Opportunity,Priority 3
C000211,P008,Premium Banking,Banking,Premium,0.0,1000000,5,False,True,75089,611053,2169.35,48,9.0,0.552,2,0.498,0.4125,0.0,0.0,0.741,0.259,-0.225,Core Active,Core Relationship Customer,Moderate Risk,Moderate Cross-Sell Opportunity,Priority 3
C000212,P003,Rewards Credit Card,Credit Card,Cards,0.28,30000,2,False,True,60255,168704,1228.42,37,5.2,0.862,1,0.684,0.3643333333333333,0.3333333333333333,0.0,0.746,0.254,0.023,Core Active,Core Digital Customer,Low Risk,Moderate Cross-Sell Opportunity,Priority 3
C000212,P004,Personal Loan,Loan,Lending,0.115,75000,3,False,True,60255,168704,1228.42,37,5.2,0.862,1,0.684,0.3643333333333333,0.3333333333333333,0.0,0.746,0.254,0.023,Core Active,Core Digital Customer,Low Risk,Moderate Cross-Sell Opportunity,Priority 3
C000212,P005,Home Loan,Loan,Lending,0.082,500000,4,False,True,60255,168704,1228.42,37,5.2,0.862,1,0.684,0.3643333333333333,0.3333333333333333,0.0,0.746,0.254,0.023,Core Active,Core Digital Customer,Low Risk,Moderate Cross-Sell Opportunity,Priority 3
C000212,P006,Mutual Fund Plan,Investment,Wealth,0.1,10000,3,False,True,60255,168704,1228.42,37,5.2,0.862,1,0.684,0.3643333333333333,0.3333333333333333,0.0,0.746,0.254,0.023,Core Active,Core Digital Customer,Low Risk,Moderate Cross-Sell Opportunity,Priority 3
C000212,P007,Term Insurance,Insurance,Protection,0.0,500000,3,False,True,60255,168704,1228.42,37,5.2,0.862,1,0.684,0.3643333333333333,0.3333333333333333,0.0,0.746,0.254,0.023,Core Active,Core Digital Customer,Low Risk,Moderate Cross-Sell Opportunity,Priority 3
C000212,P008,Premium Banking,Banking,Premium,0.0,1000000,5,False,True,60255,168704,1228.42,37,5.2,0.862,1,0.684,0.3643333333333333,0.3333333333333333,0.0,0.746,0.254,0.023,Core Active,Core Digital Customer,Low Risk,Moderate Cross-Sell Opportunity,Priority 3
C000213,P003,Rewards Credit Card,Credit Card,Cards,0.28,30000,2,False,True,77341,481640,2391.63,40,11.0,0.485,2,0.624,0.4655,0.0,0.0,0.791,0.209,0.027,Core Active,Core Relationship Customer,Moderate Risk,Moderate Cross-Sell Opportunity,Priority 3
C000213,P004,Personal Loan,Loan,Lending,0.115,75000,3,True,False,77341,481640,2391.63,40,11.0,0.485,2,0.624,0.4655,0.0,0.0,0.791,0.209,0.027,Core Active,Core Relationship Customer,Moderate Risk,Moderate Cross-Sell Opportunity,Priority 3
C000213,P005,Home Loan,Loan,Lending,0.082,500000,4,False,True,77341,481640,2391.63,40,11.0,0.485,2,0.624,0.4655,0.0,0.0,0.791,0.209,0.027,Core Active,Core Relationship Customer,Moderate Risk,Moderate Cross-Sell Opportunity,Priority 3
C000213,P006,Mutual Fund Plan,Investment,Wealth,0.1,10000,3,False,True,77341,481640,2391.63,40,11.0,0.485,2,0.624,0.4655,0.0,0.0,0.791,0.209,0.027,Core Active,Core Relationship Customer,Moderate Risk,Moderate Cross-Sell Opportunity,Priority 3
C000213,P007,Term Insurance,Insurance,Protection,0.0,500000,3,False,True,77341,481640,2391.63,40,11.0,0.485,2,0.624,0.4655,0.0,0.0,0.791,0.209,0.027,Core Active,Core Relationship Customer,Moderate Risk,Moderate Cross-Sell Opportunity,Priority 3
C000213,P008,Premium Banking,Banking,Premium,0.0,1000000,5,False,True,77341,481640,2391.63,40,11.0,0.485,2,0.624,0.4655,0.0,0.0,0.791,0.209,0.027,Core Active,Core Relationship Customer,Moderate Risk,Moderate Cross-Sell Opportunity,Priority 3
C000214,P003,Rewards Credit Card,Credit Card,Cards,0.28,30000,2,True,False,243237,425974,10968.23,57,13.2,0.807,5,0.653,0.5026666666666667,0.3333333333333333,0.0,0.728,0.272,-0.228,Premium High-Value,Premium Digital Customer,Moderate Risk,Moderate Cross-Sell Opportunity,Priority 2
C000214,P004,Personal Loan,Loan,Lending,0.115,75000,3,True,False,243237,425974,10968.23,57,13.2,0.807,5,0.653,0.5026666666666667,0.3333333333333333,0.0,0.728,0.272,-0.228,Premium High-Value,Premium Digital Customer,Moderate Risk,Moderate Cross-Sell Opportunity,Priority 2
C000214,P005,Home Loan,Loan,Lending,0.082,500000,4,False,True,243237,425974,10968.23,57,13.2,0.807,5,0.653,0.5026666666666667,0.3333333333333333,0.0,0.728,0.272,-0.228,Premium High-Value,Premium Digital Customer,Moderate Risk,Moderate Cross-Sell Opportunity,Priority 2
C000214,P006,Mutual Fund Plan,Investment,Wealth,0.1,10000,3,True,False,243237,425974,10968.23,57,13.2,0.807,5,0.653,0.5026666666666667,0.3333333333333333,0.0,0.728,0.272,-0.228,Premium High-Value,Premium Digital Customer,Moderate Risk,Moderate Cross-Sell Opportunity,Priority 2
C000214,P007,Term Insurance,Insurance,Protection,0.0,500000,3,True,False,243237,425974,10968.23,57,13.2,0.807,5,0.653,0.5026666666666667,0.3333333333333333,0.0,0.728,0.272,-0.228,Premium High-Value,Premium Digital Customer,Moderate Risk,Moderate Cross-Sell Opportunity,Priority 2
C000214,P008,Premium Banking,Banking,Premium,0.0,1000000,5,False,True,243237,425974,10968.23,57,13.2,0.807,5,0.653,0.5026666666666667,0.3333333333333333,0.0,0.728,0.272,-0.228,Premium High-Value,Premium Digital Customer,Moderate Risk,Moderate Cross-Sell Opportunity,Priority 2
C000215,P003,Rewards Credit Card,Credit Card,Cards,0.28,30000,2,False,True,77774,254110,3412.79,20,54.2,0.478,2,0.462,0.4218,0.4,0.5,0.772,0.228,-0.219,At Risk,At-Risk Declining Customer,Critical Risk,Low Cross-Sell Opportunity,Priority 3
C000215,P004,Personal Loan,Loan,Lending,0.115,75000,3,False,True,77774,254110,3412.79,20,54.2,0.478,2,0.462,0.4218,0.4,0.5,0.772,0.228,-0.219,At Risk,At-Risk Declining Customer,Critical Risk,Low Cross-Sell Opportunity,Priority 3
C000215,P005,Home Loan,Loan,Lending,0.082,500000,4,False,True,77774,254110,3412.79,20,54.2,0.478,2,0.462,0.4218,0.4,0.5,0.772,0.228,-0.219,At Risk,At-Risk Declining Customer,Critical Risk,Low Cross-Sell Opportunity,Priority 3
C000215,P006,Mutual Fund Plan,Investment,Wealth,0.1,10000,3,False,True,77774,254110,3412.79,20,54.2,0.478,2,0.462,0.4218,0.4,0.5,0.772,0.228,-0.219,At Risk,At-Risk Declining Customer,Critical Risk,Low Cross-Sell Opportunity,Priority 3
C000215,P007,Term Insurance,Insurance,Protection,0.0,500000,3,False,True,77774,254110,3412.79,20,54.2,0.478,2,0.462,0.4218,0.4,0.5,0.772,0.228,-0.219,At Risk,At-Risk Declining Customer,Critical Risk,Low Cross-Sell Opportunity,Priority 3
C000215,P008,Premium Banking,Banking,Premium,0.0,1000000,5,False,True,77774,254110,3412.79,20,54.2,0.478,2,0.462,0.4218,0.4,0.5,0.772,0.228,-0.219,At Risk,At-Risk Declining Customer,Critical Risk,Low Cross-Sell Opportunity,Priority 3
C000216,P003,Rewards Credit Card,Credit Card,Cards,0.28,30000,2,False,True,50372,16806,1199.49,21,53.5,0.691,1,0.611,0.5255000000000001,1.0,0.5,0.805,0.195,0.08,At Risk,At-Risk Engagement Customer,High Risk,Moderate Cross-Sell Opportunity,Priority 3
C000216,P004,Personal Loan,Loan,Lending,0.115,75000,3,False,True,50372,16806,1199.49,21,53.5,0.691,1,0.611,0.5255000000000001,1.0,0.5,0.805,0.195,0.08,At Risk,At-Risk Engagement Customer,High Risk,Moderate Cross-Sell Opportunity,Priority 3
C000216,P005,Home Loan,Loan,Lending,0.082,500000,4,False,True,50372,16806,1199.49,21,53.5,0.691,1,0.611,0.5255000000000001,1.0,0.5,0.805,0.195,0.08,At Risk,At-Risk Engagement Customer,High Risk,Moderate Cross-Sell Opportunity,Priority 3
C000216,P006,Mutual Fund Plan,Investment,Wealth,0.1,10000,3,False,True,50372,16806,1199.49,21,53.5,0.691,1,0.611,0.5255000000000001,1.0,0.5,0.805,0.195,0.08,At Risk,At-Risk Engagement Customer,High Risk,Moderate Cross-Sell Opportunity,Priority 3
C000216,P007,Term Insurance,Insurance,Protection,0.0,500000,3,False,True,50372,16806,1199.49,21,53.5,0.691,1,0.611,0.5255000000000001,1.0,0.5,0.805,0.195,0.08,At Risk,At-Risk Engagement Customer,High Risk,Moderate Cross-Sell Opportunity,Priority 3
C000216,P008,Premium Banking,Banking,Premium,0.0,1000000,5,False,True,50372,16806,1199.49,21,53.5,0.691,1,0.611,0.5255000000000001,1.0,0.5,0.805,0.195,0.08,At Risk,At-Risk Engagement Customer,High Risk,Moderate Cross-Sell Opportunity,Priority 3
C000217,P003,Rewards Credit Card,Credit Card,Cards,0.28,30000,2,False,True,247083,1360422,9425.06,60,16.9,0.822,4,0.684,0.5165,0.5,1.0,0.794,0.206,0.224,Premium High-Value,Premium Digital Customer,Low Risk,Moderate Cross-Sell Opportunity,Priority 2
C000217,P004,Personal Loan,Loan,Lending,0.115,75000,3,True,False,247083,1360422,9425.06,60,16.9,0.822,4,0.684,0.5165,0.5,1.0,0.794,0.206,0.224,Premium High-Value,Premium Digital Customer,Low Risk,Moderate Cross-Sell Opportunity,Priority 2
C000217,P005,Home Loan,Loan,Lending,0.082,500000,4,False,True,247083,1360422,9425.06,60,16.9,0.822,4,0.684,0.5165,0.5,1.0,0.794,0.206,0.224,Premium High-Value,Premium Digital Customer,Low Risk,Moderate Cross-Sell Opportunity,Priority 2
C000217,P006,Mutual Fund Plan,Investment,Wealth,0.1,10000,3,True,False,247083,1360422,9425.06,60,16.9,0.822,4,0.684,0.5165,0.5,1.0,0.794,0.206,0.224,Premium High-Value,Premium Digital Customer,Low Risk,Moderate Cross-Sell Opportunity,Priority 2
C000217,P007,Term Insurance,Insurance,Protection,0.0,500000,3,False,True,247083,1360422,9425.06,60,16.9,0.822,4,0.684,0.5165,0.5,1.0,0.794,0.206,0.224,Premium High-Value,Premium Digital Customer,Low Risk,Moderate Cross-Sell Opportunity,Priority 2
C000217,P008,Premium Banking,Banking,Premium,0.0,1000000,5,True,False,247083,1360422,9425.06,60,16.9,0.822,4,0.684,0.5165,0.5,1.0,0.794,0.206,0.224,Premium High-Value,Premium Digital Customer,Low Risk,Moderate Cross-Sell Opportunity,Priority 2
C000218,P003,Rewards Credit Card,Credit Card,Cards,0.28,30000,2,True,False,163666,684160,4279.55,47,6.1,0.488,4,0.623,0.5654,0.6,0.0,0.627,0.373,-0.02,Premium High-Value,Premium Relationship Customer,Moderate Risk,Moderate Cross-Sell Opportunity,Priority 2
C000218,P004,Personal Loan,Loan,Lending,0.115,75000,3,True,False,163666,684160,4279.55,47,6.1,0.488,4,0.623,0.5654,0.6,0.0,0.627,0.373,-0.02,Premium High-Value,Premium Relationship Customer,Moderate Risk,Moderate Cross-Sell Opportunity,Priority 2
C000218,P005,Home Loan,Loan,Lending,0.082,500000,4,False,True,163666,684160,4279.55,47,6.1,0.488,4,0.623,0.5654,0.6,0.0,0.627,0.373,-0.02,Premium High-Value,Premium Relationship Customer,Moderate Risk,Moderate Cross-Sell Opportunity,Priority 2
C000218,P006,Mutual Fund Plan,Investment,Wealth,0.1,10000,3,True,False,163666,684160,4279.55,47,6.1,0.488,4,0.623,0.5654,0.6,0.0,0.627,0.373,-0.02,Premium High-Value,Premium Relationship Customer,Moderate Risk,Moderate Cross-Sell Opportunity,Priority 2
C000218,P007,Term Insurance,Insurance,Protection,0.0,500000,3,False,True,163666,684160,4279.55,47,6.1,0.488,4,0.623,0.5654,0.6,0.0,0.627,0.373,-0.02,Premium High-Value,Premium Relationship Customer,Moderate Risk,Moderate Cross-Sell Opportunity,Priority 2
C000218,P008,Premium Banking,Banking,Premium,0.0,1000000,5,False,True,163666,684160,4279.55,47,6.1,0.488,4,0.623,0.5654,0.6,0.0,0.627,0.373,-0.02,Premium High-Value,Premium Relationship Customer,Moderate Risk,Moderate Cross-Sell Opportunity,Priority 2
C000219,P003,Rewards Credit Card,Credit Card,Cards,0.28,30000,2,True,False,112069,157873,2934.24,56,6.2,0.692,4,0.489,0.4265,0.25,1.0,0.641,0.359,0.03,Core Active,Core Relationship Customer,Low Risk,Moderate Cross-Sell Opportunity,Priority 3
C000219,P004,Personal Loan,Loan,Lending,0.115,75000,3,True,False,112069,157873,2934.24,56,6.2,0.692,4,0.489,0.4265,0.25,1.0,0.641,0.359,0.03,Core Active,Core Relationship Customer,Low Risk,Moderate Cross-Sell Opportunity,Priority 3
C000219,P005,Home Loan,Loan,Lending,0.082,500000,4,False,True,112069,157873,2934.24,56,6.2,0.692,4,0.489,0.4265,0.25,1.0,0.641,0.359,0.03,Core Active,Core Relationship Customer,Low Risk,Moderate Cross-Sell Opportunity,Priority 3
C000219,P006,Mutual Fund Plan,Investment,Wealth,0.1,10000,3,True,False,112069,157873,2934.24,56,6.2,0.692,4,0.489,0.4265,0.25,1.0,0.641,0.359,0.03,Core Active,Core Relationship Customer,Low Risk,Moderate Cross-Sell Opportunity,Priority 3
C000219,P007,Term Insurance,Insurance,Protection,0.0,500000,3,True,False,112069,157873,2934.24,56,6.2,0.692,4,0.489,0.4265,0.25,1.0,0.641,0.359,0.03,Core Active,Core Relationship Customer,Low Risk,Moderate Cross-Sell Opportunity,Priority 3
C000219,P008,Premium Banking,Banking,Premium,0.0,1000000,5,False,True,112069,157873,2934.24,56,6.2,0.692,4,0.489,0.4265,0.25,1.0,0.641,0.359,0.03,Core Active,Core Relationship Customer,Low Risk,Moderate Cross-Sell Opportunity,Priority 3
C000220,P003,Rewards Credit Card,Credit Card,Cards,0.28,30000,2,False,True,86933,619627,5071.6,31,5.1,0.912,3,0.67,0.43225,0.5,0.5,0.686,0.314,-0.066,Core Active,Core Digital Customer,Moderate Risk,Moderate Cross-Sell Opportunity,Priority 2
C000220,P004,Personal Loan,Loan,Lending,0.115,75000,3,True,False,86933,619627,5071.6,31,5.1,0.912,3,0.67,0.43225,0.5,0.5,0.686,0.314,-0.066,Core Active,Core Digital Customer,Moderate Risk,Moderate Cross-Sell Opportunity,Priority 2
C000220,P005,Home Loan,Loan,Lending,0.082,500000,4,True,False,86933,619627,5071.6,31,5.1,0.912,3,0.67,0.43225,0.5,0.5,0.686,0.314,-0.066,Core Active,Core Digital Customer,Moderate Risk,Moderate Cross-Sell Opportunity,Priority 2
C000220,P006,Mutual Fund Plan,Investment,Wealth,0.1,10000,3,False,True,86933,619627,5071.6,31,5.1,0.912,3,0.67,0.43225,0.5,0.5,0.686,0.314,-0.066,Core Active,Core Digital Customer,Moderate Risk,Moderate Cross-Sell Opportunity,Priority 2
C000220,P007,Term Insurance,Insurance,Protection,0.0,500000,3,False,True,86933,619627,5071.6,31,5.1,0.912,3,0.67,0.43225,0.5,0.5,0.686,0.314,-0.066,Core Active,Core Digital Customer,Moderate Risk,Moderate Cross-Sell Opportunity,Priority 2
C000220,P008,Premium Banking,Banking,Premium,0.0,1000000,5,False,True,86933,619627,5071.6,31,5.1,0.912,3,0.67,0.43225,0.5,0.5,0.686,0.314,-0.066,Core Active,Core Digital Customer,Moderate Risk,Moderate Cross-Sell Opportunity,Priority 2
C000221,P003,Rewards Credit Card,Credit Card,Cards,0.28,30000,2,True,False,90382,529577,2880.08,41,1.7,0.84,3,0.849,0.6675,0.75,0.3333333333333333,0.745,0.255,0.028,Premium High-Value,Premium Digital Customer,Low Risk,Moderate Cross-Sell Opportunity,Priority 2
C000221,P004,Personal Loan,Loan,Lending,0.115,75000,3,True,False,90382,529577,2880.08,41,1.7,0.84,3,0.849,0.6675,0.75,0.3333333333333333,0.745,0.255,0.028,Premium High-Value,Premium Digital Customer,Low Risk,Moderate Cross-Sell Opportunity,Priority 2
C000221,P005,Home Loan,Loan,Lending,0.082,500000,4,False,True,90382,529577,2880.08,41,1.7,0.84,3,0.849,0.6675,0.75,0.3333333333333333,0.745,0.255,0.028,Premium High-Value,Premium Digital Customer,Low Risk,Moderate Cross-Sell Opportunity,Priority 2
C000221,P006,Mutual Fund Plan,Investment,Wealth,0.1,10000,3,False,True,90382,529577,2880.08,41,1.7,0.84,3,0.849,0.6675,0.75,0.3333333333333333,0.745,0.255,0.028,Premium High-Value,Premium Digital Customer,Low Risk,Moderate Cross-Sell Opportunity,Priority 2
C000221,P007,Term Insurance,Insurance,Protection,0.0,500000,3,False,True,90382,529577,2880.08,41,1.7,0.84,3,0.849,0.6675,0.75,0.3333333333333333,0.745,0.255,0.028,Premium High-Value,Premium Digital Customer,Low Risk,Moderate Cross-Sell Opportunity,Priority 2
C000221,P008,Premium Banking,Banking,Premium,0.0,1000000,5,False,True,90382,529577,2880.08,41,1.7,0.84,3,0.849,0.6675,0.75,0.3333333333333333,0.745,0.255,0.028,Premium High-Value,Premium Digital Customer,Low Risk,Moderate Cross-Sell Opportunity,Priority 2
C000222,P003,Rewards Credit Card,Credit Card,Cards,0.28,30000,2,True,False,88667,255151,4146.08,35,11.4,0.162,4,0.515,0.2786666666666667,0.0,0.0,0.764,0.236,0.151,Core Active,Core Relationship Customer,Moderate Risk,Low Cross-Sell Opportunity,Priority 4
C000222,P004,Personal Loan,Loan,Lending,0.115,75000,3,True,False,88667,255151,4146.08,35,11.4,0.162,4,0.515,0.2786666666666667,0.0,0.0,0.764,0.236,0.151,Core Active,Core Relationship Customer,Moderate Risk,Low Cross-Sell Opportunity,Priority 4
C000222,P005,Home Loan,Loan,Lending,0.082,500000,4,False,True,88667,255151,4146.08,35,11.4,0.162,4,0.515,0.2786666666666667,0.0,0.0,0.764,0.236,0.151,Core Active,Core Relationship Customer,Moderate Risk,Low Cross-Sell Opportunity,Priority 4
C000222,P006,Mutual Fund Plan,Investment,Wealth,0.1,10000,3,True,False,88667,255151,4146.08,35,11.4,0.162,4,0.515,0.2786666666666667,0.0,0.0,0.764,0.236,0.151,Core Active,Core Relationship Customer,Moderate Risk,Low Cross-Sell Opportunity,Priority 4
C000222,P007,Term Insurance,Insurance,Protection,0.0,500000,3,False,True,88667,255151,4146.08,35,11.4,0.162,4,0.515,0.2786666666666667,0.0,0.0,0.764,0.236,0.151,Core Active,Core Relationship Customer,Moderate Risk,Low Cross-Sell Opportunity,Priority 4
C000222,P008,Premium Banking,Banking,Premium,0.0,1000000,5,False,True,88667,255151,4146.08,35,11.4,0.162,4,0.515,0.2786666666666667,0.0,0.0,0.764,0.236,0.151,Core Active,Core Relationship Customer,Moderate Risk,Low Cross-Sell Opportunity,Priority 4
C000223,P003,Rewards Credit Card,Credit Card,Cards,0.28,30000,2,True,False,113262,965912,4188.79,60,12.9,0.78,4,0.784,0.7370000000000001,0.5,0.0,0.618,0.382,-0.059,Premium High-Value,Premium Digital Customer,Moderate Risk,Moderate Cross-Sell Opportunity,Priority 2
C000223,P004,Personal Loan,Loan,Lending,0.115,75000,3,True,False,113262,965912,4188.79,60,12.9,0.78,4,0.784,0.7370000000000001,0.5,0.0,0.618,0.382,-0.059,Premium High-Value,Premium Digital Customer,Moderate Risk,Moderate Cross-Sell Opportunity,Priority 2
C000223,P005,Home Loan,Loan,Lending,0.082,500000,4,True,False,113262,965912,4188.79,60,12.9,0.78,4,0.784,0.7370000000000001,0.5,0.0,0.618,0.382,-0.059,Premium High-Value,Premium Digital Customer,Moderate Risk,Moderate Cross-Sell Opportunity,Priority 2
C000223,P006,Mutual Fund Plan,Investment,Wealth,0.1,10000,3,False,True,113262,965912,4188.79,60,12.9,0.78,4,0.784,0.7370000000000001,0.5,0.0,0.618,0.382,-0.059,Premium High-Value,Premium Digital Customer,Moderate Risk,Moderate Cross-Sell Opportunity,Priority 2
C000223,P007,Term Insurance,Insurance,Protection,0.0,500000,3,False,True,113262,965912,4188.79,60,12.9,0.78,4,0.784,0.7370000000000001,0.5,0.0,0.618,0.382,-0.059,Premium High-Value,Premium Digital Customer,Moderate Risk,Moderate Cross-Sell Opportunity,Priority 2
C000223,P008,Premium Banking,Banking,Premium,0.0,1000000,5,False,True,113262,965912,4188.79,60,12.9,0.78,4,0.784,0.7370000000000001,0.5,0.0,0.618,0.382,-0.059,Premium High-Value,Premium Digital Customer,Moderate Risk,Moderate Cross-Sell Opportunity,Priority 2
C000224,P003,Rewards Credit Card,Credit Card,Cards,0.28,30000,2,False,True,51107,196277,2099.62,23,7.6,0.704,1,0.558,0.3653333333333333,0.6666666666666666,0.5,0.827,0.173,-0.002,Core Active,Core Relationship Customer,High Risk,Moderate Cross-Sell Opportunity,Priority 3
C000224,P004,Personal Loan,Loan,Lending,0.115,75000,3,False,True,51107,196277,2099.62,23,7.6,0.704,1,0.558,0.3653333333333333,0.6666666666666666,0.5,0.827,0.173,-0.002,Core Active,Core Relationship Customer,High Risk,Moderate Cross-Sell Opportunity,Priority 3
C000224,P005,Home Loan,Loan,Lending,0.082,500000,4,False,True,51107,196277,2099.62,23,7.6,0.704,1,0.558,0.3653333333333333,0.6666666666666666,0.5,0.827,0.173,-0.002,Core Active,Core Relationship Customer,High Risk,Moderate Cross-Sell Opportunity,Priority 3
C000224,P006,Mutual Fund Plan,Investment,Wealth,0.1,10000,3,False,True,51107,196277,2099.62,23,7.6,0.704,1,0.558,0.3653333333333333,0.6666666666666666,0.5,0.827,0.173,-0.002,Core Active,Core Relationship Customer,High Risk,Moderate Cross-Sell Opportunity,Priority 3
C000224,P007,Term Insurance,Insurance,Protection,0.0,500000,3,False,True,51107,196277,2099.62,23,7.6,0.704,1,0.558,0.3653333333333333,0.6666666666666666,0.5,0.827,0.173,-0.002,Core Active,Core Relationship Customer,High Risk,Moderate Cross-Sell Opportunity,Priority 3
C000224,P008,Premium Banking,Banking,Premium,0.0,1000000,5,False,True,51107,196277,2099.62,23,7.6,0.704,1,0.558,0.3653333333333333,0.6666666666666666,0.5,0.827,0.173,-0.002,Core Active,Core Relationship Customer,High Risk,Moderate Cross-Sell Opportunity,Priority 3
C000225,P003,Rewards Credit Card,Credit Card,Cards,0.28,30000,2,False,True,60914,97395,1766.66,7,180.0,0.0,1,0.211,0.2195,0.0,0.0,0.574,0.426,-0.212,Dormant / Declining,Dormant Reactivation Target,Critical Risk,Low Cross-Sell Opportunity,Priority 4
C000225,P004,Personal Loan,Loan,Lending,0.115,75000,3,False,True,60914,97395,1766.66,7,180.0,0.0,1,0.211,0.2195,0.0,0.0,0.574,0.426,-0.212,Dormant / Declining,Dormant Reactivation Target,Critical Risk,Low Cross-Sell Opportunity,Priority 4
C000225,P005,Home Loan,Loan,Lending,0.082,500000,4,False,True,60914,97395,1766.66,7,180.0,0.0,1,0.211,0.2195,0.0,0.0,0.574,0.426,-0.212,Dormant / Declining,Dormant Reactivation Target,Critical Risk,Low Cross-Sell Opportunity,Priority 4
C000225,P006,Mutual Fund Plan,Investment,Wealth,0.1,10000,3,False,True,60914,97395,1766.66,7,180.0,0.0,1,0.211,0.2195,0.0,0.0,0.574,0.426,-0.212,Dormant / Declining,Dormant Reactivation Target,Critical Risk,Low Cross-Sell Opportunity,Priority 4
C000225,P007,Term Insurance,Insurance,Protection,0.0,500000,3,False,True,60914,97395,1766.66,7,180.0,0.0,1,0.211,0.2195,0.0,0.0,0.574,0.426,-0.212,Dormant / Declining,Dormant Reactivation Target,Critical Risk,Low Cross-Sell Opportunity,Priority 4
C000225,P008,Premium Banking,Banking,Premium,0.0,1000000,5,False,True,60914,97395,1766.66,7,180.0,0.0,1,0.211,0.2195,0.0,0.0,0.574,0.426,-0.212,Dormant / Declining,Dormant Reactivation Target,Critical Risk,Low Cross-Sell Opportunity,Priority 4
C000226,P003,Rewards Credit Card,Credit Card,Cards,0.28,30000,2,True,False,267141,540511,18710.32,65,16.2,1.0,6,0.555,0.463,0.5,0.0,0.745,0.255,-0.007,Premium High-Value,Premium Digital Customer,Moderate Risk,Moderate Cross-Sell Opportunity,Priority 2
C000226,P004,Personal Loan,Loan,Lending,0.115,75000,3,False,True,267141,540511,18710.32,65,16.2,1.0,6,0.555,0.463,0.5,0.0,0.745,0.255,-0.007,Premium High-Value,Premium Digital Customer,Moderate Risk,Moderate Cross-Sell Opportunity,Priority 2
C000226,P005,Home Loan,Loan,Lending,0.082,500000,4,False,True,267141,540511,18710.32,65,16.2,1.0,6,0.555,0.463,0.5,0.0,0.745,0.255,-0.007,Premium High-Value,Premium Digital Customer,Moderate Risk,Moderate Cross-Sell Opportunity,Priority 2
C000226,P006,Mutual Fund Plan,Investment,Wealth,0.1,10000,3,True,False,267141,540511,18710.32,65,16.2,1.0,6,0.555,0.463,0.5,0.0,0.745,0.255,-0.007,Premium High-Value,Premium Digital Customer,Moderate Risk,Moderate Cross-Sell Opportunity,Priority 2
C000226,P007,Term Insurance,Insurance,Protection,0.0,500000,3,True,False,267141,540511,18710.32,65,16.2,1.0,6,0.555,0.463,0.5,0.0,0.745,0.255,-0.007,Premium High-Value,Premium Digital Customer,Moderate Risk,Moderate Cross-Sell Opportunity,Priority 2
C000226,P008,Premium Banking,Banking,Premium,0.0,1000000,5,True,False,267141,540511,18710.32,65,16.2,1.0,6,0.555,0.463,0.5,0.0,0.745,0.255,-0.007,Premium High-Value,Premium Digital Customer,Moderate Risk,Moderate Cross-Sell Opportunity,Priority 2
C000227,P003,Rewards Credit Card,Credit Card,Cards,0.28,30000,2,False,True,64163,122683,3156.05,26,3.9,0.213,1,0.393,0.3205,0.25,0.0,0.889,0.111,-0.032,Core Active,Core Relationship Customer,High Risk,Moderate Cross-Sell Opportunity,Priority 3
C000227,P004,Personal Loan,Loan,Lending,0.115,75000,3,False,True,64163,122683,3156.05,26,3.9,0.213,1,0.393,0.3205,0.25,0.0,0.889,0.111,-0.032,Core Active,Core Relationship Customer,High Risk,Moderate Cross-Sell Opportunity,Priority 3
C000227,P005,Home Loan,Loan,Lending,0.082,500000,4,False,True,64163,122683,3156.05,26,3.9,0.213,1,0.393,0.3205,0.25,0.0,0.889,0.111,-0.032,Core Active,Core Relationship Customer,High Risk,Moderate Cross-Sell Opportunity,Priority 3
C000227,P006,Mutual Fund Plan,Investment,Wealth,0.1,10000,3,False,True,64163,122683,3156.05,26,3.9,0.213,1,0.393,0.3205,0.25,0.0,0.889,0.111,-0.032,Core Active,Core Relationship Customer,High Risk,Moderate Cross-Sell Opportunity,Priority 3
C000227,P007,Term Insurance,Insurance,Protection,0.0,500000,3,False,True,64163,122683,3156.05,26,3.9,0.213,1,0.393,0.3205,0.25,0.0,0.889,0.111,-0.032,Core Active,Core Relationship Customer,High Risk,Moderate Cross-Sell Opportunity,Priority 3
C000227,P008,Premium Banking,Banking,Premium,0.0,1000000,5,False,True,64163,122683,3156.05,26,3.9,0.213,1,0.393,0.3205,0.25,0.0,0.889,0.111,-0.032,Core Active,Core Relationship Customer,High Risk,Moderate Cross-Sell Opportunity,Priority 3
C000228,P003,Rewards Credit Card,Credit Card,Cards,0.28,30000,2,True,False,102819,791235,5030.1,32,4.0,0.486,1,0.602,0.5616666666666666,0.3333333333333333,0.0,0.679,0.321,0.222,Core Active,Core Cross-Sell Opportunity,Low Risk,High Cross-Sell Opportunity,Priority 3
C000228,P004,Personal Loan,Loan,Lending,0.115,75000,3,False,True,102819,791235,5030.1,32,4.0,0.486,1,0.602,0.5616666666666666,0.3333333333333333,0.0,0.679,0.321,0.222,Core Active,Core Cross-Sell Opportunity,Low Risk,High Cross-Sell Opportunity,Priority 3
C000228,P005,Home Loan,Loan,Lending,0.082,500000,4,False,True,102819,791235,5030.1,32,4.0,0.486,1,0.602,0.5616666666666666,0.3333333333333333,0.0,0.679,0.321,0.222,Core Active,Core Cross-Sell Opportunity,Low Risk,High Cross-Sell Opportunity,Priority 3
C000228,P006,Mutual Fund Plan,Investment,Wealth,0.1,10000,3,False,True,102819,791235,5030.1,32,4.0,0.486,1,0.602,0.5616666666666666,0.3333333333333333,0.0,0.679,0.321,0.222,Core Active,Core Cross-Sell Opportunity,Low Risk,High Cross-Sell Opportunity,Priority 3
C000228,P007,Term Insurance,Insurance,Protection,0.0,500000,3,False,True,102819,791235,5030.1,32,4.0,0.486,1,0.602,0.5616666666666666,0.3333333333333333,0.0,0.679,0.321,0.222,Core Active,Core Cross-Sell Opportunity,Low Risk,High Cross-Sell Opportunity,Priority 3
C000228,P008,Premium Banking,Banking,Premium,0.0,1000000,5,False,True,102819,791235,5030.1,32,4.0,0.486,1,0.602,0.5616666666666666,0.3333333333333333,0.0,0.679,0.321,0.222,Core Active,Core Cross-Sell Opportunity,Low Risk,High Cross-Sell Opportunity,Priority 3
C000229,P003,Rewards Credit Card,Credit Card,Cards,0.28,30000,2,False,True,62909,141246,1645.67,32,0.8,0.888,1,0.657,0.5056666666666667,0.0,0.0,0.701,0.299,0.119,Core Active,Core Digital Customer,Low Risk,Moderate Cross-Sell Opportunity,Priority 3
C000229,P004,Personal Loan,Loan,Lending,0.115,75000,3,False,True,62909,141246,1645.67,32,0.8,0.888,1,0.657,0.5056666666666667,0.0,0.0,0.701,0.299,0.119,Core Active,Core Digital Customer,Low Risk,Moderate Cross-Sell Opportunity,Priority 3
C000229,P005,Home Loan,Loan,Lending,0.082,500000,4,False,True,62909,141246,1645.67,32,0.8,0.888,1,0.657,0.5056666666666667,0.0,0.0,0.701,0.299,0.119,Core Active,Core Digital Customer,Low Risk,Moderate Cross-Sell Opportunity,Priority 3
C000229,P006,Mutual Fund Plan,Investment,Wealth,0.1,10000,3,False,True,62909,141246,1645.67,32,0.8,0.888,1,0.657,0.5056666666666667,0.0,0.0,0.701,0.299,0.119,Core Active,Core Digital Customer,Low Risk,Moderate Cross-Sell Opportunity,Priority 3
C000229,P007,Term Insurance,Insurance,Protection,0.0,500000,3,False,True,62909,141246,1645.67,32,0.8,0.888,1,0.657,0.5056666666666667,0.0,0.0,0.701,0.299,0.119,Core Active,Core Digital Customer,Low Risk,Moderate Cross-Sell Opportunity,Priority 3
C000229,P008,Premium Banking,Banking,Premium,0.0,1000000,5,False,True,62909,141246,1645.67,32,0.8,0.888,1,0.657,0.5056666666666667,0.0,0.0,0.701,0.299,0.119,Core Active,Core Digital Customer,Low Risk,Moderate Cross-Sell Opportunity,Priority 3
C000230,P003,Rewards Credit Card,Credit Card,Cards,0.28,30000,2,False,True,51938,327668,2562.01,27,17.6,0.568,1,0.396,0.42,0.5,0.0,0.565,0.435,0.013,Core Active,Core Relationship Customer,High Risk,Moderate Cross-Sell Opportunity,Priority 3
C000230,P004,Personal Loan,Loan,Lending,0.115,75000,3,False,True,51938,327668,2562.01,27,17.6,0.568,1,0.396,0.42,0.5,0.0,0.565,0.435,0.013,Core Active,Core Relationship Customer,High Risk,Moderate Cross-Sell Opportunity,Priority 3
C000230,P005,Home Loan,Loan,Lending,0.082,500000,4,False,True,51938,327668,2562.01,27,17.6,0.568,1,0.396,0.42,0.5,0.0,0.565,0.435,0.013,Core Active,Core Relationship Customer,High Risk,Moderate Cross-Sell Opportunity,Priority 3
C000230,P006,Mutual Fund Plan,Investment,Wealth,0.1,10000,3,False,True,51938,327668,2562.01,27,17.6,0.568,1,0.396,0.42,0.5,0.0,0.565,0.435,0.013,Core Active,Core Relationship Customer,High Risk,Moderate Cross-Sell Opportunity,Priority 3
C000230,P007,Term Insurance,Insurance,Protection,0.0,500000,3,False,True,51938,327668,2562.01,27,17.6,0.568,1,0.396,0.42,0.5,0.0,0.565,0.435,0.013,Core Active,Core Relationship Customer,High Risk,Moderate Cross-Sell Opportunity,Priority 3
C000230,P008,Premium Banking,Banking,Premium,0.0,1000000,5,False,True,51938,327668,2562.01,27,17.6,0.568,1,0.396,0.42,0.5,0.0,0.565,0.435,0.013,Core Active,Core Relationship Customer,High Risk,Moderate Cross-Sell Opportunity,Priority 3
C000231,P003,Rewards Credit Card,Credit Card,Cards,0.28,30000,2,False,True,106868,171692,4547.56,61,3.9,1.0,2,0.727,0.4748,0.4,0.5,0.884,0.116,0.092,Premium High-Value,Premium Digital Customer,Low Risk,Moderate Cross-Sell Opportunity,Priority 2
C000231,P004,Personal Loan,Loan,Lending,0.115,75000,3,False,True,106868,171692,4547.56,61,3.9,1.0,2,0.727,0.4748,0.4,0.5,0.884,0.116,0.092,Premium High-Value,Premium Digital Customer,Low Risk,Moderate Cross-Sell Opportunity,Priority 2
C000231,P005,Home Loan,Loan,Lending,0.082,500000,4,True,False,106868,171692,4547.56,61,3.9,1.0,2,0.727,0.4748,0.4,0.5,0.884,0.116,0.092,Premium High-Value,Premium Digital Customer,Low Risk,Moderate Cross-Sell Opportunity,Priority 2
C000231,P006,Mutual Fund Plan,Investment,Wealth,0.1,10000,3,False,True,106868,171692,4547.56,61,3.9,1.0,2,0.727,0.4748,0.4,0.5,0.884,0.116,0.092,Premium High-Value,Premium Digital Customer,Low Risk,Moderate Cross-Sell Opportunity,Priority 2
C000231,P007,Term Insurance,Insurance,Protection,0.0,500000,3,False,True,106868,171692,4547.56,61,3.9,1.0,2,0.727,0.4748,0.4,0.5,0.884,0.116,0.092,Premium High-Value,Premium Digital Customer,Low Risk,Moderate Cross-Sell Opportunity,Priority 2
C000231,P008,Premium Banking,Banking,Premium,0.0,1000000,5,False,True,106868,171692,4547.56,61,3.9,1.0,2,0.727,0.4748,0.4,0.5,0.884,0.116,0.092,Premium High-Value,Premium Digital Customer,Low Risk,Moderate Cross-Sell Opportunity,Priority 2
C000232,P003,Rewards Credit Card,Credit Card,Cards,0.28,30000,2,False,True,49128,153597,1874.32,7,29.0,0.035,3,0.431,0.259,0.3333333333333333,0.0,0.94,0.06,0.093,At Risk,At-Risk Engagement Customer,High Risk,Low Cross-Sell Opportunity,Priority 4
C000232,P004,Personal Loan,Loan,Lending,0.115,75000,3,True,False,49128,153597,1874.32,7,29.0,0.035,3,0.431,0.259,0.3333333333333333,0.0,0.94,0.06,0.093,At Risk,At-Risk Engagement Customer,High Risk,Low Cross-Sell Opportunity,Priority 4
C000232,P005,Home Loan,Loan,Lending,0.082,500000,4,False,True,49128,153597,1874.32,7,29.0,0.035,3,0.431,0.259,0.3333333333333333,0.0,0.94,0.06,0.093,At Risk,At-Risk Engagement Customer,High Risk,Low Cross-Sell Opportunity,Priority 4
C000232,P006,Mutual Fund Plan,Investment,Wealth,0.1,10000,3,False,True,49128,153597,1874.32,7,29.0,0.035,3,0.431,0.259,0.3333333333333333,0.0,0.94,0.06,0.093,At Risk,At-Risk Engagement Customer,High Risk,Low Cross-Sell Opportunity,Priority 4
C000232,P007,Term Insurance,Insurance,Protection,0.0,500000,3,False,True,49128,153597,1874.32,7,29.0,0.035,3,0.431,0.259,0.3333333333333333,0.0,0.94,0.06,0.093,At Risk,At-Risk Engagement Customer,High Risk,Low Cross-Sell Opportunity,Priority 4
C000232,P008,Premium Banking,Banking,Premium,0.0,1000000,5,False,True,49128,153597,1874.32,7,29.0,0.035,3,0.431,0.259,0.3333333333333333,0.0,0.94,0.06,0.093,At Risk,At-Risk Engagement Customer,High Risk,Low Cross-Sell Opportunity,Priority 4
C000233,P003,Rewards Credit Card,Credit Card,Cards,0.28,30000,2,False,True,102328,115451,3061.53,12,68.6,0.439,1,0.291,0.3836,0.2,0.0,0.76,0.24,-0.193,At Risk,At-Risk Declining Customer,Critical Risk,Moderate Cross-Sell Opportunity,Priority 4
C000233,P004,Personal Loan,Loan,Lending,0.115,75000,3,False,True,102328,115451,3061.53,12,68.6,0.439,1,0.291,0.3836,0.2,0.0,0.76,0.24,-0.193,At Risk,At-Risk Declining Customer,Critical Risk,Moderate Cross-Sell Opportunity,Priority 4
C000233,P005,Home Loan,Loan,Lending,0.082,500000,4,False,True,102328,115451,3061.53,12,68.6,0.439,1,0.291,0.3836,0.2,0.0,0.76,0.24,-0.193,At Risk,At-Risk Declining Customer,Critical Risk,Moderate Cross-Sell Opportunity,Priority 4
C000233,P006,Mutual Fund Plan,Investment,Wealth,0.1,10000,3,False,True,102328,115451,3061.53,12,68.6,0.439,1,0.291,0.3836,0.2,0.0,0.76,0.24,-0.193,At Risk,At-Risk Declining Customer,Critical Risk,Moderate Cross-Sell Opportunity,Priority 4
C000233,P007,Term Insurance,Insurance,Protection,0.0,500000,3,False,True,102328,115451,3061.53,12,68.6,0.439,1,0.291,0.3836,0.2,0.0,0.76,0.24,-0.193,At Risk,At-Risk Declining Customer,Critical Risk,Moderate Cross-Sell Opportunity,Priority 4
C000233,P008,Premium Banking,Banking,Premium,0.0,1000000,5,False,True,102328,115451,3061.53,12,68.6,0.439,1,0.291,0.3836,0.2,0.0,0.76,0.24,-0.193,At Risk,At-Risk Declining Customer,Critical Risk,Moderate Cross-Sell Opportunity,Priority 4
C000234,P003,Rewards Credit Card,Credit Card,Cards,0.28,30000,2,True,False,54766,123997,1000.0,9,82.3,0.134,2,0.111,0.356,0.0,0.0,0.894,0.106,-0.25,At Risk,At-Risk Declining Customer,Critical Risk,Low Cross-Sell Opportunity,Priority 4
C000234,P004,Personal Loan,Loan,Lending,0.115,75000,3,True,False,54766,123997,1000.0,9,82.3,0.134,2,0.111,0.356,0.0,0.0,0.894,0.106,-0.25,At Risk,At-Risk Declining Customer,Critical Risk,Low Cross-Sell Opportunity,Priority 4
C000234,P005,Home Loan,Loan,Lending,0.082,500000,4,False,True,54766,123997,1000.0,9,82.3,0.134,2,0.111,0.356,0.0,0.0,0.894,0.106,-0.25,At Risk,At-Risk Declining Customer,Critical Risk,Low Cross-Sell Opportunity,Priority 4
C000234,P006,Mutual Fund Plan,Investment,Wealth,0.1,10000,3,False,True,54766,123997,1000.0,9,82.3,0.134,2,0.111,0.356,0.0,0.0,0.894,0.106,-0.25,At Risk,At-Risk Declining Customer,Critical Risk,Low Cross-Sell Opportunity,Priority 4
C000234,P007,Term Insurance,Insurance,Protection,0.0,500000,3,False,True,54766,123997,1000.0,9,82.3,0.134,2,0.111,0.356,0.0,0.0,0.894,0.106,-0.25,At Risk,At-Risk Declining Customer,Critical Risk,Low Cross-Sell Opportunity,Priority 4
C000234,P008,Premium Banking,Banking,Premium,0.0,1000000,5,False,True,54766,123997,1000.0,9,82.3,0.134,2,0.111,0.356,0.0,0.0,0.894,0.106,-0.25,At Risk,At-Risk Declining Customer,Critical Risk,Low Cross-Sell Opportunity,Priority 4
C000235,P003,Rewards Credit Card,Credit Card,Cards,0.28,30000,2,False,True,50331,206292,1967.75,23,2.3,0.561,1,0.657,0.4455999999999999,0.2,0.0,0.604,0.396,-0.212,Core Active,Core Relationship Customer,Moderate Risk,Moderate Cross-Sell Opportunity,Priority 3
C000235,P004,Personal Loan,Loan,Lending,0.115,75000,3,False,True,50331,206292,1967.75,23,2.3,0.561,1,0.657,0.4455999999999999,0.2,0.0,0.604,0.396,-0.212,Core Active,Core Relationship Customer,Moderate Risk,Moderate Cross-Sell Opportunity,Priority 3
C000235,P005,Home Loan,Loan,Lending,0.082,500000,4,False,True,50331,206292,1967.75,23,2.3,0.561,1,0.657,0.4455999999999999,0.2,0.0,0.604,0.396,-0.212,Core Active,Core Relationship Customer,Moderate Risk,Moderate Cross-Sell Opportunity,Priority 3
C000235,P006,Mutual Fund Plan,Investment,Wealth,0.1,10000,3,False,True,50331,206292,1967.75,23,2.3,0.561,1,0.657,0.4455999999999999,0.2,0.0,0.604,0.396,-0.212,Core Active,Core Relationship Customer,Moderate Risk,Moderate Cross-Sell Opportunity,Priority 3
C000235,P007,Term Insurance,Insurance,Protection,0.0,500000,3,False,True,50331,206292,1967.75,23,2.3,0.561,1,0.657,0.4455999999999999,0.2,0.0,0.604,0.396,-0.212,Core Active,Core Relationship Customer,Moderate Risk,Moderate Cross-Sell Opportunity,Priority 3
C000235,P008,Premium Banking,Banking,Premium,0.0,1000000,5,False,True,50331,206292,1967.75,23,2.3,0.561,1,0.657,0.4455999999999999,0.2,0.0,0.604,0.396,-0.212,Core Active,Core Relationship Customer,Moderate Risk,Moderate Cross-Sell Opportunity,Priority 3
C000236,P003,Rewards Credit Card,Credit Card,Cards,0.28,30000,2,False,True,218432,1034023,6163.0,59,0.5,0.765,4,0.719,0.6555,0.5,0.0,0.777,0.223,-0.108,Premium High-Value,Premium Digital Customer,Low Risk,Moderate Cross-Sell Opportunity,Priority 2
C000236,P004,Personal Loan,Loan,Lending,0.115,75000,3,False,True,218432,1034023,6163.0,59,0.5,0.765,4,0.719,0.6555,0.5,0.0,0.777,0.223,-0.108,Premium High-Value,Premium Digital Customer,Low Risk,Moderate Cross-Sell Opportunity,Priority 2
C000236,P005,Home Loan,Loan,Lending,0.082,500000,4,True,False,218432,1034023,6163.0,59,0.5,0.765,4,0.719,0.6555,0.5,0.0,0.777,0.223,-0.108,Premium High-Value,Premium Digital Customer,Low Risk,Moderate Cross-Sell Opportunity,Priority 2
C000236,P006,Mutual Fund Plan,Investment,Wealth,0.1,10000,3,False,True,218432,1034023,6163.0,59,0.5,0.765,4,0.719,0.6555,0.5,0.0,0.777,0.223,-0.108,Premium High-Value,Premium Digital Customer,Low Risk,Moderate Cross-Sell Opportunity,Priority 2
C000236,P007,Term Insurance,Insurance,Protection,0.0,500000,3,True,False,218432,1034023,6163.0,59,0.5,0.765,4,0.719,0.6555,0.5,0.0,0.777,0.223,-0.108,Premium High-Value,Premium Digital Customer,Low Risk,Moderate Cross-Sell Opportunity,Priority 2
C000236,P008,Premium Banking,Banking,Premium,0.0,1000000,5,True,False,218432,1034023,6163.0,59,0.5,0.765,4,0.719,0.6555,0.5,0.0,0.777,0.223,-0.108,Premium High-Value,Premium Digital Customer,Low Risk,Moderate Cross-Sell Opportunity,Priority 2
C000237,P003,Rewards Credit Card,Credit Card,Cards,0.28,30000,2,False,True,77273,221049,2770.49,37,15.8,0.576,2,0.54,0.309,0.0,0.0,0.728,0.272,0.127,Core Active,Core Relationship Customer,Moderate Risk,Moderate Cross-Sell Opportunity,Priority 3
C000237,P004,Personal Loan,Loan,Lending,0.115,75000,3,True,False,77273,221049,2770.49,37,15.8,0.576,2,0.54,0.309,0.0,0.0,0.728,0.272,0.127,Core Active,Core Relationship Customer,Moderate Risk,Moderate Cross-Sell Opportunity,Priority 3
C000237,P005,Home Loan,Loan,Lending,0.082,500000,4,False,True,77273,221049,2770.49,37,15.8,0.576,2,0.54,0.309,0.0,0.0,0.728,0.272,0.127,Core Active,Core Relationship Customer,Moderate Risk,Moderate Cross-Sell Opportunity,Priority 3
C000237,P006,Mutual Fund Plan,Investment,Wealth,0.1,10000,3,False,True,77273,221049,2770.49,37,15.8,0.576,2,0.54,0.309,0.0,0.0,0.728,0.272,0.127,Core Active,Core Relationship Customer,Moderate Risk,Moderate Cross-Sell Opportunity,Priority 3
C000237,P007,Term Insurance,Insurance,Protection,0.0,500000,3,False,True,77273,221049,2770.49,37,15.8,0.576,2,0.54,0.309,0.0,0.0,0.728,0.272,0.127,Core Active,Core Relationship Customer,Moderate Risk,Moderate Cross-Sell Opportunity,Priority 3
C000237,P008,Premium Banking,Banking,Premium,0.0,1000000,5,False,True,77273,221049,2770.49,37,15.8,0.576,2,0.54,0.309,0.0,0.0,0.728,0.272,0.127,Core Active,Core Relationship Customer,Moderate Risk,Moderate Cross-Sell Opportunity,Priority 3
C000238,P003,Rewards Credit Card,Credit Card,Cards,0.28,30000,2,False,True,100112,327066,5017.32,47,4.5,0.281,1,0.612,0.465,0.3333333333333333,0.0,0.703,0.297,0.185,Core Active,Core Relationship Customer,Low Risk,Moderate Cross-Sell Opportunity,Priority 3
C000238,P004,Personal Loan,Loan,Lending,0.115,75000,3,False,True,100112,327066,5017.32,47,4.5,0.281,1,0.612,0.465,0.3333333333333333,0.0,0.703,0.297,0.185,Core Active,Core Relationship Customer,Low Risk,Moderate Cross-Sell Opportunity,Priority 3
C000238,P005,Home Loan,Loan,Lending,0.082,500000,4,False,True,100112,327066,5017.32,47,4.5,0.281,1,0.612,0.465,0.3333333333333333,0.0,0.703,0.297,0.185,Core Active,Core Relationship Customer,Low Risk,Moderate Cross-Sell Opportunity,Priority 3
C000238,P006,Mutual Fund Plan,Investment,Wealth,0.1,10000,3,False,True,100112,327066,5017.32,47,4.5,0.281,1,0.612,0.465,0.3333333333333333,0.0,0.703,0.297,0.185,Core Active,Core Relationship Customer,Low Risk,Moderate Cross-Sell Opportunity,Priority 3
C000238,P007,Term Insurance,Insurance,Protection,0.0,500000,3,False,True,100112,327066,5017.32,47,4.5,0.281,1,0.612,0.465,0.3333333333333333,0.0,0.703,0.297,0.185,Core Active,Core Relationship Customer,Low Risk,Moderate Cross-Sell Opportunity,Priority 3
C000238,P008,Premium Banking,Banking,Premium,0.0,1000000,5,False,True,100112,327066,5017.32,47,4.5,0.281,1,0.612,0.465,0.3333333333333333,0.0,0.703,0.297,0.185,Core Active,Core Relationship Customer,Low Risk,Moderate Cross-Sell Opportunity,Priority 3
C000239,P003,Rewards Credit Card,Credit Card,Cards,0.28,30000,2,True,False,205657,342179,10196.44,60,42.1,0.859,5,0.783,0.5422,0.4,0.5,0.842,0.158,0.091,Premium High-Value,Premium Digital Customer,Moderate Risk,Moderate Cross-Sell Opportunity,Priority 3
C000239,P004,Personal Loan,Loan,Lending,0.115,75000,3,False,True,205657,342179,10196.44,60,42.1,0.859,5,0.783,0.5422,0.4,0.5,0.842,0.158,0.091,Premium High-Value,Premium Digital Customer,Moderate Risk,Moderate Cross-Sell Opportunity,Priority 3
C000239,P005,Home Loan,Loan,Lending,0.082,500000,4,False,True,205657,342179,10196.44,60,42.1,0.859,5,0.783,0.5422,0.4,0.5,0.842,0.158,0.091,Premium High-Value,Premium Digital Customer,Moderate Risk,Moderate Cross-Sell Opportunity,Priority 3
C000239,P006,Mutual Fund Plan,Investment,Wealth,0.1,10000,3,True,False,205657,342179,10196.44,60,42.1,0.859,5,0.783,0.5422,0.4,0.5,0.842,0.158,0.091,Premium High-Value,Premium Digital Customer,Moderate Risk,Moderate Cross-Sell Opportunity,Priority 3
C000239,P007,Term Insurance,Insurance,Protection,0.0,500000,3,True,False,205657,342179,10196.44,60,42.1,0.859,5,0.783,0.5422,0.4,0.5,0.842,0.158,0.091,Premium High-Value,Premium Digital Customer,Moderate Risk,Moderate Cross-Sell Opportunity,Priority 3
C000239,P008,Premium Banking,Banking,Premium,0.0,1000000,5,True,False,205657,342179,10196.44,60,42.1,0.859,5,0.783,0.5422,0.4,0.5,0.842,0.158,0.091,Premium High-Value,Premium Digital Customer,Moderate Risk,Moderate Cross-Sell Opportunity,Priority 3
C000240,P003,Rewards Credit Card,Credit Card,Cards,0.28,30000,2,True,False,100786,411334,4271.08,51,10.9,0.714,3,0.555,0.4366,0.4,0.0,0.678,0.322,-0.162,Core Active,Core Relationship Customer,Moderate Risk,Moderate Cross-Sell Opportunity,Priority 3
C000240,P004,Personal Loan,Loan,Lending,0.115,75000,3,False,True,100786,411334,4271.08,51,10.9,0.714,3,0.555,0.4366,0.4,0.0,0.678,0.322,-0.162,Core Active,Core Relationship Customer,Moderate Risk,Moderate Cross-Sell Opportunity,Priority 3
C000240,P005,Home Loan,Loan,Lending,0.082,500000,4,False,True,100786,411334,4271.08,51,10.9,0.714,3,0.555,0.4366,0.4,0.0,0.678,0.322,-0.162,Core Active,Core Relationship Customer,Moderate Risk,Moderate Cross-Sell Opportunity,Priority 3
C000240,P006,Mutual Fund Plan,Investment,Wealth,0.1,10000,3,False,True,100786,411334,4271.08,51,10.9,0.714,3,0.555,0.4366,0.4,0.0,0.678,0.322,-0.162,Core Active,Core Relationship Customer,Moderate Risk,Moderate Cross-Sell Opportunity,Priority 3
C000240,P007,Term Insurance,Insurance,Protection,0.0,500000,3,True,False,100786,411334,4271.08,51,10.9,0.714,3,0.555,0.4366,0.4,0.0,0.678,0.322,-0.162,Core Active,Core Relationship Customer,Moderate Risk,Moderate Cross-Sell Opportunity,Priority 3
C000240,P008,Premium Banking,Banking,Premium,0.0,1000000,5,False,True,100786,411334,4271.08,51,10.9,0.714,3,0.555,0.4366,0.4,0.0,0.678,0.322,-0.162,Core Active,Core Relationship Customer,Moderate Risk,Moderate Cross-Sell Opportunity,Priority 3
C000241,P003,Rewards Credit Card,Credit Card,Cards,0.28,30000,2,False,True,48890,208159,2094.32,24,21.6,0.739,1,0.493,0.2968,0.0,0.0,0.719,0.281,0.115,Core Active,Core Relationship Customer,High Risk,Moderate Cross-Sell Opportunity,Priority 3
C000241,P004,Personal Loan,Loan,Lending,0.115,75000,3,False,True,48890,208159,2094.32,24,21.6,0.739,1,0.493,0.2968,0.0,0.0,0.719,0.281,0.115,Core Active,Core Relationship Customer,High Risk,Moderate Cross-Sell Opportunity,Priority 3
C000241,P005,Home Loan,Loan,Lending,0.082,500000,4,False,True,48890,208159,2094.32,24,21.6,0.739,1,0.493,0.2968,0.0,0.0,0.719,0.281,0.115,Core Active,Core Relationship Customer,High Risk,Moderate Cross-Sell Opportunity,Priority 3
C000241,P006,Mutual Fund Plan,Investment,Wealth,0.1,10000,3,False,True,48890,208159,2094.32,24,21.6,0.739,1,0.493,0.2968,0.0,0.0,0.719,0.281,0.115,Core Active,Core Relationship Customer,High Risk,Moderate Cross-Sell Opportunity,Priority 3
C000241,P007,Term Insurance,Insurance,Protection,0.0,500000,3,False,True,48890,208159,2094.32,24,21.6,0.739,1,0.493,0.2968,0.0,0.0,0.719,0.281,0.115,Core Active,Core Relationship Customer,High Risk,Moderate Cross-Sell Opportunity,Priority 3
C000241,P008,Premium Banking,Banking,Premium,0.0,1000000,5,False,True,48890,208159,2094.32,24,21.6,0.739,1,0.493,0.2968,0.0,0.0,0.719,0.281,0.115,Core Active,Core Relationship Customer,High Risk,Moderate Cross-Sell Opportunity,Priority 3
C000242,P003,Rewards Credit Card,Credit Card,Cards,0.28,30000,2,False,True,54925,106174,2053.72,30,13.8,0.81,1,0.485,0.335,0.2,1.0,0.893,0.107,0.13,Core Active,Core Relationship Customer,High Risk,Moderate Cross-Sell Opportunity,Priority 3
C000242,P004,Personal Loan,Loan,Lending,0.115,75000,3,False,True,54925,106174,2053.72,30,13.8,0.81,1,0.485,0.335,0.2,1.0,0.893,0.107,0.13,Core Active,Core Relationship Customer,High Risk,Moderate Cross-Sell Opportunity,Priority 3
C000242,P005,Home Loan,Loan,Lending,0.082,500000,4,False,True,54925,106174,2053.72,30,13.8,0.81,1,0.485,0.335,0.2,1.0,0.893,0.107,0.13,Core Active,Core Relationship Customer,High Risk,Moderate Cross-Sell Opportunity,Priority 3
C000242,P006,Mutual Fund Plan,Investment,Wealth,0.1,10000,3,False,True,54925,106174,2053.72,30,13.8,0.81,1,0.485,0.335,0.2,1.0,0.893,0.107,0.13,Core Active,Core Relationship Customer,High Risk,Moderate Cross-Sell Opportunity,Priority 3
C000242,P007,Term Insurance,Insurance,Protection,0.0,500000,3,False,True,54925,106174,2053.72,30,13.8,0.81,1,0.485,0.335,0.2,1.0,0.893,0.107,0.13,Core Active,Core Relationship Customer,High Risk,Moderate Cross-Sell Opportunity,Priority 3
C000242,P008,Premium Banking,Banking,Premium,0.0,1000000,5,False,True,54925,106174,2053.72,30,13.8,0.81,1,0.485,0.335,0.2,1.0,0.893,0.107,0.13,Core Active,Core Relationship Customer,High Risk,Moderate Cross-Sell Opportunity,Priority 3
C000243,P003,Rewards Credit Card,Credit Card,Cards,0.28,30000,2,True,False,50224,252454,1774.35,22,2.9,0.453,2,0.561,0.38525,0.0,0.0,0.84,0.16,-0.035,Core Active,Core Relationship Customer,Moderate Risk,Moderate Cross-Sell Opportunity,Priority 3
C000243,P004,Personal Loan,Loan,Lending,0.115,75000,3,False,True,50224,252454,1774.35,22,2.9,0.453,2,0.561,0.38525,0.0,0.0,0.84,0.16,-0.035,Core Active,Core Relationship Customer,Moderate Risk,Moderate Cross-Sell Opportunity,Priority 3
C000243,P005,Home Loan,Loan,Lending,0.082,500000,4,False,True,50224,252454,1774.35,22,2.9,0.453,2,0.561,0.38525,0.0,0.0,0.84,0.16,-0.035,Core Active,Core Relationship Customer,Moderate Risk,Moderate Cross-Sell Opportunity,Priority 3
C000243,P006,Mutual Fund Plan,Investment,Wealth,0.1,10000,3,False,True,50224,252454,1774.35,22,2.9,0.453,2,0.561,0.38525,0.0,0.0,0.84,0.16,-0.035,Core Active,Core Relationship Customer,Moderate Risk,Moderate Cross-Sell Opportunity,Priority 3
C000243,P007,Term Insurance,Insurance,Protection,0.0,500000,3,False,True,50224,252454,1774.35,22,2.9,0.453,2,0.561,0.38525,0.0,0.0,0.84,0.16,-0.035,Core Active,Core Relationship Customer,Moderate Risk,Moderate Cross-Sell Opportunity,Priority 3
C000243,P008,Premium Banking,Banking,Premium,0.0,1000000,5,False,True,50224,252454,1774.35,22,2.9,0.453,2,0.561,0.38525,0.0,0.0,0.84,0.16,-0.035,Core Active,Core Relationship Customer,Moderate Risk,Moderate Cross-Sell Opportunity,Priority 3
C000244,P003,Rewards Credit Card,Credit Card,Cards,0.28,30000,2,True,False,76263,568098,3057.51,37,1.5,0.57,3,0.573,0.4327499999999999,0.5,0.0,0.881,0.119,0.089,Core Active,Core Relationship Customer,Low Risk,Moderate Cross-Sell Opportunity,Priority 3
C000244,P004,Personal Loan,Loan,Lending,0.115,75000,3,False,True,76263,568098,3057.51,37,1.5,0.57,3,0.573,0.4327499999999999,0.5,0.0,0.881,0.119,0.089,Core Active,Core Relationship Customer,Low Risk,Moderate Cross-Sell Opportunity,Priority 3
C000244,P005,Home Loan,Loan,Lending,0.082,500000,4,True,False,76263,568098,3057.51,37,1.5,0.57,3,0.573,0.4327499999999999,0.5,0.0,0.881,0.119,0.089,Core Active,Core Relationship Customer,Low Risk,Moderate Cross-Sell Opportunity,Priority 3
C000244,P006,Mutual Fund Plan,Investment,Wealth,0.1,10000,3,False,True,76263,568098,3057.51,37,1.5,0.57,3,0.573,0.4327499999999999,0.5,0.0,0.881,0.119,0.089,Core Active,Core Relationship Customer,Low Risk,Moderate Cross-Sell Opportunity,Priority 3
C000244,P007,Term Insurance,Insurance,Protection,0.0,500000,3,False,True,76263,568098,3057.51,37,1.5,0.57,3,0.573,0.4327499999999999,0.5,0.0,0.881,0.119,0.089,Core Active,Core Relationship Customer,Low Risk,Moderate Cross-Sell Opportunity,Priority 3
C000244,P008,Premium Banking,Banking,Premium,0.0,1000000,5,False,True,76263,568098,3057.51,37,1.5,0.57,3,0.573,0.4327499999999999,0.5,0.0,0.881,0.119,0.089,Core Active,Core Relationship Customer,Low Risk,Moderate Cross-Sell Opportunity,Priority 3
C000245,P003,Rewards Credit Card,Credit Card,Cards,0.28,30000,2,True,False,100600,276139,4921.21,43,21.3,0.785,4,0.413,0.365,0.0,0.0,0.776,0.224,0.028,Core Active,Core Relationship Customer,High Risk,Low Cross-Sell Opportunity,Priority 3
C000245,P004,Personal Loan,Loan,Lending,0.115,75000,3,False,True,100600,276139,4921.21,43,21.3,0.785,4,0.413,0.365,0.0,0.0,0.776,0.224,0.028,Core Active,Core Relationship Customer,High Risk,Low Cross-Sell Opportunity,Priority 3
C000245,P005,Home Loan,Loan,Lending,0.082,500000,4,False,True,100600,276139,4921.21,43,21.3,0.785,4,0.413,0.365,0.0,0.0,0.776,0.224,0.028,Core Active,Core Relationship Customer,High Risk,Low Cross-Sell Opportunity,Priority 3
C000245,P006,Mutual Fund Plan,Investment,Wealth,0.1,10000,3,False,True,100600,276139,4921.21,43,21.3,0.785,4,0.413,0.365,0.0,0.0,0.776,0.224,0.028,Core Active,Core Relationship Customer,High Risk,Low Cross-Sell Opportunity,Priority 3
C000245,P007,Term Insurance,Insurance,Protection,0.0,500000,3,True,False,100600,276139,4921.21,43,21.3,0.785,4,0.413,0.365,0.0,0.0,0.776,0.224,0.028,Core Active,Core Relationship Customer,High Risk,Low Cross-Sell Opportunity,Priority 3
C000245,P008,Premium Banking,Banking,Premium,0.0,1000000,5,False,True,100600,276139,4921.21,43,21.3,0.785,4,0.413,0.365,0.0,0.0,0.776,0.224,0.028,Core Active,Core Relationship Customer,High Risk,Low Cross-Sell Opportunity,Priority 3
C000246,P003,Rewards Credit Card,Credit Card,Cards,0.28,30000,2,False,True,72872,127928,1000.0,38,14.6,0.278,2,0.409,0.32075,0.0,0.0,0.77,0.23,0.181,Core Active,Core Relationship Customer,High Risk,Low Cross-Sell Opportunity,Priority 4
C000246,P004,Personal Loan,Loan,Lending,0.115,75000,3,False,True,72872,127928,1000.0,38,14.6,0.278,2,0.409,0.32075,0.0,0.0,0.77,0.23,0.181,Core Active,Core Relationship Customer,High Risk,Low Cross-Sell Opportunity,Priority 4
C000246,P005,Home Loan,Loan,Lending,0.082,500000,4,False,True,72872,127928,1000.0,38,14.6,0.278,2,0.409,0.32075,0.0,0.0,0.77,0.23,0.181,Core Active,Core Relationship Customer,High Risk,Low Cross-Sell Opportunity,Priority 4
C000246,P006,Mutual Fund Plan,Investment,Wealth,0.1,10000,3,True,False,72872,127928,1000.0,38,14.6,0.278,2,0.409,0.32075,0.0,0.0,0.77,0.23,0.181,Core Active,Core Relationship Customer,High Risk,Low Cross-Sell Opportunity,Priority 4
C000246,P007,Term Insurance,Insurance,Protection,0.0,500000,3,False,True,72872,127928,1000.0,38,14.6,0.278,2,0.409,0.32075,0.0,0.0,0.77,0.23,0.181,Core Active,Core Relationship Customer,High Risk,Low Cross-Sell Opportunity,Priority 4
C000246,P008,Premium Banking,Banking,Premium,0.0,1000000,5,False,True,72872,127928,1000.0,38,14.6,0.278,2,0.409,0.32075,0.0,0.0,0.77,0.23,0.181,Core Active,Core Relationship Customer,High Risk,Low Cross-Sell Opportunity,Priority 4
C000247,P003,Rewards Credit Card,Credit Card,Cards,0.28,30000,2,True,False,63105,183444,2048.79,26,83.6,0.443,2,0.357,0.2996,0.2,0.0,0.793,0.207,-0.221,At Risk,At-Risk Declining Customer,Critical Risk,Low Cross-Sell Opportunity,Priority 4
C000247,P004,Personal Loan,Loan,Lending,0.115,75000,3,False,True,63105,183444,2048.79,26,83.6,0.443,2,0.357,0.2996,0.2,0.0,0.793,0.207,-0.221,At Risk,At-Risk Declining Customer,Critical Risk,Low Cross-Sell Opportunity,Priority 4
C000247,P005,Home Loan,Loan,Lending,0.082,500000,4,False,True,63105,183444,2048.79,26,83.6,0.443,2,0.357,0.2996,0.2,0.0,0.793,0.207,-0.221,At Risk,At-Risk Declining Customer,Critical Risk,Low Cross-Sell Opportunity,Priority 4
C000247,P006,Mutual Fund Plan,Investment,Wealth,0.1,10000,3,False,True,63105,183444,2048.79,26,83.6,0.443,2,0.357,0.2996,0.2,0.0,0.793,0.207,-0.221,At Risk,At-Risk Declining Customer,Critical Risk,Low Cross-Sell Opportunity,Priority 4
C000247,P007,Term Insurance,Insurance,Protection,0.0,500000,3,False,True,63105,183444,2048.79,26,83.6,0.443,2,0.357,0.2996,0.2,0.0,0.793,0.207,-0.221,At Risk,At-Risk Declining Customer,Critical Risk,Low Cross-Sell Opportunity,Priority 4
C000247,P008,Premium Banking,Banking,Premium,0.0,1000000,5,False,True,63105,183444,2048.79,26,83.6,0.443,2,0.357,0.2996,0.2,0.0,0.793,0.207,-0.221,At Risk,At-Risk Declining Customer,Critical Risk,Low Cross-Sell Opportunity,Priority 4
C000248,P003,Rewards Credit Card,Credit Card,Cards,0.28,30000,2,True,False,68781,82239,3158.35,42,12.8,0.693,2,0.66,0.2762,0.0,0.0,0.541,0.459,0.271,Core Active,Core Relationship Customer,Moderate Risk,Moderate Cross-Sell Opportunity,Priority 3
C000248,P004,Personal Loan,Loan,Lending,0.115,75000,3,False,True,68781,82239,3158.35,42,12.8,0.693,2,0.66,0.2762,0.0,0.0,0.541,0.459,0.271,Core Active,Core Relationship Customer,Moderate Risk,Moderate Cross-Sell Opportunity,Priority 3
C000248,P005,Home Loan,Loan,Lending,0.082,500000,4,False,True,68781,82239,3158.35,42,12.8,0.693,2,0.66,0.2762,0.0,0.0,0.541,0.459,0.271,Core Active,Core Relationship Customer,Moderate Risk,Moderate Cross-Sell Opportunity,Priority 3
C000248,P006,Mutual Fund Plan,Investment,Wealth,0.1,10000,3,False,True,68781,82239,3158.35,42,12.8,0.693,2,0.66,0.2762,0.0,0.0,0.541,0.459,0.271,Core Active,Core Relationship Customer,Moderate Risk,Moderate Cross-Sell Opportunity,Priority 3
C000248,P007,Term Insurance,Insurance,Protection,0.0,500000,3,False,True,68781,82239,3158.35,42,12.8,0.693,2,0.66,0.2762,0.0,0.0,0.541,0.459,0.271,Core Active,Core Relationship Customer,Moderate Risk,Moderate Cross-Sell Opportunity,Priority 3
C000248,P008,Premium Banking,Banking,Premium,0.0,1000000,5,False,True,68781,82239,3158.35,42,12.8,0.693,2,0.66,0.2762,0.0,0.0,0.541,0.459,0.271,Core Active,Core Relationship Customer,Moderate Risk,Moderate Cross-Sell Opportunity,Priority 3
C000249,P003,Rewards Credit Card,Credit Card,Cards,0.28,30000,2,True,False,175594,1450268,10438.83,61,6.1,0.701,4,0.669,0.648,1.0,0.25,0.551,0.449,0.036,Premium High-Value,Premium Relationship Customer,Low Risk,Moderate Cross-Sell Opportunity,Priority 2
C000249,P004,Personal Loan,Loan,Lending,0.115,75000,3,True,False,175594,1450268,10438.83,61,6.1,0.701,4,0.669,0.648,1.0,0.25,0.551,0.449,0.036,Premium High-Value,Premium Relationship Customer,Low Risk,Moderate Cross-Sell Opportunity,Priority 2
C000249,P005,Home Loan,Loan,Lending,0.082,500000,4,False,True,175594,1450268,10438.83,61,6.1,0.701,4,0.669,0.648,1.0,0.25,0.551,0.449,0.036,Premium High-Value,Premium Relationship Customer,Low Risk,Moderate Cross-Sell Opportunity,Priority 2
C000249,P006,Mutual Fund Plan,Investment,Wealth,0.1,10000,3,False,True,175594,1450268,10438.83,61,6.1,0.701,4,0.669,0.648,1.0,0.25,0.551,0.449,0.036,Premium High-Value,Premium Relationship Customer,Low Risk,Moderate Cross-Sell Opportunity,Priority 2
C000249,P007,Term Insurance,Insurance,Protection,0.0,500000,3,True,False,175594,1450268,10438.83,61,6.1,0.701,4,0.669,0.648,1.0,0.25,0.551,0.449,0.036,Premium High-Value,Premium Relationship Customer,Low Risk,Moderate Cross-Sell Opportunity,Priority 2
C000249,P008,Premium Banking,Banking,Premium,0.0,1000000,5,False,True,175594,1450268,10438.83,61,6.1,0.701,4,0.669,0.648,1.0,0.25,0.551,0.449,0.036,Premium High-Value,Premium Relationship Customer,Low Risk,Moderate Cross-Sell Opportunity,Priority 2
C000250,P003,Rewards Credit Card,Credit Card,Cards,0.28,30000,2,True,False,112125,361185,4224.24,55,6.8,0.785,3,0.711,0.5786666666666667,0.0,0.0,0.909,0.091,0.047,Premium High-Value,Premium Digital Customer,Low Risk,Moderate Cross-Sell Opportunity,Priority 3
C000250,P004,Personal Loan,Loan,Lending,0.115,75000,3,False,True,112125,361185,4224.24,55,6.8,0.785,3,0.711,0.5786666666666667,0.0,0.0,0.909,0.091,0.047,Premium High-Value,Premium Digital Customer,Low Risk,Moderate Cross-Sell Opportunity,Priority 3
C000250,P005,Home Loan,Loan,Lending,0.082,500000,4,False,True,112125,361185,4224.24,55,6.8,0.785,3,0.711,0.5786666666666667,0.0,0.0,0.909,0.091,0.047,Premium High-Value,Premium Digital Customer,Low Risk,Moderate Cross-Sell Opportunity,Priority 3
C000250,P006,Mutual Fund Plan,Investment,Wealth,0.1,10000,3,True,False,112125,361185,4224.24,55,6.8,0.785,3,0.711,0.5786666666666667,0.0,0.0,0.909,0.091,0.047,Premium High-Value,Premium Digital Customer,Low Risk,Moderate Cross-Sell Opportunity,Priority 3
C000250,P007,Term Insurance,Insurance,Protection,0.0,500000,3,False,True,112125,361185,4224.24,55,6.8,0.785,3,0.711,0.5786666666666667,0.0,0.0,0.909,0.091,0.047,Premium High-Value,Premium Digital Customer,Low Risk,Moderate Cross-Sell Opportunity,Priority 3
C000250,P008,Premium Banking,Banking,Premium,0.0,1000000,5,False,True,112125,361185,4224.24,55,6.8,0.785,3,0.711,0.5786666666666667,0.0,0.0,0.909,0.091,0.047,Premium High-Value,Premium Digital Customer,Low Risk,Moderate Cross-Sell Opportunity,Priority 3
C000251,P003,Rewards Credit Card,Credit Card,Cards,0.28,30000,2,False,True,105858,246168,3411.21,37,9.7,0.548,2,0.66,0.367,0.0,0.0,0.72,0.28,0.2,Core Active,Core Relationship Customer,Moderate Risk,Moderate Cross-Sell Opportunity,Priority 3
C000251,P004,Personal Loan,Loan,Lending,0.115,75000,3,True,False,105858,246168,3411.21,37,9.7,0.548,2,0.66,0.367,0.0,0.0,0.72,0.28,0.2,Core Active,Core Relationship Customer,Moderate Risk,Moderate Cross-Sell Opportunity,Priority 3
C000251,P005,Home Loan,Loan,Lending,0.082,500000,4,False,True,105858,246168,3411.21,37,9.7,0.548,2,0.66,0.367,0.0,0.0,0.72,0.28,0.2,Core Active,Core Relationship Customer,Moderate Risk,Moderate Cross-Sell Opportunity,Priority 3
C000251,P006,Mutual Fund Plan,Investment,Wealth,0.1,10000,3,False,True,105858,246168,3411.21,37,9.7,0.548,2,0.66,0.367,0.0,0.0,0.72,0.28,0.2,Core Active,Core Relationship Customer,Moderate Risk,Moderate Cross-Sell Opportunity,Priority 3
C000251,P007,Term Insurance,Insurance,Protection,0.0,500000,3,False,True,105858,246168,3411.21,37,9.7,0.548,2,0.66,0.367,0.0,0.0,0.72,0.28,0.2,Core Active,Core Relationship Customer,Moderate Risk,Moderate Cross-Sell Opportunity,Priority 3
C000251,P008,Premium Banking,Banking,Premium,0.0,1000000,5,False,True,105858,246168,3411.21,37,9.7,0.548,2,0.66,0.367,0.0,0.0,0.72,0.28,0.2,Core Active,Core Relationship Customer,Moderate Risk,Moderate Cross-Sell Opportunity,Priority 3
C000252,P003,Rewards Credit Card,Credit Card,Cards,0.28,30000,2,False,True,106531,161141,4256.32,38,10.8,0.711,4,0.671,0.4267999999999999,0.4,0.0,0.928,0.072,-0.101,Premium High-Value,Premium Relationship Customer,Moderate Risk,Moderate Cross-Sell Opportunity,Priority 3
C000252,P004,Personal Loan,Loan,Lending,0.115,75000,3,True,False,106531,161141,4256.32,38,10.8,0.711,4,0.671,0.4267999999999999,0.4,0.0,0.928,0.072,-0.101,Premium High-Value,Premium Relationship Customer,Moderate Risk,Moderate Cross-Sell Opportunity,Priority 3
C000252,P005,Home Loan,Loan,Lending,0.082,500000,4,False,True,106531,161141,4256.32,38,10.8,0.711,4,0.671,0.4267999999999999,0.4,0.0,0.928,0.072,-0.101,Premium High-Value,Premium Relationship Customer,Moderate Risk,Moderate Cross-Sell Opportunity,Priority 3
C000252,P006,Mutual Fund Plan,Investment,Wealth,0.1,10000,3,False,True,106531,161141,4256.32,38,10.8,0.711,4,0.671,0.4267999999999999,0.4,0.0,0.928,0.072,-0.101,Premium High-Value,Premium Relationship Customer,Moderate Risk,Moderate Cross-Sell Opportunity,Priority 3
C000252,P007,Term Insurance,Insurance,Protection,0.0,500000,3,True,False,106531,161141,4256.32,38,10.8,0.711,4,0.671,0.4267999999999999,0.4,0.0,0.928,0.072,-0.101,Premium High-Value,Premium Relationship Customer,Moderate Risk,Moderate Cross-Sell Opportunity,Priority 3
C000252,P008,Premium Banking,Banking,Premium,0.0,1000000,5,False,True,106531,161141,4256.32,38,10.8,0.711,4,0.671,0.4267999999999999,0.4,0.0,0.928,0.072,-0.101,Premium High-Value,Premium Relationship Customer,Moderate Risk,Moderate Cross-Sell Opportunity,Priority 3
C000253,P003,Rewards Credit Card,Credit Card,Cards,0.28,30000,2,True,False,174203,661519,7938.6,63,3.2,0.961,4,0.817,0.5826666666666667,0.3333333333333333,0.0,0.694,0.306,0.096,Premium High-Value,Premium Digital Customer,Low Risk,Moderate Cross-Sell Opportunity,Priority 2
C000253,P004,Personal Loan,Loan,Lending,0.115,75000,3,False,True,174203,661519,7938.6,63,3.2,0.961,4,0.817,0.5826666666666667,0.3333333333333333,0.0,0.694,0.306,0.096,Premium High-Value,Premium Digital Customer,Low Risk,Moderate Cross-Sell Opportunity,Priority 2
C000253,P005,Home Loan,Loan,Lending,0.082,500000,4,False,True,174203,661519,7938.6,63,3.2,0.961,4,0.817,0.5826666666666667,0.3333333333333333,0.0,0.694,0.306,0.096,Premium High-Value,Premium Digital Customer,Low Risk,Moderate Cross-Sell Opportunity,Priority 2
C000253,P006,Mutual Fund Plan,Investment,Wealth,0.1,10000,3,True,False,174203,661519,7938.6,63,3.2,0.961,4,0.817,0.5826666666666667,0.3333333333333333,0.0,0.694,0.306,0.096,Premium High-Value,Premium Digital Customer,Low Risk,Moderate Cross-Sell Opportunity,Priority 2
C000253,P007,Term Insurance,Insurance,Protection,0.0,500000,3,False,True,174203,661519,7938.6,63,3.2,0.961,4,0.817,0.5826666666666667,0.3333333333333333,0.0,0.694,0.306,0.096,Premium High-Value,Premium Digital Customer,Low Risk,Moderate Cross-Sell Opportunity,Priority 2
C000253,P008,Premium Banking,Banking,Premium,0.0,1000000,5,True,False,174203,661519,7938.6,63,3.2,0.961,4,0.817,0.5826666666666667,0.3333333333333333,0.0,0.694,0.306,0.096,Premium High-Value,Premium Digital Customer,Low Risk,Moderate Cross-Sell Opportunity,Priority 2
C000254,P003,Rewards Credit Card,Credit Card,Cards,0.28,30000,2,True,False,54052,104773,2652.86,39,9.8,0.411,2,0.377,0.202,0.5,0.0,0.776,0.224,0.237,Core Active,Core Relationship Customer,Moderate Risk,Low Cross-Sell Opportunity,Priority 4
C000254,P004,Personal Loan,Loan,Lending,0.115,75000,3,False,True,54052,104773,2652.86,39,9.8,0.411,2,0.377,0.202,0.5,0.0,0.776,0.224,0.237,Core Active,Core Relationship Customer,Moderate Risk,Low Cross-Sell Opportunity,Priority 4
C000254,P005,Home Loan,Loan,Lending,0.082,500000,4,False,True,54052,104773,2652.86,39,9.8,0.411,2,0.377,0.202,0.5,0.0,0.776,0.224,0.237,Core Active,Core Relationship Customer,Moderate Risk,Low Cross-Sell Opportunity,Priority 4
C000254,P006,Mutual Fund Plan,Investment,Wealth,0.1,10000,3,False,True,54052,104773,2652.86,39,9.8,0.411,2,0.377,0.202,0.5,0.0,0.776,0.224,0.237,Core Active,Core Relationship Customer,Moderate Risk,Low Cross-Sell Opportunity,Priority 4
C000254,P007,Term Insurance,Insurance,Protection,0.0,500000,3,False,True,54052,104773,2652.86,39,9.8,0.411,2,0.377,0.202,0.5,0.0,0.776,0.224,0.237,Core Active,Core Relationship Customer,Moderate Risk,Low Cross-Sell Opportunity,Priority 4
C000254,P008,Premium Banking,Banking,Premium,0.0,1000000,5,False,True,54052,104773,2652.86,39,9.8,0.411,2,0.377,0.202,0.5,0.0,0.776,0.224,0.237,Core Active,Core Relationship Customer,Moderate Risk,Low Cross-Sell Opportunity,Priority 4
C000255,P003,Rewards Credit Card,Credit Card,Cards,0.28,30000,2,True,False,80917,701397,4112.94,41,17.4,0.438,3,0.589,0.472,0.3333333333333333,1.0,0.72,0.28,-0.085,Core Active,Core Relationship Customer,High Risk,Moderate Cross-Sell Opportunity,Priority 3
C000255,P004,Personal Loan,Loan,Lending,0.115,75000,3,False,True,80917,701397,4112.94,41,17.4,0.438,3,0.589,0.472,0.3333333333333333,1.0,0.72,0.28,-0.085,Core Active,Core Relationship Customer,High Risk,Moderate Cross-Sell Opportunity,Priority 3
C000255,P005,Home Loan,Loan,Lending,0.082,500000,4,False,True,80917,701397,4112.94,41,17.4,0.438,3,0.589,0.472,0.3333333333333333,1.0,0.72,0.28,-0.085,Core Active,Core Relationship Customer,High Risk,Moderate Cross-Sell Opportunity,Priority 3
C000255,P006,Mutual Fund Plan,Investment,Wealth,0.1,10000,3,False,True,80917,701397,4112.94,41,17.4,0.438,3,0.589,0.472,0.3333333333333333,1.0,0.72,0.28,-0.085,Core Active,Core Relationship Customer,High Risk,Moderate Cross-Sell Opportunity,Priority 3
C000255,P007,Term Insurance,Insurance,Protection,0.0,500000,3,True,False,80917,701397,4112.94,41,17.4,0.438,3,0.589,0.472,0.3333333333333333,1.0,0.72,0.28,-0.085,Core Active,Core Relationship Customer,High Risk,Moderate Cross-Sell Opportunity,Priority 3
C000255,P008,Premium Banking,Banking,Premium,0.0,1000000,5,False,True,80917,701397,4112.94,41,17.4,0.438,3,0.589,0.472,0.3333333333333333,1.0,0.72,0.28,-0.085,Core Active,Core Relationship Customer,High Risk,Moderate Cross-Sell Opportunity,Priority 3
C000256,P003,Rewards Credit Card,Credit Card,Cards,0.28,30000,2,True,False,72173,253546,3098.47,37,7.7,0.606,4,0.581,0.39825,0.25,0.0,0.724,0.276,-0.112,Core Active,Core Relationship Customer,Moderate Risk,Low Cross-Sell Opportunity,Priority 3
C000256,P004,Personal Loan,Loan,Lending,0.115,75000,3,False,True,72173,253546,3098.47,37,7.7,0.606,4,0.581,0.39825,0.25,0.0,0.724,0.276,-0.112,Core Active,Core Relationship Customer,Moderate Risk,Low Cross-Sell Opportunity,Priority 3
C000256,P005,Home Loan,Loan,Lending,0.082,500000,4,False,True,72173,253546,3098.47,37,7.7,0.606,4,0.581,0.39825,0.25,0.0,0.724,0.276,-0.112,Core Active,Core Relationship Customer,Moderate Risk,Low Cross-Sell Opportunity,Priority 3
C000256,P006,Mutual Fund Plan,Investment,Wealth,0.1,10000,3,True,False,72173,253546,3098.47,37,7.7,0.606,4,0.581,0.39825,0.25,0.0,0.724,0.276,-0.112,Core Active,Core Relationship Customer,Moderate Risk,Low Cross-Sell Opportunity,Priority 3
C000256,P007,Term Insurance,Insurance,Protection,0.0,500000,3,False,True,72173,253546,3098.47,37,7.7,0.606,4,0.581,0.39825,0.25,0.0,0.724,0.276,-0.112,Core Active,Core Relationship Customer,Moderate Risk,Low Cross-Sell Opportunity,Priority 3
C000256,P008,Premium Banking,Banking,Premium,0.0,1000000,5,False,True,72173,253546,3098.47,37,7.7,0.606,4,0.581,0.39825,0.25,0.0,0.724,0.276,-0.112,Core Active,Core Relationship Customer,Moderate Risk,Low Cross-Sell Opportunity,Priority 3
C000257,P003,Rewards Credit Card,Credit Card,Cards,0.28,30000,2,True,False,39965,160999,2729.85,41,6.5,0.475,4,0.589,0.3008,0.0,0.0,0.535,0.465,-0.044,Core Active,Core Relationship Customer,Moderate Risk,Low Cross-Sell Opportunity,Priority 4
C000257,P004,Personal Loan,Loan,Lending,0.115,75000,3,False,True,39965,160999,2729.85,41,6.5,0.475,4,0.589,0.3008,0.0,0.0,0.535,0.465,-0.044,Core Active,Core Relationship Customer,Moderate Risk,Low Cross-Sell Opportunity,Priority 4
C000257,P005,Home Loan,Loan,Lending,0.082,500000,4,False,True,39965,160999,2729.85,41,6.5,0.475,4,0.589,0.3008,0.0,0.0,0.535,0.465,-0.044,Core Active,Core Relationship Customer,Moderate Risk,Low Cross-Sell Opportunity,Priority 4
C000257,P006,Mutual Fund Plan,Investment,Wealth,0.1,10000,3,False,True,39965,160999,2729.85,41,6.5,0.475,4,0.589,0.3008,0.0,0.0,0.535,0.465,-0.044,Core Active,Core Relationship Customer,Moderate Risk,Low Cross-Sell Opportunity,Priority 4
C000257,P007,Term Insurance,Insurance,Protection,0.0,500000,3,True,False,39965,160999,2729.85,41,6.5,0.475,4,0.589,0.3008,0.0,0.0,0.535,0.465,-0.044,Core Active,Core Relationship Customer,Moderate Risk,Low Cross-Sell Opportunity,Priority 4
C000257,P008,Premium Banking,Banking,Premium,0.0,1000000,5,True,False,39965,160999,2729.85,41,6.5,0.475,4,0.589,0.3008,0.0,0.0,0.535,0.465,-0.044,Core Active,Core Relationship Customer,Moderate Risk,Low Cross-Sell Opportunity,Priority 4
C000258,P003,Rewards Credit Card,Credit Card,Cards,0.28,30000,2,True,False,54436,440246,1000.0,6,156.3,0.369,2,0.099,0.28925,0.5,0.0,0.881,0.119,-0.275,Dormant / Declining,Dormant Reactivation Target,Critical Risk,Low Cross-Sell Opportunity,Priority 4
C000258,P004,Personal Loan,Loan,Lending,0.115,75000,3,False,True,54436,440246,1000.0,6,156.3,0.369,2,0.099,0.28925,0.5,0.0,0.881,0.119,-0.275,Dormant / Declining,Dormant Reactivation Target,Critical Risk,Low Cross-Sell Opportunity,Priority 4
C000258,P005,Home Loan,Loan,Lending,0.082,500000,4,False,True,54436,440246,1000.0,6,156.3,0.369,2,0.099,0.28925,0.5,0.0,0.881,0.119,-0.275,Dormant / Declining,Dormant Reactivation Target,Critical Risk,Low Cross-Sell Opportunity,Priority 4
C000258,P006,Mutual Fund Plan,Investment,Wealth,0.1,10000,3,False,True,54436,440246,1000.0,6,156.3,0.369,2,0.099,0.28925,0.5,0.0,0.881,0.119,-0.275,Dormant / Declining,Dormant Reactivation Target,Critical Risk,Low Cross-Sell Opportunity,Priority 4
C000258,P007,Term Insurance,Insurance,Protection,0.0,500000,3,False,True,54436,440246,1000.0,6,156.3,0.369,2,0.099,0.28925,0.5,0.0,0.881,0.119,-0.275,Dormant / Declining,Dormant Reactivation Target,Critical Risk,Low Cross-Sell Opportunity,Priority 4
C000258,P008,Premium Banking,Banking,Premium,0.0,1000000,5,False,True,54436,440246,1000.0,6,156.3,0.369,2,0.099,0.28925,0.5,0.0,0.881,0.119,-0.275,Dormant / Declining,Dormant Reactivation Target,Critical Risk,Low Cross-Sell Opportunity,Priority 4
C000259,P003,Rewards Credit Card,Credit Card,Cards,0.28,30000,2,True,False,116831,286694,6093.54,58,8.9,0.482,3,0.636,0.3812,0.0,0.0,0.684,0.316,0.0,Premium High-Value,Premium Relationship Customer,Low Risk,Moderate Cross-Sell Opportunity,Priority 2
C000259,P004,Personal Loan,Loan,Lending,0.115,75000,3,False,True,116831,286694,6093.54,58,8.9,0.482,3,0.636,0.3812,0.0,0.0,0.684,0.316,0.0,Premium High-Value,Premium Relationship Customer,Low Risk,Moderate Cross-Sell Opportunity,Priority 2
C000259,P005,Home Loan,Loan,Lending,0.082,500000,4,False,True,116831,286694,6093.54,58,8.9,0.482,3,0.636,0.3812,0.0,0.0,0.684,0.316,0.0,Premium High-Value,Premium Relationship Customer,Low Risk,Moderate Cross-Sell Opportunity,Priority 2
C000259,P006,Mutual Fund Plan,Investment,Wealth,0.1,10000,3,False,True,116831,286694,6093.54,58,8.9,0.482,3,0.636,0.3812,0.0,0.0,0.684,0.316,0.0,Premium High-Value,Premium Relationship Customer,Low Risk,Moderate Cross-Sell Opportunity,Priority 2
C000259,P007,Term Insurance,Insurance,Protection,0.0,500000,3,True,False,116831,286694,6093.54,58,8.9,0.482,3,0.636,0.3812,0.0,0.0,0.684,0.316,0.0,Premium High-Value,Premium Relationship Customer,Low Risk,Moderate Cross-Sell Opportunity,Priority 2
C000259,P008,Premium Banking,Banking,Premium,0.0,1000000,5,False,True,116831,286694,6093.54,58,8.9,0.482,3,0.636,0.3812,0.0,0.0,0.684,0.316,0.0,Premium High-Value,Premium Relationship Customer,Low Risk,Moderate Cross-Sell Opportunity,Priority 2
C000260,P003,Rewards Credit Card,Credit Card,Cards,0.28,30000,2,True,False,219967,261410,14439.19,61,11.7,0.754,5,0.64,0.4775,0.0,0.0,0.861,0.139,0.121,Premium High-Value,Premium Digital Customer,Low Risk,Moderate Cross-Sell Opportunity,Priority 2
C000260,P004,Personal Loan,Loan,Lending,0.115,75000,3,False,True,219967,261410,14439.19,61,11.7,0.754,5,0.64,0.4775,0.0,0.0,0.861,0.139,0.121,Premium High-Value,Premium Digital Customer,Low Risk,Moderate Cross-Sell Opportunity,Priority 2
C000260,P005,Home Loan,Loan,Lending,0.082,500000,4,True,False,219967,261410,14439.19,61,11.7,0.754,5,0.64,0.4775,0.0,0.0,0.861,0.139,0.121,Premium High-Value,Premium Digital Customer,Low Risk,Moderate Cross-Sell Opportunity,Priority 2
C000260,P006,Mutual Fund Plan,Investment,Wealth,0.1,10000,3,False,True,219967,261410,14439.19,61,11.7,0.754,5,0.64,0.4775,0.0,0.0,0.861,0.139,0.121,Premium High-Value,Premium Digital Customer,Low Risk,Moderate Cross-Sell Opportunity,Priority 2
C000260,P007,Term Insurance,Insurance,Protection,0.0,500000,3,False,True,219967,261410,14439.19,61,11.7,0.754,5,0.64,0.4775,0.0,0.0,0.861,0.139,0.121,Premium High-Value,Premium Digital Customer,Low Risk,Moderate Cross-Sell Opportunity,Priority 2
C000260,P008,Premium Banking,Banking,Premium,0.0,1000000,5,True,False,219967,261410,14439.19,61,11.7,0.754,5,0.64,0.4775,0.0,0.0,0.861,0.139,0.121,Premium High-Value,Premium Digital Customer,Low Risk,Moderate Cross-Sell Opportunity,Priority 2
C000261,P003,Rewards Credit Card,Credit Card,Cards,0.28,30000,2,False,True,43434,103912,1000.0,24,14.3,0.846,1,0.528,0.3455,0.0,0.0,0.813,0.187,0.16,Core Active,Core Digital Customer,High Risk,Moderate Cross-Sell Opportunity,Priority 3
C000261,P004,Personal Loan,Loan,Lending,0.115,75000,3,False,True,43434,103912,1000.0,24,14.3,0.846,1,0.528,0.3455,0.0,0.0,0.813,0.187,0.16,Core Active,Core Digital Customer,High Risk,Moderate Cross-Sell Opportunity,Priority 3
C000261,P005,Home Loan,Loan,Lending,0.082,500000,4,False,True,43434,103912,1000.0,24,14.3,0.846,1,0.528,0.3455,0.0,0.0,0.813,0.187,0.16,Core Active,Core Digital Customer,High Risk,Moderate Cross-Sell Opportunity,Priority 3
C000261,P006,Mutual Fund Plan,Investment,Wealth,0.1,10000,3,False,True,43434,103912,1000.0,24,14.3,0.846,1,0.528,0.3455,0.0,0.0,0.813,0.187,0.16,Core Active,Core Digital Customer,High Risk,Moderate Cross-Sell Opportunity,Priority 3
C000261,P007,Term Insurance,Insurance,Protection,0.0,500000,3,False,True,43434,103912,1000.0,24,14.3,0.846,1,0.528,0.3455,0.0,0.0,0.813,0.187,0.16,Core Active,Core Digital Customer,High Risk,Moderate Cross-Sell Opportunity,Priority 3
C000261,P008,Premium Banking,Banking,Premium,0.0,1000000,5,False,True,43434,103912,1000.0,24,14.3,0.846,1,0.528,0.3455,0.0,0.0,0.813,0.187,0.16,Core Active,Core Digital Customer,High Risk,Moderate Cross-Sell Opportunity,Priority 3
C000262,P003,Rewards Credit Card,Credit Card,Cards,0.28,30000,2,False,True,60144,154656,1000.0,22,17.4,1.0,1,0.41,0.3554,0.4,0.5,0.741,0.259,0.009,Core Active,Core Digital Customer,High Risk,Moderate Cross-Sell Opportunity,Priority 3
C000262,P004,Personal Loan,Loan,Lending,0.115,75000,3,False,True,60144,154656,1000.0,22,17.4,1.0,1,0.41,0.3554,0.4,0.5,0.741,0.259,0.009,Core Active,Core Digital Customer,High Risk,Moderate Cross-Sell Opportunity,Priority 3
C000262,P005,Home Loan,Loan,Lending,0.082,500000,4,False,True,60144,154656,1000.0,22,17.4,1.0,1,0.41,0.3554,0.4,0.5,0.741,0.259,0.009,Core Active,Core Digital Customer,High Risk,Moderate Cross-Sell Opportunity,Priority 3
C000262,P006,Mutual Fund Plan,Investment,Wealth,0.1,10000,3,False,True,60144,154656,1000.0,22,17.4,1.0,1,0.41,0.3554,0.4,0.5,0.741,0.259,0.009,Core Active,Core Digital Customer,High Risk,Moderate Cross-Sell Opportunity,Priority 3
C000262,P007,Term Insurance,Insurance,Protection,0.0,500000,3,False,True,60144,154656,1000.0,22,17.4,1.0,1,0.41,0.3554,0.4,0.5,0.741,0.259,0.009,Core Active,Core Digital Customer,High Risk,Moderate Cross-Sell Opportunity,Priority 3
C000262,P008,Premium Banking,Banking,Premium,0.0,1000000,5,False,True,60144,154656,1000.0,22,17.4,1.0,1,0.41,0.3554,0.4,0.5,0.741,0.259,0.009,Core Active,Core Digital Customer,High Risk,Moderate Cross-Sell Opportunity,Priority 3
C000263,P003,Rewards Credit Card,Credit Card,Cards,0.28,30000,2,False,True,98166,224427,3103.74,26,3.9,0.282,2,0.493,0.313,1.0,0.0,0.873,0.127,0.048,Core Active,Core Relationship Customer,Moderate Risk,Moderate Cross-Sell Opportunity,Priority 2
C000263,P004,Personal Loan,Loan,Lending,0.115,75000,3,False,True,98166,224427,3103.74,26,3.9,0.282,2,0.493,0.313,1.0,0.0,0.873,0.127,0.048,Core Active,Core Relationship Customer,Moderate Risk,Moderate Cross-Sell Opportunity,Priority 2
C000263,P005,Home Loan,Loan,Lending,0.082,500000,4,False,True,98166,224427,3103.74,26,3.9,0.282,2,0.493,0.313,1.0,0.0,0.873,0.127,0.048,Core Active,Core Relationship Customer,Moderate Risk,Moderate Cross-Sell Opportunity,Priority 2
C000263,P006,Mutual Fund Plan,Investment,Wealth,0.1,10000,3,False,True,98166,224427,3103.74,26,3.9,0.282,2,0.493,0.313,1.0,0.0,0.873,0.127,0.048,Core Active,Core Relationship Customer,Moderate Risk,Moderate Cross-Sell Opportunity,Priority 2
C000263,P007,Term Insurance,Insurance,Protection,0.0,500000,3,False,True,98166,224427,3103.74,26,3.9,0.282,2,0.493,0.313,1.0,0.0,0.873,0.127,0.048,Core Active,Core Relationship Customer,Moderate Risk,Moderate Cross-Sell Opportunity,Priority 2
C000263,P008,Premium Banking,Banking,Premium,0.0,1000000,5,False,True,98166,224427,3103.74,26,3.9,0.282,2,0.493,0.313,1.0,0.0,0.873,0.127,0.048,Core Active,Core Relationship Customer,Moderate Risk,Moderate Cross-Sell Opportunity,Priority 2
C000264,P003,Rewards Credit Card,Credit Card,Cards,0.28,30000,2,False,True,194908,484059,7168.25,60,5.8,0.964,3,0.674,0.5227999999999999,0.4,0.5,0.669,0.331,-0.138,Premium High-Value,Premium Digital Customer,Low Risk,Moderate Cross-Sell Opportunity,Priority 2
C000264,P004,Personal Loan,Loan,Lending,0.115,75000,3,True,False,194908,484059,7168.25,60,5.8,0.964,3,0.674,0.5227999999999999,0.4,0.5,0.669,0.331,-0.138,Premium High-Value,Premium Digital Customer,Low Risk,Moderate Cross-Sell Opportunity,Priority 2
C000264,P005,Home Loan,Loan,Lending,0.082,500000,4,True,False,194908,484059,7168.25,60,5.8,0.964,3,0.674,0.5227999999999999,0.4,0.5,0.669,0.331,-0.138,Premium High-Value,Premium Digital Customer,Low Risk,Moderate Cross-Sell Opportunity,Priority 2
C000264,P006,Mutual Fund Plan,Investment,Wealth,0.1,10000,3,True,False,194908,484059,7168.25,60,5.8,0.964,3,0.674,0.5227999999999999,0.4,0.5,0.669,0.331,-0.138,Premium High-Value,Premium Digital Customer,Low Risk,Moderate Cross-Sell Opportunity,Priority 2
C000264,P007,Term Insurance,Insurance,Protection,0.0,500000,3,False,True,194908,484059,7168.25,60,5.8,0.964,3,0.674,0.5227999999999999,0.4,0.5,0.669,0.331,-0.138,Premium High-Value,Premium Digital Customer,Low Risk,Moderate Cross-Sell Opportunity,Priority 2
C000264,P008,Premium Banking,Banking,Premium,0.0,1000000,5,False,True,194908,484059,7168.25,60,5.8,0.964,3,0.674,0.5227999999999999,0.4,0.5,0.669,0.331,-0.138,Premium High-Value,Premium Digital Customer,Low Risk,Moderate Cross-Sell Opportunity,Priority 2
C000265,P003,Rewards Credit Card,Credit Card,Cards,0.28,30000,2,True,False,236533,1042669,10583.95,60,8.9,0.744,5,0.591,0.6958,0.6,0.0,0.873,0.127,0.173,Premium High-Value,Premium Relationship Customer,Low Risk,Moderate Cross-Sell Opportunity,Priority 2
C000265,P004,Personal Loan,Loan,Lending,0.115,75000,3,True,False,236533,1042669,10583.95,60,8.9,0.744,5,0.591,0.6958,0.6,0.0,0.873,0.127,0.173,Premium High-Value,Premium Relationship Customer,Low Risk,Moderate Cross-Sell Opportunity,Priority 2
C000265,P005,Home Loan,Loan,Lending,0.082,500000,4,False,True,236533,1042669,10583.95,60,8.9,0.744,5,0.591,0.6958,0.6,0.0,0.873,0.127,0.173,Premium High-Value,Premium Relationship Customer,Low Risk,Moderate Cross-Sell Opportunity,Priority 2
C000265,P006,Mutual Fund Plan,Investment,Wealth,0.1,10000,3,True,False,236533,1042669,10583.95,60,8.9,0.744,5,0.591,0.6958,0.6,0.0,0.873,0.127,0.173,Premium High-Value,Premium Relationship Customer,Low Risk,Moderate Cross-Sell Opportunity,Priority 2
C000265,P007,Term Insurance,Insurance,Protection,0.0,500000,3,False,True,236533,1042669,10583.95,60,8.9,0.744,5,0.591,0.6958,0.6,0.0,0.873,0.127,0.173,Premium High-Value,Premium Relationship Customer,Low Risk,Moderate Cross-Sell Opportunity,Priority 2
C000265,P008,Premium Banking,Banking,Premium,0.0,1000000,5,True,False,236533,1042669,10583.95,60,8.9,0.744,5,0.591,0.6958,0.6,0.0,0.873,0.127,0.173,Premium High-Value,Premium Relationship Customer,Low Risk,Moderate Cross-Sell Opportunity,Priority 2
C000266,P003,Rewards Credit Card,Credit Card,Cards,0.28,30000,2,False,True,52819,176128,2161.85,43,5.2,0.227,1,0.435,0.3313333333333333,0.3333333333333333,0.0,0.526,0.474,0.154,Core Active,Core Relationship Customer,Low Risk,Moderate Cross-Sell Opportunity,Priority 3
C000266,P004,Personal Loan,Loan,Lending,0.115,75000,3,False,True,52819,176128,2161.85,43,5.2,0.227,1,0.435,0.3313333333333333,0.3333333333333333,0.0,0.526,0.474,0.154,Core Active,Core Relationship Customer,Low Risk,Moderate Cross-Sell Opportunity,Priority 3
C000266,P005,Home Loan,Loan,Lending,0.082,500000,4,False,True,52819,176128,2161.85,43,5.2,0.227,1,0.435,0.3313333333333333,0.3333333333333333,0.0,0.526,0.474,0.154,Core Active,Core Relationship Customer,Low Risk,Moderate Cross-Sell Opportunity,Priority 3
C000266,P006,Mutual Fund Plan,Investment,Wealth,0.1,10000,3,False,True,52819,176128,2161.85,43,5.2,0.227,1,0.435,0.3313333333333333,0.3333333333333333,0.0,0.526,0.474,0.154,Core Active,Core Relationship Customer,Low Risk,Moderate Cross-Sell Opportunity,Priority 3
C000266,P007,Term Insurance,Insurance,Protection,0.0,500000,3,False,True,52819,176128,2161.85,43,5.2,0.227,1,0.435,0.3313333333333333,0.3333333333333333,0.0,0.526,0.474,0.154,Core Active,Core Relationship Customer,Low Risk,Moderate Cross-Sell Opportunity,Priority 3
C000266,P008,Premium Banking,Banking,Premium,0.0,1000000,5,False,True,52819,176128,2161.85,43,5.2,0.227,1,0.435,0.3313333333333333,0.3333333333333333,0.0,0.526,0.474,0.154,Core Active,Core Relationship Customer,Low Risk,Moderate Cross-Sell Opportunity,Priority 3
C000267,P003,Rewards Credit Card,Credit Card,Cards,0.28,30000,2,True,False,55130,286658,2125.95,28,17.1,0.924,1,0.581,0.5123333333333333,0.0,0.0,0.626,0.374,0.172,Core Active,Core Digital Customer,High Risk,Moderate Cross-Sell Opportunity,Priority 3
C000267,P004,Personal Loan,Loan,Lending,0.115,75000,3,False,True,55130,286658,2125.95,28,17.1,0.924,1,0.581,0.5123333333333333,0.0,0.0,0.626,0.374,0.172,Core Active,Core Digital Customer,High Risk,Moderate Cross-Sell Opportunity,Priority 3
C000267,P005,Home Loan,Loan,Lending,0.082,500000,4,False,True,55130,286658,2125.95,28,17.1,0.924,1,0.581,0.5123333333333333,0.0,0.0,0.626,0.374,0.172,Core Active,Core Digital Customer,High Risk,Moderate Cross-Sell Opportunity,Priority 3
C000267,P006,Mutual Fund Plan,Investment,Wealth,0.1,10000,3,False,True,55130,286658,2125.95,28,17.1,0.924,1,0.581,0.5123333333333333,0.0,0.0,0.626,0.374,0.172,Core Active,Core Digital Customer,High Risk,Moderate Cross-Sell Opportunity,Priority 3
C000267,P007,Term Insurance,Insurance,Protection,0.0,500000,3,False,True,55130,286658,2125.95,28,17.1,0.924,1,0.581,0.5123333333333333,0.0,0.0,0.626,0.374,0.172,Core Active,Core Digital Customer,High Risk,Moderate Cross-Sell Opportunity,Priority 3
C000267,P008,Premium Banking,Banking,Premium,0.0,1000000,5,False,True,55130,286658,2125.95,28,17.1,0.924,1,0.581,0.5123333333333333,0.0,0.0,0.626,0.374,0.172,Core Active,Core Digital Customer,High Risk,Moderate Cross-Sell Opportunity,Priority 3
C000268,P003,Rewards Credit Card,Credit Card,Cards,0.28,30000,2,False,True,94710,247041,5191.55,45,23.2,0.428,1,0.321,0.38925,0.5,0.0,0.767,0.233,0.006,Core Active,Core Relationship Customer,High Risk,Moderate Cross-Sell Opportunity,Priority 3
C000268,P004,Personal Loan,Loan,Lending,0.115,75000,3,False,True,94710,247041,5191.55,45,23.2,0.428,1,0.321,0.38925,0.5,0.0,0.767,0.233,0.006,Core Active,Core Relationship Customer,High Risk,Moderate Cross-Sell Opportunity,Priority 3
C000268,P005,Home Loan,Loan,Lending,0.082,500000,4,False,True,94710,247041,5191.55,45,23.2,0.428,1,0.321,0.38925,0.5,0.0,0.767,0.233,0.006,Core Active,Core Relationship Customer,High Risk,Moderate Cross-Sell Opportunity,Priority 3
C000268,P006,Mutual Fund Plan,Investment,Wealth,0.1,10000,3,False,True,94710,247041,5191.55,45,23.2,0.428,1,0.321,0.38925,0.5,0.0,0.767,0.233,0.006,Core Active,Core Relationship Customer,High Risk,Moderate Cross-Sell Opportunity,Priority 3
C000268,P007,Term Insurance,Insurance,Protection,0.0,500000,3,False,True,94710,247041,5191.55,45,23.2,0.428,1,0.321,0.38925,0.5,0.0,0.767,0.233,0.006,Core Active,Core Relationship Customer,High Risk,Moderate Cross-Sell Opportunity,Priority 3
C000268,P008,Premium Banking,Banking,Premium,0.0,1000000,5,False,True,94710,247041,5191.55,45,23.2,0.428,1,0.321,0.38925,0.5,0.0,0.767,0.233,0.006,Core Active,Core Relationship Customer,High Risk,Moderate Cross-Sell Opportunity,Priority 3
C000269,P003,Rewards Credit Card,Credit Card,Cards,0.28,30000,2,True,False,78647,731018,1516.08,34,6.2,0.633,5,0.595,0.4642,0.2,0.0,0.838,0.162,-0.12,Core Active,Core Relationship Customer,Moderate Risk,Moderate Cross-Sell Opportunity,Priority 3
C000269,P004,Personal Loan,Loan,Lending,0.115,75000,3,True,False,78647,731018,1516.08,34,6.2,0.633,5,0.595,0.4642,0.2,0.0,0.838,0.162,-0.12,Core Active,Core Relationship Customer,Moderate Risk,Moderate Cross-Sell Opportunity,Priority 3
C000269,P005,Home Loan,Loan,Lending,0.082,500000,4,False,True,78647,731018,1516.08,34,6.2,0.633,5,0.595,0.4642,0.2,0.0,0.838,0.162,-0.12,Core Active,Core Relationship Customer,Moderate Risk,Moderate Cross-Sell Opportunity,Priority 3
C000269,P006,Mutual Fund Plan,Investment,Wealth,0.1,10000,3,False,True,78647,731018,1516.08,34,6.2,0.633,5,0.595,0.4642,0.2,0.0,0.838,0.162,-0.12,Core Active,Core Relationship Customer,Moderate Risk,Moderate Cross-Sell Opportunity,Priority 3
C000269,P007,Term Insurance,Insurance,Protection,0.0,500000,3,True,False,78647,731018,1516.08,34,6.2,0.633,5,0.595,0.4642,0.2,0.0,0.838,0.162,-0.12,Core Active,Core Relationship Customer,Moderate Risk,Moderate Cross-Sell Opportunity,Priority 3
C000269,P008,Premium Banking,Banking,Premium,0.0,1000000,5,False,True,78647,731018,1516.08,34,6.2,0.633,5,0.595,0.4642,0.2,0.0,0.838,0.162,-0.12,Core Active,Core Relationship Customer,Moderate Risk,Moderate Cross-Sell Opportunity,Priority 3
C000270,P003,Rewards Credit Card,Credit Card,Cards,0.28,30000,2,False,True,66469,299552,1000.0,45,9.1,0.705,3,0.646,0.5728,0.4,0.0,0.663,0.337,0.092,Core Active,Core Relationship Customer,Low Risk,Moderate Cross-Sell Opportunity,Priority 3
C000270,P004,Personal Loan,Loan,Lending,0.115,75000,3,True,False,66469,299552,1000.0,45,9.1,0.705,3,0.646,0.5728,0.4,0.0,0.663,0.337,0.092,Core Active,Core Relationship Customer,Low Risk,Moderate Cross-Sell Opportunity,Priority 3
C000270,P005,Home Loan,Loan,Lending,0.082,500000,4,True,False,66469,299552,1000.0,45,9.1,0.705,3,0.646,0.5728,0.4,0.0,0.663,0.337,0.092,Core Active,Core Relationship Customer,Low Risk,Moderate Cross-Sell Opportunity,Priority 3
C000270,P006,Mutual Fund Plan,Investment,Wealth,0.1,10000,3,False,True,66469,299552,1000.0,45,9.1,0.705,3,0.646,0.5728,0.4,0.0,0.663,0.337,0.092,Core Active,Core Relationship Customer,Low Risk,Moderate Cross-Sell Opportunity,Priority 3
C000270,P007,Term Insurance,Insurance,Protection,0.0,500000,3,False,True,66469,299552,1000.0,45,9.1,0.705,3,0.646,0.5728,0.4,0.0,0.663,0.337,0.092,Core Active,Core Relationship Customer,Low Risk,Moderate Cross-Sell Opportunity,Priority 3
C000270,P008,Premium Banking,Banking,Premium,0.0,1000000,5,False,True,66469,299552,1000.0,45,9.1,0.705,3,0.646,0.5728,0.4,0.0,0.663,0.337,0.092,Core Active,Core Relationship Customer,Low Risk,Moderate Cross-Sell Opportunity,Priority 3
C000271,P003,Rewards Credit Card,Credit Card,Cards,0.28,30000,2,False,True,84156,133199,3991.15,39,13.2,0.563,3,0.482,0.2103333333333333,0.6666666666666666,0.0,0.724,0.276,0.068,Core Active,Core Relationship Customer,Moderate Risk,Low Cross-Sell Opportunity,Priority 3
C000271,P004,Personal Loan,Loan,Lending,0.115,75000,3,False,True,84156,133199,3991.15,39,13.2,0.563,3,0.482,0.2103333333333333,0.6666666666666666,0.0,0.724,0.276,0.068,Core Active,Core Relationship Customer,Moderate Risk,Low Cross-Sell Opportunity,Priority 3
C000271,P005,Home Loan,Loan,Lending,0.082,500000,4,False,True,84156,133199,3991.15,39,13.2,0.563,3,0.482,0.2103333333333333,0.6666666666666666,0.0,0.724,0.276,0.068,Core Active,Core Relationship Customer,Moderate Risk,Low Cross-Sell Opportunity,Priority 3
C000271,P006,Mutual Fund Plan,Investment,Wealth,0.1,10000,3,False,True,84156,133199,3991.15,39,13.2,0.563,3,0.482,0.2103333333333333,0.6666666666666666,0.0,0.724,0.276,0.068,Core Active,Core Relationship Customer,Moderate Risk,Low Cross-Sell Opportunity,Priority 3
C000271,P007,Term Insurance,Insurance,Protection,0.0,500000,3,True,False,84156,133199,3991.15,39,13.2,0.563,3,0.482,0.2103333333333333,0.6666666666666666,0.0,0.724,0.276,0.068,Core Active,Core Relationship Customer,Moderate Risk,Low Cross-Sell Opportunity,Priority 3
C000271,P008,Premium Banking,Banking,Premium,0.0,1000000,5,False,True,84156,133199,3991.15,39,13.2,0.563,3,0.482,0.2103333333333333,0.6666666666666666,0.0,0.724,0.276,0.068,Core Active,Core Relationship Customer,Moderate Risk,Low Cross-Sell Opportunity,Priority 3
C000272,P003,Rewards Credit Card,Credit Card,Cards,0.28,30000,2,True,False,190868,958738,9069.58,57,45.8,1.0,6,0.746,0.61775,0.5,0.0,0.765,0.235,0.062,Premium High-Value,Premium Digital Customer,Moderate Risk,Moderate Cross-Sell Opportunity,Priority 2
C000272,P004,Personal Loan,Loan,Lending,0.115,75000,3,False,True,190868,958738,9069.58,57,45.8,1.0,6,0.746,0.61775,0.5,0.0,0.765,0.235,0.062,Premium High-Value,Premium Digital Customer,Moderate Risk,Moderate Cross-Sell Opportunity,Priority 2
C000272,P005,Home Loan,Loan,Lending,0.082,500000,4,True,False,190868,958738,9069.58,57,45.8,1.0,6,0.746,0.61775,0.5,0.0,0.765,0.235,0.062,Premium High-Value,Premium Digital Customer,Moderate Risk,Moderate Cross-Sell Opportunity,Priority 2
C000272,P006,Mutual Fund Plan,Investment,Wealth,0.1,10000,3,True,False,190868,958738,9069.58,57,45.8,1.0,6,0.746,0.61775,0.5,0.0,0.765,0.235,0.062,Premium High-Value,Premium Digital Customer,Moderate Risk,Moderate Cross-Sell Opportunity,Priority 2
C000272,P007,Term Insurance,Insurance,Protection,0.0,500000,3,False,True,190868,958738,9069.58,57,45.8,1.0,6,0.746,0.61775,0.5,0.0,0.765,0.235,0.062,Premium High-Value,Premium Digital Customer,Moderate Risk,Moderate Cross-Sell Opportunity,Priority 2
C000272,P008,Premium Banking,Banking,Premium,0.0,1000000,5,True,False,190868,958738,9069.58,57,45.8,1.0,6,0.746,0.61775,0.5,0.0,0.765,0.235,0.062,Premium High-Value,Premium Digital Customer,Moderate Risk,Moderate Cross-Sell Opportunity,Priority 2
C000273,P003,Rewards Credit Card,Credit Card,Cards,0.28,30000,2,False,True,43800,119458,2039.3,22,31.0,0.35,1,0.382,0.3682499999999999,0.5,0.0,0.713,0.287,-0.162,Core Active,Core Relationship Customer,Critical Risk,Low Cross-Sell Opportunity,Priority 4
C000273,P004,Personal Loan,Loan,Lending,0.115,75000,3,False,True,43800,119458,2039.3,22,31.0,0.35,1,0.382,0.3682499999999999,0.5,0.0,0.713,0.287,-0.162,Core Active,Core Relationship Customer,Critical Risk,Low Cross-Sell Opportunity,Priority 4
C000273,P005,Home Loan,Loan,Lending,0.082,500000,4,False,True,43800,119458,2039.3,22,31.0,0.35,1,0.382,0.3682499999999999,0.5,0.0,0.713,0.287,-0.162,Core Active,Core Relationship Customer,Critical Risk,Low Cross-Sell Opportunity,Priority 4
C000273,P006,Mutual Fund Plan,Investment,Wealth,0.1,10000,3,False,True,43800,119458,2039.3,22,31.0,0.35,1,0.382,0.3682499999999999,0.5,0.0,0.713,0.287,-0.162,Core Active,Core Relationship Customer,Critical Risk,Low Cross-Sell Opportunity,Priority 4
C000273,P007,Term Insurance,Insurance,Protection,0.0,500000,3,False,True,43800,119458,2039.3,22,31.0,0.35,1,0.382,0.3682499999999999,0.5,0.0,0.713,0.287,-0.162,Core Active,Core Relationship Customer,Critical Risk,Low Cross-Sell Opportunity,Priority 4
C000273,P008,Premium Banking,Banking,Premium,0.0,1000000,5,False,True,43800,119458,2039.3,22,31.0,0.35,1,0.382,0.3682499999999999,0.5,0.0,0.713,0.287,-0.162,Core Active,Core Relationship Customer,Critical Risk,Low Cross-Sell Opportunity,Priority 4
C000274,P003,Rewards Credit Card,Credit Card,Cards,0.28,30000,2,True,False,132224,492902,5715.09,52,22.9,1.0,3,0.766,0.52,1.0,0.0,0.663,0.337,0.266,Premium High-Value,Premium Digital Customer,Moderate Risk,Moderate Cross-Sell Opportunity,Priority 2
C000274,P004,Personal Loan,Loan,Lending,0.115,75000,3,True,False,132224,492902,5715.09,52,22.9,1.0,3,0.766,0.52,1.0,0.0,0.663,0.337,0.266,Premium High-Value,Premium Digital Customer,Moderate Risk,Moderate Cross-Sell Opportunity,Priority 2
C000274,P005,Home Loan,Loan,Lending,0.082,500000,4,False,True,132224,492902,5715.09,52,22.9,1.0,3,0.766,0.52,1.0,0.0,0.663,0.337,0.266,Premium High-Value,Premium Digital Customer,Moderate Risk,Moderate Cross-Sell Opportunity,Priority 2
C000274,P006,Mutual Fund Plan,Investment,Wealth,0.1,10000,3,False,True,132224,492902,5715.09,52,22.9,1.0,3,0.766,0.52,1.0,0.0,0.663,0.337,0.266,Premium High-Value,Premium Digital Customer,Moderate Risk,Moderate Cross-Sell Opportunity,Priority 2
C000274,P007,Term Insurance,Insurance,Protection,0.0,500000,3,False,True,132224,492902,5715.09,52,22.9,1.0,3,0.766,0.52,1.0,0.0,0.663,0.337,0.266,Premium High-Value,Premium Digital Customer,Moderate Risk,Moderate Cross-Sell Opportunity,Priority 2
C000274,P008,Premium Banking,Banking,Premium,0.0,1000000,5,False,True,132224,492902,5715.09,52,22.9,1.0,3,0.766,0.52,1.0,0.0,0.663,0.337,0.266,Premium High-Value,Premium Digital Customer,Moderate Risk,Moderate Cross-Sell Opportunity,Priority 2
C000275,P003,Rewards Credit Card,Credit Card,Cards,0.28,30000,2,False,True,107322,337252,5405.09,43,33.6,0.544,3,0.335,0.432,0.0,0.0,0.561,0.439,-0.091,Core Active,Core Relationship Customer,Critical Risk,Low Cross-Sell Opportunity,Priority 4
C000275,P004,Personal Loan,Loan,Lending,0.115,75000,3,True,False,107322,337252,5405.09,43,33.6,0.544,3,0.335,0.432,0.0,0.0,0.561,0.439,-0.091,Core Active,Core Relationship Customer,Critical Risk,Low Cross-Sell Opportunity,Priority 4
C000275,P005,Home Loan,Loan,Lending,0.082,500000,4,False,True,107322,337252,5405.09,43,33.6,0.544,3,0.335,0.432,0.0,0.0,0.561,0.439,-0.091,Core Active,Core Relationship Customer,Critical Risk,Low Cross-Sell Opportunity,Priority 4
C000275,P006,Mutual Fund Plan,Investment,Wealth,0.1,10000,3,True,False,107322,337252,5405.09,43,33.6,0.544,3,0.335,0.432,0.0,0.0,0.561,0.439,-0.091,Core Active,Core Relationship Customer,Critical Risk,Low Cross-Sell Opportunity,Priority 4
C000275,P007,Term Insurance,Insurance,Protection,0.0,500000,3,True,False,107322,337252,5405.09,43,33.6,0.544,3,0.335,0.432,0.0,0.0,0.561,0.439,-0.091,Core Active,Core Relationship Customer,Critical Risk,Low Cross-Sell Opportunity,Priority 4
C000275,P008,Premium Banking,Banking,Premium,0.0,1000000,5,False,True,107322,337252,5405.09,43,33.6,0.544,3,0.335,0.432,0.0,0.0,0.561,0.439,-0.091,Core Active,Core Relationship Customer,Critical Risk,Low Cross-Sell Opportunity,Priority 4
C000276,P003,Rewards Credit Card,Credit Card,Cards,0.28,30000,2,True,False,70270,63023,2982.77,37,5.0,0.686,2,0.619,0.4083333333333332,0.3333333333333333,0.0,0.598,0.402,-0.012,Core Active,Core Relationship Customer,Moderate Risk,Moderate Cross-Sell Opportunity,Priority 3
C000276,P004,Personal Loan,Loan,Lending,0.115,75000,3,False,True,70270,63023,2982.77,37,5.0,0.686,2,0.619,0.4083333333333332,0.3333333333333333,0.0,0.598,0.402,-0.012,Core Active,Core Relationship Customer,Moderate Risk,Moderate Cross-Sell Opportunity,Priority 3
C000276,P005,Home Loan,Loan,Lending,0.082,500000,4,False,True,70270,63023,2982.77,37,5.0,0.686,2,0.619,0.4083333333333332,0.3333333333333333,0.0,0.598,0.402,-0.012,Core Active,Core Relationship Customer,Moderate Risk,Moderate Cross-Sell Opportunity,Priority 3
C000276,P006,Mutual Fund Plan,Investment,Wealth,0.1,10000,3,False,True,70270,63023,2982.77,37,5.0,0.686,2,0.619,0.4083333333333332,0.3333333333333333,0.0,0.598,0.402,-0.012,Core Active,Core Relationship Customer,Moderate Risk,Moderate Cross-Sell Opportunity,Priority 3
C000276,P007,Term Insurance,Insurance,Protection,0.0,500000,3,False,True,70270,63023,2982.77,37,5.0,0.686,2,0.619,0.4083333333333332,0.3333333333333333,0.0,0.598,0.402,-0.012,Core Active,Core Relationship Customer,Moderate Risk,Moderate Cross-Sell Opportunity,Priority 3
C000276,P008,Premium Banking,Banking,Premium,0.0,1000000,5,False,True,70270,63023,2982.77,37,5.0,0.686,2,0.619,0.4083333333333332,0.3333333333333333,0.0,0.598,0.402,-0.012,Core Active,Core Relationship Customer,Moderate Risk,Moderate Cross-Sell Opportunity,Priority 3
C000277,P003,Rewards Credit Card,Credit Card,Cards,0.28,30000,2,True,False,132749,970997,7618.29,45,9.2,0.832,4,0.631,0.5925,0.25,0.0,0.752,0.248,0.158,Premium High-Value,Premium Digital Customer,Low Risk,Moderate Cross-Sell Opportunity,Priority 2
C000277,P004,Personal Loan,Loan,Lending,0.115,75000,3,False,True,132749,970997,7618.29,45,9.2,0.832,4,0.631,0.5925,0.25,0.0,0.752,0.248,0.158,Premium High-Value,Premium Digital Customer,Low Risk,Moderate Cross-Sell Opportunity,Priority 2
C000277,P005,Home Loan,Loan,Lending,0.082,500000,4,True,False,132749,970997,7618.29,45,9.2,0.832,4,0.631,0.5925,0.25,0.0,0.752,0.248,0.158,Premium High-Value,Premium Digital Customer,Low Risk,Moderate Cross-Sell Opportunity,Priority 2
C000277,P006,Mutual Fund Plan,Investment,Wealth,0.1,10000,3,False,True,132749,970997,7618.29,45,9.2,0.832,4,0.631,0.5925,0.25,0.0,0.752,0.248,0.158,Premium High-Value,Premium Digital Customer,Low Risk,Moderate Cross-Sell Opportunity,Priority 2
C000277,P007,Term Insurance,Insurance,Protection,0.0,500000,3,True,False,132749,970997,7618.29,45,9.2,0.832,4,0.631,0.5925,0.25,0.0,0.752,0.248,0.158,Premium High-Value,Premium Digital Customer,Low Risk,Moderate Cross-Sell Opportunity,Priority 2
C000277,P008,Premium Banking,Banking,Premium,0.0,1000000,5,False,True,132749,970997,7618.29,45,9.2,0.832,4,0.631,0.5925,0.25,0.0,0.752,0.248,0.158,Premium High-Value,Premium Digital Customer,Low Risk,Moderate Cross-Sell Opportunity,Priority 2
C000278,P003,Rewards Credit Card,Credit Card,Cards,0.28,30000,2,False,True,57584,342684,2380.09,40,16.0,0.771,1,0.525,0.367,0.4,0.0,0.749,0.251,0.079,Core Active,Core Relationship Customer,Moderate Risk,Moderate Cross-Sell Opportunity,Priority 3
C000278,P004,Personal Loan,Loan,Lending,0.115,75000,3,False,True,57584,342684,2380.09,40,16.0,0.771,1,0.525,0.367,0.4,0.0,0.749,0.251,0.079,Core Active,Core Relationship Customer,Moderate Risk,Moderate Cross-Sell Opportunity,Priority 3
C000278,P005,Home Loan,Loan,Lending,0.082,500000,4,False,True,57584,342684,2380.09,40,16.0,0.771,1,0.525,0.367,0.4,0.0,0.749,0.251,0.079,Core Active,Core Relationship Customer,Moderate Risk,Moderate Cross-Sell Opportunity,Priority 3
C000278,P006,Mutual Fund Plan,Investment,Wealth,0.1,10000,3,False,True,57584,342684,2380.09,40,16.0,0.771,1,0.525,0.367,0.4,0.0,0.749,0.251,0.079,Core Active,Core Relationship Customer,Moderate Risk,Moderate Cross-Sell Opportunity,Priority 3
C000278,P007,Term Insurance,Insurance,Protection,0.0,500000,3,False,True,57584,342684,2380.09,40,16.0,0.771,1,0.525,0.367,0.4,0.0,0.749,0.251,0.079,Core Active,Core Relationship Customer,Moderate Risk,Moderate Cross-Sell Opportunity,Priority 3
C000278,P008,Premium Banking,Banking,Premium,0.0,1000000,5,False,True,57584,342684,2380.09,40,16.0,0.771,1,0.525,0.367,0.4,0.0,0.749,0.251,0.079,Core Active,Core Relationship Customer,Moderate Risk,Moderate Cross-Sell Opportunity,Priority 3
C000279,P003,Rewards Credit Card,Credit Card,Cards,0.28,30000,2,False,True,129717,229701,5412.59,60,5.2,0.607,3,0.64,0.4945,0.5,0.0,0.882,0.118,0.202,Premium High-Value,Premium Relationship Customer,Low Risk,Moderate Cross-Sell Opportunity,Priority 3
C000279,P004,Personal Loan,Loan,Lending,0.115,75000,3,False,True,129717,229701,5412.59,60,5.2,0.607,3,0.64,0.4945,0.5,0.0,0.882,0.118,0.202,Premium High-Value,Premium Relationship Customer,Low Risk,Moderate Cross-Sell Opportunity,Priority 3
C000279,P005,Home Loan,Loan,Lending,0.082,500000,4,True,False,129717,229701,5412.59,60,5.2,0.607,3,0.64,0.4945,0.5,0.0,0.882,0.118,0.202,Premium High-Value,Premium Relationship Customer,Low Risk,Moderate Cross-Sell Opportunity,Priority 3
C000279,P006,Mutual Fund Plan,Investment,Wealth,0.1,10000,3,True,False,129717,229701,5412.59,60,5.2,0.607,3,0.64,0.4945,0.5,0.0,0.882,0.118,0.202,Premium High-Value,Premium Relationship Customer,Low Risk,Moderate Cross-Sell Opportunity,Priority 3
C000279,P007,Term Insurance,Insurance,Protection,0.0,500000,3,False,True,129717,229701,5412.59,60,5.2,0.607,3,0.64,0.4945,0.5,0.0,0.882,0.118,0.202,Premium High-Value,Premium Relationship Customer,Low Risk,Moderate Cross-Sell Opportunity,Priority 3
C000279,P008,Premium Banking,Banking,Premium,0.0,1000000,5,False,True,129717,229701,5412.59,60,5.2,0.607,3,0.64,0.4945,0.5,0.0,0.882,0.118,0.202,Premium High-Value,Premium Relationship Customer,Low Risk,Moderate Cross-Sell Opportunity,Priority 3
C000280,P003,Rewards Credit Card,Credit Card,Cards,0.28,30000,2,False,True,32677,197010,1153.31,31,10.3,0.743,1,0.459,0.437,0.0,0.0,0.754,0.246,0.06,Core Active,Core Relationship Customer,Moderate Risk,Moderate Cross-Sell Opportunity,Priority 4
C000280,P004,Personal Loan,Loan,Lending,0.115,75000,3,False,True,32677,197010,1153.31,31,10.3,0.743,1,0.459,0.437,0.0,0.0,0.754,0.246,0.06,Core Active,Core Relationship Customer,Moderate Risk,Moderate Cross-Sell Opportunity,Priority 4
C000280,P005,Home Loan,Loan,Lending,0.082,500000,4,False,True,32677,197010,1153.31,31,10.3,0.743,1,0.459,0.437,0.0,0.0,0.754,0.246,0.06,Core Active,Core Relationship Customer,Moderate Risk,Moderate Cross-Sell Opportunity,Priority 4
C000280,P006,Mutual Fund Plan,Investment,Wealth,0.1,10000,3,False,True,32677,197010,1153.31,31,10.3,0.743,1,0.459,0.437,0.0,0.0,0.754,0.246,0.06,Core Active,Core Relationship Customer,Moderate Risk,Moderate Cross-Sell Opportunity,Priority 4
C000280,P007,Term Insurance,Insurance,Protection,0.0,500000,3,False,True,32677,197010,1153.31,31,10.3,0.743,1,0.459,0.437,0.0,0.0,0.754,0.246,0.06,Core Active,Core Relationship Customer,Moderate Risk,Moderate Cross-Sell Opportunity,Priority 4
C000280,P008,Premium Banking,Banking,Premium,0.0,1000000,5,False,True,32677,197010,1153.31,31,10.3,0.743,1,0.459,0.437,0.0,0.0,0.754,0.246,0.06,Core Active,Core Relationship Customer,Moderate Risk,Moderate Cross-Sell Opportunity,Priority 4
C000281,P003,Rewards Credit Card,Credit Card,Cards,0.28,30000,2,True,False,66441,521317,3494.64,43,4.6,0.427,2,0.526,0.5056,0.4,1.0,0.723,0.277,0.02,Core Active,Core Relationship Customer,Low Risk,Moderate Cross-Sell Opportunity,Priority 3
C000281,P004,Personal Loan,Loan,Lending,0.115,75000,3,False,True,66441,521317,3494.64,43,4.6,0.427,2,0.526,0.5056,0.4,1.0,0.723,0.277,0.02,Core Active,Core Relationship Customer,Low Risk,Moderate Cross-Sell Opportunity,Priority 3
C000281,P005,Home Loan,Loan,Lending,0.082,500000,4,False,True,66441,521317,3494.64,43,4.6,0.427,2,0.526,0.5056,0.4,1.0,0.723,0.277,0.02,Core Active,Core Relationship Customer,Low Risk,Moderate Cross-Sell Opportunity,Priority 3
C000281,P006,Mutual Fund Plan,Investment,Wealth,0.1,10000,3,False,True,66441,521317,3494.64,43,4.6,0.427,2,0.526,0.5056,0.4,1.0,0.723,0.277,0.02,Core Active,Core Relationship Customer,Low Risk,Moderate Cross-Sell Opportunity,Priority 3
C000281,P007,Term Insurance,Insurance,Protection,0.0,500000,3,False,True,66441,521317,3494.64,43,4.6,0.427,2,0.526,0.5056,0.4,1.0,0.723,0.277,0.02,Core Active,Core Relationship Customer,Low Risk,Moderate Cross-Sell Opportunity,Priority 3
C000281,P008,Premium Banking,Banking,Premium,0.0,1000000,5,False,True,66441,521317,3494.64,43,4.6,0.427,2,0.526,0.5056,0.4,1.0,0.723,0.277,0.02,Core Active,Core Relationship Customer,Low Risk,Moderate Cross-Sell Opportunity,Priority 3
C000282,P003,Rewards Credit Card,Credit Card,Cards,0.28,30000,2,True,False,165444,1843674,8285.66,50,19.1,0.761,3,0.674,0.6823333333333332,0.3333333333333333,1.0,0.771,0.229,0.1,Premium High-Value,Premium Digital Customer,Moderate Risk,Moderate Cross-Sell Opportunity,Priority 2
C000282,P004,Personal Loan,Loan,Lending,0.115,75000,3,False,True,165444,1843674,8285.66,50,19.1,0.761,3,0.674,0.6823333333333332,0.3333333333333333,1.0,0.771,0.229,0.1,Premium High-Value,Premium Digital Customer,Moderate Risk,Moderate Cross-Sell Opportunity,Priority 2
C000282,P005,Home Loan,Loan,Lending,0.082,500000,4,True,False,165444,1843674,8285.66,50,19.1,0.761,3,0.674,0.6823333333333332,0.3333333333333333,1.0,0.771,0.229,0.1,Premium High-Value,Premium Digital Customer,Moderate Risk,Moderate Cross-Sell Opportunity,Priority 2
C000282,P006,Mutual Fund Plan,Investment,Wealth,0.1,10000,3,False,True,165444,1843674,8285.66,50,19.1,0.761,3,0.674,0.6823333333333332,0.3333333333333333,1.0,0.771,0.229,0.1,Premium High-Value,Premium Digital Customer,Moderate Risk,Moderate Cross-Sell Opportunity,Priority 2
C000282,P007,Term Insurance,Insurance,Protection,0.0,500000,3,False,True,165444,1843674,8285.66,50,19.1,0.761,3,0.674,0.6823333333333332,0.3333333333333333,1.0,0.771,0.229,0.1,Premium High-Value,Premium Digital Customer,Moderate Risk,Moderate Cross-Sell Opportunity,Priority 2
C000282,P008,Premium Banking,Banking,Premium,0.0,1000000,5,False,True,165444,1843674,8285.66,50,19.1,0.761,3,0.674,0.6823333333333332,0.3333333333333333,1.0,0.771,0.229,0.1,Premium High-Value,Premium Digital Customer,Moderate Risk,Moderate Cross-Sell Opportunity,Priority 2
C000283,P003,Rewards Credit Card,Credit Card,Cards,0.28,30000,2,True,False,234680,2385472,14235.34,52,2.1,0.958,2,0.588,0.717,0.3333333333333333,0.0,0.623,0.377,-0.0,Premium High-Value,Premium Digital Customer,Low Risk,High Cross-Sell Opportunity,Priority 2
C000283,P004,Personal Loan,Loan,Lending,0.115,75000,3,False,True,234680,2385472,14235.34,52,2.1,0.958,2,0.588,0.717,0.3333333333333333,0.0,0.623,0.377,-0.0,Premium High-Value,Premium Digital Customer,Low Risk,High Cross-Sell Opportunity,Priority 2
C000283,P005,Home Loan,Loan,Lending,0.082,500000,4,False,True,234680,2385472,14235.34,52,2.1,0.958,2,0.588,0.717,0.3333333333333333,0.0,0.623,0.377,-0.0,Premium High-Value,Premium Digital Customer,Low Risk,High Cross-Sell Opportunity,Priority 2
C000283,P006,Mutual Fund Plan,Investment,Wealth,0.1,10000,3,False,True,234680,2385472,14235.34,52,2.1,0.958,2,0.588,0.717,0.3333333333333333,0.0,0.623,0.377,-0.0,Premium High-Value,Premium Digital Customer,Low Risk,High Cross-Sell Opportunity,Priority 2
C000283,P007,Term Insurance,Insurance,Protection,0.0,500000,3,False,True,234680,2385472,14235.34,52,2.1,0.958,2,0.588,0.717,0.3333333333333333,0.0,0.623,0.377,-0.0,Premium High-Value,Premium Digital Customer,Low Risk,High Cross-Sell Opportunity,Priority 2
C000283,P008,Premium Banking,Banking,Premium,0.0,1000000,5,False,True,234680,2385472,14235.34,52,2.1,0.958,2,0.588,0.717,0.3333333333333333,0.0,0.623,0.377,-0.0,Premium High-Value,Premium Digital Customer,Low Risk,High Cross-Sell Opportunity,Priority 2
C000284,P003,Rewards Credit Card,Credit Card,Cards,0.28,30000,2,True,False,43190,49282,1114.93,18,8.6,0.401,3,0.586,0.414,0.25,0.0,0.664,0.336,-0.126,Core Active,Core Relationship Customer,High Risk,Low Cross-Sell Opportunity,Priority 4
C000284,P004,Personal Loan,Loan,Lending,0.115,75000,3,False,True,43190,49282,1114.93,18,8.6,0.401,3,0.586,0.414,0.25,0.0,0.664,0.336,-0.126,Core Active,Core Relationship Customer,High Risk,Low Cross-Sell Opportunity,Priority 4
C000284,P005,Home Loan,Loan,Lending,0.082,500000,4,False,True,43190,49282,1114.93,18,8.6,0.401,3,0.586,0.414,0.25,0.0,0.664,0.336,-0.126,Core Active,Core Relationship Customer,High Risk,Low Cross-Sell Opportunity,Priority 4
C000284,P006,Mutual Fund Plan,Investment,Wealth,0.1,10000,3,False,True,43190,49282,1114.93,18,8.6,0.401,3,0.586,0.414,0.25,0.0,0.664,0.336,-0.126,Core Active,Core Relationship Customer,High Risk,Low Cross-Sell Opportunity,Priority 4
C000284,P007,Term Insurance,Insurance,Protection,0.0,500000,3,False,True,43190,49282,1114.93,18,8.6,0.401,3,0.586,0.414,0.25,0.0,0.664,0.336,-0.126,Core Active,Core Relationship Customer,High Risk,Low Cross-Sell Opportunity,Priority 4
C000284,P008,Premium Banking,Banking,Premium,0.0,1000000,5,False,True,43190,49282,1114.93,18,8.6,0.401,3,0.586,0.414,0.25,0.0,0.664,0.336,-0.126,Core Active,Core Relationship Customer,High Risk,Low Cross-Sell Opportunity,Priority 4
C000285,P003,Rewards Credit Card,Credit Card,Cards,0.28,30000,2,True,False,194598,348116,9910.28,58,9.9,0.954,5,0.724,0.4698,0.0,0.0,0.642,0.358,0.135,Premium High-Value,Premium Digital Customer,Low Risk,Moderate Cross-Sell Opportunity,Priority 3
C000285,P004,Personal Loan,Loan,Lending,0.115,75000,3,True,False,194598,348116,9910.28,58,9.9,0.954,5,0.724,0.4698,0.0,0.0,0.642,0.358,0.135,Premium High-Value,Premium Digital Customer,Low Risk,Moderate Cross-Sell Opportunity,Priority 3
C000285,P005,Home Loan,Loan,Lending,0.082,500000,4,False,True,194598,348116,9910.28,58,9.9,0.954,5,0.724,0.4698,0.0,0.0,0.642,0.358,0.135,Premium High-Value,Premium Digital Customer,Low Risk,Moderate Cross-Sell Opportunity,Priority 3
C000285,P006,Mutual Fund Plan,Investment,Wealth,0.1,10000,3,True,False,194598,348116,9910.28,58,9.9,0.954,5,0.724,0.4698,0.0,0.0,0.642,0.358,0.135,Premium High-Value,Premium Digital Customer,Low Risk,Moderate Cross-Sell Opportunity,Priority 3
C000285,P007,Term Insurance,Insurance,Protection,0.0,500000,3,True,False,194598,348116,9910.28,58,9.9,0.954,5,0.724,0.4698,0.0,0.0,0.642,0.358,0.135,Premium High-Value,Premium Digital Customer,Low Risk,Moderate Cross-Sell Opportunity,Priority 3
C000285,P008,Premium Banking,Banking,Premium,0.0,1000000,5,False,True,194598,348116,9910.28,58,9.9,0.954,5,0.724,0.4698,0.0,0.0,0.642,0.358,0.135,Premium High-Value,Premium Digital Customer,Low Risk,Moderate Cross-Sell Opportunity,Priority 3
C000286,P003,Rewards Credit Card,Credit Card,Cards,0.28,30000,2,True,False,161655,1058929,10931.85,66,3.9,0.768,5,0.799,0.5296666666666666,0.0,0.0,0.851,0.149,0.269,Premium High-Value,Premium Digital Customer,Low Risk,Moderate Cross-Sell Opportunity,Priority 2
C000286,P004,Personal Loan,Loan,Lending,0.115,75000,3,True,False,161655,1058929,10931.85,66,3.9,0.768,5,0.799,0.5296666666666666,0.0,0.0,0.851,0.149,0.269,Premium High-Value,Premium Digital Customer,Low Risk,Moderate Cross-Sell Opportunity,Priority 2
C000286,P005,Home Loan,Loan,Lending,0.082,500000,4,True,False,161655,1058929,10931.85,66,3.9,0.768,5,0.799,0.5296666666666666,0.0,0.0,0.851,0.149,0.269,Premium High-Value,Premium Digital Customer,Low Risk,Moderate Cross-Sell Opportunity,Priority 2
C000286,P006,Mutual Fund Plan,Investment,Wealth,0.1,10000,3,True,False,161655,1058929,10931.85,66,3.9,0.768,5,0.799,0.5296666666666666,0.0,0.0,0.851,0.149,0.269,Premium High-Value,Premium Digital Customer,Low Risk,Moderate Cross-Sell Opportunity,Priority 2
C000286,P007,Term Insurance,Insurance,Protection,0.0,500000,3,False,True,161655,1058929,10931.85,66,3.9,0.768,5,0.799,0.5296666666666666,0.0,0.0,0.851,0.149,0.269,Premium High-Value,Premium Digital Customer,Low Risk,Moderate Cross-Sell Opportunity,Priority 2
C000286,P008,Premium Banking,Banking,Premium,0.0,1000000,5,False,True,161655,1058929,10931.85,66,3.9,0.768,5,0.799,0.5296666666666666,0.0,0.0,0.851,0.149,0.269,Premium High-Value,Premium Digital Customer,Low Risk,Moderate Cross-Sell Opportunity,Priority 2
C000287,P003,Rewards Credit Card,Credit Card,Cards,0.28,30000,2,True,False,162327,687854,8381.48,61,32.8,0.351,3,0.567,0.5407500000000001,0.0,0.0,0.624,0.376,-0.133,Premium High-Value,Premium Relationship Customer,High Risk,Moderate Cross-Sell Opportunity,Priority 3
C000287,P004,Personal Loan,Loan,Lending,0.115,75000,3,False,True,162327,687854,8381.48,61,32.8,0.351,3,0.567,0.5407500000000001,0.0,0.0,0.624,0.376,-0.133,Premium High-Value,Premium Relationship Customer,High Risk,Moderate Cross-Sell Opportunity,Priority 3
C000287,P005,Home Loan,Loan,Lending,0.082,500000,4,False,True,162327,687854,8381.48,61,32.8,0.351,3,0.567,0.5407500000000001,0.0,0.0,0.624,0.376,-0.133,Premium High-Value,Premium Relationship Customer,High Risk,Moderate Cross-Sell Opportunity,Priority 3
C000287,P006,Mutual Fund Plan,Investment,Wealth,0.1,10000,3,False,True,162327,687854,8381.48,61,32.8,0.351,3,0.567,0.5407500000000001,0.0,0.0,0.624,0.376,-0.133,Premium High-Value,Premium Relationship Customer,High Risk,Moderate Cross-Sell Opportunity,Priority 3
C000287,P007,Term Insurance,Insurance,Protection,0.0,500000,3,True,False,162327,687854,8381.48,61,32.8,0.351,3,0.567,0.5407500000000001,0.0,0.0,0.624,0.376,-0.133,Premium High-Value,Premium Relationship Customer,High Risk,Moderate Cross-Sell Opportunity,Priority 3
C000287,P008,Premium Banking,Banking,Premium,0.0,1000000,5,False,True,162327,687854,8381.48,61,32.8,0.351,3,0.567,0.5407500000000001,0.0,0.0,0.624,0.376,-0.133,Premium High-Value,Premium Relationship Customer,High Risk,Moderate Cross-Sell Opportunity,Priority 3
C000288,P003,Rewards Credit Card,Credit Card,Cards,0.28,30000,2,True,False,47576,40551,1169.08,20,11.9,0.778,2,0.418,0.4333333333333333,0.6666666666666666,0.5,0.775,0.225,-0.093,Core Active,Core Relationship Customer,Critical Risk,Low Cross-Sell Opportunity,Priority 3
C000288,P004,Personal Loan,Loan,Lending,0.115,75000,3,False,True,47576,40551,1169.08,20,11.9,0.778,2,0.418,0.4333333333333333,0.6666666666666666,0.5,0.775,0.225,-0.093,Core Active,Core Relationship Customer,Critical Risk,Low Cross-Sell Opportunity,Priority 3
C000288,P005,Home Loan,Loan,Lending,0.082,500000,4,False,True,47576,40551,1169.08,20,11.9,0.778,2,0.418,0.4333333333333333,0.6666666666666666,0.5,0.775,0.225,-0.093,Core Active,Core Relationship Customer,Critical Risk,Low Cross-Sell Opportunity,Priority 3
C000288,P006,Mutual Fund Plan,Investment,Wealth,0.1,10000,3,False,True,47576,40551,1169.08,20,11.9,0.778,2,0.418,0.4333333333333333,0.6666666666666666,0.5,0.775,0.225,-0.093,Core Active,Core Relationship Customer,Critical Risk,Low Cross-Sell Opportunity,Priority 3
C000288,P007,Term Insurance,Insurance,Protection,0.0,500000,3,False,True,47576,40551,1169.08,20,11.9,0.778,2,0.418,0.4333333333333333,0.6666666666666666,0.5,0.775,0.225,-0.093,Core Active,Core Relationship Customer,Critical Risk,Low Cross-Sell Opportunity,Priority 3
C000288,P008,Premium Banking,Banking,Premium,0.0,1000000,5,False,True,47576,40551,1169.08,20,11.9,0.778,2,0.418,0.4333333333333333,0.6666666666666666,0.5,0.775,0.225,-0.093,Core Active,Core Relationship Customer,Critical Risk,Low Cross-Sell Opportunity,Priority 3
C000289,P003,Rewards Credit Card,Credit Card,Cards,0.28,30000,2,False,True,45945,122268,1094.55,9,90.4,0.155,1,0.233,0.3455,1.0,0.0,0.779,0.221,-0.176,At Risk,At-Risk Declining Customer,Critical Risk,Low Cross-Sell Opportunity,Priority 3
C000289,P004,Personal Loan,Loan,Lending,0.115,75000,3,False,True,45945,122268,1094.55,9,90.4,0.155,1,0.233,0.3455,1.0,0.0,0.779,0.221,-0.176,At Risk,At-Risk Declining Customer,Critical Risk,Low Cross-Sell Opportunity,Priority 3
C000289,P005,Home Loan,Loan,Lending,0.082,500000,4,False,True,45945,122268,1094.55,9,90.4,0.155,1,0.233,0.3455,1.0,0.0,0.779,0.221,-0.176,At Risk,At-Risk Declining Customer,Critical Risk,Low Cross-Sell Opportunity,Priority 3
C000289,P006,Mutual Fund Plan,Investment,Wealth,0.1,10000,3,False,True,45945,122268,1094.55,9,90.4,0.155,1,0.233,0.3455,1.0,0.0,0.779,0.221,-0.176,At Risk,At-Risk Declining Customer,Critical Risk,Low Cross-Sell Opportunity,Priority 3
C000289,P007,Term Insurance,Insurance,Protection,0.0,500000,3,False,True,45945,122268,1094.55,9,90.4,0.155,1,0.233,0.3455,1.0,0.0,0.779,0.221,-0.176,At Risk,At-Risk Declining Customer,Critical Risk,Low Cross-Sell Opportunity,Priority 3
C000289,P008,Premium Banking,Banking,Premium,0.0,1000000,5,False,True,45945,122268,1094.55,9,90.4,0.155,1,0.233,0.3455,1.0,0.0,0.779,0.221,-0.176,At Risk,At-Risk Declining Customer,Critical Risk,Low Cross-Sell Opportunity,Priority 3
C000290,P003,Rewards Credit Card,Credit Card,Cards,0.28,30000,2,False,True,38718,97110,1064.43,21,8.5,0.689,1,0.642,0.3786,0.0,0.0,0.723,0.277,-0.123,Core Active,Core Relationship Customer,High Risk,Moderate Cross-Sell Opportunity,Priority 3
C000290,P004,Personal Loan,Loan,Lending,0.115,75000,3,False,True,38718,97110,1064.43,21,8.5,0.689,1,0.642,0.3786,0.0,0.0,0.723,0.277,-0.123,Core Active,Core Relationship Customer,High Risk,Moderate Cross-Sell Opportunity,Priority 3
C000290,P005,Home Loan,Loan,Lending,0.082,500000,4,False,True,38718,97110,1064.43,21,8.5,0.689,1,0.642,0.3786,0.0,0.0,0.723,0.277,-0.123,Core Active,Core Relationship Customer,High Risk,Moderate Cross-Sell Opportunity,Priority 3
C000290,P006,Mutual Fund Plan,Investment,Wealth,0.1,10000,3,False,True,38718,97110,1064.43,21,8.5,0.689,1,0.642,0.3786,0.0,0.0,0.723,0.277,-0.123,Core Active,Core Relationship Customer,High Risk,Moderate Cross-Sell Opportunity,Priority 3
C000290,P007,Term Insurance,Insurance,Protection,0.0,500000,3,False,True,38718,97110,1064.43,21,8.5,0.689,1,0.642,0.3786,0.0,0.0,0.723,0.277,-0.123,Core Active,Core Relationship Customer,High Risk,Moderate Cross-Sell Opportunity,Priority 3
C000290,P008,Premium Banking,Banking,Premium,0.0,1000000,5,False,True,38718,97110,1064.43,21,8.5,0.689,1,0.642,0.3786,0.0,0.0,0.723,0.277,-0.123,Core Active,Core Relationship Customer,High Risk,Moderate Cross-Sell Opportunity,Priority 3
C000291,P003,Rewards Credit Card,Credit Card,Cards,0.28,30000,2,False,True,91756,65115,3439.85,27,4.9,0.328,1,0.603,0.375,0.0,0.0,0.654,0.346,0.127,Core Active,Core Relationship Customer,Low Risk,Moderate Cross-Sell Opportunity,Priority 3
C000291,P004,Personal Loan,Loan,Lending,0.115,75000,3,False,True,91756,65115,3439.85,27,4.9,0.328,1,0.603,0.375,0.0,0.0,0.654,0.346,0.127,Core Active,Core Relationship Customer,Low Risk,Moderate Cross-Sell Opportunity,Priority 3
C000291,P005,Home Loan,Loan,Lending,0.082,500000,4,False,True,91756,65115,3439.85,27,4.9,0.328,1,0.603,0.375,0.0,0.0,0.654,0.346,0.127,Core Active,Core Relationship Customer,Low Risk,Moderate Cross-Sell Opportunity,Priority 3
C000291,P006,Mutual Fund Plan,Investment,Wealth,0.1,10000,3,False,True,91756,65115,3439.85,27,4.9,0.328,1,0.603,0.375,0.0,0.0,0.654,0.346,0.127,Core Active,Core Relationship Customer,Low Risk,Moderate Cross-Sell Opportunity,Priority 3
C000291,P007,Term Insurance,Insurance,Protection,0.0,500000,3,False,True,91756,65115,3439.85,27,4.9,0.328,1,0.603,0.375,0.0,0.0,0.654,0.346,0.127,Core Active,Core Relationship Customer,Low Risk,Moderate Cross-Sell Opportunity,Priority 3
C000291,P008,Premium Banking,Banking,Premium,0.0,1000000,5,False,True,91756,65115,3439.85,27,4.9,0.328,1,0.603,0.375,0.0,0.0,0.654,0.346,0.127,Core Active,Core Relationship Customer,Low Risk,Moderate Cross-Sell Opportunity,Priority 3
C000292,P003,Rewards Credit Card,Credit Card,Cards,0.28,30000,2,False,True,131117,864363,5193.87,45,20.0,0.586,3,0.572,0.5790000000000001,0.0,0.0,0.64,0.36,0.287,Premium High-Value,Premium Relationship Customer,Moderate Risk,Moderate Cross-Sell Opportunity,Priority 3
C000292,P004,Personal Loan,Loan,Lending,0.115,75000,3,False,True,131117,864363,5193.87,45,20.0,0.586,3,0.572,0.5790000000000001,0.0,0.0,0.64,0.36,0.287,Premium High-Value,Premium Relationship Customer,Moderate Risk,Moderate Cross-Sell Opportunity,Priority 3
C000292,P005,Home Loan,Loan,Lending,0.082,500000,4,True,False,131117,864363,5193.87,45,20.0,0.586,3,0.572,0.5790000000000001,0.0,0.0,0.64,0.36,0.287,Premium High-Value,Premium Relationship Customer,Moderate Risk,Moderate Cross-Sell Opportunity,Priority 3
C000292,P006,Mutual Fund Plan,Investment,Wealth,0.1,10000,3,True,False,131117,864363,5193.87,45,20.0,0.586,3,0.572,0.5790000000000001,0.0,0.0,0.64,0.36,0.287,Premium High-Value,Premium Relationship Customer,Moderate Risk,Moderate Cross-Sell Opportunity,Priority 3
C000292,P007,Term Insurance,Insurance,Protection,0.0,500000,3,False,True,131117,864363,5193.87,45,20.0,0.586,3,0.572,0.5790000000000001,0.0,0.0,0.64,0.36,0.287,Premium High-Value,Premium Relationship Customer,Moderate Risk,Moderate Cross-Sell Opportunity,Priority 3
C000292,P008,Premium Banking,Banking,Premium,0.0,1000000,5,False,True,131117,864363,5193.87,45,20.0,0.586,3,0.572,0.5790000000000001,0.0,0.0,0.64,0.36,0.287,Premium High-Value,Premium Relationship Customer,Moderate Risk,Moderate Cross-Sell Opportunity,Priority 3
C000293,P003,Rewards Credit Card,Credit Card,Cards,0.28,30000,2,True,False,132577,623671,5947.3,57,15.7,0.642,3,0.552,0.5346,0.2,1.0,0.677,0.323,0.271,Premium High-Value,Premium Relationship Customer,Moderate Risk,Moderate Cross-Sell Opportunity,Priority 2
C000293,P004,Personal Loan,Loan,Lending,0.115,75000,3,False,True,132577,623671,5947.3,57,15.7,0.642,3,0.552,0.5346,0.2,1.0,0.677,0.323,0.271,Premium High-Value,Premium Relationship Customer,Moderate Risk,Moderate Cross-Sell Opportunity,Priority 2
C000293,P005,Home Loan,Loan,Lending,0.082,500000,4,True,False,132577,623671,5947.3,57,15.7,0.642,3,0.552,0.5346,0.2,1.0,0.677,0.323,0.271,Premium High-Value,Premium Relationship Customer,Moderate Risk,Moderate Cross-Sell Opportunity,Priority 2
C000293,P006,Mutual Fund Plan,Investment,Wealth,0.1,10000,3,False,True,132577,623671,5947.3,57,15.7,0.642,3,0.552,0.5346,0.2,1.0,0.677,0.323,0.271,Premium High-Value,Premium Relationship Customer,Moderate Risk,Moderate Cross-Sell Opportunity,Priority 2
C000293,P007,Term Insurance,Insurance,Protection,0.0,500000,3,False,True,132577,623671,5947.3,57,15.7,0.642,3,0.552,0.5346,0.2,1.0,0.677,0.323,0.271,Premium High-Value,Premium Relationship Customer,Moderate Risk,Moderate Cross-Sell Opportunity,Priority 2
C000293,P008,Premium Banking,Banking,Premium,0.0,1000000,5,False,True,132577,623671,5947.3,57,15.7,0.642,3,0.552,0.5346,0.2,1.0,0.677,0.323,0.271,Premium High-Value,Premium Relationship Customer,Moderate Risk,Moderate Cross-Sell Opportunity,Priority 2
C000294,P003,Rewards Credit Card,Credit Card,Cards,0.28,30000,2,False,True,152674,519096,6842.85,32,3.2,0.618,2,0.596,0.5233333333333333,0.3333333333333333,1.0,0.67,0.33,0.071,Premium High-Value,Premium Relationship Customer,Low Risk,Moderate Cross-Sell Opportunity,Priority 2
C000294,P004,Personal Loan,Loan,Lending,0.115,75000,3,False,True,152674,519096,6842.85,32,3.2,0.618,2,0.596,0.5233333333333333,0.3333333333333333,1.0,0.67,0.33,0.071,Premium High-Value,Premium Relationship Customer,Low Risk,Moderate Cross-Sell Opportunity,Priority 2
C000294,P005,Home Loan,Loan,Lending,0.082,500000,4,False,True,152674,519096,6842.85,32,3.2,0.618,2,0.596,0.5233333333333333,0.3333333333333333,1.0,0.67,0.33,0.071,Premium High-Value,Premium Relationship Customer,Low Risk,Moderate Cross-Sell Opportunity,Priority 2
C000294,P006,Mutual Fund Plan,Investment,Wealth,0.1,10000,3,True,False,152674,519096,6842.85,32,3.2,0.618,2,0.596,0.5233333333333333,0.3333333333333333,1.0,0.67,0.33,0.071,Premium High-Value,Premium Relationship Customer,Low Risk,Moderate Cross-Sell Opportunity,Priority 2
C000294,P007,Term Insurance,Insurance,Protection,0.0,500000,3,False,True,152674,519096,6842.85,32,3.2,0.618,2,0.596,0.5233333333333333,0.3333333333333333,1.0,0.67,0.33,0.071,Premium High-Value,Premium Relationship Customer,Low Risk,Moderate Cross-Sell Opportunity,Priority 2
C000294,P008,Premium Banking,Banking,Premium,0.0,1000000,5,False,True,152674,519096,6842.85,32,3.2,0.618,2,0.596,0.5233333333333333,0.3333333333333333,1.0,0.67,0.33,0.071,Premium High-Value,Premium Relationship Customer,Low Risk,Moderate Cross-Sell Opportunity,Priority 2
C000295,P003,Rewards Credit Card,Credit Card,Cards,0.28,30000,2,True,False,87816,322403,1986.18,29,3.4,0.338,2,0.636,0.4194,0.4,0.0,0.585,0.415,0.157,Core Active,Core Relationship Customer,Low Risk,Moderate Cross-Sell Opportunity,Priority 3
C000295,P004,Personal Loan,Loan,Lending,0.115,75000,3,False,True,87816,322403,1986.18,29,3.4,0.338,2,0.636,0.4194,0.4,0.0,0.585,0.415,0.157,Core Active,Core Relationship Customer,Low Risk,Moderate Cross-Sell Opportunity,Priority 3
C000295,P005,Home Loan,Loan,Lending,0.082,500000,4,False,True,87816,322403,1986.18,29,3.4,0.338,2,0.636,0.4194,0.4,0.0,0.585,0.415,0.157,Core Active,Core Relationship Customer,Low Risk,Moderate Cross-Sell Opportunity,Priority 3
C000295,P006,Mutual Fund Plan,Investment,Wealth,0.1,10000,3,False,True,87816,322403,1986.18,29,3.4,0.338,2,0.636,0.4194,0.4,0.0,0.585,0.415,0.157,Core Active,Core Relationship Customer,Low Risk,Moderate Cross-Sell Opportunity,Priority 3
C000295,P007,Term Insurance,Insurance,Protection,0.0,500000,3,False,True,87816,322403,1986.18,29,3.4,0.338,2,0.636,0.4194,0.4,0.0,0.585,0.415,0.157,Core Active,Core Relationship Customer,Low Risk,Moderate Cross-Sell Opportunity,Priority 3
C000295,P008,Premium Banking,Banking,Premium,0.0,1000000,5,False,True,87816,322403,1986.18,29,3.4,0.338,2,0.636,0.4194,0.4,0.0,0.585,0.415,0.157,Core Active,Core Relationship Customer,Low Risk,Moderate Cross-Sell Opportunity,Priority 3
C000296,P003,Rewards Credit Card,Credit Card,Cards,0.28,30000,2,False,True,295075,681928,20092.21,59,13.9,0.844,4,0.677,0.5966666666666667,0.3333333333333333,0.0,0.66,0.34,0.148,Premium High-Value,Premium Digital Customer,Low Risk,Moderate Cross-Sell Opportunity,Priority 2
C000296,P004,Personal Loan,Loan,Lending,0.115,75000,3,True,False,295075,681928,20092.21,59,13.9,0.844,4,0.677,0.5966666666666667,0.3333333333333333,0.0,0.66,0.34,0.148,Premium High-Value,Premium Digital Customer,Low Risk,Moderate Cross-Sell Opportunity,Priority 2
C000296,P005,Home Loan,Loan,Lending,0.082,500000,4,False,True,295075,681928,20092.21,59,13.9,0.844,4,0.677,0.5966666666666667,0.3333333333333333,0.0,0.66,0.34,0.148,Premium High-Value,Premium Digital Customer,Low Risk,Moderate Cross-Sell Opportunity,Priority 2
C000296,P006,Mutual Fund Plan,Investment,Wealth,0.1,10000,3,False,True,295075,681928,20092.21,59,13.9,0.844,4,0.677,0.5966666666666667,0.3333333333333333,0.0,0.66,0.34,0.148,Premium High-Value,Premium Digital Customer,Low Risk,Moderate Cross-Sell Opportunity,Priority 2
C000296,P007,Term Insurance,Insurance,Protection,0.0,500000,3,True,False,295075,681928,20092.21,59,13.9,0.844,4,0.677,0.5966666666666667,0.3333333333333333,0.0,0.66,0.34,0.148,Premium High-Value,Premium Digital Customer,Low Risk,Moderate Cross-Sell Opportunity,Priority 2
C000296,P008,Premium Banking,Banking,Premium,0.0,1000000,5,False,True,295075,681928,20092.21,59,13.9,0.844,4,0.677,0.5966666666666667,0.3333333333333333,0.0,0.66,0.34,0.148,Premium High-Value,Premium Digital Customer,Low Risk,Moderate Cross-Sell Opportunity,Priority 2
C000297,P003,Rewards Credit Card,Credit Card,Cards,0.28,30000,2,True,False,130016,901024,7620.19,60,3.1,0.931,3,0.597,0.622,0.6666666666666666,0.5,0.754,0.246,-0.234,Premium High-Value,Premium Digital Customer,Low Risk,Moderate Cross-Sell Opportunity,Priority 2
C000297,P004,Personal Loan,Loan,Lending,0.115,75000,3,False,True,130016,901024,7620.19,60,3.1,0.931,3,0.597,0.622,0.6666666666666666,0.5,0.754,0.246,-0.234,Premium High-Value,Premium Digital Customer,Low Risk,Moderate Cross-Sell Opportunity,Priority 2
C000297,P005,Home Loan,Loan,Lending,0.082,500000,4,False,True,130016,901024,7620.19,60,3.1,0.931,3,0.597,0.622,0.6666666666666666,0.5,0.754,0.246,-0.234,Premium High-Value,Premium Digital Customer,Low Risk,Moderate Cross-Sell Opportunity,Priority 2
C000297,P006,Mutual Fund Plan,Investment,Wealth,0.1,10000,3,False,True,130016,901024,7620.19,60,3.1,0.931,3,0.597,0.622,0.6666666666666666,0.5,0.754,0.246,-0.234,Premium High-Value,Premium Digital Customer,Low Risk,Moderate Cross-Sell Opportunity,Priority 2
C000297,P007,Term Insurance,Insurance,Protection,0.0,500000,3,False,True,130016,901024,7620.19,60,3.1,0.931,3,0.597,0.622,0.6666666666666666,0.5,0.754,0.246,-0.234,Premium High-Value,Premium Digital Customer,Low Risk,Moderate Cross-Sell Opportunity,Priority 2
C000297,P008,Premium Banking,Banking,Premium,0.0,1000000,5,False,True,130016,901024,7620.19,60,3.1,0.931,3,0.597,0.622,0.6666666666666666,0.5,0.754,0.246,-0.234,Premium High-Value,Premium Digital Customer,Low Risk,Moderate Cross-Sell Opportunity,Priority 2
C000298,P003,Rewards Credit Card,Credit Card,Cards,0.28,30000,2,False,True,63348,267476,1000.0,9,177.8,0.379,2,0.559,0.46625,0.25,0.0,0.594,0.406,-0.124,Dormant / Declining,Dormant Reactivation Target,Critical Risk,Low Cross-Sell Opportunity,Priority 3
C000298,P004,Personal Loan,Loan,Lending,0.115,75000,3,False,True,63348,267476,1000.0,9,177.8,0.379,2,0.559,0.46625,0.25,0.0,0.594,0.406,-0.124,Dormant / Declining,Dormant Reactivation Target,Critical Risk,Low Cross-Sell Opportunity,Priority 3
C000298,P005,Home Loan,Loan,Lending,0.082,500000,4,False,True,63348,267476,1000.0,9,177.8,0.379,2,0.559,0.46625,0.25,0.0,0.594,0.406,-0.124,Dormant / Declining,Dormant Reactivation Target,Critical Risk,Low Cross-Sell Opportunity,Priority 3
C000298,P006,Mutual Fund Plan,Investment,Wealth,0.1,10000,3,False,True,63348,267476,1000.0,9,177.8,0.379,2,0.559,0.46625,0.25,0.0,0.594,0.406,-0.124,Dormant / Declining,Dormant Reactivation Target,Critical Risk,Low Cross-Sell Opportunity,Priority 3
C000298,P007,Term Insurance,Insurance,Protection,0.0,500000,3,False,True,63348,267476,1000.0,9,177.8,0.379,2,0.559,0.46625,0.25,0.0,0.594,0.406,-0.124,Dormant / Declining,Dormant Reactivation Target,Critical Risk,Low Cross-Sell Opportunity,Priority 3
C000298,P008,Premium Banking,Banking,Premium,0.0,1000000,5,False,True,63348,267476,1000.0,9,177.8,0.379,2,0.559,0.46625,0.25,0.0,0.594,0.406,-0.124,Dormant / Declining,Dormant Reactivation Target,Critical Risk,Low Cross-Sell Opportunity,Priority 3
C000299,P003,Rewards Credit Card,Credit Card,Cards,0.28,30000,2,True,False,69199,45830,3681.12,53,8.4,0.65,2,0.65,0.412,0.0,0.0,0.579,0.421,0.103,Core Active,Core Relationship Customer,Low Risk,Moderate Cross-Sell Opportunity,Priority 3
C000299,P004,Personal Loan,Loan,Lending,0.115,75000,3,False,True,69199,45830,3681.12,53,8.4,0.65,2,0.65,0.412,0.0,0.0,0.579,0.421,0.103,Core Active,Core Relationship Customer,Low Risk,Moderate Cross-Sell Opportunity,Priority 3
C000299,P005,Home Loan,Loan,Lending,0.082,500000,4,False,True,69199,45830,3681.12,53,8.4,0.65,2,0.65,0.412,0.0,0.0,0.579,0.421,0.103,Core Active,Core Relationship Customer,Low Risk,Moderate Cross-Sell Opportunity,Priority 3
C000299,P006,Mutual Fund Plan,Investment,Wealth,0.1,10000,3,False,True,69199,45830,3681.12,53,8.4,0.65,2,0.65,0.412,0.0,0.0,0.579,0.421,0.103,Core Active,Core Relationship Customer,Low Risk,Moderate Cross-Sell Opportunity,Priority 3
C000299,P007,Term Insurance,Insurance,Protection,0.0,500000,3,False,True,69199,45830,3681.12,53,8.4,0.65,2,0.65,0.412,0.0,0.0,0.579,0.421,0.103,Core Active,Core Relationship Customer,Low Risk,Moderate Cross-Sell Opportunity,Priority 3
C000299,P008,Premium Banking,Banking,Premium,0.0,1000000,5,False,True,69199,45830,3681.12,53,8.4,0.65,2,0.65,0.412,0.0,0.0,0.579,0.421,0.103,Core Active,Core Relationship Customer,Low Risk,Moderate Cross-Sell Opportunity,Priority 3
C000300,P003,Rewards Credit Card,Credit Card,Cards,0.28,30000,2,False,True,66427,149692,1760.27,44,6.2,0.408,1,0.508,0.3354,0.4,0.0,0.813,0.187,0.124,Core Active,Core Relationship Customer,Low Risk,Moderate Cross-Sell Opportunity,Priority 3
C000300,P004,Personal Loan,Loan,Lending,0.115,75000,3,False,True,66427,149692,1760.27,44,6.2,0.408,1,0.508,0.3354,0.4,0.0,0.813,0.187,0.124,Core Active,Core Relationship Customer,Low Risk,Moderate Cross-Sell Opportunity,Priority 3
C000300,P005,Home Loan,Loan,Lending,0.082,500000,4,False,True,66427,149692,1760.27,44,6.2,0.408,1,0.508,0.3354,0.4,0.0,0.813,0.187,0.124,Core Active,Core Relationship Customer,Low Risk,Moderate Cross-Sell Opportunity,Priority 3
C000300,P006,Mutual Fund Plan,Investment,Wealth,0.1,10000,3,False,True,66427,149692,1760.27,44,6.2,0.408,1,0.508,0.3354,0.4,0.0,0.813,0.187,0.124,Core Active,Core Relationship Customer,Low Risk,Moderate Cross-Sell Opportunity,Priority 3
C000300,P007,Term Insurance,Insurance,Protection,0.0,500000,3,False,True,66427,149692,1760.27,44,6.2,0.408,1,0.508,0.3354,0.4,0.0,0.813,0.187,0.124,Core Active,Core Relationship Customer,Low Risk,Moderate Cross-Sell Opportunity,Priority 3
C000300,P008,Premium Banking,Banking,Premium,0.0,1000000,5,False,True,66427,149692,1760.27,44,6.2,0.408,1,0.508,0.3354,0.4,0.0,0.813,0.187,0.124,Core Active,Core Relationship Customer,Low Risk,Moderate Cross-Sell Opportunity,Priority 3
C000301,P003,Rewards Credit Card,Credit Card,Cards,0.28,30000,2,False,True,58159,471022,1779.5,24,5.8,0.676,1,0.639,0.5606666666666666,0.3333333333333333,0.0,0.72,0.28,0.116,Core Active,Core Relationship Customer,Moderate Risk,Moderate Cross-Sell Opportunity,Priority 2
C000301,P004,Personal Loan,Loan,Lending,0.115,75000,3,False,True,58159,471022,1779.5,24,5.8,0.676,1,0.639,0.5606666666666666,0.3333333333333333,0.0,0.72,0.28,0.116,Core Active,Core Relationship Customer,Moderate Risk,Moderate Cross-Sell Opportunity,Priority 2
C000301,P005,Home Loan,Loan,Lending,0.082,500000,4,False,True,58159,471022,1779.5,24,5.8,0.676,1,0.639,0.5606666666666666,0.3333333333333333,0.0,0.72,0.28,0.116,Core Active,Core Relationship Customer,Moderate Risk,Moderate Cross-Sell Opportunity,Priority 2
C000301,P006,Mutual Fund Plan,Investment,Wealth,0.1,10000,3,False,True,58159,471022,1779.5,24,5.8,0.676,1,0.639,0.5606666666666666,0.3333333333333333,0.0,0.72,0.28,0.116,Core Active,Core Relationship Customer,Moderate Risk,Moderate Cross-Sell Opportunity,Priority 2
C000301,P007,Term Insurance,Insurance,Protection,0.0,500000,3,False,True,58159,471022,1779.5,24,5.8,0.676,1,0.639,0.5606666666666666,0.3333333333333333,0.0,0.72,0.28,0.116,Core Active,Core Relationship Customer,Moderate Risk,Moderate Cross-Sell Opportunity,Priority 2
C000301,P008,Premium Banking,Banking,Premium,0.0,1000000,5,False,True,58159,471022,1779.5,24,5.8,0.676,1,0.639,0.5606666666666666,0.3333333333333333,0.0,0.72,0.28,0.116,Core Active,Core Relationship Customer,Moderate Risk,Moderate Cross-Sell Opportunity,Priority 2
C000302,P003,Rewards Credit Card,Credit Card,Cards,0.28,30000,2,True,False,53102,265212,2174.12,39,1.9,0.544,2,0.611,0.2395,0.0,0.0,0.62,0.38,0.02,Core Active,Core Relationship Customer,Low Risk,Moderate Cross-Sell Opportunity,Priority 3
C000302,P004,Personal Loan,Loan,Lending,0.115,75000,3,False,True,53102,265212,2174.12,39,1.9,0.544,2,0.611,0.2395,0.0,0.0,0.62,0.38,0.02,Core Active,Core Relationship Customer,Low Risk,Moderate Cross-Sell Opportunity,Priority 3
C000302,P005,Home Loan,Loan,Lending,0.082,500000,4,False,True,53102,265212,2174.12,39,1.9,0.544,2,0.611,0.2395,0.0,0.0,0.62,0.38,0.02,Core Active,Core Relationship Customer,Low Risk,Moderate Cross-Sell Opportunity,Priority 3
C000302,P006,Mutual Fund Plan,Investment,Wealth,0.1,10000,3,False,True,53102,265212,2174.12,39,1.9,0.544,2,0.611,0.2395,0.0,0.0,0.62,0.38,0.02,Core Active,Core Relationship Customer,Low Risk,Moderate Cross-Sell Opportunity,Priority 3
C000302,P007,Term Insurance,Insurance,Protection,0.0,500000,3,False,True,53102,265212,2174.12,39,1.9,0.544,2,0.611,0.2395,0.0,0.0,0.62,0.38,0.02,Core Active,Core Relationship Customer,Low Risk,Moderate Cross-Sell Opportunity,Priority 3
C000302,P008,Premium Banking,Banking,Premium,0.0,1000000,5,False,True,53102,265212,2174.12,39,1.9,0.544,2,0.611,0.2395,0.0,0.0,0.62,0.38,0.02,Core Active,Core Relationship Customer,Low Risk,Moderate Cross-Sell Opportunity,Priority 3
C000303,P003,Rewards Credit Card,Credit Card,Cards,0.28,30000,2,True,False,69120,154671,2167.43,38,12.5,0.697,2,0.713,0.4264,0.2,1.0,0.554,0.446,-0.114,Core Active,Core Digital Customer,Moderate Risk,Moderate Cross-Sell Opportunity,Priority 3
C000303,P004,Personal Loan,Loan,Lending,0.115,75000,3,False,True,69120,154671,2167.43,38,12.5,0.697,2,0.713,0.4264,0.2,1.0,0.554,0.446,-0.114,Core Active,Core Digital Customer,Moderate Risk,Moderate Cross-Sell Opportunity,Priority 3
C000303,P005,Home Loan,Loan,Lending,0.082,500000,4,False,True,69120,154671,2167.43,38,12.5,0.697,2,0.713,0.4264,0.2,1.0,0.554,0.446,-0.114,Core Active,Core Digital Customer,Moderate Risk,Moderate Cross-Sell Opportunity,Priority 3
C000303,P006,Mutual Fund Plan,Investment,Wealth,0.1,10000,3,False,True,69120,154671,2167.43,38,12.5,0.697,2,0.713,0.4264,0.2,1.0,0.554,0.446,-0.114,Core Active,Core Digital Customer,Moderate Risk,Moderate Cross-Sell Opportunity,Priority 3
C000303,P007,Term Insurance,Insurance,Protection,0.0,500000,3,False,True,69120,154671,2167.43,38,12.5,0.697,2,0.713,0.4264,0.2,1.0,0.554,0.446,-0.114,Core Active,Core Digital Customer,Moderate Risk,Moderate Cross-Sell Opportunity,Priority 3
C000303,P008,Premium Banking,Banking,Premium,0.0,1000000,5,False,True,69120,154671,2167.43,38,12.5,0.697,2,0.713,0.4264,0.2,1.0,0.554,0.446,-0.114,Core Active,Core Digital Customer,Moderate Risk,Moderate Cross-Sell Opportunity,Priority 3
C000304,P003,Rewards Credit Card,Credit Card,Cards,0.28,30000,2,True,False,63718,82249,4038.28,45,11.6,0.561,2,0.475,0.4135,0.5,0.0,0.706,0.294,0.035,Core Active,Core Relationship Customer,Moderate Risk,Moderate Cross-Sell Opportunity,Priority 3
C000304,P004,Personal Loan,Loan,Lending,0.115,75000,3,False,True,63718,82249,4038.28,45,11.6,0.561,2,0.475,0.4135,0.5,0.0,0.706,0.294,0.035,Core Active,Core Relationship Customer,Moderate Risk,Moderate Cross-Sell Opportunity,Priority 3
C000304,P005,Home Loan,Loan,Lending,0.082,500000,4,False,True,63718,82249,4038.28,45,11.6,0.561,2,0.475,0.4135,0.5,0.0,0.706,0.294,0.035,Core Active,Core Relationship Customer,Moderate Risk,Moderate Cross-Sell Opportunity,Priority 3
C000304,P006,Mutual Fund Plan,Investment,Wealth,0.1,10000,3,False,True,63718,82249,4038.28,45,11.6,0.561,2,0.475,0.4135,0.5,0.0,0.706,0.294,0.035,Core Active,Core Relationship Customer,Moderate Risk,Moderate Cross-Sell Opportunity,Priority 3
C000304,P007,Term Insurance,Insurance,Protection,0.0,500000,3,False,True,63718,82249,4038.28,45,11.6,0.561,2,0.475,0.4135,0.5,0.0,0.706,0.294,0.035,Core Active,Core Relationship Customer,Moderate Risk,Moderate Cross-Sell Opportunity,Priority 3
C000304,P008,Premium Banking,Banking,Premium,0.0,1000000,5,False,True,63718,82249,4038.28,45,11.6,0.561,2,0.475,0.4135,0.5,0.0,0.706,0.294,0.035,Core Active,Core Relationship Customer,Moderate Risk,Moderate Cross-Sell Opportunity,Priority 3
C000305,P003,Rewards Credit Card,Credit Card,Cards,0.28,30000,2,False,True,92858,160146,3182.75,8,73.4,0.261,2,0.21,0.2304999999999999,0.0,0.0,0.752,0.248,-0.077,At Risk,At-Risk Engagement Customer,Critical Risk,Low Cross-Sell Opportunity,Priority 4
C000305,P004,Personal Loan,Loan,Lending,0.115,75000,3,True,False,92858,160146,3182.75,8,73.4,0.261,2,0.21,0.2304999999999999,0.0,0.0,0.752,0.248,-0.077,At Risk,At-Risk Engagement Customer,Critical Risk,Low Cross-Sell Opportunity,Priority 4
C000305,P005,Home Loan,Loan,Lending,0.082,500000,4,False,True,92858,160146,3182.75,8,73.4,0.261,2,0.21,0.2304999999999999,0.0,0.0,0.752,0.248,-0.077,At Risk,At-Risk Engagement Customer,Critical Risk,Low Cross-Sell Opportunity,Priority 4
C000305,P006,Mutual Fund Plan,Investment,Wealth,0.1,10000,3,False,True,92858,160146,3182.75,8,73.4,0.261,2,0.21,0.2304999999999999,0.0,0.0,0.752,0.248,-0.077,At Risk,At-Risk Engagement Customer,Critical Risk,Low Cross-Sell Opportunity,Priority 4
C000305,P007,Term Insurance,Insurance,Protection,0.0,500000,3,False,True,92858,160146,3182.75,8,73.4,0.261,2,0.21,0.2304999999999999,0.0,0.0,0.752,0.248,-0.077,At Risk,At-Risk Engagement Customer,Critical Risk,Low Cross-Sell Opportunity,Priority 4
C000305,P008,Premium Banking,Banking,Premium,0.0,1000000,5,False,True,92858,160146,3182.75,8,73.4,0.261,2,0.21,0.2304999999999999,0.0,0.0,0.752,0.248,-0.077,At Risk,At-Risk Engagement Customer,Critical Risk,Low Cross-Sell Opportunity,Priority 4
C000306,P003,Rewards Credit Card,Credit Card,Cards,0.28,30000,2,False,True,63372,115599,3787.98,29,19.1,0.553,3,0.52,0.34075,0.75,0.6666666666666666,0.781,0.219,0.235,Core Active,Core Relationship Customer,High Risk,Low Cross-Sell Opportunity,Priority 3
C000306,P004,Personal Loan,Loan,Lending,0.115,75000,3,True,False,63372,115599,3787.98,29,19.1,0.553,3,0.52,0.34075,0.75,0.6666666666666666,0.781,0.219,0.235,Core Active,Core Relationship Customer,High Risk,Low Cross-Sell Opportunity,Priority 3
C000306,P005,Home Loan,Loan,Lending,0.082,500000,4,False,True,63372,115599,3787.98,29,19.1,0.553,3,0.52,0.34075,0.75,0.6666666666666666,0.781,0.219,0.235,Core Active,Core Relationship Customer,High Risk,Low Cross-Sell Opportunity,Priority 3
C000306,P006,Mutual Fund Plan,Investment,Wealth,0.1,10000,3,False,True,63372,115599,3787.98,29,19.1,0.553,3,0.52,0.34075,0.75,0.6666666666666666,0.781,0.219,0.235,Core Active,Core Relationship Customer,High Risk,Low Cross-Sell Opportunity,Priority 3
C000306,P007,Term Insurance,Insurance,Protection,0.0,500000,3,True,False,63372,115599,3787.98,29,19.1,0.553,3,0.52,0.34075,0.75,0.6666666666666666,0.781,0.219,0.235,Core Active,Core Relationship Customer,High Risk,Low Cross-Sell Opportunity,Priority 3
C000306,P008,Premium Banking,Banking,Premium,0.0,1000000,5,False,True,63372,115599,3787.98,29,19.1,0.553,3,0.52,0.34075,0.75,0.6666666666666666,0.781,0.219,0.235,Core Active,Core Relationship Customer,High Risk,Low Cross-Sell Opportunity,Priority 3
C000307,P003,Rewards Credit Card,Credit Card,Cards,0.28,30000,2,False,True,123780,645509,4780.73,67,10.0,0.682,5,0.599,0.554,0.0,0.0,0.573,0.427,0.112,Premium High-Value,Premium Relationship Customer,Low Risk,Moderate Cross-Sell Opportunity,Priority 2
C000307,P004,Personal Loan,Loan,Lending,0.115,75000,3,False,True,123780,645509,4780.73,67,10.0,0.682,5,0.599,0.554,0.0,0.0,0.573,0.427,0.112,Premium High-Value,Premium Relationship Customer,Low Risk,Moderate Cross-Sell Opportunity,Priority 2
C000307,P005,Home Loan,Loan,Lending,0.082,500000,4,True,False,123780,645509,4780.73,67,10.0,0.682,5,0.599,0.554,0.0,0.0,0.573,0.427,0.112,Premium High-Value,Premium Relationship Customer,Low Risk,Moderate Cross-Sell Opportunity,Priority 2
C000307,P006,Mutual Fund Plan,Investment,Wealth,0.1,10000,3,True,False,123780,645509,4780.73,67,10.0,0.682,5,0.599,0.554,0.0,0.0,0.573,0.427,0.112,Premium High-Value,Premium Relationship Customer,Low Risk,Moderate Cross-Sell Opportunity,Priority 2
C000307,P007,Term Insurance,Insurance,Protection,0.0,500000,3,True,False,123780,645509,4780.73,67,10.0,0.682,5,0.599,0.554,0.0,0.0,0.573,0.427,0.112,Premium High-Value,Premium Relationship Customer,Low Risk,Moderate Cross-Sell Opportunity,Priority 2
C000307,P008,Premium Banking,Banking,Premium,0.0,1000000,5,True,False,123780,645509,4780.73,67,10.0,0.682,5,0.599,0.554,0.0,0.0,0.573,0.427,0.112,Premium High-Value,Premium Relationship Customer,Low Risk,Moderate Cross-Sell Opportunity,Priority 2
C000308,P003,Rewards Credit Card,Credit Card,Cards,0.28,30000,2,False,True,78246,210497,1000.0,7,30.1,0.213,1,0.366,0.3464,0.4,0.0,0.513,0.487,-0.249,At Risk,At-Risk Declining Customer,Critical Risk,Low Cross-Sell Opportunity,Priority 4
C000308,P004,Personal Loan,Loan,Lending,0.115,75000,3,False,True,78246,210497,1000.0,7,30.1,0.213,1,0.366,0.3464,0.4,0.0,0.513,0.487,-0.249,At Risk,At-Risk Declining Customer,Critical Risk,Low Cross-Sell Opportunity,Priority 4
C000308,P005,Home Loan,Loan,Lending,0.082,500000,4,False,True,78246,210497,1000.0,7,30.1,0.213,1,0.366,0.3464,0.4,0.0,0.513,0.487,-0.249,At Risk,At-Risk Declining Customer,Critical Risk,Low Cross-Sell Opportunity,Priority 4
C000308,P006,Mutual Fund Plan,Investment,Wealth,0.1,10000,3,False,True,78246,210497,1000.0,7,30.1,0.213,1,0.366,0.3464,0.4,0.0,0.513,0.487,-0.249,At Risk,At-Risk Declining Customer,Critical Risk,Low Cross-Sell Opportunity,Priority 4
C000308,P007,Term Insurance,Insurance,Protection,0.0,500000,3,False,True,78246,210497,1000.0,7,30.1,0.213,1,0.366,0.3464,0.4,0.0,0.513,0.487,-0.249,At Risk,At-Risk Declining Customer,Critical Risk,Low Cross-Sell Opportunity,Priority 4
C000308,P008,Premium Banking,Banking,Premium,0.0,1000000,5,False,True,78246,210497,1000.0,7,30.1,0.213,1,0.366,0.3464,0.4,0.0,0.513,0.487,-0.249,At Risk,At-Risk Declining Customer,Critical Risk,Low Cross-Sell Opportunity,Priority 4
C000309,P003,Rewards Credit Card,Credit Card,Cards,0.28,30000,2,False,True,85258,1090142,3001.99,6,180.0,0.08,1,0.264,0.436,0.5,0.0,0.886,0.114,-0.188,Dormant / Declining,Dormant Reactivation Target,Critical Risk,Moderate Cross-Sell Opportunity,Priority 3
C000309,P004,Personal Loan,Loan,Lending,0.115,75000,3,False,True,85258,1090142,3001.99,6,180.0,0.08,1,0.264,0.436,0.5,0.0,0.886,0.114,-0.188,Dormant / Declining,Dormant Reactivation Target,Critical Risk,Moderate Cross-Sell Opportunity,Priority 3
C000309,P005,Home Loan,Loan,Lending,0.082,500000,4,False,True,85258,1090142,3001.99,6,180.0,0.08,1,0.264,0.436,0.5,0.0,0.886,0.114,-0.188,Dormant / Declining,Dormant Reactivation Target,Critical Risk,Moderate Cross-Sell Opportunity,Priority 3
C000309,P006,Mutual Fund Plan,Investment,Wealth,0.1,10000,3,False,True,85258,1090142,3001.99,6,180.0,0.08,1,0.264,0.436,0.5,0.0,0.886,0.114,-0.188,Dormant / Declining,Dormant Reactivation Target,Critical Risk,Moderate Cross-Sell Opportunity,Priority 3
C000309,P007,Term Insurance,Insurance,Protection,0.0,500000,3,False,True,85258,1090142,3001.99,6,180.0,0.08,1,0.264,0.436,0.5,0.0,0.886,0.114,-0.188,Dormant / Declining,Dormant Reactivation Target,Critical Risk,Moderate Cross-Sell Opportunity,Priority 3
C000309,P008,Premium Banking,Banking,Premium,0.0,1000000,5,False,True,85258,1090142,3001.99,6,180.0,0.08,1,0.264,0.436,0.5,0.0,0.886,0.114,-0.188,Dormant / Declining,Dormant Reactivation Target,Critical Risk,Moderate Cross-Sell Opportunity,Priority 3
C000310,P003,Rewards Credit Card,Credit Card,Cards,0.28,30000,2,False,True,34473,169453,1000.0,7,163.1,0.066,1,0.139,0.2132,0.2,0.0,0.58,0.42,-0.173,Dormant / Declining,Dormant Reactivation Target,Critical Risk,Low Cross-Sell Opportunity,Priority 4
C000310,P004,Personal Loan,Loan,Lending,0.115,75000,3,False,True,34473,169453,1000.0,7,163.1,0.066,1,0.139,0.2132,0.2,0.0,0.58,0.42,-0.173,Dormant / Declining,Dormant Reactivation Target,Critical Risk,Low Cross-Sell Opportunity,Priority 4
C000310,P005,Home Loan,Loan,Lending,0.082,500000,4,False,True,34473,169453,1000.0,7,163.1,0.066,1,0.139,0.2132,0.2,0.0,0.58,0.42,-0.173,Dormant / Declining,Dormant Reactivation Target,Critical Risk,Low Cross-Sell Opportunity,Priority 4
C000310,P006,Mutual Fund Plan,Investment,Wealth,0.1,10000,3,False,True,34473,169453,1000.0,7,163.1,0.066,1,0.139,0.2132,0.2,0.0,0.58,0.42,-0.173,Dormant / Declining,Dormant Reactivation Target,Critical Risk,Low Cross-Sell Opportunity,Priority 4
C000310,P007,Term Insurance,Insurance,Protection,0.0,500000,3,False,True,34473,169453,1000.0,7,163.1,0.066,1,0.139,0.2132,0.2,0.0,0.58,0.42,-0.173,Dormant / Declining,Dormant Reactivation Target,Critical Risk,Low Cross-Sell Opportunity,Priority 4
C000310,P008,Premium Banking,Banking,Premium,0.0,1000000,5,False,True,34473,169453,1000.0,7,163.1,0.066,1,0.139,0.2132,0.2,0.0,0.58,0.42,-0.173,Dormant / Declining,Dormant Reactivation Target,Critical Risk,Low Cross-Sell Opportunity,Priority 4
C000311,P003,Rewards Credit Card,Credit Card,Cards,0.28,30000,2,False,True,78027,554800,3322.13,44,10.5,0.496,3,0.503,0.4603333333333333,0.0,0.0,0.862,0.138,0.003,Core Active,Core Relationship Customer,Moderate Risk,Moderate Cross-Sell Opportunity,Priority 3
C000311,P004,Personal Loan,Loan,Lending,0.115,75000,3,True,False,78027,554800,3322.13,44,10.5,0.496,3,0.503,0.4603333333333333,0.0,0.0,0.862,0.138,0.003,Core Active,Core Relationship Customer,Moderate Risk,Moderate Cross-Sell Opportunity,Priority 3
C000311,P005,Home Loan,Loan,Lending,0.082,500000,4,False,True,78027,554800,3322.13,44,10.5,0.496,3,0.503,0.4603333333333333,0.0,0.0,0.862,0.138,0.003,Core Active,Core Relationship Customer,Moderate Risk,Moderate Cross-Sell Opportunity,Priority 3
C000311,P006,Mutual Fund Plan,Investment,Wealth,0.1,10000,3,False,True,78027,554800,3322.13,44,10.5,0.496,3,0.503,0.4603333333333333,0.0,0.0,0.862,0.138,0.003,Core Active,Core Relationship Customer,Moderate Risk,Moderate Cross-Sell Opportunity,Priority 3
C000311,P007,Term Insurance,Insurance,Protection,0.0,500000,3,True,False,78027,554800,3322.13,44,10.5,0.496,3,0.503,0.4603333333333333,0.0,0.0,0.862,0.138,0.003,Core Active,Core Relationship Customer,Moderate Risk,Moderate Cross-Sell Opportunity,Priority 3
C000311,P008,Premium Banking,Banking,Premium,0.0,1000000,5,False,True,78027,554800,3322.13,44,10.5,0.496,3,0.503,0.4603333333333333,0.0,0.0,0.862,0.138,0.003,Core Active,Core Relationship Customer,Moderate Risk,Moderate Cross-Sell Opportunity,Priority 3
C000312,P003,Rewards Credit Card,Credit Card,Cards,0.28,30000,2,False,True,179853,334420,7928.94,71,12.8,0.814,5,0.732,0.4415,0.5,0.0,0.788,0.212,0.06,Premium High-Value,Premium Digital Customer,Low Risk,Moderate Cross-Sell Opportunity,Priority 2
C000312,P004,Personal Loan,Loan,Lending,0.115,75000,3,True,False,179853,334420,7928.94,71,12.8,0.814,5,0.732,0.4415,0.5,0.0,0.788,0.212,0.06,Premium High-Value,Premium Digital Customer,Low Risk,Moderate Cross-Sell Opportunity,Priority 2
C000312,P005,Home Loan,Loan,Lending,0.082,500000,4,False,True,179853,334420,7928.94,71,12.8,0.814,5,0.732,0.4415,0.5,0.0,0.788,0.212,0.06,Premium High-Value,Premium Digital Customer,Low Risk,Moderate Cross-Sell Opportunity,Priority 2
C000312,P006,Mutual Fund Plan,Investment,Wealth,0.1,10000,3,True,False,179853,334420,7928.94,71,12.8,0.814,5,0.732,0.4415,0.5,0.0,0.788,0.212,0.06,Premium High-Value,Premium Digital Customer,Low Risk,Moderate Cross-Sell Opportunity,Priority 2
C000312,P007,Term Insurance,Insurance,Protection,0.0,500000,3,True,False,179853,334420,7928.94,71,12.8,0.814,5,0.732,0.4415,0.5,0.0,0.788,0.212,0.06,Premium High-Value,Premium Digital Customer,Low Risk,Moderate Cross-Sell Opportunity,Priority 2
C000312,P008,Premium Banking,Banking,Premium,0.0,1000000,5,False,True,179853,334420,7928.94,71,12.8,0.814,5,0.732,0.4415,0.5,0.0,0.788,0.212,0.06,Premium High-Value,Premium Digital Customer,Low Risk,Moderate Cross-Sell Opportunity,Priority 2
C000313,P003,Rewards Credit Card,Credit Card,Cards,0.28,30000,2,True,False,115701,368957,6888.82,55,8.3,0.738,5,0.591,0.4187999999999999,0.0,0.0,0.834,0.166,0.253,Premium High-Value,Premium Relationship Customer,Low Risk,Moderate Cross-Sell Opportunity,Priority 3
C000313,P004,Personal Loan,Loan,Lending,0.115,75000,3,False,True,115701,368957,6888.82,55,8.3,0.738,5,0.591,0.4187999999999999,0.0,0.0,0.834,0.166,0.253,Premium High-Value,Premium Relationship Customer,Low Risk,Moderate Cross-Sell Opportunity,Priority 3
C000313,P005,Home Loan,Loan,Lending,0.082,500000,4,False,True,115701,368957,6888.82,55,8.3,0.738,5,0.591,0.4187999999999999,0.0,0.0,0.834,0.166,0.253,Premium High-Value,Premium Relationship Customer,Low Risk,Moderate Cross-Sell Opportunity,Priority 3
C000313,P006,Mutual Fund Plan,Investment,Wealth,0.1,10000,3,True,False,115701,368957,6888.82,55,8.3,0.738,5,0.591,0.4187999999999999,0.0,0.0,0.834,0.166,0.253,Premium High-Value,Premium Relationship Customer,Low Risk,Moderate Cross-Sell Opportunity,Priority 3
C000313,P007,Term Insurance,Insurance,Protection,0.0,500000,3,True,False,115701,368957,6888.82,55,8.3,0.738,5,0.591,0.4187999999999999,0.0,0.0,0.834,0.166,0.253,Premium High-Value,Premium Relationship Customer,Low Risk,Moderate Cross-Sell Opportunity,Priority 3
C000313,P008,Premium Banking,Banking,Premium,0.0,1000000,5,False,True,115701,368957,6888.82,55,8.3,0.738,5,0.591,0.4187999999999999,0.0,0.0,0.834,0.166,0.253,Premium High-Value,Premium Relationship Customer,Low Risk,Moderate Cross-Sell Opportunity,Priority 3
C000314,P003,Rewards Credit Card,Credit Card,Cards,0.28,30000,2,True,False,92145,411782,2707.13,42,10.2,0.768,5,0.546,0.46525,0.25,0.0,0.691,0.309,-0.022,Core Active,Core Relationship Customer,High Risk,Moderate Cross-Sell Opportunity,Priority 3
C000314,P004,Personal Loan,Loan,Lending,0.115,75000,3,True,False,92145,411782,2707.13,42,10.2,0.768,5,0.546,0.46525,0.25,0.0,0.691,0.309,-0.022,Core Active,Core Relationship Customer,High Risk,Moderate Cross-Sell Opportunity,Priority 3
C000314,P005,Home Loan,Loan,Lending,0.082,500000,4,False,True,92145,411782,2707.13,42,10.2,0.768,5,0.546,0.46525,0.25,0.0,0.691,0.309,-0.022,Core Active,Core Relationship Customer,High Risk,Moderate Cross-Sell Opportunity,Priority 3
C000314,P006,Mutual Fund Plan,Investment,Wealth,0.1,10000,3,True,False,92145,411782,2707.13,42,10.2,0.768,5,0.546,0.46525,0.25,0.0,0.691,0.309,-0.022,Core Active,Core Relationship Customer,High Risk,Moderate Cross-Sell Opportunity,Priority 3
C000314,P007,Term Insurance,Insurance,Protection,0.0,500000,3,True,False,92145,411782,2707.13,42,10.2,0.768,5,0.546,0.46525,0.25,0.0,0.691,0.309,-0.022,Core Active,Core Relationship Customer,High Risk,Moderate Cross-Sell Opportunity,Priority 3
C000314,P008,Premium Banking,Banking,Premium,0.0,1000000,5,False,True,92145,411782,2707.13,42,10.2,0.768,5,0.546,0.46525,0.25,0.0,0.691,0.309,-0.022,Core Active,Core Relationship Customer,High Risk,Moderate Cross-Sell Opportunity,Priority 3
C000315,P003,Rewards Credit Card,Credit Card,Cards,0.28,30000,2,False,True,55239,169012,1000.0,22,4.0,0.627,1,0.672,0.4244,0.4,0.0,0.806,0.194,0.073,Core Active,Core Relationship Customer,Low Risk,Moderate Cross-Sell Opportunity,Priority 3
C000315,P004,Personal Loan,Loan,Lending,0.115,75000,3,False,True,55239,169012,1000.0,22,4.0,0.627,1,0.672,0.4244,0.4,0.0,0.806,0.194,0.073,Core Active,Core Relationship Customer,Low Risk,Moderate Cross-Sell Opportunity,Priority 3
C000315,P005,Home Loan,Loan,Lending,0.082,500000,4,False,True,55239,169012,1000.0,22,4.0,0.627,1,0.672,0.4244,0.4,0.0,0.806,0.194,0.073,Core Active,Core Relationship Customer,Low Risk,Moderate Cross-Sell Opportunity,Priority 3
C000315,P006,Mutual Fund Plan,Investment,Wealth,0.1,10000,3,False,True,55239,169012,1000.0,22,4.0,0.627,1,0.672,0.4244,0.4,0.0,0.806,0.194,0.073,Core Active,Core Relationship Customer,Low Risk,Moderate Cross-Sell Opportunity,Priority 3
C000315,P007,Term Insurance,Insurance,Protection,0.0,500000,3,False,True,55239,169012,1000.0,22,4.0,0.627,1,0.672,0.4244,0.4,0.0,0.806,0.194,0.073,Core Active,Core Relationship Customer,Low Risk,Moderate Cross-Sell Opportunity,Priority 3
C000315,P008,Premium Banking,Banking,Premium,0.0,1000000,5,False,True,55239,169012,1000.0,22,4.0,0.627,1,0.672,0.4244,0.4,0.0,0.806,0.194,0.073,Core Active,Core Relationship Customer,Low Risk,Moderate Cross-Sell Opportunity,Priority 3
C000316,P003,Rewards Credit Card,Credit Card,Cards,0.28,30000,2,True,False,66886,213444,2472.12,29,11.2,0.554,2,0.492,0.38975,0.25,0.0,0.697,0.303,0.104,Core Active,Core Relationship Customer,Moderate Risk,Moderate Cross-Sell Opportunity,Priority 3
C000316,P004,Personal Loan,Loan,Lending,0.115,75000,3,False,True,66886,213444,2472.12,29,11.2,0.554,2,0.492,0.38975,0.25,0.0,0.697,0.303,0.104,Core Active,Core Relationship Customer,Moderate Risk,Moderate Cross-Sell Opportunity,Priority 3
C000316,P005,Home Loan,Loan,Lending,0.082,500000,4,False,True,66886,213444,2472.12,29,11.2,0.554,2,0.492,0.38975,0.25,0.0,0.697,0.303,0.104,Core Active,Core Relationship Customer,Moderate Risk,Moderate Cross-Sell Opportunity,Priority 3
C000316,P006,Mutual Fund Plan,Investment,Wealth,0.1,10000,3,False,True,66886,213444,2472.12,29,11.2,0.554,2,0.492,0.38975,0.25,0.0,0.697,0.303,0.104,Core Active,Core Relationship Customer,Moderate Risk,Moderate Cross-Sell Opportunity,Priority 3
C000316,P007,Term Insurance,Insurance,Protection,0.0,500000,3,False,True,66886,213444,2472.12,29,11.2,0.554,2,0.492,0.38975,0.25,0.0,0.697,0.303,0.104,Core Active,Core Relationship Customer,Moderate Risk,Moderate Cross-Sell Opportunity,Priority 3
C000316,P008,Premium Banking,Banking,Premium,0.0,1000000,5,False,True,66886,213444,2472.12,29,11.2,0.554,2,0.492,0.38975,0.25,0.0,0.697,0.303,0.104,Core Active,Core Relationship Customer,Moderate Risk,Moderate Cross-Sell Opportunity,Priority 3
C000317,P003,Rewards Credit Card,Credit Card,Cards,0.28,30000,2,True,False,73915,151812,3052.09,52,12.6,0.665,2,0.568,0.373,0.0,0.0,0.796,0.204,0.016,Core Active,Core Relationship Customer,Moderate Risk,Moderate Cross-Sell Opportunity,Priority 3
C000317,P004,Personal Loan,Loan,Lending,0.115,75000,3,False,True,73915,151812,3052.09,52,12.6,0.665,2,0.568,0.373,0.0,0.0,0.796,0.204,0.016,Core Active,Core Relationship Customer,Moderate Risk,Moderate Cross-Sell Opportunity,Priority 3
C000317,P005,Home Loan,Loan,Lending,0.082,500000,4,False,True,73915,151812,3052.09,52,12.6,0.665,2,0.568,0.373,0.0,0.0,0.796,0.204,0.016,Core Active,Core Relationship Customer,Moderate Risk,Moderate Cross-Sell Opportunity,Priority 3
C000317,P006,Mutual Fund Plan,Investment,Wealth,0.1,10000,3,False,True,73915,151812,3052.09,52,12.6,0.665,2,0.568,0.373,0.0,0.0,0.796,0.204,0.016,Core Active,Core Relationship Customer,Moderate Risk,Moderate Cross-Sell Opportunity,Priority 3
C000317,P007,Term Insurance,Insurance,Protection,0.0,500000,3,False,True,73915,151812,3052.09,52,12.6,0.665,2,0.568,0.373,0.0,0.0,0.796,0.204,0.016,Core Active,Core Relationship Customer,Moderate Risk,Moderate Cross-Sell Opportunity,Priority 3
C000317,P008,Premium Banking,Banking,Premium,0.0,1000000,5,False,True,73915,151812,3052.09,52,12.6,0.665,2,0.568,0.373,0.0,0.0,0.796,0.204,0.016,Core Active,Core Relationship Customer,Moderate Risk,Moderate Cross-Sell Opportunity,Priority 3
C000318,P003,Rewards Credit Card,Credit Card,Cards,0.28,30000,2,False,True,77581,487601,3479.88,39,7.0,0.54,2,0.477,0.4915,0.25,1.0,0.717,0.283,0.081,Core Active,Core Relationship Customer,Moderate Risk,Moderate Cross-Sell Opportunity,Priority 3
C000318,P004,Personal Loan,Loan,Lending,0.115,75000,3,False,True,77581,487601,3479.88,39,7.0,0.54,2,0.477,0.4915,0.25,1.0,0.717,0.283,0.081,Core Active,Core Relationship Customer,Moderate Risk,Moderate Cross-Sell Opportunity,Priority 3
C000318,P005,Home Loan,Loan,Lending,0.082,500000,4,False,True,77581,487601,3479.88,39,7.0,0.54,2,0.477,0.4915,0.25,1.0,0.717,0.283,0.081,Core Active,Core Relationship Customer,Moderate Risk,Moderate Cross-Sell Opportunity,Priority 3
C000318,P006,Mutual Fund Plan,Investment,Wealth,0.1,10000,3,False,True,77581,487601,3479.88,39,7.0,0.54,2,0.477,0.4915,0.25,1.0,0.717,0.283,0.081,Core Active,Core Relationship Customer,Moderate Risk,Moderate Cross-Sell Opportunity,Priority 3
C000318,P007,Term Insurance,Insurance,Protection,0.0,500000,3,True,False,77581,487601,3479.88,39,7.0,0.54,2,0.477,0.4915,0.25,1.0,0.717,0.283,0.081,Core Active,Core Relationship Customer,Moderate Risk,Moderate Cross-Sell Opportunity,Priority 3
C000318,P008,Premium Banking,Banking,Premium,0.0,1000000,5,False,True,77581,487601,3479.88,39,7.0,0.54,2,0.477,0.4915,0.25,1.0,0.717,0.283,0.081,Core Active,Core Relationship Customer,Moderate Risk,Moderate Cross-Sell Opportunity,Priority 3
C000319,P003,Rewards Credit Card,Credit Card,Cards,0.28,30000,2,False,True,68034,172761,1948.59,27,1.8,0.662,1,0.508,0.328,0.0,0.0,0.688,0.312,0.101,Core Active,Core Relationship Customer,Low Risk,Moderate Cross-Sell Opportunity,Priority 3
C000319,P004,Personal Loan,Loan,Lending,0.115,75000,3,False,True,68034,172761,1948.59,27,1.8,0.662,1,0.508,0.328,0.0,0.0,0.688,0.312,0.101,Core Active,Core Relationship Customer,Low Risk,Moderate Cross-Sell Opportunity,Priority 3
C000319,P005,Home Loan,Loan,Lending,0.082,500000,4,False,True,68034,172761,1948.59,27,1.8,0.662,1,0.508,0.328,0.0,0.0,0.688,0.312,0.101,Core Active,Core Relationship Customer,Low Risk,Moderate Cross-Sell Opportunity,Priority 3
C000319,P006,Mutual Fund Plan,Investment,Wealth,0.1,10000,3,False,True,68034,172761,1948.59,27,1.8,0.662,1,0.508,0.328,0.0,0.0,0.688,0.312,0.101,Core Active,Core Relationship Customer,Low Risk,Moderate Cross-Sell Opportunity,Priority 3
C000319,P007,Term Insurance,Insurance,Protection,0.0,500000,3,False,True,68034,172761,1948.59,27,1.8,0.662,1,0.508,0.328,0.0,0.0,0.688,0.312,0.101,Core Active,Core Relationship Customer,Low Risk,Moderate Cross-Sell Opportunity,Priority 3
C000319,P008,Premium Banking,Banking,Premium,0.0,1000000,5,False,True,68034,172761,1948.59,27,1.8,0.662,1,0.508,0.328,0.0,0.0,0.688,0.312,0.101,Core Active,Core Relationship Customer,Low Risk,Moderate Cross-Sell Opportunity,Priority 3
C000320,P003,Rewards Credit Card,Credit Card,Cards,0.28,30000,2,True,False,56856,655807,1581.51,31,4.7,0.184,3,0.551,0.5685,0.5,1.0,0.594,0.406,-0.05,Core Active,Core Relationship Customer,Moderate Risk,Low Cross-Sell Opportunity,Priority 3
C000320,P004,Personal Loan,Loan,Lending,0.115,75000,3,False,True,56856,655807,1581.51,31,4.7,0.184,3,0.551,0.5685,0.5,1.0,0.594,0.406,-0.05,Core Active,Core Relationship Customer,Moderate Risk,Low Cross-Sell Opportunity,Priority 3
C000320,P005,Home Loan,Loan,Lending,0.082,500000,4,False,True,56856,655807,1581.51,31,4.7,0.184,3,0.551,0.5685,0.5,1.0,0.594,0.406,-0.05,Core Active,Core Relationship Customer,Moderate Risk,Low Cross-Sell Opportunity,Priority 3
C000320,P006,Mutual Fund Plan,Investment,Wealth,0.1,10000,3,False,True,56856,655807,1581.51,31,4.7,0.184,3,0.551,0.5685,0.5,1.0,0.594,0.406,-0.05,Core Active,Core Relationship Customer,Moderate Risk,Low Cross-Sell Opportunity,Priority 3
C000320,P007,Term Insurance,Insurance,Protection,0.0,500000,3,False,True,56856,655807,1581.51,31,4.7,0.184,3,0.551,0.5685,0.5,1.0,0.594,0.406,-0.05,Core Active,Core Relationship Customer,Moderate Risk,Low Cross-Sell Opportunity,Priority 3
C000320,P008,Premium Banking,Banking,Premium,0.0,1000000,5,False,True,56856,655807,1581.51,31,4.7,0.184,3,0.551,0.5685,0.5,1.0,0.594,0.406,-0.05,Core Active,Core Relationship Customer,Moderate Risk,Low Cross-Sell Opportunity,Priority 3
C000321,P003,Rewards Credit Card,Credit Card,Cards,0.28,30000,2,False,True,40192,235338,1166.65,12,57.5,0.294,1,0.496,0.29,0.0,0.0,0.694,0.306,-0.034,At Risk,At-Risk Engagement Customer,Critical Risk,Low Cross-Sell Opportunity,Priority 3
C000321,P004,Personal Loan,Loan,Lending,0.115,75000,3,False,True,40192,235338,1166.65,12,57.5,0.294,1,0.496,0.29,0.0,0.0,0.694,0.306,-0.034,At Risk,At-Risk Engagement Customer,Critical Risk,Low Cross-Sell Opportunity,Priority 3
C000321,P005,Home Loan,Loan,Lending,0.082,500000,4,False,True,40192,235338,1166.65,12,57.5,0.294,1,0.496,0.29,0.0,0.0,0.694,0.306,-0.034,At Risk,At-Risk Engagement Customer,Critical Risk,Low Cross-Sell Opportunity,Priority 3
C000321,P006,Mutual Fund Plan,Investment,Wealth,0.1,10000,3,False,True,40192,235338,1166.65,12,57.5,0.294,1,0.496,0.29,0.0,0.0,0.694,0.306,-0.034,At Risk,At-Risk Engagement Customer,Critical Risk,Low Cross-Sell Opportunity,Priority 3
C000321,P007,Term Insurance,Insurance,Protection,0.0,500000,3,False,True,40192,235338,1166.65,12,57.5,0.294,1,0.496,0.29,0.0,0.0,0.694,0.306,-0.034,At Risk,At-Risk Engagement Customer,Critical Risk,Low Cross-Sell Opportunity,Priority 3
C000321,P008,Premium Banking,Banking,Premium,0.0,1000000,5,False,True,40192,235338,1166.65,12,57.5,0.294,1,0.496,0.29,0.0,0.0,0.694,0.306,-0.034,At Risk,At-Risk Engagement Customer,Critical Risk,Low Cross-Sell Opportunity,Priority 3
C000322,P003,Rewards Credit Card,Credit Card,Cards,0.28,30000,2,True,False,71276,425309,4071.32,42,9.2,0.494,3,0.56,0.46225,0.5,0.5,0.637,0.363,-0.082,Core Active,Core Relationship Customer,Moderate Risk,Moderate Cross-Sell Opportunity,Priority 2
C000322,P004,Personal Loan,Loan,Lending,0.115,75000,3,True,False,71276,425309,4071.32,42,9.2,0.494,3,0.56,0.46225,0.5,0.5,0.637,0.363,-0.082,Core Active,Core Relationship Customer,Moderate Risk,Moderate Cross-Sell Opportunity,Priority 2
C000322,P005,Home Loan,Loan,Lending,0.082,500000,4,False,True,71276,425309,4071.32,42,9.2,0.494,3,0.56,0.46225,0.5,0.5,0.637,0.363,-0.082,Core Active,Core Relationship Customer,Moderate Risk,Moderate Cross-Sell Opportunity,Priority 2
C000322,P006,Mutual Fund Plan,Investment,Wealth,0.1,10000,3,False,True,71276,425309,4071.32,42,9.2,0.494,3,0.56,0.46225,0.5,0.5,0.637,0.363,-0.082,Core Active,Core Relationship Customer,Moderate Risk,Moderate Cross-Sell Opportunity,Priority 2
C000322,P007,Term Insurance,Insurance,Protection,0.0,500000,3,False,True,71276,425309,4071.32,42,9.2,0.494,3,0.56,0.46225,0.5,0.5,0.637,0.363,-0.082,Core Active,Core Relationship Customer,Moderate Risk,Moderate Cross-Sell Opportunity,Priority 2
C000322,P008,Premium Banking,Banking,Premium,0.0,1000000,5,False,True,71276,425309,4071.32,42,9.2,0.494,3,0.56,0.46225,0.5,0.5,0.637,0.363,-0.082,Core Active,Core Relationship Customer,Moderate Risk,Moderate Cross-Sell Opportunity,Priority 2
C000323,P003,Rewards Credit Card,Credit Card,Cards,0.28,30000,2,True,False,69684,360457,2309.6,28,8.9,0.363,3,0.624,0.3876666666666666,0.0,0.0,0.605,0.395,-0.099,Core Active,Core Relationship Customer,High Risk,Low Cross-Sell Opportunity,Priority 4
C000323,P004,Personal Loan,Loan,Lending,0.115,75000,3,False,True,69684,360457,2309.6,28,8.9,0.363,3,0.624,0.3876666666666666,0.0,0.0,0.605,0.395,-0.099,Core Active,Core Relationship Customer,High Risk,Low Cross-Sell Opportunity,Priority 4
C000323,P005,Home Loan,Loan,Lending,0.082,500000,4,False,True,69684,360457,2309.6,28,8.9,0.363,3,0.624,0.3876666666666666,0.0,0.0,0.605,0.395,-0.099,Core Active,Core Relationship Customer,High Risk,Low Cross-Sell Opportunity,Priority 4
C000323,P006,Mutual Fund Plan,Investment,Wealth,0.1,10000,3,True,False,69684,360457,2309.6,28,8.9,0.363,3,0.624,0.3876666666666666,0.0,0.0,0.605,0.395,-0.099,Core Active,Core Relationship Customer,High Risk,Low Cross-Sell Opportunity,Priority 4
C000323,P007,Term Insurance,Insurance,Protection,0.0,500000,3,False,True,69684,360457,2309.6,28,8.9,0.363,3,0.624,0.3876666666666666,0.0,0.0,0.605,0.395,-0.099,Core Active,Core Relationship Customer,High Risk,Low Cross-Sell Opportunity,Priority 4
C000323,P008,Premium Banking,Banking,Premium,0.0,1000000,5,False,True,69684,360457,2309.6,28,8.9,0.363,3,0.624,0.3876666666666666,0.0,0.0,0.605,0.395,-0.099,Core Active,Core Relationship Customer,High Risk,Low Cross-Sell Opportunity,Priority 4
C000324,P003,Rewards Credit Card,Credit Card,Cards,0.28,30000,2,True,False,160966,488851,8518.05,54,10.1,0.51,4,0.39,0.455,0.3333333333333333,0.0,0.866,0.134,-0.056,Premium High-Value,Premium Relationship Customer,High Risk,Moderate Cross-Sell Opportunity,Priority 3
C000324,P004,Personal Loan,Loan,Lending,0.115,75000,3,False,True,160966,488851,8518.05,54,10.1,0.51,4,0.39,0.455,0.3333333333333333,0.0,0.866,0.134,-0.056,Premium High-Value,Premium Relationship Customer,High Risk,Moderate Cross-Sell Opportunity,Priority 3
C000324,P005,Home Loan,Loan,Lending,0.082,500000,4,False,True,160966,488851,8518.05,54,10.1,0.51,4,0.39,0.455,0.3333333333333333,0.0,0.866,0.134,-0.056,Premium High-Value,Premium Relationship Customer,High Risk,Moderate Cross-Sell Opportunity,Priority 3
C000324,P006,Mutual Fund Plan,Investment,Wealth,0.1,10000,3,True,False,160966,488851,8518.05,54,10.1,0.51,4,0.39,0.455,0.3333333333333333,0.0,0.866,0.134,-0.056,Premium High-Value,Premium Relationship Customer,High Risk,Moderate Cross-Sell Opportunity,Priority 3
C000324,P007,Term Insurance,Insurance,Protection,0.0,500000,3,True,False,160966,488851,8518.05,54,10.1,0.51,4,0.39,0.455,0.3333333333333333,0.0,0.866,0.134,-0.056,Premium High-Value,Premium Relationship Customer,High Risk,Moderate Cross-Sell Opportunity,Priority 3
C000324,P008,Premium Banking,Banking,Premium,0.0,1000000,5,False,True,160966,488851,8518.05,54,10.1,0.51,4,0.39,0.455,0.3333333333333333,0.0,0.866,0.134,-0.056,Premium High-Value,Premium Relationship Customer,High Risk,Moderate Cross-Sell Opportunity,Priority 3
C000325,P003,Rewards Credit Card,Credit Card,Cards,0.28,30000,2,False,True,97679,261476,4280.52,57,6.9,0.854,3,0.67,0.5076666666666666,0.3333333333333333,0.0,0.802,0.198,-0.225,Premium High-Value,Premium Digital Customer,Moderate Risk,Moderate Cross-Sell Opportunity,Priority 2
C000325,P004,Personal Loan,Loan,Lending,0.115,75000,3,False,True,97679,261476,4280.52,57,6.9,0.854,3,0.67,0.5076666666666666,0.3333333333333333,0.0,0.802,0.198,-0.225,Premium High-Value,Premium Digital Customer,Moderate Risk,Moderate Cross-Sell Opportunity,Priority 2
C000325,P005,Home Loan,Loan,Lending,0.082,500000,4,False,True,97679,261476,4280.52,57,6.9,0.854,3,0.67,0.5076666666666666,0.3333333333333333,0.0,0.802,0.198,-0.225,Premium High-Value,Premium Digital Customer,Moderate Risk,Moderate Cross-Sell Opportunity,Priority 2
C000325,P006,Mutual Fund Plan,Investment,Wealth,0.1,10000,3,True,False,97679,261476,4280.52,57,6.9,0.854,3,0.67,0.5076666666666666,0.3333333333333333,0.0,0.802,0.198,-0.225,Premium High-Value,Premium Digital Customer,Moderate Risk,Moderate Cross-Sell Opportunity,Priority 2
C000325,P007,Term Insurance,Insurance,Protection,0.0,500000,3,True,False,97679,261476,4280.52,57,6.9,0.854,3,0.67,0.5076666666666666,0.3333333333333333,0.0,0.802,0.198,-0.225,Premium High-Value,Premium Digital Customer,Moderate Risk,Moderate Cross-Sell Opportunity,Priority 2
C000325,P008,Premium Banking,Banking,Premium,0.0,1000000,5,False,True,97679,261476,4280.52,57,6.9,0.854,3,0.67,0.5076666666666666,0.3333333333333333,0.0,0.802,0.198,-0.225,Premium High-Value,Premium Digital Customer,Moderate Risk,Moderate Cross-Sell Opportunity,Priority 2
C000326,P003,Rewards Credit Card,Credit Card,Cards,0.28,30000,2,True,False,108577,577253,3002.25,51,15.3,0.668,3,0.503,0.4533999999999999,0.4,0.0,0.726,0.274,0.07,Premium High-Value,Premium Relationship Customer,Moderate Risk,Moderate Cross-Sell Opportunity,Priority 2
C000326,P004,Personal Loan,Loan,Lending,0.115,75000,3,False,True,108577,577253,3002.25,51,15.3,0.668,3,0.503,0.4533999999999999,0.4,0.0,0.726,0.274,0.07,Premium High-Value,Premium Relationship Customer,Moderate Risk,Moderate Cross-Sell Opportunity,Priority 2
C000326,P005,Home Loan,Loan,Lending,0.082,500000,4,False,True,108577,577253,3002.25,51,15.3,0.668,3,0.503,0.4533999999999999,0.4,0.0,0.726,0.274,0.07,Premium High-Value,Premium Relationship Customer,Moderate Risk,Moderate Cross-Sell Opportunity,Priority 2
C000326,P006,Mutual Fund Plan,Investment,Wealth,0.1,10000,3,True,False,108577,577253,3002.25,51,15.3,0.668,3,0.503,0.4533999999999999,0.4,0.0,0.726,0.274,0.07,Premium High-Value,Premium Relationship Customer,Moderate Risk,Moderate Cross-Sell Opportunity,Priority 2
C000326,P007,Term Insurance,Insurance,Protection,0.0,500000,3,False,True,108577,577253,3002.25,51,15.3,0.668,3,0.503,0.4533999999999999,0.4,0.0,0.726,0.274,0.07,Premium High-Value,Premium Relationship Customer,Moderate Risk,Moderate Cross-Sell Opportunity,Priority 2
C000326,P008,Premium Banking,Banking,Premium,0.0,1000000,5,False,True,108577,577253,3002.25,51,15.3,0.668,3,0.503,0.4533999999999999,0.4,0.0,0.726,0.274,0.07,Premium High-Value,Premium Relationship Customer,Moderate Risk,Moderate Cross-Sell Opportunity,Priority 2
C000327,P003,Rewards Credit Card,Credit Card,Cards,0.28,30000,2,True,False,81438,295778,3374.87,38,5.2,0.656,4,0.627,0.4762,0.4,0.0,0.542,0.458,0.047,Core Active,Core Relationship Customer,Low Risk,Moderate Cross-Sell Opportunity,Priority 3
C000327,P004,Personal Loan,Loan,Lending,0.115,75000,3,False,True,81438,295778,3374.87,38,5.2,0.656,4,0.627,0.4762,0.4,0.0,0.542,0.458,0.047,Core Active,Core Relationship Customer,Low Risk,Moderate Cross-Sell Opportunity,Priority 3
C000327,P005,Home Loan,Loan,Lending,0.082,500000,4,False,True,81438,295778,3374.87,38,5.2,0.656,4,0.627,0.4762,0.4,0.0,0.542,0.458,0.047,Core Active,Core Relationship Customer,Low Risk,Moderate Cross-Sell Opportunity,Priority 3
C000327,P006,Mutual Fund Plan,Investment,Wealth,0.1,10000,3,True,False,81438,295778,3374.87,38,5.2,0.656,4,0.627,0.4762,0.4,0.0,0.542,0.458,0.047,Core Active,Core Relationship Customer,Low Risk,Moderate Cross-Sell Opportunity,Priority 3
C000327,P007,Term Insurance,Insurance,Protection,0.0,500000,3,False,True,81438,295778,3374.87,38,5.2,0.656,4,0.627,0.4762,0.4,0.0,0.542,0.458,0.047,Core Active,Core Relationship Customer,Low Risk,Moderate Cross-Sell Opportunity,Priority 3
C000327,P008,Premium Banking,Banking,Premium,0.0,1000000,5,False,True,81438,295778,3374.87,38,5.2,0.656,4,0.627,0.4762,0.4,0.0,0.542,0.458,0.047,Core Active,Core Relationship Customer,Low Risk,Moderate Cross-Sell Opportunity,Priority 3
C000328,P003,Rewards Credit Card,Credit Card,Cards,0.28,30000,2,True,False,74123,254607,2735.22,37,4.9,0.608,2,0.517,0.51525,0.25,0.0,0.736,0.264,0.129,Core Active,Core Relationship Customer,Moderate Risk,Moderate Cross-Sell Opportunity,Priority 3
C000328,P004,Personal Loan,Loan,Lending,0.115,75000,3,False,True,74123,254607,2735.22,37,4.9,0.608,2,0.517,0.51525,0.25,0.0,0.736,0.264,0.129,Core Active,Core Relationship Customer,Moderate Risk,Moderate Cross-Sell Opportunity,Priority 3
C000328,P005,Home Loan,Loan,Lending,0.082,500000,4,False,True,74123,254607,2735.22,37,4.9,0.608,2,0.517,0.51525,0.25,0.0,0.736,0.264,0.129,Core Active,Core Relationship Customer,Moderate Risk,Moderate Cross-Sell Opportunity,Priority 3
C000328,P006,Mutual Fund Plan,Investment,Wealth,0.1,10000,3,False,True,74123,254607,2735.22,37,4.9,0.608,2,0.517,0.51525,0.25,0.0,0.736,0.264,0.129,Core Active,Core Relationship Customer,Moderate Risk,Moderate Cross-Sell Opportunity,Priority 3
C000328,P007,Term Insurance,Insurance,Protection,0.0,500000,3,False,True,74123,254607,2735.22,37,4.9,0.608,2,0.517,0.51525,0.25,0.0,0.736,0.264,0.129,Core Active,Core Relationship Customer,Moderate Risk,Moderate Cross-Sell Opportunity,Priority 3
C000328,P008,Premium Banking,Banking,Premium,0.0,1000000,5,False,True,74123,254607,2735.22,37,4.9,0.608,2,0.517,0.51525,0.25,0.0,0.736,0.264,0.129,Core Active,Core Relationship Customer,Moderate Risk,Moderate Cross-Sell Opportunity,Priority 3
C000329,P003,Rewards Credit Card,Credit Card,Cards,0.28,30000,2,False,True,51030,98779,1758.65,29,3.5,0.609,2,0.662,0.4486,0.4,0.5,0.605,0.395,0.02,Core Active,Core Relationship Customer,Low Risk,Moderate Cross-Sell Opportunity,Priority 3
C000329,P004,Personal Loan,Loan,Lending,0.115,75000,3,False,True,51030,98779,1758.65,29,3.5,0.609,2,0.662,0.4486,0.4,0.5,0.605,0.395,0.02,Core Active,Core Relationship Customer,Low Risk,Moderate Cross-Sell Opportunity,Priority 3
C000329,P005,Home Loan,Loan,Lending,0.082,500000,4,False,True,51030,98779,1758.65,29,3.5,0.609,2,0.662,0.4486,0.4,0.5,0.605,0.395,0.02,Core Active,Core Relationship Customer,Low Risk,Moderate Cross-Sell Opportunity,Priority 3
C000329,P006,Mutual Fund Plan,Investment,Wealth,0.1,10000,3,False,True,51030,98779,1758.65,29,3.5,0.609,2,0.662,0.4486,0.4,0.5,0.605,0.395,0.02,Core Active,Core Relationship Customer,Low Risk,Moderate Cross-Sell Opportunity,Priority 3
C000329,P007,Term Insurance,Insurance,Protection,0.0,500000,3,False,True,51030,98779,1758.65,29,3.5,0.609,2,0.662,0.4486,0.4,0.5,0.605,0.395,0.02,Core Active,Core Relationship Customer,Low Risk,Moderate Cross-Sell Opportunity,Priority 3
C000329,P008,Premium Banking,Banking,Premium,0.0,1000000,5,False,True,51030,98779,1758.65,29,3.5,0.609,2,0.662,0.4486,0.4,0.5,0.605,0.395,0.02,Core Active,Core Relationship Customer,Low Risk,Moderate Cross-Sell Opportunity,Priority 3
C000330,P003,Rewards Credit Card,Credit Card,Cards,0.28,30000,2,False,True,104036,285719,3124.74,23,13.8,1.0,1,0.677,0.5506,0.2,0.0,0.83,0.17,0.16,Core Active,Core Digital Customer,Moderate Risk,Moderate Cross-Sell Opportunity,Priority 2
C000330,P004,Personal Loan,Loan,Lending,0.115,75000,3,False,True,104036,285719,3124.74,23,13.8,1.0,1,0.677,0.5506,0.2,0.0,0.83,0.17,0.16,Core Active,Core Digital Customer,Moderate Risk,Moderate Cross-Sell Opportunity,Priority 2
C000330,P005,Home Loan,Loan,Lending,0.082,500000,4,False,True,104036,285719,3124.74,23,13.8,1.0,1,0.677,0.5506,0.2,0.0,0.83,0.17,0.16,Core Active,Core Digital Customer,Moderate Risk,Moderate Cross-Sell Opportunity,Priority 2
C000330,P006,Mutual Fund Plan,Investment,Wealth,0.1,10000,3,False,True,104036,285719,3124.74,23,13.8,1.0,1,0.677,0.5506,0.2,0.0,0.83,0.17,0.16,Core Active,Core Digital Customer,Moderate Risk,Moderate Cross-Sell Opportunity,Priority 2
C000330,P007,Term Insurance,Insurance,Protection,0.0,500000,3,False,True,104036,285719,3124.74,23,13.8,1.0,1,0.677,0.5506,0.2,0.0,0.83,0.17,0.16,Core Active,Core Digital Customer,Moderate Risk,Moderate Cross-Sell Opportunity,Priority 2
C000330,P008,Premium Banking,Banking,Premium,0.0,1000000,5,False,True,104036,285719,3124.74,23,13.8,1.0,1,0.677,0.5506,0.2,0.0,0.83,0.17,0.16,Core Active,Core Digital Customer,Moderate Risk,Moderate Cross-Sell Opportunity,Priority 2
C000331,P003,Rewards Credit Card,Credit Card,Cards,0.28,30000,2,False,True,54942,102698,1719.86,24,5.7,0.635,1,0.317,0.289,0.6,0.3333333333333333,0.575,0.425,0.054,Core Active,Core Relationship Customer,Moderate Risk,Moderate Cross-Sell Opportunity,Priority 3
C000331,P004,Personal Loan,Loan,Lending,0.115,75000,3,False,True,54942,102698,1719.86,24,5.7,0.635,1,0.317,0.289,0.6,0.3333333333333333,0.575,0.425,0.054,Core Active,Core Relationship Customer,Moderate Risk,Moderate Cross-Sell Opportunity,Priority 3
C000331,P005,Home Loan,Loan,Lending,0.082,500000,4,False,True,54942,102698,1719.86,24,5.7,0.635,1,0.317,0.289,0.6,0.3333333333333333,0.575,0.425,0.054,Core Active,Core Relationship Customer,Moderate Risk,Moderate Cross-Sell Opportunity,Priority 3
C000331,P006,Mutual Fund Plan,Investment,Wealth,0.1,10000,3,False,True,54942,102698,1719.86,24,5.7,0.635,1,0.317,0.289,0.6,0.3333333333333333,0.575,0.425,0.054,Core Active,Core Relationship Customer,Moderate Risk,Moderate Cross-Sell Opportunity,Priority 3
C000331,P007,Term Insurance,Insurance,Protection,0.0,500000,3,False,True,54942,102698,1719.86,24,5.7,0.635,1,0.317,0.289,0.6,0.3333333333333333,0.575,0.425,0.054,Core Active,Core Relationship Customer,Moderate Risk,Moderate Cross-Sell Opportunity,Priority 3
C000331,P008,Premium Banking,Banking,Premium,0.0,1000000,5,False,True,54942,102698,1719.86,24,5.7,0.635,1,0.317,0.289,0.6,0.3333333333333333,0.575,0.425,0.054,Core Active,Core Relationship Customer,Moderate Risk,Moderate Cross-Sell Opportunity,Priority 3
C000332,P003,Rewards Credit Card,Credit Card,Cards,0.28,30000,2,False,True,87496,197394,2847.43,11,101.1,0.48,2,0.343,0.3077999999999999,0.0,0.0,0.576,0.424,-0.044,At Risk,At-Risk Engagement Customer,Critical Risk,Low Cross-Sell Opportunity,Priority 4
C000332,P004,Personal Loan,Loan,Lending,0.115,75000,3,False,True,87496,197394,2847.43,11,101.1,0.48,2,0.343,0.3077999999999999,0.0,0.0,0.576,0.424,-0.044,At Risk,At-Risk Engagement Customer,Critical Risk,Low Cross-Sell Opportunity,Priority 4
C000332,P005,Home Loan,Loan,Lending,0.082,500000,4,False,True,87496,197394,2847.43,11,101.1,0.48,2,0.343,0.3077999999999999,0.0,0.0,0.576,0.424,-0.044,At Risk,At-Risk Engagement Customer,Critical Risk,Low Cross-Sell Opportunity,Priority 4
C000332,P006,Mutual Fund Plan,Investment,Wealth,0.1,10000,3,False,True,87496,197394,2847.43,11,101.1,0.48,2,0.343,0.3077999999999999,0.0,0.0,0.576,0.424,-0.044,At Risk,At-Risk Engagement Customer,Critical Risk,Low Cross-Sell Opportunity,Priority 4
C000332,P007,Term Insurance,Insurance,Protection,0.0,500000,3,False,True,87496,197394,2847.43,11,101.1,0.48,2,0.343,0.3077999999999999,0.0,0.0,0.576,0.424,-0.044,At Risk,At-Risk Engagement Customer,Critical Risk,Low Cross-Sell Opportunity,Priority 4
C000332,P008,Premium Banking,Banking,Premium,0.0,1000000,5,False,True,87496,197394,2847.43,11,101.1,0.48,2,0.343,0.3077999999999999,0.0,0.0,0.576,0.424,-0.044,At Risk,At-Risk Engagement Customer,Critical Risk,Low Cross-Sell Opportunity,Priority 4
C000333,P003,Rewards Credit Card,Credit Card,Cards,0.28,30000,2,True,False,90651,799883,2171.01,35,5.7,0.82,4,0.725,0.627,0.0,0.0,0.823,0.177,0.009,Premium High-Value,Premium Digital Customer,Low Risk,Moderate Cross-Sell Opportunity,Priority 3
C000333,P004,Personal Loan,Loan,Lending,0.115,75000,3,False,True,90651,799883,2171.01,35,5.7,0.82,4,0.725,0.627,0.0,0.0,0.823,0.177,0.009,Premium High-Value,Premium Digital Customer,Low Risk,Moderate Cross-Sell Opportunity,Priority 3
C000333,P005,Home Loan,Loan,Lending,0.082,500000,4,True,False,90651,799883,2171.01,35,5.7,0.82,4,0.725,0.627,0.0,0.0,0.823,0.177,0.009,Premium High-Value,Premium Digital Customer,Low Risk,Moderate Cross-Sell Opportunity,Priority 3
C000333,P006,Mutual Fund Plan,Investment,Wealth,0.1,10000,3,True,False,90651,799883,2171.01,35,5.7,0.82,4,0.725,0.627,0.0,0.0,0.823,0.177,0.009,Premium High-Value,Premium Digital Customer,Low Risk,Moderate Cross-Sell Opportunity,Priority 3
C000333,P007,Term Insurance,Insurance,Protection,0.0,500000,3,False,True,90651,799883,2171.01,35,5.7,0.82,4,0.725,0.627,0.0,0.0,0.823,0.177,0.009,Premium High-Value,Premium Digital Customer,Low Risk,Moderate Cross-Sell Opportunity,Priority 3
C000333,P008,Premium Banking,Banking,Premium,0.0,1000000,5,False,True,90651,799883,2171.01,35,5.7,0.82,4,0.725,0.627,0.0,0.0,0.823,0.177,0.009,Premium High-Value,Premium Digital Customer,Low Risk,Moderate Cross-Sell Opportunity,Priority 3
C000334,P003,Rewards Credit Card,Credit Card,Cards,0.28,30000,2,False,True,46331,290143,1670.74,28,26.0,0.628,1,0.487,0.417,0.25,1.0,0.733,0.267,0.009,Core Active,Core Relationship Customer,High Risk,Moderate Cross-Sell Opportunity,Priority 3
C000334,P004,Personal Loan,Loan,Lending,0.115,75000,3,False,True,46331,290143,1670.74,28,26.0,0.628,1,0.487,0.417,0.25,1.0,0.733,0.267,0.009,Core Active,Core Relationship Customer,High Risk,Moderate Cross-Sell Opportunity,Priority 3
C000334,P005,Home Loan,Loan,Lending,0.082,500000,4,False,True,46331,290143,1670.74,28,26.0,0.628,1,0.487,0.417,0.25,1.0,0.733,0.267,0.009,Core Active,Core Relationship Customer,High Risk,Moderate Cross-Sell Opportunity,Priority 3
C000334,P006,Mutual Fund Plan,Investment,Wealth,0.1,10000,3,False,True,46331,290143,1670.74,28,26.0,0.628,1,0.487,0.417,0.25,1.0,0.733,0.267,0.009,Core Active,Core Relationship Customer,High Risk,Moderate Cross-Sell Opportunity,Priority 3
C000334,P007,Term Insurance,Insurance,Protection,0.0,500000,3,False,True,46331,290143,1670.74,28,26.0,0.628,1,0.487,0.417,0.25,1.0,0.733,0.267,0.009,Core Active,Core Relationship Customer,High Risk,Moderate Cross-Sell Opportunity,Priority 3
C000334,P008,Premium Banking,Banking,Premium,0.0,1000000,5,False,True,46331,290143,1670.74,28,26.0,0.628,1,0.487,0.417,0.25,1.0,0.733,0.267,0.009,Core Active,Core Relationship Customer,High Risk,Moderate Cross-Sell Opportunity,Priority 3
C000335,P003,Rewards Credit Card,Credit Card,Cards,0.28,30000,2,True,False,61402,1326964,2163.75,15,23.3,0.202,2,0.411,0.4004999999999999,0.5,0.0,0.485,0.515,-0.188,Core Active,Core Relationship Customer,Critical Risk,Low Cross-Sell Opportunity,Priority 4
C000335,P004,Personal Loan,Loan,Lending,0.115,75000,3,False,True,61402,1326964,2163.75,15,23.3,0.202,2,0.411,0.4004999999999999,0.5,0.0,0.485,0.515,-0.188,Core Active,Core Relationship Customer,Critical Risk,Low Cross-Sell Opportunity,Priority 4
C000335,P005,Home Loan,Loan,Lending,0.082,500000,4,False,True,61402,1326964,2163.75,15,23.3,0.202,2,0.411,0.4004999999999999,0.5,0.0,0.485,0.515,-0.188,Core Active,Core Relationship Customer,Critical Risk,Low Cross-Sell Opportunity,Priority 4
C000335,P006,Mutual Fund Plan,Investment,Wealth,0.1,10000,3,False,True,61402,1326964,2163.75,15,23.3,0.202,2,0.411,0.4004999999999999,0.5,0.0,0.485,0.515,-0.188,Core Active,Core Relationship Customer,Critical Risk,Low Cross-Sell Opportunity,Priority 4
C000335,P007,Term Insurance,Insurance,Protection,0.0,500000,3,False,True,61402,1326964,2163.75,15,23.3,0.202,2,0.411,0.4004999999999999,0.5,0.0,0.485,0.515,-0.188,Core Active,Core Relationship Customer,Critical Risk,Low Cross-Sell Opportunity,Priority 4
C000335,P008,Premium Banking,Banking,Premium,0.0,1000000,5,False,True,61402,1326964,2163.75,15,23.3,0.202,2,0.411,0.4004999999999999,0.5,0.0,0.485,0.515,-0.188,Core Active,Core Relationship Customer,Critical Risk,Low Cross-Sell Opportunity,Priority 4
C000336,P003,Rewards Credit Card,Credit Card,Cards,0.28,30000,2,False,True,64046,298063,2450.26,34,5.7,0.855,2,0.574,0.449,0.3333333333333333,0.0,0.751,0.249,-0.169,Core Active,Core Digital Customer,Moderate Risk,Moderate Cross-Sell Opportunity,Priority 3
C000336,P004,Personal Loan,Loan,Lending,0.115,75000,3,False,True,64046,298063,2450.26,34,5.7,0.855,2,0.574,0.449,0.3333333333333333,0.0,0.751,0.249,-0.169,Core Active,Core Digital Customer,Moderate Risk,Moderate Cross-Sell Opportunity,Priority 3
C000336,P005,Home Loan,Loan,Lending,0.082,500000,4,False,True,64046,298063,2450.26,34,5.7,0.855,2,0.574,0.449,0.3333333333333333,0.0,0.751,0.249,-0.169,Core Active,Core Digital Customer,Moderate Risk,Moderate Cross-Sell Opportunity,Priority 3
C000336,P006,Mutual Fund Plan,Investment,Wealth,0.1,10000,3,True,False,64046,298063,2450.26,34,5.7,0.855,2,0.574,0.449,0.3333333333333333,0.0,0.751,0.249,-0.169,Core Active,Core Digital Customer,Moderate Risk,Moderate Cross-Sell Opportunity,Priority 3
C000336,P007,Term Insurance,Insurance,Protection,0.0,500000,3,False,True,64046,298063,2450.26,34,5.7,0.855,2,0.574,0.449,0.3333333333333333,0.0,0.751,0.249,-0.169,Core Active,Core Digital Customer,Moderate Risk,Moderate Cross-Sell Opportunity,Priority 3
C000336,P008,Premium Banking,Banking,Premium,0.0,1000000,5,False,True,64046,298063,2450.26,34,5.7,0.855,2,0.574,0.449,0.3333333333333333,0.0,0.751,0.249,-0.169,Core Active,Core Digital Customer,Moderate Risk,Moderate Cross-Sell Opportunity,Priority 3
C000337,P003,Rewards Credit Card,Credit Card,Cards,0.28,30000,2,False,True,94250,394512,4913.56,42,4.7,0.214,1,0.458,0.2994,0.0,0.0,0.8,0.2,0.011,Core Active,Core Relationship Customer,Low Risk,Moderate Cross-Sell Opportunity,Priority 2
C000337,P004,Personal Loan,Loan,Lending,0.115,75000,3,False,True,94250,394512,4913.56,42,4.7,0.214,1,0.458,0.2994,0.0,0.0,0.8,0.2,0.011,Core Active,Core Relationship Customer,Low Risk,Moderate Cross-Sell Opportunity,Priority 2
C000337,P005,Home Loan,Loan,Lending,0.082,500000,4,False,True,94250,394512,4913.56,42,4.7,0.214,1,0.458,0.2994,0.0,0.0,0.8,0.2,0.011,Core Active,Core Relationship Customer,Low Risk,Moderate Cross-Sell Opportunity,Priority 2
C000337,P006,Mutual Fund Plan,Investment,Wealth,0.1,10000,3,False,True,94250,394512,4913.56,42,4.7,0.214,1,0.458,0.2994,0.0,0.0,0.8,0.2,0.011,Core Active,Core Relationship Customer,Low Risk,Moderate Cross-Sell Opportunity,Priority 2
C000337,P007,Term Insurance,Insurance,Protection,0.0,500000,3,False,True,94250,394512,4913.56,42,4.7,0.214,1,0.458,0.2994,0.0,0.0,0.8,0.2,0.011,Core Active,Core Relationship Customer,Low Risk,Moderate Cross-Sell Opportunity,Priority 2
C000337,P008,Premium Banking,Banking,Premium,0.0,1000000,5,False,True,94250,394512,4913.56,42,4.7,0.214,1,0.458,0.2994,0.0,0.0,0.8,0.2,0.011,Core Active,Core Relationship Customer,Low Risk,Moderate Cross-Sell Opportunity,Priority 2
C000338,P003,Rewards Credit Card,Credit Card,Cards,0.28,30000,2,True,False,151905,344098,6082.56,50,5.4,0.708,5,0.837,0.4814,0.4,0.0,0.563,0.437,0.207,Premium High-Value,Premium Digital Customer,Low Risk,Moderate Cross-Sell Opportunity,Priority 2
C000338,P004,Personal Loan,Loan,Lending,0.115,75000,3,True,False,151905,344098,6082.56,50,5.4,0.708,5,0.837,0.4814,0.4,0.0,0.563,0.437,0.207,Premium High-Value,Premium Digital Customer,Low Risk,Moderate Cross-Sell Opportunity,Priority 2
C000338,P005,Home Loan,Loan,Lending,0.082,500000,4,False,True,151905,344098,6082.56,50,5.4,0.708,5,0.837,0.4814,0.4,0.0,0.563,0.437,0.207,Premium High-Value,Premium Digital Customer,Low Risk,Moderate Cross-Sell Opportunity,Priority 2
C000338,P006,Mutual Fund Plan,Investment,Wealth,0.1,10000,3,False,True,151905,344098,6082.56,50,5.4,0.708,5,0.837,0.4814,0.4,0.0,0.563,0.437,0.207,Premium High-Value,Premium Digital Customer,Low Risk,Moderate Cross-Sell Opportunity,Priority 2
C000338,P007,Term Insurance,Insurance,Protection,0.0,500000,3,True,False,151905,344098,6082.56,50,5.4,0.708,5,0.837,0.4814,0.4,0.0,0.563,0.437,0.207,Premium High-Value,Premium Digital Customer,Low Risk,Moderate Cross-Sell Opportunity,Priority 2
C000338,P008,Premium Banking,Banking,Premium,0.0,1000000,5,False,True,151905,344098,6082.56,50,5.4,0.708,5,0.837,0.4814,0.4,0.0,0.563,0.437,0.207,Premium High-Value,Premium Digital Customer,Low Risk,Moderate Cross-Sell Opportunity,Priority 2
C000339,P003,Rewards Credit Card,Credit Card,Cards,0.28,30000,2,False,True,111365,278822,5510.82,34,3.9,0.787,2,0.54,0.4583333333333333,0.6666666666666666,0.5,0.767,0.233,0.112,Core Active,Core Relationship Customer,Low Risk,Moderate Cross-Sell Opportunity,Priority 2
C000339,P004,Personal Loan,Loan,Lending,0.115,75000,3,False,True,111365,278822,5510.82,34,3.9,0.787,2,0.54,0.4583333333333333,0.6666666666666666,0.5,0.767,0.233,0.112,Core Active,Core Relationship Customer,Low Risk,Moderate Cross-Sell Opportunity,Priority 2
C000339,P005,Home Loan,Loan,Lending,0.082,500000,4,False,True,111365,278822,5510.82,34,3.9,0.787,2,0.54,0.4583333333333333,0.6666666666666666,0.5,0.767,0.233,0.112,Core Active,Core Relationship Customer,Low Risk,Moderate Cross-Sell Opportunity,Priority 2
C000339,P006,Mutual Fund Plan,Investment,Wealth,0.1,10000,3,False,True,111365,278822,5510.82,34,3.9,0.787,2,0.54,0.4583333333333333,0.6666666666666666,0.5,0.767,0.233,0.112,Core Active,Core Relationship Customer,Low Risk,Moderate Cross-Sell Opportunity,Priority 2
C000339,P007,Term Insurance,Insurance,Protection,0.0,500000,3,False,True,111365,278822,5510.82,34,3.9,0.787,2,0.54,0.4583333333333333,0.6666666666666666,0.5,0.767,0.233,0.112,Core Active,Core Relationship Customer,Low Risk,Moderate Cross-Sell Opportunity,Priority 2
C000339,P008,Premium Banking,Banking,Premium,0.0,1000000,5,False,True,111365,278822,5510.82,34,3.9,0.787,2,0.54,0.4583333333333333,0.6666666666666666,0.5,0.767,0.233,0.112,Core Active,Core Relationship Customer,Low Risk,Moderate Cross-Sell Opportunity,Priority 2
C000340,P003,Rewards Credit Card,Credit Card,Cards,0.28,30000,2,True,False,49335,615738,1000.0,9,27.6,0.469,1,0.425,0.4665,0.0,0.0,0.802,0.198,0.05,Core Active,Core Relationship Customer,High Risk,Moderate Cross-Sell Opportunity,Priority 3
C000340,P004,Personal Loan,Loan,Lending,0.115,75000,3,False,True,49335,615738,1000.0,9,27.6,0.469,1,0.425,0.4665,0.0,0.0,0.802,0.198,0.05,Core Active,Core Relationship Customer,High Risk,Moderate Cross-Sell Opportunity,Priority 3
C000340,P005,Home Loan,Loan,Lending,0.082,500000,4,False,True,49335,615738,1000.0,9,27.6,0.469,1,0.425,0.4665,0.0,0.0,0.802,0.198,0.05,Core Active,Core Relationship Customer,High Risk,Moderate Cross-Sell Opportunity,Priority 3
C000340,P006,Mutual Fund Plan,Investment,Wealth,0.1,10000,3,False,True,49335,615738,1000.0,9,27.6,0.469,1,0.425,0.4665,0.0,0.0,0.802,0.198,0.05,Core Active,Core Relationship Customer,High Risk,Moderate Cross-Sell Opportunity,Priority 3
C000340,P007,Term Insurance,Insurance,Protection,0.0,500000,3,False,True,49335,615738,1000.0,9,27.6,0.469,1,0.425,0.4665,0.0,0.0,0.802,0.198,0.05,Core Active,Core Relationship Customer,High Risk,Moderate Cross-Sell Opportunity,Priority 3
C000340,P008,Premium Banking,Banking,Premium,0.0,1000000,5,False,True,49335,615738,1000.0,9,27.6,0.469,1,0.425,0.4665,0.0,0.0,0.802,0.198,0.05,Core Active,Core Relationship Customer,High Risk,Moderate Cross-Sell Opportunity,Priority 3
C000341,P003,Rewards Credit Card,Credit Card,Cards,0.28,30000,2,True,False,81499,319755,4413.72,29,4.9,0.581,1,0.52,0.4585,0.5,0.0,0.742,0.258,0.085,Core Active,Core Relationship Customer,Moderate Risk,Moderate Cross-Sell Opportunity,Priority 3
C000341,P004,Personal Loan,Loan,Lending,0.115,75000,3,False,True,81499,319755,4413.72,29,4.9,0.581,1,0.52,0.4585,0.5,0.0,0.742,0.258,0.085,Core Active,Core Relationship Customer,Moderate Risk,Moderate Cross-Sell Opportunity,Priority 3
C000341,P005,Home Loan,Loan,Lending,0.082,500000,4,False,True,81499,319755,4413.72,29,4.9,0.581,1,0.52,0.4585,0.5,0.0,0.742,0.258,0.085,Core Active,Core Relationship Customer,Moderate Risk,Moderate Cross-Sell Opportunity,Priority 3
C000341,P006,Mutual Fund Plan,Investment,Wealth,0.1,10000,3,False,True,81499,319755,4413.72,29,4.9,0.581,1,0.52,0.4585,0.5,0.0,0.742,0.258,0.085,Core Active,Core Relationship Customer,Moderate Risk,Moderate Cross-Sell Opportunity,Priority 3
C000341,P007,Term Insurance,Insurance,Protection,0.0,500000,3,False,True,81499,319755,4413.72,29,4.9,0.581,1,0.52,0.4585,0.5,0.0,0.742,0.258,0.085,Core Active,Core Relationship Customer,Moderate Risk,Moderate Cross-Sell Opportunity,Priority 3
C000341,P008,Premium Banking,Banking,Premium,0.0,1000000,5,False,True,81499,319755,4413.72,29,4.9,0.581,1,0.52,0.4585,0.5,0.0,0.742,0.258,0.085,Core Active,Core Relationship Customer,Moderate Risk,Moderate Cross-Sell Opportunity,Priority 3
C000342,P003,Rewards Credit Card,Credit Card,Cards,0.28,30000,2,True,False,297600,621439,16693.14,42,20.5,0.62,7,0.471,0.4653333333333333,0.3333333333333333,1.0,0.706,0.294,-0.068,Premium High-Value,Premium Relationship Customer,High Risk,Moderate Cross-Sell Opportunity,Priority 2
C000342,P004,Personal Loan,Loan,Lending,0.115,75000,3,True,False,297600,621439,16693.14,42,20.5,0.62,7,0.471,0.4653333333333333,0.3333333333333333,1.0,0.706,0.294,-0.068,Premium High-Value,Premium Relationship Customer,High Risk,Moderate Cross-Sell Opportunity,Priority 2
C000342,P005,Home Loan,Loan,Lending,0.082,500000,4,True,False,297600,621439,16693.14,42,20.5,0.62,7,0.471,0.4653333333333333,0.3333333333333333,1.0,0.706,0.294,-0.068,Premium High-Value,Premium Relationship Customer,High Risk,Moderate Cross-Sell Opportunity,Priority 2
C000342,P006,Mutual Fund Plan,Investment,Wealth,0.1,10000,3,True,False,297600,621439,16693.14,42,20.5,0.62,7,0.471,0.4653333333333333,0.3333333333333333,1.0,0.706,0.294,-0.068,Premium High-Value,Premium Relationship Customer,High Risk,Moderate Cross-Sell Opportunity,Priority 2
C000342,P007,Term Insurance,Insurance,Protection,0.0,500000,3,True,False,297600,621439,16693.14,42,20.5,0.62,7,0.471,0.4653333333333333,0.3333333333333333,1.0,0.706,0.294,-0.068,Premium High-Value,Premium Relationship Customer,High Risk,Moderate Cross-Sell Opportunity,Priority 2
C000342,P008,Premium Banking,Banking,Premium,0.0,1000000,5,False,True,297600,621439,16693.14,42,20.5,0.62,7,0.471,0.4653333333333333,0.3333333333333333,1.0,0.706,0.294,-0.068,Premium High-Value,Premium Relationship Customer,High Risk,Moderate Cross-Sell Opportunity,Priority 2
C000343,P003,Rewards Credit Card,Credit Card,Cards,0.28,30000,2,True,False,90560,438741,2304.9,37,8.2,0.523,4,0.616,0.4904,0.2,0.0,0.774,0.226,-0.102,Core Active,Core Relationship Customer,Moderate Risk,Moderate Cross-Sell Opportunity,Priority 3
C000343,P004,Personal Loan,Loan,Lending,0.115,75000,3,True,False,90560,438741,2304.9,37,8.2,0.523,4,0.616,0.4904,0.2,0.0,0.774,0.226,-0.102,Core Active,Core Relationship Customer,Moderate Risk,Moderate Cross-Sell Opportunity,Priority 3
C000343,P005,Home Loan,Loan,Lending,0.082,500000,4,False,True,90560,438741,2304.9,37,8.2,0.523,4,0.616,0.4904,0.2,0.0,0.774,0.226,-0.102,Core Active,Core Relationship Customer,Moderate Risk,Moderate Cross-Sell Opportunity,Priority 3
C000343,P006,Mutual Fund Plan,Investment,Wealth,0.1,10000,3,False,True,90560,438741,2304.9,37,8.2,0.523,4,0.616,0.4904,0.2,0.0,0.774,0.226,-0.102,Core Active,Core Relationship Customer,Moderate Risk,Moderate Cross-Sell Opportunity,Priority 3
C000343,P007,Term Insurance,Insurance,Protection,0.0,500000,3,True,False,90560,438741,2304.9,37,8.2,0.523,4,0.616,0.4904,0.2,0.0,0.774,0.226,-0.102,Core Active,Core Relationship Customer,Moderate Risk,Moderate Cross-Sell Opportunity,Priority 3
C000343,P008,Premium Banking,Banking,Premium,0.0,1000000,5,False,True,90560,438741,2304.9,37,8.2,0.523,4,0.616,0.4904,0.2,0.0,0.774,0.226,-0.102,Core Active,Core Relationship Customer,Moderate Risk,Moderate Cross-Sell Opportunity,Priority 3
C000344,P003,Rewards Credit Card,Credit Card,Cards,0.28,30000,2,False,True,52521,110536,1340.03,37,9.9,0.708,2,0.372,0.2504,0.4,0.0,0.697,0.303,-0.163,Core Active,Core Relationship Customer,High Risk,Low Cross-Sell Opportunity,Priority 3
C000344,P004,Personal Loan,Loan,Lending,0.115,75000,3,False,True,52521,110536,1340.03,37,9.9,0.708,2,0.372,0.2504,0.4,0.0,0.697,0.303,-0.163,Core Active,Core Relationship Customer,High Risk,Low Cross-Sell Opportunity,Priority 3
C000344,P005,Home Loan,Loan,Lending,0.082,500000,4,False,True,52521,110536,1340.03,37,9.9,0.708,2,0.372,0.2504,0.4,0.0,0.697,0.303,-0.163,Core Active,Core Relationship Customer,High Risk,Low Cross-Sell Opportunity,Priority 3
C000344,P006,Mutual Fund Plan,Investment,Wealth,0.1,10000,3,False,True,52521,110536,1340.03,37,9.9,0.708,2,0.372,0.2504,0.4,0.0,0.697,0.303,-0.163,Core Active,Core Relationship Customer,High Risk,Low Cross-Sell Opportunity,Priority 3
C000344,P007,Term Insurance,Insurance,Protection,0.0,500000,3,False,True,52521,110536,1340.03,37,9.9,0.708,2,0.372,0.2504,0.4,0.0,0.697,0.303,-0.163,Core Active,Core Relationship Customer,High Risk,Low Cross-Sell Opportunity,Priority 3
C000344,P008,Premium Banking,Banking,Premium,0.0,1000000,5,False,True,52521,110536,1340.03,37,9.9,0.708,2,0.372,0.2504,0.4,0.0,0.697,0.303,-0.163,Core Active,Core Relationship Customer,High Risk,Low Cross-Sell Opportunity,Priority 3
C000345,P003,Rewards Credit Card,Credit Card,Cards,0.28,30000,2,True,False,105540,504825,6374.52,36,14.2,0.286,4,0.302,0.5,0.5,0.0,0.786,0.214,0.212,Premium High-Value,Premium Relationship Customer,High Risk,Low Cross-Sell Opportunity,Priority 3
C000345,P004,Personal Loan,Loan,Lending,0.115,75000,3,True,False,105540,504825,6374.52,36,14.2,0.286,4,0.302,0.5,0.5,0.0,0.786,0.214,0.212,Premium High-Value,Premium Relationship Customer,High Risk,Low Cross-Sell Opportunity,Priority 3
C000345,P005,Home Loan,Loan,Lending,0.082,500000,4,False,True,105540,504825,6374.52,36,14.2,0.286,4,0.302,0.5,0.5,0.0,0.786,0.214,0.212,Premium High-Value,Premium Relationship Customer,High Risk,Low Cross-Sell Opportunity,Priority 3
C000345,P006,Mutual Fund Plan,Investment,Wealth,0.1,10000,3,True,False,105540,504825,6374.52,36,14.2,0.286,4,0.302,0.5,0.5,0.0,0.786,0.214,0.212,Premium High-Value,Premium Relationship Customer,High Risk,Low Cross-Sell Opportunity,Priority 3
C000345,P007,Term Insurance,Insurance,Protection,0.0,500000,3,False,True,105540,504825,6374.52,36,14.2,0.286,4,0.302,0.5,0.5,0.0,0.786,0.214,0.212,Premium High-Value,Premium Relationship Customer,High Risk,Low Cross-Sell Opportunity,Priority 3
C000345,P008,Premium Banking,Banking,Premium,0.0,1000000,5,False,True,105540,504825,6374.52,36,14.2,0.286,4,0.302,0.5,0.5,0.0,0.786,0.214,0.212,Premium High-Value,Premium Relationship Customer,High Risk,Low Cross-Sell Opportunity,Priority 3
C000346,P003,Rewards Credit Card,Credit Card,Cards,0.28,30000,2,True,False,48782,146812,1138.86,30,9.9,0.899,5,0.506,0.36975,0.5,0.0,0.768,0.232,-0.066,Core Active,Core Digital Customer,High Risk,Low Cross-Sell Opportunity,Priority 3
C000346,P004,Personal Loan,Loan,Lending,0.115,75000,3,False,True,48782,146812,1138.86,30,9.9,0.899,5,0.506,0.36975,0.5,0.0,0.768,0.232,-0.066,Core Active,Core Digital Customer,High Risk,Low Cross-Sell Opportunity,Priority 3
C000346,P005,Home Loan,Loan,Lending,0.082,500000,4,False,True,48782,146812,1138.86,30,9.9,0.899,5,0.506,0.36975,0.5,0.0,0.768,0.232,-0.066,Core Active,Core Digital Customer,High Risk,Low Cross-Sell Opportunity,Priority 3
C000346,P006,Mutual Fund Plan,Investment,Wealth,0.1,10000,3,True,False,48782,146812,1138.86,30,9.9,0.899,5,0.506,0.36975,0.5,0.0,0.768,0.232,-0.066,Core Active,Core Digital Customer,High Risk,Low Cross-Sell Opportunity,Priority 3
C000346,P007,Term Insurance,Insurance,Protection,0.0,500000,3,True,False,48782,146812,1138.86,30,9.9,0.899,5,0.506,0.36975,0.5,0.0,0.768,0.232,-0.066,Core Active,Core Digital Customer,High Risk,Low Cross-Sell Opportunity,Priority 3
C000346,P008,Premium Banking,Banking,Premium,0.0,1000000,5,False,True,48782,146812,1138.86,30,9.9,0.899,5,0.506,0.36975,0.5,0.0,0.768,0.232,-0.066,Core Active,Core Digital Customer,High Risk,Low Cross-Sell Opportunity,Priority 3
C000347,P003,Rewards Credit Card,Credit Card,Cards,0.28,30000,2,True,False,176141,426293,6790.68,70,5.3,0.622,4,0.466,0.4343333333333333,0.0,0.0,0.875,0.125,0.085,Premium High-Value,Premium Relationship Customer,Low Risk,Moderate Cross-Sell Opportunity,Priority 3
C000347,P004,Personal Loan,Loan,Lending,0.115,75000,3,False,True,176141,426293,6790.68,70,5.3,0.622,4,0.466,0.4343333333333333,0.0,0.0,0.875,0.125,0.085,Premium High-Value,Premium Relationship Customer,Low Risk,Moderate Cross-Sell Opportunity,Priority 3
C000347,P005,Home Loan,Loan,Lending,0.082,500000,4,False,True,176141,426293,6790.68,70,5.3,0.622,4,0.466,0.4343333333333333,0.0,0.0,0.875,0.125,0.085,Premium High-Value,Premium Relationship Customer,Low Risk,Moderate Cross-Sell Opportunity,Priority 3
C000347,P006,Mutual Fund Plan,Investment,Wealth,0.1,10000,3,True,False,176141,426293,6790.68,70,5.3,0.622,4,0.466,0.4343333333333333,0.0,0.0,0.875,0.125,0.085,Premium High-Value,Premium Relationship Customer,Low Risk,Moderate Cross-Sell Opportunity,Priority 3
C000347,P007,Term Insurance,Insurance,Protection,0.0,500000,3,True,False,176141,426293,6790.68,70,5.3,0.622,4,0.466,0.4343333333333333,0.0,0.0,0.875,0.125,0.085,Premium High-Value,Premium Relationship Customer,Low Risk,Moderate Cross-Sell Opportunity,Priority 3
C000347,P008,Premium Banking,Banking,Premium,0.0,1000000,5,False,True,176141,426293,6790.68,70,5.3,0.622,4,0.466,0.4343333333333333,0.0,0.0,0.875,0.125,0.085,Premium High-Value,Premium Relationship Customer,Low Risk,Moderate Cross-Sell Opportunity,Priority 3
C000348,P003,Rewards Credit Card,Credit Card,Cards,0.28,30000,2,False,True,79338,139796,2210.27,42,9.1,0.738,2,0.499,0.4873333333333334,0.3333333333333333,0.0,0.651,0.349,0.001,Core Active,Core Relationship Customer,Moderate Risk,Moderate Cross-Sell Opportunity,Priority 3
C000348,P004,Personal Loan,Loan,Lending,0.115,75000,3,False,True,79338,139796,2210.27,42,9.1,0.738,2,0.499,0.4873333333333334,0.3333333333333333,0.0,0.651,0.349,0.001,Core Active,Core Relationship Customer,Moderate Risk,Moderate Cross-Sell Opportunity,Priority 3
C000348,P005,Home Loan,Loan,Lending,0.082,500000,4,False,True,79338,139796,2210.27,42,9.1,0.738,2,0.499,0.4873333333333334,0.3333333333333333,0.0,0.651,0.349,0.001,Core Active,Core Relationship Customer,Moderate Risk,Moderate Cross-Sell Opportunity,Priority 3
C000348,P006,Mutual Fund Plan,Investment,Wealth,0.1,10000,3,True,False,79338,139796,2210.27,42,9.1,0.738,2,0.499,0.4873333333333334,0.3333333333333333,0.0,0.651,0.349,0.001,Core Active,Core Relationship Customer,Moderate Risk,Moderate Cross-Sell Opportunity,Priority 3
C000348,P007,Term Insurance,Insurance,Protection,0.0,500000,3,False,True,79338,139796,2210.27,42,9.1,0.738,2,0.499,0.4873333333333334,0.3333333333333333,0.0,0.651,0.349,0.001,Core Active,Core Relationship Customer,Moderate Risk,Moderate Cross-Sell Opportunity,Priority 3
C000348,P008,Premium Banking,Banking,Premium,0.0,1000000,5,False,True,79338,139796,2210.27,42,9.1,0.738,2,0.499,0.4873333333333334,0.3333333333333333,0.0,0.651,0.349,0.001,Core Active,Core Relationship Customer,Moderate Risk,Moderate Cross-Sell Opportunity,Priority 3
C000349,P003,Rewards Credit Card,Credit Card,Cards,0.28,30000,2,True,False,72313,258560,2453.07,10,22.8,0.381,3,0.387,0.312,0.25,0.0,0.751,0.249,-0.178,Core Active,Core Relationship Customer,Critical Risk,Low Cross-Sell Opportunity,Priority 4
C000349,P004,Personal Loan,Loan,Lending,0.115,75000,3,False,True,72313,258560,2453.07,10,22.8,0.381,3,0.387,0.312,0.25,0.0,0.751,0.249,-0.178,Core Active,Core Relationship Customer,Critical Risk,Low Cross-Sell Opportunity,Priority 4
C000349,P005,Home Loan,Loan,Lending,0.082,500000,4,False,True,72313,258560,2453.07,10,22.8,0.381,3,0.387,0.312,0.25,0.0,0.751,0.249,-0.178,Core Active,Core Relationship Customer,Critical Risk,Low Cross-Sell Opportunity,Priority 4
C000349,P006,Mutual Fund Plan,Investment,Wealth,0.1,10000,3,True,False,72313,258560,2453.07,10,22.8,0.381,3,0.387,0.312,0.25,0.0,0.751,0.249,-0.178,Core Active,Core Relationship Customer,Critical Risk,Low Cross-Sell Opportunity,Priority 4
C000349,P007,Term Insurance,Insurance,Protection,0.0,500000,3,False,True,72313,258560,2453.07,10,22.8,0.381,3,0.387,0.312,0.25,0.0,0.751,0.249,-0.178,Core Active,Core Relationship Customer,Critical Risk,Low Cross-Sell Opportunity,Priority 4
C000349,P008,Premium Banking,Banking,Premium,0.0,1000000,5,False,True,72313,258560,2453.07,10,22.8,0.381,3,0.387,0.312,0.25,0.0,0.751,0.249,-0.178,Core Active,Core Relationship Customer,Critical Risk,Low Cross-Sell Opportunity,Priority 4
C000350,P003,Rewards Credit Card,Credit Card,Cards,0.28,30000,2,True,False,46770,59647,1228.6,24,4.8,0.572,1,0.398,0.3336,0.0,0.0,0.726,0.274,-0.05,Core Active,Core Relationship Customer,High Risk,Moderate Cross-Sell Opportunity,Priority 4
C000350,P004,Personal Loan,Loan,Lending,0.115,75000,3,False,True,46770,59647,1228.6,24,4.8,0.572,1,0.398,0.3336,0.0,0.0,0.726,0.274,-0.05,Core Active,Core Relationship Customer,High Risk,Moderate Cross-Sell Opportunity,Priority 4
C000350,P005,Home Loan,Loan,Lending,0.082,500000,4,False,True,46770,59647,1228.6,24,4.8,0.572,1,0.398,0.3336,0.0,0.0,0.726,0.274,-0.05,Core Active,Core Relationship Customer,High Risk,Moderate Cross-Sell Opportunity,Priority 4
C000350,P006,Mutual Fund Plan,Investment,Wealth,0.1,10000,3,False,True,46770,59647,1228.6,24,4.8,0.572,1,0.398,0.3336,0.0,0.0,0.726,0.274,-0.05,Core Active,Core Relationship Customer,High Risk,Moderate Cross-Sell Opportunity,Priority 4
C000350,P007,Term Insurance,Insurance,Protection,0.0,500000,3,False,True,46770,59647,1228.6,24,4.8,0.572,1,0.398,0.3336,0.0,0.0,0.726,0.274,-0.05,Core Active,Core Relationship Customer,High Risk,Moderate Cross-Sell Opportunity,Priority 4
C000350,P008,Premium Banking,Banking,Premium,0.0,1000000,5,False,True,46770,59647,1228.6,24,4.8,0.572,1,0.398,0.3336,0.0,0.0,0.726,0.274,-0.05,Core Active,Core Relationship Customer,High Risk,Moderate Cross-Sell Opportunity,Priority 4
C000351,P003,Rewards Credit Card,Credit Card,Cards,0.28,30000,2,False,True,121497,240301,3989.78,30,5.8,0.565,1,0.563,0.46275,0.5,0.5,0.57,0.43,0.218,Core Active,Core Relationship Customer,Moderate Risk,Moderate Cross-Sell Opportunity,Priority 3
C000351,P004,Personal Loan,Loan,Lending,0.115,75000,3,False,True,121497,240301,3989.78,30,5.8,0.565,1,0.563,0.46275,0.5,0.5,0.57,0.43,0.218,Core Active,Core Relationship Customer,Moderate Risk,Moderate Cross-Sell Opportunity,Priority 3
C000351,P005,Home Loan,Loan,Lending,0.082,500000,4,False,True,121497,240301,3989.78,30,5.8,0.565,1,0.563,0.46275,0.5,0.5,0.57,0.43,0.218,Core Active,Core Relationship Customer,Moderate Risk,Moderate Cross-Sell Opportunity,Priority 3
C000351,P006,Mutual Fund Plan,Investment,Wealth,0.1,10000,3,False,True,121497,240301,3989.78,30,5.8,0.565,1,0.563,0.46275,0.5,0.5,0.57,0.43,0.218,Core Active,Core Relationship Customer,Moderate Risk,Moderate Cross-Sell Opportunity,Priority 3
C000351,P007,Term Insurance,Insurance,Protection,0.0,500000,3,False,True,121497,240301,3989.78,30,5.8,0.565,1,0.563,0.46275,0.5,0.5,0.57,0.43,0.218,Core Active,Core Relationship Customer,Moderate Risk,Moderate Cross-Sell Opportunity,Priority 3
C000351,P008,Premium Banking,Banking,Premium,0.0,1000000,5,False,True,121497,240301,3989.78,30,5.8,0.565,1,0.563,0.46275,0.5,0.5,0.57,0.43,0.218,Core Active,Core Relationship Customer,Moderate Risk,Moderate Cross-Sell Opportunity,Priority 3
C000352,P003,Rewards Credit Card,Credit Card,Cards,0.28,30000,2,True,False,70127,334299,2108.43,28,4.5,0.491,4,0.435,0.3661999999999999,0.0,0.0,0.824,0.176,-0.071,Core Active,Core Relationship Customer,High Risk,Low Cross-Sell Opportunity,Priority 3
C000352,P004,Personal Loan,Loan,Lending,0.115,75000,3,True,False,70127,334299,2108.43,28,4.5,0.491,4,0.435,0.3661999999999999,0.0,0.0,0.824,0.176,-0.071,Core Active,Core Relationship Customer,High Risk,Low Cross-Sell Opportunity,Priority 3
C000352,P005,Home Loan,Loan,Lending,0.082,500000,4,False,True,70127,334299,2108.43,28,4.5,0.491,4,0.435,0.3661999999999999,0.0,0.0,0.824,0.176,-0.071,Core Active,Core Relationship Customer,High Risk,Low Cross-Sell Opportunity,Priority 3
C000352,P006,Mutual Fund Plan,Investment,Wealth,0.1,10000,3,False,True,70127,334299,2108.43,28,4.5,0.491,4,0.435,0.3661999999999999,0.0,0.0,0.824,0.176,-0.071,Core Active,Core Relationship Customer,High Risk,Low Cross-Sell Opportunity,Priority 3
C000352,P007,Term Insurance,Insurance,Protection,0.0,500000,3,False,True,70127,334299,2108.43,28,4.5,0.491,4,0.435,0.3661999999999999,0.0,0.0,0.824,0.176,-0.071,Core Active,Core Relationship Customer,High Risk,Low Cross-Sell Opportunity,Priority 3
C000352,P008,Premium Banking,Banking,Premium,0.0,1000000,5,False,True,70127,334299,2108.43,28,4.5,0.491,4,0.435,0.3661999999999999,0.0,0.0,0.824,0.176,-0.071,Core Active,Core Relationship Customer,High Risk,Low Cross-Sell Opportunity,Priority 3
C000353,P003,Rewards Credit Card,Credit Card,Cards,0.28,30000,2,True,False,268151,1684413,15198.27,61,17.1,0.769,3,0.75,0.608,0.6,0.3333333333333333,0.809,0.191,-0.104,Premium High-Value,Premium Digital Customer,Moderate Risk,Moderate Cross-Sell Opportunity,Priority 2
C000353,P004,Personal Loan,Loan,Lending,0.115,75000,3,True,False,268151,1684413,15198.27,61,17.1,0.769,3,0.75,0.608,0.6,0.3333333333333333,0.809,0.191,-0.104,Premium High-Value,Premium Digital Customer,Moderate Risk,Moderate Cross-Sell Opportunity,Priority 2
C000353,P005,Home Loan,Loan,Lending,0.082,500000,4,False,True,268151,1684413,15198.27,61,17.1,0.769,3,0.75,0.608,0.6,0.3333333333333333,0.809,0.191,-0.104,Premium High-Value,Premium Digital Customer,Moderate Risk,Moderate Cross-Sell Opportunity,Priority 2
C000353,P006,Mutual Fund Plan,Investment,Wealth,0.1,10000,3,False,True,268151,1684413,15198.27,61,17.1,0.769,3,0.75,0.608,0.6,0.3333333333333333,0.809,0.191,-0.104,Premium High-Value,Premium Digital Customer,Moderate Risk,Moderate Cross-Sell Opportunity,Priority 2
C000353,P007,Term Insurance,Insurance,Protection,0.0,500000,3,False,True,268151,1684413,15198.27,61,17.1,0.769,3,0.75,0.608,0.6,0.3333333333333333,0.809,0.191,-0.104,Premium High-Value,Premium Digital Customer,Moderate Risk,Moderate Cross-Sell Opportunity,Priority 2
C000353,P008,Premium Banking,Banking,Premium,0.0,1000000,5,False,True,268151,1684413,15198.27,61,17.1,0.769,3,0.75,0.608,0.6,0.3333333333333333,0.809,0.191,-0.104,Premium High-Value,Premium Digital Customer,Moderate Risk,Moderate Cross-Sell Opportunity,Priority 2
C000354,P003,Rewards Credit Card,Credit Card,Cards,0.28,30000,2,True,False,55333,97196,2477.03,15,61.5,0.0,2,0.329,0.2203333333333333,0.3333333333333333,0.0,0.444,0.556,-0.093,At Risk,At-Risk Engagement Customer,Critical Risk,Low Cross-Sell Opportunity,Priority 4
C000354,P004,Personal Loan,Loan,Lending,0.115,75000,3,False,True,55333,97196,2477.03,15,61.5,0.0,2,0.329,0.2203333333333333,0.3333333333333333,0.0,0.444,0.556,-0.093,At Risk,At-Risk Engagement Customer,Critical Risk,Low Cross-Sell Opportunity,Priority 4
C000354,P005,Home Loan,Loan,Lending,0.082,500000,4,False,True,55333,97196,2477.03,15,61.5,0.0,2,0.329,0.2203333333333333,0.3333333333333333,0.0,0.444,0.556,-0.093,At Risk,At-Risk Engagement Customer,Critical Risk,Low Cross-Sell Opportunity,Priority 4
C000354,P006,Mutual Fund Plan,Investment,Wealth,0.1,10000,3,False,True,55333,97196,2477.03,15,61.5,0.0,2,0.329,0.2203333333333333,0.3333333333333333,0.0,0.444,0.556,-0.093,At Risk,At-Risk Engagement Customer,Critical Risk,Low Cross-Sell Opportunity,Priority 4
C000354,P007,Term Insurance,Insurance,Protection,0.0,500000,3,False,True,55333,97196,2477.03,15,61.5,0.0,2,0.329,0.2203333333333333,0.3333333333333333,0.0,0.444,0.556,-0.093,At Risk,At-Risk Engagement Customer,Critical Risk,Low Cross-Sell Opportunity,Priority 4
C000354,P008,Premium Banking,Banking,Premium,0.0,1000000,5,False,True,55333,97196,2477.03,15,61.5,0.0,2,0.329,0.2203333333333333,0.3333333333333333,0.0,0.444,0.556,-0.093,At Risk,At-Risk Engagement Customer,Critical Risk,Low Cross-Sell Opportunity,Priority 4
C000355,P003,Rewards Credit Card,Credit Card,Cards,0.28,30000,2,True,False,75178,253921,3454.15,18,48.5,0.713,1,0.478,0.519,0.5,1.0,0.587,0.413,-0.319,At Risk,At-Risk Declining Customer,Critical Risk,Moderate Cross-Sell Opportunity,Priority 3
C000355,P004,Personal Loan,Loan,Lending,0.115,75000,3,False,True,75178,253921,3454.15,18,48.5,0.713,1,0.478,0.519,0.5,1.0,0.587,0.413,-0.319,At Risk,At-Risk Declining Customer,Critical Risk,Moderate Cross-Sell Opportunity,Priority 3
C000355,P005,Home Loan,Loan,Lending,0.082,500000,4,False,True,75178,253921,3454.15,18,48.5,0.713,1,0.478,0.519,0.5,1.0,0.587,0.413,-0.319,At Risk,At-Risk Declining Customer,Critical Risk,Moderate Cross-Sell Opportunity,Priority 3
C000355,P006,Mutual Fund Plan,Investment,Wealth,0.1,10000,3,False,True,75178,253921,3454.15,18,48.5,0.713,1,0.478,0.519,0.5,1.0,0.587,0.413,-0.319,At Risk,At-Risk Declining Customer,Critical Risk,Moderate Cross-Sell Opportunity,Priority 3
C000355,P007,Term Insurance,Insurance,Protection,0.0,500000,3,False,True,75178,253921,3454.15,18,48.5,0.713,1,0.478,0.519,0.5,1.0,0.587,0.413,-0.319,At Risk,At-Risk Declining Customer,Critical Risk,Moderate Cross-Sell Opportunity,Priority 3
C000355,P008,Premium Banking,Banking,Premium,0.0,1000000,5,False,True,75178,253921,3454.15,18,48.5,0.713,1,0.478,0.519,0.5,1.0,0.587,0.413,-0.319,At Risk,At-Risk Declining Customer,Critical Risk,Moderate Cross-Sell Opportunity,Priority 3
C000356,P003,Rewards Credit Card,Credit Card,Cards,0.28,30000,2,True,False,407820,2872893,19189.92,55,5.6,1.0,5,0.701,0.6858000000000001,0.6,0.6666666666666666,0.616,0.384,0.193,Premium High-Value,Premium Digital Customer,Low Risk,Moderate Cross-Sell Opportunity,Priority 2
C000356,P004,Personal Loan,Loan,Lending,0.115,75000,3,True,False,407820,2872893,19189.92,55,5.6,1.0,5,0.701,0.6858000000000001,0.6,0.6666666666666666,0.616,0.384,0.193,Premium High-Value,Premium Digital Customer,Low Risk,Moderate Cross-Sell Opportunity,Priority 2
C000356,P005,Home Loan,Loan,Lending,0.082,500000,4,False,True,407820,2872893,19189.92,55,5.6,1.0,5,0.701,0.6858000000000001,0.6,0.6666666666666666,0.616,0.384,0.193,Premium High-Value,Premium Digital Customer,Low Risk,Moderate Cross-Sell Opportunity,Priority 2
C000356,P006,Mutual Fund Plan,Investment,Wealth,0.1,10000,3,True,False,407820,2872893,19189.92,55,5.6,1.0,5,0.701,0.6858000000000001,0.6,0.6666666666666666,0.616,0.384,0.193,Premium High-Value,Premium Digital Customer,Low Risk,Moderate Cross-Sell Opportunity,Priority 2
C000356,P007,Term Insurance,Insurance,Protection,0.0,500000,3,False,True,407820,2872893,19189.92,55,5.6,1.0,5,0.701,0.6858000000000001,0.6,0.6666666666666666,0.616,0.384,0.193,Premium High-Value,Premium Digital Customer,Low Risk,Moderate Cross-Sell Opportunity,Priority 2
C000356,P008,Premium Banking,Banking,Premium,0.0,1000000,5,True,False,407820,2872893,19189.92,55,5.6,1.0,5,0.701,0.6858000000000001,0.6,0.6666666666666666,0.616,0.384,0.193,Premium High-Value,Premium Digital Customer,Low Risk,Moderate Cross-Sell Opportunity,Priority 2
C000357,P003,Rewards Credit Card,Credit Card,Cards,0.28,30000,2,True,False,97413,521192,6065.56,43,7.3,0.461,3,0.676,0.565,0.5,0.0,0.688,0.312,-0.038,Premium High-Value,Premium Relationship Customer,Moderate Risk,Moderate Cross-Sell Opportunity,Priority 3
C000357,P004,Personal Loan,Loan,Lending,0.115,75000,3,False,True,97413,521192,6065.56,43,7.3,0.461,3,0.676,0.565,0.5,0.0,0.688,0.312,-0.038,Premium High-Value,Premium Relationship Customer,Moderate Risk,Moderate Cross-Sell Opportunity,Priority 3
C000357,P005,Home Loan,Loan,Lending,0.082,500000,4,False,True,97413,521192,6065.56,43,7.3,0.461,3,0.676,0.565,0.5,0.0,0.688,0.312,-0.038,Premium High-Value,Premium Relationship Customer,Moderate Risk,Moderate Cross-Sell Opportunity,Priority 3
C000357,P006,Mutual Fund Plan,Investment,Wealth,0.1,10000,3,True,False,97413,521192,6065.56,43,7.3,0.461,3,0.676,0.565,0.5,0.0,0.688,0.312,-0.038,Premium High-Value,Premium Relationship Customer,Moderate Risk,Moderate Cross-Sell Opportunity,Priority 3
C000357,P007,Term Insurance,Insurance,Protection,0.0,500000,3,True,False,97413,521192,6065.56,43,7.3,0.461,3,0.676,0.565,0.5,0.0,0.688,0.312,-0.038,Premium High-Value,Premium Relationship Customer,Moderate Risk,Moderate Cross-Sell Opportunity,Priority 3
C000357,P008,Premium Banking,Banking,Premium,0.0,1000000,5,False,True,97413,521192,6065.56,43,7.3,0.461,3,0.676,0.565,0.5,0.0,0.688,0.312,-0.038,Premium High-Value,Premium Relationship Customer,Moderate Risk,Moderate Cross-Sell Opportunity,Priority 3
C000358,P003,Rewards Credit Card,Credit Card,Cards,0.28,30000,2,True,False,74743,867753,3113.38,22,38.0,0.715,1,0.524,0.398,0.0,0.0,0.658,0.342,-0.084,Core Active,Core Relationship Customer,Critical Risk,Moderate Cross-Sell Opportunity,Priority 3
C000358,P004,Personal Loan,Loan,Lending,0.115,75000,3,False,True,74743,867753,3113.38,22,38.0,0.715,1,0.524,0.398,0.0,0.0,0.658,0.342,-0.084,Core Active,Core Relationship Customer,Critical Risk,Moderate Cross-Sell Opportunity,Priority 3
C000358,P005,Home Loan,Loan,Lending,0.082,500000,4,False,True,74743,867753,3113.38,22,38.0,0.715,1,0.524,0.398,0.0,0.0,0.658,0.342,-0.084,Core Active,Core Relationship Customer,Critical Risk,Moderate Cross-Sell Opportunity,Priority 3
C000358,P006,Mutual Fund Plan,Investment,Wealth,0.1,10000,3,False,True,74743,867753,3113.38,22,38.0,0.715,1,0.524,0.398,0.0,0.0,0.658,0.342,-0.084,Core Active,Core Relationship Customer,Critical Risk,Moderate Cross-Sell Opportunity,Priority 3
C000358,P007,Term Insurance,Insurance,Protection,0.0,500000,3,False,True,74743,867753,3113.38,22,38.0,0.715,1,0.524,0.398,0.0,0.0,0.658,0.342,-0.084,Core Active,Core Relationship Customer,Critical Risk,Moderate Cross-Sell Opportunity,Priority 3
C000358,P008,Premium Banking,Banking,Premium,0.0,1000000,5,False,True,74743,867753,3113.38,22,38.0,0.715,1,0.524,0.398,0.0,0.0,0.658,0.342,-0.084,Core Active,Core Relationship Customer,Critical Risk,Moderate Cross-Sell Opportunity,Priority 3
C000359,P003,Rewards Credit Card,Credit Card,Cards,0.28,30000,2,True,False,50094,86614,2045.45,30,11.4,0.776,2,0.589,0.128,0.0,0.0,0.544,0.456,-0.139,Core Active,Core Digital Customer,High Risk,Moderate Cross-Sell Opportunity,Priority 4
C000359,P004,Personal Loan,Loan,Lending,0.115,75000,3,False,True,50094,86614,2045.45,30,11.4,0.776,2,0.589,0.128,0.0,0.0,0.544,0.456,-0.139,Core Active,Core Digital Customer,High Risk,Moderate Cross-Sell Opportunity,Priority 4
C000359,P005,Home Loan,Loan,Lending,0.082,500000,4,False,True,50094,86614,2045.45,30,11.4,0.776,2,0.589,0.128,0.0,0.0,0.544,0.456,-0.139,Core Active,Core Digital Customer,High Risk,Moderate Cross-Sell Opportunity,Priority 4
C000359,P006,Mutual Fund Plan,Investment,Wealth,0.1,10000,3,False,True,50094,86614,2045.45,30,11.4,0.776,2,0.589,0.128,0.0,0.0,0.544,0.456,-0.139,Core Active,Core Digital Customer,High Risk,Moderate Cross-Sell Opportunity,Priority 4
C000359,P007,Term Insurance,Insurance,Protection,0.0,500000,3,False,True,50094,86614,2045.45,30,11.4,0.776,2,0.589,0.128,0.0,0.0,0.544,0.456,-0.139,Core Active,Core Digital Customer,High Risk,Moderate Cross-Sell Opportunity,Priority 4
C000359,P008,Premium Banking,Banking,Premium,0.0,1000000,5,False,True,50094,86614,2045.45,30,11.4,0.776,2,0.589,0.128,0.0,0.0,0.544,0.456,-0.139,Core Active,Core Digital Customer,High Risk,Moderate Cross-Sell Opportunity,Priority 4
C000360,P003,Rewards Credit Card,Credit Card,Cards,0.28,30000,2,False,True,46807,333464,1410.49,36,6.2,0.839,1,0.574,0.4903333333333333,0.3333333333333333,0.0,0.595,0.405,-0.212,Core Active,Core Digital Customer,Moderate Risk,Moderate Cross-Sell Opportunity,Priority 3
C000360,P004,Personal Loan,Loan,Lending,0.115,75000,3,False,True,46807,333464,1410.49,36,6.2,0.839,1,0.574,0.4903333333333333,0.3333333333333333,0.0,0.595,0.405,-0.212,Core Active,Core Digital Customer,Moderate Risk,Moderate Cross-Sell Opportunity,Priority 3
C000360,P005,Home Loan,Loan,Lending,0.082,500000,4,False,True,46807,333464,1410.49,36,6.2,0.839,1,0.574,0.4903333333333333,0.3333333333333333,0.0,0.595,0.405,-0.212,Core Active,Core Digital Customer,Moderate Risk,Moderate Cross-Sell Opportunity,Priority 3
C000360,P006,Mutual Fund Plan,Investment,Wealth,0.1,10000,3,False,True,46807,333464,1410.49,36,6.2,0.839,1,0.574,0.4903333333333333,0.3333333333333333,0.0,0.595,0.405,-0.212,Core Active,Core Digital Customer,Moderate Risk,Moderate Cross-Sell Opportunity,Priority 3
C000360,P007,Term Insurance,Insurance,Protection,0.0,500000,3,False,True,46807,333464,1410.49,36,6.2,0.839,1,0.574,0.4903333333333333,0.3333333333333333,0.0,0.595,0.405,-0.212,Core Active,Core Digital Customer,Moderate Risk,Moderate Cross-Sell Opportunity,Priority 3
C000360,P008,Premium Banking,Banking,Premium,0.0,1000000,5,False,True,46807,333464,1410.49,36,6.2,0.839,1,0.574,0.4903333333333333,0.3333333333333333,0.0,0.595,0.405,-0.212,Core Active,Core Digital Customer,Moderate Risk,Moderate Cross-Sell Opportunity,Priority 3
C000361,P003,Rewards Credit Card,Credit Card,Cards,0.28,30000,2,False,True,46132,53923,1252.48,29,16.3,0.753,1,0.529,0.2942,0.0,0.0,0.563,0.437,-0.133,Core Active,Core Relationship Customer,High Risk,Moderate Cross-Sell Opportunity,Priority 4
C000361,P004,Personal Loan,Loan,Lending,0.115,75000,3,False,True,46132,53923,1252.48,29,16.3,0.753,1,0.529,0.2942,0.0,0.0,0.563,0.437,-0.133,Core Active,Core Relationship Customer,High Risk,Moderate Cross-Sell Opportunity,Priority 4
C000361,P005,Home Loan,Loan,Lending,0.082,500000,4,False,True,46132,53923,1252.48,29,16.3,0.753,1,0.529,0.2942,0.0,0.0,0.563,0.437,-0.133,Core Active,Core Relationship Customer,High Risk,Moderate Cross-Sell Opportunity,Priority 4
C000361,P006,Mutual Fund Plan,Investment,Wealth,0.1,10000,3,False,True,46132,53923,1252.48,29,16.3,0.753,1,0.529,0.2942,0.0,0.0,0.563,0.437,-0.133,Core Active,Core Relationship Customer,High Risk,Moderate Cross-Sell Opportunity,Priority 4
C000361,P007,Term Insurance,Insurance,Protection,0.0,500000,3,False,True,46132,53923,1252.48,29,16.3,0.753,1,0.529,0.2942,0.0,0.0,0.563,0.437,-0.133,Core Active,Core Relationship Customer,High Risk,Moderate Cross-Sell Opportunity,Priority 4
C000361,P008,Premium Banking,Banking,Premium,0.0,1000000,5,False,True,46132,53923,1252.48,29,16.3,0.753,1,0.529,0.2942,0.0,0.0,0.563,0.437,-0.133,Core Active,Core Relationship Customer,High Risk,Moderate Cross-Sell Opportunity,Priority 4
C000362,P003,Rewards Credit Card,Credit Card,Cards,0.28,30000,2,True,False,307191,1003277,14307.7,56,20.3,0.623,6,0.616,0.5606,0.4,0.5,0.78,0.22,0.007,Premium High-Value,Premium Relationship Customer,Moderate Risk,Moderate Cross-Sell Opportunity,Priority 2
C000362,P004,Personal Loan,Loan,Lending,0.115,75000,3,True,False,307191,1003277,14307.7,56,20.3,0.623,6,0.616,0.5606,0.4,0.5,0.78,0.22,0.007,Premium High-Value,Premium Relationship Customer,Moderate Risk,Moderate Cross-Sell Opportunity,Priority 2
C000362,P005,Home Loan,Loan,Lending,0.082,500000,4,True,False,307191,1003277,14307.7,56,20.3,0.623,6,0.616,0.5606,0.4,0.5,0.78,0.22,0.007,Premium High-Value,Premium Relationship Customer,Moderate Risk,Moderate Cross-Sell Opportunity,Priority 2
C000362,P006,Mutual Fund Plan,Investment,Wealth,0.1,10000,3,True,False,307191,1003277,14307.7,56,20.3,0.623,6,0.616,0.5606,0.4,0.5,0.78,0.22,0.007,Premium High-Value,Premium Relationship Customer,Moderate Risk,Moderate Cross-Sell Opportunity,Priority 2
C000362,P007,Term Insurance,Insurance,Protection,0.0,500000,3,False,True,307191,1003277,14307.7,56,20.3,0.623,6,0.616,0.5606,0.4,0.5,0.78,0.22,0.007,Premium High-Value,Premium Relationship Customer,Moderate Risk,Moderate Cross-Sell Opportunity,Priority 2
C000362,P008,Premium Banking,Banking,Premium,0.0,1000000,5,True,False,307191,1003277,14307.7,56,20.3,0.623,6,0.616,0.5606,0.4,0.5,0.78,0.22,0.007,Premium High-Value,Premium Relationship Customer,Moderate Risk,Moderate Cross-Sell Opportunity,Priority 2
C000363,P003,Rewards Credit Card,Credit Card,Cards,0.28,30000,2,False,True,71704,447652,3363.87,38,5.1,0.52,2,0.738,0.5316,0.4,0.5,0.833,0.167,0.191,Core Active,Core Relationship Customer,Low Risk,Moderate Cross-Sell Opportunity,Priority 3
C000363,P004,Personal Loan,Loan,Lending,0.115,75000,3,False,True,71704,447652,3363.87,38,5.1,0.52,2,0.738,0.5316,0.4,0.5,0.833,0.167,0.191,Core Active,Core Relationship Customer,Low Risk,Moderate Cross-Sell Opportunity,Priority 3
C000363,P005,Home Loan,Loan,Lending,0.082,500000,4,False,True,71704,447652,3363.87,38,5.1,0.52,2,0.738,0.5316,0.4,0.5,0.833,0.167,0.191,Core Active,Core Relationship Customer,Low Risk,Moderate Cross-Sell Opportunity,Priority 3
C000363,P006,Mutual Fund Plan,Investment,Wealth,0.1,10000,3,False,True,71704,447652,3363.87,38,5.1,0.52,2,0.738,0.5316,0.4,0.5,0.833,0.167,0.191,Core Active,Core Relationship Customer,Low Risk,Moderate Cross-Sell Opportunity,Priority 3
C000363,P007,Term Insurance,Insurance,Protection,0.0,500000,3,False,True,71704,447652,3363.87,38,5.1,0.52,2,0.738,0.5316,0.4,0.5,0.833,0.167,0.191,Core Active,Core Relationship Customer,Low Risk,Moderate Cross-Sell Opportunity,Priority 3
C000363,P008,Premium Banking,Banking,Premium,0.0,1000000,5,False,True,71704,447652,3363.87,38,5.1,0.52,2,0.738,0.5316,0.4,0.5,0.833,0.167,0.191,Core Active,Core Relationship Customer,Low Risk,Moderate Cross-Sell Opportunity,Priority 3
C000364,P003,Rewards Credit Card,Credit Card,Cards,0.28,30000,2,True,False,72302,409560,1109.68,43,25.5,0.505,1,0.519,0.2895,0.5,0.0,0.716,0.284,0.064,Core Active,Core Relationship Customer,Moderate Risk,Moderate Cross-Sell Opportunity,Priority 3
C000364,P004,Personal Loan,Loan,Lending,0.115,75000,3,False,True,72302,409560,1109.68,43,25.5,0.505,1,0.519,0.2895,0.5,0.0,0.716,0.284,0.064,Core Active,Core Relationship Customer,Moderate Risk,Moderate Cross-Sell Opportunity,Priority 3
C000364,P005,Home Loan,Loan,Lending,0.082,500000,4,False,True,72302,409560,1109.68,43,25.5,0.505,1,0.519,0.2895,0.5,0.0,0.716,0.284,0.064,Core Active,Core Relationship Customer,Moderate Risk,Moderate Cross-Sell Opportunity,Priority 3
C000364,P006,Mutual Fund Plan,Investment,Wealth,0.1,10000,3,False,True,72302,409560,1109.68,43,25.5,0.505,1,0.519,0.2895,0.5,0.0,0.716,0.284,0.064,Core Active,Core Relationship Customer,Moderate Risk,Moderate Cross-Sell Opportunity,Priority 3
C000364,P007,Term Insurance,Insurance,Protection,0.0,500000,3,False,True,72302,409560,1109.68,43,25.5,0.505,1,0.519,0.2895,0.5,0.0,0.716,0.284,0.064,Core Active,Core Relationship Customer,Moderate Risk,Moderate Cross-Sell Opportunity,Priority 3
C000364,P008,Premium Banking,Banking,Premium,0.0,1000000,5,False,True,72302,409560,1109.68,43,25.5,0.505,1,0.519,0.2895,0.5,0.0,0.716,0.284,0.064,Core Active,Core Relationship Customer,Moderate Risk,Moderate Cross-Sell Opportunity,Priority 3
C000365,P003,Rewards Credit Card,Credit Card,Cards,0.28,30000,2,False,True,62467,770011,1161.34,31,25.5,0.683,1,0.507,0.55475,0.25,0.0,0.482,0.518,-0.086,Core Active,Core Relationship Customer,Critical Risk,Moderate Cross-Sell Opportunity,Priority 3
C000365,P004,Personal Loan,Loan,Lending,0.115,75000,3,False,True,62467,770011,1161.34,31,25.5,0.683,1,0.507,0.55475,0.25,0.0,0.482,0.518,-0.086,Core Active,Core Relationship Customer,Critical Risk,Moderate Cross-Sell Opportunity,Priority 3
C000365,P005,Home Loan,Loan,Lending,0.082,500000,4,False,True,62467,770011,1161.34,31,25.5,0.683,1,0.507,0.55475,0.25,0.0,0.482,0.518,-0.086,Core Active,Core Relationship Customer,Critical Risk,Moderate Cross-Sell Opportunity,Priority 3
C000365,P006,Mutual Fund Plan,Investment,Wealth,0.1,10000,3,False,True,62467,770011,1161.34,31,25.5,0.683,1,0.507,0.55475,0.25,0.0,0.482,0.518,-0.086,Core Active,Core Relationship Customer,Critical Risk,Moderate Cross-Sell Opportunity,Priority 3
C000365,P007,Term Insurance,Insurance,Protection,0.0,500000,3,False,True,62467,770011,1161.34,31,25.5,0.683,1,0.507,0.55475,0.25,0.0,0.482,0.518,-0.086,Core Active,Core Relationship Customer,Critical Risk,Moderate Cross-Sell Opportunity,Priority 3
C000365,P008,Premium Banking,Banking,Premium,0.0,1000000,5,False,True,62467,770011,1161.34,31,25.5,0.683,1,0.507,0.55475,0.25,0.0,0.482,0.518,-0.086,Core Active,Core Relationship Customer,Critical Risk,Moderate Cross-Sell Opportunity,Priority 3
C000366,P003,Rewards Credit Card,Credit Card,Cards,0.28,30000,2,True,False,49229,161670,2849.4,43,16.2,0.508,6,0.609,0.465,0.3333333333333333,1.0,0.818,0.182,-0.003,Core Active,Core Relationship Customer,High Risk,Low Cross-Sell Opportunity,Priority 3
C000366,P004,Personal Loan,Loan,Lending,0.115,75000,3,True,False,49229,161670,2849.4,43,16.2,0.508,6,0.609,0.465,0.3333333333333333,1.0,0.818,0.182,-0.003,Core Active,Core Relationship Customer,High Risk,Low Cross-Sell Opportunity,Priority 3
C000366,P005,Home Loan,Loan,Lending,0.082,500000,4,False,True,49229,161670,2849.4,43,16.2,0.508,6,0.609,0.465,0.3333333333333333,1.0,0.818,0.182,-0.003,Core Active,Core Relationship Customer,High Risk,Low Cross-Sell Opportunity,Priority 3
C000366,P006,Mutual Fund Plan,Investment,Wealth,0.1,10000,3,True,False,49229,161670,2849.4,43,16.2,0.508,6,0.609,0.465,0.3333333333333333,1.0,0.818,0.182,-0.003,Core Active,Core Relationship Customer,High Risk,Low Cross-Sell Opportunity,Priority 3
C000366,P007,Term Insurance,Insurance,Protection,0.0,500000,3,True,False,49229,161670,2849.4,43,16.2,0.508,6,0.609,0.465,0.3333333333333333,1.0,0.818,0.182,-0.003,Core Active,Core Relationship Customer,High Risk,Low Cross-Sell Opportunity,Priority 3
C000366,P008,Premium Banking,Banking,Premium,0.0,1000000,5,False,True,49229,161670,2849.4,43,16.2,0.508,6,0.609,0.465,0.3333333333333333,1.0,0.818,0.182,-0.003,Core Active,Core Relationship Customer,High Risk,Low Cross-Sell Opportunity,Priority 3
C000367,P003,Rewards Credit Card,Credit Card,Cards,0.28,30000,2,False,True,62929,352114,1891.19,26,15.5,0.933,1,0.628,0.5018,0.4,0.0,0.801,0.199,0.159,Core Active,Core Digital Customer,Moderate Risk,Moderate Cross-Sell Opportunity,Priority 2
C000367,P004,Personal Loan,Loan,Lending,0.115,75000,3,False,True,62929,352114,1891.19,26,15.5,0.933,1,0.628,0.5018,0.4,0.0,0.801,0.199,0.159,Core Active,Core Digital Customer,Moderate Risk,Moderate Cross-Sell Opportunity,Priority 2
C000367,P005,Home Loan,Loan,Lending,0.082,500000,4,False,True,62929,352114,1891.19,26,15.5,0.933,1,0.628,0.5018,0.4,0.0,0.801,0.199,0.159,Core Active,Core Digital Customer,Moderate Risk,Moderate Cross-Sell Opportunity,Priority 2
C000367,P006,Mutual Fund Plan,Investment,Wealth,0.1,10000,3,False,True,62929,352114,1891.19,26,15.5,0.933,1,0.628,0.5018,0.4,0.0,0.801,0.199,0.159,Core Active,Core Digital Customer,Moderate Risk,Moderate Cross-Sell Opportunity,Priority 2
C000367,P007,Term Insurance,Insurance,Protection,0.0,500000,3,False,True,62929,352114,1891.19,26,15.5,0.933,1,0.628,0.5018,0.4,0.0,0.801,0.199,0.159,Core Active,Core Digital Customer,Moderate Risk,Moderate Cross-Sell Opportunity,Priority 2
C000367,P008,Premium Banking,Banking,Premium,0.0,1000000,5,False,True,62929,352114,1891.19,26,15.5,0.933,1,0.628,0.5018,0.4,0.0,0.801,0.199,0.159,Core Active,Core Digital Customer,Moderate Risk,Moderate Cross-Sell Opportunity,Priority 2
C000368,P003,Rewards Credit Card,Credit Card,Cards,0.28,30000,2,True,False,84681,236205,3654.73,43,1.3,0.585,2,0.622,0.381,0.5,0.0,0.745,0.255,-0.078,Core Active,Core Relationship Customer,Low Risk,Moderate Cross-Sell Opportunity,Priority 3
C000368,P004,Personal Loan,Loan,Lending,0.115,75000,3,False,True,84681,236205,3654.73,43,1.3,0.585,2,0.622,0.381,0.5,0.0,0.745,0.255,-0.078,Core Active,Core Relationship Customer,Low Risk,Moderate Cross-Sell Opportunity,Priority 3
C000368,P005,Home Loan,Loan,Lending,0.082,500000,4,False,True,84681,236205,3654.73,43,1.3,0.585,2,0.622,0.381,0.5,0.0,0.745,0.255,-0.078,Core Active,Core Relationship Customer,Low Risk,Moderate Cross-Sell Opportunity,Priority 3
C000368,P006,Mutual Fund Plan,Investment,Wealth,0.1,10000,3,False,True,84681,236205,3654.73,43,1.3,0.585,2,0.622,0.381,0.5,0.0,0.745,0.255,-0.078,Core Active,Core Relationship Customer,Low Risk,Moderate Cross-Sell Opportunity,Priority 3
C000368,P007,Term Insurance,Insurance,Protection,0.0,500000,3,False,True,84681,236205,3654.73,43,1.3,0.585,2,0.622,0.381,0.5,0.0,0.745,0.255,-0.078,Core Active,Core Relationship Customer,Low Risk,Moderate Cross-Sell Opportunity,Priority 3
C000368,P008,Premium Banking,Banking,Premium,0.0,1000000,5,False,True,84681,236205,3654.73,43,1.3,0.585,2,0.622,0.381,0.5,0.0,0.745,0.255,-0.078,Core Active,Core Relationship Customer,Low Risk,Moderate Cross-Sell Opportunity,Priority 3
C000369,P003,Rewards Credit Card,Credit Card,Cards,0.28,30000,2,False,True,57139,253782,2288.39,28,14.2,0.775,1,0.387,0.28875,0.25,0.0,0.592,0.408,-0.058,Core Active,Core Relationship Customer,Critical Risk,Moderate Cross-Sell Opportunity,Priority 3
C000369,P004,Personal Loan,Loan,Lending,0.115,75000,3,False,True,57139,253782,2288.39,28,14.2,0.775,1,0.387,0.28875,0.25,0.0,0.592,0.408,-0.058,Core Active,Core Relationship Customer,Critical Risk,Moderate Cross-Sell Opportunity,Priority 3
C000369,P005,Home Loan,Loan,Lending,0.082,500000,4,False,True,57139,253782,2288.39,28,14.2,0.775,1,0.387,0.28875,0.25,0.0,0.592,0.408,-0.058,Core Active,Core Relationship Customer,Critical Risk,Moderate Cross-Sell Opportunity,Priority 3
C000369,P006,Mutual Fund Plan,Investment,Wealth,0.1,10000,3,False,True,57139,253782,2288.39,28,14.2,0.775,1,0.387,0.28875,0.25,0.0,0.592,0.408,-0.058,Core Active,Core Relationship Customer,Critical Risk,Moderate Cross-Sell Opportunity,Priority 3
C000369,P007,Term Insurance,Insurance,Protection,0.0,500000,3,False,True,57139,253782,2288.39,28,14.2,0.775,1,0.387,0.28875,0.25,0.0,0.592,0.408,-0.058,Core Active,Core Relationship Customer,Critical Risk,Moderate Cross-Sell Opportunity,Priority 3
C000369,P008,Premium Banking,Banking,Premium,0.0,1000000,5,False,True,57139,253782,2288.39,28,14.2,0.775,1,0.387,0.28875,0.25,0.0,0.592,0.408,-0.058,Core Active,Core Relationship Customer,Critical Risk,Moderate Cross-Sell Opportunity,Priority 3
C000370,P003,Rewards Credit Card,Credit Card,Cards,0.28,30000,2,True,False,253454,2100543,15101.54,52,16.2,0.625,5,0.451,0.546,1.0,0.0,0.605,0.395,0.008,Premium High-Value,Premium Relationship Customer,Moderate Risk,Moderate Cross-Sell Opportunity,Priority 2
C000370,P004,Personal Loan,Loan,Lending,0.115,75000,3,True,False,253454,2100543,15101.54,52,16.2,0.625,5,0.451,0.546,1.0,0.0,0.605,0.395,0.008,Premium High-Value,Premium Relationship Customer,Moderate Risk,Moderate Cross-Sell Opportunity,Priority 2
C000370,P005,Home Loan,Loan,Lending,0.082,500000,4,True,False,253454,2100543,15101.54,52,16.2,0.625,5,0.451,0.546,1.0,0.0,0.605,0.395,0.008,Premium High-Value,Premium Relationship Customer,Moderate Risk,Moderate Cross-Sell Opportunity,Priority 2
C000370,P006,Mutual Fund Plan,Investment,Wealth,0.1,10000,3,False,True,253454,2100543,15101.54,52,16.2,0.625,5,0.451,0.546,1.0,0.0,0.605,0.395,0.008,Premium High-Value,Premium Relationship Customer,Moderate Risk,Moderate Cross-Sell Opportunity,Priority 2
C000370,P007,Term Insurance,Insurance,Protection,0.0,500000,3,False,True,253454,2100543,15101.54,52,16.2,0.625,5,0.451,0.546,1.0,0.0,0.605,0.395,0.008,Premium High-Value,Premium Relationship Customer,Moderate Risk,Moderate Cross-Sell Opportunity,Priority 2
C000370,P008,Premium Banking,Banking,Premium,0.0,1000000,5,False,True,253454,2100543,15101.54,52,16.2,0.625,5,0.451,0.546,1.0,0.0,0.605,0.395,0.008,Premium High-Value,Premium Relationship Customer,Moderate Risk,Moderate Cross-Sell Opportunity,Priority 2
C000371,P003,Rewards Credit Card,Credit Card,Cards,0.28,30000,2,True,False,169882,510580,7114.96,55,4.4,0.543,2,0.841,0.5724,0.2,0.0,0.818,0.182,0.11,Premium High-Value,Premium Cross-Sell Opportunity,Low Risk,High Cross-Sell Opportunity,Priority 2
C000371,P004,Personal Loan,Loan,Lending,0.115,75000,3,False,True,169882,510580,7114.96,55,4.4,0.543,2,0.841,0.5724,0.2,0.0,0.818,0.182,0.11,Premium High-Value,Premium Cross-Sell Opportunity,Low Risk,High Cross-Sell Opportunity,Priority 2
C000371,P005,Home Loan,Loan,Lending,0.082,500000,4,False,True,169882,510580,7114.96,55,4.4,0.543,2,0.841,0.5724,0.2,0.0,0.818,0.182,0.11,Premium High-Value,Premium Cross-Sell Opportunity,Low Risk,High Cross-Sell Opportunity,Priority 2
C000371,P006,Mutual Fund Plan,Investment,Wealth,0.1,10000,3,False,True,169882,510580,7114.96,55,4.4,0.543,2,0.841,0.5724,0.2,0.0,0.818,0.182,0.11,Premium High-Value,Premium Cross-Sell Opportunity,Low Risk,High Cross-Sell Opportunity,Priority 2
C000371,P007,Term Insurance,Insurance,Protection,0.0,500000,3,False,True,169882,510580,7114.96,55,4.4,0.543,2,0.841,0.5724,0.2,0.0,0.818,0.182,0.11,Premium High-Value,Premium Cross-Sell Opportunity,Low Risk,High Cross-Sell Opportunity,Priority 2
C000371,P008,Premium Banking,Banking,Premium,0.0,1000000,5,False,True,169882,510580,7114.96,55,4.4,0.543,2,0.841,0.5724,0.2,0.0,0.818,0.182,0.11,Premium High-Value,Premium Cross-Sell Opportunity,Low Risk,High Cross-Sell Opportunity,Priority 2
C000372,P003,Rewards Credit Card,Credit Card,Cards,0.28,30000,2,True,False,60015,355307,2764.87,22,122.2,0.401,2,0.438,0.5203333333333333,0.3333333333333333,0.0,0.792,0.208,-0.058,Dormant / Declining,Dormant Reactivation Target,Critical Risk,Low Cross-Sell Opportunity,Priority 3
C000372,P004,Personal Loan,Loan,Lending,0.115,75000,3,False,True,60015,355307,2764.87,22,122.2,0.401,2,0.438,0.5203333333333333,0.3333333333333333,0.0,0.792,0.208,-0.058,Dormant / Declining,Dormant Reactivation Target,Critical Risk,Low Cross-Sell Opportunity,Priority 3
C000372,P005,Home Loan,Loan,Lending,0.082,500000,4,False,True,60015,355307,2764.87,22,122.2,0.401,2,0.438,0.5203333333333333,0.3333333333333333,0.0,0.792,0.208,-0.058,Dormant / Declining,Dormant Reactivation Target,Critical Risk,Low Cross-Sell Opportunity,Priority 3
C000372,P006,Mutual Fund Plan,Investment,Wealth,0.1,10000,3,False,True,60015,355307,2764.87,22,122.2,0.401,2,0.438,0.5203333333333333,0.3333333333333333,0.0,0.792,0.208,-0.058,Dormant / Declining,Dormant Reactivation Target,Critical Risk,Low Cross-Sell Opportunity,Priority 3
C000372,P007,Term Insurance,Insurance,Protection,0.0,500000,3,False,True,60015,355307,2764.87,22,122.2,0.401,2,0.438,0.5203333333333333,0.3333333333333333,0.0,0.792,0.208,-0.058,Dormant / Declining,Dormant Reactivation Target,Critical Risk,Low Cross-Sell Opportunity,Priority 3
C000372,P008,Premium Banking,Banking,Premium,0.0,1000000,5,False,True,60015,355307,2764.87,22,122.2,0.401,2,0.438,0.5203333333333333,0.3333333333333333,0.0,0.792,0.208,-0.058,Dormant / Declining,Dormant Reactivation Target,Critical Risk,Low Cross-Sell Opportunity,Priority 3
C000373,P003,Rewards Credit Card,Credit Card,Cards,0.28,30000,2,True,False,83373,362239,3320.72,35,21.8,0.231,2,0.515,0.2784999999999999,0.0,0.0,0.644,0.356,0.333,Core Active,Core Relationship Customer,High Risk,Moderate Cross-Sell Opportunity,Priority 3
C000373,P004,Personal Loan,Loan,Lending,0.115,75000,3,False,True,83373,362239,3320.72,35,21.8,0.231,2,0.515,0.2784999999999999,0.0,0.0,0.644,0.356,0.333,Core Active,Core Relationship Customer,High Risk,Moderate Cross-Sell Opportunity,Priority 3
C000373,P005,Home Loan,Loan,Lending,0.082,500000,4,False,True,83373,362239,3320.72,35,21.8,0.231,2,0.515,0.2784999999999999,0.0,0.0,0.644,0.356,0.333,Core Active,Core Relationship Customer,High Risk,Moderate Cross-Sell Opportunity,Priority 3
C000373,P006,Mutual Fund Plan,Investment,Wealth,0.1,10000,3,False,True,83373,362239,3320.72,35,21.8,0.231,2,0.515,0.2784999999999999,0.0,0.0,0.644,0.356,0.333,Core Active,Core Relationship Customer,High Risk,Moderate Cross-Sell Opportunity,Priority 3
C000373,P007,Term Insurance,Insurance,Protection,0.0,500000,3,False,True,83373,362239,3320.72,35,21.8,0.231,2,0.515,0.2784999999999999,0.0,0.0,0.644,0.356,0.333,Core Active,Core Relationship Customer,High Risk,Moderate Cross-Sell Opportunity,Priority 3
C000373,P008,Premium Banking,Banking,Premium,0.0,1000000,5,False,True,83373,362239,3320.72,35,21.8,0.231,2,0.515,0.2784999999999999,0.0,0.0,0.644,0.356,0.333,Core Active,Core Relationship Customer,High Risk,Moderate Cross-Sell Opportunity,Priority 3
C000374,P003,Rewards Credit Card,Credit Card,Cards,0.28,30000,2,True,False,197090,930363,8370.35,55,6.8,0.771,4,0.676,0.5766,0.0,0.0,0.743,0.257,0.07,Premium High-Value,Premium Digital Customer,Low Risk,Moderate Cross-Sell Opportunity,Priority 2
C000374,P004,Personal Loan,Loan,Lending,0.115,75000,3,True,False,197090,930363,8370.35,55,6.8,0.771,4,0.676,0.5766,0.0,0.0,0.743,0.257,0.07,Premium High-Value,Premium Digital Customer,Low Risk,Moderate Cross-Sell Opportunity,Priority 2
C000374,P005,Home Loan,Loan,Lending,0.082,500000,4,False,True,197090,930363,8370.35,55,6.8,0.771,4,0.676,0.5766,0.0,0.0,0.743,0.257,0.07,Premium High-Value,Premium Digital Customer,Low Risk,Moderate Cross-Sell Opportunity,Priority 2
C000374,P006,Mutual Fund Plan,Investment,Wealth,0.1,10000,3,True,False,197090,930363,8370.35,55,6.8,0.771,4,0.676,0.5766,0.0,0.0,0.743,0.257,0.07,Premium High-Value,Premium Digital Customer,Low Risk,Moderate Cross-Sell Opportunity,Priority 2
C000374,P007,Term Insurance,Insurance,Protection,0.0,500000,3,False,True,197090,930363,8370.35,55,6.8,0.771,4,0.676,0.5766,0.0,0.0,0.743,0.257,0.07,Premium High-Value,Premium Digital Customer,Low Risk,Moderate Cross-Sell Opportunity,Priority 2
C000374,P008,Premium Banking,Banking,Premium,0.0,1000000,5,False,True,197090,930363,8370.35,55,6.8,0.771,4,0.676,0.5766,0.0,0.0,0.743,0.257,0.07,Premium High-Value,Premium Digital Customer,Low Risk,Moderate Cross-Sell Opportunity,Priority 2
C000375,P003,Rewards Credit Card,Credit Card,Cards,0.28,30000,2,False,True,99366,673658,2634.77,60,1.7,0.629,1,0.501,0.4406666666666666,0.6666666666666666,0.0,0.689,0.311,-0.207,Core Active,Core Cross-Sell Opportunity,Low Risk,High Cross-Sell Opportunity,Priority 2
C000375,P004,Personal Loan,Loan,Lending,0.115,75000,3,False,True,99366,673658,2634.77,60,1.7,0.629,1,0.501,0.4406666666666666,0.6666666666666666,0.0,0.689,0.311,-0.207,Core Active,Core Cross-Sell Opportunity,Low Risk,High Cross-Sell Opportunity,Priority 2
C000375,P005,Home Loan,Loan,Lending,0.082,500000,4,False,True,99366,673658,2634.77,60,1.7,0.629,1,0.501,0.4406666666666666,0.6666666666666666,0.0,0.689,0.311,-0.207,Core Active,Core Cross-Sell Opportunity,Low Risk,High Cross-Sell Opportunity,Priority 2
C000375,P006,Mutual Fund Plan,Investment,Wealth,0.1,10000,3,False,True,99366,673658,2634.77,60,1.7,0.629,1,0.501,0.4406666666666666,0.6666666666666666,0.0,0.689,0.311,-0.207,Core Active,Core Cross-Sell Opportunity,Low Risk,High Cross-Sell Opportunity,Priority 2
C000375,P007,Term Insurance,Insurance,Protection,0.0,500000,3,False,True,99366,673658,2634.77,60,1.7,0.629,1,0.501,0.4406666666666666,0.6666666666666666,0.0,0.689,0.311,-0.207,Core Active,Core Cross-Sell Opportunity,Low Risk,High Cross-Sell Opportunity,Priority 2
C000375,P008,Premium Banking,Banking,Premium,0.0,1000000,5,False,True,99366,673658,2634.77,60,1.7,0.629,1,0.501,0.4406666666666666,0.6666666666666666,0.0,0.689,0.311,-0.207,Core Active,Core Cross-Sell Opportunity,Low Risk,High Cross-Sell Opportunity,Priority 2
C000376,P003,Rewards Credit Card,Credit Card,Cards,0.28,30000,2,False,True,39336,146319,1116.46,22,8.0,0.79,2,0.59,0.2826,0.2,0.0,0.917,0.083,-0.056,Core Active,Core Digital Customer,High Risk,Moderate Cross-Sell Opportunity,Priority 4
C000376,P004,Personal Loan,Loan,Lending,0.115,75000,3,False,True,39336,146319,1116.46,22,8.0,0.79,2,0.59,0.2826,0.2,0.0,0.917,0.083,-0.056,Core Active,Core Digital Customer,High Risk,Moderate Cross-Sell Opportunity,Priority 4
C000376,P005,Home Loan,Loan,Lending,0.082,500000,4,False,True,39336,146319,1116.46,22,8.0,0.79,2,0.59,0.2826,0.2,0.0,0.917,0.083,-0.056,Core Active,Core Digital Customer,High Risk,Moderate Cross-Sell Opportunity,Priority 4
C000376,P006,Mutual Fund Plan,Investment,Wealth,0.1,10000,3,False,True,39336,146319,1116.46,22,8.0,0.79,2,0.59,0.2826,0.2,0.0,0.917,0.083,-0.056,Core Active,Core Digital Customer,High Risk,Moderate Cross-Sell Opportunity,Priority 4
C000376,P007,Term Insurance,Insurance,Protection,0.0,500000,3,True,False,39336,146319,1116.46,22,8.0,0.79,2,0.59,0.2826,0.2,0.0,0.917,0.083,-0.056,Core Active,Core Digital Customer,High Risk,Moderate Cross-Sell Opportunity,Priority 4
C000376,P008,Premium Banking,Banking,Premium,0.0,1000000,5,False,True,39336,146319,1116.46,22,8.0,0.79,2,0.59,0.2826,0.2,0.0,0.917,0.083,-0.056,Core Active,Core Digital Customer,High Risk,Moderate Cross-Sell Opportunity,Priority 4
C000377,P003,Rewards Credit Card,Credit Card,Cards,0.28,30000,2,True,False,37823,123999,1275.96,33,7.6,0.806,2,0.692,0.5705,0.0,0.0,0.772,0.228,0.073,Core Active,Core Digital Customer,Moderate Risk,Moderate Cross-Sell Opportunity,Priority 3
C000377,P004,Personal Loan,Loan,Lending,0.115,75000,3,False,True,37823,123999,1275.96,33,7.6,0.806,2,0.692,0.5705,0.0,0.0,0.772,0.228,0.073,Core Active,Core Digital Customer,Moderate Risk,Moderate Cross-Sell Opportunity,Priority 3
C000377,P005,Home Loan,Loan,Lending,0.082,500000,4,False,True,37823,123999,1275.96,33,7.6,0.806,2,0.692,0.5705,0.0,0.0,0.772,0.228,0.073,Core Active,Core Digital Customer,Moderate Risk,Moderate Cross-Sell Opportunity,Priority 3
C000377,P006,Mutual Fund Plan,Investment,Wealth,0.1,10000,3,False,True,37823,123999,1275.96,33,7.6,0.806,2,0.692,0.5705,0.0,0.0,0.772,0.228,0.073,Core Active,Core Digital Customer,Moderate Risk,Moderate Cross-Sell Opportunity,Priority 3
C000377,P007,Term Insurance,Insurance,Protection,0.0,500000,3,False,True,37823,123999,1275.96,33,7.6,0.806,2,0.692,0.5705,0.0,0.0,0.772,0.228,0.073,Core Active,Core Digital Customer,Moderate Risk,Moderate Cross-Sell Opportunity,Priority 3
C000377,P008,Premium Banking,Banking,Premium,0.0,1000000,5,False,True,37823,123999,1275.96,33,7.6,0.806,2,0.692,0.5705,0.0,0.0,0.772,0.228,0.073,Core Active,Core Digital Customer,Moderate Risk,Moderate Cross-Sell Opportunity,Priority 3
C000378,P003,Rewards Credit Card,Credit Card,Cards,0.28,30000,2,False,True,54109,97385,1141.83,21,3.3,0.459,1,0.596,0.3944,0.0,0.0,0.908,0.092,-0.063,Core Active,Core Relationship Customer,Moderate Risk,Moderate Cross-Sell Opportunity,Priority 4
C000378,P004,Personal Loan,Loan,Lending,0.115,75000,3,False,True,54109,97385,1141.83,21,3.3,0.459,1,0.596,0.3944,0.0,0.0,0.908,0.092,-0.063,Core Active,Core Relationship Customer,Moderate Risk,Moderate Cross-Sell Opportunity,Priority 4
C000378,P005,Home Loan,Loan,Lending,0.082,500000,4,False,True,54109,97385,1141.83,21,3.3,0.459,1,0.596,0.3944,0.0,0.0,0.908,0.092,-0.063,Core Active,Core Relationship Customer,Moderate Risk,Moderate Cross-Sell Opportunity,Priority 4
C000378,P006,Mutual Fund Plan,Investment,Wealth,0.1,10000,3,False,True,54109,97385,1141.83,21,3.3,0.459,1,0.596,0.3944,0.0,0.0,0.908,0.092,-0.063,Core Active,Core Relationship Customer,Moderate Risk,Moderate Cross-Sell Opportunity,Priority 4
C000378,P007,Term Insurance,Insurance,Protection,0.0,500000,3,False,True,54109,97385,1141.83,21,3.3,0.459,1,0.596,0.3944,0.0,0.0,0.908,0.092,-0.063,Core Active,Core Relationship Customer,Moderate Risk,Moderate Cross-Sell Opportunity,Priority 4
C000378,P008,Premium Banking,Banking,Premium,0.0,1000000,5,False,True,54109,97385,1141.83,21,3.3,0.459,1,0.596,0.3944,0.0,0.0,0.908,0.092,-0.063,Core Active,Core Relationship Customer,Moderate Risk,Moderate Cross-Sell Opportunity,Priority 4
C000379,P003,Rewards Credit Card,Credit Card,Cards,0.28,30000,2,True,False,82790,228504,3367.39,26,6.0,0.607,4,0.449,0.4954999999999999,0.0,0.0,0.635,0.365,-0.106,Core Active,Core Relationship Customer,High Risk,Low Cross-Sell Opportunity,Priority 3
C000379,P004,Personal Loan,Loan,Lending,0.115,75000,3,True,False,82790,228504,3367.39,26,6.0,0.607,4,0.449,0.4954999999999999,0.0,0.0,0.635,0.365,-0.106,Core Active,Core Relationship Customer,High Risk,Low Cross-Sell Opportunity,Priority 3
C000379,P005,Home Loan,Loan,Lending,0.082,500000,4,False,True,82790,228504,3367.39,26,6.0,0.607,4,0.449,0.4954999999999999,0.0,0.0,0.635,0.365,-0.106,Core Active,Core Relationship Customer,High Risk,Low Cross-Sell Opportunity,Priority 3
C000379,P006,Mutual Fund Plan,Investment,Wealth,0.1,10000,3,False,True,82790,228504,3367.39,26,6.0,0.607,4,0.449,0.4954999999999999,0.0,0.0,0.635,0.365,-0.106,Core Active,Core Relationship Customer,High Risk,Low Cross-Sell Opportunity,Priority 3
C000379,P007,Term Insurance,Insurance,Protection,0.0,500000,3,False,True,82790,228504,3367.39,26,6.0,0.607,4,0.449,0.4954999999999999,0.0,0.0,0.635,0.365,-0.106,Core Active,Core Relationship Customer,High Risk,Low Cross-Sell Opportunity,Priority 3
C000379,P008,Premium Banking,Banking,Premium,0.0,1000000,5,True,False,82790,228504,3367.39,26,6.0,0.607,4,0.449,0.4954999999999999,0.0,0.0,0.635,0.365,-0.106,Core Active,Core Relationship Customer,High Risk,Low Cross-Sell Opportunity,Priority 3
C000380,P003,Rewards Credit Card,Credit Card,Cards,0.28,30000,2,True,False,73404,82127,2539.53,41,6.6,0.573,3,0.419,0.449,0.3333333333333333,0.0,0.737,0.263,0.069,Core Active,Core Relationship Customer,Moderate Risk,Low Cross-Sell Opportunity,Priority 3
C000380,P004,Personal Loan,Loan,Lending,0.115,75000,3,False,True,73404,82127,2539.53,41,6.6,0.573,3,0.419,0.449,0.3333333333333333,0.0,0.737,0.263,0.069,Core Active,Core Relationship Customer,Moderate Risk,Low Cross-Sell Opportunity,Priority 3
C000380,P005,Home Loan,Loan,Lending,0.082,500000,4,False,True,73404,82127,2539.53,41,6.6,0.573,3,0.419,0.449,0.3333333333333333,0.0,0.737,0.263,0.069,Core Active,Core Relationship Customer,Moderate Risk,Low Cross-Sell Opportunity,Priority 3
C000380,P006,Mutual Fund Plan,Investment,Wealth,0.1,10000,3,False,True,73404,82127,2539.53,41,6.6,0.573,3,0.419,0.449,0.3333333333333333,0.0,0.737,0.263,0.069,Core Active,Core Relationship Customer,Moderate Risk,Low Cross-Sell Opportunity,Priority 3
C000380,P007,Term Insurance,Insurance,Protection,0.0,500000,3,False,True,73404,82127,2539.53,41,6.6,0.573,3,0.419,0.449,0.3333333333333333,0.0,0.737,0.263,0.069,Core Active,Core Relationship Customer,Moderate Risk,Low Cross-Sell Opportunity,Priority 3
C000380,P008,Premium Banking,Banking,Premium,0.0,1000000,5,False,True,73404,82127,2539.53,41,6.6,0.573,3,0.419,0.449,0.3333333333333333,0.0,0.737,0.263,0.069,Core Active,Core Relationship Customer,Moderate Risk,Low Cross-Sell Opportunity,Priority 3
C000381,P003,Rewards Credit Card,Credit Card,Cards,0.28,30000,2,True,False,216522,385158,12748.37,78,23.5,0.965,6,0.72,0.5099999999999999,0.3333333333333333,0.0,0.94,0.06,0.006,Premium High-Value,Premium Digital Customer,Low Risk,Moderate Cross-Sell Opportunity,Priority 2
C000381,P004,Personal Loan,Loan,Lending,0.115,75000,3,True,False,216522,385158,12748.37,78,23.5,0.965,6,0.72,0.5099999999999999,0.3333333333333333,0.0,0.94,0.06,0.006,Premium High-Value,Premium Digital Customer,Low Risk,Moderate Cross-Sell Opportunity,Priority 2
C000381,P005,Home Loan,Loan,Lending,0.082,500000,4,False,True,216522,385158,12748.37,78,23.5,0.965,6,0.72,0.5099999999999999,0.3333333333333333,0.0,0.94,0.06,0.006,Premium High-Value,Premium Digital Customer,Low Risk,Moderate Cross-Sell Opportunity,Priority 2
C000381,P006,Mutual Fund Plan,Investment,Wealth,0.1,10000,3,True,False,216522,385158,12748.37,78,23.5,0.965,6,0.72,0.5099999999999999,0.3333333333333333,0.0,0.94,0.06,0.006,Premium High-Value,Premium Digital Customer,Low Risk,Moderate Cross-Sell Opportunity,Priority 2
C000381,P007,Term Insurance,Insurance,Protection,0.0,500000,3,False,True,216522,385158,12748.37,78,23.5,0.965,6,0.72,0.5099999999999999,0.3333333333333333,0.0,0.94,0.06,0.006,Premium High-Value,Premium Digital Customer,Low Risk,Moderate Cross-Sell Opportunity,Priority 2
C000381,P008,Premium Banking,Banking,Premium,0.0,1000000,5,True,False,216522,385158,12748.37,78,23.5,0.965,6,0.72,0.5099999999999999,0.3333333333333333,0.0,0.94,0.06,0.006,Premium High-Value,Premium Digital Customer,Low Risk,Moderate Cross-Sell Opportunity,Priority 2
C000382,P003,Rewards Credit Card,Credit Card,Cards,0.28,30000,2,True,False,68795,252112,2323.98,44,13.0,0.526,3,0.621,0.502,0.0,0.0,0.433,0.567,-0.087,Core Active,Core Relationship Customer,High Risk,Low Cross-Sell Opportunity,Priority 4
C000382,P004,Personal Loan,Loan,Lending,0.115,75000,3,False,True,68795,252112,2323.98,44,13.0,0.526,3,0.621,0.502,0.0,0.0,0.433,0.567,-0.087,Core Active,Core Relationship Customer,High Risk,Low Cross-Sell Opportunity,Priority 4
C000382,P005,Home Loan,Loan,Lending,0.082,500000,4,False,True,68795,252112,2323.98,44,13.0,0.526,3,0.621,0.502,0.0,0.0,0.433,0.567,-0.087,Core Active,Core Relationship Customer,High Risk,Low Cross-Sell Opportunity,Priority 4
C000382,P006,Mutual Fund Plan,Investment,Wealth,0.1,10000,3,False,True,68795,252112,2323.98,44,13.0,0.526,3,0.621,0.502,0.0,0.0,0.433,0.567,-0.087,Core Active,Core Relationship Customer,High Risk,Low Cross-Sell Opportunity,Priority 4
C000382,P007,Term Insurance,Insurance,Protection,0.0,500000,3,False,True,68795,252112,2323.98,44,13.0,0.526,3,0.621,0.502,0.0,0.0,0.433,0.567,-0.087,Core Active,Core Relationship Customer,High Risk,Low Cross-Sell Opportunity,Priority 4
C000382,P008,Premium Banking,Banking,Premium,0.0,1000000,5,False,True,68795,252112,2323.98,44,13.0,0.526,3,0.621,0.502,0.0,0.0,0.433,0.567,-0.087,Core Active,Core Relationship Customer,High Risk,Low Cross-Sell Opportunity,Priority 4
C000383,P003,Rewards Credit Card,Credit Card,Cards,0.28,30000,2,True,False,138803,677903,7121.63,54,10.1,0.99,4,0.59,0.65,1.0,0.3333333333333333,0.906,0.094,-0.073,Premium High-Value,Premium Digital Customer,Moderate Risk,Moderate Cross-Sell Opportunity,Priority 2
C000383,P004,Personal Loan,Loan,Lending,0.115,75000,3,True,False,138803,677903,7121.63,54,10.1,0.99,4,0.59,0.65,1.0,0.3333333333333333,0.906,0.094,-0.073,Premium High-Value,Premium Digital Customer,Moderate Risk,Moderate Cross-Sell Opportunity,Priority 2
C000383,P005,Home Loan,Loan,Lending,0.082,500000,4,False,True,138803,677903,7121.63,54,10.1,0.99,4,0.59,0.65,1.0,0.3333333333333333,0.906,0.094,-0.073,Premium High-Value,Premium Digital Customer,Moderate Risk,Moderate Cross-Sell Opportunity,Priority 2
C000383,P006,Mutual Fund Plan,Investment,Wealth,0.1,10000,3,True,False,138803,677903,7121.63,54,10.1,0.99,4,0.59,0.65,1.0,0.3333333333333333,0.906,0.094,-0.073,Premium High-Value,Premium Digital Customer,Moderate Risk,Moderate Cross-Sell Opportunity,Priority 2
C000383,P007,Term Insurance,Insurance,Protection,0.0,500000,3,False,True,138803,677903,7121.63,54,10.1,0.99,4,0.59,0.65,1.0,0.3333333333333333,0.906,0.094,-0.073,Premium High-Value,Premium Digital Customer,Moderate Risk,Moderate Cross-Sell Opportunity,Priority 2
C000383,P008,Premium Banking,Banking,Premium,0.0,1000000,5,False,True,138803,677903,7121.63,54,10.1,0.99,4,0.59,0.65,1.0,0.3333333333333333,0.906,0.094,-0.073,Premium High-Value,Premium Digital Customer,Moderate Risk,Moderate Cross-Sell Opportunity,Priority 2
C000384,P003,Rewards Credit Card,Credit Card,Cards,0.28,30000,2,False,True,68319,102070,1733.09,4,50.8,0.17,1,0.398,0.2808,0.2,0.0,0.582,0.418,-0.11,At Risk,At-Risk Declining Customer,Critical Risk,Low Cross-Sell Opportunity,Priority 4
C000384,P004,Personal Loan,Loan,Lending,0.115,75000,3,False,True,68319,102070,1733.09,4,50.8,0.17,1,0.398,0.2808,0.2,0.0,0.582,0.418,-0.11,At Risk,At-Risk Declining Customer,Critical Risk,Low Cross-Sell Opportunity,Priority 4
C000384,P005,Home Loan,Loan,Lending,0.082,500000,4,False,True,68319,102070,1733.09,4,50.8,0.17,1,0.398,0.2808,0.2,0.0,0.582,0.418,-0.11,At Risk,At-Risk Declining Customer,Critical Risk,Low Cross-Sell Opportunity,Priority 4
C000384,P006,Mutual Fund Plan,Investment,Wealth,0.1,10000,3,False,True,68319,102070,1733.09,4,50.8,0.17,1,0.398,0.2808,0.2,0.0,0.582,0.418,-0.11,At Risk,At-Risk Declining Customer,Critical Risk,Low Cross-Sell Opportunity,Priority 4
C000384,P007,Term Insurance,Insurance,Protection,0.0,500000,3,False,True,68319,102070,1733.09,4,50.8,0.17,1,0.398,0.2808,0.2,0.0,0.582,0.418,-0.11,At Risk,At-Risk Declining Customer,Critical Risk,Low Cross-Sell Opportunity,Priority 4
C000384,P008,Premium Banking,Banking,Premium,0.0,1000000,5,False,True,68319,102070,1733.09,4,50.8,0.17,1,0.398,0.2808,0.2,0.0,0.582,0.418,-0.11,At Risk,At-Risk Declining Customer,Critical Risk,Low Cross-Sell Opportunity,Priority 4
C000385,P003,Rewards Credit Card,Credit Card,Cards,0.28,30000,2,False,True,69239,83754,2561.13,31,2.5,0.846,2,0.574,0.387,0.4,0.5,0.932,0.068,0.041,Core Active,Core Digital Customer,Low Risk,Moderate Cross-Sell Opportunity,Priority 3
C000385,P004,Personal Loan,Loan,Lending,0.115,75000,3,True,False,69239,83754,2561.13,31,2.5,0.846,2,0.574,0.387,0.4,0.5,0.932,0.068,0.041,Core Active,Core Digital Customer,Low Risk,Moderate Cross-Sell Opportunity,Priority 3
C000385,P005,Home Loan,Loan,Lending,0.082,500000,4,False,True,69239,83754,2561.13,31,2.5,0.846,2,0.574,0.387,0.4,0.5,0.932,0.068,0.041,Core Active,Core Digital Customer,Low Risk,Moderate Cross-Sell Opportunity,Priority 3
C000385,P006,Mutual Fund Plan,Investment,Wealth,0.1,10000,3,False,True,69239,83754,2561.13,31,2.5,0.846,2,0.574,0.387,0.4,0.5,0.932,0.068,0.041,Core Active,Core Digital Customer,Low Risk,Moderate Cross-Sell Opportunity,Priority 3
C000385,P007,Term Insurance,Insurance,Protection,0.0,500000,3,False,True,69239,83754,2561.13,31,2.5,0.846,2,0.574,0.387,0.4,0.5,0.932,0.068,0.041,Core Active,Core Digital Customer,Low Risk,Moderate Cross-Sell Opportunity,Priority 3
C000385,P008,Premium Banking,Banking,Premium,0.0,1000000,5,False,True,69239,83754,2561.13,31,2.5,0.846,2,0.574,0.387,0.4,0.5,0.932,0.068,0.041,Core Active,Core Digital Customer,Low Risk,Moderate Cross-Sell Opportunity,Priority 3
C000386,P003,Rewards Credit Card,Credit Card,Cards,0.28,30000,2,True,False,150072,528363,6866.88,54,0.3,0.665,3,0.577,0.4704,0.4,0.5,0.767,0.233,0.078,Premium High-Value,Premium Relationship Customer,Low Risk,Moderate Cross-Sell Opportunity,Priority 2
C000386,P004,Personal Loan,Loan,Lending,0.115,75000,3,False,True,150072,528363,6866.88,54,0.3,0.665,3,0.577,0.4704,0.4,0.5,0.767,0.233,0.078,Premium High-Value,Premium Relationship Customer,Low Risk,Moderate Cross-Sell Opportunity,Priority 2
C000386,P005,Home Loan,Loan,Lending,0.082,500000,4,False,True,150072,528363,6866.88,54,0.3,0.665,3,0.577,0.4704,0.4,0.5,0.767,0.233,0.078,Premium High-Value,Premium Relationship Customer,Low Risk,Moderate Cross-Sell Opportunity,Priority 2
C000386,P006,Mutual Fund Plan,Investment,Wealth,0.1,10000,3,True,False,150072,528363,6866.88,54,0.3,0.665,3,0.577,0.4704,0.4,0.5,0.767,0.233,0.078,Premium High-Value,Premium Relationship Customer,Low Risk,Moderate Cross-Sell Opportunity,Priority 2
C000386,P007,Term Insurance,Insurance,Protection,0.0,500000,3,False,True,150072,528363,6866.88,54,0.3,0.665,3,0.577,0.4704,0.4,0.5,0.767,0.233,0.078,Premium High-Value,Premium Relationship Customer,Low Risk,Moderate Cross-Sell Opportunity,Priority 2
C000386,P008,Premium Banking,Banking,Premium,0.0,1000000,5,False,True,150072,528363,6866.88,54,0.3,0.665,3,0.577,0.4704,0.4,0.5,0.767,0.233,0.078,Premium High-Value,Premium Relationship Customer,Low Risk,Moderate Cross-Sell Opportunity,Priority 2
C000387,P003,Rewards Credit Card,Credit Card,Cards,0.28,30000,2,False,True,63531,444538,2030.88,17,23.2,0.194,1,0.419,0.34975,0.0,0.0,0.778,0.222,-0.105,Core Active,Core Relationship Customer,Critical Risk,Moderate Cross-Sell Opportunity,Priority 4
C000387,P004,Personal Loan,Loan,Lending,0.115,75000,3,False,True,63531,444538,2030.88,17,23.2,0.194,1,0.419,0.34975,0.0,0.0,0.778,0.222,-0.105,Core Active,Core Relationship Customer,Critical Risk,Moderate Cross-Sell Opportunity,Priority 4
C000387,P005,Home Loan,Loan,Lending,0.082,500000,4,False,True,63531,444538,2030.88,17,23.2,0.194,1,0.419,0.34975,0.0,0.0,0.778,0.222,-0.105,Core Active,Core Relationship Customer,Critical Risk,Moderate Cross-Sell Opportunity,Priority 4
C000387,P006,Mutual Fund Plan,Investment,Wealth,0.1,10000,3,False,True,63531,444538,2030.88,17,23.2,0.194,1,0.419,0.34975,0.0,0.0,0.778,0.222,-0.105,Core Active,Core Relationship Customer,Critical Risk,Moderate Cross-Sell Opportunity,Priority 4
C000387,P007,Term Insurance,Insurance,Protection,0.0,500000,3,False,True,63531,444538,2030.88,17,23.2,0.194,1,0.419,0.34975,0.0,0.0,0.778,0.222,-0.105,Core Active,Core Relationship Customer,Critical Risk,Moderate Cross-Sell Opportunity,Priority 4
C000387,P008,Premium Banking,Banking,Premium,0.0,1000000,5,False,True,63531,444538,2030.88,17,23.2,0.194,1,0.419,0.34975,0.0,0.0,0.778,0.222,-0.105,Core Active,Core Relationship Customer,Critical Risk,Moderate Cross-Sell Opportunity,Priority 4
C000388,P003,Rewards Credit Card,Credit Card,Cards,0.28,30000,2,True,False,132567,346023,5669.11,45,5.4,0.482,7,0.732,0.3986666666666666,0.3333333333333333,1.0,0.584,0.416,-0.322,Premium High-Value,Premium Relationship Customer,Moderate Risk,Moderate Cross-Sell Opportunity,Priority 2
C000388,P004,Personal Loan,Loan,Lending,0.115,75000,3,True,False,132567,346023,5669.11,45,5.4,0.482,7,0.732,0.3986666666666666,0.3333333333333333,1.0,0.584,0.416,-0.322,Premium High-Value,Premium Relationship Customer,Moderate Risk,Moderate Cross-Sell Opportunity,Priority 2
C000388,P005,Home Loan,Loan,Lending,0.082,500000,4,True,False,132567,346023,5669.11,45,5.4,0.482,7,0.732,0.3986666666666666,0.3333333333333333,1.0,0.584,0.416,-0.322,Premium High-Value,Premium Relationship Customer,Moderate Risk,Moderate Cross-Sell Opportunity,Priority 2
C000388,P006,Mutual Fund Plan,Investment,Wealth,0.1,10000,3,True,False,132567,346023,5669.11,45,5.4,0.482,7,0.732,0.3986666666666666,0.3333333333333333,1.0,0.584,0.416,-0.322,Premium High-Value,Premium Relationship Customer,Moderate Risk,Moderate Cross-Sell Opportunity,Priority 2
C000388,P007,Term Insurance,Insurance,Protection,0.0,500000,3,True,False,132567,346023,5669.11,45,5.4,0.482,7,0.732,0.3986666666666666,0.3333333333333333,1.0,0.584,0.416,-0.322,Premium High-Value,Premium Relationship Customer,Moderate Risk,Moderate Cross-Sell Opportunity,Priority 2
C000388,P008,Premium Banking,Banking,Premium,0.0,1000000,5,False,True,132567,346023,5669.11,45,5.4,0.482,7,0.732,0.3986666666666666,0.3333333333333333,1.0,0.584,0.416,-0.322,Premium High-Value,Premium Relationship Customer,Moderate Risk,Moderate Cross-Sell Opportunity,Priority 2
C000389,P003,Rewards Credit Card,Credit Card,Cards,0.28,30000,2,False,True,45917,229901,1000.0,5,41.9,0.626,1,0.188,0.44375,0.5,0.5,0.462,0.538,-0.086,At Risk,At-Risk Engagement Customer,Critical Risk,Low Cross-Sell Opportunity,Priority 3
C000389,P004,Personal Loan,Loan,Lending,0.115,75000,3,False,True,45917,229901,1000.0,5,41.9,0.626,1,0.188,0.44375,0.5,0.5,0.462,0.538,-0.086,At Risk,At-Risk Engagement Customer,Critical Risk,Low Cross-Sell Opportunity,Priority 3
C000389,P005,Home Loan,Loan,Lending,0.082,500000,4,False,True,45917,229901,1000.0,5,41.9,0.626,1,0.188,0.44375,0.5,0.5,0.462,0.538,-0.086,At Risk,At-Risk Engagement Customer,Critical Risk,Low Cross-Sell Opportunity,Priority 3
C000389,P006,Mutual Fund Plan,Investment,Wealth,0.1,10000,3,False,True,45917,229901,1000.0,5,41.9,0.626,1,0.188,0.44375,0.5,0.5,0.462,0.538,-0.086,At Risk,At-Risk Engagement Customer,Critical Risk,Low Cross-Sell Opportunity,Priority 3
C000389,P007,Term Insurance,Insurance,Protection,0.0,500000,3,False,True,45917,229901,1000.0,5,41.9,0.626,1,0.188,0.44375,0.5,0.5,0.462,0.538,-0.086,At Risk,At-Risk Engagement Customer,Critical Risk,Low Cross-Sell Opportunity,Priority 3
C000389,P008,Premium Banking,Banking,Premium,0.0,1000000,5,False,True,45917,229901,1000.0,5,41.9,0.626,1,0.188,0.44375,0.5,0.5,0.462,0.538,-0.086,At Risk,At-Risk Engagement Customer,Critical Risk,Low Cross-Sell Opportunity,Priority 3
C000390,P003,Rewards Credit Card,Credit Card,Cards,0.28,30000,2,True,False,107161,520319,3961.06,36,7.2,0.873,2,0.511,0.53975,0.5,1.0,0.808,0.192,-0.153,Premium High-Value,Premium Digital Customer,High Risk,Moderate Cross-Sell Opportunity,Priority 2
C000390,P004,Personal Loan,Loan,Lending,0.115,75000,3,False,True,107161,520319,3961.06,36,7.2,0.873,2,0.511,0.53975,0.5,1.0,0.808,0.192,-0.153,Premium High-Value,Premium Digital Customer,High Risk,Moderate Cross-Sell Opportunity,Priority 2
C000390,P005,Home Loan,Loan,Lending,0.082,500000,4,False,True,107161,520319,3961.06,36,7.2,0.873,2,0.511,0.53975,0.5,1.0,0.808,0.192,-0.153,Premium High-Value,Premium Digital Customer,High Risk,Moderate Cross-Sell Opportunity,Priority 2
C000390,P006,Mutual Fund Plan,Investment,Wealth,0.1,10000,3,False,True,107161,520319,3961.06,36,7.2,0.873,2,0.511,0.53975,0.5,1.0,0.808,0.192,-0.153,Premium High-Value,Premium Digital Customer,High Risk,Moderate Cross-Sell Opportunity,Priority 2
C000390,P007,Term Insurance,Insurance,Protection,0.0,500000,3,False,True,107161,520319,3961.06,36,7.2,0.873,2,0.511,0.53975,0.5,1.0,0.808,0.192,-0.153,Premium High-Value,Premium Digital Customer,High Risk,Moderate Cross-Sell Opportunity,Priority 2
C000390,P008,Premium Banking,Banking,Premium,0.0,1000000,5,False,True,107161,520319,3961.06,36,7.2,0.873,2,0.511,0.53975,0.5,1.0,0.808,0.192,-0.153,Premium High-Value,Premium Digital Customer,High Risk,Moderate Cross-Sell Opportunity,Priority 2
C000391,P003,Rewards Credit Card,Credit Card,Cards,0.28,30000,2,False,True,107845,261751,4998.84,54,5.5,0.72,2,0.396,0.489,0.5,1.0,0.911,0.089,0.101,Premium High-Value,Premium Relationship Customer,Low Risk,Moderate Cross-Sell Opportunity,Priority 2
C000391,P004,Personal Loan,Loan,Lending,0.115,75000,3,True,False,107845,261751,4998.84,54,5.5,0.72,2,0.396,0.489,0.5,1.0,0.911,0.089,0.101,Premium High-Value,Premium Relationship Customer,Low Risk,Moderate Cross-Sell Opportunity,Priority 2
C000391,P005,Home Loan,Loan,Lending,0.082,500000,4,False,True,107845,261751,4998.84,54,5.5,0.72,2,0.396,0.489,0.5,1.0,0.911,0.089,0.101,Premium High-Value,Premium Relationship Customer,Low Risk,Moderate Cross-Sell Opportunity,Priority 2
C000391,P006,Mutual Fund Plan,Investment,Wealth,0.1,10000,3,False,True,107845,261751,4998.84,54,5.5,0.72,2,0.396,0.489,0.5,1.0,0.911,0.089,0.101,Premium High-Value,Premium Relationship Customer,Low Risk,Moderate Cross-Sell Opportunity,Priority 2
C000391,P007,Term Insurance,Insurance,Protection,0.0,500000,3,False,True,107845,261751,4998.84,54,5.5,0.72,2,0.396,0.489,0.5,1.0,0.911,0.089,0.101,Premium High-Value,Premium Relationship Customer,Low Risk,Moderate Cross-Sell Opportunity,Priority 2
C000391,P008,Premium Banking,Banking,Premium,0.0,1000000,5,False,True,107845,261751,4998.84,54,5.5,0.72,2,0.396,0.489,0.5,1.0,0.911,0.089,0.101,Premium High-Value,Premium Relationship Customer,Low Risk,Moderate Cross-Sell Opportunity,Priority 2
C000392,P003,Rewards Credit Card,Credit Card,Cards,0.28,30000,2,False,True,73723,191839,2525.32,40,5.7,0.506,1,0.604,0.348,0.0,0.0,0.515,0.485,0.105,Core Active,Core Relationship Customer,Low Risk,Moderate Cross-Sell Opportunity,Priority 3
C000392,P004,Personal Loan,Loan,Lending,0.115,75000,3,False,True,73723,191839,2525.32,40,5.7,0.506,1,0.604,0.348,0.0,0.0,0.515,0.485,0.105,Core Active,Core Relationship Customer,Low Risk,Moderate Cross-Sell Opportunity,Priority 3
C000392,P005,Home Loan,Loan,Lending,0.082,500000,4,False,True,73723,191839,2525.32,40,5.7,0.506,1,0.604,0.348,0.0,0.0,0.515,0.485,0.105,Core Active,Core Relationship Customer,Low Risk,Moderate Cross-Sell Opportunity,Priority 3
C000392,P006,Mutual Fund Plan,Investment,Wealth,0.1,10000,3,False,True,73723,191839,2525.32,40,5.7,0.506,1,0.604,0.348,0.0,0.0,0.515,0.485,0.105,Core Active,Core Relationship Customer,Low Risk,Moderate Cross-Sell Opportunity,Priority 3
C000392,P007,Term Insurance,Insurance,Protection,0.0,500000,3,False,True,73723,191839,2525.32,40,5.7,0.506,1,0.604,0.348,0.0,0.0,0.515,0.485,0.105,Core Active,Core Relationship Customer,Low Risk,Moderate Cross-Sell Opportunity,Priority 3
C000392,P008,Premium Banking,Banking,Premium,0.0,1000000,5,False,True,73723,191839,2525.32,40,5.7,0.506,1,0.604,0.348,0.0,0.0,0.515,0.485,0.105,Core Active,Core Relationship Customer,Low Risk,Moderate Cross-Sell Opportunity,Priority 3
C000393,P003,Rewards Credit Card,Credit Card,Cards,0.28,30000,2,False,True,99539,952075,4966.58,54,12.9,0.902,2,0.642,0.74475,0.5,1.0,0.796,0.204,0.198,Premium High-Value,Premium Digital Customer,Low Risk,Moderate Cross-Sell Opportunity,Priority 2
C000393,P004,Personal Loan,Loan,Lending,0.115,75000,3,True,False,99539,952075,4966.58,54,12.9,0.902,2,0.642,0.74475,0.5,1.0,0.796,0.204,0.198,Premium High-Value,Premium Digital Customer,Low Risk,Moderate Cross-Sell Opportunity,Priority 2
C000393,P005,Home Loan,Loan,Lending,0.082,500000,4,False,True,99539,952075,4966.58,54,12.9,0.902,2,0.642,0.74475,0.5,1.0,0.796,0.204,0.198,Premium High-Value,Premium Digital Customer,Low Risk,Moderate Cross-Sell Opportunity,Priority 2
C000393,P006,Mutual Fund Plan,Investment,Wealth,0.1,10000,3,False,True,99539,952075,4966.58,54,12.9,0.902,2,0.642,0.74475,0.5,1.0,0.796,0.204,0.198,Premium High-Value,Premium Digital Customer,Low Risk,Moderate Cross-Sell Opportunity,Priority 2
C000393,P007,Term Insurance,Insurance,Protection,0.0,500000,3,False,True,99539,952075,4966.58,54,12.9,0.902,2,0.642,0.74475,0.5,1.0,0.796,0.204,0.198,Premium High-Value,Premium Digital Customer,Low Risk,Moderate Cross-Sell Opportunity,Priority 2
C000393,P008,Premium Banking,Banking,Premium,0.0,1000000,5,False,True,99539,952075,4966.58,54,12.9,0.902,2,0.642,0.74475,0.5,1.0,0.796,0.204,0.198,Premium High-Value,Premium Digital Customer,Low Risk,Moderate Cross-Sell Opportunity,Priority 2
C000394,P003,Rewards Credit Card,Credit Card,Cards,0.28,30000,2,True,False,130522,719623,6807.93,57,7.2,0.573,3,0.532,0.4996666666666667,0.0,0.0,0.676,0.324,-0.103,Premium High-Value,Premium Relationship Customer,Moderate Risk,Moderate Cross-Sell Opportunity,Priority 3
C000394,P004,Personal Loan,Loan,Lending,0.115,75000,3,False,True,130522,719623,6807.93,57,7.2,0.573,3,0.532,0.4996666666666667,0.0,0.0,0.676,0.324,-0.103,Premium High-Value,Premium Relationship Customer,Moderate Risk,Moderate Cross-Sell Opportunity,Priority 3
C000394,P005,Home Loan,Loan,Lending,0.082,500000,4,False,True,130522,719623,6807.93,57,7.2,0.573,3,0.532,0.4996666666666667,0.0,0.0,0.676,0.324,-0.103,Premium High-Value,Premium Relationship Customer,Moderate Risk,Moderate Cross-Sell Opportunity,Priority 3
C000394,P006,Mutual Fund Plan,Investment,Wealth,0.1,10000,3,False,True,130522,719623,6807.93,57,7.2,0.573,3,0.532,0.4996666666666667,0.0,0.0,0.676,0.324,-0.103,Premium High-Value,Premium Relationship Customer,Moderate Risk,Moderate Cross-Sell Opportunity,Priority 3
C000394,P007,Term Insurance,Insurance,Protection,0.0,500000,3,True,False,130522,719623,6807.93,57,7.2,0.573,3,0.532,0.4996666666666667,0.0,0.0,0.676,0.324,-0.103,Premium High-Value,Premium Relationship Customer,Moderate Risk,Moderate Cross-Sell Opportunity,Priority 3
C000394,P008,Premium Banking,Banking,Premium,0.0,1000000,5,False,True,130522,719623,6807.93,57,7.2,0.573,3,0.532,0.4996666666666667,0.0,0.0,0.676,0.324,-0.103,Premium High-Value,Premium Relationship Customer,Moderate Risk,Moderate Cross-Sell Opportunity,Priority 3
C000395,P003,Rewards Credit Card,Credit Card,Cards,0.28,30000,2,False,True,39083,350478,1389.35,39,5.8,0.815,2,0.677,0.3393333333333333,0.0,0.0,0.885,0.115,-0.024,Core Active,Core Digital Customer,Moderate Risk,Moderate Cross-Sell Opportunity,Priority 3
C000395,P004,Personal Loan,Loan,Lending,0.115,75000,3,True,False,39083,350478,1389.35,39,5.8,0.815,2,0.677,0.3393333333333333,0.0,0.0,0.885,0.115,-0.024,Core Active,Core Digital Customer,Moderate Risk,Moderate Cross-Sell Opportunity,Priority 3
C000395,P005,Home Loan,Loan,Lending,0.082,500000,4,False,True,39083,350478,1389.35,39,5.8,0.815,2,0.677,0.3393333333333333,0.0,0.0,0.885,0.115,-0.024,Core Active,Core Digital Customer,Moderate Risk,Moderate Cross-Sell Opportunity,Priority 3
C000395,P006,Mutual Fund Plan,Investment,Wealth,0.1,10000,3,False,True,39083,350478,1389.35,39,5.8,0.815,2,0.677,0.3393333333333333,0.0,0.0,0.885,0.115,-0.024,Core Active,Core Digital Customer,Moderate Risk,Moderate Cross-Sell Opportunity,Priority 3
C000395,P007,Term Insurance,Insurance,Protection,0.0,500000,3,False,True,39083,350478,1389.35,39,5.8,0.815,2,0.677,0.3393333333333333,0.0,0.0,0.885,0.115,-0.024,Core Active,Core Digital Customer,Moderate Risk,Moderate Cross-Sell Opportunity,Priority 3
C000395,P008,Premium Banking,Banking,Premium,0.0,1000000,5,False,True,39083,350478,1389.35,39,5.8,0.815,2,0.677,0.3393333333333333,0.0,0.0,0.885,0.115,-0.024,Core Active,Core Digital Customer,Moderate Risk,Moderate Cross-Sell Opportunity,Priority 3
C000396,P003,Rewards Credit Card,Credit Card,Cards,0.28,30000,2,True,False,74430,176988,2298.05,22,40.9,0.187,2,0.418,0.3378,0.0,0.0,0.625,0.375,-0.024,At Risk,At-Risk Engagement Customer,Critical Risk,Low Cross-Sell Opportunity,Priority 4
C000396,P004,Personal Loan,Loan,Lending,0.115,75000,3,True,False,74430,176988,2298.05,22,40.9,0.187,2,0.418,0.3378,0.0,0.0,0.625,0.375,-0.024,At Risk,At-Risk Engagement Customer,Critical Risk,Low Cross-Sell Opportunity,Priority 4
C000396,P005,Home Loan,Loan,Lending,0.082,500000,4,False,True,74430,176988,2298.05,22,40.9,0.187,2,0.418,0.3378,0.0,0.0,0.625,0.375,-0.024,At Risk,At-Risk Engagement Customer,Critical Risk,Low Cross-Sell Opportunity,Priority 4
C000396,P006,Mutual Fund Plan,Investment,Wealth,0.1,10000,3,False,True,74430,176988,2298.05,22,40.9,0.187,2,0.418,0.3378,0.0,0.0,0.625,0.375,-0.024,At Risk,At-Risk Engagement Customer,Critical Risk,Low Cross-Sell Opportunity,Priority 4
C000396,P007,Term Insurance,Insurance,Protection,0.0,500000,3,False,True,74430,176988,2298.05,22,40.9,0.187,2,0.418,0.3378,0.0,0.0,0.625,0.375,-0.024,At Risk,At-Risk Engagement Customer,Critical Risk,Low Cross-Sell Opportunity,Priority 4
C000396,P008,Premium Banking,Banking,Premium,0.0,1000000,5,False,True,74430,176988,2298.05,22,40.9,0.187,2,0.418,0.3378,0.0,0.0,0.625,0.375,-0.024,At Risk,At-Risk Engagement Customer,Critical Risk,Low Cross-Sell Opportunity,Priority 4
C000397,P003,Rewards Credit Card,Credit Card,Cards,0.28,30000,2,True,False,251929,2015877,11848.16,77,13.0,0.72,4,0.719,0.6085,0.0,0.0,0.608,0.392,-0.276,Premium High-Value,Premium Digital Customer,Moderate Risk,Moderate Cross-Sell Opportunity,Priority 3
C000397,P004,Personal Loan,Loan,Lending,0.115,75000,3,True,False,251929,2015877,11848.16,77,13.0,0.72,4,0.719,0.6085,0.0,0.0,0.608,0.392,-0.276,Premium High-Value,Premium Digital Customer,Moderate Risk,Moderate Cross-Sell Opportunity,Priority 3
C000397,P005,Home Loan,Loan,Lending,0.082,500000,4,False,True,251929,2015877,11848.16,77,13.0,0.72,4,0.719,0.6085,0.0,0.0,0.608,0.392,-0.276,Premium High-Value,Premium Digital Customer,Moderate Risk,Moderate Cross-Sell Opportunity,Priority 3
C000397,P006,Mutual Fund Plan,Investment,Wealth,0.1,10000,3,True,False,251929,2015877,11848.16,77,13.0,0.72,4,0.719,0.6085,0.0,0.0,0.608,0.392,-0.276,Premium High-Value,Premium Digital Customer,Moderate Risk,Moderate Cross-Sell Opportunity,Priority 3
C000397,P007,Term Insurance,Insurance,Protection,0.0,500000,3,False,True,251929,2015877,11848.16,77,13.0,0.72,4,0.719,0.6085,0.0,0.0,0.608,0.392,-0.276,Premium High-Value,Premium Digital Customer,Moderate Risk,Moderate Cross-Sell Opportunity,Priority 3
C000397,P008,Premium Banking,Banking,Premium,0.0,1000000,5,False,True,251929,2015877,11848.16,77,13.0,0.72,4,0.719,0.6085,0.0,0.0,0.608,0.392,-0.276,Premium High-Value,Premium Digital Customer,Moderate Risk,Moderate Cross-Sell Opportunity,Priority 3
C000398,P003,Rewards Credit Card,Credit Card,Cards,0.28,30000,2,True,False,86835,1181414,4926.92,39,16.4,0.583,2,0.453,0.5545,0.5,0.0,0.717,0.283,0.17,Premium High-Value,Premium Relationship Customer,High Risk,Moderate Cross-Sell Opportunity,Priority 3
C000398,P004,Personal Loan,Loan,Lending,0.115,75000,3,False,True,86835,1181414,4926.92,39,16.4,0.583,2,0.453,0.5545,0.5,0.0,0.717,0.283,0.17,Premium High-Value,Premium Relationship Customer,High Risk,Moderate Cross-Sell Opportunity,Priority 3
C000398,P005,Home Loan,Loan,Lending,0.082,500000,4,False,True,86835,1181414,4926.92,39,16.4,0.583,2,0.453,0.5545,0.5,0.0,0.717,0.283,0.17,Premium High-Value,Premium Relationship Customer,High Risk,Moderate Cross-Sell Opportunity,Priority 3
C000398,P006,Mutual Fund Plan,Investment,Wealth,0.1,10000,3,False,True,86835,1181414,4926.92,39,16.4,0.583,2,0.453,0.5545,0.5,0.0,0.717,0.283,0.17,Premium High-Value,Premium Relationship Customer,High Risk,Moderate Cross-Sell Opportunity,Priority 3
C000398,P007,Term Insurance,Insurance,Protection,0.0,500000,3,False,True,86835,1181414,4926.92,39,16.4,0.583,2,0.453,0.5545,0.5,0.0,0.717,0.283,0.17,Premium High-Value,Premium Relationship Customer,High Risk,Moderate Cross-Sell Opportunity,Priority 3
C000398,P008,Premium Banking,Banking,Premium,0.0,1000000,5,False,True,86835,1181414,4926.92,39,16.4,0.583,2,0.453,0.5545,0.5,0.0,0.717,0.283,0.17,Premium High-Value,Premium Relationship Customer,High Risk,Moderate Cross-Sell Opportunity,Priority 3
C000399,P003,Rewards Credit Card,Credit Card,Cards,0.28,30000,2,True,False,107062,329953,5882.21,38,0.9,0.758,3,0.53,0.4635,1.0,0.5,0.715,0.285,0.04,Premium High-Value,Premium Relationship Customer,Low Risk,Moderate Cross-Sell Opportunity,Priority 2
C000399,P004,Personal Loan,Loan,Lending,0.115,75000,3,False,True,107062,329953,5882.21,38,0.9,0.758,3,0.53,0.4635,1.0,0.5,0.715,0.285,0.04,Premium High-Value,Premium Relationship Customer,Low Risk,Moderate Cross-Sell Opportunity,Priority 2
C000399,P005,Home Loan,Loan,Lending,0.082,500000,4,False,True,107062,329953,5882.21,38,0.9,0.758,3,0.53,0.4635,1.0,0.5,0.715,0.285,0.04,Premium High-Value,Premium Relationship Customer,Low Risk,Moderate Cross-Sell Opportunity,Priority 2
C000399,P006,Mutual Fund Plan,Investment,Wealth,0.1,10000,3,False,True,107062,329953,5882.21,38,0.9,0.758,3,0.53,0.4635,1.0,0.5,0.715,0.285,0.04,Premium High-Value,Premium Relationship Customer,Low Risk,Moderate Cross-Sell Opportunity,Priority 2
C000399,P007,Term Insurance,Insurance,Protection,0.0,500000,3,True,False,107062,329953,5882.21,38,0.9,0.758,3,0.53,0.4635,1.0,0.5,0.715,0.285,0.04,Premium High-Value,Premium Relationship Customer,Low Risk,Moderate Cross-Sell Opportunity,Priority 2
C000399,P008,Premium Banking,Banking,Premium,0.0,1000000,5,False,True,107062,329953,5882.21,38,0.9,0.758,3,0.53,0.4635,1.0,0.5,0.715,0.285,0.04,Premium High-Value,Premium Relationship Customer,Low Risk,Moderate Cross-Sell Opportunity,Priority 2
C000400,P003,Rewards Credit Card,Credit Card,Cards,0.28,30000,2,False,True,207489,1546275,13416.93,59,13.7,0.834,3,0.595,0.6275,0.5,0.0,0.584,0.416,0.1,Premium High-Value,Premium Digital Customer,Moderate Risk,Moderate Cross-Sell Opportunity,Priority 2
C000400,P004,Personal Loan,Loan,Lending,0.115,75000,3,False,True,207489,1546275,13416.93,59,13.7,0.834,3,0.595,0.6275,0.5,0.0,0.584,0.416,0.1,Premium High-Value,Premium Digital Customer,Moderate Risk,Moderate Cross-Sell Opportunity,Priority 2
C000400,P005,Home Loan,Loan,Lending,0.082,500000,4,True,False,207489,1546275,13416.93,59,13.7,0.834,3,0.595,0.6275,0.5,0.0,0.584,0.416,0.1,Premium High-Value,Premium Digital Customer,Moderate Risk,Moderate Cross-Sell Opportunity,Priority 2
C000400,P006,Mutual Fund Plan,Investment,Wealth,0.1,10000,3,False,True,207489,1546275,13416.93,59,13.7,0.834,3,0.595,0.6275,0.5,0.0,0.584,0.416,0.1,Premium High-Value,Premium Digital Customer,Moderate Risk,Moderate Cross-Sell Opportunity,Priority 2
C000400,P007,Term Insurance,Insurance,Protection,0.0,500000,3,False,True,207489,1546275,13416.93,59,13.7,0.834,3,0.595,0.6275,0.5,0.0,0.584,0.416,0.1,Premium High-Value,Premium Digital Customer,Moderate Risk,Moderate Cross-Sell Opportunity,Priority 2
C000400,P008,Premium Banking,Banking,Premium,0.0,1000000,5,False,True,207489,1546275,13416.93,59,13.7,0.834,3,0.595,0.6275,0.5,0.0,0.584,0.416,0.1,Premium High-Value,Premium Digital Customer,Moderate Risk,Moderate Cross-Sell Opportunity,Priority 2
C000401,P003,Rewards Credit Card,Credit Card,Cards,0.28,30000,2,True,False,61951,159517,2335.36,47,16.5,0.658,1,0.422,0.4609999999999999,0.5,0.0,0.532,0.468,-0.084,Core Active,Core Relationship Customer,High Risk,Moderate Cross-Sell Opportunity,Priority 3
C000401,P004,Personal Loan,Loan,Lending,0.115,75000,3,False,True,61951,159517,2335.36,47,16.5,0.658,1,0.422,0.4609999999999999,0.5,0.0,0.532,0.468,-0.084,Core Active,Core Relationship Customer,High Risk,Moderate Cross-Sell Opportunity,Priority 3
C000401,P005,Home Loan,Loan,Lending,0.082,500000,4,False,True,61951,159517,2335.36,47,16.5,0.658,1,0.422,0.4609999999999999,0.5,0.0,0.532,0.468,-0.084,Core Active,Core Relationship Customer,High Risk,Moderate Cross-Sell Opportunity,Priority 3
C000401,P006,Mutual Fund Plan,Investment,Wealth,0.1,10000,3,False,True,61951,159517,2335.36,47,16.5,0.658,1,0.422,0.4609999999999999,0.5,0.0,0.532,0.468,-0.084,Core Active,Core Relationship Customer,High Risk,Moderate Cross-Sell Opportunity,Priority 3
C000401,P007,Term Insurance,Insurance,Protection,0.0,500000,3,False,True,61951,159517,2335.36,47,16.5,0.658,1,0.422,0.4609999999999999,0.5,0.0,0.532,0.468,-0.084,Core Active,Core Relationship Customer,High Risk,Moderate Cross-Sell Opportunity,Priority 3
C000401,P008,Premium Banking,Banking,Premium,0.0,1000000,5,False,True,61951,159517,2335.36,47,16.5,0.658,1,0.422,0.4609999999999999,0.5,0.0,0.532,0.468,-0.084,Core Active,Core Relationship Customer,High Risk,Moderate Cross-Sell Opportunity,Priority 3
C000402,P003,Rewards Credit Card,Credit Card,Cards,0.28,30000,2,False,True,43610,184924,2638.72,28,6.5,0.902,1,0.584,0.52825,0.5,0.5,0.784,0.216,0.179,Core Active,Core Digital Customer,Moderate Risk,Moderate Cross-Sell Opportunity,Priority 3
C000402,P004,Personal Loan,Loan,Lending,0.115,75000,3,False,True,43610,184924,2638.72,28,6.5,0.902,1,0.584,0.52825,0.5,0.5,0.784,0.216,0.179,Core Active,Core Digital Customer,Moderate Risk,Moderate Cross-Sell Opportunity,Priority 3
C000402,P005,Home Loan,Loan,Lending,0.082,500000,4,False,True,43610,184924,2638.72,28,6.5,0.902,1,0.584,0.52825,0.5,0.5,0.784,0.216,0.179,Core Active,Core Digital Customer,Moderate Risk,Moderate Cross-Sell Opportunity,Priority 3
C000402,P006,Mutual Fund Plan,Investment,Wealth,0.1,10000,3,False,True,43610,184924,2638.72,28,6.5,0.902,1,0.584,0.52825,0.5,0.5,0.784,0.216,0.179,Core Active,Core Digital Customer,Moderate Risk,Moderate Cross-Sell Opportunity,Priority 3
C000402,P007,Term Insurance,Insurance,Protection,0.0,500000,3,False,True,43610,184924,2638.72,28,6.5,0.902,1,0.584,0.52825,0.5,0.5,0.784,0.216,0.179,Core Active,Core Digital Customer,Moderate Risk,Moderate Cross-Sell Opportunity,Priority 3
C000402,P008,Premium Banking,Banking,Premium,0.0,1000000,5,False,True,43610,184924,2638.72,28,6.5,0.902,1,0.584,0.52825,0.5,0.5,0.784,0.216,0.179,Core Active,Core Digital Customer,Moderate Risk,Moderate Cross-Sell Opportunity,Priority 3
C000403,P003,Rewards Credit Card,Credit Card,Cards,0.28,30000,2,True,False,130523,295872,5309.42,44,0.7,0.502,4,0.551,0.3545,1.0,0.5,0.857,0.143,-0.034,Premium High-Value,Premium Relationship Customer,Low Risk,Moderate Cross-Sell Opportunity,Priority 3
C000403,P004,Personal Loan,Loan,Lending,0.115,75000,3,False,True,130523,295872,5309.42,44,0.7,0.502,4,0.551,0.3545,1.0,0.5,0.857,0.143,-0.034,Premium High-Value,Premium Relationship Customer,Low Risk,Moderate Cross-Sell Opportunity,Priority 3
C000403,P005,Home Loan,Loan,Lending,0.082,500000,4,True,False,130523,295872,5309.42,44,0.7,0.502,4,0.551,0.3545,1.0,0.5,0.857,0.143,-0.034,Premium High-Value,Premium Relationship Customer,Low Risk,Moderate Cross-Sell Opportunity,Priority 3
C000403,P006,Mutual Fund Plan,Investment,Wealth,0.1,10000,3,True,False,130523,295872,5309.42,44,0.7,0.502,4,0.551,0.3545,1.0,0.5,0.857,0.143,-0.034,Premium High-Value,Premium Relationship Customer,Low Risk,Moderate Cross-Sell Opportunity,Priority 3
C000403,P007,Term Insurance,Insurance,Protection,0.0,500000,3,False,True,130523,295872,5309.42,44,0.7,0.502,4,0.551,0.3545,1.0,0.5,0.857,0.143,-0.034,Premium High-Value,Premium Relationship Customer,Low Risk,Moderate Cross-Sell Opportunity,Priority 3
C000403,P008,Premium Banking,Banking,Premium,0.0,1000000,5,False,True,130523,295872,5309.42,44,0.7,0.502,4,0.551,0.3545,1.0,0.5,0.857,0.143,-0.034,Premium High-Value,Premium Relationship Customer,Low Risk,Moderate Cross-Sell Opportunity,Priority 3
C000404,P003,Rewards Credit Card,Credit Card,Cards,0.28,30000,2,False,True,86499,521089,3160.84,46,9.3,0.628,2,0.6,0.521,0.0,0.0,0.838,0.162,-0.045,Core Active,Core Relationship Customer,Moderate Risk,Moderate Cross-Sell Opportunity,Priority 3
C000404,P004,Personal Loan,Loan,Lending,0.115,75000,3,False,True,86499,521089,3160.84,46,9.3,0.628,2,0.6,0.521,0.0,0.0,0.838,0.162,-0.045,Core Active,Core Relationship Customer,Moderate Risk,Moderate Cross-Sell Opportunity,Priority 3
C000404,P005,Home Loan,Loan,Lending,0.082,500000,4,False,True,86499,521089,3160.84,46,9.3,0.628,2,0.6,0.521,0.0,0.0,0.838,0.162,-0.045,Core Active,Core Relationship Customer,Moderate Risk,Moderate Cross-Sell Opportunity,Priority 3
C000404,P006,Mutual Fund Plan,Investment,Wealth,0.1,10000,3,False,True,86499,521089,3160.84,46,9.3,0.628,2,0.6,0.521,0.0,0.0,0.838,0.162,-0.045,Core Active,Core Relationship Customer,Moderate Risk,Moderate Cross-Sell Opportunity,Priority 3
C000404,P007,Term Insurance,Insurance,Protection,0.0,500000,3,False,True,86499,521089,3160.84,46,9.3,0.628,2,0.6,0.521,0.0,0.0,0.838,0.162,-0.045,Core Active,Core Relationship Customer,Moderate Risk,Moderate Cross-Sell Opportunity,Priority 3
C000404,P008,Premium Banking,Banking,Premium,0.0,1000000,5,False,True,86499,521089,3160.84,46,9.3,0.628,2,0.6,0.521,0.0,0.0,0.838,0.162,-0.045,Core Active,Core Relationship Customer,Moderate Risk,Moderate Cross-Sell Opportunity,Priority 3
C000405,P003,Rewards Credit Card,Credit Card,Cards,0.28,30000,2,True,False,69597,597063,3499.96,45,6.0,0.536,4,0.595,0.372,0.4,0.5,0.725,0.275,0.303,Core Active,Core Relationship Customer,Low Risk,Moderate Cross-Sell Opportunity,Priority 3
C000405,P004,Personal Loan,Loan,Lending,0.115,75000,3,False,True,69597,597063,3499.96,45,6.0,0.536,4,0.595,0.372,0.4,0.5,0.725,0.275,0.303,Core Active,Core Relationship Customer,Low Risk,Moderate Cross-Sell Opportunity,Priority 3
C000405,P005,Home Loan,Loan,Lending,0.082,500000,4,True,False,69597,597063,3499.96,45,6.0,0.536,4,0.595,0.372,0.4,0.5,0.725,0.275,0.303,Core Active,Core Relationship Customer,Low Risk,Moderate Cross-Sell Opportunity,Priority 3
C000405,P006,Mutual Fund Plan,Investment,Wealth,0.1,10000,3,True,False,69597,597063,3499.96,45,6.0,0.536,4,0.595,0.372,0.4,0.5,0.725,0.275,0.303,Core Active,Core Relationship Customer,Low Risk,Moderate Cross-Sell Opportunity,Priority 3
C000405,P007,Term Insurance,Insurance,Protection,0.0,500000,3,False,True,69597,597063,3499.96,45,6.0,0.536,4,0.595,0.372,0.4,0.5,0.725,0.275,0.303,Core Active,Core Relationship Customer,Low Risk,Moderate Cross-Sell Opportunity,Priority 3
C000405,P008,Premium Banking,Banking,Premium,0.0,1000000,5,False,True,69597,597063,3499.96,45,6.0,0.536,4,0.595,0.372,0.4,0.5,0.725,0.275,0.303,Core Active,Core Relationship Customer,Low Risk,Moderate Cross-Sell Opportunity,Priority 3
C000406,P003,Rewards Credit Card,Credit Card,Cards,0.28,30000,2,True,False,31260,142481,1000.0,26,4.1,0.675,3,0.59,0.3825,0.5,1.0,0.764,0.236,-0.182,Core Active,Core Relationship Customer,Moderate Risk,Low Cross-Sell Opportunity,Priority 2
C000406,P004,Personal Loan,Loan,Lending,0.115,75000,3,False,True,31260,142481,1000.0,26,4.1,0.675,3,0.59,0.3825,0.5,1.0,0.764,0.236,-0.182,Core Active,Core Relationship Customer,Moderate Risk,Low Cross-Sell Opportunity,Priority 2
C000406,P005,Home Loan,Loan,Lending,0.082,500000,4,False,True,31260,142481,1000.0,26,4.1,0.675,3,0.59,0.3825,0.5,1.0,0.764,0.236,-0.182,Core Active,Core Relationship Customer,Moderate Risk,Low Cross-Sell Opportunity,Priority 2
C000406,P006,Mutual Fund Plan,Investment,Wealth,0.1,10000,3,False,True,31260,142481,1000.0,26,4.1,0.675,3,0.59,0.3825,0.5,1.0,0.764,0.236,-0.182,Core Active,Core Relationship Customer,Moderate Risk,Low Cross-Sell Opportunity,Priority 2
C000406,P007,Term Insurance,Insurance,Protection,0.0,500000,3,True,False,31260,142481,1000.0,26,4.1,0.675,3,0.59,0.3825,0.5,1.0,0.764,0.236,-0.182,Core Active,Core Relationship Customer,Moderate Risk,Low Cross-Sell Opportunity,Priority 2
C000406,P008,Premium Banking,Banking,Premium,0.0,1000000,5,False,True,31260,142481,1000.0,26,4.1,0.675,3,0.59,0.3825,0.5,1.0,0.764,0.236,-0.182,Core Active,Core Relationship Customer,Moderate Risk,Low Cross-Sell Opportunity,Priority 2
C000407,P003,Rewards Credit Card,Credit Card,Cards,0.28,30000,2,False,True,103676,373042,4988.7,36,19.5,0.684,1,0.512,0.48975,0.25,1.0,0.757,0.243,-0.001,Core Active,Core Relationship Customer,High Risk,Moderate Cross-Sell Opportunity,Priority 2
C000407,P004,Personal Loan,Loan,Lending,0.115,75000,3,False,True,103676,373042,4988.7,36,19.5,0.684,1,0.512,0.48975,0.25,1.0,0.757,0.243,-0.001,Core Active,Core Relationship Customer,High Risk,Moderate Cross-Sell Opportunity,Priority 2
C000407,P005,Home Loan,Loan,Lending,0.082,500000,4,False,True,103676,373042,4988.7,36,19.5,0.684,1,0.512,0.48975,0.25,1.0,0.757,0.243,-0.001,Core Active,Core Relationship Customer,High Risk,Moderate Cross-Sell Opportunity,Priority 2
C000407,P006,Mutual Fund Plan,Investment,Wealth,0.1,10000,3,False,True,103676,373042,4988.7,36,19.5,0.684,1,0.512,0.48975,0.25,1.0,0.757,0.243,-0.001,Core Active,Core Relationship Customer,High Risk,Moderate Cross-Sell Opportunity,Priority 2
C000407,P007,Term Insurance,Insurance,Protection,0.0,500000,3,False,True,103676,373042,4988.7,36,19.5,0.684,1,0.512,0.48975,0.25,1.0,0.757,0.243,-0.001,Core Active,Core Relationship Customer,High Risk,Moderate Cross-Sell Opportunity,Priority 2
C000407,P008,Premium Banking,Banking,Premium,0.0,1000000,5,False,True,103676,373042,4988.7,36,19.5,0.684,1,0.512,0.48975,0.25,1.0,0.757,0.243,-0.001,Core Active,Core Relationship Customer,High Risk,Moderate Cross-Sell Opportunity,Priority 2
C000408,P003,Rewards Credit Card,Credit Card,Cards,0.28,30000,2,True,False,93707,297660,2918.86,37,4.6,0.401,2,0.521,0.4314,0.0,0.0,0.841,0.159,0.092,Core Active,Core Relationship Customer,Low Risk,Moderate Cross-Sell Opportunity,Priority 3
C000408,P004,Personal Loan,Loan,Lending,0.115,75000,3,False,True,93707,297660,2918.86,37,4.6,0.401,2,0.521,0.4314,0.0,0.0,0.841,0.159,0.092,Core Active,Core Relationship Customer,Low Risk,Moderate Cross-Sell Opportunity,Priority 3
C000408,P005,Home Loan,Loan,Lending,0.082,500000,4,False,True,93707,297660,2918.86,37,4.6,0.401,2,0.521,0.4314,0.0,0.0,0.841,0.159,0.092,Core Active,Core Relationship Customer,Low Risk,Moderate Cross-Sell Opportunity,Priority 3
C000408,P006,Mutual Fund Plan,Investment,Wealth,0.1,10000,3,False,True,93707,297660,2918.86,37,4.6,0.401,2,0.521,0.4314,0.0,0.0,0.841,0.159,0.092,Core Active,Core Relationship Customer,Low Risk,Moderate Cross-Sell Opportunity,Priority 3
C000408,P007,Term Insurance,Insurance,Protection,0.0,500000,3,False,True,93707,297660,2918.86,37,4.6,0.401,2,0.521,0.4314,0.0,0.0,0.841,0.159,0.092,Core Active,Core Relationship Customer,Low Risk,Moderate Cross-Sell Opportunity,Priority 3
C000408,P008,Premium Banking,Banking,Premium,0.0,1000000,5,False,True,93707,297660,2918.86,37,4.6,0.401,2,0.521,0.4314,0.0,0.0,0.841,0.159,0.092,Core Active,Core Relationship Customer,Low Risk,Moderate Cross-Sell Opportunity,Priority 3
C000409,P003,Rewards Credit Card,Credit Card,Cards,0.28,30000,2,False,True,64168,435850,2219.63,37,9.0,0.736,2,0.528,0.499,0.0,0.0,0.75,0.25,-0.082,Core Active,Core Relationship Customer,High Risk,Moderate Cross-Sell Opportunity,Priority 3
C000409,P004,Personal Loan,Loan,Lending,0.115,75000,3,False,True,64168,435850,2219.63,37,9.0,0.736,2,0.528,0.499,0.0,0.0,0.75,0.25,-0.082,Core Active,Core Relationship Customer,High Risk,Moderate Cross-Sell Opportunity,Priority 3
C000409,P005,Home Loan,Loan,Lending,0.082,500000,4,False,True,64168,435850,2219.63,37,9.0,0.736,2,0.528,0.499,0.0,0.0,0.75,0.25,-0.082,Core Active,Core Relationship Customer,High Risk,Moderate Cross-Sell Opportunity,Priority 3
C000409,P006,Mutual Fund Plan,Investment,Wealth,0.1,10000,3,True,False,64168,435850,2219.63,37,9.0,0.736,2,0.528,0.499,0.0,0.0,0.75,0.25,-0.082,Core Active,Core Relationship Customer,High Risk,Moderate Cross-Sell Opportunity,Priority 3
C000409,P007,Term Insurance,Insurance,Protection,0.0,500000,3,False,True,64168,435850,2219.63,37,9.0,0.736,2,0.528,0.499,0.0,0.0,0.75,0.25,-0.082,Core Active,Core Relationship Customer,High Risk,Moderate Cross-Sell Opportunity,Priority 3
C000409,P008,Premium Banking,Banking,Premium,0.0,1000000,5,False,True,64168,435850,2219.63,37,9.0,0.736,2,0.528,0.499,0.0,0.0,0.75,0.25,-0.082,Core Active,Core Relationship Customer,High Risk,Moderate Cross-Sell Opportunity,Priority 3
C000410,P003,Rewards Credit Card,Credit Card,Cards,0.28,30000,2,True,False,81339,490329,2338.7,43,4.4,0.329,3,0.578,0.5136,0.4,0.0,0.688,0.312,0.216,Core Active,Core Relationship Customer,Low Risk,Moderate Cross-Sell Opportunity,Priority 3
C000410,P004,Personal Loan,Loan,Lending,0.115,75000,3,False,True,81339,490329,2338.7,43,4.4,0.329,3,0.578,0.5136,0.4,0.0,0.688,0.312,0.216,Core Active,Core Relationship Customer,Low Risk,Moderate Cross-Sell Opportunity,Priority 3
C000410,P005,Home Loan,Loan,Lending,0.082,500000,4,False,True,81339,490329,2338.7,43,4.4,0.329,3,0.578,0.5136,0.4,0.0,0.688,0.312,0.216,Core Active,Core Relationship Customer,Low Risk,Moderate Cross-Sell Opportunity,Priority 3
C000410,P006,Mutual Fund Plan,Investment,Wealth,0.1,10000,3,False,True,81339,490329,2338.7,43,4.4,0.329,3,0.578,0.5136,0.4,0.0,0.688,0.312,0.216,Core Active,Core Relationship Customer,Low Risk,Moderate Cross-Sell Opportunity,Priority 3
C000410,P007,Term Insurance,Insurance,Protection,0.0,500000,3,True,False,81339,490329,2338.7,43,4.4,0.329,3,0.578,0.5136,0.4,0.0,0.688,0.312,0.216,Core Active,Core Relationship Customer,Low Risk,Moderate Cross-Sell Opportunity,Priority 3
C000410,P008,Premium Banking,Banking,Premium,0.0,1000000,5,False,True,81339,490329,2338.7,43,4.4,0.329,3,0.578,0.5136,0.4,0.0,0.688,0.312,0.216,Core Active,Core Relationship Customer,Low Risk,Moderate Cross-Sell Opportunity,Priority 3
C000411,P003,Rewards Credit Card,Credit Card,Cards,0.28,30000,2,False,True,45612,405767,1000.0,6,180.0,0.154,1,0.278,0.3714,0.2,0.0,0.544,0.456,-0.067,Dormant / Declining,Dormant Reactivation Target,Critical Risk,Low Cross-Sell Opportunity,Priority 4
C000411,P004,Personal Loan,Loan,Lending,0.115,75000,3,False,True,45612,405767,1000.0,6,180.0,0.154,1,0.278,0.3714,0.2,0.0,0.544,0.456,-0.067,Dormant / Declining,Dormant Reactivation Target,Critical Risk,Low Cross-Sell Opportunity,Priority 4
C000411,P005,Home Loan,Loan,Lending,0.082,500000,4,False,True,45612,405767,1000.0,6,180.0,0.154,1,0.278,0.3714,0.2,0.0,0.544,0.456,-0.067,Dormant / Declining,Dormant Reactivation Target,Critical Risk,Low Cross-Sell Opportunity,Priority 4
C000411,P006,Mutual Fund Plan,Investment,Wealth,0.1,10000,3,False,True,45612,405767,1000.0,6,180.0,0.154,1,0.278,0.3714,0.2,0.0,0.544,0.456,-0.067,Dormant / Declining,Dormant Reactivation Target,Critical Risk,Low Cross-Sell Opportunity,Priority 4
C000411,P007,Term Insurance,Insurance,Protection,0.0,500000,3,False,True,45612,405767,1000.0,6,180.0,0.154,1,0.278,0.3714,0.2,0.0,0.544,0.456,-0.067,Dormant / Declining,Dormant Reactivation Target,Critical Risk,Low Cross-Sell Opportunity,Priority 4
C000411,P008,Premium Banking,Banking,Premium,0.0,1000000,5,False,True,45612,405767,1000.0,6,180.0,0.154,1,0.278,0.3714,0.2,0.0,0.544,0.456,-0.067,Dormant / Declining,Dormant Reactivation Target,Critical Risk,Low Cross-Sell Opportunity,Priority 4
C000412,P003,Rewards Credit Card,Credit Card,Cards,0.28,30000,2,True,False,93516,824157,2911.27,43,9.0,0.832,2,0.841,0.548,0.0,0.0,0.939,0.061,-0.192,Premium High-Value,Premium Digital Customer,Moderate Risk,Moderate Cross-Sell Opportunity,Priority 3
C000412,P004,Personal Loan,Loan,Lending,0.115,75000,3,False,True,93516,824157,2911.27,43,9.0,0.832,2,0.841,0.548,0.0,0.0,0.939,0.061,-0.192,Premium High-Value,Premium Digital Customer,Moderate Risk,Moderate Cross-Sell Opportunity,Priority 3
C000412,P005,Home Loan,Loan,Lending,0.082,500000,4,False,True,93516,824157,2911.27,43,9.0,0.832,2,0.841,0.548,0.0,0.0,0.939,0.061,-0.192,Premium High-Value,Premium Digital Customer,Moderate Risk,Moderate Cross-Sell Opportunity,Priority 3
C000412,P006,Mutual Fund Plan,Investment,Wealth,0.1,10000,3,False,True,93516,824157,2911.27,43,9.0,0.832,2,0.841,0.548,0.0,0.0,0.939,0.061,-0.192,Premium High-Value,Premium Digital Customer,Moderate Risk,Moderate Cross-Sell Opportunity,Priority 3
C000412,P007,Term Insurance,Insurance,Protection,0.0,500000,3,False,True,93516,824157,2911.27,43,9.0,0.832,2,0.841,0.548,0.0,0.0,0.939,0.061,-0.192,Premium High-Value,Premium Digital Customer,Moderate Risk,Moderate Cross-Sell Opportunity,Priority 3
C000412,P008,Premium Banking,Banking,Premium,0.0,1000000,5,False,True,93516,824157,2911.27,43,9.0,0.832,2,0.841,0.548,0.0,0.0,0.939,0.061,-0.192,Premium High-Value,Premium Digital Customer,Moderate Risk,Moderate Cross-Sell Opportunity,Priority 3
C000413,P003,Rewards Credit Card,Credit Card,Cards,0.28,30000,2,False,True,120881,1642671,5162.1,17,30.4,0.558,1,0.432,0.6085,0.0,0.0,0.858,0.142,0.006,Core Active,Core Relationship Customer,High Risk,Moderate Cross-Sell Opportunity,Priority 3
C000413,P004,Personal Loan,Loan,Lending,0.115,75000,3,False,True,120881,1642671,5162.1,17,30.4,0.558,1,0.432,0.6085,0.0,0.0,0.858,0.142,0.006,Core Active,Core Relationship Customer,High Risk,Moderate Cross-Sell Opportunity,Priority 3
C000413,P005,Home Loan,Loan,Lending,0.082,500000,4,False,True,120881,1642671,5162.1,17,30.4,0.558,1,0.432,0.6085,0.0,0.0,0.858,0.142,0.006,Core Active,Core Relationship Customer,High Risk,Moderate Cross-Sell Opportunity,Priority 3
C000413,P006,Mutual Fund Plan,Investment,Wealth,0.1,10000,3,False,True,120881,1642671,5162.1,17,30.4,0.558,1,0.432,0.6085,0.0,0.0,0.858,0.142,0.006,Core Active,Core Relationship Customer,High Risk,Moderate Cross-Sell Opportunity,Priority 3
C000413,P007,Term Insurance,Insurance,Protection,0.0,500000,3,False,True,120881,1642671,5162.1,17,30.4,0.558,1,0.432,0.6085,0.0,0.0,0.858,0.142,0.006,Core Active,Core Relationship Customer,High Risk,Moderate Cross-Sell Opportunity,Priority 3
C000413,P008,Premium Banking,Banking,Premium,0.0,1000000,5,False,True,120881,1642671,5162.1,17,30.4,0.558,1,0.432,0.6085,0.0,0.0,0.858,0.142,0.006,Core Active,Core Relationship Customer,High Risk,Moderate Cross-Sell Opportunity,Priority 3
C000414,P003,Rewards Credit Card,Credit Card,Cards,0.28,30000,2,True,False,163638,599065,10157.54,38,15.0,0.664,3,0.682,0.46875,1.0,0.5,0.844,0.156,0.225,Premium High-Value,Premium Relationship Customer,Moderate Risk,Moderate Cross-Sell Opportunity,Priority 2
C000414,P004,Personal Loan,Loan,Lending,0.115,75000,3,False,True,163638,599065,10157.54,38,15.0,0.664,3,0.682,0.46875,1.0,0.5,0.844,0.156,0.225,Premium High-Value,Premium Relationship Customer,Moderate Risk,Moderate Cross-Sell Opportunity,Priority 2
C000414,P005,Home Loan,Loan,Lending,0.082,500000,4,False,True,163638,599065,10157.54,38,15.0,0.664,3,0.682,0.46875,1.0,0.5,0.844,0.156,0.225,Premium High-Value,Premium Relationship Customer,Moderate Risk,Moderate Cross-Sell Opportunity,Priority 2
C000414,P006,Mutual Fund Plan,Investment,Wealth,0.1,10000,3,True,False,163638,599065,10157.54,38,15.0,0.664,3,0.682,0.46875,1.0,0.5,0.844,0.156,0.225,Premium High-Value,Premium Relationship Customer,Moderate Risk,Moderate Cross-Sell Opportunity,Priority 2
C000414,P007,Term Insurance,Insurance,Protection,0.0,500000,3,False,True,163638,599065,10157.54,38,15.0,0.664,3,0.682,0.46875,1.0,0.5,0.844,0.156,0.225,Premium High-Value,Premium Relationship Customer,Moderate Risk,Moderate Cross-Sell Opportunity,Priority 2
C000414,P008,Premium Banking,Banking,Premium,0.0,1000000,5,False,True,163638,599065,10157.54,38,15.0,0.664,3,0.682,0.46875,1.0,0.5,0.844,0.156,0.225,Premium High-Value,Premium Relationship Customer,Moderate Risk,Moderate Cross-Sell Opportunity,Priority 2
C000415,P003,Rewards Credit Card,Credit Card,Cards,0.28,30000,2,True,False,77491,1132152,2759.8,41,3.6,0.565,2,0.705,0.6712,0.4,0.5,0.756,0.244,-0.123,Premium High-Value,Premium Relationship Customer,Low Risk,Moderate Cross-Sell Opportunity,Priority 2
C000415,P004,Personal Loan,Loan,Lending,0.115,75000,3,False,True,77491,1132152,2759.8,41,3.6,0.565,2,0.705,0.6712,0.4,0.5,0.756,0.244,-0.123,Premium High-Value,Premium Relationship Customer,Low Risk,Moderate Cross-Sell Opportunity,Priority 2
C000415,P005,Home Loan,Loan,Lending,0.082,500000,4,False,True,77491,1132152,2759.8,41,3.6,0.565,2,0.705,0.6712,0.4,0.5,0.756,0.244,-0.123,Premium High-Value,Premium Relationship Customer,Low Risk,Moderate Cross-Sell Opportunity,Priority 2
C000415,P006,Mutual Fund Plan,Investment,Wealth,0.1,10000,3,False,True,77491,1132152,2759.8,41,3.6,0.565,2,0.705,0.6712,0.4,0.5,0.756,0.244,-0.123,Premium High-Value,Premium Relationship Customer,Low Risk,Moderate Cross-Sell Opportunity,Priority 2
C000415,P007,Term Insurance,Insurance,Protection,0.0,500000,3,False,True,77491,1132152,2759.8,41,3.6,0.565,2,0.705,0.6712,0.4,0.5,0.756,0.244,-0.123,Premium High-Value,Premium Relationship Customer,Low Risk,Moderate Cross-Sell Opportunity,Priority 2
C000415,P008,Premium Banking,Banking,Premium,0.0,1000000,5,False,True,77491,1132152,2759.8,41,3.6,0.565,2,0.705,0.6712,0.4,0.5,0.756,0.244,-0.123,Premium High-Value,Premium Relationship Customer,Low Risk,Moderate Cross-Sell Opportunity,Priority 2
C000416,P003,Rewards Credit Card,Credit Card,Cards,0.28,30000,2,True,False,372653,647208,20712.36,56,6.3,0.619,3,0.54,0.617,0.3333333333333333,1.0,0.752,0.248,0.097,Premium High-Value,Premium Relationship Customer,Low Risk,Moderate Cross-Sell Opportunity,Priority 2
C000416,P004,Personal Loan,Loan,Lending,0.115,75000,3,False,True,372653,647208,20712.36,56,6.3,0.619,3,0.54,0.617,0.3333333333333333,1.0,0.752,0.248,0.097,Premium High-Value,Premium Relationship Customer,Low Risk,Moderate Cross-Sell Opportunity,Priority 2
C000416,P005,Home Loan,Loan,Lending,0.082,500000,4,False,True,372653,647208,20712.36,56,6.3,0.619,3,0.54,0.617,0.3333333333333333,1.0,0.752,0.248,0.097,Premium High-Value,Premium Relationship Customer,Low Risk,Moderate Cross-Sell Opportunity,Priority 2
C000416,P006,Mutual Fund Plan,Investment,Wealth,0.1,10000,3,False,True,372653,647208,20712.36,56,6.3,0.619,3,0.54,0.617,0.3333333333333333,1.0,0.752,0.248,0.097,Premium High-Value,Premium Relationship Customer,Low Risk,Moderate Cross-Sell Opportunity,Priority 2
C000416,P007,Term Insurance,Insurance,Protection,0.0,500000,3,True,False,372653,647208,20712.36,56,6.3,0.619,3,0.54,0.617,0.3333333333333333,1.0,0.752,0.248,0.097,Premium High-Value,Premium Relationship Customer,Low Risk,Moderate Cross-Sell Opportunity,Priority 2
C000416,P008,Premium Banking,Banking,Premium,0.0,1000000,5,False,True,372653,647208,20712.36,56,6.3,0.619,3,0.54,0.617,0.3333333333333333,1.0,0.752,0.248,0.097,Premium High-Value,Premium Relationship Customer,Low Risk,Moderate Cross-Sell Opportunity,Priority 2
C000417,P003,Rewards Credit Card,Credit Card,Cards,0.28,30000,2,True,False,134789,354318,5025.0,58,8.3,0.768,4,0.635,0.4105,0.5,0.0,0.821,0.179,0.115,Premium High-Value,Premium Digital Customer,Low Risk,Moderate Cross-Sell Opportunity,Priority 3
C000417,P004,Personal Loan,Loan,Lending,0.115,75000,3,False,True,134789,354318,5025.0,58,8.3,0.768,4,0.635,0.4105,0.5,0.0,0.821,0.179,0.115,Premium High-Value,Premium Digital Customer,Low Risk,Moderate Cross-Sell Opportunity,Priority 3
C000417,P005,Home Loan,Loan,Lending,0.082,500000,4,False,True,134789,354318,5025.0,58,8.3,0.768,4,0.635,0.4105,0.5,0.0,0.821,0.179,0.115,Premium High-Value,Premium Digital Customer,Low Risk,Moderate Cross-Sell Opportunity,Priority 3
C000417,P006,Mutual Fund Plan,Investment,Wealth,0.1,10000,3,True,False,134789,354318,5025.0,58,8.3,0.768,4,0.635,0.4105,0.5,0.0,0.821,0.179,0.115,Premium High-Value,Premium Digital Customer,Low Risk,Moderate Cross-Sell Opportunity,Priority 3
C000417,P007,Term Insurance,Insurance,Protection,0.0,500000,3,False,True,134789,354318,5025.0,58,8.3,0.768,4,0.635,0.4105,0.5,0.0,0.821,0.179,0.115,Premium High-Value,Premium Digital Customer,Low Risk,Moderate Cross-Sell Opportunity,Priority 3
C000417,P008,Premium Banking,Banking,Premium,0.0,1000000,5,False,True,134789,354318,5025.0,58,8.3,0.768,4,0.635,0.4105,0.5,0.0,0.821,0.179,0.115,Premium High-Value,Premium Digital Customer,Low Risk,Moderate Cross-Sell Opportunity,Priority 3
C000418,P003,Rewards Credit Card,Credit Card,Cards,0.28,30000,2,False,True,44610,241460,1000.0,6,40.3,0.0,3,0.316,0.33025,0.25,0.0,0.641,0.359,-0.305,At Risk,At-Risk Declining Customer,Critical Risk,Low Cross-Sell Opportunity,Priority 4
C000418,P004,Personal Loan,Loan,Lending,0.115,75000,3,False,True,44610,241460,1000.0,6,40.3,0.0,3,0.316,0.33025,0.25,0.0,0.641,0.359,-0.305,At Risk,At-Risk Declining Customer,Critical Risk,Low Cross-Sell Opportunity,Priority 4
C000418,P005,Home Loan,Loan,Lending,0.082,500000,4,True,False,44610,241460,1000.0,6,40.3,0.0,3,0.316,0.33025,0.25,0.0,0.641,0.359,-0.305,At Risk,At-Risk Declining Customer,Critical Risk,Low Cross-Sell Opportunity,Priority 4
C000418,P006,Mutual Fund Plan,Investment,Wealth,0.1,10000,3,False,True,44610,241460,1000.0,6,40.3,0.0,3,0.316,0.33025,0.25,0.0,0.641,0.359,-0.305,At Risk,At-Risk Declining Customer,Critical Risk,Low Cross-Sell Opportunity,Priority 4
C000418,P007,Term Insurance,Insurance,Protection,0.0,500000,3,False,True,44610,241460,1000.0,6,40.3,0.0,3,0.316,0.33025,0.25,0.0,0.641,0.359,-0.305,At Risk,At-Risk Declining Customer,Critical Risk,Low Cross-Sell Opportunity,Priority 4
C000418,P008,Premium Banking,Banking,Premium,0.0,1000000,5,False,True,44610,241460,1000.0,6,40.3,0.0,3,0.316,0.33025,0.25,0.0,0.641,0.359,-0.305,At Risk,At-Risk Declining Customer,Critical Risk,Low Cross-Sell Opportunity,Priority 4
C000419,P003,Rewards Credit Card,Credit Card,Cards,0.28,30000,2,True,False,56729,88559,1466.65,7,144.8,0.33,2,0.25,0.32875,0.5,0.0,0.637,0.363,-0.139,Dormant / Declining,Dormant Reactivation Target,Critical Risk,Low Cross-Sell Opportunity,Priority 4
C000419,P004,Personal Loan,Loan,Lending,0.115,75000,3,False,True,56729,88559,1466.65,7,144.8,0.33,2,0.25,0.32875,0.5,0.0,0.637,0.363,-0.139,Dormant / Declining,Dormant Reactivation Target,Critical Risk,Low Cross-Sell Opportunity,Priority 4
C000419,P005,Home Loan,Loan,Lending,0.082,500000,4,False,True,56729,88559,1466.65,7,144.8,0.33,2,0.25,0.32875,0.5,0.0,0.637,0.363,-0.139,Dormant / Declining,Dormant Reactivation Target,Critical Risk,Low Cross-Sell Opportunity,Priority 4
C000419,P006,Mutual Fund Plan,Investment,Wealth,0.1,10000,3,False,True,56729,88559,1466.65,7,144.8,0.33,2,0.25,0.32875,0.5,0.0,0.637,0.363,-0.139,Dormant / Declining,Dormant Reactivation Target,Critical Risk,Low Cross-Sell Opportunity,Priority 4
C000419,P007,Term Insurance,Insurance,Protection,0.0,500000,3,False,True,56729,88559,1466.65,7,144.8,0.33,2,0.25,0.32875,0.5,0.0,0.637,0.363,-0.139,Dormant / Declining,Dormant Reactivation Target,Critical Risk,Low Cross-Sell Opportunity,Priority 4
C000419,P008,Premium Banking,Banking,Premium,0.0,1000000,5,False,True,56729,88559,1466.65,7,144.8,0.33,2,0.25,0.32875,0.5,0.0,0.637,0.363,-0.139,Dormant / Declining,Dormant Reactivation Target,Critical Risk,Low Cross-Sell Opportunity,Priority 4
C000420,P003,Rewards Credit Card,Credit Card,Cards,0.28,30000,2,False,True,66356,371080,1000.0,5,141.7,0.125,1,0.209,0.251,0.0,0.0,0.857,0.143,-0.122,Dormant / Declining,Dormant Reactivation Target,Critical Risk,Low Cross-Sell Opportunity,Priority 4
C000420,P004,Personal Loan,Loan,Lending,0.115,75000,3,False,True,66356,371080,1000.0,5,141.7,0.125,1,0.209,0.251,0.0,0.0,0.857,0.143,-0.122,Dormant / Declining,Dormant Reactivation Target,Critical Risk,Low Cross-Sell Opportunity,Priority 4
C000420,P005,Home Loan,Loan,Lending,0.082,500000,4,False,True,66356,371080,1000.0,5,141.7,0.125,1,0.209,0.251,0.0,0.0,0.857,0.143,-0.122,Dormant / Declining,Dormant Reactivation Target,Critical Risk,Low Cross-Sell Opportunity,Priority 4
C000420,P006,Mutual Fund Plan,Investment,Wealth,0.1,10000,3,False,True,66356,371080,1000.0,5,141.7,0.125,1,0.209,0.251,0.0,0.0,0.857,0.143,-0.122,Dormant / Declining,Dormant Reactivation Target,Critical Risk,Low Cross-Sell Opportunity,Priority 4
C000420,P007,Term Insurance,Insurance,Protection,0.0,500000,3,False,True,66356,371080,1000.0,5,141.7,0.125,1,0.209,0.251,0.0,0.0,0.857,0.143,-0.122,Dormant / Declining,Dormant Reactivation Target,Critical Risk,Low Cross-Sell Opportunity,Priority 4
C000420,P008,Premium Banking,Banking,Premium,0.0,1000000,5,False,True,66356,371080,1000.0,5,141.7,0.125,1,0.209,0.251,0.0,0.0,0.857,0.143,-0.122,Dormant / Declining,Dormant Reactivation Target,Critical Risk,Low Cross-Sell Opportunity,Priority 4
C000421,P003,Rewards Credit Card,Credit Card,Cards,0.28,30000,2,True,False,84433,525398,3120.05,48,7.3,0.474,2,0.622,0.5102,0.6,0.0,0.638,0.362,0.14,Core Active,Core Relationship Customer,Low Risk,Moderate Cross-Sell Opportunity,Priority 3
C000421,P004,Personal Loan,Loan,Lending,0.115,75000,3,False,True,84433,525398,3120.05,48,7.3,0.474,2,0.622,0.5102,0.6,0.0,0.638,0.362,0.14,Core Active,Core Relationship Customer,Low Risk,Moderate Cross-Sell Opportunity,Priority 3
C000421,P005,Home Loan,Loan,Lending,0.082,500000,4,False,True,84433,525398,3120.05,48,7.3,0.474,2,0.622,0.5102,0.6,0.0,0.638,0.362,0.14,Core Active,Core Relationship Customer,Low Risk,Moderate Cross-Sell Opportunity,Priority 3
C000421,P006,Mutual Fund Plan,Investment,Wealth,0.1,10000,3,False,True,84433,525398,3120.05,48,7.3,0.474,2,0.622,0.5102,0.6,0.0,0.638,0.362,0.14,Core Active,Core Relationship Customer,Low Risk,Moderate Cross-Sell Opportunity,Priority 3
C000421,P007,Term Insurance,Insurance,Protection,0.0,500000,3,False,True,84433,525398,3120.05,48,7.3,0.474,2,0.622,0.5102,0.6,0.0,0.638,0.362,0.14,Core Active,Core Relationship Customer,Low Risk,Moderate Cross-Sell Opportunity,Priority 3
C000421,P008,Premium Banking,Banking,Premium,0.0,1000000,5,False,True,84433,525398,3120.05,48,7.3,0.474,2,0.622,0.5102,0.6,0.0,0.638,0.362,0.14,Core Active,Core Relationship Customer,Low Risk,Moderate Cross-Sell Opportunity,Priority 3
C000422,P003,Rewards Credit Card,Credit Card,Cards,0.28,30000,2,True,False,156237,382631,11467.67,55,19.6,0.835,2,0.662,0.4916666666666667,0.3333333333333333,1.0,0.698,0.302,0.093,Premium High-Value,Premium Digital Customer,Moderate Risk,Moderate Cross-Sell Opportunity,Priority 2
C000422,P004,Personal Loan,Loan,Lending,0.115,75000,3,False,True,156237,382631,11467.67,55,19.6,0.835,2,0.662,0.4916666666666667,0.3333333333333333,1.0,0.698,0.302,0.093,Premium High-Value,Premium Digital Customer,Moderate Risk,Moderate Cross-Sell Opportunity,Priority 2
C000422,P005,Home Loan,Loan,Lending,0.082,500000,4,False,True,156237,382631,11467.67,55,19.6,0.835,2,0.662,0.4916666666666667,0.3333333333333333,1.0,0.698,0.302,0.093,Premium High-Value,Premium Digital Customer,Moderate Risk,Moderate Cross-Sell Opportunity,Priority 2
C000422,P006,Mutual Fund Plan,Investment,Wealth,0.1,10000,3,False,True,156237,382631,11467.67,55,19.6,0.835,2,0.662,0.4916666666666667,0.3333333333333333,1.0,0.698,0.302,0.093,Premium High-Value,Premium Digital Customer,Moderate Risk,Moderate Cross-Sell Opportunity,Priority 2
C000422,P007,Term Insurance,Insurance,Protection,0.0,500000,3,False,True,156237,382631,11467.67,55,19.6,0.835,2,0.662,0.4916666666666667,0.3333333333333333,1.0,0.698,0.302,0.093,Premium High-Value,Premium Digital Customer,Moderate Risk,Moderate Cross-Sell Opportunity,Priority 2
C000422,P008,Premium Banking,Banking,Premium,0.0,1000000,5,False,True,156237,382631,11467.67,55,19.6,0.835,2,0.662,0.4916666666666667,0.3333333333333333,1.0,0.698,0.302,0.093,Premium High-Value,Premium Digital Customer,Moderate Risk,Moderate Cross-Sell Opportunity,Priority 2
C000423,P003,Rewards Credit Card,Credit Card,Cards,0.28,30000,2,True,False,120373,454519,4692.11,52,40.5,0.738,2,0.576,0.50925,0.25,1.0,0.699,0.301,0.061,Premium High-Value,Premium Relationship Customer,Moderate Risk,Moderate Cross-Sell Opportunity,Priority 2
C000423,P004,Personal Loan,Loan,Lending,0.115,75000,3,False,True,120373,454519,4692.11,52,40.5,0.738,2,0.576,0.50925,0.25,1.0,0.699,0.301,0.061,Premium High-Value,Premium Relationship Customer,Moderate Risk,Moderate Cross-Sell Opportunity,Priority 2
C000423,P005,Home Loan,Loan,Lending,0.082,500000,4,False,True,120373,454519,4692.11,52,40.5,0.738,2,0.576,0.50925,0.25,1.0,0.699,0.301,0.061,Premium High-Value,Premium Relationship Customer,Moderate Risk,Moderate Cross-Sell Opportunity,Priority 2
C000423,P006,Mutual Fund Plan,Investment,Wealth,0.1,10000,3,False,True,120373,454519,4692.11,52,40.5,0.738,2,0.576,0.50925,0.25,1.0,0.699,0.301,0.061,Premium High-Value,Premium Relationship Customer,Moderate Risk,Moderate Cross-Sell Opportunity,Priority 2
C000423,P007,Term Insurance,Insurance,Protection,0.0,500000,3,False,True,120373,454519,4692.11,52,40.5,0.738,2,0.576,0.50925,0.25,1.0,0.699,0.301,0.061,Premium High-Value,Premium Relationship Customer,Moderate Risk,Moderate Cross-Sell Opportunity,Priority 2
C000423,P008,Premium Banking,Banking,Premium,0.0,1000000,5,False,True,120373,454519,4692.11,52,40.5,0.738,2,0.576,0.50925,0.25,1.0,0.699,0.301,0.061,Premium High-Value,Premium Relationship Customer,Moderate Risk,Moderate Cross-Sell Opportunity,Priority 2
C000424,P003,Rewards Credit Card,Credit Card,Cards,0.28,30000,2,True,False,101496,435170,2725.44,19,69.8,0.204,4,0.361,0.4346666666666667,0.3333333333333333,0.0,0.484,0.516,-0.117,At Risk,At-Risk Declining Customer,Critical Risk,Low Cross-Sell Opportunity,Priority 4
C000424,P004,Personal Loan,Loan,Lending,0.115,75000,3,True,False,101496,435170,2725.44,19,69.8,0.204,4,0.361,0.4346666666666667,0.3333333333333333,0.0,0.484,0.516,-0.117,At Risk,At-Risk Declining Customer,Critical Risk,Low Cross-Sell Opportunity,Priority 4
C000424,P005,Home Loan,Loan,Lending,0.082,500000,4,False,True,101496,435170,2725.44,19,69.8,0.204,4,0.361,0.4346666666666667,0.3333333333333333,0.0,0.484,0.516,-0.117,At Risk,At-Risk Declining Customer,Critical Risk,Low Cross-Sell Opportunity,Priority 4
C000424,P006,Mutual Fund Plan,Investment,Wealth,0.1,10000,3,True,False,101496,435170,2725.44,19,69.8,0.204,4,0.361,0.4346666666666667,0.3333333333333333,0.0,0.484,0.516,-0.117,At Risk,At-Risk Declining Customer,Critical Risk,Low Cross-Sell Opportunity,Priority 4
C000424,P007,Term Insurance,Insurance,Protection,0.0,500000,3,False,True,101496,435170,2725.44,19,69.8,0.204,4,0.361,0.4346666666666667,0.3333333333333333,0.0,0.484,0.516,-0.117,At Risk,At-Risk Declining Customer,Critical Risk,Low Cross-Sell Opportunity,Priority 4
C000424,P008,Premium Banking,Banking,Premium,0.0,1000000,5,False,True,101496,435170,2725.44,19,69.8,0.204,4,0.361,0.4346666666666667,0.3333333333333333,0.0,0.484,0.516,-0.117,At Risk,At-Risk Declining Customer,Critical Risk,Low Cross-Sell Opportunity,Priority 4
C000425,P003,Rewards Credit Card,Credit Card,Cards,0.28,30000,2,True,False,74237,169382,3030.98,19,30.0,0.497,3,0.47,0.4653333333333333,1.0,0.0,0.576,0.424,-0.256,Core Active,Core Relationship Customer,Critical Risk,Low Cross-Sell Opportunity,Priority 3
C000425,P004,Personal Loan,Loan,Lending,0.115,75000,3,False,True,74237,169382,3030.98,19,30.0,0.497,3,0.47,0.4653333333333333,1.0,0.0,0.576,0.424,-0.256,Core Active,Core Relationship Customer,Critical Risk,Low Cross-Sell Opportunity,Priority 3
C000425,P005,Home Loan,Loan,Lending,0.082,500000,4,False,True,74237,169382,3030.98,19,30.0,0.497,3,0.47,0.4653333333333333,1.0,0.0,0.576,0.424,-0.256,Core Active,Core Relationship Customer,Critical Risk,Low Cross-Sell Opportunity,Priority 3
C000425,P006,Mutual Fund Plan,Investment,Wealth,0.1,10000,3,True,False,74237,169382,3030.98,19,30.0,0.497,3,0.47,0.4653333333333333,1.0,0.0,0.576,0.424,-0.256,Core Active,Core Relationship Customer,Critical Risk,Low Cross-Sell Opportunity,Priority 3
C000425,P007,Term Insurance,Insurance,Protection,0.0,500000,3,False,True,74237,169382,3030.98,19,30.0,0.497,3,0.47,0.4653333333333333,1.0,0.0,0.576,0.424,-0.256,Core Active,Core Relationship Customer,Critical Risk,Low Cross-Sell Opportunity,Priority 3
C000425,P008,Premium Banking,Banking,Premium,0.0,1000000,5,False,True,74237,169382,3030.98,19,30.0,0.497,3,0.47,0.4653333333333333,1.0,0.0,0.576,0.424,-0.256,Core Active,Core Relationship Customer,Critical Risk,Low Cross-Sell Opportunity,Priority 3
C000426,P003,Rewards Credit Card,Credit Card,Cards,0.28,30000,2,False,True,33771,85010,1000.0,31,6.6,0.891,1,0.598,0.4435,0.5,1.0,0.741,0.259,-0.037,Core Active,Core Digital Customer,Moderate Risk,Moderate Cross-Sell Opportunity,Priority 2
C000426,P004,Personal Loan,Loan,Lending,0.115,75000,3,False,True,33771,85010,1000.0,31,6.6,0.891,1,0.598,0.4435,0.5,1.0,0.741,0.259,-0.037,Core Active,Core Digital Customer,Moderate Risk,Moderate Cross-Sell Opportunity,Priority 2
C000426,P005,Home Loan,Loan,Lending,0.082,500000,4,False,True,33771,85010,1000.0,31,6.6,0.891,1,0.598,0.4435,0.5,1.0,0.741,0.259,-0.037,Core Active,Core Digital Customer,Moderate Risk,Moderate Cross-Sell Opportunity,Priority 2
C000426,P006,Mutual Fund Plan,Investment,Wealth,0.1,10000,3,False,True,33771,85010,1000.0,31,6.6,0.891,1,0.598,0.4435,0.5,1.0,0.741,0.259,-0.037,Core Active,Core Digital Customer,Moderate Risk,Moderate Cross-Sell Opportunity,Priority 2
C000426,P007,Term Insurance,Insurance,Protection,0.0,500000,3,False,True,33771,85010,1000.0,31,6.6,0.891,1,0.598,0.4435,0.5,1.0,0.741,0.259,-0.037,Core Active,Core Digital Customer,Moderate Risk,Moderate Cross-Sell Opportunity,Priority 2
C000426,P008,Premium Banking,Banking,Premium,0.0,1000000,5,False,True,33771,85010,1000.0,31,6.6,0.891,1,0.598,0.4435,0.5,1.0,0.741,0.259,-0.037,Core Active,Core Digital Customer,Moderate Risk,Moderate Cross-Sell Opportunity,Priority 2
C000427,P003,Rewards Credit Card,Credit Card,Cards,0.28,30000,2,False,True,239159,1348562,12519.95,52,9.7,0.78,2,0.456,0.6346,0.4,0.0,0.757,0.243,-0.095,Premium High-Value,Premium Relationship Customer,Moderate Risk,Moderate Cross-Sell Opportunity,Priority 2
C000427,P004,Personal Loan,Loan,Lending,0.115,75000,3,False,True,239159,1348562,12519.95,52,9.7,0.78,2,0.456,0.6346,0.4,0.0,0.757,0.243,-0.095,Premium High-Value,Premium Relationship Customer,Moderate Risk,Moderate Cross-Sell Opportunity,Priority 2
C000427,P005,Home Loan,Loan,Lending,0.082,500000,4,False,True,239159,1348562,12519.95,52,9.7,0.78,2,0.456,0.6346,0.4,0.0,0.757,0.243,-0.095,Premium High-Value,Premium Relationship Customer,Moderate Risk,Moderate Cross-Sell Opportunity,Priority 2
C000427,P006,Mutual Fund Plan,Investment,Wealth,0.1,10000,3,True,False,239159,1348562,12519.95,52,9.7,0.78,2,0.456,0.6346,0.4,0.0,0.757,0.243,-0.095,Premium High-Value,Premium Relationship Customer,Moderate Risk,Moderate Cross-Sell Opportunity,Priority 2
C000427,P007,Term Insurance,Insurance,Protection,0.0,500000,3,False,True,239159,1348562,12519.95,52,9.7,0.78,2,0.456,0.6346,0.4,0.0,0.757,0.243,-0.095,Premium High-Value,Premium Relationship Customer,Moderate Risk,Moderate Cross-Sell Opportunity,Priority 2
C000427,P008,Premium Banking,Banking,Premium,0.0,1000000,5,False,True,239159,1348562,12519.95,52,9.7,0.78,2,0.456,0.6346,0.4,0.0,0.757,0.243,-0.095,Premium High-Value,Premium Relationship Customer,Moderate Risk,Moderate Cross-Sell Opportunity,Priority 2
C000428,P003,Rewards Credit Card,Credit Card,Cards,0.28,30000,2,False,True,49091,33888,1748.46,20,8.2,0.556,1,0.491,0.4673333333333334,0.3333333333333333,1.0,0.705,0.295,0.231,Core Active,Core Relationship Customer,Moderate Risk,Moderate Cross-Sell Opportunity,Priority 3
C000428,P004,Personal Loan,Loan,Lending,0.115,75000,3,False,True,49091,33888,1748.46,20,8.2,0.556,1,0.491,0.4673333333333334,0.3333333333333333,1.0,0.705,0.295,0.231,Core Active,Core Relationship Customer,Moderate Risk,Moderate Cross-Sell Opportunity,Priority 3
C000428,P005,Home Loan,Loan,Lending,0.082,500000,4,False,True,49091,33888,1748.46,20,8.2,0.556,1,0.491,0.4673333333333334,0.3333333333333333,1.0,0.705,0.295,0.231,Core Active,Core Relationship Customer,Moderate Risk,Moderate Cross-Sell Opportunity,Priority 3
C000428,P006,Mutual Fund Plan,Investment,Wealth,0.1,10000,3,False,True,49091,33888,1748.46,20,8.2,0.556,1,0.491,0.4673333333333334,0.3333333333333333,1.0,0.705,0.295,0.231,Core Active,Core Relationship Customer,Moderate Risk,Moderate Cross-Sell Opportunity,Priority 3
C000428,P007,Term Insurance,Insurance,Protection,0.0,500000,3,False,True,49091,33888,1748.46,20,8.2,0.556,1,0.491,0.4673333333333334,0.3333333333333333,1.0,0.705,0.295,0.231,Core Active,Core Relationship Customer,Moderate Risk,Moderate Cross-Sell Opportunity,Priority 3
C000428,P008,Premium Banking,Banking,Premium,0.0,1000000,5,False,True,49091,33888,1748.46,20,8.2,0.556,1,0.491,0.4673333333333334,0.3333333333333333,1.0,0.705,0.295,0.231,Core Active,Core Relationship Customer,Moderate Risk,Moderate Cross-Sell Opportunity,Priority 3
C000429,P003,Rewards Credit Card,Credit Card,Cards,0.28,30000,2,True,False,103130,111338,3789.81,35,11.7,0.443,3,0.596,0.45325,0.5,0.0,0.78,0.22,0.084,Core Active,Core Relationship Customer,Moderate Risk,Low Cross-Sell Opportunity,Priority 3
C000429,P004,Personal Loan,Loan,Lending,0.115,75000,3,True,False,103130,111338,3789.81,35,11.7,0.443,3,0.596,0.45325,0.5,0.0,0.78,0.22,0.084,Core Active,Core Relationship Customer,Moderate Risk,Low Cross-Sell Opportunity,Priority 3
C000429,P005,Home Loan,Loan,Lending,0.082,500000,4,False,True,103130,111338,3789.81,35,11.7,0.443,3,0.596,0.45325,0.5,0.0,0.78,0.22,0.084,Core Active,Core Relationship Customer,Moderate Risk,Low Cross-Sell Opportunity,Priority 3
C000429,P006,Mutual Fund Plan,Investment,Wealth,0.1,10000,3,False,True,103130,111338,3789.81,35,11.7,0.443,3,0.596,0.45325,0.5,0.0,0.78,0.22,0.084,Core Active,Core Relationship Customer,Moderate Risk,Low Cross-Sell Opportunity,Priority 3
C000429,P007,Term Insurance,Insurance,Protection,0.0,500000,3,False,True,103130,111338,3789.81,35,11.7,0.443,3,0.596,0.45325,0.5,0.0,0.78,0.22,0.084,Core Active,Core Relationship Customer,Moderate Risk,Low Cross-Sell Opportunity,Priority 3
C000429,P008,Premium Banking,Banking,Premium,0.0,1000000,5,False,True,103130,111338,3789.81,35,11.7,0.443,3,0.596,0.45325,0.5,0.0,0.78,0.22,0.084,Core Active,Core Relationship Customer,Moderate Risk,Low Cross-Sell Opportunity,Priority 3
C000430,P003,Rewards Credit Card,Credit Card,Cards,0.28,30000,2,False,True,77678,295383,3032.29,24,82.6,0.507,2,0.419,0.4,1.0,0.0,0.666,0.334,0.075,At Risk,At-Risk Engagement Customer,High Risk,Low Cross-Sell Opportunity,Priority 3
C000430,P004,Personal Loan,Loan,Lending,0.115,75000,3,False,True,77678,295383,3032.29,24,82.6,0.507,2,0.419,0.4,1.0,0.0,0.666,0.334,0.075,At Risk,At-Risk Engagement Customer,High Risk,Low Cross-Sell Opportunity,Priority 3
C000430,P005,Home Loan,Loan,Lending,0.082,500000,4,False,True,77678,295383,3032.29,24,82.6,0.507,2,0.419,0.4,1.0,0.0,0.666,0.334,0.075,At Risk,At-Risk Engagement Customer,High Risk,Low Cross-Sell Opportunity,Priority 3
C000430,P006,Mutual Fund Plan,Investment,Wealth,0.1,10000,3,False,True,77678,295383,3032.29,24,82.6,0.507,2,0.419,0.4,1.0,0.0,0.666,0.334,0.075,At Risk,At-Risk Engagement Customer,High Risk,Low Cross-Sell Opportunity,Priority 3
C000430,P007,Term Insurance,Insurance,Protection,0.0,500000,3,False,True,77678,295383,3032.29,24,82.6,0.507,2,0.419,0.4,1.0,0.0,0.666,0.334,0.075,At Risk,At-Risk Engagement Customer,High Risk,Low Cross-Sell Opportunity,Priority 3
C000430,P008,Premium Banking,Banking,Premium,0.0,1000000,5,False,True,77678,295383,3032.29,24,82.6,0.507,2,0.419,0.4,1.0,0.0,0.666,0.334,0.075,At Risk,At-Risk Engagement Customer,High Risk,Low Cross-Sell Opportunity,Priority 3
C000431,P003,Rewards Credit Card,Credit Card,Cards,0.28,30000,2,True,False,51902,469924,1618.07,27,5.9,0.566,2,0.566,0.4673333333333333,0.3333333333333333,1.0,0.736,0.264,0.223,Core Active,Core Relationship Customer,Moderate Risk,Moderate Cross-Sell Opportunity,Priority 3
C000431,P004,Personal Loan,Loan,Lending,0.115,75000,3,False,True,51902,469924,1618.07,27,5.9,0.566,2,0.566,0.4673333333333333,0.3333333333333333,1.0,0.736,0.264,0.223,Core Active,Core Relationship Customer,Moderate Risk,Moderate Cross-Sell Opportunity,Priority 3
C000431,P005,Home Loan,Loan,Lending,0.082,500000,4,False,True,51902,469924,1618.07,27,5.9,0.566,2,0.566,0.4673333333333333,0.3333333333333333,1.0,0.736,0.264,0.223,Core Active,Core Relationship Customer,Moderate Risk,Moderate Cross-Sell Opportunity,Priority 3
C000431,P006,Mutual Fund Plan,Investment,Wealth,0.1,10000,3,False,True,51902,469924,1618.07,27,5.9,0.566,2,0.566,0.4673333333333333,0.3333333333333333,1.0,0.736,0.264,0.223,Core Active,Core Relationship Customer,Moderate Risk,Moderate Cross-Sell Opportunity,Priority 3
C000431,P007,Term Insurance,Insurance,Protection,0.0,500000,3,False,True,51902,469924,1618.07,27,5.9,0.566,2,0.566,0.4673333333333333,0.3333333333333333,1.0,0.736,0.264,0.223,Core Active,Core Relationship Customer,Moderate Risk,Moderate Cross-Sell Opportunity,Priority 3
C000431,P008,Premium Banking,Banking,Premium,0.0,1000000,5,False,True,51902,469924,1618.07,27,5.9,0.566,2,0.566,0.4673333333333333,0.3333333333333333,1.0,0.736,0.264,0.223,Core Active,Core Relationship Customer,Moderate Risk,Moderate Cross-Sell Opportunity,Priority 3
C000432,P003,Rewards Credit Card,Credit Card,Cards,0.28,30000,2,True,False,74925,313492,4012.62,35,6.4,0.319,3,0.552,0.266,0.3333333333333333,0.0,0.705,0.295,0.123,Core Active,Core Relationship Customer,Moderate Risk,Moderate Cross-Sell Opportunity,Priority 3
C000432,P004,Personal Loan,Loan,Lending,0.115,75000,3,True,False,74925,313492,4012.62,35,6.4,0.319,3,0.552,0.266,0.3333333333333333,0.0,0.705,0.295,0.123,Core Active,Core Relationship Customer,Moderate Risk,Moderate Cross-Sell Opportunity,Priority 3
C000432,P005,Home Loan,Loan,Lending,0.082,500000,4,False,True,74925,313492,4012.62,35,6.4,0.319,3,0.552,0.266,0.3333333333333333,0.0,0.705,0.295,0.123,Core Active,Core Relationship Customer,Moderate Risk,Moderate Cross-Sell Opportunity,Priority 3
C000432,P006,Mutual Fund Plan,Investment,Wealth,0.1,10000,3,False,True,74925,313492,4012.62,35,6.4,0.319,3,0.552,0.266,0.3333333333333333,0.0,0.705,0.295,0.123,Core Active,Core Relationship Customer,Moderate Risk,Moderate Cross-Sell Opportunity,Priority 3
C000432,P007,Term Insurance,Insurance,Protection,0.0,500000,3,False,True,74925,313492,4012.62,35,6.4,0.319,3,0.552,0.266,0.3333333333333333,0.0,0.705,0.295,0.123,Core Active,Core Relationship Customer,Moderate Risk,Moderate Cross-Sell Opportunity,Priority 3
C000432,P008,Premium Banking,Banking,Premium,0.0,1000000,5,False,True,74925,313492,4012.62,35,6.4,0.319,3,0.552,0.266,0.3333333333333333,0.0,0.705,0.295,0.123,Core Active,Core Relationship Customer,Moderate Risk,Moderate Cross-Sell Opportunity,Priority 3
C000433,P003,Rewards Credit Card,Credit Card,Cards,0.28,30000,2,True,False,116710,372711,4875.67,47,0.8,0.374,3,0.496,0.3926,0.2,0.0,0.631,0.369,0.195,Core Active,Core Relationship Customer,Low Risk,Moderate Cross-Sell Opportunity,Priority 2
C000433,P004,Personal Loan,Loan,Lending,0.115,75000,3,False,True,116710,372711,4875.67,47,0.8,0.374,3,0.496,0.3926,0.2,0.0,0.631,0.369,0.195,Core Active,Core Relationship Customer,Low Risk,Moderate Cross-Sell Opportunity,Priority 2
C000433,P005,Home Loan,Loan,Lending,0.082,500000,4,False,True,116710,372711,4875.67,47,0.8,0.374,3,0.496,0.3926,0.2,0.0,0.631,0.369,0.195,Core Active,Core Relationship Customer,Low Risk,Moderate Cross-Sell Opportunity,Priority 2
C000433,P006,Mutual Fund Plan,Investment,Wealth,0.1,10000,3,False,True,116710,372711,4875.67,47,0.8,0.374,3,0.496,0.3926,0.2,0.0,0.631,0.369,0.195,Core Active,Core Relationship Customer,Low Risk,Moderate Cross-Sell Opportunity,Priority 2
C000433,P007,Term Insurance,Insurance,Protection,0.0,500000,3,False,True,116710,372711,4875.67,47,0.8,0.374,3,0.496,0.3926,0.2,0.0,0.631,0.369,0.195,Core Active,Core Relationship Customer,Low Risk,Moderate Cross-Sell Opportunity,Priority 2
C000433,P008,Premium Banking,Banking,Premium,0.0,1000000,5,False,True,116710,372711,4875.67,47,0.8,0.374,3,0.496,0.3926,0.2,0.0,0.631,0.369,0.195,Core Active,Core Relationship Customer,Low Risk,Moderate Cross-Sell Opportunity,Priority 2
C000434,P003,Rewards Credit Card,Credit Card,Cards,0.28,30000,2,False,True,47341,87494,1000.0,35,1.5,0.884,1,0.744,0.4805,0.5,1.0,0.788,0.212,-0.023,Core Active,Core Digital Customer,Low Risk,Moderate Cross-Sell Opportunity,Priority 2
C000434,P004,Personal Loan,Loan,Lending,0.115,75000,3,False,True,47341,87494,1000.0,35,1.5,0.884,1,0.744,0.4805,0.5,1.0,0.788,0.212,-0.023,Core Active,Core Digital Customer,Low Risk,Moderate Cross-Sell Opportunity,Priority 2
C000434,P005,Home Loan,Loan,Lending,0.082,500000,4,False,True,47341,87494,1000.0,35,1.5,0.884,1,0.744,0.4805,0.5,1.0,0.788,0.212,-0.023,Core Active,Core Digital Customer,Low Risk,Moderate Cross-Sell Opportunity,Priority 2
C000434,P006,Mutual Fund Plan,Investment,Wealth,0.1,10000,3,False,True,47341,87494,1000.0,35,1.5,0.884,1,0.744,0.4805,0.5,1.0,0.788,0.212,-0.023,Core Active,Core Digital Customer,Low Risk,Moderate Cross-Sell Opportunity,Priority 2
C000434,P007,Term Insurance,Insurance,Protection,0.0,500000,3,False,True,47341,87494,1000.0,35,1.5,0.884,1,0.744,0.4805,0.5,1.0,0.788,0.212,-0.023,Core Active,Core Digital Customer,Low Risk,Moderate Cross-Sell Opportunity,Priority 2
C000434,P008,Premium Banking,Banking,Premium,0.0,1000000,5,False,True,47341,87494,1000.0,35,1.5,0.884,1,0.744,0.4805,0.5,1.0,0.788,0.212,-0.023,Core Active,Core Digital Customer,Low Risk,Moderate Cross-Sell Opportunity,Priority 2
C000435,P003,Rewards Credit Card,Credit Card,Cards,0.28,30000,2,False,True,61713,303138,1202.66,46,12.3,0.452,3,0.639,0.4188,0.2,0.0,0.641,0.359,-0.019,Core Active,Core Relationship Customer,Moderate Risk,Low Cross-Sell Opportunity,Priority 3
C000435,P004,Personal Loan,Loan,Lending,0.115,75000,3,False,True,61713,303138,1202.66,46,12.3,0.452,3,0.639,0.4188,0.2,0.0,0.641,0.359,-0.019,Core Active,Core Relationship Customer,Moderate Risk,Low Cross-Sell Opportunity,Priority 3
C000435,P005,Home Loan,Loan,Lending,0.082,500000,4,False,True,61713,303138,1202.66,46,12.3,0.452,3,0.639,0.4188,0.2,0.0,0.641,0.359,-0.019,Core Active,Core Relationship Customer,Moderate Risk,Low Cross-Sell Opportunity,Priority 3
C000435,P006,Mutual Fund Plan,Investment,Wealth,0.1,10000,3,True,False,61713,303138,1202.66,46,12.3,0.452,3,0.639,0.4188,0.2,0.0,0.641,0.359,-0.019,Core Active,Core Relationship Customer,Moderate Risk,Low Cross-Sell Opportunity,Priority 3
C000435,P007,Term Insurance,Insurance,Protection,0.0,500000,3,True,False,61713,303138,1202.66,46,12.3,0.452,3,0.639,0.4188,0.2,0.0,0.641,0.359,-0.019,Core Active,Core Relationship Customer,Moderate Risk,Low Cross-Sell Opportunity,Priority 3
C000435,P008,Premium Banking,Banking,Premium,0.0,1000000,5,False,True,61713,303138,1202.66,46,12.3,0.452,3,0.639,0.4188,0.2,0.0,0.641,0.359,-0.019,Core Active,Core Relationship Customer,Moderate Risk,Low Cross-Sell Opportunity,Priority 3
C000436,P003,Rewards Credit Card,Credit Card,Cards,0.28,30000,2,True,False,57955,237431,2147.76,15,96.0,0.48,2,0.444,0.37525,0.0,0.0,0.809,0.191,0.061,At Risk,At-Risk Engagement Customer,Critical Risk,Low Cross-Sell Opportunity,Priority 4
C000436,P004,Personal Loan,Loan,Lending,0.115,75000,3,False,True,57955,237431,2147.76,15,96.0,0.48,2,0.444,0.37525,0.0,0.0,0.809,0.191,0.061,At Risk,At-Risk Engagement Customer,Critical Risk,Low Cross-Sell Opportunity,Priority 4
C000436,P005,Home Loan,Loan,Lending,0.082,500000,4,False,True,57955,237431,2147.76,15,96.0,0.48,2,0.444,0.37525,0.0,0.0,0.809,0.191,0.061,At Risk,At-Risk Engagement Customer,Critical Risk,Low Cross-Sell Opportunity,Priority 4
C000436,P006,Mutual Fund Plan,Investment,Wealth,0.1,10000,3,False,True,57955,237431,2147.76,15,96.0,0.48,2,0.444,0.37525,0.0,0.0,0.809,0.191,0.061,At Risk,At-Risk Engagement Customer,Critical Risk,Low Cross-Sell Opportunity,Priority 4
C000436,P007,Term Insurance,Insurance,Protection,0.0,500000,3,False,True,57955,237431,2147.76,15,96.0,0.48,2,0.444,0.37525,0.0,0.0,0.809,0.191,0.061,At Risk,At-Risk Engagement Customer,Critical Risk,Low Cross-Sell Opportunity,Priority 4
C000436,P008,Premium Banking,Banking,Premium,0.0,1000000,5,False,True,57955,237431,2147.76,15,96.0,0.48,2,0.444,0.37525,0.0,0.0,0.809,0.191,0.061,At Risk,At-Risk Engagement Customer,Critical Risk,Low Cross-Sell Opportunity,Priority 4
C000437,P003,Rewards Credit Card,Credit Card,Cards,0.28,30000,2,False,True,91022,154058,4412.13,37,4.7,0.618,1,0.52,0.409,0.3333333333333333,0.0,0.655,0.345,0.084,Core Active,Core Relationship Customer,Low Risk,Moderate Cross-Sell Opportunity,Priority 3
C000437,P004,Personal Loan,Loan,Lending,0.115,75000,3,False,True,91022,154058,4412.13,37,4.7,0.618,1,0.52,0.409,0.3333333333333333,0.0,0.655,0.345,0.084,Core Active,Core Relationship Customer,Low Risk,Moderate Cross-Sell Opportunity,Priority 3
C000437,P005,Home Loan,Loan,Lending,0.082,500000,4,False,True,91022,154058,4412.13,37,4.7,0.618,1,0.52,0.409,0.3333333333333333,0.0,0.655,0.345,0.084,Core Active,Core Relationship Customer,Low Risk,Moderate Cross-Sell Opportunity,Priority 3
C000437,P006,Mutual Fund Plan,Investment,Wealth,0.1,10000,3,False,True,91022,154058,4412.13,37,4.7,0.618,1,0.52,0.409,0.3333333333333333,0.0,0.655,0.345,0.084,Core Active,Core Relationship Customer,Low Risk,Moderate Cross-Sell Opportunity,Priority 3
C000437,P007,Term Insurance,Insurance,Protection,0.0,500000,3,False,True,91022,154058,4412.13,37,4.7,0.618,1,0.52,0.409,0.3333333333333333,0.0,0.655,0.345,0.084,Core Active,Core Relationship Customer,Low Risk,Moderate Cross-Sell Opportunity,Priority 3
C000437,P008,Premium Banking,Banking,Premium,0.0,1000000,5,False,True,91022,154058,4412.13,37,4.7,0.618,1,0.52,0.409,0.3333333333333333,0.0,0.655,0.345,0.084,Core Active,Core Relationship Customer,Low Risk,Moderate Cross-Sell Opportunity,Priority 3
C000438,P003,Rewards Credit Card,Credit Card,Cards,0.28,30000,2,False,True,55366,352478,1507.38,8,180.0,0.426,2,0.233,0.3913333333333333,0.3333333333333333,0.0,0.678,0.322,0.018,Dormant / Declining,Dormant Reactivation Target,Critical Risk,Low Cross-Sell Opportunity,Priority 4
C000438,P004,Personal Loan,Loan,Lending,0.115,75000,3,False,True,55366,352478,1507.38,8,180.0,0.426,2,0.233,0.3913333333333333,0.3333333333333333,0.0,0.678,0.322,0.018,Dormant / Declining,Dormant Reactivation Target,Critical Risk,Low Cross-Sell Opportunity,Priority 4
C000438,P005,Home Loan,Loan,Lending,0.082,500000,4,False,True,55366,352478,1507.38,8,180.0,0.426,2,0.233,0.3913333333333333,0.3333333333333333,0.0,0.678,0.322,0.018,Dormant / Declining,Dormant Reactivation Target,Critical Risk,Low Cross-Sell Opportunity,Priority 4
C000438,P006,Mutual Fund Plan,Investment,Wealth,0.1,10000,3,False,True,55366,352478,1507.38,8,180.0,0.426,2,0.233,0.3913333333333333,0.3333333333333333,0.0,0.678,0.322,0.018,Dormant / Declining,Dormant Reactivation Target,Critical Risk,Low Cross-Sell Opportunity,Priority 4
C000438,P007,Term Insurance,Insurance,Protection,0.0,500000,3,False,True,55366,352478,1507.38,8,180.0,0.426,2,0.233,0.3913333333333333,0.3333333333333333,0.0,0.678,0.322,0.018,Dormant / Declining,Dormant Reactivation Target,Critical Risk,Low Cross-Sell Opportunity,Priority 4
C000438,P008,Premium Banking,Banking,Premium,0.0,1000000,5,False,True,55366,352478,1507.38,8,180.0,0.426,2,0.233,0.3913333333333333,0.3333333333333333,0.0,0.678,0.322,0.018,Dormant / Declining,Dormant Reactivation Target,Critical Risk,Low Cross-Sell Opportunity,Priority 4
C000439,P003,Rewards Credit Card,Credit Card,Cards,0.28,30000,2,False,True,70071,357138,3984.3,41,6.4,0.464,1,0.576,0.4005,0.25,0.0,0.726,0.274,-0.075,Core Active,Core Relationship Customer,Moderate Risk,Moderate Cross-Sell Opportunity,Priority 3
C000439,P004,Personal Loan,Loan,Lending,0.115,75000,3,False,True,70071,357138,3984.3,41,6.4,0.464,1,0.576,0.4005,0.25,0.0,0.726,0.274,-0.075,Core Active,Core Relationship Customer,Moderate Risk,Moderate Cross-Sell Opportunity,Priority 3
C000439,P005,Home Loan,Loan,Lending,0.082,500000,4,False,True,70071,357138,3984.3,41,6.4,0.464,1,0.576,0.4005,0.25,0.0,0.726,0.274,-0.075,Core Active,Core Relationship Customer,Moderate Risk,Moderate Cross-Sell Opportunity,Priority 3
C000439,P006,Mutual Fund Plan,Investment,Wealth,0.1,10000,3,False,True,70071,357138,3984.3,41,6.4,0.464,1,0.576,0.4005,0.25,0.0,0.726,0.274,-0.075,Core Active,Core Relationship Customer,Moderate Risk,Moderate Cross-Sell Opportunity,Priority 3
C000439,P007,Term Insurance,Insurance,Protection,0.0,500000,3,False,True,70071,357138,3984.3,41,6.4,0.464,1,0.576,0.4005,0.25,0.0,0.726,0.274,-0.075,Core Active,Core Relationship Customer,Moderate Risk,Moderate Cross-Sell Opportunity,Priority 3
C000439,P008,Premium Banking,Banking,Premium,0.0,1000000,5,False,True,70071,357138,3984.3,41,6.4,0.464,1,0.576,0.4005,0.25,0.0,0.726,0.274,-0.075,Core Active,Core Relationship Customer,Moderate Risk,Moderate Cross-Sell Opportunity,Priority 3
C000440,P003,Rewards Credit Card,Credit Card,Cards,0.28,30000,2,True,False,52957,205091,2730.88,45,10.2,0.751,4,0.564,0.4888,0.2,0.0,0.667,0.333,0.157,Core Active,Core Relationship Customer,Moderate Risk,Low Cross-Sell Opportunity,Priority 3
C000440,P004,Personal Loan,Loan,Lending,0.115,75000,3,True,False,52957,205091,2730.88,45,10.2,0.751,4,0.564,0.4888,0.2,0.0,0.667,0.333,0.157,Core Active,Core Relationship Customer,Moderate Risk,Low Cross-Sell Opportunity,Priority 3
C000440,P005,Home Loan,Loan,Lending,0.082,500000,4,False,True,52957,205091,2730.88,45,10.2,0.751,4,0.564,0.4888,0.2,0.0,0.667,0.333,0.157,Core Active,Core Relationship Customer,Moderate Risk,Low Cross-Sell Opportunity,Priority 3
C000440,P006,Mutual Fund Plan,Investment,Wealth,0.1,10000,3,True,False,52957,205091,2730.88,45,10.2,0.751,4,0.564,0.4888,0.2,0.0,0.667,0.333,0.157,Core Active,Core Relationship Customer,Moderate Risk,Low Cross-Sell Opportunity,Priority 3
C000440,P007,Term Insurance,Insurance,Protection,0.0,500000,3,False,True,52957,205091,2730.88,45,10.2,0.751,4,0.564,0.4888,0.2,0.0,0.667,0.333,0.157,Core Active,Core Relationship Customer,Moderate Risk,Low Cross-Sell Opportunity,Priority 3
C000440,P008,Premium Banking,Banking,Premium,0.0,1000000,5,False,True,52957,205091,2730.88,45,10.2,0.751,4,0.564,0.4888,0.2,0.0,0.667,0.333,0.157,Core Active,Core Relationship Customer,Moderate Risk,Low Cross-Sell Opportunity,Priority 3
C000441,P003,Rewards Credit Card,Credit Card,Cards,0.28,30000,2,False,True,77400,1086205,3524.67,50,55.9,0.736,2,0.578,0.513,0.3333333333333333,0.0,0.739,0.261,0.059,At Risk,At-Risk Engagement Customer,Moderate Risk,Moderate Cross-Sell Opportunity,Priority 3
C000441,P004,Personal Loan,Loan,Lending,0.115,75000,3,False,True,77400,1086205,3524.67,50,55.9,0.736,2,0.578,0.513,0.3333333333333333,0.0,0.739,0.261,0.059,At Risk,At-Risk Engagement Customer,Moderate Risk,Moderate Cross-Sell Opportunity,Priority 3
C000441,P005,Home Loan,Loan,Lending,0.082,500000,4,False,True,77400,1086205,3524.67,50,55.9,0.736,2,0.578,0.513,0.3333333333333333,0.0,0.739,0.261,0.059,At Risk,At-Risk Engagement Customer,Moderate Risk,Moderate Cross-Sell Opportunity,Priority 3
C000441,P006,Mutual Fund Plan,Investment,Wealth,0.1,10000,3,False,True,77400,1086205,3524.67,50,55.9,0.736,2,0.578,0.513,0.3333333333333333,0.0,0.739,0.261,0.059,At Risk,At-Risk Engagement Customer,Moderate Risk,Moderate Cross-Sell Opportunity,Priority 3
C000441,P007,Term Insurance,Insurance,Protection,0.0,500000,3,False,True,77400,1086205,3524.67,50,55.9,0.736,2,0.578,0.513,0.3333333333333333,0.0,0.739,0.261,0.059,At Risk,At-Risk Engagement Customer,Moderate Risk,Moderate Cross-Sell Opportunity,Priority 3
C000441,P008,Premium Banking,Banking,Premium,0.0,1000000,5,False,True,77400,1086205,3524.67,50,55.9,0.736,2,0.578,0.513,0.3333333333333333,0.0,0.739,0.261,0.059,At Risk,At-Risk Engagement Customer,Moderate Risk,Moderate Cross-Sell Opportunity,Priority 3
C000442,P003,Rewards Credit Card,Credit Card,Cards,0.28,30000,2,False,True,48123,93286,1220.81,27,4.8,0.635,1,0.515,0.3935,0.5,0.0,0.606,0.394,0.067,Core Active,Core Relationship Customer,Moderate Risk,Moderate Cross-Sell Opportunity,Priority 3
C000442,P004,Personal Loan,Loan,Lending,0.115,75000,3,False,True,48123,93286,1220.81,27,4.8,0.635,1,0.515,0.3935,0.5,0.0,0.606,0.394,0.067,Core Active,Core Relationship Customer,Moderate Risk,Moderate Cross-Sell Opportunity,Priority 3
C000442,P005,Home Loan,Loan,Lending,0.082,500000,4,False,True,48123,93286,1220.81,27,4.8,0.635,1,0.515,0.3935,0.5,0.0,0.606,0.394,0.067,Core Active,Core Relationship Customer,Moderate Risk,Moderate Cross-Sell Opportunity,Priority 3
C000442,P006,Mutual Fund Plan,Investment,Wealth,0.1,10000,3,False,True,48123,93286,1220.81,27,4.8,0.635,1,0.515,0.3935,0.5,0.0,0.606,0.394,0.067,Core Active,Core Relationship Customer,Moderate Risk,Moderate Cross-Sell Opportunity,Priority 3
C000442,P007,Term Insurance,Insurance,Protection,0.0,500000,3,False,True,48123,93286,1220.81,27,4.8,0.635,1,0.515,0.3935,0.5,0.0,0.606,0.394,0.067,Core Active,Core Relationship Customer,Moderate Risk,Moderate Cross-Sell Opportunity,Priority 3
C000442,P008,Premium Banking,Banking,Premium,0.0,1000000,5,False,True,48123,93286,1220.81,27,4.8,0.635,1,0.515,0.3935,0.5,0.0,0.606,0.394,0.067,Core Active,Core Relationship Customer,Moderate Risk,Moderate Cross-Sell Opportunity,Priority 3
C000443,P003,Rewards Credit Card,Credit Card,Cards,0.28,30000,2,True,False,45619,91181,2299.27,41,13.1,0.57,4,0.55,0.489,0.5,0.0,0.669,0.331,0.248,Core Active,Core Relationship Customer,Moderate Risk,Low Cross-Sell Opportunity,Priority 4
C000443,P004,Personal Loan,Loan,Lending,0.115,75000,3,False,True,45619,91181,2299.27,41,13.1,0.57,4,0.55,0.489,0.5,0.0,0.669,0.331,0.248,Core Active,Core Relationship Customer,Moderate Risk,Low Cross-Sell Opportunity,Priority 4
C000443,P005,Home Loan,Loan,Lending,0.082,500000,4,False,True,45619,91181,2299.27,41,13.1,0.57,4,0.55,0.489,0.5,0.0,0.669,0.331,0.248,Core Active,Core Relationship Customer,Moderate Risk,Low Cross-Sell Opportunity,Priority 4
C000443,P006,Mutual Fund Plan,Investment,Wealth,0.1,10000,3,True,False,45619,91181,2299.27,41,13.1,0.57,4,0.55,0.489,0.5,0.0,0.669,0.331,0.248,Core Active,Core Relationship Customer,Moderate Risk,Low Cross-Sell Opportunity,Priority 4
C000443,P007,Term Insurance,Insurance,Protection,0.0,500000,3,False,True,45619,91181,2299.27,41,13.1,0.57,4,0.55,0.489,0.5,0.0,0.669,0.331,0.248,Core Active,Core Relationship Customer,Moderate Risk,Low Cross-Sell Opportunity,Priority 4
C000443,P008,Premium Banking,Banking,Premium,0.0,1000000,5,False,True,45619,91181,2299.27,41,13.1,0.57,4,0.55,0.489,0.5,0.0,0.669,0.331,0.248,Core Active,Core Relationship Customer,Moderate Risk,Low Cross-Sell Opportunity,Priority 4
C000444,P003,Rewards Credit Card,Credit Card,Cards,0.28,30000,2,True,False,182021,689343,9695.34,50,18.0,0.731,4,0.607,0.5083333333333334,0.3333333333333333,0.0,0.617,0.383,0.103,Premium High-Value,Premium Relationship Customer,Moderate Risk,Moderate Cross-Sell Opportunity,Priority 2
C000444,P004,Personal Loan,Loan,Lending,0.115,75000,3,True,False,182021,689343,9695.34,50,18.0,0.731,4,0.607,0.5083333333333334,0.3333333333333333,0.0,0.617,0.383,0.103,Premium High-Value,Premium Relationship Customer,Moderate Risk,Moderate Cross-Sell Opportunity,Priority 2
C000444,P005,Home Loan,Loan,Lending,0.082,500000,4,False,True,182021,689343,9695.34,50,18.0,0.731,4,0.607,0.5083333333333334,0.3333333333333333,0.0,0.617,0.383,0.103,Premium High-Value,Premium Relationship Customer,Moderate Risk,Moderate Cross-Sell Opportunity,Priority 2
C000444,P006,Mutual Fund Plan,Investment,Wealth,0.1,10000,3,False,True,182021,689343,9695.34,50,18.0,0.731,4,0.607,0.5083333333333334,0.3333333333333333,0.0,0.617,0.383,0.103,Premium High-Value,Premium Relationship Customer,Moderate Risk,Moderate Cross-Sell Opportunity,Priority 2
C000444,P007,Term Insurance,Insurance,Protection,0.0,500000,3,True,False,182021,689343,9695.34,50,18.0,0.731,4,0.607,0.5083333333333334,0.3333333333333333,0.0,0.617,0.383,0.103,Premium High-Value,Premium Relationship Customer,Moderate Risk,Moderate Cross-Sell Opportunity,Priority 2
C000444,P008,Premium Banking,Banking,Premium,0.0,1000000,5,False,True,182021,689343,9695.34,50,18.0,0.731,4,0.607,0.5083333333333334,0.3333333333333333,0.0,0.617,0.383,0.103,Premium High-Value,Premium Relationship Customer,Moderate Risk,Moderate Cross-Sell Opportunity,Priority 2
C000445,P003,Rewards Credit Card,Credit Card,Cards,0.28,30000,2,True,False,78642,972196,2385.0,50,12.1,0.388,4,0.546,0.407,0.5,0.0,0.801,0.199,0.179,Core Active,Core Relationship Customer,Moderate Risk,Low Cross-Sell Opportunity,Priority 3
C000445,P004,Personal Loan,Loan,Lending,0.115,75000,3,True,False,78642,972196,2385.0,50,12.1,0.388,4,0.546,0.407,0.5,0.0,0.801,0.199,0.179,Core Active,Core Relationship Customer,Moderate Risk,Low Cross-Sell Opportunity,Priority 3
C000445,P005,Home Loan,Loan,Lending,0.082,500000,4,False,True,78642,972196,2385.0,50,12.1,0.388,4,0.546,0.407,0.5,0.0,0.801,0.199,0.179,Core Active,Core Relationship Customer,Moderate Risk,Low Cross-Sell Opportunity,Priority 3
C000445,P006,Mutual Fund Plan,Investment,Wealth,0.1,10000,3,False,True,78642,972196,2385.0,50,12.1,0.388,4,0.546,0.407,0.5,0.0,0.801,0.199,0.179,Core Active,Core Relationship Customer,Moderate Risk,Low Cross-Sell Opportunity,Priority 3
C000445,P007,Term Insurance,Insurance,Protection,0.0,500000,3,False,True,78642,972196,2385.0,50,12.1,0.388,4,0.546,0.407,0.5,0.0,0.801,0.199,0.179,Core Active,Core Relationship Customer,Moderate Risk,Low Cross-Sell Opportunity,Priority 3
C000445,P008,Premium Banking,Banking,Premium,0.0,1000000,5,False,True,78642,972196,2385.0,50,12.1,0.388,4,0.546,0.407,0.5,0.0,0.801,0.199,0.179,Core Active,Core Relationship Customer,Moderate Risk,Low Cross-Sell Opportunity,Priority 3
C000446,P003,Rewards Credit Card,Credit Card,Cards,0.28,30000,2,False,True,134358,829386,6328.36,47,9.9,0.603,2,0.592,0.6483333333333333,0.3333333333333333,1.0,0.655,0.345,0.177,Premium High-Value,Premium Relationship Customer,Moderate Risk,Moderate Cross-Sell Opportunity,Priority 2
C000446,P004,Personal Loan,Loan,Lending,0.115,75000,3,False,True,134358,829386,6328.36,47,9.9,0.603,2,0.592,0.6483333333333333,0.3333333333333333,1.0,0.655,0.345,0.177,Premium High-Value,Premium Relationship Customer,Moderate Risk,Moderate Cross-Sell Opportunity,Priority 2
C000446,P005,Home Loan,Loan,Lending,0.082,500000,4,False,True,134358,829386,6328.36,47,9.9,0.603,2,0.592,0.6483333333333333,0.3333333333333333,1.0,0.655,0.345,0.177,Premium High-Value,Premium Relationship Customer,Moderate Risk,Moderate Cross-Sell Opportunity,Priority 2
C000446,P006,Mutual Fund Plan,Investment,Wealth,0.1,10000,3,True,False,134358,829386,6328.36,47,9.9,0.603,2,0.592,0.6483333333333333,0.3333333333333333,1.0,0.655,0.345,0.177,Premium High-Value,Premium Relationship Customer,Moderate Risk,Moderate Cross-Sell Opportunity,Priority 2
C000446,P007,Term Insurance,Insurance,Protection,0.0,500000,3,False,True,134358,829386,6328.36,47,9.9,0.603,2,0.592,0.6483333333333333,0.3333333333333333,1.0,0.655,0.345,0.177,Premium High-Value,Premium Relationship Customer,Moderate Risk,Moderate Cross-Sell Opportunity,Priority 2
C000446,P008,Premium Banking,Banking,Premium,0.0,1000000,5,False,True,134358,829386,6328.36,47,9.9,0.603,2,0.592,0.6483333333333333,0.3333333333333333,1.0,0.655,0.345,0.177,Premium High-Value,Premium Relationship Customer,Moderate Risk,Moderate Cross-Sell Opportunity,Priority 2
C000447,P003,Rewards Credit Card,Credit Card,Cards,0.28,30000,2,False,True,51515,207725,2338.88,50,2.1,0.748,1,0.734,0.365,0.5,0.5,0.697,0.303,0.112,Core Active,Core Digital Customer,Low Risk,Moderate Cross-Sell Opportunity,Priority 2
C000447,P004,Personal Loan,Loan,Lending,0.115,75000,3,False,True,51515,207725,2338.88,50,2.1,0.748,1,0.734,0.365,0.5,0.5,0.697,0.303,0.112,Core Active,Core Digital Customer,Low Risk,Moderate Cross-Sell Opportunity,Priority 2
C000447,P005,Home Loan,Loan,Lending,0.082,500000,4,False,True,51515,207725,2338.88,50,2.1,0.748,1,0.734,0.365,0.5,0.5,0.697,0.303,0.112,Core Active,Core Digital Customer,Low Risk,Moderate Cross-Sell Opportunity,Priority 2
C000447,P006,Mutual Fund Plan,Investment,Wealth,0.1,10000,3,False,True,51515,207725,2338.88,50,2.1,0.748,1,0.734,0.365,0.5,0.5,0.697,0.303,0.112,Core Active,Core Digital Customer,Low Risk,Moderate Cross-Sell Opportunity,Priority 2
C000447,P007,Term Insurance,Insurance,Protection,0.0,500000,3,False,True,51515,207725,2338.88,50,2.1,0.748,1,0.734,0.365,0.5,0.5,0.697,0.303,0.112,Core Active,Core Digital Customer,Low Risk,Moderate Cross-Sell Opportunity,Priority 2
C000447,P008,Premium Banking,Banking,Premium,0.0,1000000,5,False,True,51515,207725,2338.88,50,2.1,0.748,1,0.734,0.365,0.5,0.5,0.697,0.303,0.112,Core Active,Core Digital Customer,Low Risk,Moderate Cross-Sell Opportunity,Priority 2
C000448,P003,Rewards Credit Card,Credit Card,Cards,0.28,30000,2,False,True,66312,269799,3004.33,19,36.4,0.421,1,0.377,0.391,0.0,0.0,0.748,0.252,-0.086,At Risk,At-Risk Engagement Customer,Critical Risk,Moderate Cross-Sell Opportunity,Priority 4
C000448,P004,Personal Loan,Loan,Lending,0.115,75000,3,True,False,66312,269799,3004.33,19,36.4,0.421,1,0.377,0.391,0.0,0.0,0.748,0.252,-0.086,At Risk,At-Risk Engagement Customer,Critical Risk,Moderate Cross-Sell Opportunity,Priority 4
C000448,P005,Home Loan,Loan,Lending,0.082,500000,4,False,True,66312,269799,3004.33,19,36.4,0.421,1,0.377,0.391,0.0,0.0,0.748,0.252,-0.086,At Risk,At-Risk Engagement Customer,Critical Risk,Moderate Cross-Sell Opportunity,Priority 4
C000448,P006,Mutual Fund Plan,Investment,Wealth,0.1,10000,3,False,True,66312,269799,3004.33,19,36.4,0.421,1,0.377,0.391,0.0,0.0,0.748,0.252,-0.086,At Risk,At-Risk Engagement Customer,Critical Risk,Moderate Cross-Sell Opportunity,Priority 4
C000448,P007,Term Insurance,Insurance,Protection,0.0,500000,3,False,True,66312,269799,3004.33,19,36.4,0.421,1,0.377,0.391,0.0,0.0,0.748,0.252,-0.086,At Risk,At-Risk Engagement Customer,Critical Risk,Moderate Cross-Sell Opportunity,Priority 4
C000448,P008,Premium Banking,Banking,Premium,0.0,1000000,5,False,True,66312,269799,3004.33,19,36.4,0.421,1,0.377,0.391,0.0,0.0,0.748,0.252,-0.086,At Risk,At-Risk Engagement Customer,Critical Risk,Moderate Cross-Sell Opportunity,Priority 4
C000449,P003,Rewards Credit Card,Credit Card,Cards,0.28,30000,2,True,False,86678,427023,2881.34,56,0.5,0.365,2,0.382,0.4833333333333333,0.3333333333333333,0.0,0.648,0.352,-0.326,Core Active,Core Relationship Customer,Moderate Risk,Moderate Cross-Sell Opportunity,Priority 3
C000449,P004,Personal Loan,Loan,Lending,0.115,75000,3,False,True,86678,427023,2881.34,56,0.5,0.365,2,0.382,0.4833333333333333,0.3333333333333333,0.0,0.648,0.352,-0.326,Core Active,Core Relationship Customer,Moderate Risk,Moderate Cross-Sell Opportunity,Priority 3
C000449,P005,Home Loan,Loan,Lending,0.082,500000,4,False,True,86678,427023,2881.34,56,0.5,0.365,2,0.382,0.4833333333333333,0.3333333333333333,0.0,0.648,0.352,-0.326,Core Active,Core Relationship Customer,Moderate Risk,Moderate Cross-Sell Opportunity,Priority 3
C000449,P006,Mutual Fund Plan,Investment,Wealth,0.1,10000,3,False,True,86678,427023,2881.34,56,0.5,0.365,2,0.382,0.4833333333333333,0.3333333333333333,0.0,0.648,0.352,-0.326,Core Active,Core Relationship Customer,Moderate Risk,Moderate Cross-Sell Opportunity,Priority 3
C000449,P007,Term Insurance,Insurance,Protection,0.0,500000,3,False,True,86678,427023,2881.34,56,0.5,0.365,2,0.382,0.4833333333333333,0.3333333333333333,0.0,0.648,0.352,-0.326,Core Active,Core Relationship Customer,Moderate Risk,Moderate Cross-Sell Opportunity,Priority 3
C000449,P008,Premium Banking,Banking,Premium,0.0,1000000,5,False,True,86678,427023,2881.34,56,0.5,0.365,2,0.382,0.4833333333333333,0.3333333333333333,0.0,0.648,0.352,-0.326,Core Active,Core Relationship Customer,Moderate Risk,Moderate Cross-Sell Opportunity,Priority 3
C000450,P003,Rewards Credit Card,Credit Card,Cards,0.28,30000,2,True,False,70328,401512,2682.5,40,4.1,0.402,3,0.455,0.4591999999999999,0.2,0.0,0.91,0.09,0.07,Core Active,Core Relationship Customer,Low Risk,Moderate Cross-Sell Opportunity,Priority 3
C000450,P004,Personal Loan,Loan,Lending,0.115,75000,3,False,True,70328,401512,2682.5,40,4.1,0.402,3,0.455,0.4591999999999999,0.2,0.0,0.91,0.09,0.07,Core Active,Core Relationship Customer,Low Risk,Moderate Cross-Sell Opportunity,Priority 3
C000450,P005,Home Loan,Loan,Lending,0.082,500000,4,False,True,70328,401512,2682.5,40,4.1,0.402,3,0.455,0.4591999999999999,0.2,0.0,0.91,0.09,0.07,Core Active,Core Relationship Customer,Low Risk,Moderate Cross-Sell Opportunity,Priority 3
C000450,P006,Mutual Fund Plan,Investment,Wealth,0.1,10000,3,False,True,70328,401512,2682.5,40,4.1,0.402,3,0.455,0.4591999999999999,0.2,0.0,0.91,0.09,0.07,Core Active,Core Relationship Customer,Low Risk,Moderate Cross-Sell Opportunity,Priority 3
C000450,P007,Term Insurance,Insurance,Protection,0.0,500000,3,False,True,70328,401512,2682.5,40,4.1,0.402,3,0.455,0.4591999999999999,0.2,0.0,0.91,0.09,0.07,Core Active,Core Relationship Customer,Low Risk,Moderate Cross-Sell Opportunity,Priority 3
C000450,P008,Premium Banking,Banking,Premium,0.0,1000000,5,False,True,70328,401512,2682.5,40,4.1,0.402,3,0.455,0.4591999999999999,0.2,0.0,0.91,0.09,0.07,Core Active,Core Relationship Customer,Low Risk,Moderate Cross-Sell Opportunity,Priority 3
C000451,P003,Rewards Credit Card,Credit Card,Cards,0.28,30000,2,True,False,82931,185113,5843.79,40,17.4,0.581,2,0.354,0.40125,0.25,0.0,0.784,0.216,0.249,Core Active,Core Relationship Customer,High Risk,Moderate Cross-Sell Opportunity,Priority 3
C000451,P004,Personal Loan,Loan,Lending,0.115,75000,3,False,True,82931,185113,5843.79,40,17.4,0.581,2,0.354,0.40125,0.25,0.0,0.784,0.216,0.249,Core Active,Core Relationship Customer,High Risk,Moderate Cross-Sell Opportunity,Priority 3
C000451,P005,Home Loan,Loan,Lending,0.082,500000,4,False,True,82931,185113,5843.79,40,17.4,0.581,2,0.354,0.40125,0.25,0.0,0.784,0.216,0.249,Core Active,Core Relationship Customer,High Risk,Moderate Cross-Sell Opportunity,Priority 3
C000451,P006,Mutual Fund Plan,Investment,Wealth,0.1,10000,3,False,True,82931,185113,5843.79,40,17.4,0.581,2,0.354,0.40125,0.25,0.0,0.784,0.216,0.249,Core Active,Core Relationship Customer,High Risk,Moderate Cross-Sell Opportunity,Priority 3
C000451,P007,Term Insurance,Insurance,Protection,0.0,500000,3,False,True,82931,185113,5843.79,40,17.4,0.581,2,0.354,0.40125,0.25,0.0,0.784,0.216,0.249,Core Active,Core Relationship Customer,High Risk,Moderate Cross-Sell Opportunity,Priority 3
C000451,P008,Premium Banking,Banking,Premium,0.0,1000000,5,False,True,82931,185113,5843.79,40,17.4,0.581,2,0.354,0.40125,0.25,0.0,0.784,0.216,0.249,Core Active,Core Relationship Customer,High Risk,Moderate Cross-Sell Opportunity,Priority 3
C000452,P003,Rewards Credit Card,Credit Card,Cards,0.28,30000,2,False,True,85489,345190,4742.53,47,30.5,0.646,2,0.645,0.465,0.6666666666666666,0.0,0.844,0.156,-0.179,Premium High-Value,Premium Relationship Customer,High Risk,Moderate Cross-Sell Opportunity,Priority 2
C000452,P004,Personal Loan,Loan,Lending,0.115,75000,3,False,True,85489,345190,4742.53,47,30.5,0.646,2,0.645,0.465,0.6666666666666666,0.0,0.844,0.156,-0.179,Premium High-Value,Premium Relationship Customer,High Risk,Moderate Cross-Sell Opportunity,Priority 2
C000452,P005,Home Loan,Loan,Lending,0.082,500000,4,False,True,85489,345190,4742.53,47,30.5,0.646,2,0.645,0.465,0.6666666666666666,0.0,0.844,0.156,-0.179,Premium High-Value,Premium Relationship Customer,High Risk,Moderate Cross-Sell Opportunity,Priority 2
C000452,P006,Mutual Fund Plan,Investment,Wealth,0.1,10000,3,True,False,85489,345190,4742.53,47,30.5,0.646,2,0.645,0.465,0.6666666666666666,0.0,0.844,0.156,-0.179,Premium High-Value,Premium Relationship Customer,High Risk,Moderate Cross-Sell Opportunity,Priority 2
C000452,P007,Term Insurance,Insurance,Protection,0.0,500000,3,False,True,85489,345190,4742.53,47,30.5,0.646,2,0.645,0.465,0.6666666666666666,0.0,0.844,0.156,-0.179,Premium High-Value,Premium Relationship Customer,High Risk,Moderate Cross-Sell Opportunity,Priority 2
C000452,P008,Premium Banking,Banking,Premium,0.0,1000000,5,False,True,85489,345190,4742.53,47,30.5,0.646,2,0.645,0.465,0.6666666666666666,0.0,0.844,0.156,-0.179,Premium High-Value,Premium Relationship Customer,High Risk,Moderate Cross-Sell Opportunity,Priority 2
C000453,P003,Rewards Credit Card,Credit Card,Cards,0.28,30000,2,False,True,95580,324892,5390.49,40,14.2,0.606,1,0.4,0.4386666666666667,0.3333333333333333,0.0,0.87,0.13,0.169,Core Active,Core Relationship Customer,Moderate Risk,Moderate Cross-Sell Opportunity,Priority 3
C000453,P004,Personal Loan,Loan,Lending,0.115,75000,3,False,True,95580,324892,5390.49,40,14.2,0.606,1,0.4,0.4386666666666667,0.3333333333333333,0.0,0.87,0.13,0.169,Core Active,Core Relationship Customer,Moderate Risk,Moderate Cross-Sell Opportunity,Priority 3
C000453,P005,Home Loan,Loan,Lending,0.082,500000,4,False,True,95580,324892,5390.49,40,14.2,0.606,1,0.4,0.4386666666666667,0.3333333333333333,0.0,0.87,0.13,0.169,Core Active,Core Relationship Customer,Moderate Risk,Moderate Cross-Sell Opportunity,Priority 3
C000453,P006,Mutual Fund Plan,Investment,Wealth,0.1,10000,3,False,True,95580,324892,5390.49,40,14.2,0.606,1,0.4,0.4386666666666667,0.3333333333333333,0.0,0.87,0.13,0.169,Core Active,Core Relationship Customer,Moderate Risk,Moderate Cross-Sell Opportunity,Priority 3
C000453,P007,Term Insurance,Insurance,Protection,0.0,500000,3,False,True,95580,324892,5390.49,40,14.2,0.606,1,0.4,0.4386666666666667,0.3333333333333333,0.0,0.87,0.13,0.169,Core Active,Core Relationship Customer,Moderate Risk,Moderate Cross-Sell Opportunity,Priority 3
C000453,P008,Premium Banking,Banking,Premium,0.0,1000000,5,False,True,95580,324892,5390.49,40,14.2,0.606,1,0.4,0.4386666666666667,0.3333333333333333,0.0,0.87,0.13,0.169,Core Active,Core Relationship Customer,Moderate Risk,Moderate Cross-Sell Opportunity,Priority 3
C000454,P003,Rewards Credit Card,Credit Card,Cards,0.28,30000,2,True,False,58198,250671,1743.22,22,20.0,0.728,1,0.45,0.3844999999999999,0.0,0.0,0.625,0.375,-0.104,Core Active,Core Relationship Customer,Critical Risk,Moderate Cross-Sell Opportunity,Priority 4
C000454,P004,Personal Loan,Loan,Lending,0.115,75000,3,False,True,58198,250671,1743.22,22,20.0,0.728,1,0.45,0.3844999999999999,0.0,0.0,0.625,0.375,-0.104,Core Active,Core Relationship Customer,Critical Risk,Moderate Cross-Sell Opportunity,Priority 4
C000454,P005,Home Loan,Loan,Lending,0.082,500000,4,False,True,58198,250671,1743.22,22,20.0,0.728,1,0.45,0.3844999999999999,0.0,0.0,0.625,0.375,-0.104,Core Active,Core Relationship Customer,Critical Risk,Moderate Cross-Sell Opportunity,Priority 4
C000454,P006,Mutual Fund Plan,Investment,Wealth,0.1,10000,3,False,True,58198,250671,1743.22,22,20.0,0.728,1,0.45,0.3844999999999999,0.0,0.0,0.625,0.375,-0.104,Core Active,Core Relationship Customer,Critical Risk,Moderate Cross-Sell Opportunity,Priority 4
C000454,P007,Term Insurance,Insurance,Protection,0.0,500000,3,False,True,58198,250671,1743.22,22,20.0,0.728,1,0.45,0.3844999999999999,0.0,0.0,0.625,0.375,-0.104,Core Active,Core Relationship Customer,Critical Risk,Moderate Cross-Sell Opportunity,Priority 4
C000454,P008,Premium Banking,Banking,Premium,0.0,1000000,5,False,True,58198,250671,1743.22,22,20.0,0.728,1,0.45,0.3844999999999999,0.0,0.0,0.625,0.375,-0.104,Core Active,Core Relationship Customer,Critical Risk,Moderate Cross-Sell Opportunity,Priority 4
C000455,P003,Rewards Credit Card,Credit Card,Cards,0.28,30000,2,False,True,69086,282793,2026.77,15,18.1,0.269,3,0.487,0.4123333333333334,0.3333333333333333,0.0,0.896,0.104,-0.042,Core Active,Core Relationship Customer,Critical Risk,Low Cross-Sell Opportunity,Priority 3
C000455,P004,Personal Loan,Loan,Lending,0.115,75000,3,False,True,69086,282793,2026.77,15,18.1,0.269,3,0.487,0.4123333333333334,0.3333333333333333,0.0,0.896,0.104,-0.042,Core Active,Core Relationship Customer,Critical Risk,Low Cross-Sell Opportunity,Priority 3
C000455,P005,Home Loan,Loan,Lending,0.082,500000,4,True,False,69086,282793,2026.77,15,18.1,0.269,3,0.487,0.4123333333333334,0.3333333333333333,0.0,0.896,0.104,-0.042,Core Active,Core Relationship Customer,Critical Risk,Low Cross-Sell Opportunity,Priority 3
C000455,P006,Mutual Fund Plan,Investment,Wealth,0.1,10000,3,False,True,69086,282793,2026.77,15,18.1,0.269,3,0.487,0.4123333333333334,0.3333333333333333,0.0,0.896,0.104,-0.042,Core Active,Core Relationship Customer,Critical Risk,Low Cross-Sell Opportunity,Priority 3
C000455,P007,Term Insurance,Insurance,Protection,0.0,500000,3,True,False,69086,282793,2026.77,15,18.1,0.269,3,0.487,0.4123333333333334,0.3333333333333333,0.0,0.896,0.104,-0.042,Core Active,Core Relationship Customer,Critical Risk,Low Cross-Sell Opportunity,Priority 3
C000455,P008,Premium Banking,Banking,Premium,0.0,1000000,5,False,True,69086,282793,2026.77,15,18.1,0.269,3,0.487,0.4123333333333334,0.3333333333333333,0.0,0.896,0.104,-0.042,Core Active,Core Relationship Customer,Critical Risk,Low Cross-Sell Opportunity,Priority 3
C000456,P003,Rewards Credit Card,Credit Card,Cards,0.28,30000,2,False,True,100209,125841,6780.64,33,6.5,0.606,3,0.603,0.2685,0.25,0.0,0.542,0.458,0.084,Core Active,Core Relationship Customer,Moderate Risk,Moderate Cross-Sell Opportunity,Priority 3
C000456,P004,Personal Loan,Loan,Lending,0.115,75000,3,True,False,100209,125841,6780.64,33,6.5,0.606,3,0.603,0.2685,0.25,0.0,0.542,0.458,0.084,Core Active,Core Relationship Customer,Moderate Risk,Moderate Cross-Sell Opportunity,Priority 3
C000456,P005,Home Loan,Loan,Lending,0.082,500000,4,False,True,100209,125841,6780.64,33,6.5,0.606,3,0.603,0.2685,0.25,0.0,0.542,0.458,0.084,Core Active,Core Relationship Customer,Moderate Risk,Moderate Cross-Sell Opportunity,Priority 3
C000456,P006,Mutual Fund Plan,Investment,Wealth,0.1,10000,3,False,True,100209,125841,6780.64,33,6.5,0.606,3,0.603,0.2685,0.25,0.0,0.542,0.458,0.084,Core Active,Core Relationship Customer,Moderate Risk,Moderate Cross-Sell Opportunity,Priority 3
C000456,P007,Term Insurance,Insurance,Protection,0.0,500000,3,False,True,100209,125841,6780.64,33,6.5,0.606,3,0.603,0.2685,0.25,0.0,0.542,0.458,0.084,Core Active,Core Relationship Customer,Moderate Risk,Moderate Cross-Sell Opportunity,Priority 3
C000456,P008,Premium Banking,Banking,Premium,0.0,1000000,5,False,True,100209,125841,6780.64,33,6.5,0.606,3,0.603,0.2685,0.25,0.0,0.542,0.458,0.084,Core Active,Core Relationship Customer,Moderate Risk,Moderate Cross-Sell Opportunity,Priority 3
C000457,P003,Rewards Credit Card,Credit Card,Cards,0.28,30000,2,True,False,389457,580136,13007.95,50,8.1,0.479,5,0.72,0.5671999999999999,0.6,0.3333333333333333,0.861,0.139,0.294,Premium High-Value,Premium Relationship Customer,Low Risk,Moderate Cross-Sell Opportunity,Priority 2
C000457,P004,Personal Loan,Loan,Lending,0.115,75000,3,True,False,389457,580136,13007.95,50,8.1,0.479,5,0.72,0.5671999999999999,0.6,0.3333333333333333,0.861,0.139,0.294,Premium High-Value,Premium Relationship Customer,Low Risk,Moderate Cross-Sell Opportunity,Priority 2
C000457,P005,Home Loan,Loan,Lending,0.082,500000,4,False,True,389457,580136,13007.95,50,8.1,0.479,5,0.72,0.5671999999999999,0.6,0.3333333333333333,0.861,0.139,0.294,Premium High-Value,Premium Relationship Customer,Low Risk,Moderate Cross-Sell Opportunity,Priority 2
C000457,P006,Mutual Fund Plan,Investment,Wealth,0.1,10000,3,True,False,389457,580136,13007.95,50,8.1,0.479,5,0.72,0.5671999999999999,0.6,0.3333333333333333,0.861,0.139,0.294,Premium High-Value,Premium Relationship Customer,Low Risk,Moderate Cross-Sell Opportunity,Priority 2
C000457,P007,Term Insurance,Insurance,Protection,0.0,500000,3,True,False,389457,580136,13007.95,50,8.1,0.479,5,0.72,0.5671999999999999,0.6,0.3333333333333333,0.861,0.139,0.294,Premium High-Value,Premium Relationship Customer,Low Risk,Moderate Cross-Sell Opportunity,Priority 2
C000457,P008,Premium Banking,Banking,Premium,0.0,1000000,5,True,False,389457,580136,13007.95,50,8.1,0.479,5,0.72,0.5671999999999999,0.6,0.3333333333333333,0.861,0.139,0.294,Premium High-Value,Premium Relationship Customer,Low Risk,Moderate Cross-Sell Opportunity,Priority 2
C000458,P003,Rewards Credit Card,Credit Card,Cards,0.28,30000,2,False,True,59510,803897,3012.5,26,9.6,0.468,2,0.529,0.418,0.0,0.0,0.773,0.227,-0.085,Core Active,Core Relationship Customer,High Risk,Moderate Cross-Sell Opportunity,Priority 3
C000458,P004,Personal Loan,Loan,Lending,0.115,75000,3,False,True,59510,803897,3012.5,26,9.6,0.468,2,0.529,0.418,0.0,0.0,0.773,0.227,-0.085,Core Active,Core Relationship Customer,High Risk,Moderate Cross-Sell Opportunity,Priority 3
C000458,P005,Home Loan,Loan,Lending,0.082,500000,4,True,False,59510,803897,3012.5,26,9.6,0.468,2,0.529,0.418,0.0,0.0,0.773,0.227,-0.085,Core Active,Core Relationship Customer,High Risk,Moderate Cross-Sell Opportunity,Priority 3
C000458,P006,Mutual Fund Plan,Investment,Wealth,0.1,10000,3,False,True,59510,803897,3012.5,26,9.6,0.468,2,0.529,0.418,0.0,0.0,0.773,0.227,-0.085,Core Active,Core Relationship Customer,High Risk,Moderate Cross-Sell Opportunity,Priority 3
C000458,P007,Term Insurance,Insurance,Protection,0.0,500000,3,False,True,59510,803897,3012.5,26,9.6,0.468,2,0.529,0.418,0.0,0.0,0.773,0.227,-0.085,Core Active,Core Relationship Customer,High Risk,Moderate Cross-Sell Opportunity,Priority 3
C000458,P008,Premium Banking,Banking,Premium,0.0,1000000,5,False,True,59510,803897,3012.5,26,9.6,0.468,2,0.529,0.418,0.0,0.0,0.773,0.227,-0.085,Core Active,Core Relationship Customer,High Risk,Moderate Cross-Sell Opportunity,Priority 3
C000459,P003,Rewards Credit Card,Credit Card,Cards,0.28,30000,2,False,True,82048,273111,4523.47,56,17.6,0.769,2,0.673,0.457,0.75,0.3333333333333333,0.889,0.111,0.218,Premium High-Value,Premium Digital Customer,Moderate Risk,Moderate Cross-Sell Opportunity,Priority 2
C000459,P004,Personal Loan,Loan,Lending,0.115,75000,3,False,True,82048,273111,4523.47,56,17.6,0.769,2,0.673,0.457,0.75,0.3333333333333333,0.889,0.111,0.218,Premium High-Value,Premium Digital Customer,Moderate Risk,Moderate Cross-Sell Opportunity,Priority 2
C000459,P005,Home Loan,Loan,Lending,0.082,500000,4,False,True,82048,273111,4523.47,56,17.6,0.769,2,0.673,0.457,0.75,0.3333333333333333,0.889,0.111,0.218,Premium High-Value,Premium Digital Customer,Moderate Risk,Moderate Cross-Sell Opportunity,Priority 2
C000459,P006,Mutual Fund Plan,Investment,Wealth,0.1,10000,3,False,True,82048,273111,4523.47,56,17.6,0.769,2,0.673,0.457,0.75,0.3333333333333333,0.889,0.111,0.218,Premium High-Value,Premium Digital Customer,Moderate Risk,Moderate Cross-Sell Opportunity,Priority 2
C000459,P007,Term Insurance,Insurance,Protection,0.0,500000,3,True,False,82048,273111,4523.47,56,17.6,0.769,2,0.673,0.457,0.75,0.3333333333333333,0.889,0.111,0.218,Premium High-Value,Premium Digital Customer,Moderate Risk,Moderate Cross-Sell Opportunity,Priority 2
C000459,P008,Premium Banking,Banking,Premium,0.0,1000000,5,False,True,82048,273111,4523.47,56,17.6,0.769,2,0.673,0.457,0.75,0.3333333333333333,0.889,0.111,0.218,Premium High-Value,Premium Digital Customer,Moderate Risk,Moderate Cross-Sell Opportunity,Priority 2
C000460,P003,Rewards Credit Card,Credit Card,Cards,0.28,30000,2,True,False,105090,232494,4912.71,55,10.0,0.94,5,0.723,0.434,0.5,0.0,0.849,0.151,0.192,Premium High-Value,Premium Digital Customer,Low Risk,Moderate Cross-Sell Opportunity,Priority 3
C000460,P004,Personal Loan,Loan,Lending,0.115,75000,3,True,False,105090,232494,4912.71,55,10.0,0.94,5,0.723,0.434,0.5,0.0,0.849,0.151,0.192,Premium High-Value,Premium Digital Customer,Low Risk,Moderate Cross-Sell Opportunity,Priority 3
C000460,P005,Home Loan,Loan,Lending,0.082,500000,4,False,True,105090,232494,4912.71,55,10.0,0.94,5,0.723,0.434,0.5,0.0,0.849,0.151,0.192,Premium High-Value,Premium Digital Customer,Low Risk,Moderate Cross-Sell Opportunity,Priority 3
C000460,P006,Mutual Fund Plan,Investment,Wealth,0.1,10000,3,True,False,105090,232494,4912.71,55,10.0,0.94,5,0.723,0.434,0.5,0.0,0.849,0.151,0.192,Premium High-Value,Premium Digital Customer,Low Risk,Moderate Cross-Sell Opportunity,Priority 3
C000460,P007,Term Insurance,Insurance,Protection,0.0,500000,3,False,True,105090,232494,4912.71,55,10.0,0.94,5,0.723,0.434,0.5,0.0,0.849,0.151,0.192,Premium High-Value,Premium Digital Customer,Low Risk,Moderate Cross-Sell Opportunity,Priority 3
C000460,P008,Premium Banking,Banking,Premium,0.0,1000000,5,False,True,105090,232494,4912.71,55,10.0,0.94,5,0.723,0.434,0.5,0.0,0.849,0.151,0.192,Premium High-Value,Premium Digital Customer,Low Risk,Moderate Cross-Sell Opportunity,Priority 3
C000461,P003,Rewards Credit Card,Credit Card,Cards,0.28,30000,2,False,True,55878,270994,1832.09,8,136.2,0.237,1,0.244,0.38975,0.5,1.0,0.827,0.173,-0.269,Dormant / Declining,Dormant Reactivation Target,Critical Risk,Low Cross-Sell Opportunity,Priority 3
C000461,P004,Personal Loan,Loan,Lending,0.115,75000,3,False,True,55878,270994,1832.09,8,136.2,0.237,1,0.244,0.38975,0.5,1.0,0.827,0.173,-0.269,Dormant / Declining,Dormant Reactivation Target,Critical Risk,Low Cross-Sell Opportunity,Priority 3
C000461,P005,Home Loan,Loan,Lending,0.082,500000,4,False,True,55878,270994,1832.09,8,136.2,0.237,1,0.244,0.38975,0.5,1.0,0.827,0.173,-0.269,Dormant / Declining,Dormant Reactivation Target,Critical Risk,Low Cross-Sell Opportunity,Priority 3
C000461,P006,Mutual Fund Plan,Investment,Wealth,0.1,10000,3,False,True,55878,270994,1832.09,8,136.2,0.237,1,0.244,0.38975,0.5,1.0,0.827,0.173,-0.269,Dormant / Declining,Dormant Reactivation Target,Critical Risk,Low Cross-Sell Opportunity,Priority 3
C000461,P007,Term Insurance,Insurance,Protection,0.0,500000,3,False,True,55878,270994,1832.09,8,136.2,0.237,1,0.244,0.38975,0.5,1.0,0.827,0.173,-0.269,Dormant / Declining,Dormant Reactivation Target,Critical Risk,Low Cross-Sell Opportunity,Priority 3
C000461,P008,Premium Banking,Banking,Premium,0.0,1000000,5,False,True,55878,270994,1832.09,8,136.2,0.237,1,0.244,0.38975,0.5,1.0,0.827,0.173,-0.269,Dormant / Declining,Dormant Reactivation Target,Critical Risk,Low Cross-Sell Opportunity,Priority 3
C000462,P003,Rewards Credit Card,Credit Card,Cards,0.28,30000,2,True,False,77911,427703,3158.63,43,7.8,0.464,4,0.587,0.43925,0.5,0.0,0.752,0.248,0.163,Core Active,Core Relationship Customer,Low Risk,Moderate Cross-Sell Opportunity,Priority 3
C000462,P004,Personal Loan,Loan,Lending,0.115,75000,3,True,False,77911,427703,3158.63,43,7.8,0.464,4,0.587,0.43925,0.5,0.0,0.752,0.248,0.163,Core Active,Core Relationship Customer,Low Risk,Moderate Cross-Sell Opportunity,Priority 3
C000462,P005,Home Loan,Loan,Lending,0.082,500000,4,False,True,77911,427703,3158.63,43,7.8,0.464,4,0.587,0.43925,0.5,0.0,0.752,0.248,0.163,Core Active,Core Relationship Customer,Low Risk,Moderate Cross-Sell Opportunity,Priority 3
C000462,P006,Mutual Fund Plan,Investment,Wealth,0.1,10000,3,False,True,77911,427703,3158.63,43,7.8,0.464,4,0.587,0.43925,0.5,0.0,0.752,0.248,0.163,Core Active,Core Relationship Customer,Low Risk,Moderate Cross-Sell Opportunity,Priority 3
C000462,P007,Term Insurance,Insurance,Protection,0.0,500000,3,True,False,77911,427703,3158.63,43,7.8,0.464,4,0.587,0.43925,0.5,0.0,0.752,0.248,0.163,Core Active,Core Relationship Customer,Low Risk,Moderate Cross-Sell Opportunity,Priority 3
C000462,P008,Premium Banking,Banking,Premium,0.0,1000000,5,False,True,77911,427703,3158.63,43,7.8,0.464,4,0.587,0.43925,0.5,0.0,0.752,0.248,0.163,Core Active,Core Relationship Customer,Low Risk,Moderate Cross-Sell Opportunity,Priority 3
C000463,P003,Rewards Credit Card,Credit Card,Cards,0.28,30000,2,False,True,77387,155829,5397.59,47,14.8,0.793,1,0.678,0.472,0.25,1.0,0.838,0.162,0.064,Core Active,Core Digital Customer,Moderate Risk,Moderate Cross-Sell Opportunity,Priority 3
C000463,P004,Personal Loan,Loan,Lending,0.115,75000,3,False,True,77387,155829,5397.59,47,14.8,0.793,1,0.678,0.472,0.25,1.0,0.838,0.162,0.064,Core Active,Core Digital Customer,Moderate Risk,Moderate Cross-Sell Opportunity,Priority 3
C000463,P005,Home Loan,Loan,Lending,0.082,500000,4,False,True,77387,155829,5397.59,47,14.8,0.793,1,0.678,0.472,0.25,1.0,0.838,0.162,0.064,Core Active,Core Digital Customer,Moderate Risk,Moderate Cross-Sell Opportunity,Priority 3
C000463,P006,Mutual Fund Plan,Investment,Wealth,0.1,10000,3,False,True,77387,155829,5397.59,47,14.8,0.793,1,0.678,0.472,0.25,1.0,0.838,0.162,0.064,Core Active,Core Digital Customer,Moderate Risk,Moderate Cross-Sell Opportunity,Priority 3
C000463,P007,Term Insurance,Insurance,Protection,0.0,500000,3,False,True,77387,155829,5397.59,47,14.8,0.793,1,0.678,0.472,0.25,1.0,0.838,0.162,0.064,Core Active,Core Digital Customer,Moderate Risk,Moderate Cross-Sell Opportunity,Priority 3
C000463,P008,Premium Banking,Banking,Premium,0.0,1000000,5,False,True,77387,155829,5397.59,47,14.8,0.793,1,0.678,0.472,0.25,1.0,0.838,0.162,0.064,Core Active,Core Digital Customer,Moderate Risk,Moderate Cross-Sell Opportunity,Priority 3
C000464,P003,Rewards Credit Card,Credit Card,Cards,0.28,30000,2,False,True,35240,146296,1699.44,34,1.7,0.643,1,0.498,0.475,0.75,0.3333333333333333,0.665,0.335,-0.159,Core Active,Core Relationship Customer,Moderate Risk,Moderate Cross-Sell Opportunity,Priority 3
C000464,P004,Personal Loan,Loan,Lending,0.115,75000,3,False,True,35240,146296,1699.44,34,1.7,0.643,1,0.498,0.475,0.75,0.3333333333333333,0.665,0.335,-0.159,Core Active,Core Relationship Customer,Moderate Risk,Moderate Cross-Sell Opportunity,Priority 3
C000464,P005,Home Loan,Loan,Lending,0.082,500000,4,False,True,35240,146296,1699.44,34,1.7,0.643,1,0.498,0.475,0.75,0.3333333333333333,0.665,0.335,-0.159,Core Active,Core Relationship Customer,Moderate Risk,Moderate Cross-Sell Opportunity,Priority 3
C000464,P006,Mutual Fund Plan,Investment,Wealth,0.1,10000,3,False,True,35240,146296,1699.44,34,1.7,0.643,1,0.498,0.475,0.75,0.3333333333333333,0.665,0.335,-0.159,Core Active,Core Relationship Customer,Moderate Risk,Moderate Cross-Sell Opportunity,Priority 3
C000464,P007,Term Insurance,Insurance,Protection,0.0,500000,3,False,True,35240,146296,1699.44,34,1.7,0.643,1,0.498,0.475,0.75,0.3333333333333333,0.665,0.335,-0.159,Core Active,Core Relationship Customer,Moderate Risk,Moderate Cross-Sell Opportunity,Priority 3
C000464,P008,Premium Banking,Banking,Premium,0.0,1000000,5,False,True,35240,146296,1699.44,34,1.7,0.643,1,0.498,0.475,0.75,0.3333333333333333,0.665,0.335,-0.159,Core Active,Core Relationship Customer,Moderate Risk,Moderate Cross-Sell Opportunity,Priority 3
C000465,P003,Rewards Credit Card,Credit Card,Cards,0.28,30000,2,True,False,77927,287365,2771.26,46,3.0,0.643,3,0.57,0.32,0.0,0.0,0.862,0.138,0.064,Core Active,Core Relationship Customer,Low Risk,Moderate Cross-Sell Opportunity,Priority 3
C000465,P004,Personal Loan,Loan,Lending,0.115,75000,3,False,True,77927,287365,2771.26,46,3.0,0.643,3,0.57,0.32,0.0,0.0,0.862,0.138,0.064,Core Active,Core Relationship Customer,Low Risk,Moderate Cross-Sell Opportunity,Priority 3
C000465,P005,Home Loan,Loan,Lending,0.082,500000,4,False,True,77927,287365,2771.26,46,3.0,0.643,3,0.57,0.32,0.0,0.0,0.862,0.138,0.064,Core Active,Core Relationship Customer,Low Risk,Moderate Cross-Sell Opportunity,Priority 3
C000465,P006,Mutual Fund Plan,Investment,Wealth,0.1,10000,3,True,False,77927,287365,2771.26,46,3.0,0.643,3,0.57,0.32,0.0,0.0,0.862,0.138,0.064,Core Active,Core Relationship Customer,Low Risk,Moderate Cross-Sell Opportunity,Priority 3
C000465,P007,Term Insurance,Insurance,Protection,0.0,500000,3,False,True,77927,287365,2771.26,46,3.0,0.643,3,0.57,0.32,0.0,0.0,0.862,0.138,0.064,Core Active,Core Relationship Customer,Low Risk,Moderate Cross-Sell Opportunity,Priority 3
C000465,P008,Premium Banking,Banking,Premium,0.0,1000000,5,False,True,77927,287365,2771.26,46,3.0,0.643,3,0.57,0.32,0.0,0.0,0.862,0.138,0.064,Core Active,Core Relationship Customer,Low Risk,Moderate Cross-Sell Opportunity,Priority 3
C000466,P003,Rewards Credit Card,Credit Card,Cards,0.28,30000,2,True,False,334226,520441,18791.98,55,11.4,0.586,4,0.557,0.49875,0.75,0.0,0.863,0.137,0.112,Premium High-Value,Premium Relationship Customer,Moderate Risk,Moderate Cross-Sell Opportunity,Priority 2
C000466,P004,Personal Loan,Loan,Lending,0.115,75000,3,False,True,334226,520441,18791.98,55,11.4,0.586,4,0.557,0.49875,0.75,0.0,0.863,0.137,0.112,Premium High-Value,Premium Relationship Customer,Moderate Risk,Moderate Cross-Sell Opportunity,Priority 2
C000466,P005,Home Loan,Loan,Lending,0.082,500000,4,False,True,334226,520441,18791.98,55,11.4,0.586,4,0.557,0.49875,0.75,0.0,0.863,0.137,0.112,Premium High-Value,Premium Relationship Customer,Moderate Risk,Moderate Cross-Sell Opportunity,Priority 2
C000466,P006,Mutual Fund Plan,Investment,Wealth,0.1,10000,3,False,True,334226,520441,18791.98,55,11.4,0.586,4,0.557,0.49875,0.75,0.0,0.863,0.137,0.112,Premium High-Value,Premium Relationship Customer,Moderate Risk,Moderate Cross-Sell Opportunity,Priority 2
C000466,P007,Term Insurance,Insurance,Protection,0.0,500000,3,True,False,334226,520441,18791.98,55,11.4,0.586,4,0.557,0.49875,0.75,0.0,0.863,0.137,0.112,Premium High-Value,Premium Relationship Customer,Moderate Risk,Moderate Cross-Sell Opportunity,Priority 2
C000466,P008,Premium Banking,Banking,Premium,0.0,1000000,5,True,False,334226,520441,18791.98,55,11.4,0.586,4,0.557,0.49875,0.75,0.0,0.863,0.137,0.112,Premium High-Value,Premium Relationship Customer,Moderate Risk,Moderate Cross-Sell Opportunity,Priority 2
C000467,P003,Rewards Credit Card,Credit Card,Cards,0.28,30000,2,False,True,42606,370250,2162.52,25,15.9,0.719,1,0.34,0.2169999999999999,0.0,0.0,0.64,0.36,0.105,Core Active,Core Relationship Customer,High Risk,Moderate Cross-Sell Opportunity,Priority 3
C000467,P004,Personal Loan,Loan,Lending,0.115,75000,3,False,True,42606,370250,2162.52,25,15.9,0.719,1,0.34,0.2169999999999999,0.0,0.0,0.64,0.36,0.105,Core Active,Core Relationship Customer,High Risk,Moderate Cross-Sell Opportunity,Priority 3
C000467,P005,Home Loan,Loan,Lending,0.082,500000,4,False,True,42606,370250,2162.52,25,15.9,0.719,1,0.34,0.2169999999999999,0.0,0.0,0.64,0.36,0.105,Core Active,Core Relationship Customer,High Risk,Moderate Cross-Sell Opportunity,Priority 3
C000467,P006,Mutual Fund Plan,Investment,Wealth,0.1,10000,3,False,True,42606,370250,2162.52,25,15.9,0.719,1,0.34,0.2169999999999999,0.0,0.0,0.64,0.36,0.105,Core Active,Core Relationship Customer,High Risk,Moderate Cross-Sell Opportunity,Priority 3
C000467,P007,Term Insurance,Insurance,Protection,0.0,500000,3,False,True,42606,370250,2162.52,25,15.9,0.719,1,0.34,0.2169999999999999,0.0,0.0,0.64,0.36,0.105,Core Active,Core Relationship Customer,High Risk,Moderate Cross-Sell Opportunity,Priority 3
C000467,P008,Premium Banking,Banking,Premium,0.0,1000000,5,False,True,42606,370250,2162.52,25,15.9,0.719,1,0.34,0.2169999999999999,0.0,0.0,0.64,0.36,0.105,Core Active,Core Relationship Customer,High Risk,Moderate Cross-Sell Opportunity,Priority 3
C000468,P003,Rewards Credit Card,Credit Card,Cards,0.28,30000,2,False,True,67199,358274,4010.51,36,5.3,0.642,1,0.517,0.4362,0.4,0.0,0.614,0.386,0.091,Core Active,Core Relationship Customer,Moderate Risk,Moderate Cross-Sell Opportunity,Priority 3
C000468,P004,Personal Loan,Loan,Lending,0.115,75000,3,False,True,67199,358274,4010.51,36,5.3,0.642,1,0.517,0.4362,0.4,0.0,0.614,0.386,0.091,Core Active,Core Relationship Customer,Moderate Risk,Moderate Cross-Sell Opportunity,Priority 3
C000468,P005,Home Loan,Loan,Lending,0.082,500000,4,False,True,67199,358274,4010.51,36,5.3,0.642,1,0.517,0.4362,0.4,0.0,0.614,0.386,0.091,Core Active,Core Relationship Customer,Moderate Risk,Moderate Cross-Sell Opportunity,Priority 3
C000468,P006,Mutual Fund Plan,Investment,Wealth,0.1,10000,3,False,True,67199,358274,4010.51,36,5.3,0.642,1,0.517,0.4362,0.4,0.0,0.614,0.386,0.091,Core Active,Core Relationship Customer,Moderate Risk,Moderate Cross-Sell Opportunity,Priority 3
C000468,P007,Term Insurance,Insurance,Protection,0.0,500000,3,False,True,67199,358274,4010.51,36,5.3,0.642,1,0.517,0.4362,0.4,0.0,0.614,0.386,0.091,Core Active,Core Relationship Customer,Moderate Risk,Moderate Cross-Sell Opportunity,Priority 3
C000468,P008,Premium Banking,Banking,Premium,0.0,1000000,5,False,True,67199,358274,4010.51,36,5.3,0.642,1,0.517,0.4362,0.4,0.0,0.614,0.386,0.091,Core Active,Core Relationship Customer,Moderate Risk,Moderate Cross-Sell Opportunity,Priority 3
C000469,P003,Rewards Credit Card,Credit Card,Cards,0.28,30000,2,False,True,48870,98638,1000.0,5,55.6,0.097,1,0.204,0.239,0.0,0.0,0.626,0.374,-0.237,At Risk,At-Risk Declining Customer,Critical Risk,Low Cross-Sell Opportunity,Priority 4
C000469,P004,Personal Loan,Loan,Lending,0.115,75000,3,False,True,48870,98638,1000.0,5,55.6,0.097,1,0.204,0.239,0.0,0.0,0.626,0.374,-0.237,At Risk,At-Risk Declining Customer,Critical Risk,Low Cross-Sell Opportunity,Priority 4
C000469,P005,Home Loan,Loan,Lending,0.082,500000,4,False,True,48870,98638,1000.0,5,55.6,0.097,1,0.204,0.239,0.0,0.0,0.626,0.374,-0.237,At Risk,At-Risk Declining Customer,Critical Risk,Low Cross-Sell Opportunity,Priority 4
C000469,P006,Mutual Fund Plan,Investment,Wealth,0.1,10000,3,False,True,48870,98638,1000.0,5,55.6,0.097,1,0.204,0.239,0.0,0.0,0.626,0.374,-0.237,At Risk,At-Risk Declining Customer,Critical Risk,Low Cross-Sell Opportunity,Priority 4
C000469,P007,Term Insurance,Insurance,Protection,0.0,500000,3,False,True,48870,98638,1000.0,5,55.6,0.097,1,0.204,0.239,0.0,0.0,0.626,0.374,-0.237,At Risk,At-Risk Declining Customer,Critical Risk,Low Cross-Sell Opportunity,Priority 4
C000469,P008,Premium Banking,Banking,Premium,0.0,1000000,5,False,True,48870,98638,1000.0,5,55.6,0.097,1,0.204,0.239,0.0,0.0,0.626,0.374,-0.237,At Risk,At-Risk Declining Customer,Critical Risk,Low Cross-Sell Opportunity,Priority 4
C000470,P003,Rewards Credit Card,Credit Card,Cards,0.28,30000,2,False,True,99391,261675,2883.02,36,3.9,0.458,3,0.511,0.418,0.5,1.0,0.527,0.473,-0.037,Core Active,Core Relationship Customer,Moderate Risk,Moderate Cross-Sell Opportunity,Priority 2
C000470,P004,Personal Loan,Loan,Lending,0.115,75000,3,True,False,99391,261675,2883.02,36,3.9,0.458,3,0.511,0.418,0.5,1.0,0.527,0.473,-0.037,Core Active,Core Relationship Customer,Moderate Risk,Moderate Cross-Sell Opportunity,Priority 2
C000470,P005,Home Loan,Loan,Lending,0.082,500000,4,False,True,99391,261675,2883.02,36,3.9,0.458,3,0.511,0.418,0.5,1.0,0.527,0.473,-0.037,Core Active,Core Relationship Customer,Moderate Risk,Moderate Cross-Sell Opportunity,Priority 2
C000470,P006,Mutual Fund Plan,Investment,Wealth,0.1,10000,3,False,True,99391,261675,2883.02,36,3.9,0.458,3,0.511,0.418,0.5,1.0,0.527,0.473,-0.037,Core Active,Core Relationship Customer,Moderate Risk,Moderate Cross-Sell Opportunity,Priority 2
C000470,P007,Term Insurance,Insurance,Protection,0.0,500000,3,True,False,99391,261675,2883.02,36,3.9,0.458,3,0.511,0.418,0.5,1.0,0.527,0.473,-0.037,Core Active,Core Relationship Customer,Moderate Risk,Moderate Cross-Sell Opportunity,Priority 2
C000470,P008,Premium Banking,Banking,Premium,0.0,1000000,5,False,True,99391,261675,2883.02,36,3.9,0.458,3,0.511,0.418,0.5,1.0,0.527,0.473,-0.037,Core Active,Core Relationship Customer,Moderate Risk,Moderate Cross-Sell Opportunity,Priority 2
C000471,P003,Rewards Credit Card,Credit Card,Cards,0.28,30000,2,True,False,191551,982377,12896.89,72,12.7,0.755,6,0.587,0.54525,0.0,0.0,0.818,0.182,-0.012,Premium High-Value,Premium Relationship Customer,Moderate Risk,Moderate Cross-Sell Opportunity,Priority 3
C000471,P004,Personal Loan,Loan,Lending,0.115,75000,3,True,False,191551,982377,12896.89,72,12.7,0.755,6,0.587,0.54525,0.0,0.0,0.818,0.182,-0.012,Premium High-Value,Premium Relationship Customer,Moderate Risk,Moderate Cross-Sell Opportunity,Priority 3
C000471,P005,Home Loan,Loan,Lending,0.082,500000,4,False,True,191551,982377,12896.89,72,12.7,0.755,6,0.587,0.54525,0.0,0.0,0.818,0.182,-0.012,Premium High-Value,Premium Relationship Customer,Moderate Risk,Moderate Cross-Sell Opportunity,Priority 3
C000471,P006,Mutual Fund Plan,Investment,Wealth,0.1,10000,3,True,False,191551,982377,12896.89,72,12.7,0.755,6,0.587,0.54525,0.0,0.0,0.818,0.182,-0.012,Premium High-Value,Premium Relationship Customer,Moderate Risk,Moderate Cross-Sell Opportunity,Priority 3
C000471,P007,Term Insurance,Insurance,Protection,0.0,500000,3,False,True,191551,982377,12896.89,72,12.7,0.755,6,0.587,0.54525,0.0,0.0,0.818,0.182,-0.012,Premium High-Value,Premium Relationship Customer,Moderate Risk,Moderate Cross-Sell Opportunity,Priority 3
C000471,P008,Premium Banking,Banking,Premium,0.0,1000000,5,True,False,191551,982377,12896.89,72,12.7,0.755,6,0.587,0.54525,0.0,0.0,0.818,0.182,-0.012,Premium High-Value,Premium Relationship Customer,Moderate Risk,Moderate Cross-Sell Opportunity,Priority 3
C000472,P003,Rewards Credit Card,Credit Card,Cards,0.28,30000,2,False,True,100204,286961,3615.73,42,7.6,0.347,1,0.429,0.3579999999999999,0.3333333333333333,1.0,0.656,0.344,-0.143,Core Active,Core Relationship Customer,High Risk,Moderate Cross-Sell Opportunity,Priority 3
C000472,P004,Personal Loan,Loan,Lending,0.115,75000,3,False,True,100204,286961,3615.73,42,7.6,0.347,1,0.429,0.3579999999999999,0.3333333333333333,1.0,0.656,0.344,-0.143,Core Active,Core Relationship Customer,High Risk,Moderate Cross-Sell Opportunity,Priority 3
C000472,P005,Home Loan,Loan,Lending,0.082,500000,4,False,True,100204,286961,3615.73,42,7.6,0.347,1,0.429,0.3579999999999999,0.3333333333333333,1.0,0.656,0.344,-0.143,Core Active,Core Relationship Customer,High Risk,Moderate Cross-Sell Opportunity,Priority 3
C000472,P006,Mutual Fund Plan,Investment,Wealth,0.1,10000,3,False,True,100204,286961,3615.73,42,7.6,0.347,1,0.429,0.3579999999999999,0.3333333333333333,1.0,0.656,0.344,-0.143,Core Active,Core Relationship Customer,High Risk,Moderate Cross-Sell Opportunity,Priority 3
C000472,P007,Term Insurance,Insurance,Protection,0.0,500000,3,False,True,100204,286961,3615.73,42,7.6,0.347,1,0.429,0.3579999999999999,0.3333333333333333,1.0,0.656,0.344,-0.143,Core Active,Core Relationship Customer,High Risk,Moderate Cross-Sell Opportunity,Priority 3
C000472,P008,Premium Banking,Banking,Premium,0.0,1000000,5,False,True,100204,286961,3615.73,42,7.6,0.347,1,0.429,0.3579999999999999,0.3333333333333333,1.0,0.656,0.344,-0.143,Core Active,Core Relationship Customer,High Risk,Moderate Cross-Sell Opportunity,Priority 3
C000473,P003,Rewards Credit Card,Credit Card,Cards,0.28,30000,2,True,False,82110,824846,3820.91,43,4.7,0.206,2,0.361,0.4304,0.2,0.0,0.766,0.234,-0.082,Core Active,Core Relationship Customer,Moderate Risk,Moderate Cross-Sell Opportunity,Priority 3
C000473,P004,Personal Loan,Loan,Lending,0.115,75000,3,False,True,82110,824846,3820.91,43,4.7,0.206,2,0.361,0.4304,0.2,0.0,0.766,0.234,-0.082,Core Active,Core Relationship Customer,Moderate Risk,Moderate Cross-Sell Opportunity,Priority 3
C000473,P005,Home Loan,Loan,Lending,0.082,500000,4,False,True,82110,824846,3820.91,43,4.7,0.206,2,0.361,0.4304,0.2,0.0,0.766,0.234,-0.082,Core Active,Core Relationship Customer,Moderate Risk,Moderate Cross-Sell Opportunity,Priority 3
C000473,P006,Mutual Fund Plan,Investment,Wealth,0.1,10000,3,False,True,82110,824846,3820.91,43,4.7,0.206,2,0.361,0.4304,0.2,0.0,0.766,0.234,-0.082,Core Active,Core Relationship Customer,Moderate Risk,Moderate Cross-Sell Opportunity,Priority 3
C000473,P007,Term Insurance,Insurance,Protection,0.0,500000,3,False,True,82110,824846,3820.91,43,4.7,0.206,2,0.361,0.4304,0.2,0.0,0.766,0.234,-0.082,Core Active,Core Relationship Customer,Moderate Risk,Moderate Cross-Sell Opportunity,Priority 3
C000473,P008,Premium Banking,Banking,Premium,0.0,1000000,5,False,True,82110,824846,3820.91,43,4.7,0.206,2,0.361,0.4304,0.2,0.0,0.766,0.234,-0.082,Core Active,Core Relationship Customer,Moderate Risk,Moderate Cross-Sell Opportunity,Priority 3
C000474,P003,Rewards Credit Card,Credit Card,Cards,0.28,30000,2,True,False,157318,110425,7134.53,55,1.4,0.871,2,0.747,0.4656666666666667,1.0,0.6666666666666666,0.691,0.309,-0.015,Premium High-Value,Premium Digital Customer,Low Risk,Moderate Cross-Sell Opportunity,Priority 2
C000474,P004,Personal Loan,Loan,Lending,0.115,75000,3,False,True,157318,110425,7134.53,55,1.4,0.871,2,0.747,0.4656666666666667,1.0,0.6666666666666666,0.691,0.309,-0.015,Premium High-Value,Premium Digital Customer,Low Risk,Moderate Cross-Sell Opportunity,Priority 2
C000474,P005,Home Loan,Loan,Lending,0.082,500000,4,False,True,157318,110425,7134.53,55,1.4,0.871,2,0.747,0.4656666666666667,1.0,0.6666666666666666,0.691,0.309,-0.015,Premium High-Value,Premium Digital Customer,Low Risk,Moderate Cross-Sell Opportunity,Priority 2
C000474,P006,Mutual Fund Plan,Investment,Wealth,0.1,10000,3,False,True,157318,110425,7134.53,55,1.4,0.871,2,0.747,0.4656666666666667,1.0,0.6666666666666666,0.691,0.309,-0.015,Premium High-Value,Premium Digital Customer,Low Risk,Moderate Cross-Sell Opportunity,Priority 2
C000474,P007,Term Insurance,Insurance,Protection,0.0,500000,3,True,False,157318,110425,7134.53,55,1.4,0.871,2,0.747,0.4656666666666667,1.0,0.6666666666666666,0.691,0.309,-0.015,Premium High-Value,Premium Digital Customer,Low Risk,Moderate Cross-Sell Opportunity,Priority 2
C000474,P008,Premium Banking,Banking,Premium,0.0,1000000,5,False,True,157318,110425,7134.53,55,1.4,0.871,2,0.747,0.4656666666666667,1.0,0.6666666666666666,0.691,0.309,-0.015,Premium High-Value,Premium Digital Customer,Low Risk,Moderate Cross-Sell Opportunity,Priority 2
C000475,P003,Rewards Credit Card,Credit Card,Cards,0.28,30000,2,True,False,145345,610262,6237.8,56,5.3,0.87,3,0.828,0.5945,0.5,1.0,0.748,0.252,0.228,Premium High-Value,Premium Digital Customer,Low Risk,Moderate Cross-Sell Opportunity,Priority 2
C000475,P004,Personal Loan,Loan,Lending,0.115,75000,3,False,True,145345,610262,6237.8,56,5.3,0.87,3,0.828,0.5945,0.5,1.0,0.748,0.252,0.228,Premium High-Value,Premium Digital Customer,Low Risk,Moderate Cross-Sell Opportunity,Priority 2
C000475,P005,Home Loan,Loan,Lending,0.082,500000,4,False,True,145345,610262,6237.8,56,5.3,0.87,3,0.828,0.5945,0.5,1.0,0.748,0.252,0.228,Premium High-Value,Premium Digital Customer,Low Risk,Moderate Cross-Sell Opportunity,Priority 2
C000475,P006,Mutual Fund Plan,Investment,Wealth,0.1,10000,3,False,True,145345,610262,6237.8,56,5.3,0.87,3,0.828,0.5945,0.5,1.0,0.748,0.252,0.228,Premium High-Value,Premium Digital Customer,Low Risk,Moderate Cross-Sell Opportunity,Priority 2
C000475,P007,Term Insurance,Insurance,Protection,0.0,500000,3,True,False,145345,610262,6237.8,56,5.3,0.87,3,0.828,0.5945,0.5,1.0,0.748,0.252,0.228,Premium High-Value,Premium Digital Customer,Low Risk,Moderate Cross-Sell Opportunity,Priority 2
C000475,P008,Premium Banking,Banking,Premium,0.0,1000000,5,False,True,145345,610262,6237.8,56,5.3,0.87,3,0.828,0.5945,0.5,1.0,0.748,0.252,0.228,Premium High-Value,Premium Digital Customer,Low Risk,Moderate Cross-Sell Opportunity,Priority 2
C000476,P003,Rewards Credit Card,Credit Card,Cards,0.28,30000,2,True,False,82131,184619,4135.11,40,20.3,0.749,2,0.655,0.443,0.3333333333333333,0.0,0.505,0.495,0.026,Core Active,Core Digital Customer,Moderate Risk,Moderate Cross-Sell Opportunity,Priority 3
C000476,P004,Personal Loan,Loan,Lending,0.115,75000,3,False,True,82131,184619,4135.11,40,20.3,0.749,2,0.655,0.443,0.3333333333333333,0.0,0.505,0.495,0.026,Core Active,Core Digital Customer,Moderate Risk,Moderate Cross-Sell Opportunity,Priority 3
C000476,P005,Home Loan,Loan,Lending,0.082,500000,4,False,True,82131,184619,4135.11,40,20.3,0.749,2,0.655,0.443,0.3333333333333333,0.0,0.505,0.495,0.026,Core Active,Core Digital Customer,Moderate Risk,Moderate Cross-Sell Opportunity,Priority 3
C000476,P006,Mutual Fund Plan,Investment,Wealth,0.1,10000,3,False,True,82131,184619,4135.11,40,20.3,0.749,2,0.655,0.443,0.3333333333333333,0.0,0.505,0.495,0.026,Core Active,Core Digital Customer,Moderate Risk,Moderate Cross-Sell Opportunity,Priority 3
C000476,P007,Term Insurance,Insurance,Protection,0.0,500000,3,False,True,82131,184619,4135.11,40,20.3,0.749,2,0.655,0.443,0.3333333333333333,0.0,0.505,0.495,0.026,Core Active,Core Digital Customer,Moderate Risk,Moderate Cross-Sell Opportunity,Priority 3
C000476,P008,Premium Banking,Banking,Premium,0.0,1000000,5,False,True,82131,184619,4135.11,40,20.3,0.749,2,0.655,0.443,0.3333333333333333,0.0,0.505,0.495,0.026,Core Active,Core Digital Customer,Moderate Risk,Moderate Cross-Sell Opportunity,Priority 3
C000477,P003,Rewards Credit Card,Credit Card,Cards,0.28,30000,2,True,False,64343,329287,2186.52,39,1.3,0.215,3,0.429,0.2824,0.2,0.0,0.644,0.356,-0.005,Core Active,Core Relationship Customer,Moderate Risk,Low Cross-Sell Opportunity,Priority 3
C000477,P004,Personal Loan,Loan,Lending,0.115,75000,3,False,True,64343,329287,2186.52,39,1.3,0.215,3,0.429,0.2824,0.2,0.0,0.644,0.356,-0.005,Core Active,Core Relationship Customer,Moderate Risk,Low Cross-Sell Opportunity,Priority 3
C000477,P005,Home Loan,Loan,Lending,0.082,500000,4,False,True,64343,329287,2186.52,39,1.3,0.215,3,0.429,0.2824,0.2,0.0,0.644,0.356,-0.005,Core Active,Core Relationship Customer,Moderate Risk,Low Cross-Sell Opportunity,Priority 3
C000477,P006,Mutual Fund Plan,Investment,Wealth,0.1,10000,3,False,True,64343,329287,2186.52,39,1.3,0.215,3,0.429,0.2824,0.2,0.0,0.644,0.356,-0.005,Core Active,Core Relationship Customer,Moderate Risk,Low Cross-Sell Opportunity,Priority 3
C000477,P007,Term Insurance,Insurance,Protection,0.0,500000,3,False,True,64343,329287,2186.52,39,1.3,0.215,3,0.429,0.2824,0.2,0.0,0.644,0.356,-0.005,Core Active,Core Relationship Customer,Moderate Risk,Low Cross-Sell Opportunity,Priority 3
C000477,P008,Premium Banking,Banking,Premium,0.0,1000000,5,False,True,64343,329287,2186.52,39,1.3,0.215,3,0.429,0.2824,0.2,0.0,0.644,0.356,-0.005,Core Active,Core Relationship Customer,Moderate Risk,Low Cross-Sell Opportunity,Priority 3
C000478,P003,Rewards Credit Card,Credit Card,Cards,0.28,30000,2,False,True,67714,63738,3190.65,14,9.7,0.534,2,0.418,0.42575,0.25,0.0,0.436,0.564,0.041,Core Active,Core Relationship Customer,High Risk,Low Cross-Sell Opportunity,Priority 4
C000478,P004,Personal Loan,Loan,Lending,0.115,75000,3,True,False,67714,63738,3190.65,14,9.7,0.534,2,0.418,0.42575,0.25,0.0,0.436,0.564,0.041,Core Active,Core Relationship Customer,High Risk,Low Cross-Sell Opportunity,Priority 4
C000478,P005,Home Loan,Loan,Lending,0.082,500000,4,False,True,67714,63738,3190.65,14,9.7,0.534,2,0.418,0.42575,0.25,0.0,0.436,0.564,0.041,Core Active,Core Relationship Customer,High Risk,Low Cross-Sell Opportunity,Priority 4
C000478,P006,Mutual Fund Plan,Investment,Wealth,0.1,10000,3,False,True,67714,63738,3190.65,14,9.7,0.534,2,0.418,0.42575,0.25,0.0,0.436,0.564,0.041,Core Active,Core Relationship Customer,High Risk,Low Cross-Sell Opportunity,Priority 4
C000478,P007,Term Insurance,Insurance,Protection,0.0,500000,3,False,True,67714,63738,3190.65,14,9.7,0.534,2,0.418,0.42575,0.25,0.0,0.436,0.564,0.041,Core Active,Core Relationship Customer,High Risk,Low Cross-Sell Opportunity,Priority 4
C000478,P008,Premium Banking,Banking,Premium,0.0,1000000,5,False,True,67714,63738,3190.65,14,9.7,0.534,2,0.418,0.42575,0.25,0.0,0.436,0.564,0.041,Core Active,Core Relationship Customer,High Risk,Low Cross-Sell Opportunity,Priority 4
C000479,P003,Rewards Credit Card,Credit Card,Cards,0.28,30000,2,False,True,70297,281336,2345.35,12,62.1,0.405,2,0.215,0.3358,0.2,1.0,0.815,0.185,-0.309,At Risk,At-Risk Declining Customer,Critical Risk,Low Cross-Sell Opportunity,Priority 3
C000479,P004,Personal Loan,Loan,Lending,0.115,75000,3,False,True,70297,281336,2345.35,12,62.1,0.405,2,0.215,0.3358,0.2,1.0,0.815,0.185,-0.309,At Risk,At-Risk Declining Customer,Critical Risk,Low Cross-Sell Opportunity,Priority 3
C000479,P005,Home Loan,Loan,Lending,0.082,500000,4,False,True,70297,281336,2345.35,12,62.1,0.405,2,0.215,0.3358,0.2,1.0,0.815,0.185,-0.309,At Risk,At-Risk Declining Customer,Critical Risk,Low Cross-Sell Opportunity,Priority 3
C000479,P006,Mutual Fund Plan,Investment,Wealth,0.1,10000,3,False,True,70297,281336,2345.35,12,62.1,0.405,2,0.215,0.3358,0.2,1.0,0.815,0.185,-0.309,At Risk,At-Risk Declining Customer,Critical Risk,Low Cross-Sell Opportunity,Priority 3
C000479,P007,Term Insurance,Insurance,Protection,0.0,500000,3,False,True,70297,281336,2345.35,12,62.1,0.405,2,0.215,0.3358,0.2,1.0,0.815,0.185,-0.309,At Risk,At-Risk Declining Customer,Critical Risk,Low Cross-Sell Opportunity,Priority 3
C000479,P008,Premium Banking,Banking,Premium,0.0,1000000,5,False,True,70297,281336,2345.35,12,62.1,0.405,2,0.215,0.3358,0.2,1.0,0.815,0.185,-0.309,At Risk,At-Risk Declining Customer,Critical Risk,Low Cross-Sell Opportunity,Priority 3
C000480,P003,Rewards Credit Card,Credit Card,Cards,0.28,30000,2,True,False,73824,327540,1820.71,48,6.5,0.137,4,0.517,0.3256,0.6,0.0,0.871,0.129,0.107,Core Active,Core Relationship Customer,Low Risk,Low Cross-Sell Opportunity,Priority 3
C000480,P004,Personal Loan,Loan,Lending,0.115,75000,3,True,False,73824,327540,1820.71,48,6.5,0.137,4,0.517,0.3256,0.6,0.0,0.871,0.129,0.107,Core Active,Core Relationship Customer,Low Risk,Low Cross-Sell Opportunity,Priority 3
C000480,P005,Home Loan,Loan,Lending,0.082,500000,4,True,False,73824,327540,1820.71,48,6.5,0.137,4,0.517,0.3256,0.6,0.0,0.871,0.129,0.107,Core Active,Core Relationship Customer,Low Risk,Low Cross-Sell Opportunity,Priority 3
C000480,P006,Mutual Fund Plan,Investment,Wealth,0.1,10000,3,False,True,73824,327540,1820.71,48,6.5,0.137,4,0.517,0.3256,0.6,0.0,0.871,0.129,0.107,Core Active,Core Relationship Customer,Low Risk,Low Cross-Sell Opportunity,Priority 3
C000480,P007,Term Insurance,Insurance,Protection,0.0,500000,3,False,True,73824,327540,1820.71,48,6.5,0.137,4,0.517,0.3256,0.6,0.0,0.871,0.129,0.107,Core Active,Core Relationship Customer,Low Risk,Low Cross-Sell Opportunity,Priority 3
C000480,P008,Premium Banking,Banking,Premium,0.0,1000000,5,False,True,73824,327540,1820.71,48,6.5,0.137,4,0.517,0.3256,0.6,0.0,0.871,0.129,0.107,Core Active,Core Relationship Customer,Low Risk,Low Cross-Sell Opportunity,Priority 3
C000481,P003,Rewards Credit Card,Credit Card,Cards,0.28,30000,2,False,True,148919,260396,6923.39,65,28.0,0.674,2,0.729,0.625,1.0,1.0,0.919,0.081,-0.219,Premium High-Value,Premium Relationship Customer,Moderate Risk,Moderate Cross-Sell Opportunity,Priority 2
C000481,P004,Personal Loan,Loan,Lending,0.115,75000,3,False,True,148919,260396,6923.39,65,28.0,0.674,2,0.729,0.625,1.0,1.0,0.919,0.081,-0.219,Premium High-Value,Premium Relationship Customer,Moderate Risk,Moderate Cross-Sell Opportunity,Priority 2
C000481,P005,Home Loan,Loan,Lending,0.082,500000,4,False,True,148919,260396,6923.39,65,28.0,0.674,2,0.729,0.625,1.0,1.0,0.919,0.081,-0.219,Premium High-Value,Premium Relationship Customer,Moderate Risk,Moderate Cross-Sell Opportunity,Priority 2
C000481,P006,Mutual Fund Plan,Investment,Wealth,0.1,10000,3,False,True,148919,260396,6923.39,65,28.0,0.674,2,0.729,0.625,1.0,1.0,0.919,0.081,-0.219,Premium High-Value,Premium Relationship Customer,Moderate Risk,Moderate Cross-Sell Opportunity,Priority 2
C000481,P007,Term Insurance,Insurance,Protection,0.0,500000,3,True,False,148919,260396,6923.39,65,28.0,0.674,2,0.729,0.625,1.0,1.0,0.919,0.081,-0.219,Premium High-Value,Premium Relationship Customer,Moderate Risk,Moderate Cross-Sell Opportunity,Priority 2
C000481,P008,Premium Banking,Banking,Premium,0.0,1000000,5,False,True,148919,260396,6923.39,65,28.0,0.674,2,0.729,0.625,1.0,1.0,0.919,0.081,-0.219,Premium High-Value,Premium Relationship Customer,Moderate Risk,Moderate Cross-Sell Opportunity,Priority 2
C000482,P003,Rewards Credit Card,Credit Card,Cards,0.28,30000,2,True,False,80313,863246,2423.83,22,50.6,0.581,3,0.489,0.5964,0.6,0.3333333333333333,0.744,0.256,0.216,At Risk,At-Risk Engagement Customer,High Risk,Low Cross-Sell Opportunity,Priority 3
C000482,P004,Personal Loan,Loan,Lending,0.115,75000,3,False,True,80313,863246,2423.83,22,50.6,0.581,3,0.489,0.5964,0.6,0.3333333333333333,0.744,0.256,0.216,At Risk,At-Risk Engagement Customer,High Risk,Low Cross-Sell Opportunity,Priority 3
C000482,P005,Home Loan,Loan,Lending,0.082,500000,4,False,True,80313,863246,2423.83,22,50.6,0.581,3,0.489,0.5964,0.6,0.3333333333333333,0.744,0.256,0.216,At Risk,At-Risk Engagement Customer,High Risk,Low Cross-Sell Opportunity,Priority 3
C000482,P006,Mutual Fund Plan,Investment,Wealth,0.1,10000,3,False,True,80313,863246,2423.83,22,50.6,0.581,3,0.489,0.5964,0.6,0.3333333333333333,0.744,0.256,0.216,At Risk,At-Risk Engagement Customer,High Risk,Low Cross-Sell Opportunity,Priority 3
C000482,P007,Term Insurance,Insurance,Protection,0.0,500000,3,False,True,80313,863246,2423.83,22,50.6,0.581,3,0.489,0.5964,0.6,0.3333333333333333,0.744,0.256,0.216,At Risk,At-Risk Engagement Customer,High Risk,Low Cross-Sell Opportunity,Priority 3
C000482,P008,Premium Banking,Banking,Premium,0.0,1000000,5,False,True,80313,863246,2423.83,22,50.6,0.581,3,0.489,0.5964,0.6,0.3333333333333333,0.744,0.256,0.216,At Risk,At-Risk Engagement Customer,High Risk,Low Cross-Sell Opportunity,Priority 3
C000483,P003,Rewards Credit Card,Credit Card,Cards,0.28,30000,2,True,False,139593,317245,7436.53,50,20.8,0.675,3,0.613,0.4426,0.2,0.0,0.814,0.186,0.112,Premium High-Value,Premium Relationship Customer,Moderate Risk,Moderate Cross-Sell Opportunity,Priority 3
C000483,P004,Personal Loan,Loan,Lending,0.115,75000,3,False,True,139593,317245,7436.53,50,20.8,0.675,3,0.613,0.4426,0.2,0.0,0.814,0.186,0.112,Premium High-Value,Premium Relationship Customer,Moderate Risk,Moderate Cross-Sell Opportunity,Priority 3
C000483,P005,Home Loan,Loan,Lending,0.082,500000,4,False,True,139593,317245,7436.53,50,20.8,0.675,3,0.613,0.4426,0.2,0.0,0.814,0.186,0.112,Premium High-Value,Premium Relationship Customer,Moderate Risk,Moderate Cross-Sell Opportunity,Priority 3
C000483,P006,Mutual Fund Plan,Investment,Wealth,0.1,10000,3,True,False,139593,317245,7436.53,50,20.8,0.675,3,0.613,0.4426,0.2,0.0,0.814,0.186,0.112,Premium High-Value,Premium Relationship Customer,Moderate Risk,Moderate Cross-Sell Opportunity,Priority 3
C000483,P007,Term Insurance,Insurance,Protection,0.0,500000,3,False,True,139593,317245,7436.53,50,20.8,0.675,3,0.613,0.4426,0.2,0.0,0.814,0.186,0.112,Premium High-Value,Premium Relationship Customer,Moderate Risk,Moderate Cross-Sell Opportunity,Priority 3
C000483,P008,Premium Banking,Banking,Premium,0.0,1000000,5,False,True,139593,317245,7436.53,50,20.8,0.675,3,0.613,0.4426,0.2,0.0,0.814,0.186,0.112,Premium High-Value,Premium Relationship Customer,Moderate Risk,Moderate Cross-Sell Opportunity,Priority 3
C000484,P003,Rewards Credit Card,Credit Card,Cards,0.28,30000,2,False,True,57741,150577,2359.53,40,10.0,0.638,2,0.713,0.4224,0.6,0.0,0.855,0.145,-0.21,Core Active,Core Relationship Customer,Moderate Risk,Moderate Cross-Sell Opportunity,Priority 3
C000484,P004,Personal Loan,Loan,Lending,0.115,75000,3,True,False,57741,150577,2359.53,40,10.0,0.638,2,0.713,0.4224,0.6,0.0,0.855,0.145,-0.21,Core Active,Core Relationship Customer,Moderate Risk,Moderate Cross-Sell Opportunity,Priority 3
C000484,P005,Home Loan,Loan,Lending,0.082,500000,4,False,True,57741,150577,2359.53,40,10.0,0.638,2,0.713,0.4224,0.6,0.0,0.855,0.145,-0.21,Core Active,Core Relationship Customer,Moderate Risk,Moderate Cross-Sell Opportunity,Priority 3
C000484,P006,Mutual Fund Plan,Investment,Wealth,0.1,10000,3,False,True,57741,150577,2359.53,40,10.0,0.638,2,0.713,0.4224,0.6,0.0,0.855,0.145,-0.21,Core Active,Core Relationship Customer,Moderate Risk,Moderate Cross-Sell Opportunity,Priority 3
C000484,P007,Term Insurance,Insurance,Protection,0.0,500000,3,False,True,57741,150577,2359.53,40,10.0,0.638,2,0.713,0.4224,0.6,0.0,0.855,0.145,-0.21,Core Active,Core Relationship Customer,Moderate Risk,Moderate Cross-Sell Opportunity,Priority 3
C000484,P008,Premium Banking,Banking,Premium,0.0,1000000,5,False,True,57741,150577,2359.53,40,10.0,0.638,2,0.713,0.4224,0.6,0.0,0.855,0.145,-0.21,Core Active,Core Relationship Customer,Moderate Risk,Moderate Cross-Sell Opportunity,Priority 3
C000485,P003,Rewards Credit Card,Credit Card,Cards,0.28,30000,2,True,False,74258,428081,3781.31,41,22.4,0.459,2,0.482,0.505,0.0,0.0,0.802,0.198,0.033,Core Active,Core Relationship Customer,High Risk,Moderate Cross-Sell Opportunity,Priority 3
C000485,P004,Personal Loan,Loan,Lending,0.115,75000,3,False,True,74258,428081,3781.31,41,22.4,0.459,2,0.482,0.505,0.0,0.0,0.802,0.198,0.033,Core Active,Core Relationship Customer,High Risk,Moderate Cross-Sell Opportunity,Priority 3
C000485,P005,Home Loan,Loan,Lending,0.082,500000,4,False,True,74258,428081,3781.31,41,22.4,0.459,2,0.482,0.505,0.0,0.0,0.802,0.198,0.033,Core Active,Core Relationship Customer,High Risk,Moderate Cross-Sell Opportunity,Priority 3
C000485,P006,Mutual Fund Plan,Investment,Wealth,0.1,10000,3,False,True,74258,428081,3781.31,41,22.4,0.459,2,0.482,0.505,0.0,0.0,0.802,0.198,0.033,Core Active,Core Relationship Customer,High Risk,Moderate Cross-Sell Opportunity,Priority 3
C000485,P007,Term Insurance,Insurance,Protection,0.0,500000,3,False,True,74258,428081,3781.31,41,22.4,0.459,2,0.482,0.505,0.0,0.0,0.802,0.198,0.033,Core Active,Core Relationship Customer,High Risk,Moderate Cross-Sell Opportunity,Priority 3
C000485,P008,Premium Banking,Banking,Premium,0.0,1000000,5,False,True,74258,428081,3781.31,41,22.4,0.459,2,0.482,0.505,0.0,0.0,0.802,0.198,0.033,Core Active,Core Relationship Customer,High Risk,Moderate Cross-Sell Opportunity,Priority 3
C000486,P003,Rewards Credit Card,Credit Card,Cards,0.28,30000,2,True,False,67430,510825,2669.84,36,6.0,0.446,2,0.656,0.446,0.0,0.0,0.663,0.337,-0.128,Core Active,Core Relationship Customer,Moderate Risk,Moderate Cross-Sell Opportunity,Priority 3
C000486,P004,Personal Loan,Loan,Lending,0.115,75000,3,False,True,67430,510825,2669.84,36,6.0,0.446,2,0.656,0.446,0.0,0.0,0.663,0.337,-0.128,Core Active,Core Relationship Customer,Moderate Risk,Moderate Cross-Sell Opportunity,Priority 3
C000486,P005,Home Loan,Loan,Lending,0.082,500000,4,False,True,67430,510825,2669.84,36,6.0,0.446,2,0.656,0.446,0.0,0.0,0.663,0.337,-0.128,Core Active,Core Relationship Customer,Moderate Risk,Moderate Cross-Sell Opportunity,Priority 3
C000486,P006,Mutual Fund Plan,Investment,Wealth,0.1,10000,3,False,True,67430,510825,2669.84,36,6.0,0.446,2,0.656,0.446,0.0,0.0,0.663,0.337,-0.128,Core Active,Core Relationship Customer,Moderate Risk,Moderate Cross-Sell Opportunity,Priority 3
C000486,P007,Term Insurance,Insurance,Protection,0.0,500000,3,False,True,67430,510825,2669.84,36,6.0,0.446,2,0.656,0.446,0.0,0.0,0.663,0.337,-0.128,Core Active,Core Relationship Customer,Moderate Risk,Moderate Cross-Sell Opportunity,Priority 3
C000486,P008,Premium Banking,Banking,Premium,0.0,1000000,5,False,True,67430,510825,2669.84,36,6.0,0.446,2,0.656,0.446,0.0,0.0,0.663,0.337,-0.128,Core Active,Core Relationship Customer,Moderate Risk,Moderate Cross-Sell Opportunity,Priority 3
C000487,P003,Rewards Credit Card,Credit Card,Cards,0.28,30000,2,True,False,51430,470595,2286.16,34,7.2,0.44,3,0.561,0.418,0.2,0.0,0.676,0.324,0.192,Core Active,Core Relationship Customer,Moderate Risk,Low Cross-Sell Opportunity,Priority 3
C000487,P004,Personal Loan,Loan,Lending,0.115,75000,3,False,True,51430,470595,2286.16,34,7.2,0.44,3,0.561,0.418,0.2,0.0,0.676,0.324,0.192,Core Active,Core Relationship Customer,Moderate Risk,Low Cross-Sell Opportunity,Priority 3
C000487,P005,Home Loan,Loan,Lending,0.082,500000,4,True,False,51430,470595,2286.16,34,7.2,0.44,3,0.561,0.418,0.2,0.0,0.676,0.324,0.192,Core Active,Core Relationship Customer,Moderate Risk,Low Cross-Sell Opportunity,Priority 3
C000487,P006,Mutual Fund Plan,Investment,Wealth,0.1,10000,3,False,True,51430,470595,2286.16,34,7.2,0.44,3,0.561,0.418,0.2,0.0,0.676,0.324,0.192,Core Active,Core Relationship Customer,Moderate Risk,Low Cross-Sell Opportunity,Priority 3
C000487,P007,Term Insurance,Insurance,Protection,0.0,500000,3,False,True,51430,470595,2286.16,34,7.2,0.44,3,0.561,0.418,0.2,0.0,0.676,0.324,0.192,Core Active,Core Relationship Customer,Moderate Risk,Low Cross-Sell Opportunity,Priority 3
C000487,P008,Premium Banking,Banking,Premium,0.0,1000000,5,False,True,51430,470595,2286.16,34,7.2,0.44,3,0.561,0.418,0.2,0.0,0.676,0.324,0.192,Core Active,Core Relationship Customer,Moderate Risk,Low Cross-Sell Opportunity,Priority 3
C000488,P003,Rewards Credit Card,Credit Card,Cards,0.28,30000,2,True,False,192254,1245022,10803.56,44,6.8,0.299,7,0.453,0.5775,0.25,1.0,0.85,0.15,0.103,Premium High-Value,Premium Relationship Customer,Moderate Risk,Moderate Cross-Sell Opportunity,Priority 2
C000488,P004,Personal Loan,Loan,Lending,0.115,75000,3,True,False,192254,1245022,10803.56,44,6.8,0.299,7,0.453,0.5775,0.25,1.0,0.85,0.15,0.103,Premium High-Value,Premium Relationship Customer,Moderate Risk,Moderate Cross-Sell Opportunity,Priority 2
C000488,P005,Home Loan,Loan,Lending,0.082,500000,4,True,False,192254,1245022,10803.56,44,6.8,0.299,7,0.453,0.5775,0.25,1.0,0.85,0.15,0.103,Premium High-Value,Premium Relationship Customer,Moderate Risk,Moderate Cross-Sell Opportunity,Priority 2
C000488,P006,Mutual Fund Plan,Investment,Wealth,0.1,10000,3,True,False,192254,1245022,10803.56,44,6.8,0.299,7,0.453,0.5775,0.25,1.0,0.85,0.15,0.103,Premium High-Value,Premium Relationship Customer,Moderate Risk,Moderate Cross-Sell Opportunity,Priority 2
C000488,P007,Term Insurance,Insurance,Protection,0.0,500000,3,True,False,192254,1245022,10803.56,44,6.8,0.299,7,0.453,0.5775,0.25,1.0,0.85,0.15,0.103,Premium High-Value,Premium Relationship Customer,Moderate Risk,Moderate Cross-Sell Opportunity,Priority 2
C000488,P008,Premium Banking,Banking,Premium,0.0,1000000,5,False,True,192254,1245022,10803.56,44,6.8,0.299,7,0.453,0.5775,0.25,1.0,0.85,0.15,0.103,Premium High-Value,Premium Relationship Customer,Moderate Risk,Moderate Cross-Sell Opportunity,Priority 2
C000489,P003,Rewards Credit Card,Credit Card,Cards,0.28,30000,2,False,True,57342,239810,1400.29,29,11.6,0.982,1,0.449,0.359,0.0,0.0,0.642,0.358,-0.007,Core Active,Core Digital Customer,High Risk,Moderate Cross-Sell Opportunity,Priority 3
C000489,P004,Personal Loan,Loan,Lending,0.115,75000,3,False,True,57342,239810,1400.29,29,11.6,0.982,1,0.449,0.359,0.0,0.0,0.642,0.358,-0.007,Core Active,Core Digital Customer,High Risk,Moderate Cross-Sell Opportunity,Priority 3
C000489,P005,Home Loan,Loan,Lending,0.082,500000,4,False,True,57342,239810,1400.29,29,11.6,0.982,1,0.449,0.359,0.0,0.0,0.642,0.358,-0.007,Core Active,Core Digital Customer,High Risk,Moderate Cross-Sell Opportunity,Priority 3
C000489,P006,Mutual Fund Plan,Investment,Wealth,0.1,10000,3,False,True,57342,239810,1400.29,29,11.6,0.982,1,0.449,0.359,0.0,0.0,0.642,0.358,-0.007,Core Active,Core Digital Customer,High Risk,Moderate Cross-Sell Opportunity,Priority 3
C000489,P007,Term Insurance,Insurance,Protection,0.0,500000,3,False,True,57342,239810,1400.29,29,11.6,0.982,1,0.449,0.359,0.0,0.0,0.642,0.358,-0.007,Core Active,Core Digital Customer,High Risk,Moderate Cross-Sell Opportunity,Priority 3
C000489,P008,Premium Banking,Banking,Premium,0.0,1000000,5,False,True,57342,239810,1400.29,29,11.6,0.982,1,0.449,0.359,0.0,0.0,0.642,0.358,-0.007,Core Active,Core Digital Customer,High Risk,Moderate Cross-Sell Opportunity,Priority 3
C000490,P003,Rewards Credit Card,Credit Card,Cards,0.28,30000,2,True,False,57747,225641,1000.0,33,2.6,0.929,3,0.765,0.4054999999999999,1.0,0.5,0.821,0.179,-0.056,Core Active,Core Digital Customer,Moderate Risk,Moderate Cross-Sell Opportunity,Priority 2
C000490,P004,Personal Loan,Loan,Lending,0.115,75000,3,False,True,57747,225641,1000.0,33,2.6,0.929,3,0.765,0.4054999999999999,1.0,0.5,0.821,0.179,-0.056,Core Active,Core Digital Customer,Moderate Risk,Moderate Cross-Sell Opportunity,Priority 2
C000490,P005,Home Loan,Loan,Lending,0.082,500000,4,False,True,57747,225641,1000.0,33,2.6,0.929,3,0.765,0.4054999999999999,1.0,0.5,0.821,0.179,-0.056,Core Active,Core Digital Customer,Moderate Risk,Moderate Cross-Sell Opportunity,Priority 2
C000490,P006,Mutual Fund Plan,Investment,Wealth,0.1,10000,3,False,True,57747,225641,1000.0,33,2.6,0.929,3,0.765,0.4054999999999999,1.0,0.5,0.821,0.179,-0.056,Core Active,Core Digital Customer,Moderate Risk,Moderate Cross-Sell Opportunity,Priority 2
C000490,P007,Term Insurance,Insurance,Protection,0.0,500000,3,False,True,57747,225641,1000.0,33,2.6,0.929,3,0.765,0.4054999999999999,1.0,0.5,0.821,0.179,-0.056,Core Active,Core Digital Customer,Moderate Risk,Moderate Cross-Sell Opportunity,Priority 2
C000490,P008,Premium Banking,Banking,Premium,0.0,1000000,5,False,True,57747,225641,1000.0,33,2.6,0.929,3,0.765,0.4054999999999999,1.0,0.5,0.821,0.179,-0.056,Core Active,Core Digital Customer,Moderate Risk,Moderate Cross-Sell Opportunity,Priority 2
C000491,P003,Rewards Credit Card,Credit Card,Cards,0.28,30000,2,True,False,73880,401217,1000.0,7,180.0,0.456,2,0.253,0.3675,0.0,0.0,0.743,0.257,-0.29,Dormant / Declining,Dormant Reactivation Target,Critical Risk,Low Cross-Sell Opportunity,Priority 4
C000491,P004,Personal Loan,Loan,Lending,0.115,75000,3,False,True,73880,401217,1000.0,7,180.0,0.456,2,0.253,0.3675,0.0,0.0,0.743,0.257,-0.29,Dormant / Declining,Dormant Reactivation Target,Critical Risk,Low Cross-Sell Opportunity,Priority 4
C000491,P005,Home Loan,Loan,Lending,0.082,500000,4,False,True,73880,401217,1000.0,7,180.0,0.456,2,0.253,0.3675,0.0,0.0,0.743,0.257,-0.29,Dormant / Declining,Dormant Reactivation Target,Critical Risk,Low Cross-Sell Opportunity,Priority 4
C000491,P006,Mutual Fund Plan,Investment,Wealth,0.1,10000,3,False,True,73880,401217,1000.0,7,180.0,0.456,2,0.253,0.3675,0.0,0.0,0.743,0.257,-0.29,Dormant / Declining,Dormant Reactivation Target,Critical Risk,Low Cross-Sell Opportunity,Priority 4
C000491,P007,Term Insurance,Insurance,Protection,0.0,500000,3,False,True,73880,401217,1000.0,7,180.0,0.456,2,0.253,0.3675,0.0,0.0,0.743,0.257,-0.29,Dormant / Declining,Dormant Reactivation Target,Critical Risk,Low Cross-Sell Opportunity,Priority 4
C000491,P008,Premium Banking,Banking,Premium,0.0,1000000,5,False,True,73880,401217,1000.0,7,180.0,0.456,2,0.253,0.3675,0.0,0.0,0.743,0.257,-0.29,Dormant / Declining,Dormant Reactivation Target,Critical Risk,Low Cross-Sell Opportunity,Priority 4
C000492,P003,Rewards Credit Card,Credit Card,Cards,0.28,30000,2,True,False,143433,645939,5073.98,41,5.8,0.532,3,0.64,0.5388,0.4,0.0,0.78,0.22,-0.113,Premium High-Value,Premium Relationship Customer,Moderate Risk,Moderate Cross-Sell Opportunity,Priority 2
C000492,P004,Personal Loan,Loan,Lending,0.115,75000,3,False,True,143433,645939,5073.98,41,5.8,0.532,3,0.64,0.5388,0.4,0.0,0.78,0.22,-0.113,Premium High-Value,Premium Relationship Customer,Moderate Risk,Moderate Cross-Sell Opportunity,Priority 2
C000492,P005,Home Loan,Loan,Lending,0.082,500000,4,False,True,143433,645939,5073.98,41,5.8,0.532,3,0.64,0.5388,0.4,0.0,0.78,0.22,-0.113,Premium High-Value,Premium Relationship Customer,Moderate Risk,Moderate Cross-Sell Opportunity,Priority 2
C000492,P006,Mutual Fund Plan,Investment,Wealth,0.1,10000,3,False,True,143433,645939,5073.98,41,5.8,0.532,3,0.64,0.5388,0.4,0.0,0.78,0.22,-0.113,Premium High-Value,Premium Relationship Customer,Moderate Risk,Moderate Cross-Sell Opportunity,Priority 2
C000492,P007,Term Insurance,Insurance,Protection,0.0,500000,3,True,False,143433,645939,5073.98,41,5.8,0.532,3,0.64,0.5388,0.4,0.0,0.78,0.22,-0.113,Premium High-Value,Premium Relationship Customer,Moderate Risk,Moderate Cross-Sell Opportunity,Priority 2
C000492,P008,Premium Banking,Banking,Premium,0.0,1000000,5,False,True,143433,645939,5073.98,41,5.8,0.532,3,0.64,0.5388,0.4,0.0,0.78,0.22,-0.113,Premium High-Value,Premium Relationship Customer,Moderate Risk,Moderate Cross-Sell Opportunity,Priority 2
C000493,P003,Rewards Credit Card,Credit Card,Cards,0.28,30000,2,False,True,78748,234332,3978.33,49,3.5,0.523,3,0.588,0.3154,0.4,0.0,0.94,0.06,-0.041,Core Active,Core Relationship Customer,Low Risk,Moderate Cross-Sell Opportunity,Priority 3
C000493,P004,Personal Loan,Loan,Lending,0.115,75000,3,False,True,78748,234332,3978.33,49,3.5,0.523,3,0.588,0.3154,0.4,0.0,0.94,0.06,-0.041,Core Active,Core Relationship Customer,Low Risk,Moderate Cross-Sell Opportunity,Priority 3
C000493,P005,Home Loan,Loan,Lending,0.082,500000,4,False,True,78748,234332,3978.33,49,3.5,0.523,3,0.588,0.3154,0.4,0.0,0.94,0.06,-0.041,Core Active,Core Relationship Customer,Low Risk,Moderate Cross-Sell Opportunity,Priority 3
C000493,P006,Mutual Fund Plan,Investment,Wealth,0.1,10000,3,False,True,78748,234332,3978.33,49,3.5,0.523,3,0.588,0.3154,0.4,0.0,0.94,0.06,-0.041,Core Active,Core Relationship Customer,Low Risk,Moderate Cross-Sell Opportunity,Priority 3
C000493,P007,Term Insurance,Insurance,Protection,0.0,500000,3,True,False,78748,234332,3978.33,49,3.5,0.523,3,0.588,0.3154,0.4,0.0,0.94,0.06,-0.041,Core Active,Core Relationship Customer,Low Risk,Moderate Cross-Sell Opportunity,Priority 3
C000493,P008,Premium Banking,Banking,Premium,0.0,1000000,5,False,True,78748,234332,3978.33,49,3.5,0.523,3,0.588,0.3154,0.4,0.0,0.94,0.06,-0.041,Core Active,Core Relationship Customer,Low Risk,Moderate Cross-Sell Opportunity,Priority 3
C000494,P003,Rewards Credit Card,Credit Card,Cards,0.28,30000,2,False,True,58724,96273,2649.09,34,4.1,0.4,1,0.569,0.191,0.0,0.0,0.726,0.274,0.058,Core Active,Core Relationship Customer,Low Risk,Moderate Cross-Sell Opportunity,Priority 3
C000494,P004,Personal Loan,Loan,Lending,0.115,75000,3,False,True,58724,96273,2649.09,34,4.1,0.4,1,0.569,0.191,0.0,0.0,0.726,0.274,0.058,Core Active,Core Relationship Customer,Low Risk,Moderate Cross-Sell Opportunity,Priority 3
C000494,P005,Home Loan,Loan,Lending,0.082,500000,4,False,True,58724,96273,2649.09,34,4.1,0.4,1,0.569,0.191,0.0,0.0,0.726,0.274,0.058,Core Active,Core Relationship Customer,Low Risk,Moderate Cross-Sell Opportunity,Priority 3
C000494,P006,Mutual Fund Plan,Investment,Wealth,0.1,10000,3,False,True,58724,96273,2649.09,34,4.1,0.4,1,0.569,0.191,0.0,0.0,0.726,0.274,0.058,Core Active,Core Relationship Customer,Low Risk,Moderate Cross-Sell Opportunity,Priority 3
C000494,P007,Term Insurance,Insurance,Protection,0.0,500000,3,False,True,58724,96273,2649.09,34,4.1,0.4,1,0.569,0.191,0.0,0.0,0.726,0.274,0.058,Core Active,Core Relationship Customer,Low Risk,Moderate Cross-Sell Opportunity,Priority 3
C000494,P008,Premium Banking,Banking,Premium,0.0,1000000,5,False,True,58724,96273,2649.09,34,4.1,0.4,1,0.569,0.191,0.0,0.0,0.726,0.274,0.058,Core Active,Core Relationship Customer,Low Risk,Moderate Cross-Sell Opportunity,Priority 3
C000495,P003,Rewards Credit Card,Credit Card,Cards,0.28,30000,2,True,False,109120,1120500,1962.47,48,9.9,0.831,1,0.296,0.6386000000000001,0.4,0.5,0.641,0.359,0.004,Core Active,Core Relationship Customer,Moderate Risk,Moderate Cross-Sell Opportunity,Priority 2
C000495,P004,Personal Loan,Loan,Lending,0.115,75000,3,False,True,109120,1120500,1962.47,48,9.9,0.831,1,0.296,0.6386000000000001,0.4,0.5,0.641,0.359,0.004,Core Active,Core Relationship Customer,Moderate Risk,Moderate Cross-Sell Opportunity,Priority 2
C000495,P005,Home Loan,Loan,Lending,0.082,500000,4,False,True,109120,1120500,1962.47,48,9.9,0.831,1,0.296,0.6386000000000001,0.4,0.5,0.641,0.359,0.004,Core Active,Core Relationship Customer,Moderate Risk,Moderate Cross-Sell Opportunity,Priority 2
C000495,P006,Mutual Fund Plan,Investment,Wealth,0.1,10000,3,False,True,109120,1120500,1962.47,48,9.9,0.831,1,0.296,0.6386000000000001,0.4,0.5,0.641,0.359,0.004,Core Active,Core Relationship Customer,Moderate Risk,Moderate Cross-Sell Opportunity,Priority 2
C000495,P007,Term Insurance,Insurance,Protection,0.0,500000,3,False,True,109120,1120500,1962.47,48,9.9,0.831,1,0.296,0.6386000000000001,0.4,0.5,0.641,0.359,0.004,Core Active,Core Relationship Customer,Moderate Risk,Moderate Cross-Sell Opportunity,Priority 2
C000495,P008,Premium Banking,Banking,Premium,0.0,1000000,5,False,True,109120,1120500,1962.47,48,9.9,0.831,1,0.296,0.6386000000000001,0.4,0.5,0.641,0.359,0.004,Core Active,Core Relationship Customer,Moderate Risk,Moderate Cross-Sell Opportunity,Priority 2
C000496,P003,Rewards Credit Card,Credit Card,Cards,0.28,30000,2,True,False,60686,25860,1482.39,2,180.0,0.06,2,0.216,0.342,0.5,1.0,0.769,0.231,-0.202,Dormant / Declining,Dormant Reactivation Target,Critical Risk,Low Cross-Sell Opportunity,Priority 4
C000496,P004,Personal Loan,Loan,Lending,0.115,75000,3,False,True,60686,25860,1482.39,2,180.0,0.06,2,0.216,0.342,0.5,1.0,0.769,0.231,-0.202,Dormant / Declining,Dormant Reactivation Target,Critical Risk,Low Cross-Sell Opportunity,Priority 4
C000496,P005,Home Loan,Loan,Lending,0.082,500000,4,False,True,60686,25860,1482.39,2,180.0,0.06,2,0.216,0.342,0.5,1.0,0.769,0.231,-0.202,Dormant / Declining,Dormant Reactivation Target,Critical Risk,Low Cross-Sell Opportunity,Priority 4
C000496,P006,Mutual Fund Plan,Investment,Wealth,0.1,10000,3,False,True,60686,25860,1482.39,2,180.0,0.06,2,0.216,0.342,0.5,1.0,0.769,0.231,-0.202,Dormant / Declining,Dormant Reactivation Target,Critical Risk,Low Cross-Sell Opportunity,Priority 4
C000496,P007,Term Insurance,Insurance,Protection,0.0,500000,3,False,True,60686,25860,1482.39,2,180.0,0.06,2,0.216,0.342,0.5,1.0,0.769,0.231,-0.202,Dormant / Declining,Dormant Reactivation Target,Critical Risk,Low Cross-Sell Opportunity,Priority 4
C000496,P008,Premium Banking,Banking,Premium,0.0,1000000,5,False,True,60686,25860,1482.39,2,180.0,0.06,2,0.216,0.342,0.5,1.0,0.769,0.231,-0.202,Dormant / Declining,Dormant Reactivation Target,Critical Risk,Low Cross-Sell Opportunity,Priority 4
C000497,P003,Rewards Credit Card,Credit Card,Cards,0.28,30000,2,True,False,48194,291283,1000.0,29,0.6,0.644,2,0.648,0.3336666666666666,0.0,0.0,0.55,0.45,-0.236,Core Active,Core Relationship Customer,Moderate Risk,Moderate Cross-Sell Opportunity,Priority 3
C000497,P004,Personal Loan,Loan,Lending,0.115,75000,3,False,True,48194,291283,1000.0,29,0.6,0.644,2,0.648,0.3336666666666666,0.0,0.0,0.55,0.45,-0.236,Core Active,Core Relationship Customer,Moderate Risk,Moderate Cross-Sell Opportunity,Priority 3
C000497,P005,Home Loan,Loan,Lending,0.082,500000,4,False,True,48194,291283,1000.0,29,0.6,0.644,2,0.648,0.3336666666666666,0.0,0.0,0.55,0.45,-0.236,Core Active,Core Relationship Customer,Moderate Risk,Moderate Cross-Sell Opportunity,Priority 3
C000497,P006,Mutual Fund Plan,Investment,Wealth,0.1,10000,3,False,True,48194,291283,1000.0,29,0.6,0.644,2,0.648,0.3336666666666666,0.0,0.0,0.55,0.45,-0.236,Core Active,Core Relationship Customer,Moderate Risk,Moderate Cross-Sell Opportunity,Priority 3
C000497,P007,Term Insurance,Insurance,Protection,0.0,500000,3,False,True,48194,291283,1000.0,29,0.6,0.644,2,0.648,0.3336666666666666,0.0,0.0,0.55,0.45,-0.236,Core Active,Core Relationship Customer,Moderate Risk,Moderate Cross-Sell Opportunity,Priority 3
C000497,P008,Premium Banking,Banking,Premium,0.0,1000000,5,False,True,48194,291283,1000.0,29,0.6,0.644,2,0.648,0.3336666666666666,0.0,0.0,0.55,0.45,-0.236,Core Active,Core Relationship Customer,Moderate Risk,Moderate Cross-Sell Opportunity,Priority 3
C000498,P003,Rewards Credit Card,Credit Card,Cards,0.28,30000,2,False,True,99068,888581,1771.75,41,12.7,0.674,1,0.511,0.62125,0.25,0.0,0.628,0.372,-0.007,Core Active,Core Relationship Customer,High Risk,Moderate Cross-Sell Opportunity,Priority 3
C000498,P004,Personal Loan,Loan,Lending,0.115,75000,3,False,True,99068,888581,1771.75,41,12.7,0.674,1,0.511,0.62125,0.25,0.0,0.628,0.372,-0.007,Core Active,Core Relationship Customer,High Risk,Moderate Cross-Sell Opportunity,Priority 3
C000498,P005,Home Loan,Loan,Lending,0.082,500000,4,False,True,99068,888581,1771.75,41,12.7,0.674,1,0.511,0.62125,0.25,0.0,0.628,0.372,-0.007,Core Active,Core Relationship Customer,High Risk,Moderate Cross-Sell Opportunity,Priority 3
C000498,P006,Mutual Fund Plan,Investment,Wealth,0.1,10000,3,False,True,99068,888581,1771.75,41,12.7,0.674,1,0.511,0.62125,0.25,0.0,0.628,0.372,-0.007,Core Active,Core Relationship Customer,High Risk,Moderate Cross-Sell Opportunity,Priority 3
C000498,P007,Term Insurance,Insurance,Protection,0.0,500000,3,False,True,99068,888581,1771.75,41,12.7,0.674,1,0.511,0.62125,0.25,0.0,0.628,0.372,-0.007,Core Active,Core Relationship Customer,High Risk,Moderate Cross-Sell Opportunity,Priority 3
C000498,P008,Premium Banking,Banking,Premium,0.0,1000000,5,False,True,99068,888581,1771.75,41,12.7,0.674,1,0.511,0.62125,0.25,0.0,0.628,0.372,-0.007,Core Active,Core Relationship Customer,High Risk,Moderate Cross-Sell Opportunity,Priority 3
C000499,P003,Rewards Credit Card,Credit Card,Cards,0.28,30000,2,False,True,56717,576858,1794.38,32,8.9,0.725,2,0.49,0.4975,0.25,0.0,0.897,0.103,-0.005,Core Active,Core Relationship Customer,High Risk,Moderate Cross-Sell Opportunity,Priority 3
C000499,P004,Personal Loan,Loan,Lending,0.115,75000,3,False,True,56717,576858,1794.38,32,8.9,0.725,2,0.49,0.4975,0.25,0.0,0.897,0.103,-0.005,Core Active,Core Relationship Customer,High Risk,Moderate Cross-Sell Opportunity,Priority 3
C000499,P005,Home Loan,Loan,Lending,0.082,500000,4,False,True,56717,576858,1794.38,32,8.9,0.725,2,0.49,0.4975,0.25,0.0,0.897,0.103,-0.005,Core Active,Core Relationship Customer,High Risk,Moderate Cross-Sell Opportunity,Priority 3
C000499,P006,Mutual Fund Plan,Investment,Wealth,0.1,10000,3,True,False,56717,576858,1794.38,32,8.9,0.725,2,0.49,0.4975,0.25,0.0,0.897,0.103,-0.005,Core Active,Core Relationship Customer,High Risk,Moderate Cross-Sell Opportunity,Priority 3
C000499,P007,Term Insurance,Insurance,Protection,0.0,500000,3,False,True,56717,576858,1794.38,32,8.9,0.725,2,0.49,0.4975,0.25,0.0,0.897,0.103,-0.005,Core Active,Core Relationship Customer,High Risk,Moderate Cross-Sell Opportunity,Priority 3
C000499,P008,Premium Banking,Banking,Premium,0.0,1000000,5,False,True,56717,576858,1794.38,32,8.9,0.725,2,0.49,0.4975,0.25,0.0,0.897,0.103,-0.005,Core Active,Core Relationship Customer,High Risk,Moderate Cross-Sell Opportunity,Priority 3
C000500,P003,Rewards Credit Card,Credit Card,Cards,0.28,30000,2,False,True,48509,85679,1286.82,30,8.3,0.875,1,0.436,0.33525,0.25,0.0,0.591,0.409,0.072,Core Active,Core Relationship Customer,Moderate Risk,Moderate Cross-Sell Opportunity,Priority 3
C000500,P004,Personal Loan,Loan,Lending,0.115,75000,3,False,True,48509,85679,1286.82,30,8.3,0.875,1,0.436,0.33525,0.25,0.0,0.591,0.409,0.072,Core Active,Core Relationship Customer,Moderate Risk,Moderate Cross-Sell Opportunity,Priority 3
C000500,P005,Home Loan,Loan,Lending,0.082,500000,4,False,True,48509,85679,1286.82,30,8.3,0.875,1,0.436,0.33525,0.25,0.0,0.591,0.409,0.072,Core Active,Core Relationship Customer,Moderate Risk,Moderate Cross-Sell Opportunity,Priority 3
C000500,P006,Mutual Fund Plan,Investment,Wealth,0.1,10000,3,False,True,48509,85679,1286.82,30,8.3,0.875,1,0.436,0.33525,0.25,0.0,0.591,0.409,0.072,Core Active,Core Relationship Customer,Moderate Risk,Moderate Cross-Sell Opportunity,Priority 3
C000500,P007,Term Insurance,Insurance,Protection,0.0,500000,3,False,True,48509,85679,1286.82,30,8.3,0.875,1,0.436,0.33525,0.25,0.0,0.591,0.409,0.072,Core Active,Core Relationship Customer,Moderate Risk,Moderate Cross-Sell Opportunity,Priority 3
C000500,P008,Premium Banking,Banking,Premium,0.0,1000000,5,False,True,48509,85679,1286.82,30,8.3,0.875,1,0.436,0.33525,0.25,0.0,0.591,0.409,0.072,Core Active,Core Relationship Customer,Moderate Risk,Moderate Cross-Sell Opportunity,Priority 3
C000501,P003,Rewards Credit Card,Credit Card,Cards,0.28,30000,2,True,False,256289,1239757,12943.58,54,10.5,0.381,6,0.537,0.528,0.5,0.0,0.652,0.348,0.056,Premium High-Value,Premium Relationship Customer,Moderate Risk,Moderate Cross-Sell Opportunity,Priority 2
C000501,P004,Personal Loan,Loan,Lending,0.115,75000,3,False,True,256289,1239757,12943.58,54,10.5,0.381,6,0.537,0.528,0.5,0.0,0.652,0.348,0.056,Premium High-Value,Premium Relationship Customer,Moderate Risk,Moderate Cross-Sell Opportunity,Priority 2
C000501,P005,Home Loan,Loan,Lending,0.082,500000,4,True,False,256289,1239757,12943.58,54,10.5,0.381,6,0.537,0.528,0.5,0.0,0.652,0.348,0.056,Premium High-Value,Premium Relationship Customer,Moderate Risk,Moderate Cross-Sell Opportunity,Priority 2
C000501,P006,Mutual Fund Plan,Investment,Wealth,0.1,10000,3,True,False,256289,1239757,12943.58,54,10.5,0.381,6,0.537,0.528,0.5,0.0,0.652,0.348,0.056,Premium High-Value,Premium Relationship Customer,Moderate Risk,Moderate Cross-Sell Opportunity,Priority 2
C000501,P007,Term Insurance,Insurance,Protection,0.0,500000,3,True,False,256289,1239757,12943.58,54,10.5,0.381,6,0.537,0.528,0.5,0.0,0.652,0.348,0.056,Premium High-Value,Premium Relationship Customer,Moderate Risk,Moderate Cross-Sell Opportunity,Priority 2
C000501,P008,Premium Banking,Banking,Premium,0.0,1000000,5,True,False,256289,1239757,12943.58,54,10.5,0.381,6,0.537,0.528,0.5,0.0,0.652,0.348,0.056,Premium High-Value,Premium Relationship Customer,Moderate Risk,Moderate Cross-Sell Opportunity,Priority 2
C000502,P003,Rewards Credit Card,Credit Card,Cards,0.28,30000,2,True,False,87733,225352,2541.24,51,4.6,0.833,1,0.626,0.46525,0.5,0.0,0.611,0.389,0.019,Core Active,Core Digital Customer,Low Risk,Moderate Cross-Sell Opportunity,Priority 3
C000502,P004,Personal Loan,Loan,Lending,0.115,75000,3,False,True,87733,225352,2541.24,51,4.6,0.833,1,0.626,0.46525,0.5,0.0,0.611,0.389,0.019,Core Active,Core Digital Customer,Low Risk,Moderate Cross-Sell Opportunity,Priority 3
C000502,P005,Home Loan,Loan,Lending,0.082,500000,4,False,True,87733,225352,2541.24,51,4.6,0.833,1,0.626,0.46525,0.5,0.0,0.611,0.389,0.019,Core Active,Core Digital Customer,Low Risk,Moderate Cross-Sell Opportunity,Priority 3
C000502,P006,Mutual Fund Plan,Investment,Wealth,0.1,10000,3,False,True,87733,225352,2541.24,51,4.6,0.833,1,0.626,0.46525,0.5,0.0,0.611,0.389,0.019,Core Active,Core Digital Customer,Low Risk,Moderate Cross-Sell Opportunity,Priority 3
C000502,P007,Term Insurance,Insurance,Protection,0.0,500000,3,False,True,87733,225352,2541.24,51,4.6,0.833,1,0.626,0.46525,0.5,0.0,0.611,0.389,0.019,Core Active,Core Digital Customer,Low Risk,Moderate Cross-Sell Opportunity,Priority 3
C000502,P008,Premium Banking,Banking,Premium,0.0,1000000,5,False,True,87733,225352,2541.24,51,4.6,0.833,1,0.626,0.46525,0.5,0.0,0.611,0.389,0.019,Core Active,Core Digital Customer,Low Risk,Moderate Cross-Sell Opportunity,Priority 3
C000503,P003,Rewards Credit Card,Credit Card,Cards,0.28,30000,2,False,True,43337,122373,1348.3,12,122.2,0.349,1,0.399,0.1859999999999999,0.0,0.0,0.697,0.303,-0.136,Dormant / Declining,Dormant Reactivation Target,Critical Risk,Low Cross-Sell Opportunity,Priority 4
C000503,P004,Personal Loan,Loan,Lending,0.115,75000,3,False,True,43337,122373,1348.3,12,122.2,0.349,1,0.399,0.1859999999999999,0.0,0.0,0.697,0.303,-0.136,Dormant / Declining,Dormant Reactivation Target,Critical Risk,Low Cross-Sell Opportunity,Priority 4
C000503,P005,Home Loan,Loan,Lending,0.082,500000,4,False,True,43337,122373,1348.3,12,122.2,0.349,1,0.399,0.1859999999999999,0.0,0.0,0.697,0.303,-0.136,Dormant / Declining,Dormant Reactivation Target,Critical Risk,Low Cross-Sell Opportunity,Priority 4
C000503,P006,Mutual Fund Plan,Investment,Wealth,0.1,10000,3,False,True,43337,122373,1348.3,12,122.2,0.349,1,0.399,0.1859999999999999,0.0,0.0,0.697,0.303,-0.136,Dormant / Declining,Dormant Reactivation Target,Critical Risk,Low Cross-Sell Opportunity,Priority 4
C000503,P007,Term Insurance,Insurance,Protection,0.0,500000,3,False,True,43337,122373,1348.3,12,122.2,0.349,1,0.399,0.1859999999999999,0.0,0.0,0.697,0.303,-0.136,Dormant / Declining,Dormant Reactivation Target,Critical Risk,Low Cross-Sell Opportunity,Priority 4
C000503,P008,Premium Banking,Banking,Premium,0.0,1000000,5,False,True,43337,122373,1348.3,12,122.2,0.349,1,0.399,0.1859999999999999,0.0,0.0,0.697,0.303,-0.136,Dormant / Declining,Dormant Reactivation Target,Critical Risk,Low Cross-Sell Opportunity,Priority 4
C000504,P003,Rewards Credit Card,Credit Card,Cards,0.28,30000,2,False,True,77746,272835,2271.94,26,24.8,0.64,1,0.568,0.407,0.0,0.0,0.734,0.266,-0.114,Core Active,Core Relationship Customer,Critical Risk,Moderate Cross-Sell Opportunity,Priority 3
C000504,P004,Personal Loan,Loan,Lending,0.115,75000,3,False,True,77746,272835,2271.94,26,24.8,0.64,1,0.568,0.407,0.0,0.0,0.734,0.266,-0.114,Core Active,Core Relationship Customer,Critical Risk,Moderate Cross-Sell Opportunity,Priority 3
C000504,P005,Home Loan,Loan,Lending,0.082,500000,4,False,True,77746,272835,2271.94,26,24.8,0.64,1,0.568,0.407,0.0,0.0,0.734,0.266,-0.114,Core Active,Core Relationship Customer,Critical Risk,Moderate Cross-Sell Opportunity,Priority 3
C000504,P006,Mutual Fund Plan,Investment,Wealth,0.1,10000,3,False,True,77746,272835,2271.94,26,24.8,0.64,1,0.568,0.407,0.0,0.0,0.734,0.266,-0.114,Core Active,Core Relationship Customer,Critical Risk,Moderate Cross-Sell Opportunity,Priority 3
C000504,P007,Term Insurance,Insurance,Protection,0.0,500000,3,False,True,77746,272835,2271.94,26,24.8,0.64,1,0.568,0.407,0.0,0.0,0.734,0.266,-0.114,Core Active,Core Relationship Customer,Critical Risk,Moderate Cross-Sell Opportunity,Priority 3
C000504,P008,Premium Banking,Banking,Premium,0.0,1000000,5,False,True,77746,272835,2271.94,26,24.8,0.64,1,0.568,0.407,0.0,0.0,0.734,0.266,-0.114,Core Active,Core Relationship Customer,Critical Risk,Moderate Cross-Sell Opportunity,Priority 3
C000505,P003,Rewards Credit Card,Credit Card,Cards,0.28,30000,2,True,False,84080,243686,3484.09,15,16.2,0.223,2,0.292,0.4053333333333334,0.6666666666666666,0.0,0.74,0.26,-0.101,Core Active,Core Relationship Customer,Critical Risk,Low Cross-Sell Opportunity,Priority 3
C000505,P004,Personal Loan,Loan,Lending,0.115,75000,3,False,True,84080,243686,3484.09,15,16.2,0.223,2,0.292,0.4053333333333334,0.6666666666666666,0.0,0.74,0.26,-0.101,Core Active,Core Relationship Customer,Critical Risk,Low Cross-Sell Opportunity,Priority 3
C000505,P005,Home Loan,Loan,Lending,0.082,500000,4,False,True,84080,243686,3484.09,15,16.2,0.223,2,0.292,0.4053333333333334,0.6666666666666666,0.0,0.74,0.26,-0.101,Core Active,Core Relationship Customer,Critical Risk,Low Cross-Sell Opportunity,Priority 3
C000505,P006,Mutual Fund Plan,Investment,Wealth,0.1,10000,3,False,True,84080,243686,3484.09,15,16.2,0.223,2,0.292,0.4053333333333334,0.6666666666666666,0.0,0.74,0.26,-0.101,Core Active,Core Relationship Customer,Critical Risk,Low Cross-Sell Opportunity,Priority 3
C000505,P007,Term Insurance,Insurance,Protection,0.0,500000,3,False,True,84080,243686,3484.09,15,16.2,0.223,2,0.292,0.4053333333333334,0.6666666666666666,0.0,0.74,0.26,-0.101,Core Active,Core Relationship Customer,Critical Risk,Low Cross-Sell Opportunity,Priority 3
C000505,P008,Premium Banking,Banking,Premium,0.0,1000000,5,False,True,84080,243686,3484.09,15,16.2,0.223,2,0.292,0.4053333333333334,0.6666666666666666,0.0,0.74,0.26,-0.101,Core Active,Core Relationship Customer,Critical Risk,Low Cross-Sell Opportunity,Priority 3
C000506,P003,Rewards Credit Card,Credit Card,Cards,0.28,30000,2,True,False,90551,476994,3739.24,13,64.8,0.053,2,0.468,0.317,0.4,0.0,0.822,0.178,-0.204,At Risk,At-Risk Declining Customer,Critical Risk,Low Cross-Sell Opportunity,Priority 4
C000506,P004,Personal Loan,Loan,Lending,0.115,75000,3,False,True,90551,476994,3739.24,13,64.8,0.053,2,0.468,0.317,0.4,0.0,0.822,0.178,-0.204,At Risk,At-Risk Declining Customer,Critical Risk,Low Cross-Sell Opportunity,Priority 4
C000506,P005,Home Loan,Loan,Lending,0.082,500000,4,False,True,90551,476994,3739.24,13,64.8,0.053,2,0.468,0.317,0.4,0.0,0.822,0.178,-0.204,At Risk,At-Risk Declining Customer,Critical Risk,Low Cross-Sell Opportunity,Priority 4
C000506,P006,Mutual Fund Plan,Investment,Wealth,0.1,10000,3,True,False,90551,476994,3739.24,13,64.8,0.053,2,0.468,0.317,0.4,0.0,0.822,0.178,-0.204,At Risk,At-Risk Declining Customer,Critical Risk,Low Cross-Sell Opportunity,Priority 4
C000506,P007,Term Insurance,Insurance,Protection,0.0,500000,3,False,True,90551,476994,3739.24,13,64.8,0.053,2,0.468,0.317,0.4,0.0,0.822,0.178,-0.204,At Risk,At-Risk Declining Customer,Critical Risk,Low Cross-Sell Opportunity,Priority 4
C000506,P008,Premium Banking,Banking,Premium,0.0,1000000,5,False,True,90551,476994,3739.24,13,64.8,0.053,2,0.468,0.317,0.4,0.0,0.822,0.178,-0.204,At Risk,At-Risk Declining Customer,Critical Risk,Low Cross-Sell Opportunity,Priority 4
C000507,P003,Rewards Credit Card,Credit Card,Cards,0.28,30000,2,False,True,138738,168610,6507.55,41,15.0,0.908,1,0.755,0.4563333333333332,0.3333333333333333,0.0,0.588,0.412,0.058,Core Active,Core Cross-Sell Opportunity,Moderate Risk,High Cross-Sell Opportunity,Priority 2
C000507,P004,Personal Loan,Loan,Lending,0.115,75000,3,False,True,138738,168610,6507.55,41,15.0,0.908,1,0.755,0.4563333333333332,0.3333333333333333,0.0,0.588,0.412,0.058,Core Active,Core Cross-Sell Opportunity,Moderate Risk,High Cross-Sell Opportunity,Priority 2
C000507,P005,Home Loan,Loan,Lending,0.082,500000,4,False,True,138738,168610,6507.55,41,15.0,0.908,1,0.755,0.4563333333333332,0.3333333333333333,0.0,0.588,0.412,0.058,Core Active,Core Cross-Sell Opportunity,Moderate Risk,High Cross-Sell Opportunity,Priority 2
C000507,P006,Mutual Fund Plan,Investment,Wealth,0.1,10000,3,False,True,138738,168610,6507.55,41,15.0,0.908,1,0.755,0.4563333333333332,0.3333333333333333,0.0,0.588,0.412,0.058,Core Active,Core Cross-Sell Opportunity,Moderate Risk,High Cross-Sell Opportunity,Priority 2
C000507,P007,Term Insurance,Insurance,Protection,0.0,500000,3,False,True,138738,168610,6507.55,41,15.0,0.908,1,0.755,0.4563333333333332,0.3333333333333333,0.0,0.588,0.412,0.058,Core Active,Core Cross-Sell Opportunity,Moderate Risk,High Cross-Sell Opportunity,Priority 2
C000507,P008,Premium Banking,Banking,Premium,0.0,1000000,5,False,True,138738,168610,6507.55,41,15.0,0.908,1,0.755,0.4563333333333332,0.3333333333333333,0.0,0.588,0.412,0.058,Core Active,Core Cross-Sell Opportunity,Moderate Risk,High Cross-Sell Opportunity,Priority 2
C000508,P003,Rewards Credit Card,Credit Card,Cards,0.28,30000,2,True,False,116131,497194,5774.89,58,4.5,0.616,5,0.787,0.57625,0.5,0.0,0.705,0.295,0.244,Premium High-Value,Premium Relationship Customer,Low Risk,Moderate Cross-Sell Opportunity,Priority 2
C000508,P004,Personal Loan,Loan,Lending,0.115,75000,3,False,True,116131,497194,5774.89,58,4.5,0.616,5,0.787,0.57625,0.5,0.0,0.705,0.295,0.244,Premium High-Value,Premium Relationship Customer,Low Risk,Moderate Cross-Sell Opportunity,Priority 2
C000508,P005,Home Loan,Loan,Lending,0.082,500000,4,True,False,116131,497194,5774.89,58,4.5,0.616,5,0.787,0.57625,0.5,0.0,0.705,0.295,0.244,Premium High-Value,Premium Relationship Customer,Low Risk,Moderate Cross-Sell Opportunity,Priority 2
C000508,P006,Mutual Fund Plan,Investment,Wealth,0.1,10000,3,True,False,116131,497194,5774.89,58,4.5,0.616,5,0.787,0.57625,0.5,0.0,0.705,0.295,0.244,Premium High-Value,Premium Relationship Customer,Low Risk,Moderate Cross-Sell Opportunity,Priority 2
C000508,P007,Term Insurance,Insurance,Protection,0.0,500000,3,False,True,116131,497194,5774.89,58,4.5,0.616,5,0.787,0.57625,0.5,0.0,0.705,0.295,0.244,Premium High-Value,Premium Relationship Customer,Low Risk,Moderate Cross-Sell Opportunity,Priority 2
C000508,P008,Premium Banking,Banking,Premium,0.0,1000000,5,False,True,116131,497194,5774.89,58,4.5,0.616,5,0.787,0.57625,0.5,0.0,0.705,0.295,0.244,Premium High-Value,Premium Relationship Customer,Low Risk,Moderate Cross-Sell Opportunity,Priority 2
C000509,P003,Rewards Credit Card,Credit Card,Cards,0.28,30000,2,False,True,84361,427794,2948.19,37,7.2,0.918,3,0.561,0.491,0.0,0.0,0.798,0.202,0.003,Core Active,Core Digital Customer,Moderate Risk,Moderate Cross-Sell Opportunity,Priority 3
C000509,P004,Personal Loan,Loan,Lending,0.115,75000,3,False,True,84361,427794,2948.19,37,7.2,0.918,3,0.561,0.491,0.0,0.0,0.798,0.202,0.003,Core Active,Core Digital Customer,Moderate Risk,Moderate Cross-Sell Opportunity,Priority 3
C000509,P005,Home Loan,Loan,Lending,0.082,500000,4,False,True,84361,427794,2948.19,37,7.2,0.918,3,0.561,0.491,0.0,0.0,0.798,0.202,0.003,Core Active,Core Digital Customer,Moderate Risk,Moderate Cross-Sell Opportunity,Priority 3
C000509,P006,Mutual Fund Plan,Investment,Wealth,0.1,10000,3,True,False,84361,427794,2948.19,37,7.2,0.918,3,0.561,0.491,0.0,0.0,0.798,0.202,0.003,Core Active,Core Digital Customer,Moderate Risk,Moderate Cross-Sell Opportunity,Priority 3
C000509,P007,Term Insurance,Insurance,Protection,0.0,500000,3,False,True,84361,427794,2948.19,37,7.2,0.918,3,0.561,0.491,0.0,0.0,0.798,0.202,0.003,Core Active,Core Digital Customer,Moderate Risk,Moderate Cross-Sell Opportunity,Priority 3
C000509,P008,Premium Banking,Banking,Premium,0.0,1000000,5,False,True,84361,427794,2948.19,37,7.2,0.918,3,0.561,0.491,0.0,0.0,0.798,0.202,0.003,Core Active,Core Digital Customer,Moderate Risk,Moderate Cross-Sell Opportunity,Priority 3
C000510,P003,Rewards Credit Card,Credit Card,Cards,0.28,30000,2,True,False,127437,799802,3850.93,54,26.9,0.587,3,0.436,0.5628,0.8,0.25,0.606,0.394,0.064,Premium High-Value,Premium Relationship Customer,Moderate Risk,Moderate Cross-Sell Opportunity,Priority 2
C000510,P004,Personal Loan,Loan,Lending,0.115,75000,3,True,False,127437,799802,3850.93,54,26.9,0.587,3,0.436,0.5628,0.8,0.25,0.606,0.394,0.064,Premium High-Value,Premium Relationship Customer,Moderate Risk,Moderate Cross-Sell Opportunity,Priority 2
C000510,P005,Home Loan,Loan,Lending,0.082,500000,4,False,True,127437,799802,3850.93,54,26.9,0.587,3,0.436,0.5628,0.8,0.25,0.606,0.394,0.064,Premium High-Value,Premium Relationship Customer,Moderate Risk,Moderate Cross-Sell Opportunity,Priority 2
C000510,P006,Mutual Fund Plan,Investment,Wealth,0.1,10000,3,False,True,127437,799802,3850.93,54,26.9,0.587,3,0.436,0.5628,0.8,0.25,0.606,0.394,0.064,Premium High-Value,Premium Relationship Customer,Moderate Risk,Moderate Cross-Sell Opportunity,Priority 2
C000510,P007,Term Insurance,Insurance,Protection,0.0,500000,3,False,True,127437,799802,3850.93,54,26.9,0.587,3,0.436,0.5628,0.8,0.25,0.606,0.394,0.064,Premium High-Value,Premium Relationship Customer,Moderate Risk,Moderate Cross-Sell Opportunity,Priority 2
C000510,P008,Premium Banking,Banking,Premium,0.0,1000000,5,False,True,127437,799802,3850.93,54,26.9,0.587,3,0.436,0.5628,0.8,0.25,0.606,0.394,0.064,Premium High-Value,Premium Relationship Customer,Moderate Risk,Moderate Cross-Sell Opportunity,Priority 2
C000511,P003,Rewards Credit Card,Credit Card,Cards,0.28,30000,2,False,True,107637,140615,5277.39,37,1.5,0.544,2,0.685,0.3313333333333333,0.6666666666666666,1.0,0.604,0.396,-0.172,Core Active,Core Relationship Customer,Low Risk,Moderate Cross-Sell Opportunity,Priority 2
C000511,P004,Personal Loan,Loan,Lending,0.115,75000,3,False,True,107637,140615,5277.39,37,1.5,0.544,2,0.685,0.3313333333333333,0.6666666666666666,1.0,0.604,0.396,-0.172,Core Active,Core Relationship Customer,Low Risk,Moderate Cross-Sell Opportunity,Priority 2
C000511,P005,Home Loan,Loan,Lending,0.082,500000,4,False,True,107637,140615,5277.39,37,1.5,0.544,2,0.685,0.3313333333333333,0.6666666666666666,1.0,0.604,0.396,-0.172,Core Active,Core Relationship Customer,Low Risk,Moderate Cross-Sell Opportunity,Priority 2
C000511,P006,Mutual Fund Plan,Investment,Wealth,0.1,10000,3,False,True,107637,140615,5277.39,37,1.5,0.544,2,0.685,0.3313333333333333,0.6666666666666666,1.0,0.604,0.396,-0.172,Core Active,Core Relationship Customer,Low Risk,Moderate Cross-Sell Opportunity,Priority 2
C000511,P007,Term Insurance,Insurance,Protection,0.0,500000,3,False,True,107637,140615,5277.39,37,1.5,0.544,2,0.685,0.3313333333333333,0.6666666666666666,1.0,0.604,0.396,-0.172,Core Active,Core Relationship Customer,Low Risk,Moderate Cross-Sell Opportunity,Priority 2
C000511,P008,Premium Banking,Banking,Premium,0.0,1000000,5,False,True,107637,140615,5277.39,37,1.5,0.544,2,0.685,0.3313333333333333,0.6666666666666666,1.0,0.604,0.396,-0.172,Core Active,Core Relationship Customer,Low Risk,Moderate Cross-Sell Opportunity,Priority 2
C000512,P003,Rewards Credit Card,Credit Card,Cards,0.28,30000,2,True,False,209502,464046,16585.58,58,5.8,0.559,4,0.737,0.495,1.0,0.5,0.64,0.36,0.08,Premium High-Value,Premium Relationship Customer,Low Risk,Moderate Cross-Sell Opportunity,Priority 2
C000512,P004,Personal Loan,Loan,Lending,0.115,75000,3,True,False,209502,464046,16585.58,58,5.8,0.559,4,0.737,0.495,1.0,0.5,0.64,0.36,0.08,Premium High-Value,Premium Relationship Customer,Low Risk,Moderate Cross-Sell Opportunity,Priority 2
C000512,P005,Home Loan,Loan,Lending,0.082,500000,4,False,True,209502,464046,16585.58,58,5.8,0.559,4,0.737,0.495,1.0,0.5,0.64,0.36,0.08,Premium High-Value,Premium Relationship Customer,Low Risk,Moderate Cross-Sell Opportunity,Priority 2
C000512,P006,Mutual Fund Plan,Investment,Wealth,0.1,10000,3,True,False,209502,464046,16585.58,58,5.8,0.559,4,0.737,0.495,1.0,0.5,0.64,0.36,0.08,Premium High-Value,Premium Relationship Customer,Low Risk,Moderate Cross-Sell Opportunity,Priority 2
C000512,P007,Term Insurance,Insurance,Protection,0.0,500000,3,False,True,209502,464046,16585.58,58,5.8,0.559,4,0.737,0.495,1.0,0.5,0.64,0.36,0.08,Premium High-Value,Premium Relationship Customer,Low Risk,Moderate Cross-Sell Opportunity,Priority 2
C000512,P008,Premium Banking,Banking,Premium,0.0,1000000,5,False,True,209502,464046,16585.58,58,5.8,0.559,4,0.737,0.495,1.0,0.5,0.64,0.36,0.08,Premium High-Value,Premium Relationship Customer,Low Risk,Moderate Cross-Sell Opportunity,Priority 2
C000513,P003,Rewards Credit Card,Credit Card,Cards,0.28,30000,2,False,True,152964,1090060,5081.59,40,11.9,0.554,1,0.431,0.65225,0.25,1.0,0.753,0.247,-0.001,Premium High-Value,Premium Relationship Customer,High Risk,Moderate Cross-Sell Opportunity,Priority 2
C000513,P004,Personal Loan,Loan,Lending,0.115,75000,3,False,True,152964,1090060,5081.59,40,11.9,0.554,1,0.431,0.65225,0.25,1.0,0.753,0.247,-0.001,Premium High-Value,Premium Relationship Customer,High Risk,Moderate Cross-Sell Opportunity,Priority 2
C000513,P005,Home Loan,Loan,Lending,0.082,500000,4,False,True,152964,1090060,5081.59,40,11.9,0.554,1,0.431,0.65225,0.25,1.0,0.753,0.247,-0.001,Premium High-Value,Premium Relationship Customer,High Risk,Moderate Cross-Sell Opportunity,Priority 2
C000513,P006,Mutual Fund Plan,Investment,Wealth,0.1,10000,3,True,False,152964,1090060,5081.59,40,11.9,0.554,1,0.431,0.65225,0.25,1.0,0.753,0.247,-0.001,Premium High-Value,Premium Relationship Customer,High Risk,Moderate Cross-Sell Opportunity,Priority 2
C000513,P007,Term Insurance,Insurance,Protection,0.0,500000,3,False,True,152964,1090060,5081.59,40,11.9,0.554,1,0.431,0.65225,0.25,1.0,0.753,0.247,-0.001,Premium High-Value,Premium Relationship Customer,High Risk,Moderate Cross-Sell Opportunity,Priority 2
C000513,P008,Premium Banking,Banking,Premium,0.0,1000000,5,False,True,152964,1090060,5081.59,40,11.9,0.554,1,0.431,0.65225,0.25,1.0,0.753,0.247,-0.001,Premium High-Value,Premium Relationship Customer,High Risk,Moderate Cross-Sell Opportunity,Priority 2
C000514,P003,Rewards Credit Card,Credit Card,Cards,0.28,30000,2,False,True,34943,145235,1409.87,26,10.1,0.71,1,0.535,0.3155,0.0,0.0,0.632,0.368,0.144,Core Active,Core Relationship Customer,Moderate Risk,Moderate Cross-Sell Opportunity,Priority 3
C000514,P004,Personal Loan,Loan,Lending,0.115,75000,3,False,True,34943,145235,1409.87,26,10.1,0.71,1,0.535,0.3155,0.0,0.0,0.632,0.368,0.144,Core Active,Core Relationship Customer,Moderate Risk,Moderate Cross-Sell Opportunity,Priority 3
C000514,P005,Home Loan,Loan,Lending,0.082,500000,4,False,True,34943,145235,1409.87,26,10.1,0.71,1,0.535,0.3155,0.0,0.0,0.632,0.368,0.144,Core Active,Core Relationship Customer,Moderate Risk,Moderate Cross-Sell Opportunity,Priority 3
C000514,P006,Mutual Fund Plan,Investment,Wealth,0.1,10000,3,False,True,34943,145235,1409.87,26,10.1,0.71,1,0.535,0.3155,0.0,0.0,0.632,0.368,0.144,Core Active,Core Relationship Customer,Moderate Risk,Moderate Cross-Sell Opportunity,Priority 3
C000514,P007,Term Insurance,Insurance,Protection,0.0,500000,3,False,True,34943,145235,1409.87,26,10.1,0.71,1,0.535,0.3155,0.0,0.0,0.632,0.368,0.144,Core Active,Core Relationship Customer,Moderate Risk,Moderate Cross-Sell Opportunity,Priority 3
C000514,P008,Premium Banking,Banking,Premium,0.0,1000000,5,False,True,34943,145235,1409.87,26,10.1,0.71,1,0.535,0.3155,0.0,0.0,0.632,0.368,0.144,Core Active,Core Relationship Customer,Moderate Risk,Moderate Cross-Sell Opportunity,Priority 3
C000515,P003,Rewards Credit Card,Credit Card,Cards,0.28,30000,2,True,False,225470,171428,11973.96,63,35.4,0.693,4,0.526,0.446,0.5,0.5,0.734,0.266,0.172,Premium High-Value,Premium Relationship Customer,Moderate Risk,Moderate Cross-Sell Opportunity,Priority 2
C000515,P004,Personal Loan,Loan,Lending,0.115,75000,3,False,True,225470,171428,11973.96,63,35.4,0.693,4,0.526,0.446,0.5,0.5,0.734,0.266,0.172,Premium High-Value,Premium Relationship Customer,Moderate Risk,Moderate Cross-Sell Opportunity,Priority 2
C000515,P005,Home Loan,Loan,Lending,0.082,500000,4,False,True,225470,171428,11973.96,63,35.4,0.693,4,0.526,0.446,0.5,0.5,0.734,0.266,0.172,Premium High-Value,Premium Relationship Customer,Moderate Risk,Moderate Cross-Sell Opportunity,Priority 2
C000515,P006,Mutual Fund Plan,Investment,Wealth,0.1,10000,3,True,False,225470,171428,11973.96,63,35.4,0.693,4,0.526,0.446,0.5,0.5,0.734,0.266,0.172,Premium High-Value,Premium Relationship Customer,Moderate Risk,Moderate Cross-Sell Opportunity,Priority 2
C000515,P007,Term Insurance,Insurance,Protection,0.0,500000,3,True,False,225470,171428,11973.96,63,35.4,0.693,4,0.526,0.446,0.5,0.5,0.734,0.266,0.172,Premium High-Value,Premium Relationship Customer,Moderate Risk,Moderate Cross-Sell Opportunity,Priority 2
C000515,P008,Premium Banking,Banking,Premium,0.0,1000000,5,False,True,225470,171428,11973.96,63,35.4,0.693,4,0.526,0.446,0.5,0.5,0.734,0.266,0.172,Premium High-Value,Premium Relationship Customer,Moderate Risk,Moderate Cross-Sell Opportunity,Priority 2
C000516,P003,Rewards Credit Card,Credit Card,Cards,0.28,30000,2,False,True,224733,241258,13856.73,64,14.1,0.504,5,0.504,0.3899999999999999,0.3333333333333333,0.0,0.513,0.487,-0.134,Premium High-Value,Premium Relationship Customer,Moderate Risk,Moderate Cross-Sell Opportunity,Priority 3
C000516,P004,Personal Loan,Loan,Lending,0.115,75000,3,True,False,224733,241258,13856.73,64,14.1,0.504,5,0.504,0.3899999999999999,0.3333333333333333,0.0,0.513,0.487,-0.134,Premium High-Value,Premium Relationship Customer,Moderate Risk,Moderate Cross-Sell Opportunity,Priority 3
C000516,P005,Home Loan,Loan,Lending,0.082,500000,4,False,True,224733,241258,13856.73,64,14.1,0.504,5,0.504,0.3899999999999999,0.3333333333333333,0.0,0.513,0.487,-0.134,Premium High-Value,Premium Relationship Customer,Moderate Risk,Moderate Cross-Sell Opportunity,Priority 3
C000516,P006,Mutual Fund Plan,Investment,Wealth,0.1,10000,3,True,False,224733,241258,13856.73,64,14.1,0.504,5,0.504,0.3899999999999999,0.3333333333333333,0.0,0.513,0.487,-0.134,Premium High-Value,Premium Relationship Customer,Moderate Risk,Moderate Cross-Sell Opportunity,Priority 3
C000516,P007,Term Insurance,Insurance,Protection,0.0,500000,3,True,False,224733,241258,13856.73,64,14.1,0.504,5,0.504,0.3899999999999999,0.3333333333333333,0.0,0.513,0.487,-0.134,Premium High-Value,Premium Relationship Customer,Moderate Risk,Moderate Cross-Sell Opportunity,Priority 3
C000516,P008,Premium Banking,Banking,Premium,0.0,1000000,5,True,False,224733,241258,13856.73,64,14.1,0.504,5,0.504,0.3899999999999999,0.3333333333333333,0.0,0.513,0.487,-0.134,Premium High-Value,Premium Relationship Customer,Moderate Risk,Moderate Cross-Sell Opportunity,Priority 3
C000517,P003,Rewards Credit Card,Credit Card,Cards,0.28,30000,2,False,True,67791,250406,3914.02,36,14.5,0.475,1,0.472,0.39425,0.25,1.0,0.721,0.279,0.052,Core Active,Core Relationship Customer,High Risk,Moderate Cross-Sell Opportunity,Priority 3
C000517,P004,Personal Loan,Loan,Lending,0.115,75000,3,False,True,67791,250406,3914.02,36,14.5,0.475,1,0.472,0.39425,0.25,1.0,0.721,0.279,0.052,Core Active,Core Relationship Customer,High Risk,Moderate Cross-Sell Opportunity,Priority 3
C000517,P005,Home Loan,Loan,Lending,0.082,500000,4,False,True,67791,250406,3914.02,36,14.5,0.475,1,0.472,0.39425,0.25,1.0,0.721,0.279,0.052,Core Active,Core Relationship Customer,High Risk,Moderate Cross-Sell Opportunity,Priority 3
C000517,P006,Mutual Fund Plan,Investment,Wealth,0.1,10000,3,False,True,67791,250406,3914.02,36,14.5,0.475,1,0.472,0.39425,0.25,1.0,0.721,0.279,0.052,Core Active,Core Relationship Customer,High Risk,Moderate Cross-Sell Opportunity,Priority 3
C000517,P007,Term Insurance,Insurance,Protection,0.0,500000,3,False,True,67791,250406,3914.02,36,14.5,0.475,1,0.472,0.39425,0.25,1.0,0.721,0.279,0.052,Core Active,Core Relationship Customer,High Risk,Moderate Cross-Sell Opportunity,Priority 3
C000517,P008,Premium Banking,Banking,Premium,0.0,1000000,5,False,True,67791,250406,3914.02,36,14.5,0.475,1,0.472,0.39425,0.25,1.0,0.721,0.279,0.052,Core Active,Core Relationship Customer,High Risk,Moderate Cross-Sell Opportunity,Priority 3
C000518,P003,Rewards Credit Card,Credit Card,Cards,0.28,30000,2,True,False,224119,396591,11746.85,63,1.0,0.901,5,0.729,0.4962,0.4,0.0,0.735,0.265,-0.019,Premium High-Value,Premium Digital Customer,Low Risk,Moderate Cross-Sell Opportunity,Priority 2
C000518,P004,Personal Loan,Loan,Lending,0.115,75000,3,False,True,224119,396591,11746.85,63,1.0,0.901,5,0.729,0.4962,0.4,0.0,0.735,0.265,-0.019,Premium High-Value,Premium Digital Customer,Low Risk,Moderate Cross-Sell Opportunity,Priority 2
C000518,P005,Home Loan,Loan,Lending,0.082,500000,4,False,True,224119,396591,11746.85,63,1.0,0.901,5,0.729,0.4962,0.4,0.0,0.735,0.265,-0.019,Premium High-Value,Premium Digital Customer,Low Risk,Moderate Cross-Sell Opportunity,Priority 2
C000518,P006,Mutual Fund Plan,Investment,Wealth,0.1,10000,3,True,False,224119,396591,11746.85,63,1.0,0.901,5,0.729,0.4962,0.4,0.0,0.735,0.265,-0.019,Premium High-Value,Premium Digital Customer,Low Risk,Moderate Cross-Sell Opportunity,Priority 2
C000518,P007,Term Insurance,Insurance,Protection,0.0,500000,3,False,True,224119,396591,11746.85,63,1.0,0.901,5,0.729,0.4962,0.4,0.0,0.735,0.265,-0.019,Premium High-Value,Premium Digital Customer,Low Risk,Moderate Cross-Sell Opportunity,Priority 2
C000518,P008,Premium Banking,Banking,Premium,0.0,1000000,5,True,False,224119,396591,11746.85,63,1.0,0.901,5,0.729,0.4962,0.4,0.0,0.735,0.265,-0.019,Premium High-Value,Premium Digital Customer,Low Risk,Moderate Cross-Sell Opportunity,Priority 2
C000519,P003,Rewards Credit Card,Credit Card,Cards,0.28,30000,2,False,True,64921,212817,3221.65,4,43.3,0.0,1,0.304,0.277,0.4,0.0,0.576,0.424,-0.089,At Risk,At-Risk Engagement Customer,Critical Risk,Low Cross-Sell Opportunity,Priority 4
C000519,P004,Personal Loan,Loan,Lending,0.115,75000,3,False,True,64921,212817,3221.65,4,43.3,0.0,1,0.304,0.277,0.4,0.0,0.576,0.424,-0.089,At Risk,At-Risk Engagement Customer,Critical Risk,Low Cross-Sell Opportunity,Priority 4
C000519,P005,Home Loan,Loan,Lending,0.082,500000,4,False,True,64921,212817,3221.65,4,43.3,0.0,1,0.304,0.277,0.4,0.0,0.576,0.424,-0.089,At Risk,At-Risk Engagement Customer,Critical Risk,Low Cross-Sell Opportunity,Priority 4
C000519,P006,Mutual Fund Plan,Investment,Wealth,0.1,10000,3,False,True,64921,212817,3221.65,4,43.3,0.0,1,0.304,0.277,0.4,0.0,0.576,0.424,-0.089,At Risk,At-Risk Engagement Customer,Critical Risk,Low Cross-Sell Opportunity,Priority 4
C000519,P007,Term Insurance,Insurance,Protection,0.0,500000,3,False,True,64921,212817,3221.65,4,43.3,0.0,1,0.304,0.277,0.4,0.0,0.576,0.424,-0.089,At Risk,At-Risk Engagement Customer,Critical Risk,Low Cross-Sell Opportunity,Priority 4
C000519,P008,Premium Banking,Banking,Premium,0.0,1000000,5,False,True,64921,212817,3221.65,4,43.3,0.0,1,0.304,0.277,0.4,0.0,0.576,0.424,-0.089,At Risk,At-Risk Engagement Customer,Critical Risk,Low Cross-Sell Opportunity,Priority 4
C000520,P003,Rewards Credit Card,Credit Card,Cards,0.28,30000,2,True,False,54884,42025,1583.11,44,8.1,0.492,2,0.491,0.42,0.3333333333333333,0.0,0.738,0.262,0.113,Core Active,Core Relationship Customer,Moderate Risk,Low Cross-Sell Opportunity,Priority 4
C000520,P004,Personal Loan,Loan,Lending,0.115,75000,3,False,True,54884,42025,1583.11,44,8.1,0.492,2,0.491,0.42,0.3333333333333333,0.0,0.738,0.262,0.113,Core Active,Core Relationship Customer,Moderate Risk,Low Cross-Sell Opportunity,Priority 4
C000520,P005,Home Loan,Loan,Lending,0.082,500000,4,False,True,54884,42025,1583.11,44,8.1,0.492,2,0.491,0.42,0.3333333333333333,0.0,0.738,0.262,0.113,Core Active,Core Relationship Customer,Moderate Risk,Low Cross-Sell Opportunity,Priority 4
C000520,P006,Mutual Fund Plan,Investment,Wealth,0.1,10000,3,False,True,54884,42025,1583.11,44,8.1,0.492,2,0.491,0.42,0.3333333333333333,0.0,0.738,0.262,0.113,Core Active,Core Relationship Customer,Moderate Risk,Low Cross-Sell Opportunity,Priority 4
C000520,P007,Term Insurance,Insurance,Protection,0.0,500000,3,False,True,54884,42025,1583.11,44,8.1,0.492,2,0.491,0.42,0.3333333333333333,0.0,0.738,0.262,0.113,Core Active,Core Relationship Customer,Moderate Risk,Low Cross-Sell Opportunity,Priority 4
C000520,P008,Premium Banking,Banking,Premium,0.0,1000000,5,False,True,54884,42025,1583.11,44,8.1,0.492,2,0.491,0.42,0.3333333333333333,0.0,0.738,0.262,0.113,Core Active,Core Relationship Customer,Moderate Risk,Low Cross-Sell Opportunity,Priority 4
C000521,P003,Rewards Credit Card,Credit Card,Cards,0.28,30000,2,True,False,214897,1046904,6961.64,50,7.3,0.928,7,0.647,0.5673333333333334,0.6666666666666666,0.5,0.859,0.141,0.107,Premium High-Value,Premium Digital Customer,Low Risk,Moderate Cross-Sell Opportunity,Priority 2
C000521,P004,Personal Loan,Loan,Lending,0.115,75000,3,True,False,214897,1046904,6961.64,50,7.3,0.928,7,0.647,0.5673333333333334,0.6666666666666666,0.5,0.859,0.141,0.107,Premium High-Value,Premium Digital Customer,Low Risk,Moderate Cross-Sell Opportunity,Priority 2
C000521,P005,Home Loan,Loan,Lending,0.082,500000,4,True,False,214897,1046904,6961.64,50,7.3,0.928,7,0.647,0.5673333333333334,0.6666666666666666,0.5,0.859,0.141,0.107,Premium High-Value,Premium Digital Customer,Low Risk,Moderate Cross-Sell Opportunity,Priority 2
C000521,P006,Mutual Fund Plan,Investment,Wealth,0.1,10000,3,True,False,214897,1046904,6961.64,50,7.3,0.928,7,0.647,0.5673333333333334,0.6666666666666666,0.5,0.859,0.141,0.107,Premium High-Value,Premium Digital Customer,Low Risk,Moderate Cross-Sell Opportunity,Priority 2
C000521,P007,Term Insurance,Insurance,Protection,0.0,500000,3,False,True,214897,1046904,6961.64,50,7.3,0.928,7,0.647,0.5673333333333334,0.6666666666666666,0.5,0.859,0.141,0.107,Premium High-Value,Premium Digital Customer,Low Risk,Moderate Cross-Sell Opportunity,Priority 2
C000521,P008,Premium Banking,Banking,Premium,0.0,1000000,5,True,False,214897,1046904,6961.64,50,7.3,0.928,7,0.647,0.5673333333333334,0.6666666666666666,0.5,0.859,0.141,0.107,Premium High-Value,Premium Digital Customer,Low Risk,Moderate Cross-Sell Opportunity,Priority 2
C000522,P003,Rewards Credit Card,Credit Card,Cards,0.28,30000,2,True,False,61782,806719,1996.41,31,10.3,1.0,1,0.775,0.5655,0.0,0.0,0.647,0.353,-0.19,Core Active,Core Digital Customer,Moderate Risk,Moderate Cross-Sell Opportunity,Priority 3
C000522,P004,Personal Loan,Loan,Lending,0.115,75000,3,False,True,61782,806719,1996.41,31,10.3,1.0,1,0.775,0.5655,0.0,0.0,0.647,0.353,-0.19,Core Active,Core Digital Customer,Moderate Risk,Moderate Cross-Sell Opportunity,Priority 3
C000522,P005,Home Loan,Loan,Lending,0.082,500000,4,False,True,61782,806719,1996.41,31,10.3,1.0,1,0.775,0.5655,0.0,0.0,0.647,0.353,-0.19,Core Active,Core Digital Customer,Moderate Risk,Moderate Cross-Sell Opportunity,Priority 3
C000522,P006,Mutual Fund Plan,Investment,Wealth,0.1,10000,3,False,True,61782,806719,1996.41,31,10.3,1.0,1,0.775,0.5655,0.0,0.0,0.647,0.353,-0.19,Core Active,Core Digital Customer,Moderate Risk,Moderate Cross-Sell Opportunity,Priority 3
C000522,P007,Term Insurance,Insurance,Protection,0.0,500000,3,False,True,61782,806719,1996.41,31,10.3,1.0,1,0.775,0.5655,0.0,0.0,0.647,0.353,-0.19,Core Active,Core Digital Customer,Moderate Risk,Moderate Cross-Sell Opportunity,Priority 3
C000522,P008,Premium Banking,Banking,Premium,0.0,1000000,5,False,True,61782,806719,1996.41,31,10.3,1.0,1,0.775,0.5655,0.0,0.0,0.647,0.353,-0.19,Core Active,Core Digital Customer,Moderate Risk,Moderate Cross-Sell Opportunity,Priority 3
C000523,P003,Rewards Credit Card,Credit Card,Cards,0.28,30000,2,False,True,55839,299326,1481.61,16,37.6,0.302,2,0.431,0.3783333333333333,0.0,0.0,0.638,0.362,0.052,At Risk,At-Risk Engagement Customer,High Risk,Low Cross-Sell Opportunity,Priority 4
C000523,P004,Personal Loan,Loan,Lending,0.115,75000,3,False,True,55839,299326,1481.61,16,37.6,0.302,2,0.431,0.3783333333333333,0.0,0.0,0.638,0.362,0.052,At Risk,At-Risk Engagement Customer,High Risk,Low Cross-Sell Opportunity,Priority 4
C000523,P005,Home Loan,Loan,Lending,0.082,500000,4,False,True,55839,299326,1481.61,16,37.6,0.302,2,0.431,0.3783333333333333,0.0,0.0,0.638,0.362,0.052,At Risk,At-Risk Engagement Customer,High Risk,Low Cross-Sell Opportunity,Priority 4
C000523,P006,Mutual Fund Plan,Investment,Wealth,0.1,10000,3,False,True,55839,299326,1481.61,16,37.6,0.302,2,0.431,0.3783333333333333,0.0,0.0,0.638,0.362,0.052,At Risk,At-Risk Engagement Customer,High Risk,Low Cross-Sell Opportunity,Priority 4
C000523,P007,Term Insurance,Insurance,Protection,0.0,500000,3,True,False,55839,299326,1481.61,16,37.6,0.302,2,0.431,0.3783333333333333,0.0,0.0,0.638,0.362,0.052,At Risk,At-Risk Engagement Customer,High Risk,Low Cross-Sell Opportunity,Priority 4
C000523,P008,Premium Banking,Banking,Premium,0.0,1000000,5,False,True,55839,299326,1481.61,16,37.6,0.302,2,0.431,0.3783333333333333,0.0,0.0,0.638,0.362,0.052,At Risk,At-Risk Engagement Customer,High Risk,Low Cross-Sell Opportunity,Priority 4
C000524,P003,Rewards Credit Card,Credit Card,Cards,0.28,30000,2,True,False,79751,737661,2772.67,40,5.0,0.927,2,0.604,0.5429999999999999,0.0,0.0,0.545,0.455,0.152,Core Active,Core Digital Customer,Low Risk,Moderate Cross-Sell Opportunity,Priority 2
C000524,P004,Personal Loan,Loan,Lending,0.115,75000,3,False,True,79751,737661,2772.67,40,5.0,0.927,2,0.604,0.5429999999999999,0.0,0.0,0.545,0.455,0.152,Core Active,Core Digital Customer,Low Risk,Moderate Cross-Sell Opportunity,Priority 2
C000524,P005,Home Loan,Loan,Lending,0.082,500000,4,False,True,79751,737661,2772.67,40,5.0,0.927,2,0.604,0.5429999999999999,0.0,0.0,0.545,0.455,0.152,Core Active,Core Digital Customer,Low Risk,Moderate Cross-Sell Opportunity,Priority 2
C000524,P006,Mutual Fund Plan,Investment,Wealth,0.1,10000,3,False,True,79751,737661,2772.67,40,5.0,0.927,2,0.604,0.5429999999999999,0.0,0.0,0.545,0.455,0.152,Core Active,Core Digital Customer,Low Risk,Moderate Cross-Sell Opportunity,Priority 2
C000524,P007,Term Insurance,Insurance,Protection,0.0,500000,3,False,True,79751,737661,2772.67,40,5.0,0.927,2,0.604,0.5429999999999999,0.0,0.0,0.545,0.455,0.152,Core Active,Core Digital Customer,Low Risk,Moderate Cross-Sell Opportunity,Priority 2
C000524,P008,Premium Banking,Banking,Premium,0.0,1000000,5,False,True,79751,737661,2772.67,40,5.0,0.927,2,0.604,0.5429999999999999,0.0,0.0,0.545,0.455,0.152,Core Active,Core Digital Customer,Low Risk,Moderate Cross-Sell Opportunity,Priority 2
C000525,P003,Rewards Credit Card,Credit Card,Cards,0.28,30000,2,False,True,56411,292642,1644.95,26,11.0,0.337,2,0.351,0.1345,0.0,0.0,0.619,0.381,-0.156,Core Active,Core Relationship Customer,High Risk,Low Cross-Sell Opportunity,Priority 4
C000525,P004,Personal Loan,Loan,Lending,0.115,75000,3,False,True,56411,292642,1644.95,26,11.0,0.337,2,0.351,0.1345,0.0,0.0,0.619,0.381,-0.156,Core Active,Core Relationship Customer,High Risk,Low Cross-Sell Opportunity,Priority 4
C000525,P005,Home Loan,Loan,Lending,0.082,500000,4,False,True,56411,292642,1644.95,26,11.0,0.337,2,0.351,0.1345,0.0,0.0,0.619,0.381,-0.156,Core Active,Core Relationship Customer,High Risk,Low Cross-Sell Opportunity,Priority 4
C000525,P006,Mutual Fund Plan,Investment,Wealth,0.1,10000,3,False,True,56411,292642,1644.95,26,11.0,0.337,2,0.351,0.1345,0.0,0.0,0.619,0.381,-0.156,Core Active,Core Relationship Customer,High Risk,Low Cross-Sell Opportunity,Priority 4
C000525,P007,Term Insurance,Insurance,Protection,0.0,500000,3,False,True,56411,292642,1644.95,26,11.0,0.337,2,0.351,0.1345,0.0,0.0,0.619,0.381,-0.156,Core Active,Core Relationship Customer,High Risk,Low Cross-Sell Opportunity,Priority 4
C000525,P008,Premium Banking,Banking,Premium,0.0,1000000,5,True,False,56411,292642,1644.95,26,11.0,0.337,2,0.351,0.1345,0.0,0.0,0.619,0.381,-0.156,Core Active,Core Relationship Customer,High Risk,Low Cross-Sell Opportunity,Priority 4
C000526,P003,Rewards Credit Card,Credit Card,Cards,0.28,30000,2,False,True,195822,749266,7193.46,48,1.2,0.73,2,0.701,0.52325,0.5,0.5,0.685,0.315,0.185,Premium High-Value,Premium Digital Customer,Low Risk,High Cross-Sell Opportunity,Priority 2
C000526,P004,Personal Loan,Loan,Lending,0.115,75000,3,False,True,195822,749266,7193.46,48,1.2,0.73,2,0.701,0.52325,0.5,0.5,0.685,0.315,0.185,Premium High-Value,Premium Digital Customer,Low Risk,High Cross-Sell Opportunity,Priority 2
C000526,P005,Home Loan,Loan,Lending,0.082,500000,4,False,True,195822,749266,7193.46,48,1.2,0.73,2,0.701,0.52325,0.5,0.5,0.685,0.315,0.185,Premium High-Value,Premium Digital Customer,Low Risk,High Cross-Sell Opportunity,Priority 2
C000526,P006,Mutual Fund Plan,Investment,Wealth,0.1,10000,3,True,False,195822,749266,7193.46,48,1.2,0.73,2,0.701,0.52325,0.5,0.5,0.685,0.315,0.185,Premium High-Value,Premium Digital Customer,Low Risk,High Cross-Sell Opportunity,Priority 2
C000526,P007,Term Insurance,Insurance,Protection,0.0,500000,3,False,True,195822,749266,7193.46,48,1.2,0.73,2,0.701,0.52325,0.5,0.5,0.685,0.315,0.185,Premium High-Value,Premium Digital Customer,Low Risk,High Cross-Sell Opportunity,Priority 2
C000526,P008,Premium Banking,Banking,Premium,0.0,1000000,5,False,True,195822,749266,7193.46,48,1.2,0.73,2,0.701,0.52325,0.5,0.5,0.685,0.315,0.185,Premium High-Value,Premium Digital Customer,Low Risk,High Cross-Sell Opportunity,Priority 2
C000527,P003,Rewards Credit Card,Credit Card,Cards,0.28,30000,2,True,False,113619,276058,4332.03,41,3.0,0.659,3,0.541,0.351,0.3333333333333333,0.0,0.919,0.081,0.006,Core Active,Core Relationship Customer,Low Risk,Moderate Cross-Sell Opportunity,Priority 3
C000527,P004,Personal Loan,Loan,Lending,0.115,75000,3,False,True,113619,276058,4332.03,41,3.0,0.659,3,0.541,0.351,0.3333333333333333,0.0,0.919,0.081,0.006,Core Active,Core Relationship Customer,Low Risk,Moderate Cross-Sell Opportunity,Priority 3
C000527,P005,Home Loan,Loan,Lending,0.082,500000,4,False,True,113619,276058,4332.03,41,3.0,0.659,3,0.541,0.351,0.3333333333333333,0.0,0.919,0.081,0.006,Core Active,Core Relationship Customer,Low Risk,Moderate Cross-Sell Opportunity,Priority 3
C000527,P006,Mutual Fund Plan,Investment,Wealth,0.1,10000,3,False,True,113619,276058,4332.03,41,3.0,0.659,3,0.541,0.351,0.3333333333333333,0.0,0.919,0.081,0.006,Core Active,Core Relationship Customer,Low Risk,Moderate Cross-Sell Opportunity,Priority 3
C000527,P007,Term Insurance,Insurance,Protection,0.0,500000,3,True,False,113619,276058,4332.03,41,3.0,0.659,3,0.541,0.351,0.3333333333333333,0.0,0.919,0.081,0.006,Core Active,Core Relationship Customer,Low Risk,Moderate Cross-Sell Opportunity,Priority 3
C000527,P008,Premium Banking,Banking,Premium,0.0,1000000,5,False,True,113619,276058,4332.03,41,3.0,0.659,3,0.541,0.351,0.3333333333333333,0.0,0.919,0.081,0.006,Core Active,Core Relationship Customer,Low Risk,Moderate Cross-Sell Opportunity,Priority 3
C000528,P003,Rewards Credit Card,Credit Card,Cards,0.28,30000,2,False,True,73935,38665,3388.76,35,5.4,0.509,1,0.459,0.4943333333333333,0.0,0.0,0.697,0.303,-0.302,Core Active,Core Relationship Customer,High Risk,Moderate Cross-Sell Opportunity,Priority 3
C000528,P004,Personal Loan,Loan,Lending,0.115,75000,3,False,True,73935,38665,3388.76,35,5.4,0.509,1,0.459,0.4943333333333333,0.0,0.0,0.697,0.303,-0.302,Core Active,Core Relationship Customer,High Risk,Moderate Cross-Sell Opportunity,Priority 3
C000528,P005,Home Loan,Loan,Lending,0.082,500000,4,False,True,73935,38665,3388.76,35,5.4,0.509,1,0.459,0.4943333333333333,0.0,0.0,0.697,0.303,-0.302,Core Active,Core Relationship Customer,High Risk,Moderate Cross-Sell Opportunity,Priority 3
C000528,P006,Mutual Fund Plan,Investment,Wealth,0.1,10000,3,False,True,73935,38665,3388.76,35,5.4,0.509,1,0.459,0.4943333333333333,0.0,0.0,0.697,0.303,-0.302,Core Active,Core Relationship Customer,High Risk,Moderate Cross-Sell Opportunity,Priority 3
C000528,P007,Term Insurance,Insurance,Protection,0.0,500000,3,False,True,73935,38665,3388.76,35,5.4,0.509,1,0.459,0.4943333333333333,0.0,0.0,0.697,0.303,-0.302,Core Active,Core Relationship Customer,High Risk,Moderate Cross-Sell Opportunity,Priority 3
C000528,P008,Premium Banking,Banking,Premium,0.0,1000000,5,False,True,73935,38665,3388.76,35,5.4,0.509,1,0.459,0.4943333333333333,0.0,0.0,0.697,0.303,-0.302,Core Active,Core Relationship Customer,High Risk,Moderate Cross-Sell Opportunity,Priority 3
C000529,P003,Rewards Credit Card,Credit Card,Cards,0.28,30000,2,True,False,142463,372248,5653.03,43,14.3,0.606,2,0.614,0.418,0.5,0.0,0.666,0.334,0.127,Premium High-Value,Premium Relationship Customer,Moderate Risk,Moderate Cross-Sell Opportunity,Priority 3
C000529,P004,Personal Loan,Loan,Lending,0.115,75000,3,False,True,142463,372248,5653.03,43,14.3,0.606,2,0.614,0.418,0.5,0.0,0.666,0.334,0.127,Premium High-Value,Premium Relationship Customer,Moderate Risk,Moderate Cross-Sell Opportunity,Priority 3
C000529,P005,Home Loan,Loan,Lending,0.082,500000,4,False,True,142463,372248,5653.03,43,14.3,0.606,2,0.614,0.418,0.5,0.0,0.666,0.334,0.127,Premium High-Value,Premium Relationship Customer,Moderate Risk,Moderate Cross-Sell Opportunity,Priority 3
C000529,P006,Mutual Fund Plan,Investment,Wealth,0.1,10000,3,False,True,142463,372248,5653.03,43,14.3,0.606,2,0.614,0.418,0.5,0.0,0.666,0.334,0.127,Premium High-Value,Premium Relationship Customer,Moderate Risk,Moderate Cross-Sell Opportunity,Priority 3
C000529,P007,Term Insurance,Insurance,Protection,0.0,500000,3,False,True,142463,372248,5653.03,43,14.3,0.606,2,0.614,0.418,0.5,0.0,0.666,0.334,0.127,Premium High-Value,Premium Relationship Customer,Moderate Risk,Moderate Cross-Sell Opportunity,Priority 3
C000529,P008,Premium Banking,Banking,Premium,0.0,1000000,5,False,True,142463,372248,5653.03,43,14.3,0.606,2,0.614,0.418,0.5,0.0,0.666,0.334,0.127,Premium High-Value,Premium Relationship Customer,Moderate Risk,Moderate Cross-Sell Opportunity,Priority 3
C000530,P003,Rewards Credit Card,Credit Card,Cards,0.28,30000,2,True,False,175526,664837,10852.6,54,15.6,0.881,3,0.606,0.584,0.5,1.0,0.776,0.224,0.11,Premium High-Value,Premium Digital Customer,Moderate Risk,Moderate Cross-Sell Opportunity,Priority 2
C000530,P004,Personal Loan,Loan,Lending,0.115,75000,3,False,True,175526,664837,10852.6,54,15.6,0.881,3,0.606,0.584,0.5,1.0,0.776,0.224,0.11,Premium High-Value,Premium Digital Customer,Moderate Risk,Moderate Cross-Sell Opportunity,Priority 2
C000530,P005,Home Loan,Loan,Lending,0.082,500000,4,False,True,175526,664837,10852.6,54,15.6,0.881,3,0.606,0.584,0.5,1.0,0.776,0.224,0.11,Premium High-Value,Premium Digital Customer,Moderate Risk,Moderate Cross-Sell Opportunity,Priority 2
C000530,P006,Mutual Fund Plan,Investment,Wealth,0.1,10000,3,True,False,175526,664837,10852.6,54,15.6,0.881,3,0.606,0.584,0.5,1.0,0.776,0.224,0.11,Premium High-Value,Premium Digital Customer,Moderate Risk,Moderate Cross-Sell Opportunity,Priority 2
C000530,P007,Term Insurance,Insurance,Protection,0.0,500000,3,False,True,175526,664837,10852.6,54,15.6,0.881,3,0.606,0.584,0.5,1.0,0.776,0.224,0.11,Premium High-Value,Premium Digital Customer,Moderate Risk,Moderate Cross-Sell Opportunity,Priority 2
C000530,P008,Premium Banking,Banking,Premium,0.0,1000000,5,False,True,175526,664837,10852.6,54,15.6,0.881,3,0.606,0.584,0.5,1.0,0.776,0.224,0.11,Premium High-Value,Premium Digital Customer,Moderate Risk,Moderate Cross-Sell Opportunity,Priority 2
C000531,P003,Rewards Credit Card,Credit Card,Cards,0.28,30000,2,False,True,38978,131684,1000.0,23,9.3,0.511,1,0.438,0.4636666666666666,0.6666666666666666,0.0,0.689,0.311,-0.12,Core Active,Core Relationship Customer,High Risk,Moderate Cross-Sell Opportunity,Priority 3
C000531,P004,Personal Loan,Loan,Lending,0.115,75000,3,False,True,38978,131684,1000.0,23,9.3,0.511,1,0.438,0.4636666666666666,0.6666666666666666,0.0,0.689,0.311,-0.12,Core Active,Core Relationship Customer,High Risk,Moderate Cross-Sell Opportunity,Priority 3
C000531,P005,Home Loan,Loan,Lending,0.082,500000,4,False,True,38978,131684,1000.0,23,9.3,0.511,1,0.438,0.4636666666666666,0.6666666666666666,0.0,0.689,0.311,-0.12,Core Active,Core Relationship Customer,High Risk,Moderate Cross-Sell Opportunity,Priority 3
C000531,P006,Mutual Fund Plan,Investment,Wealth,0.1,10000,3,False,True,38978,131684,1000.0,23,9.3,0.511,1,0.438,0.4636666666666666,0.6666666666666666,0.0,0.689,0.311,-0.12,Core Active,Core Relationship Customer,High Risk,Moderate Cross-Sell Opportunity,Priority 3
C000531,P007,Term Insurance,Insurance,Protection,0.0,500000,3,False,True,38978,131684,1000.0,23,9.3,0.511,1,0.438,0.4636666666666666,0.6666666666666666,0.0,0.689,0.311,-0.12,Core Active,Core Relationship Customer,High Risk,Moderate Cross-Sell Opportunity,Priority 3
C000531,P008,Premium Banking,Banking,Premium,0.0,1000000,5,False,True,38978,131684,1000.0,23,9.3,0.511,1,0.438,0.4636666666666666,0.6666666666666666,0.0,0.689,0.311,-0.12,Core Active,Core Relationship Customer,High Risk,Moderate Cross-Sell Opportunity,Priority 3
C000532,P003,Rewards Credit Card,Credit Card,Cards,0.28,30000,2,False,True,80749,670231,2744.07,31,8.3,0.694,1,0.537,0.60225,0.0,0.0,0.665,0.335,0.062,Core Active,Core Relationship Customer,Moderate Risk,Moderate Cross-Sell Opportunity,Priority 3
C000532,P004,Personal Loan,Loan,Lending,0.115,75000,3,False,True,80749,670231,2744.07,31,8.3,0.694,1,0.537,0.60225,0.0,0.0,0.665,0.335,0.062,Core Active,Core Relationship Customer,Moderate Risk,Moderate Cross-Sell Opportunity,Priority 3
C000532,P005,Home Loan,Loan,Lending,0.082,500000,4,False,True,80749,670231,2744.07,31,8.3,0.694,1,0.537,0.60225,0.0,0.0,0.665,0.335,0.062,Core Active,Core Relationship Customer,Moderate Risk,Moderate Cross-Sell Opportunity,Priority 3
C000532,P006,Mutual Fund Plan,Investment,Wealth,0.1,10000,3,False,True,80749,670231,2744.07,31,8.3,0.694,1,0.537,0.60225,0.0,0.0,0.665,0.335,0.062,Core Active,Core Relationship Customer,Moderate Risk,Moderate Cross-Sell Opportunity,Priority 3
C000532,P007,Term Insurance,Insurance,Protection,0.0,500000,3,False,True,80749,670231,2744.07,31,8.3,0.694,1,0.537,0.60225,0.0,0.0,0.665,0.335,0.062,Core Active,Core Relationship Customer,Moderate Risk,Moderate Cross-Sell Opportunity,Priority 3
C000532,P008,Premium Banking,Banking,Premium,0.0,1000000,5,False,True,80749,670231,2744.07,31,8.3,0.694,1,0.537,0.60225,0.0,0.0,0.665,0.335,0.062,Core Active,Core Relationship Customer,Moderate Risk,Moderate Cross-Sell Opportunity,Priority 3
C000533,P003,Rewards Credit Card,Credit Card,Cards,0.28,30000,2,True,False,168105,477489,6708.86,46,8.4,0.777,4,0.625,0.6120000000000001,0.0,0.0,0.685,0.315,-0.168,Premium High-Value,Premium Digital Customer,Moderate Risk,Moderate Cross-Sell Opportunity,Priority 2
C000533,P004,Personal Loan,Loan,Lending,0.115,75000,3,False,True,168105,477489,6708.86,46,8.4,0.777,4,0.625,0.6120000000000001,0.0,0.0,0.685,0.315,-0.168,Premium High-Value,Premium Digital Customer,Moderate Risk,Moderate Cross-Sell Opportunity,Priority 2
C000533,P005,Home Loan,Loan,Lending,0.082,500000,4,False,True,168105,477489,6708.86,46,8.4,0.777,4,0.625,0.6120000000000001,0.0,0.0,0.685,0.315,-0.168,Premium High-Value,Premium Digital Customer,Moderate Risk,Moderate Cross-Sell Opportunity,Priority 2
C000533,P006,Mutual Fund Plan,Investment,Wealth,0.1,10000,3,True,False,168105,477489,6708.86,46,8.4,0.777,4,0.625,0.6120000000000001,0.0,0.0,0.685,0.315,-0.168,Premium High-Value,Premium Digital Customer,Moderate Risk,Moderate Cross-Sell Opportunity,Priority 2
C000533,P007,Term Insurance,Insurance,Protection,0.0,500000,3,False,True,168105,477489,6708.86,46,8.4,0.777,4,0.625,0.6120000000000001,0.0,0.0,0.685,0.315,-0.168,Premium High-Value,Premium Digital Customer,Moderate Risk,Moderate Cross-Sell Opportunity,Priority 2
C000533,P008,Premium Banking,Banking,Premium,0.0,1000000,5,False,True,168105,477489,6708.86,46,8.4,0.777,4,0.625,0.6120000000000001,0.0,0.0,0.685,0.315,-0.168,Premium High-Value,Premium Digital Customer,Moderate Risk,Moderate Cross-Sell Opportunity,Priority 2
C000534,P003,Rewards Credit Card,Credit Card,Cards,0.28,30000,2,False,True,95098,482173,4078.37,17,35.6,0.632,1,0.324,0.4344,0.2,1.0,0.669,0.331,0.021,Core Active,Core Relationship Customer,High Risk,Moderate Cross-Sell Opportunity,Priority 2
C000534,P004,Personal Loan,Loan,Lending,0.115,75000,3,False,True,95098,482173,4078.37,17,35.6,0.632,1,0.324,0.4344,0.2,1.0,0.669,0.331,0.021,Core Active,Core Relationship Customer,High Risk,Moderate Cross-Sell Opportunity,Priority 2
C000534,P005,Home Loan,Loan,Lending,0.082,500000,4,False,True,95098,482173,4078.37,17,35.6,0.632,1,0.324,0.4344,0.2,1.0,0.669,0.331,0.021,Core Active,Core Relationship Customer,High Risk,Moderate Cross-Sell Opportunity,Priority 2
C000534,P006,Mutual Fund Plan,Investment,Wealth,0.1,10000,3,False,True,95098,482173,4078.37,17,35.6,0.632,1,0.324,0.4344,0.2,1.0,0.669,0.331,0.021,Core Active,Core Relationship Customer,High Risk,Moderate Cross-Sell Opportunity,Priority 2
C000534,P007,Term Insurance,Insurance,Protection,0.0,500000,3,False,True,95098,482173,4078.37,17,35.6,0.632,1,0.324,0.4344,0.2,1.0,0.669,0.331,0.021,Core Active,Core Relationship Customer,High Risk,Moderate Cross-Sell Opportunity,Priority 2
C000534,P008,Premium Banking,Banking,Premium,0.0,1000000,5,False,True,95098,482173,4078.37,17,35.6,0.632,1,0.324,0.4344,0.2,1.0,0.669,0.331,0.021,Core Active,Core Relationship Customer,High Risk,Moderate Cross-Sell Opportunity,Priority 2
C000535,P003,Rewards Credit Card,Credit Card,Cards,0.28,30000,2,False,True,76673,608676,4054.93,32,4.0,0.277,4,0.661,0.424,0.6666666666666666,0.0,0.669,0.331,0.056,Core Active,Core Relationship Customer,Low Risk,Moderate Cross-Sell Opportunity,Priority 3
C000535,P004,Personal Loan,Loan,Lending,0.115,75000,3,True,False,76673,608676,4054.93,32,4.0,0.277,4,0.661,0.424,0.6666666666666666,0.0,0.669,0.331,0.056,Core Active,Core Relationship Customer,Low Risk,Moderate Cross-Sell Opportunity,Priority 3
C000535,P005,Home Loan,Loan,Lending,0.082,500000,4,False,True,76673,608676,4054.93,32,4.0,0.277,4,0.661,0.424,0.6666666666666666,0.0,0.669,0.331,0.056,Core Active,Core Relationship Customer,Low Risk,Moderate Cross-Sell Opportunity,Priority 3
C000535,P006,Mutual Fund Plan,Investment,Wealth,0.1,10000,3,True,False,76673,608676,4054.93,32,4.0,0.277,4,0.661,0.424,0.6666666666666666,0.0,0.669,0.331,0.056,Core Active,Core Relationship Customer,Low Risk,Moderate Cross-Sell Opportunity,Priority 3
C000535,P007,Term Insurance,Insurance,Protection,0.0,500000,3,True,False,76673,608676,4054.93,32,4.0,0.277,4,0.661,0.424,0.6666666666666666,0.0,0.669,0.331,0.056,Core Active,Core Relationship Customer,Low Risk,Moderate Cross-Sell Opportunity,Priority 3
C000535,P008,Premium Banking,Banking,Premium,0.0,1000000,5,False,True,76673,608676,4054.93,32,4.0,0.277,4,0.661,0.424,0.6666666666666666,0.0,0.669,0.331,0.056,Core Active,Core Relationship Customer,Low Risk,Moderate Cross-Sell Opportunity,Priority 3
C000536,P003,Rewards Credit Card,Credit Card,Cards,0.28,30000,2,True,False,88410,646734,3788.05,38,15.7,0.67,2,0.605,0.5702,0.4,0.0,0.713,0.287,-0.101,Core Active,Core Relationship Customer,High Risk,Moderate Cross-Sell Opportunity,Priority 2
C000536,P004,Personal Loan,Loan,Lending,0.115,75000,3,False,True,88410,646734,3788.05,38,15.7,0.67,2,0.605,0.5702,0.4,0.0,0.713,0.287,-0.101,Core Active,Core Relationship Customer,High Risk,Moderate Cross-Sell Opportunity,Priority 2
C000536,P005,Home Loan,Loan,Lending,0.082,500000,4,False,True,88410,646734,3788.05,38,15.7,0.67,2,0.605,0.5702,0.4,0.0,0.713,0.287,-0.101,Core Active,Core Relationship Customer,High Risk,Moderate Cross-Sell Opportunity,Priority 2
C000536,P006,Mutual Fund Plan,Investment,Wealth,0.1,10000,3,False,True,88410,646734,3788.05,38,15.7,0.67,2,0.605,0.5702,0.4,0.0,0.713,0.287,-0.101,Core Active,Core Relationship Customer,High Risk,Moderate Cross-Sell Opportunity,Priority 2
C000536,P007,Term Insurance,Insurance,Protection,0.0,500000,3,False,True,88410,646734,3788.05,38,15.7,0.67,2,0.605,0.5702,0.4,0.0,0.713,0.287,-0.101,Core Active,Core Relationship Customer,High Risk,Moderate Cross-Sell Opportunity,Priority 2
C000536,P008,Premium Banking,Banking,Premium,0.0,1000000,5,False,True,88410,646734,3788.05,38,15.7,0.67,2,0.605,0.5702,0.4,0.0,0.713,0.287,-0.101,Core Active,Core Relationship Customer,High Risk,Moderate Cross-Sell Opportunity,Priority 2
C000537,P003,Rewards Credit Card,Credit Card,Cards,0.28,30000,2,True,False,73260,705384,2791.72,52,8.4,0.578,2,0.689,0.6345000000000001,0.0,0.0,0.904,0.096,0.056,Premium High-Value,Premium Relationship Customer,Low Risk,Moderate Cross-Sell Opportunity,Priority 2
C000537,P004,Personal Loan,Loan,Lending,0.115,75000,3,True,False,73260,705384,2791.72,52,8.4,0.578,2,0.689,0.6345000000000001,0.0,0.0,0.904,0.096,0.056,Premium High-Value,Premium Relationship Customer,Low Risk,Moderate Cross-Sell Opportunity,Priority 2
C000537,P005,Home Loan,Loan,Lending,0.082,500000,4,False,True,73260,705384,2791.72,52,8.4,0.578,2,0.689,0.6345000000000001,0.0,0.0,0.904,0.096,0.056,Premium High-Value,Premium Relationship Customer,Low Risk,Moderate Cross-Sell Opportunity,Priority 2
C000537,P006,Mutual Fund Plan,Investment,Wealth,0.1,10000,3,False,True,73260,705384,2791.72,52,8.4,0.578,2,0.689,0.6345000000000001,0.0,0.0,0.904,0.096,0.056,Premium High-Value,Premium Relationship Customer,Low Risk,Moderate Cross-Sell Opportunity,Priority 2
C000537,P007,Term Insurance,Insurance,Protection,0.0,500000,3,False,True,73260,705384,2791.72,52,8.4,0.578,2,0.689,0.6345000000000001,0.0,0.0,0.904,0.096,0.056,Premium High-Value,Premium Relationship Customer,Low Risk,Moderate Cross-Sell Opportunity,Priority 2
C000537,P008,Premium Banking,Banking,Premium,0.0,1000000,5,False,True,73260,705384,2791.72,52,8.4,0.578,2,0.689,0.6345000000000001,0.0,0.0,0.904,0.096,0.056,Premium High-Value,Premium Relationship Customer,Low Risk,Moderate Cross-Sell Opportunity,Priority 2
C000538,P003,Rewards Credit Card,Credit Card,Cards,0.28,30000,2,False,True,98592,213563,3312.27,35,2.7,0.286,1,0.458,0.346,0.5,0.0,0.782,0.218,-0.002,Core Active,Core Relationship Customer,Moderate Risk,Moderate Cross-Sell Opportunity,Priority 3
C000538,P004,Personal Loan,Loan,Lending,0.115,75000,3,False,True,98592,213563,3312.27,35,2.7,0.286,1,0.458,0.346,0.5,0.0,0.782,0.218,-0.002,Core Active,Core Relationship Customer,Moderate Risk,Moderate Cross-Sell Opportunity,Priority 3
C000538,P005,Home Loan,Loan,Lending,0.082,500000,4,False,True,98592,213563,3312.27,35,2.7,0.286,1,0.458,0.346,0.5,0.0,0.782,0.218,-0.002,Core Active,Core Relationship Customer,Moderate Risk,Moderate Cross-Sell Opportunity,Priority 3
C000538,P006,Mutual Fund Plan,Investment,Wealth,0.1,10000,3,False,True,98592,213563,3312.27,35,2.7,0.286,1,0.458,0.346,0.5,0.0,0.782,0.218,-0.002,Core Active,Core Relationship Customer,Moderate Risk,Moderate Cross-Sell Opportunity,Priority 3
C000538,P007,Term Insurance,Insurance,Protection,0.0,500000,3,False,True,98592,213563,3312.27,35,2.7,0.286,1,0.458,0.346,0.5,0.0,0.782,0.218,-0.002,Core Active,Core Relationship Customer,Moderate Risk,Moderate Cross-Sell Opportunity,Priority 3
C000538,P008,Premium Banking,Banking,Premium,0.0,1000000,5,False,True,98592,213563,3312.27,35,2.7,0.286,1,0.458,0.346,0.5,0.0,0.782,0.218,-0.002,Core Active,Core Relationship Customer,Moderate Risk,Moderate Cross-Sell Opportunity,Priority 3
C000539,P003,Rewards Credit Card,Credit Card,Cards,0.28,30000,2,False,True,74878,499243,3076.26,15,93.6,0.295,2,0.326,0.3535,0.0,0.0,0.742,0.258,-0.163,At Risk,At-Risk Declining Customer,Critical Risk,Low Cross-Sell Opportunity,Priority 4
C000539,P004,Personal Loan,Loan,Lending,0.115,75000,3,True,False,74878,499243,3076.26,15,93.6,0.295,2,0.326,0.3535,0.0,0.0,0.742,0.258,-0.163,At Risk,At-Risk Declining Customer,Critical Risk,Low Cross-Sell Opportunity,Priority 4
C000539,P005,Home Loan,Loan,Lending,0.082,500000,4,False,True,74878,499243,3076.26,15,93.6,0.295,2,0.326,0.3535,0.0,0.0,0.742,0.258,-0.163,At Risk,At-Risk Declining Customer,Critical Risk,Low Cross-Sell Opportunity,Priority 4
C000539,P006,Mutual Fund Plan,Investment,Wealth,0.1,10000,3,False,True,74878,499243,3076.26,15,93.6,0.295,2,0.326,0.3535,0.0,0.0,0.742,0.258,-0.163,At Risk,At-Risk Declining Customer,Critical Risk,Low Cross-Sell Opportunity,Priority 4
C000539,P007,Term Insurance,Insurance,Protection,0.0,500000,3,False,True,74878,499243,3076.26,15,93.6,0.295,2,0.326,0.3535,0.0,0.0,0.742,0.258,-0.163,At Risk,At-Risk Declining Customer,Critical Risk,Low Cross-Sell Opportunity,Priority 4
C000539,P008,Premium Banking,Banking,Premium,0.0,1000000,5,False,True,74878,499243,3076.26,15,93.6,0.295,2,0.326,0.3535,0.0,0.0,0.742,0.258,-0.163,At Risk,At-Risk Declining Customer,Critical Risk,Low Cross-Sell Opportunity,Priority 4
C000540,P003,Rewards Credit Card,Credit Card,Cards,0.28,30000,2,True,False,106504,248142,3731.65,48,6.0,0.337,2,0.563,0.3485,1.0,0.0,0.63,0.37,-0.191,Core Active,Core Relationship Customer,Moderate Risk,Moderate Cross-Sell Opportunity,Priority 3
C000540,P004,Personal Loan,Loan,Lending,0.115,75000,3,False,True,106504,248142,3731.65,48,6.0,0.337,2,0.563,0.3485,1.0,0.0,0.63,0.37,-0.191,Core Active,Core Relationship Customer,Moderate Risk,Moderate Cross-Sell Opportunity,Priority 3
C000540,P005,Home Loan,Loan,Lending,0.082,500000,4,False,True,106504,248142,3731.65,48,6.0,0.337,2,0.563,0.3485,1.0,0.0,0.63,0.37,-0.191,Core Active,Core Relationship Customer,Moderate Risk,Moderate Cross-Sell Opportunity,Priority 3
C000540,P006,Mutual Fund Plan,Investment,Wealth,0.1,10000,3,False,True,106504,248142,3731.65,48,6.0,0.337,2,0.563,0.3485,1.0,0.0,0.63,0.37,-0.191,Core Active,Core Relationship Customer,Moderate Risk,Moderate Cross-Sell Opportunity,Priority 3
C000540,P007,Term Insurance,Insurance,Protection,0.0,500000,3,False,True,106504,248142,3731.65,48,6.0,0.337,2,0.563,0.3485,1.0,0.0,0.63,0.37,-0.191,Core Active,Core Relationship Customer,Moderate Risk,Moderate Cross-Sell Opportunity,Priority 3
C000540,P008,Premium Banking,Banking,Premium,0.0,1000000,5,False,True,106504,248142,3731.65,48,6.0,0.337,2,0.563,0.3485,1.0,0.0,0.63,0.37,-0.191,Core Active,Core Relationship Customer,Moderate Risk,Moderate Cross-Sell Opportunity,Priority 3
C000541,P003,Rewards Credit Card,Credit Card,Cards,0.28,30000,2,True,False,90239,508434,3391.61,8,148.7,0.362,2,0.287,0.4416,0.0,0.0,0.732,0.268,-0.243,Dormant / Declining,Dormant Reactivation Target,Critical Risk,Low Cross-Sell Opportunity,Priority 4
C000541,P004,Personal Loan,Loan,Lending,0.115,75000,3,False,True,90239,508434,3391.61,8,148.7,0.362,2,0.287,0.4416,0.0,0.0,0.732,0.268,-0.243,Dormant / Declining,Dormant Reactivation Target,Critical Risk,Low Cross-Sell Opportunity,Priority 4
C000541,P005,Home Loan,Loan,Lending,0.082,500000,4,False,True,90239,508434,3391.61,8,148.7,0.362,2,0.287,0.4416,0.0,0.0,0.732,0.268,-0.243,Dormant / Declining,Dormant Reactivation Target,Critical Risk,Low Cross-Sell Opportunity,Priority 4
C000541,P006,Mutual Fund Plan,Investment,Wealth,0.1,10000,3,False,True,90239,508434,3391.61,8,148.7,0.362,2,0.287,0.4416,0.0,0.0,0.732,0.268,-0.243,Dormant / Declining,Dormant Reactivation Target,Critical Risk,Low Cross-Sell Opportunity,Priority 4
C000541,P007,Term Insurance,Insurance,Protection,0.0,500000,3,False,True,90239,508434,3391.61,8,148.7,0.362,2,0.287,0.4416,0.0,0.0,0.732,0.268,-0.243,Dormant / Declining,Dormant Reactivation Target,Critical Risk,Low Cross-Sell Opportunity,Priority 4
C000541,P008,Premium Banking,Banking,Premium,0.0,1000000,5,False,True,90239,508434,3391.61,8,148.7,0.362,2,0.287,0.4416,0.0,0.0,0.732,0.268,-0.243,Dormant / Declining,Dormant Reactivation Target,Critical Risk,Low Cross-Sell Opportunity,Priority 4
C000542,P003,Rewards Credit Card,Credit Card,Cards,0.28,30000,2,True,False,81590,146661,3933.29,28,3.0,0.759,3,0.502,0.3944999999999999,0.25,0.0,0.85,0.15,0.03,Core Active,Core Relationship Customer,Moderate Risk,Moderate Cross-Sell Opportunity,Priority 3
C000542,P004,Personal Loan,Loan,Lending,0.115,75000,3,True,False,81590,146661,3933.29,28,3.0,0.759,3,0.502,0.3944999999999999,0.25,0.0,0.85,0.15,0.03,Core Active,Core Relationship Customer,Moderate Risk,Moderate Cross-Sell Opportunity,Priority 3
C000542,P005,Home Loan,Loan,Lending,0.082,500000,4,True,False,81590,146661,3933.29,28,3.0,0.759,3,0.502,0.3944999999999999,0.25,0.0,0.85,0.15,0.03,Core Active,Core Relationship Customer,Moderate Risk,Moderate Cross-Sell Opportunity,Priority 3
C000542,P006,Mutual Fund Plan,Investment,Wealth,0.1,10000,3,False,True,81590,146661,3933.29,28,3.0,0.759,3,0.502,0.3944999999999999,0.25,0.0,0.85,0.15,0.03,Core Active,Core Relationship Customer,Moderate Risk,Moderate Cross-Sell Opportunity,Priority 3
C000542,P007,Term Insurance,Insurance,Protection,0.0,500000,3,False,True,81590,146661,3933.29,28,3.0,0.759,3,0.502,0.3944999999999999,0.25,0.0,0.85,0.15,0.03,Core Active,Core Relationship Customer,Moderate Risk,Moderate Cross-Sell Opportunity,Priority 3
C000542,P008,Premium Banking,Banking,Premium,0.0,1000000,5,False,True,81590,146661,3933.29,28,3.0,0.759,3,0.502,0.3944999999999999,0.25,0.0,0.85,0.15,0.03,Core Active,Core Relationship Customer,Moderate Risk,Moderate Cross-Sell Opportunity,Priority 3
C000543,P003,Rewards Credit Card,Credit Card,Cards,0.28,30000,2,False,True,74201,359609,2535.42,40,17.1,0.446,1,0.544,0.41325,0.25,0.0,0.917,0.083,-0.007,Core Active,Core Relationship Customer,High Risk,Moderate Cross-Sell Opportunity,Priority 3
C000543,P004,Personal Loan,Loan,Lending,0.115,75000,3,False,True,74201,359609,2535.42,40,17.1,0.446,1,0.544,0.41325,0.25,0.0,0.917,0.083,-0.007,Core Active,Core Relationship Customer,High Risk,Moderate Cross-Sell Opportunity,Priority 3
C000543,P005,Home Loan,Loan,Lending,0.082,500000,4,False,True,74201,359609,2535.42,40,17.1,0.446,1,0.544,0.41325,0.25,0.0,0.917,0.083,-0.007,Core Active,Core Relationship Customer,High Risk,Moderate Cross-Sell Opportunity,Priority 3
C000543,P006,Mutual Fund Plan,Investment,Wealth,0.1,10000,3,False,True,74201,359609,2535.42,40,17.1,0.446,1,0.544,0.41325,0.25,0.0,0.917,0.083,-0.007,Core Active,Core Relationship Customer,High Risk,Moderate Cross-Sell Opportunity,Priority 3
C000543,P007,Term Insurance,Insurance,Protection,0.0,500000,3,False,True,74201,359609,2535.42,40,17.1,0.446,1,0.544,0.41325,0.25,0.0,0.917,0.083,-0.007,Core Active,Core Relationship Customer,High Risk,Moderate Cross-Sell Opportunity,Priority 3
C000543,P008,Premium Banking,Banking,Premium,0.0,1000000,5,False,True,74201,359609,2535.42,40,17.1,0.446,1,0.544,0.41325,0.25,0.0,0.917,0.083,-0.007,Core Active,Core Relationship Customer,High Risk,Moderate Cross-Sell Opportunity,Priority 3
C000544,P003,Rewards Credit Card,Credit Card,Cards,0.28,30000,2,True,False,111370,332498,5966.24,44,4.0,0.712,3,0.81,0.567,0.5,0.5,0.605,0.395,-0.11,Premium High-Value,Premium Digital Customer,Low Risk,Moderate Cross-Sell Opportunity,Priority 2
C000544,P004,Personal Loan,Loan,Lending,0.115,75000,3,True,False,111370,332498,5966.24,44,4.0,0.712,3,0.81,0.567,0.5,0.5,0.605,0.395,-0.11,Premium High-Value,Premium Digital Customer,Low Risk,Moderate Cross-Sell Opportunity,Priority 2
C000544,P005,Home Loan,Loan,Lending,0.082,500000,4,False,True,111370,332498,5966.24,44,4.0,0.712,3,0.81,0.567,0.5,0.5,0.605,0.395,-0.11,Premium High-Value,Premium Digital Customer,Low Risk,Moderate Cross-Sell Opportunity,Priority 2
C000544,P006,Mutual Fund Plan,Investment,Wealth,0.1,10000,3,False,True,111370,332498,5966.24,44,4.0,0.712,3,0.81,0.567,0.5,0.5,0.605,0.395,-0.11,Premium High-Value,Premium Digital Customer,Low Risk,Moderate Cross-Sell Opportunity,Priority 2
C000544,P007,Term Insurance,Insurance,Protection,0.0,500000,3,False,True,111370,332498,5966.24,44,4.0,0.712,3,0.81,0.567,0.5,0.5,0.605,0.395,-0.11,Premium High-Value,Premium Digital Customer,Low Risk,Moderate Cross-Sell Opportunity,Priority 2
C000544,P008,Premium Banking,Banking,Premium,0.0,1000000,5,False,True,111370,332498,5966.24,44,4.0,0.712,3,0.81,0.567,0.5,0.5,0.605,0.395,-0.11,Premium High-Value,Premium Digital Customer,Low Risk,Moderate Cross-Sell Opportunity,Priority 2
C000545,P003,Rewards Credit Card,Credit Card,Cards,0.28,30000,2,True,False,232134,728660,6552.08,44,4.9,0.804,2,0.447,0.647,0.0,0.0,0.781,0.219,0.084,Premium High-Value,Premium Relationship Customer,Low Risk,Moderate Cross-Sell Opportunity,Priority 2
C000545,P004,Personal Loan,Loan,Lending,0.115,75000,3,False,True,232134,728660,6552.08,44,4.9,0.804,2,0.447,0.647,0.0,0.0,0.781,0.219,0.084,Premium High-Value,Premium Relationship Customer,Low Risk,Moderate Cross-Sell Opportunity,Priority 2
C000545,P005,Home Loan,Loan,Lending,0.082,500000,4,False,True,232134,728660,6552.08,44,4.9,0.804,2,0.447,0.647,0.0,0.0,0.781,0.219,0.084,Premium High-Value,Premium Relationship Customer,Low Risk,Moderate Cross-Sell Opportunity,Priority 2
C000545,P006,Mutual Fund Plan,Investment,Wealth,0.1,10000,3,False,True,232134,728660,6552.08,44,4.9,0.804,2,0.447,0.647,0.0,0.0,0.781,0.219,0.084,Premium High-Value,Premium Relationship Customer,Low Risk,Moderate Cross-Sell Opportunity,Priority 2
C000545,P007,Term Insurance,Insurance,Protection,0.0,500000,3,False,True,232134,728660,6552.08,44,4.9,0.804,2,0.447,0.647,0.0,0.0,0.781,0.219,0.084,Premium High-Value,Premium Relationship Customer,Low Risk,Moderate Cross-Sell Opportunity,Priority 2
C000545,P008,Premium Banking,Banking,Premium,0.0,1000000,5,False,True,232134,728660,6552.08,44,4.9,0.804,2,0.447,0.647,0.0,0.0,0.781,0.219,0.084,Premium High-Value,Premium Relationship Customer,Low Risk,Moderate Cross-Sell Opportunity,Priority 2
C000546,P003,Rewards Credit Card,Credit Card,Cards,0.28,30000,2,False,True,69596,221841,3278.82,28,2.8,0.426,1,0.501,0.36625,0.25,0.0,0.68,0.32,0.139,Core Active,Core Relationship Customer,Moderate Risk,Moderate Cross-Sell Opportunity,Priority 3
C000546,P004,Personal Loan,Loan,Lending,0.115,75000,3,False,True,69596,221841,3278.82,28,2.8,0.426,1,0.501,0.36625,0.25,0.0,0.68,0.32,0.139,Core Active,Core Relationship Customer,Moderate Risk,Moderate Cross-Sell Opportunity,Priority 3
C000546,P005,Home Loan,Loan,Lending,0.082,500000,4,False,True,69596,221841,3278.82,28,2.8,0.426,1,0.501,0.36625,0.25,0.0,0.68,0.32,0.139,Core Active,Core Relationship Customer,Moderate Risk,Moderate Cross-Sell Opportunity,Priority 3
C000546,P006,Mutual Fund Plan,Investment,Wealth,0.1,10000,3,False,True,69596,221841,3278.82,28,2.8,0.426,1,0.501,0.36625,0.25,0.0,0.68,0.32,0.139,Core Active,Core Relationship Customer,Moderate Risk,Moderate Cross-Sell Opportunity,Priority 3
C000546,P007,Term Insurance,Insurance,Protection,0.0,500000,3,False,True,69596,221841,3278.82,28,2.8,0.426,1,0.501,0.36625,0.25,0.0,0.68,0.32,0.139,Core Active,Core Relationship Customer,Moderate Risk,Moderate Cross-Sell Opportunity,Priority 3
C000546,P008,Premium Banking,Banking,Premium,0.0,1000000,5,False,True,69596,221841,3278.82,28,2.8,0.426,1,0.501,0.36625,0.25,0.0,0.68,0.32,0.139,Core Active,Core Relationship Customer,Moderate Risk,Moderate Cross-Sell Opportunity,Priority 3
C000547,P003,Rewards Credit Card,Credit Card,Cards,0.28,30000,2,True,False,71672,696114,2704.95,42,1.8,0.405,3,0.548,0.4003333333333334,0.6666666666666666,0.0,0.838,0.162,-0.024,Core Active,Core Relationship Customer,Moderate Risk,Moderate Cross-Sell Opportunity,Priority 3
C000547,P004,Personal Loan,Loan,Lending,0.115,75000,3,False,True,71672,696114,2704.95,42,1.8,0.405,3,0.548,0.4003333333333334,0.6666666666666666,0.0,0.838,0.162,-0.024,Core Active,Core Relationship Customer,Moderate Risk,Moderate Cross-Sell Opportunity,Priority 3
C000547,P005,Home Loan,Loan,Lending,0.082,500000,4,False,True,71672,696114,2704.95,42,1.8,0.405,3,0.548,0.4003333333333334,0.6666666666666666,0.0,0.838,0.162,-0.024,Core Active,Core Relationship Customer,Moderate Risk,Moderate Cross-Sell Opportunity,Priority 3
C000547,P006,Mutual Fund Plan,Investment,Wealth,0.1,10000,3,True,False,71672,696114,2704.95,42,1.8,0.405,3,0.548,0.4003333333333334,0.6666666666666666,0.0,0.838,0.162,-0.024,Core Active,Core Relationship Customer,Moderate Risk,Moderate Cross-Sell Opportunity,Priority 3
C000547,P007,Term Insurance,Insurance,Protection,0.0,500000,3,False,True,71672,696114,2704.95,42,1.8,0.405,3,0.548,0.4003333333333334,0.6666666666666666,0.0,0.838,0.162,-0.024,Core Active,Core Relationship Customer,Moderate Risk,Moderate Cross-Sell Opportunity,Priority 3
C000547,P008,Premium Banking,Banking,Premium,0.0,1000000,5,False,True,71672,696114,2704.95,42,1.8,0.405,3,0.548,0.4003333333333334,0.6666666666666666,0.0,0.838,0.162,-0.024,Core Active,Core Relationship Customer,Moderate Risk,Moderate Cross-Sell Opportunity,Priority 3
C000548,P003,Rewards Credit Card,Credit Card,Cards,0.28,30000,2,False,True,54073,136042,2269.49,29,4.9,0.864,1,0.551,0.3626666666666667,0.0,0.0,0.656,0.344,0.04,Core Active,Core Digital Customer,Moderate Risk,Moderate Cross-Sell Opportunity,Priority 3
C000548,P004,Personal Loan,Loan,Lending,0.115,75000,3,False,True,54073,136042,2269.49,29,4.9,0.864,1,0.551,0.3626666666666667,0.0,0.0,0.656,0.344,0.04,Core Active,Core Digital Customer,Moderate Risk,Moderate Cross-Sell Opportunity,Priority 3
C000548,P005,Home Loan,Loan,Lending,0.082,500000,4,False,True,54073,136042,2269.49,29,4.9,0.864,1,0.551,0.3626666666666667,0.0,0.0,0.656,0.344,0.04,Core Active,Core Digital Customer,Moderate Risk,Moderate Cross-Sell Opportunity,Priority 3
C000548,P006,Mutual Fund Plan,Investment,Wealth,0.1,10000,3,False,True,54073,136042,2269.49,29,4.9,0.864,1,0.551,0.3626666666666667,0.0,0.0,0.656,0.344,0.04,Core Active,Core Digital Customer,Moderate Risk,Moderate Cross-Sell Opportunity,Priority 3
C000548,P007,Term Insurance,Insurance,Protection,0.0,500000,3,False,True,54073,136042,2269.49,29,4.9,0.864,1,0.551,0.3626666666666667,0.0,0.0,0.656,0.344,0.04,Core Active,Core Digital Customer,Moderate Risk,Moderate Cross-Sell Opportunity,Priority 3
C000548,P008,Premium Banking,Banking,Premium,0.0,1000000,5,False,True,54073,136042,2269.49,29,4.9,0.864,1,0.551,0.3626666666666667,0.0,0.0,0.656,0.344,0.04,Core Active,Core Digital Customer,Moderate Risk,Moderate Cross-Sell Opportunity,Priority 3
C000549,P003,Rewards Credit Card,Credit Card,Cards,0.28,30000,2,True,False,141562,500615,4570.32,57,9.9,1.0,5,0.757,0.6343333333333333,0.0,0.0,0.898,0.102,0.027,Premium High-Value,Premium Digital Customer,Low Risk,Moderate Cross-Sell Opportunity,Priority 2
C000549,P004,Personal Loan,Loan,Lending,0.115,75000,3,True,False,141562,500615,4570.32,57,9.9,1.0,5,0.757,0.6343333333333333,0.0,0.0,0.898,0.102,0.027,Premium High-Value,Premium Digital Customer,Low Risk,Moderate Cross-Sell Opportunity,Priority 2
C000549,P005,Home Loan,Loan,Lending,0.082,500000,4,False,True,141562,500615,4570.32,57,9.9,1.0,5,0.757,0.6343333333333333,0.0,0.0,0.898,0.102,0.027,Premium High-Value,Premium Digital Customer,Low Risk,Moderate Cross-Sell Opportunity,Priority 2
C000549,P006,Mutual Fund Plan,Investment,Wealth,0.1,10000,3,True,False,141562,500615,4570.32,57,9.9,1.0,5,0.757,0.6343333333333333,0.0,0.0,0.898,0.102,0.027,Premium High-Value,Premium Digital Customer,Low Risk,Moderate Cross-Sell Opportunity,Priority 2
C000549,P007,Term Insurance,Insurance,Protection,0.0,500000,3,True,False,141562,500615,4570.32,57,9.9,1.0,5,0.757,0.6343333333333333,0.0,0.0,0.898,0.102,0.027,Premium High-Value,Premium Digital Customer,Low Risk,Moderate Cross-Sell Opportunity,Priority 2
C000549,P008,Premium Banking,Banking,Premium,0.0,1000000,5,False,True,141562,500615,4570.32,57,9.9,1.0,5,0.757,0.6343333333333333,0.0,0.0,0.898,0.102,0.027,Premium High-Value,Premium Digital Customer,Low Risk,Moderate Cross-Sell Opportunity,Priority 2
C000550,P003,Rewards Credit Card,Credit Card,Cards,0.28,30000,2,False,True,65591,829399,1631.66,29,13.6,0.696,2,0.589,0.5730000000000001,0.2,0.0,0.578,0.422,-0.092,Core Active,Core Relationship Customer,High Risk,Moderate Cross-Sell Opportunity,Priority 3
C000550,P004,Personal Loan,Loan,Lending,0.115,75000,3,False,True,65591,829399,1631.66,29,13.6,0.696,2,0.589,0.5730000000000001,0.2,0.0,0.578,0.422,-0.092,Core Active,Core Relationship Customer,High Risk,Moderate Cross-Sell Opportunity,Priority 3
C000550,P005,Home Loan,Loan,Lending,0.082,500000,4,False,True,65591,829399,1631.66,29,13.6,0.696,2,0.589,0.5730000000000001,0.2,0.0,0.578,0.422,-0.092,Core Active,Core Relationship Customer,High Risk,Moderate Cross-Sell Opportunity,Priority 3
C000550,P006,Mutual Fund Plan,Investment,Wealth,0.1,10000,3,False,True,65591,829399,1631.66,29,13.6,0.696,2,0.589,0.5730000000000001,0.2,0.0,0.578,0.422,-0.092,Core Active,Core Relationship Customer,High Risk,Moderate Cross-Sell Opportunity,Priority 3
C000550,P007,Term Insurance,Insurance,Protection,0.0,500000,3,True,False,65591,829399,1631.66,29,13.6,0.696,2,0.589,0.5730000000000001,0.2,0.0,0.578,0.422,-0.092,Core Active,Core Relationship Customer,High Risk,Moderate Cross-Sell Opportunity,Priority 3
C000550,P008,Premium Banking,Banking,Premium,0.0,1000000,5,False,True,65591,829399,1631.66,29,13.6,0.696,2,0.589,0.5730000000000001,0.2,0.0,0.578,0.422,-0.092,Core Active,Core Relationship Customer,High Risk,Moderate Cross-Sell Opportunity,Priority 3
C000551,P003,Rewards Credit Card,Credit Card,Cards,0.28,30000,2,False,True,103003,430941,3944.47,17,37.7,0.651,1,0.341,0.4663333333333333,0.3333333333333333,0.0,0.595,0.405,0.051,Core Active,Core Relationship Customer,High Risk,Moderate Cross-Sell Opportunity,Priority 3
C000551,P004,Personal Loan,Loan,Lending,0.115,75000,3,False,True,103003,430941,3944.47,17,37.7,0.651,1,0.341,0.4663333333333333,0.3333333333333333,0.0,0.595,0.405,0.051,Core Active,Core Relationship Customer,High Risk,Moderate Cross-Sell Opportunity,Priority 3
C000551,P005,Home Loan,Loan,Lending,0.082,500000,4,False,True,103003,430941,3944.47,17,37.7,0.651,1,0.341,0.4663333333333333,0.3333333333333333,0.0,0.595,0.405,0.051,Core Active,Core Relationship Customer,High Risk,Moderate Cross-Sell Opportunity,Priority 3
C000551,P006,Mutual Fund Plan,Investment,Wealth,0.1,10000,3,False,True,103003,430941,3944.47,17,37.7,0.651,1,0.341,0.4663333333333333,0.3333333333333333,0.0,0.595,0.405,0.051,Core Active,Core Relationship Customer,High Risk,Moderate Cross-Sell Opportunity,Priority 3
C000551,P007,Term Insurance,Insurance,Protection,0.0,500000,3,False,True,103003,430941,3944.47,17,37.7,0.651,1,0.341,0.4663333333333333,0.3333333333333333,0.0,0.595,0.405,0.051,Core Active,Core Relationship Customer,High Risk,Moderate Cross-Sell Opportunity,Priority 3
C000551,P008,Premium Banking,Banking,Premium,0.0,1000000,5,False,True,103003,430941,3944.47,17,37.7,0.651,1,0.341,0.4663333333333333,0.3333333333333333,0.0,0.595,0.405,0.051,Core Active,Core Relationship Customer,High Risk,Moderate Cross-Sell Opportunity,Priority 3
C000552,P003,Rewards Credit Card,Credit Card,Cards,0.28,30000,2,False,True,107169,264523,2198.0,37,10.3,0.489,3,0.406,0.3694,0.4,0.0,0.779,0.221,0.002,Core Active,Core Relationship Customer,Moderate Risk,Low Cross-Sell Opportunity,Priority 3
C000552,P004,Personal Loan,Loan,Lending,0.115,75000,3,True,False,107169,264523,2198.0,37,10.3,0.489,3,0.406,0.3694,0.4,0.0,0.779,0.221,0.002,Core Active,Core Relationship Customer,Moderate Risk,Low Cross-Sell Opportunity,Priority 3
C000552,P005,Home Loan,Loan,Lending,0.082,500000,4,False,True,107169,264523,2198.0,37,10.3,0.489,3,0.406,0.3694,0.4,0.0,0.779,0.221,0.002,Core Active,Core Relationship Customer,Moderate Risk,Low Cross-Sell Opportunity,Priority 3
C000552,P006,Mutual Fund Plan,Investment,Wealth,0.1,10000,3,False,True,107169,264523,2198.0,37,10.3,0.489,3,0.406,0.3694,0.4,0.0,0.779,0.221,0.002,Core Active,Core Relationship Customer,Moderate Risk,Low Cross-Sell Opportunity,Priority 3
C000552,P007,Term Insurance,Insurance,Protection,0.0,500000,3,True,False,107169,264523,2198.0,37,10.3,0.489,3,0.406,0.3694,0.4,0.0,0.779,0.221,0.002,Core Active,Core Relationship Customer,Moderate Risk,Low Cross-Sell Opportunity,Priority 3
C000552,P008,Premium Banking,Banking,Premium,0.0,1000000,5,False,True,107169,264523,2198.0,37,10.3,0.489,3,0.406,0.3694,0.4,0.0,0.779,0.221,0.002,Core Active,Core Relationship Customer,Moderate Risk,Low Cross-Sell Opportunity,Priority 3
C000553,P003,Rewards Credit Card,Credit Card,Cards,0.28,30000,2,True,False,140590,1887661,6401.15,48,36.6,0.722,6,0.404,0.61275,0.5,0.0,0.705,0.295,0.291,Premium High-Value,Premium Relationship Customer,High Risk,Moderate Cross-Sell Opportunity,Priority 3
C000553,P004,Personal Loan,Loan,Lending,0.115,75000,3,True,False,140590,1887661,6401.15,48,36.6,0.722,6,0.404,0.61275,0.5,0.0,0.705,0.295,0.291,Premium High-Value,Premium Relationship Customer,High Risk,Moderate Cross-Sell Opportunity,Priority 3
C000553,P005,Home Loan,Loan,Lending,0.082,500000,4,True,False,140590,1887661,6401.15,48,36.6,0.722,6,0.404,0.61275,0.5,0.0,0.705,0.295,0.291,Premium High-Value,Premium Relationship Customer,High Risk,Moderate Cross-Sell Opportunity,Priority 3
C000553,P006,Mutual Fund Plan,Investment,Wealth,0.1,10000,3,True,False,140590,1887661,6401.15,48,36.6,0.722,6,0.404,0.61275,0.5,0.0,0.705,0.295,0.291,Premium High-Value,Premium Relationship Customer,High Risk,Moderate Cross-Sell Opportunity,Priority 3
C000553,P007,Term Insurance,Insurance,Protection,0.0,500000,3,True,False,140590,1887661,6401.15,48,36.6,0.722,6,0.404,0.61275,0.5,0.0,0.705,0.295,0.291,Premium High-Value,Premium Relationship Customer,High Risk,Moderate Cross-Sell Opportunity,Priority 3
C000553,P008,Premium Banking,Banking,Premium,0.0,1000000,5,False,True,140590,1887661,6401.15,48,36.6,0.722,6,0.404,0.61275,0.5,0.0,0.705,0.295,0.291,Premium High-Value,Premium Relationship Customer,High Risk,Moderate Cross-Sell Opportunity,Priority 3
C000554,P003,Rewards Credit Card,Credit Card,Cards,0.28,30000,2,False,True,62354,89870,2298.54,37,1.5,0.722,1,0.699,0.3743999999999999,0.4,0.0,0.699,0.301,0.271,Core Active,Core Digital Customer,Low Risk,Moderate Cross-Sell Opportunity,Priority 3
C000554,P004,Personal Loan,Loan,Lending,0.115,75000,3,False,True,62354,89870,2298.54,37,1.5,0.722,1,0.699,0.3743999999999999,0.4,0.0,0.699,0.301,0.271,Core Active,Core Digital Customer,Low Risk,Moderate Cross-Sell Opportunity,Priority 3
C000554,P005,Home Loan,Loan,Lending,0.082,500000,4,False,True,62354,89870,2298.54,37,1.5,0.722,1,0.699,0.3743999999999999,0.4,0.0,0.699,0.301,0.271,Core Active,Core Digital Customer,Low Risk,Moderate Cross-Sell Opportunity,Priority 3
C000554,P006,Mutual Fund Plan,Investment,Wealth,0.1,10000,3,False,True,62354,89870,2298.54,37,1.5,0.722,1,0.699,0.3743999999999999,0.4,0.0,0.699,0.301,0.271,Core Active,Core Digital Customer,Low Risk,Moderate Cross-Sell Opportunity,Priority 3
C000554,P007,Term Insurance,Insurance,Protection,0.0,500000,3,False,True,62354,89870,2298.54,37,1.5,0.722,1,0.699,0.3743999999999999,0.4,0.0,0.699,0.301,0.271,Core Active,Core Digital Customer,Low Risk,Moderate Cross-Sell Opportunity,Priority 3
C000554,P008,Premium Banking,Banking,Premium,0.0,1000000,5,False,True,62354,89870,2298.54,37,1.5,0.722,1,0.699,0.3743999999999999,0.4,0.0,0.699,0.301,0.271,Core Active,Core Digital Customer,Low Risk,Moderate Cross-Sell Opportunity,Priority 3
C000555,P003,Rewards Credit Card,Credit Card,Cards,0.28,30000,2,False,True,61540,570548,2331.93,38,1.7,0.658,2,0.492,0.4375,0.5,0.0,0.596,0.404,0.247,Core Active,Core Relationship Customer,Low Risk,Moderate Cross-Sell Opportunity,Priority 3
C000555,P004,Personal Loan,Loan,Lending,0.115,75000,3,False,True,61540,570548,2331.93,38,1.7,0.658,2,0.492,0.4375,0.5,0.0,0.596,0.404,0.247,Core Active,Core Relationship Customer,Low Risk,Moderate Cross-Sell Opportunity,Priority 3
C000555,P005,Home Loan,Loan,Lending,0.082,500000,4,False,True,61540,570548,2331.93,38,1.7,0.658,2,0.492,0.4375,0.5,0.0,0.596,0.404,0.247,Core Active,Core Relationship Customer,Low Risk,Moderate Cross-Sell Opportunity,Priority 3
C000555,P006,Mutual Fund Plan,Investment,Wealth,0.1,10000,3,True,False,61540,570548,2331.93,38,1.7,0.658,2,0.492,0.4375,0.5,0.0,0.596,0.404,0.247,Core Active,Core Relationship Customer,Low Risk,Moderate Cross-Sell Opportunity,Priority 3
C000555,P007,Term Insurance,Insurance,Protection,0.0,500000,3,False,True,61540,570548,2331.93,38,1.7,0.658,2,0.492,0.4375,0.5,0.0,0.596,0.404,0.247,Core Active,Core Relationship Customer,Low Risk,Moderate Cross-Sell Opportunity,Priority 3
C000555,P008,Premium Banking,Banking,Premium,0.0,1000000,5,False,True,61540,570548,2331.93,38,1.7,0.658,2,0.492,0.4375,0.5,0.0,0.596,0.404,0.247,Core Active,Core Relationship Customer,Low Risk,Moderate Cross-Sell Opportunity,Priority 3
C000556,P003,Rewards Credit Card,Credit Card,Cards,0.28,30000,2,True,False,130171,154709,8047.43,48,7.4,0.609,2,0.6,0.319,0.6666666666666666,0.0,0.826,0.174,-0.025,Core Active,Core High-Activity Customer,Moderate Risk,Moderate Cross-Sell Opportunity,Priority 2
C000556,P004,Personal Loan,Loan,Lending,0.115,75000,3,False,True,130171,154709,8047.43,48,7.4,0.609,2,0.6,0.319,0.6666666666666666,0.0,0.826,0.174,-0.025,Core Active,Core High-Activity Customer,Moderate Risk,Moderate Cross-Sell Opportunity,Priority 2
C000556,P005,Home Loan,Loan,Lending,0.082,500000,4,False,True,130171,154709,8047.43,48,7.4,0.609,2,0.6,0.319,0.6666666666666666,0.0,0.826,0.174,-0.025,Core Active,Core High-Activity Customer,Moderate Risk,Moderate Cross-Sell Opportunity,Priority 2
C000556,P006,Mutual Fund Plan,Investment,Wealth,0.1,10000,3,False,True,130171,154709,8047.43,48,7.4,0.609,2,0.6,0.319,0.6666666666666666,0.0,0.826,0.174,-0.025,Core Active,Core High-Activity Customer,Moderate Risk,Moderate Cross-Sell Opportunity,Priority 2
C000556,P007,Term Insurance,Insurance,Protection,0.0,500000,3,False,True,130171,154709,8047.43,48,7.4,0.609,2,0.6,0.319,0.6666666666666666,0.0,0.826,0.174,-0.025,Core Active,Core High-Activity Customer,Moderate Risk,Moderate Cross-Sell Opportunity,Priority 2
C000556,P008,Premium Banking,Banking,Premium,0.0,1000000,5,False,True,130171,154709,8047.43,48,7.4,0.609,2,0.6,0.319,0.6666666666666666,0.0,0.826,0.174,-0.025,Core Active,Core High-Activity Customer,Moderate Risk,Moderate Cross-Sell Opportunity,Priority 2
C000557,P003,Rewards Credit Card,Credit Card,Cards,0.28,30000,2,True,False,51979,142067,1073.54,14,180.0,0.447,2,0.44,0.33975,0.0,0.0,0.815,0.185,-0.323,Dormant / Declining,Dormant Reactivation Target,Critical Risk,Low Cross-Sell Opportunity,Priority 4
C000557,P004,Personal Loan,Loan,Lending,0.115,75000,3,False,True,51979,142067,1073.54,14,180.0,0.447,2,0.44,0.33975,0.0,0.0,0.815,0.185,-0.323,Dormant / Declining,Dormant Reactivation Target,Critical Risk,Low Cross-Sell Opportunity,Priority 4
C000557,P005,Home Loan,Loan,Lending,0.082,500000,4,False,True,51979,142067,1073.54,14,180.0,0.447,2,0.44,0.33975,0.0,0.0,0.815,0.185,-0.323,Dormant / Declining,Dormant Reactivation Target,Critical Risk,Low Cross-Sell Opportunity,Priority 4
C000557,P006,Mutual Fund Plan,Investment,Wealth,0.1,10000,3,False,True,51979,142067,1073.54,14,180.0,0.447,2,0.44,0.33975,0.0,0.0,0.815,0.185,-0.323,Dormant / Declining,Dormant Reactivation Target,Critical Risk,Low Cross-Sell Opportunity,Priority 4
C000557,P007,Term Insurance,Insurance,Protection,0.0,500000,3,False,True,51979,142067,1073.54,14,180.0,0.447,2,0.44,0.33975,0.0,0.0,0.815,0.185,-0.323,Dormant / Declining,Dormant Reactivation Target,Critical Risk,Low Cross-Sell Opportunity,Priority 4
C000557,P008,Premium Banking,Banking,Premium,0.0,1000000,5,False,True,51979,142067,1073.54,14,180.0,0.447,2,0.44,0.33975,0.0,0.0,0.815,0.185,-0.323,Dormant / Declining,Dormant Reactivation Target,Critical Risk,Low Cross-Sell Opportunity,Priority 4
C000558,P003,Rewards Credit Card,Credit Card,Cards,0.28,30000,2,False,True,391338,2496216,22401.94,52,10.6,0.636,6,0.709,0.5603333333333333,0.3333333333333333,1.0,0.672,0.328,0.049,Premium High-Value,Premium Relationship Customer,Low Risk,Moderate Cross-Sell Opportunity,Priority 2
C000558,P004,Personal Loan,Loan,Lending,0.115,75000,3,True,False,391338,2496216,22401.94,52,10.6,0.636,6,0.709,0.5603333333333333,0.3333333333333333,1.0,0.672,0.328,0.049,Premium High-Value,Premium Relationship Customer,Low Risk,Moderate Cross-Sell Opportunity,Priority 2
C000558,P005,Home Loan,Loan,Lending,0.082,500000,4,False,True,391338,2496216,22401.94,52,10.6,0.636,6,0.709,0.5603333333333333,0.3333333333333333,1.0,0.672,0.328,0.049,Premium High-Value,Premium Relationship Customer,Low Risk,Moderate Cross-Sell Opportunity,Priority 2
C000558,P006,Mutual Fund Plan,Investment,Wealth,0.1,10000,3,True,False,391338,2496216,22401.94,52,10.6,0.636,6,0.709,0.5603333333333333,0.3333333333333333,1.0,0.672,0.328,0.049,Premium High-Value,Premium Relationship Customer,Low Risk,Moderate Cross-Sell Opportunity,Priority 2
C000558,P007,Term Insurance,Insurance,Protection,0.0,500000,3,True,False,391338,2496216,22401.94,52,10.6,0.636,6,0.709,0.5603333333333333,0.3333333333333333,1.0,0.672,0.328,0.049,Premium High-Value,Premium Relationship Customer,Low Risk,Moderate Cross-Sell Opportunity,Priority 2
C000558,P008,Premium Banking,Banking,Premium,0.0,1000000,5,True,False,391338,2496216,22401.94,52,10.6,0.636,6,0.709,0.5603333333333333,0.3333333333333333,1.0,0.672,0.328,0.049,Premium High-Value,Premium Relationship Customer,Low Risk,Moderate Cross-Sell Opportunity,Priority 2
C000559,P003,Rewards Credit Card,Credit Card,Cards,0.28,30000,2,True,False,59843,320315,3007.23,37,5.7,0.713,3,0.643,0.5186666666666667,0.6666666666666666,0.0,0.731,0.269,0.124,Core Active,Core Relationship Customer,Low Risk,Moderate Cross-Sell Opportunity,Priority 3
C000559,P004,Personal Loan,Loan,Lending,0.115,75000,3,False,True,59843,320315,3007.23,37,5.7,0.713,3,0.643,0.5186666666666667,0.6666666666666666,0.0,0.731,0.269,0.124,Core Active,Core Relationship Customer,Low Risk,Moderate Cross-Sell Opportunity,Priority 3
C000559,P005,Home Loan,Loan,Lending,0.082,500000,4,False,True,59843,320315,3007.23,37,5.7,0.713,3,0.643,0.5186666666666667,0.6666666666666666,0.0,0.731,0.269,0.124,Core Active,Core Relationship Customer,Low Risk,Moderate Cross-Sell Opportunity,Priority 3
C000559,P006,Mutual Fund Plan,Investment,Wealth,0.1,10000,3,True,False,59843,320315,3007.23,37,5.7,0.713,3,0.643,0.5186666666666667,0.6666666666666666,0.0,0.731,0.269,0.124,Core Active,Core Relationship Customer,Low Risk,Moderate Cross-Sell Opportunity,Priority 3
C000559,P007,Term Insurance,Insurance,Protection,0.0,500000,3,False,True,59843,320315,3007.23,37,5.7,0.713,3,0.643,0.5186666666666667,0.6666666666666666,0.0,0.731,0.269,0.124,Core Active,Core Relationship Customer,Low Risk,Moderate Cross-Sell Opportunity,Priority 3
C000559,P008,Premium Banking,Banking,Premium,0.0,1000000,5,False,True,59843,320315,3007.23,37,5.7,0.713,3,0.643,0.5186666666666667,0.6666666666666666,0.0,0.731,0.269,0.124,Core Active,Core Relationship Customer,Low Risk,Moderate Cross-Sell Opportunity,Priority 3
C000560,P003,Rewards Credit Card,Credit Card,Cards,0.28,30000,2,True,False,59596,289827,1269.6,39,15.4,0.64,3,0.484,0.423,0.2,0.0,0.674,0.326,0.011,Core Active,Core Relationship Customer,Moderate Risk,Low Cross-Sell Opportunity,Priority 3
C000560,P004,Personal Loan,Loan,Lending,0.115,75000,3,True,False,59596,289827,1269.6,39,15.4,0.64,3,0.484,0.423,0.2,0.0,0.674,0.326,0.011,Core Active,Core Relationship Customer,Moderate Risk,Low Cross-Sell Opportunity,Priority 3
C000560,P005,Home Loan,Loan,Lending,0.082,500000,4,False,True,59596,289827,1269.6,39,15.4,0.64,3,0.484,0.423,0.2,0.0,0.674,0.326,0.011,Core Active,Core Relationship Customer,Moderate Risk,Low Cross-Sell Opportunity,Priority 3
C000560,P006,Mutual Fund Plan,Investment,Wealth,0.1,10000,3,False,True,59596,289827,1269.6,39,15.4,0.64,3,0.484,0.423,0.2,0.0,0.674,0.326,0.011,Core Active,Core Relationship Customer,Moderate Risk,Low Cross-Sell Opportunity,Priority 3
C000560,P007,Term Insurance,Insurance,Protection,0.0,500000,3,False,True,59596,289827,1269.6,39,15.4,0.64,3,0.484,0.423,0.2,0.0,0.674,0.326,0.011,Core Active,Core Relationship Customer,Moderate Risk,Low Cross-Sell Opportunity,Priority 3
C000560,P008,Premium Banking,Banking,Premium,0.0,1000000,5,False,True,59596,289827,1269.6,39,15.4,0.64,3,0.484,0.423,0.2,0.0,0.674,0.326,0.011,Core Active,Core Relationship Customer,Moderate Risk,Low Cross-Sell Opportunity,Priority 3
C000561,P003,Rewards Credit Card,Credit Card,Cards,0.28,30000,2,False,True,45447,221064,1376.52,32,7.2,0.925,1,0.646,0.4896,0.4,0.0,0.94,0.06,-0.097,Core Active,Core Digital Customer,Moderate Risk,Moderate Cross-Sell Opportunity,Priority 3
C000561,P004,Personal Loan,Loan,Lending,0.115,75000,3,False,True,45447,221064,1376.52,32,7.2,0.925,1,0.646,0.4896,0.4,0.0,0.94,0.06,-0.097,Core Active,Core Digital Customer,Moderate Risk,Moderate Cross-Sell Opportunity,Priority 3
C000561,P005,Home Loan,Loan,Lending,0.082,500000,4,False,True,45447,221064,1376.52,32,7.2,0.925,1,0.646,0.4896,0.4,0.0,0.94,0.06,-0.097,Core Active,Core Digital Customer,Moderate Risk,Moderate Cross-Sell Opportunity,Priority 3
C000561,P006,Mutual Fund Plan,Investment,Wealth,0.1,10000,3,False,True,45447,221064,1376.52,32,7.2,0.925,1,0.646,0.4896,0.4,0.0,0.94,0.06,-0.097,Core Active,Core Digital Customer,Moderate Risk,Moderate Cross-Sell Opportunity,Priority 3
C000561,P007,Term Insurance,Insurance,Protection,0.0,500000,3,False,True,45447,221064,1376.52,32,7.2,0.925,1,0.646,0.4896,0.4,0.0,0.94,0.06,-0.097,Core Active,Core Digital Customer,Moderate Risk,Moderate Cross-Sell Opportunity,Priority 3
C000561,P008,Premium Banking,Banking,Premium,0.0,1000000,5,False,True,45447,221064,1376.52,32,7.2,0.925,1,0.646,0.4896,0.4,0.0,0.94,0.06,-0.097,Core Active,Core Digital Customer,Moderate Risk,Moderate Cross-Sell Opportunity,Priority 3
C000562,P003,Rewards Credit Card,Credit Card,Cards,0.28,30000,2,True,False,64093,175923,2360.45,43,5.9,0.669,3,0.637,0.4733333333333333,0.3333333333333333,0.0,0.618,0.382,0.047,Core Active,Core Relationship Customer,Low Risk,Moderate Cross-Sell Opportunity,Priority 3
C000562,P004,Personal Loan,Loan,Lending,0.115,75000,3,False,True,64093,175923,2360.45,43,5.9,0.669,3,0.637,0.4733333333333333,0.3333333333333333,0.0,0.618,0.382,0.047,Core Active,Core Relationship Customer,Low Risk,Moderate Cross-Sell Opportunity,Priority 3
C000562,P005,Home Loan,Loan,Lending,0.082,500000,4,True,False,64093,175923,2360.45,43,5.9,0.669,3,0.637,0.4733333333333333,0.3333333333333333,0.0,0.618,0.382,0.047,Core Active,Core Relationship Customer,Low Risk,Moderate Cross-Sell Opportunity,Priority 3
C000562,P006,Mutual Fund Plan,Investment,Wealth,0.1,10000,3,False,True,64093,175923,2360.45,43,5.9,0.669,3,0.637,0.4733333333333333,0.3333333333333333,0.0,0.618,0.382,0.047,Core Active,Core Relationship Customer,Low Risk,Moderate Cross-Sell Opportunity,Priority 3
C000562,P007,Term Insurance,Insurance,Protection,0.0,500000,3,False,True,64093,175923,2360.45,43,5.9,0.669,3,0.637,0.4733333333333333,0.3333333333333333,0.0,0.618,0.382,0.047,Core Active,Core Relationship Customer,Low Risk,Moderate Cross-Sell Opportunity,Priority 3
C000562,P008,Premium Banking,Banking,Premium,0.0,1000000,5,False,True,64093,175923,2360.45,43,5.9,0.669,3,0.637,0.4733333333333333,0.3333333333333333,0.0,0.618,0.382,0.047,Core Active,Core Relationship Customer,Low Risk,Moderate Cross-Sell Opportunity,Priority 3
C000563,P003,Rewards Credit Card,Credit Card,Cards,0.28,30000,2,True,False,168507,787884,9656.29,52,14.1,0.755,5,0.644,0.521,0.25,1.0,0.707,0.293,0.147,Premium High-Value,Premium Digital Customer,Moderate Risk,Moderate Cross-Sell Opportunity,Priority 2
C000563,P004,Personal Loan,Loan,Lending,0.115,75000,3,False,True,168507,787884,9656.29,52,14.1,0.755,5,0.644,0.521,0.25,1.0,0.707,0.293,0.147,Premium High-Value,Premium Digital Customer,Moderate Risk,Moderate Cross-Sell Opportunity,Priority 2
C000563,P005,Home Loan,Loan,Lending,0.082,500000,4,True,False,168507,787884,9656.29,52,14.1,0.755,5,0.644,0.521,0.25,1.0,0.707,0.293,0.147,Premium High-Value,Premium Digital Customer,Moderate Risk,Moderate Cross-Sell Opportunity,Priority 2
C000563,P006,Mutual Fund Plan,Investment,Wealth,0.1,10000,3,True,False,168507,787884,9656.29,52,14.1,0.755,5,0.644,0.521,0.25,1.0,0.707,0.293,0.147,Premium High-Value,Premium Digital Customer,Moderate Risk,Moderate Cross-Sell Opportunity,Priority 2
C000563,P007,Term Insurance,Insurance,Protection,0.0,500000,3,True,False,168507,787884,9656.29,52,14.1,0.755,5,0.644,0.521,0.25,1.0,0.707,0.293,0.147,Premium High-Value,Premium Digital Customer,Moderate Risk,Moderate Cross-Sell Opportunity,Priority 2
C000563,P008,Premium Banking,Banking,Premium,0.0,1000000,5,False,True,168507,787884,9656.29,52,14.1,0.755,5,0.644,0.521,0.25,1.0,0.707,0.293,0.147,Premium High-Value,Premium Digital Customer,Moderate Risk,Moderate Cross-Sell Opportunity,Priority 2
C000564,P003,Rewards Credit Card,Credit Card,Cards,0.28,30000,2,False,True,48438,198631,1218.63,14,80.5,0.344,1,0.381,0.35425,0.0,0.0,0.748,0.252,-0.096,At Risk,At-Risk Engagement Customer,Critical Risk,Low Cross-Sell Opportunity,Priority 4
C000564,P004,Personal Loan,Loan,Lending,0.115,75000,3,False,True,48438,198631,1218.63,14,80.5,0.344,1,0.381,0.35425,0.0,0.0,0.748,0.252,-0.096,At Risk,At-Risk Engagement Customer,Critical Risk,Low Cross-Sell Opportunity,Priority 4
C000564,P005,Home Loan,Loan,Lending,0.082,500000,4,False,True,48438,198631,1218.63,14,80.5,0.344,1,0.381,0.35425,0.0,0.0,0.748,0.252,-0.096,At Risk,At-Risk Engagement Customer,Critical Risk,Low Cross-Sell Opportunity,Priority 4
C000564,P006,Mutual Fund Plan,Investment,Wealth,0.1,10000,3,False,True,48438,198631,1218.63,14,80.5,0.344,1,0.381,0.35425,0.0,0.0,0.748,0.252,-0.096,At Risk,At-Risk Engagement Customer,Critical Risk,Low Cross-Sell Opportunity,Priority 4
C000564,P007,Term Insurance,Insurance,Protection,0.0,500000,3,False,True,48438,198631,1218.63,14,80.5,0.344,1,0.381,0.35425,0.0,0.0,0.748,0.252,-0.096,At Risk,At-Risk Engagement Customer,Critical Risk,Low Cross-Sell Opportunity,Priority 4
C000564,P008,Premium Banking,Banking,Premium,0.0,1000000,5,False,True,48438,198631,1218.63,14,80.5,0.344,1,0.381,0.35425,0.0,0.0,0.748,0.252,-0.096,At Risk,At-Risk Engagement Customer,Critical Risk,Low Cross-Sell Opportunity,Priority 4
C000565,P003,Rewards Credit Card,Credit Card,Cards,0.28,30000,2,True,False,164210,2184452,8459.93,67,7.0,0.712,4,0.624,0.586,0.6666666666666666,0.0,0.87,0.13,-0.006,Premium High-Value,Premium Relationship Customer,Moderate Risk,Moderate Cross-Sell Opportunity,Priority 2
C000565,P004,Personal Loan,Loan,Lending,0.115,75000,3,False,True,164210,2184452,8459.93,67,7.0,0.712,4,0.624,0.586,0.6666666666666666,0.0,0.87,0.13,-0.006,Premium High-Value,Premium Relationship Customer,Moderate Risk,Moderate Cross-Sell Opportunity,Priority 2
C000565,P005,Home Loan,Loan,Lending,0.082,500000,4,True,False,164210,2184452,8459.93,67,7.0,0.712,4,0.624,0.586,0.6666666666666666,0.0,0.87,0.13,-0.006,Premium High-Value,Premium Relationship Customer,Moderate Risk,Moderate Cross-Sell Opportunity,Priority 2
C000565,P006,Mutual Fund Plan,Investment,Wealth,0.1,10000,3,False,True,164210,2184452,8459.93,67,7.0,0.712,4,0.624,0.586,0.6666666666666666,0.0,0.87,0.13,-0.006,Premium High-Value,Premium Relationship Customer,Moderate Risk,Moderate Cross-Sell Opportunity,Priority 2
C000565,P007,Term Insurance,Insurance,Protection,0.0,500000,3,False,True,164210,2184452,8459.93,67,7.0,0.712,4,0.624,0.586,0.6666666666666666,0.0,0.87,0.13,-0.006,Premium High-Value,Premium Relationship Customer,Moderate Risk,Moderate Cross-Sell Opportunity,Priority 2
C000565,P008,Premium Banking,Banking,Premium,0.0,1000000,5,False,True,164210,2184452,8459.93,67,7.0,0.712,4,0.624,0.586,0.6666666666666666,0.0,0.87,0.13,-0.006,Premium High-Value,Premium Relationship Customer,Moderate Risk,Moderate Cross-Sell Opportunity,Priority 2
C000566,P003,Rewards Credit Card,Credit Card,Cards,0.28,30000,2,True,False,63729,361200,2190.32,43,14.2,0.241,2,0.535,0.4631999999999999,0.2,0.0,0.937,0.063,0.225,Core Active,Core Relationship Customer,Moderate Risk,Low Cross-Sell Opportunity,Priority 3
C000566,P004,Personal Loan,Loan,Lending,0.115,75000,3,True,False,63729,361200,2190.32,43,14.2,0.241,2,0.535,0.4631999999999999,0.2,0.0,0.937,0.063,0.225,Core Active,Core Relationship Customer,Moderate Risk,Low Cross-Sell Opportunity,Priority 3
C000566,P005,Home Loan,Loan,Lending,0.082,500000,4,False,True,63729,361200,2190.32,43,14.2,0.241,2,0.535,0.4631999999999999,0.2,0.0,0.937,0.063,0.225,Core Active,Core Relationship Customer,Moderate Risk,Low Cross-Sell Opportunity,Priority 3
C000566,P006,Mutual Fund Plan,Investment,Wealth,0.1,10000,3,False,True,63729,361200,2190.32,43,14.2,0.241,2,0.535,0.4631999999999999,0.2,0.0,0.937,0.063,0.225,Core Active,Core Relationship Customer,Moderate Risk,Low Cross-Sell Opportunity,Priority 3
C000566,P007,Term Insurance,Insurance,Protection,0.0,500000,3,False,True,63729,361200,2190.32,43,14.2,0.241,2,0.535,0.4631999999999999,0.2,0.0,0.937,0.063,0.225,Core Active,Core Relationship Customer,Moderate Risk,Low Cross-Sell Opportunity,Priority 3
C000566,P008,Premium Banking,Banking,Premium,0.0,1000000,5,False,True,63729,361200,2190.32,43,14.2,0.241,2,0.535,0.4631999999999999,0.2,0.0,0.937,0.063,0.225,Core Active,Core Relationship Customer,Moderate Risk,Low Cross-Sell Opportunity,Priority 3
C000567,P003,Rewards Credit Card,Credit Card,Cards,0.28,30000,2,True,False,60327,1176244,2116.51,41,9.5,0.515,4,0.609,0.524,0.5,0.0,0.859,0.141,-0.088,Core Active,Core Relationship Customer,Moderate Risk,Moderate Cross-Sell Opportunity,Priority 3
C000567,P004,Personal Loan,Loan,Lending,0.115,75000,3,True,False,60327,1176244,2116.51,41,9.5,0.515,4,0.609,0.524,0.5,0.0,0.859,0.141,-0.088,Core Active,Core Relationship Customer,Moderate Risk,Moderate Cross-Sell Opportunity,Priority 3
C000567,P005,Home Loan,Loan,Lending,0.082,500000,4,False,True,60327,1176244,2116.51,41,9.5,0.515,4,0.609,0.524,0.5,0.0,0.859,0.141,-0.088,Core Active,Core Relationship Customer,Moderate Risk,Moderate Cross-Sell Opportunity,Priority 3
C000567,P006,Mutual Fund Plan,Investment,Wealth,0.1,10000,3,True,False,60327,1176244,2116.51,41,9.5,0.515,4,0.609,0.524,0.5,0.0,0.859,0.141,-0.088,Core Active,Core Relationship Customer,Moderate Risk,Moderate Cross-Sell Opportunity,Priority 3
C000567,P007,Term Insurance,Insurance,Protection,0.0,500000,3,False,True,60327,1176244,2116.51,41,9.5,0.515,4,0.609,0.524,0.5,0.0,0.859,0.141,-0.088,Core Active,Core Relationship Customer,Moderate Risk,Moderate Cross-Sell Opportunity,Priority 3
C000567,P008,Premium Banking,Banking,Premium,0.0,1000000,5,False,True,60327,1176244,2116.51,41,9.5,0.515,4,0.609,0.524,0.5,0.0,0.859,0.141,-0.088,Core Active,Core Relationship Customer,Moderate Risk,Moderate Cross-Sell Opportunity,Priority 3
C000568,P003,Rewards Credit Card,Credit Card,Cards,0.28,30000,2,True,False,101173,882329,2983.43,37,20.3,0.223,3,0.593,0.5054000000000001,0.8,0.0,0.66,0.34,-0.031,Core Active,Core Relationship Customer,High Risk,Moderate Cross-Sell Opportunity,Priority 3
C000568,P004,Personal Loan,Loan,Lending,0.115,75000,3,False,True,101173,882329,2983.43,37,20.3,0.223,3,0.593,0.5054000000000001,0.8,0.0,0.66,0.34,-0.031,Core Active,Core Relationship Customer,High Risk,Moderate Cross-Sell Opportunity,Priority 3
C000568,P005,Home Loan,Loan,Lending,0.082,500000,4,False,True,101173,882329,2983.43,37,20.3,0.223,3,0.593,0.5054000000000001,0.8,0.0,0.66,0.34,-0.031,Core Active,Core Relationship Customer,High Risk,Moderate Cross-Sell Opportunity,Priority 3
C000568,P006,Mutual Fund Plan,Investment,Wealth,0.1,10000,3,False,True,101173,882329,2983.43,37,20.3,0.223,3,0.593,0.5054000000000001,0.8,0.0,0.66,0.34,-0.031,Core Active,Core Relationship Customer,High Risk,Moderate Cross-Sell Opportunity,Priority 3
C000568,P007,Term Insurance,Insurance,Protection,0.0,500000,3,False,True,101173,882329,2983.43,37,20.3,0.223,3,0.593,0.5054000000000001,0.8,0.0,0.66,0.34,-0.031,Core Active,Core Relationship Customer,High Risk,Moderate Cross-Sell Opportunity,Priority 3
C000568,P008,Premium Banking,Banking,Premium,0.0,1000000,5,False,True,101173,882329,2983.43,37,20.3,0.223,3,0.593,0.5054000000000001,0.8,0.0,0.66,0.34,-0.031,Core Active,Core Relationship Customer,High Risk,Moderate Cross-Sell Opportunity,Priority 3
C000569,P003,Rewards Credit Card,Credit Card,Cards,0.28,30000,2,True,False,151300,294772,9607.17,51,17.7,0.66,5,0.641,0.5886666666666667,0.3333333333333333,0.0,0.778,0.222,-0.069,Premium High-Value,Premium Relationship Customer,High Risk,Moderate Cross-Sell Opportunity,Priority 3
C000569,P004,Personal Loan,Loan,Lending,0.115,75000,3,True,False,151300,294772,9607.17,51,17.7,0.66,5,0.641,0.5886666666666667,0.3333333333333333,0.0,0.778,0.222,-0.069,Premium High-Value,Premium Relationship Customer,High Risk,Moderate Cross-Sell Opportunity,Priority 3
C000569,P005,Home Loan,Loan,Lending,0.082,500000,4,False,True,151300,294772,9607.17,51,17.7,0.66,5,0.641,0.5886666666666667,0.3333333333333333,0.0,0.778,0.222,-0.069,Premium High-Value,Premium Relationship Customer,High Risk,Moderate Cross-Sell Opportunity,Priority 3
C000569,P006,Mutual Fund Plan,Investment,Wealth,0.1,10000,3,True,False,151300,294772,9607.17,51,17.7,0.66,5,0.641,0.5886666666666667,0.3333333333333333,0.0,0.778,0.222,-0.069,Premium High-Value,Premium Relationship Customer,High Risk,Moderate Cross-Sell Opportunity,Priority 3
C000569,P007,Term Insurance,Insurance,Protection,0.0,500000,3,True,False,151300,294772,9607.17,51,17.7,0.66,5,0.641,0.5886666666666667,0.3333333333333333,0.0,0.778,0.222,-0.069,Premium High-Value,Premium Relationship Customer,High Risk,Moderate Cross-Sell Opportunity,Priority 3
C000569,P008,Premium Banking,Banking,Premium,0.0,1000000,5,False,True,151300,294772,9607.17,51,17.7,0.66,5,0.641,0.5886666666666667,0.3333333333333333,0.0,0.778,0.222,-0.069,Premium High-Value,Premium Relationship Customer,High Risk,Moderate Cross-Sell Opportunity,Priority 3
C000570,P003,Rewards Credit Card,Credit Card,Cards,0.28,30000,2,True,False,251140,1632502,13565.99,60,9.5,0.788,5,0.736,0.7230000000000001,0.8,0.25,0.777,0.223,0.06,Premium High-Value,Premium Digital Customer,Low Risk,Moderate Cross-Sell Opportunity,Priority 2
C000570,P004,Personal Loan,Loan,Lending,0.115,75000,3,False,True,251140,1632502,13565.99,60,9.5,0.788,5,0.736,0.7230000000000001,0.8,0.25,0.777,0.223,0.06,Premium High-Value,Premium Digital Customer,Low Risk,Moderate Cross-Sell Opportunity,Priority 2
C000570,P005,Home Loan,Loan,Lending,0.082,500000,4,False,True,251140,1632502,13565.99,60,9.5,0.788,5,0.736,0.7230000000000001,0.8,0.25,0.777,0.223,0.06,Premium High-Value,Premium Digital Customer,Low Risk,Moderate Cross-Sell Opportunity,Priority 2
C000570,P006,Mutual Fund Plan,Investment,Wealth,0.1,10000,3,True,False,251140,1632502,13565.99,60,9.5,0.788,5,0.736,0.7230000000000001,0.8,0.25,0.777,0.223,0.06,Premium High-Value,Premium Digital Customer,Low Risk,Moderate Cross-Sell Opportunity,Priority 2
C000570,P007,Term Insurance,Insurance,Protection,0.0,500000,3,True,False,251140,1632502,13565.99,60,9.5,0.788,5,0.736,0.7230000000000001,0.8,0.25,0.777,0.223,0.06,Premium High-Value,Premium Digital Customer,Low Risk,Moderate Cross-Sell Opportunity,Priority 2
C000570,P008,Premium Banking,Banking,Premium,0.0,1000000,5,True,False,251140,1632502,13565.99,60,9.5,0.788,5,0.736,0.7230000000000001,0.8,0.25,0.777,0.223,0.06,Premium High-Value,Premium Digital Customer,Low Risk,Moderate Cross-Sell Opportunity,Priority 2
C000571,P003,Rewards Credit Card,Credit Card,Cards,0.28,30000,2,False,True,53996,134739,2588.29,54,4.1,0.436,3,0.661,0.429,0.0,0.0,0.909,0.091,-0.076,Core Active,Core Relationship Customer,Low Risk,Low Cross-Sell Opportunity,Priority 3
C000571,P004,Personal Loan,Loan,Lending,0.115,75000,3,True,False,53996,134739,2588.29,54,4.1,0.436,3,0.661,0.429,0.0,0.0,0.909,0.091,-0.076,Core Active,Core Relationship Customer,Low Risk,Low Cross-Sell Opportunity,Priority 3
C000571,P005,Home Loan,Loan,Lending,0.082,500000,4,False,True,53996,134739,2588.29,54,4.1,0.436,3,0.661,0.429,0.0,0.0,0.909,0.091,-0.076,Core Active,Core Relationship Customer,Low Risk,Low Cross-Sell Opportunity,Priority 3
C000571,P006,Mutual Fund Plan,Investment,Wealth,0.1,10000,3,True,False,53996,134739,2588.29,54,4.1,0.436,3,0.661,0.429,0.0,0.0,0.909,0.091,-0.076,Core Active,Core Relationship Customer,Low Risk,Low Cross-Sell Opportunity,Priority 3
C000571,P007,Term Insurance,Insurance,Protection,0.0,500000,3,False,True,53996,134739,2588.29,54,4.1,0.436,3,0.661,0.429,0.0,0.0,0.909,0.091,-0.076,Core Active,Core Relationship Customer,Low Risk,Low Cross-Sell Opportunity,Priority 3
C000571,P008,Premium Banking,Banking,Premium,0.0,1000000,5,False,True,53996,134739,2588.29,54,4.1,0.436,3,0.661,0.429,0.0,0.0,0.909,0.091,-0.076,Core Active,Core Relationship Customer,Low Risk,Low Cross-Sell Opportunity,Priority 3
C000572,P003,Rewards Credit Card,Credit Card,Cards,0.28,30000,2,True,False,116233,1074945,4326.47,60,19.3,0.728,5,0.654,0.4019999999999999,0.3333333333333333,0.0,0.786,0.214,0.03,Premium High-Value,Premium Relationship Customer,Moderate Risk,Moderate Cross-Sell Opportunity,Priority 3
C000572,P004,Personal Loan,Loan,Lending,0.115,75000,3,True,False,116233,1074945,4326.47,60,19.3,0.728,5,0.654,0.4019999999999999,0.3333333333333333,0.0,0.786,0.214,0.03,Premium High-Value,Premium Relationship Customer,Moderate Risk,Moderate Cross-Sell Opportunity,Priority 3
C000572,P005,Home Loan,Loan,Lending,0.082,500000,4,False,True,116233,1074945,4326.47,60,19.3,0.728,5,0.654,0.4019999999999999,0.3333333333333333,0.0,0.786,0.214,0.03,Premium High-Value,Premium Relationship Customer,Moderate Risk,Moderate Cross-Sell Opportunity,Priority 3
C000572,P006,Mutual Fund Plan,Investment,Wealth,0.1,10000,3,True,False,116233,1074945,4326.47,60,19.3,0.728,5,0.654,0.4019999999999999,0.3333333333333333,0.0,0.786,0.214,0.03,Premium High-Value,Premium Relationship Customer,Moderate Risk,Moderate Cross-Sell Opportunity,Priority 3
C000572,P007,Term Insurance,Insurance,Protection,0.0,500000,3,True,False,116233,1074945,4326.47,60,19.3,0.728,5,0.654,0.4019999999999999,0.3333333333333333,0.0,0.786,0.214,0.03,Premium High-Value,Premium Relationship Customer,Moderate Risk,Moderate Cross-Sell Opportunity,Priority 3
C000572,P008,Premium Banking,Banking,Premium,0.0,1000000,5,False,True,116233,1074945,4326.47,60,19.3,0.728,5,0.654,0.4019999999999999,0.3333333333333333,0.0,0.786,0.214,0.03,Premium High-Value,Premium Relationship Customer,Moderate Risk,Moderate Cross-Sell Opportunity,Priority 3
C000573,P003,Rewards Credit Card,Credit Card,Cards,0.28,30000,2,True,False,155551,545592,8455.63,57,3.4,0.792,5,0.84,0.668,0.0,0.0,0.726,0.274,0.037,Premium High-Value,Premium Digital Customer,Low Risk,Moderate Cross-Sell Opportunity,Priority 2
C000573,P004,Personal Loan,Loan,Lending,0.115,75000,3,False,True,155551,545592,8455.63,57,3.4,0.792,5,0.84,0.668,0.0,0.0,0.726,0.274,0.037,Premium High-Value,Premium Digital Customer,Low Risk,Moderate Cross-Sell Opportunity,Priority 2
C000573,P005,Home Loan,Loan,Lending,0.082,500000,4,False,True,155551,545592,8455.63,57,3.4,0.792,5,0.84,0.668,0.0,0.0,0.726,0.274,0.037,Premium High-Value,Premium Digital Customer,Low Risk,Moderate Cross-Sell Opportunity,Priority 2
C000573,P006,Mutual Fund Plan,Investment,Wealth,0.1,10000,3,True,False,155551,545592,8455.63,57,3.4,0.792,5,0.84,0.668,0.0,0.0,0.726,0.274,0.037,Premium High-Value,Premium Digital Customer,Low Risk,Moderate Cross-Sell Opportunity,Priority 2
C000573,P007,Term Insurance,Insurance,Protection,0.0,500000,3,True,False,155551,545592,8455.63,57,3.4,0.792,5,0.84,0.668,0.0,0.0,0.726,0.274,0.037,Premium High-Value,Premium Digital Customer,Low Risk,Moderate Cross-Sell Opportunity,Priority 2
C000573,P008,Premium Banking,Banking,Premium,0.0,1000000,5,False,True,155551,545592,8455.63,57,3.4,0.792,5,0.84,0.668,0.0,0.0,0.726,0.274,0.037,Premium High-Value,Premium Digital Customer,Low Risk,Moderate Cross-Sell Opportunity,Priority 2
C000574,P003,Rewards Credit Card,Credit Card,Cards,0.28,30000,2,True,False,219470,1896342,12890.72,77,28.3,0.551,5,0.793,0.6226666666666666,0.6666666666666666,0.0,0.883,0.117,0.025,Premium High-Value,Premium Relationship Customer,Low Risk,Moderate Cross-Sell Opportunity,Priority 2
C000574,P004,Personal Loan,Loan,Lending,0.115,75000,3,False,True,219470,1896342,12890.72,77,28.3,0.551,5,0.793,0.6226666666666666,0.6666666666666666,0.0,0.883,0.117,0.025,Premium High-Value,Premium Relationship Customer,Low Risk,Moderate Cross-Sell Opportunity,Priority 2
C000574,P005,Home Loan,Loan,Lending,0.082,500000,4,False,True,219470,1896342,12890.72,77,28.3,0.551,5,0.793,0.6226666666666666,0.6666666666666666,0.0,0.883,0.117,0.025,Premium High-Value,Premium Relationship Customer,Low Risk,Moderate Cross-Sell Opportunity,Priority 2
C000574,P006,Mutual Fund Plan,Investment,Wealth,0.1,10000,3,True,False,219470,1896342,12890.72,77,28.3,0.551,5,0.793,0.6226666666666666,0.6666666666666666,0.0,0.883,0.117,0.025,Premium High-Value,Premium Relationship Customer,Low Risk,Moderate Cross-Sell Opportunity,Priority 2
C000574,P007,Term Insurance,Insurance,Protection,0.0,500000,3,True,False,219470,1896342,12890.72,77,28.3,0.551,5,0.793,0.6226666666666666,0.6666666666666666,0.0,0.883,0.117,0.025,Premium High-Value,Premium Relationship Customer,Low Risk,Moderate Cross-Sell Opportunity,Priority 2
C000574,P008,Premium Banking,Banking,Premium,0.0,1000000,5,True,False,219470,1896342,12890.72,77,28.3,0.551,5,0.793,0.6226666666666666,0.6666666666666666,0.0,0.883,0.117,0.025,Premium High-Value,Premium Relationship Customer,Low Risk,Moderate Cross-Sell Opportunity,Priority 2
C000575,P003,Rewards Credit Card,Credit Card,Cards,0.28,30000,2,True,False,101830,319888,4161.94,14,11.8,0.606,3,0.488,0.3573333333333333,0.0,0.0,0.522,0.478,-0.119,Core Active,Core Relationship Customer,High Risk,Moderate Cross-Sell Opportunity,Priority 4
C000575,P004,Personal Loan,Loan,Lending,0.115,75000,3,False,True,101830,319888,4161.94,14,11.8,0.606,3,0.488,0.3573333333333333,0.0,0.0,0.522,0.478,-0.119,Core Active,Core Relationship Customer,High Risk,Moderate Cross-Sell Opportunity,Priority 4
C000575,P005,Home Loan,Loan,Lending,0.082,500000,4,False,True,101830,319888,4161.94,14,11.8,0.606,3,0.488,0.3573333333333333,0.0,0.0,0.522,0.478,-0.119,Core Active,Core Relationship Customer,High Risk,Moderate Cross-Sell Opportunity,Priority 4
C000575,P006,Mutual Fund Plan,Investment,Wealth,0.1,10000,3,True,False,101830,319888,4161.94,14,11.8,0.606,3,0.488,0.3573333333333333,0.0,0.0,0.522,0.478,-0.119,Core Active,Core Relationship Customer,High Risk,Moderate Cross-Sell Opportunity,Priority 4
C000575,P007,Term Insurance,Insurance,Protection,0.0,500000,3,False,True,101830,319888,4161.94,14,11.8,0.606,3,0.488,0.3573333333333333,0.0,0.0,0.522,0.478,-0.119,Core Active,Core Relationship Customer,High Risk,Moderate Cross-Sell Opportunity,Priority 4
C000575,P008,Premium Banking,Banking,Premium,0.0,1000000,5,False,True,101830,319888,4161.94,14,11.8,0.606,3,0.488,0.3573333333333333,0.0,0.0,0.522,0.478,-0.119,Core Active,Core Relationship Customer,High Risk,Moderate Cross-Sell Opportunity,Priority 4
C000576,P003,Rewards Credit Card,Credit Card,Cards,0.28,30000,2,False,True,110688,667163,5762.81,54,11.2,0.547,4,0.664,0.434,0.5,1.0,0.924,0.076,0.19,Premium High-Value,Premium Relationship Customer,Low Risk,Moderate Cross-Sell Opportunity,Priority 2
C000576,P004,Personal Loan,Loan,Lending,0.115,75000,3,True,False,110688,667163,5762.81,54,11.2,0.547,4,0.664,0.434,0.5,1.0,0.924,0.076,0.19,Premium High-Value,Premium Relationship Customer,Low Risk,Moderate Cross-Sell Opportunity,Priority 2
C000576,P005,Home Loan,Loan,Lending,0.082,500000,4,True,False,110688,667163,5762.81,54,11.2,0.547,4,0.664,0.434,0.5,1.0,0.924,0.076,0.19,Premium High-Value,Premium Relationship Customer,Low Risk,Moderate Cross-Sell Opportunity,Priority 2
C000576,P006,Mutual Fund Plan,Investment,Wealth,0.1,10000,3,True,False,110688,667163,5762.81,54,11.2,0.547,4,0.664,0.434,0.5,1.0,0.924,0.076,0.19,Premium High-Value,Premium Relationship Customer,Low Risk,Moderate Cross-Sell Opportunity,Priority 2
C000576,P007,Term Insurance,Insurance,Protection,0.0,500000,3,False,True,110688,667163,5762.81,54,11.2,0.547,4,0.664,0.434,0.5,1.0,0.924,0.076,0.19,Premium High-Value,Premium Relationship Customer,Low Risk,Moderate Cross-Sell Opportunity,Priority 2
C000576,P008,Premium Banking,Banking,Premium,0.0,1000000,5,False,True,110688,667163,5762.81,54,11.2,0.547,4,0.664,0.434,0.5,1.0,0.924,0.076,0.19,Premium High-Value,Premium Relationship Customer,Low Risk,Moderate Cross-Sell Opportunity,Priority 2
C000577,P003,Rewards Credit Card,Credit Card,Cards,0.28,30000,2,False,True,91820,339400,3398.98,46,5.3,0.787,2,0.772,0.4993999999999999,0.0,0.0,0.716,0.284,-0.277,Core Active,Core Digital Customer,Low Risk,Moderate Cross-Sell Opportunity,Priority 3
C000577,P004,Personal Loan,Loan,Lending,0.115,75000,3,False,True,91820,339400,3398.98,46,5.3,0.787,2,0.772,0.4993999999999999,0.0,0.0,0.716,0.284,-0.277,Core Active,Core Digital Customer,Low Risk,Moderate Cross-Sell Opportunity,Priority 3
C000577,P005,Home Loan,Loan,Lending,0.082,500000,4,True,False,91820,339400,3398.98,46,5.3,0.787,2,0.772,0.4993999999999999,0.0,0.0,0.716,0.284,-0.277,Core Active,Core Digital Customer,Low Risk,Moderate Cross-Sell Opportunity,Priority 3
C000577,P006,Mutual Fund Plan,Investment,Wealth,0.1,10000,3,False,True,91820,339400,3398.98,46,5.3,0.787,2,0.772,0.4993999999999999,0.0,0.0,0.716,0.284,-0.277,Core Active,Core Digital Customer,Low Risk,Moderate Cross-Sell Opportunity,Priority 3
C000577,P007,Term Insurance,Insurance,Protection,0.0,500000,3,False,True,91820,339400,3398.98,46,5.3,0.787,2,0.772,0.4993999999999999,0.0,0.0,0.716,0.284,-0.277,Core Active,Core Digital Customer,Low Risk,Moderate Cross-Sell Opportunity,Priority 3
C000577,P008,Premium Banking,Banking,Premium,0.0,1000000,5,False,True,91820,339400,3398.98,46,5.3,0.787,2,0.772,0.4993999999999999,0.0,0.0,0.716,0.284,-0.277,Core Active,Core Digital Customer,Low Risk,Moderate Cross-Sell Opportunity,Priority 3
C000578,P003,Rewards Credit Card,Credit Card,Cards,0.28,30000,2,False,True,78825,426114,3558.04,27,6.0,0.607,1,0.631,0.50525,0.0,0.0,0.733,0.267,-0.128,Core Active,Core Relationship Customer,Moderate Risk,Moderate Cross-Sell Opportunity,Priority 3
C000578,P004,Personal Loan,Loan,Lending,0.115,75000,3,False,True,78825,426114,3558.04,27,6.0,0.607,1,0.631,0.50525,0.0,0.0,0.733,0.267,-0.128,Core Active,Core Relationship Customer,Moderate Risk,Moderate Cross-Sell Opportunity,Priority 3
C000578,P005,Home Loan,Loan,Lending,0.082,500000,4,False,True,78825,426114,3558.04,27,6.0,0.607,1,0.631,0.50525,0.0,0.0,0.733,0.267,-0.128,Core Active,Core Relationship Customer,Moderate Risk,Moderate Cross-Sell Opportunity,Priority 3
C000578,P006,Mutual Fund Plan,Investment,Wealth,0.1,10000,3,False,True,78825,426114,3558.04,27,6.0,0.607,1,0.631,0.50525,0.0,0.0,0.733,0.267,-0.128,Core Active,Core Relationship Customer,Moderate Risk,Moderate Cross-Sell Opportunity,Priority 3
C000578,P007,Term Insurance,Insurance,Protection,0.0,500000,3,False,True,78825,426114,3558.04,27,6.0,0.607,1,0.631,0.50525,0.0,0.0,0.733,0.267,-0.128,Core Active,Core Relationship Customer,Moderate Risk,Moderate Cross-Sell Opportunity,Priority 3
C000578,P008,Premium Banking,Banking,Premium,0.0,1000000,5,False,True,78825,426114,3558.04,27,6.0,0.607,1,0.631,0.50525,0.0,0.0,0.733,0.267,-0.128,Core Active,Core Relationship Customer,Moderate Risk,Moderate Cross-Sell Opportunity,Priority 3
C000579,P003,Rewards Credit Card,Credit Card,Cards,0.28,30000,2,True,False,210498,492357,6795.86,54,16.1,0.72,4,0.701,0.4685,0.5,0.0,0.767,0.233,-0.135,Premium High-Value,Premium Digital Customer,Moderate Risk,Moderate Cross-Sell Opportunity,Priority 2
C000579,P004,Personal Loan,Loan,Lending,0.115,75000,3,False,True,210498,492357,6795.86,54,16.1,0.72,4,0.701,0.4685,0.5,0.0,0.767,0.233,-0.135,Premium High-Value,Premium Digital Customer,Moderate Risk,Moderate Cross-Sell Opportunity,Priority 2
C000579,P005,Home Loan,Loan,Lending,0.082,500000,4,False,True,210498,492357,6795.86,54,16.1,0.72,4,0.701,0.4685,0.5,0.0,0.767,0.233,-0.135,Premium High-Value,Premium Digital Customer,Moderate Risk,Moderate Cross-Sell Opportunity,Priority 2
C000579,P006,Mutual Fund Plan,Investment,Wealth,0.1,10000,3,True,False,210498,492357,6795.86,54,16.1,0.72,4,0.701,0.4685,0.5,0.0,0.767,0.233,-0.135,Premium High-Value,Premium Digital Customer,Moderate Risk,Moderate Cross-Sell Opportunity,Priority 2
C000579,P007,Term Insurance,Insurance,Protection,0.0,500000,3,True,False,210498,492357,6795.86,54,16.1,0.72,4,0.701,0.4685,0.5,0.0,0.767,0.233,-0.135,Premium High-Value,Premium Digital Customer,Moderate Risk,Moderate Cross-Sell Opportunity,Priority 2
C000579,P008,Premium Banking,Banking,Premium,0.0,1000000,5,False,True,210498,492357,6795.86,54,16.1,0.72,4,0.701,0.4685,0.5,0.0,0.767,0.233,-0.135,Premium High-Value,Premium Digital Customer,Moderate Risk,Moderate Cross-Sell Opportunity,Priority 2
C000580,P003,Rewards Credit Card,Credit Card,Cards,0.28,30000,2,False,True,106591,765233,4323.57,46,1.3,0.388,1,0.583,0.52775,0.25,0.0,0.618,0.382,-0.163,Core Active,Core Cross-Sell Opportunity,Low Risk,High Cross-Sell Opportunity,Priority 2
C000580,P004,Personal Loan,Loan,Lending,0.115,75000,3,False,True,106591,765233,4323.57,46,1.3,0.388,1,0.583,0.52775,0.25,0.0,0.618,0.382,-0.163,Core Active,Core Cross-Sell Opportunity,Low Risk,High Cross-Sell Opportunity,Priority 2
C000580,P005,Home Loan,Loan,Lending,0.082,500000,4,False,True,106591,765233,4323.57,46,1.3,0.388,1,0.583,0.52775,0.25,0.0,0.618,0.382,-0.163,Core Active,Core Cross-Sell Opportunity,Low Risk,High Cross-Sell Opportunity,Priority 2
C000580,P006,Mutual Fund Plan,Investment,Wealth,0.1,10000,3,False,True,106591,765233,4323.57,46,1.3,0.388,1,0.583,0.52775,0.25,0.0,0.618,0.382,-0.163,Core Active,Core Cross-Sell Opportunity,Low Risk,High Cross-Sell Opportunity,Priority 2
C000580,P007,Term Insurance,Insurance,Protection,0.0,500000,3,False,True,106591,765233,4323.57,46,1.3,0.388,1,0.583,0.52775,0.25,0.0,0.618,0.382,-0.163,Core Active,Core Cross-Sell Opportunity,Low Risk,High Cross-Sell Opportunity,Priority 2
C000580,P008,Premium Banking,Banking,Premium,0.0,1000000,5,False,True,106591,765233,4323.57,46,1.3,0.388,1,0.583,0.52775,0.25,0.0,0.618,0.382,-0.163,Core Active,Core Cross-Sell Opportunity,Low Risk,High Cross-Sell Opportunity,Priority 2
C000581,P003,Rewards Credit Card,Credit Card,Cards,0.28,30000,2,True,False,121634,566823,6565.11,40,4.8,0.674,4,0.708,0.471,0.0,0.0,0.722,0.278,0.07,Premium High-Value,Premium Relationship Customer,Low Risk,Moderate Cross-Sell Opportunity,Priority 3
C000581,P004,Personal Loan,Loan,Lending,0.115,75000,3,True,False,121634,566823,6565.11,40,4.8,0.674,4,0.708,0.471,0.0,0.0,0.722,0.278,0.07,Premium High-Value,Premium Relationship Customer,Low Risk,Moderate Cross-Sell Opportunity,Priority 3
C000581,P005,Home Loan,Loan,Lending,0.082,500000,4,False,True,121634,566823,6565.11,40,4.8,0.674,4,0.708,0.471,0.0,0.0,0.722,0.278,0.07,Premium High-Value,Premium Relationship Customer,Low Risk,Moderate Cross-Sell Opportunity,Priority 3
C000581,P006,Mutual Fund Plan,Investment,Wealth,0.1,10000,3,False,True,121634,566823,6565.11,40,4.8,0.674,4,0.708,0.471,0.0,0.0,0.722,0.278,0.07,Premium High-Value,Premium Relationship Customer,Low Risk,Moderate Cross-Sell Opportunity,Priority 3
C000581,P007,Term Insurance,Insurance,Protection,0.0,500000,3,True,False,121634,566823,6565.11,40,4.8,0.674,4,0.708,0.471,0.0,0.0,0.722,0.278,0.07,Premium High-Value,Premium Relationship Customer,Low Risk,Moderate Cross-Sell Opportunity,Priority 3
C000581,P008,Premium Banking,Banking,Premium,0.0,1000000,5,False,True,121634,566823,6565.11,40,4.8,0.674,4,0.708,0.471,0.0,0.0,0.722,0.278,0.07,Premium High-Value,Premium Relationship Customer,Low Risk,Moderate Cross-Sell Opportunity,Priority 3
C000582,P003,Rewards Credit Card,Credit Card,Cards,0.28,30000,2,False,True,147425,815707,4600.54,19,121.0,0.274,1,0.284,0.4822,0.8,0.0,0.679,0.321,-0.091,Dormant / Declining,Dormant Reactivation Target,Critical Risk,Moderate Cross-Sell Opportunity,Priority 3
C000582,P004,Personal Loan,Loan,Lending,0.115,75000,3,False,True,147425,815707,4600.54,19,121.0,0.274,1,0.284,0.4822,0.8,0.0,0.679,0.321,-0.091,Dormant / Declining,Dormant Reactivation Target,Critical Risk,Moderate Cross-Sell Opportunity,Priority 3
C000582,P005,Home Loan,Loan,Lending,0.082,500000,4,False,True,147425,815707,4600.54,19,121.0,0.274,1,0.284,0.4822,0.8,0.0,0.679,0.321,-0.091,Dormant / Declining,Dormant Reactivation Target,Critical Risk,Moderate Cross-Sell Opportunity,Priority 3
C000582,P006,Mutual Fund Plan,Investment,Wealth,0.1,10000,3,False,True,147425,815707,4600.54,19,121.0,0.274,1,0.284,0.4822,0.8,0.0,0.679,0.321,-0.091,Dormant / Declining,Dormant Reactivation Target,Critical Risk,Moderate Cross-Sell Opportunity,Priority 3
C000582,P007,Term Insurance,Insurance,Protection,0.0,500000,3,False,True,147425,815707,4600.54,19,121.0,0.274,1,0.284,0.4822,0.8,0.0,0.679,0.321,-0.091,Dormant / Declining,Dormant Reactivation Target,Critical Risk,Moderate Cross-Sell Opportunity,Priority 3
C000582,P008,Premium Banking,Banking,Premium,0.0,1000000,5,False,True,147425,815707,4600.54,19,121.0,0.274,1,0.284,0.4822,0.8,0.0,0.679,0.321,-0.091,Dormant / Declining,Dormant Reactivation Target,Critical Risk,Moderate Cross-Sell Opportunity,Priority 3
C000583,P003,Rewards Credit Card,Credit Card,Cards,0.28,30000,2,True,False,214880,358708,15103.06,62,4.6,0.633,4,0.816,0.5928,0.4,0.5,0.722,0.278,0.09,Premium High-Value,Premium Digital Customer,Low Risk,Moderate Cross-Sell Opportunity,Priority 2
C000583,P004,Personal Loan,Loan,Lending,0.115,75000,3,False,True,214880,358708,15103.06,62,4.6,0.633,4,0.816,0.5928,0.4,0.5,0.722,0.278,0.09,Premium High-Value,Premium Digital Customer,Low Risk,Moderate Cross-Sell Opportunity,Priority 2
C000583,P005,Home Loan,Loan,Lending,0.082,500000,4,False,True,214880,358708,15103.06,62,4.6,0.633,4,0.816,0.5928,0.4,0.5,0.722,0.278,0.09,Premium High-Value,Premium Digital Customer,Low Risk,Moderate Cross-Sell Opportunity,Priority 2
C000583,P006,Mutual Fund Plan,Investment,Wealth,0.1,10000,3,True,False,214880,358708,15103.06,62,4.6,0.633,4,0.816,0.5928,0.4,0.5,0.722,0.278,0.09,Premium High-Value,Premium Digital Customer,Low Risk,Moderate Cross-Sell Opportunity,Priority 2
C000583,P007,Term Insurance,Insurance,Protection,0.0,500000,3,False,True,214880,358708,15103.06,62,4.6,0.633,4,0.816,0.5928,0.4,0.5,0.722,0.278,0.09,Premium High-Value,Premium Digital Customer,Low Risk,Moderate Cross-Sell Opportunity,Priority 2
C000583,P008,Premium Banking,Banking,Premium,0.0,1000000,5,False,True,214880,358708,15103.06,62,4.6,0.633,4,0.816,0.5928,0.4,0.5,0.722,0.278,0.09,Premium High-Value,Premium Digital Customer,Low Risk,Moderate Cross-Sell Opportunity,Priority 2
C000584,P003,Rewards Credit Card,Credit Card,Cards,0.28,30000,2,False,True,64211,186768,2652.77,43,29.5,0.65,1,0.452,0.376,0.0,0.0,0.713,0.287,-0.184,Core Active,Core Relationship Customer,High Risk,Moderate Cross-Sell Opportunity,Priority 3
C000584,P004,Personal Loan,Loan,Lending,0.115,75000,3,False,True,64211,186768,2652.77,43,29.5,0.65,1,0.452,0.376,0.0,0.0,0.713,0.287,-0.184,Core Active,Core Relationship Customer,High Risk,Moderate Cross-Sell Opportunity,Priority 3
C000584,P005,Home Loan,Loan,Lending,0.082,500000,4,False,True,64211,186768,2652.77,43,29.5,0.65,1,0.452,0.376,0.0,0.0,0.713,0.287,-0.184,Core Active,Core Relationship Customer,High Risk,Moderate Cross-Sell Opportunity,Priority 3
C000584,P006,Mutual Fund Plan,Investment,Wealth,0.1,10000,3,False,True,64211,186768,2652.77,43,29.5,0.65,1,0.452,0.376,0.0,0.0,0.713,0.287,-0.184,Core Active,Core Relationship Customer,High Risk,Moderate Cross-Sell Opportunity,Priority 3
C000584,P007,Term Insurance,Insurance,Protection,0.0,500000,3,False,True,64211,186768,2652.77,43,29.5,0.65,1,0.452,0.376,0.0,0.0,0.713,0.287,-0.184,Core Active,Core Relationship Customer,High Risk,Moderate Cross-Sell Opportunity,Priority 3
C000584,P008,Premium Banking,Banking,Premium,0.0,1000000,5,False,True,64211,186768,2652.77,43,29.5,0.65,1,0.452,0.376,0.0,0.0,0.713,0.287,-0.184,Core Active,Core Relationship Customer,High Risk,Moderate Cross-Sell Opportunity,Priority 3
C000585,P003,Rewards Credit Card,Credit Card,Cards,0.28,30000,2,True,False,109542,421970,5911.92,54,2.3,0.536,2,0.658,0.5197499999999999,0.5,0.0,0.881,0.119,0.039,Premium High-Value,Premium Relationship Customer,Low Risk,Moderate Cross-Sell Opportunity,Priority 2
C000585,P004,Personal Loan,Loan,Lending,0.115,75000,3,False,True,109542,421970,5911.92,54,2.3,0.536,2,0.658,0.5197499999999999,0.5,0.0,0.881,0.119,0.039,Premium High-Value,Premium Relationship Customer,Low Risk,Moderate Cross-Sell Opportunity,Priority 2
C000585,P005,Home Loan,Loan,Lending,0.082,500000,4,False,True,109542,421970,5911.92,54,2.3,0.536,2,0.658,0.5197499999999999,0.5,0.0,0.881,0.119,0.039,Premium High-Value,Premium Relationship Customer,Low Risk,Moderate Cross-Sell Opportunity,Priority 2
C000585,P006,Mutual Fund Plan,Investment,Wealth,0.1,10000,3,False,True,109542,421970,5911.92,54,2.3,0.536,2,0.658,0.5197499999999999,0.5,0.0,0.881,0.119,0.039,Premium High-Value,Premium Relationship Customer,Low Risk,Moderate Cross-Sell Opportunity,Priority 2
C000585,P007,Term Insurance,Insurance,Protection,0.0,500000,3,False,True,109542,421970,5911.92,54,2.3,0.536,2,0.658,0.5197499999999999,0.5,0.0,0.881,0.119,0.039,Premium High-Value,Premium Relationship Customer,Low Risk,Moderate Cross-Sell Opportunity,Priority 2
C000585,P008,Premium Banking,Banking,Premium,0.0,1000000,5,False,True,109542,421970,5911.92,54,2.3,0.536,2,0.658,0.5197499999999999,0.5,0.0,0.881,0.119,0.039,Premium High-Value,Premium Relationship Customer,Low Risk,Moderate Cross-Sell Opportunity,Priority 2
C000586,P003,Rewards Credit Card,Credit Card,Cards,0.28,30000,2,False,True,61051,485676,2361.77,30,9.6,0.811,1,0.56,0.5640000000000001,0.0,0.0,0.622,0.378,0.118,Core Active,Core Digital Customer,Moderate Risk,Moderate Cross-Sell Opportunity,Priority 2
C000586,P004,Personal Loan,Loan,Lending,0.115,75000,3,False,True,61051,485676,2361.77,30,9.6,0.811,1,0.56,0.5640000000000001,0.0,0.0,0.622,0.378,0.118,Core Active,Core Digital Customer,Moderate Risk,Moderate Cross-Sell Opportunity,Priority 2
C000586,P005,Home Loan,Loan,Lending,0.082,500000,4,False,True,61051,485676,2361.77,30,9.6,0.811,1,0.56,0.5640000000000001,0.0,0.0,0.622,0.378,0.118,Core Active,Core Digital Customer,Moderate Risk,Moderate Cross-Sell Opportunity,Priority 2
C000586,P006,Mutual Fund Plan,Investment,Wealth,0.1,10000,3,False,True,61051,485676,2361.77,30,9.6,0.811,1,0.56,0.5640000000000001,0.0,0.0,0.622,0.378,0.118,Core Active,Core Digital Customer,Moderate Risk,Moderate Cross-Sell Opportunity,Priority 2
C000586,P007,Term Insurance,Insurance,Protection,0.0,500000,3,False,True,61051,485676,2361.77,30,9.6,0.811,1,0.56,0.5640000000000001,0.0,0.0,0.622,0.378,0.118,Core Active,Core Digital Customer,Moderate Risk,Moderate Cross-Sell Opportunity,Priority 2
C000586,P008,Premium Banking,Banking,Premium,0.0,1000000,5,False,True,61051,485676,2361.77,30,9.6,0.811,1,0.56,0.5640000000000001,0.0,0.0,0.622,0.378,0.118,Core Active,Core Digital Customer,Moderate Risk,Moderate Cross-Sell Opportunity,Priority 2
C000587,P003,Rewards Credit Card,Credit Card,Cards,0.28,30000,2,False,True,129993,522412,7946.3,58,3.7,0.762,2,0.669,0.5630000000000001,0.3333333333333333,0.0,0.783,0.217,-0.054,Premium High-Value,Premium Digital Customer,Low Risk,High Cross-Sell Opportunity,Priority 2
C000587,P004,Personal Loan,Loan,Lending,0.115,75000,3,True,False,129993,522412,7946.3,58,3.7,0.762,2,0.669,0.5630000000000001,0.3333333333333333,0.0,0.783,0.217,-0.054,Premium High-Value,Premium Digital Customer,Low Risk,High Cross-Sell Opportunity,Priority 2
C000587,P005,Home Loan,Loan,Lending,0.082,500000,4,False,True,129993,522412,7946.3,58,3.7,0.762,2,0.669,0.5630000000000001,0.3333333333333333,0.0,0.783,0.217,-0.054,Premium High-Value,Premium Digital Customer,Low Risk,High Cross-Sell Opportunity,Priority 2
C000587,P006,Mutual Fund Plan,Investment,Wealth,0.1,10000,3,False,True,129993,522412,7946.3,58,3.7,0.762,2,0.669,0.5630000000000001,0.3333333333333333,0.0,0.783,0.217,-0.054,Premium High-Value,Premium Digital Customer,Low Risk,High Cross-Sell Opportunity,Priority 2
C000587,P007,Term Insurance,Insurance,Protection,0.0,500000,3,False,True,129993,522412,7946.3,58,3.7,0.762,2,0.669,0.5630000000000001,0.3333333333333333,0.0,0.783,0.217,-0.054,Premium High-Value,Premium Digital Customer,Low Risk,High Cross-Sell Opportunity,Priority 2
C000587,P008,Premium Banking,Banking,Premium,0.0,1000000,5,False,True,129993,522412,7946.3,58,3.7,0.762,2,0.669,0.5630000000000001,0.3333333333333333,0.0,0.783,0.217,-0.054,Premium High-Value,Premium Digital Customer,Low Risk,High Cross-Sell Opportunity,Priority 2
C000588,P003,Rewards Credit Card,Credit Card,Cards,0.28,30000,2,True,False,70877,310333,2294.41,41,4.1,0.352,2,0.477,0.4633333333333334,0.3333333333333333,0.0,0.481,0.519,0.227,Core Active,Core Relationship Customer,Low Risk,Moderate Cross-Sell Opportunity,Priority 3
C000588,P004,Personal Loan,Loan,Lending,0.115,75000,3,False,True,70877,310333,2294.41,41,4.1,0.352,2,0.477,0.4633333333333334,0.3333333333333333,0.0,0.481,0.519,0.227,Core Active,Core Relationship Customer,Low Risk,Moderate Cross-Sell Opportunity,Priority 3
C000588,P005,Home Loan,Loan,Lending,0.082,500000,4,False,True,70877,310333,2294.41,41,4.1,0.352,2,0.477,0.4633333333333334,0.3333333333333333,0.0,0.481,0.519,0.227,Core Active,Core Relationship Customer,Low Risk,Moderate Cross-Sell Opportunity,Priority 3
C000588,P006,Mutual Fund Plan,Investment,Wealth,0.1,10000,3,True,False,70877,310333,2294.41,41,4.1,0.352,2,0.477,0.4633333333333334,0.3333333333333333,0.0,0.481,0.519,0.227,Core Active,Core Relationship Customer,Low Risk,Moderate Cross-Sell Opportunity,Priority 3
C000588,P007,Term Insurance,Insurance,Protection,0.0,500000,3,False,True,70877,310333,2294.41,41,4.1,0.352,2,0.477,0.4633333333333334,0.3333333333333333,0.0,0.481,0.519,0.227,Core Active,Core Relationship Customer,Low Risk,Moderate Cross-Sell Opportunity,Priority 3
C000588,P008,Premium Banking,Banking,Premium,0.0,1000000,5,False,True,70877,310333,2294.41,41,4.1,0.352,2,0.477,0.4633333333333334,0.3333333333333333,0.0,0.481,0.519,0.227,Core Active,Core Relationship Customer,Low Risk,Moderate Cross-Sell Opportunity,Priority 3
C000589,P003,Rewards Credit Card,Credit Card,Cards,0.28,30000,2,False,True,60912,181731,1733.62,9,180.0,0.285,2,0.344,0.2764999999999999,0.0,0.0,0.623,0.377,-0.255,Dormant / Declining,Dormant Reactivation Target,Critical Risk,Low Cross-Sell Opportunity,Priority 4
C000589,P004,Personal Loan,Loan,Lending,0.115,75000,3,False,True,60912,181731,1733.62,9,180.0,0.285,2,0.344,0.2764999999999999,0.0,0.0,0.623,0.377,-0.255,Dormant / Declining,Dormant Reactivation Target,Critical Risk,Low Cross-Sell Opportunity,Priority 4
C000589,P005,Home Loan,Loan,Lending,0.082,500000,4,False,True,60912,181731,1733.62,9,180.0,0.285,2,0.344,0.2764999999999999,0.0,0.0,0.623,0.377,-0.255,Dormant / Declining,Dormant Reactivation Target,Critical Risk,Low Cross-Sell Opportunity,Priority 4
C000589,P006,Mutual Fund Plan,Investment,Wealth,0.1,10000,3,False,True,60912,181731,1733.62,9,180.0,0.285,2,0.344,0.2764999999999999,0.0,0.0,0.623,0.377,-0.255,Dormant / Declining,Dormant Reactivation Target,Critical Risk,Low Cross-Sell Opportunity,Priority 4
C000589,P007,Term Insurance,Insurance,Protection,0.0,500000,3,True,False,60912,181731,1733.62,9,180.0,0.285,2,0.344,0.2764999999999999,0.0,0.0,0.623,0.377,-0.255,Dormant / Declining,Dormant Reactivation Target,Critical Risk,Low Cross-Sell Opportunity,Priority 4
C000589,P008,Premium Banking,Banking,Premium,0.0,1000000,5,False,True,60912,181731,1733.62,9,180.0,0.285,2,0.344,0.2764999999999999,0.0,0.0,0.623,0.377,-0.255,Dormant / Declining,Dormant Reactivation Target,Critical Risk,Low Cross-Sell Opportunity,Priority 4
C000590,P003,Rewards Credit Card,Credit Card,Cards,0.28,30000,2,False,True,48175,136222,1599.29,39,6.1,0.748,1,0.404,0.33375,0.0,0.0,0.795,0.205,-0.029,Core Active,Core Relationship Customer,High Risk,Moderate Cross-Sell Opportunity,Priority 3
C000590,P004,Personal Loan,Loan,Lending,0.115,75000,3,False,True,48175,136222,1599.29,39,6.1,0.748,1,0.404,0.33375,0.0,0.0,0.795,0.205,-0.029,Core Active,Core Relationship Customer,High Risk,Moderate Cross-Sell Opportunity,Priority 3
C000590,P005,Home Loan,Loan,Lending,0.082,500000,4,False,True,48175,136222,1599.29,39,6.1,0.748,1,0.404,0.33375,0.0,0.0,0.795,0.205,-0.029,Core Active,Core Relationship Customer,High Risk,Moderate Cross-Sell Opportunity,Priority 3
C000590,P006,Mutual Fund Plan,Investment,Wealth,0.1,10000,3,False,True,48175,136222,1599.29,39,6.1,0.748,1,0.404,0.33375,0.0,0.0,0.795,0.205,-0.029,Core Active,Core Relationship Customer,High Risk,Moderate Cross-Sell Opportunity,Priority 3
C000590,P007,Term Insurance,Insurance,Protection,0.0,500000,3,False,True,48175,136222,1599.29,39,6.1,0.748,1,0.404,0.33375,0.0,0.0,0.795,0.205,-0.029,Core Active,Core Relationship Customer,High Risk,Moderate Cross-Sell Opportunity,Priority 3
C000590,P008,Premium Banking,Banking,Premium,0.0,1000000,5,False,True,48175,136222,1599.29,39,6.1,0.748,1,0.404,0.33375,0.0,0.0,0.795,0.205,-0.029,Core Active,Core Relationship Customer,High Risk,Moderate Cross-Sell Opportunity,Priority 3
C000591,P003,Rewards Credit Card,Credit Card,Cards,0.28,30000,2,False,True,43706,138699,1461.19,25,16.4,0.845,2,0.651,0.4035999999999999,0.6,0.6666666666666666,0.736,0.264,0.08,Core Active,Core Digital Customer,Moderate Risk,Moderate Cross-Sell Opportunity,Priority 3
C000591,P004,Personal Loan,Loan,Lending,0.115,75000,3,False,True,43706,138699,1461.19,25,16.4,0.845,2,0.651,0.4035999999999999,0.6,0.6666666666666666,0.736,0.264,0.08,Core Active,Core Digital Customer,Moderate Risk,Moderate Cross-Sell Opportunity,Priority 3
C000591,P005,Home Loan,Loan,Lending,0.082,500000,4,False,True,43706,138699,1461.19,25,16.4,0.845,2,0.651,0.4035999999999999,0.6,0.6666666666666666,0.736,0.264,0.08,Core Active,Core Digital Customer,Moderate Risk,Moderate Cross-Sell Opportunity,Priority 3
C000591,P006,Mutual Fund Plan,Investment,Wealth,0.1,10000,3,False,True,43706,138699,1461.19,25,16.4,0.845,2,0.651,0.4035999999999999,0.6,0.6666666666666666,0.736,0.264,0.08,Core Active,Core Digital Customer,Moderate Risk,Moderate Cross-Sell Opportunity,Priority 3
C000591,P007,Term Insurance,Insurance,Protection,0.0,500000,3,True,False,43706,138699,1461.19,25,16.4,0.845,2,0.651,0.4035999999999999,0.6,0.6666666666666666,0.736,0.264,0.08,Core Active,Core Digital Customer,Moderate Risk,Moderate Cross-Sell Opportunity,Priority 3
C000591,P008,Premium Banking,Banking,Premium,0.0,1000000,5,False,True,43706,138699,1461.19,25,16.4,0.845,2,0.651,0.4035999999999999,0.6,0.6666666666666666,0.736,0.264,0.08,Core Active,Core Digital Customer,Moderate Risk,Moderate Cross-Sell Opportunity,Priority 3
C000592,P003,Rewards Credit Card,Credit Card,Cards,0.28,30000,2,True,False,87022,103686,4003.8,35,1.6,0.52,2,0.447,0.4255,0.5,0.0,0.517,0.483,0.236,Core Active,Core Relationship Customer,Low Risk,Moderate Cross-Sell Opportunity,Priority 3
C000592,P004,Personal Loan,Loan,Lending,0.115,75000,3,False,True,87022,103686,4003.8,35,1.6,0.52,2,0.447,0.4255,0.5,0.0,0.517,0.483,0.236,Core Active,Core Relationship Customer,Low Risk,Moderate Cross-Sell Opportunity,Priority 3
C000592,P005,Home Loan,Loan,Lending,0.082,500000,4,False,True,87022,103686,4003.8,35,1.6,0.52,2,0.447,0.4255,0.5,0.0,0.517,0.483,0.236,Core Active,Core Relationship Customer,Low Risk,Moderate Cross-Sell Opportunity,Priority 3
C000592,P006,Mutual Fund Plan,Investment,Wealth,0.1,10000,3,False,True,87022,103686,4003.8,35,1.6,0.52,2,0.447,0.4255,0.5,0.0,0.517,0.483,0.236,Core Active,Core Relationship Customer,Low Risk,Moderate Cross-Sell Opportunity,Priority 3
C000592,P007,Term Insurance,Insurance,Protection,0.0,500000,3,False,True,87022,103686,4003.8,35,1.6,0.52,2,0.447,0.4255,0.5,0.0,0.517,0.483,0.236,Core Active,Core Relationship Customer,Low Risk,Moderate Cross-Sell Opportunity,Priority 3
C000592,P008,Premium Banking,Banking,Premium,0.0,1000000,5,False,True,87022,103686,4003.8,35,1.6,0.52,2,0.447,0.4255,0.5,0.0,0.517,0.483,0.236,Core Active,Core Relationship Customer,Low Risk,Moderate Cross-Sell Opportunity,Priority 3
C000593,P003,Rewards Credit Card,Credit Card,Cards,0.28,30000,2,False,True,58399,301401,1378.03,26,1.7,0.948,1,0.451,0.4046,0.6,0.3333333333333333,0.615,0.385,-0.096,Core Active,Core Digital Customer,Moderate Risk,Moderate Cross-Sell Opportunity,Priority 3
C000593,P004,Personal Loan,Loan,Lending,0.115,75000,3,False,True,58399,301401,1378.03,26,1.7,0.948,1,0.451,0.4046,0.6,0.3333333333333333,0.615,0.385,-0.096,Core Active,Core Digital Customer,Moderate Risk,Moderate Cross-Sell Opportunity,Priority 3
C000593,P005,Home Loan,Loan,Lending,0.082,500000,4,False,True,58399,301401,1378.03,26,1.7,0.948,1,0.451,0.4046,0.6,0.3333333333333333,0.615,0.385,-0.096,Core Active,Core Digital Customer,Moderate Risk,Moderate Cross-Sell Opportunity,Priority 3
C000593,P006,Mutual Fund Plan,Investment,Wealth,0.1,10000,3,False,True,58399,301401,1378.03,26,1.7,0.948,1,0.451,0.4046,0.6,0.3333333333333333,0.615,0.385,-0.096,Core Active,Core Digital Customer,Moderate Risk,Moderate Cross-Sell Opportunity,Priority 3
C000593,P007,Term Insurance,Insurance,Protection,0.0,500000,3,False,True,58399,301401,1378.03,26,1.7,0.948,1,0.451,0.4046,0.6,0.3333333333333333,0.615,0.385,-0.096,Core Active,Core Digital Customer,Moderate Risk,Moderate Cross-Sell Opportunity,Priority 3
C000593,P008,Premium Banking,Banking,Premium,0.0,1000000,5,False,True,58399,301401,1378.03,26,1.7,0.948,1,0.451,0.4046,0.6,0.3333333333333333,0.615,0.385,-0.096,Core Active,Core Digital Customer,Moderate Risk,Moderate Cross-Sell Opportunity,Priority 3
C000594,P003,Rewards Credit Card,Credit Card,Cards,0.28,30000,2,True,False,203548,477391,9542.69,69,6.5,1.0,5,0.828,0.58725,0.75,0.3333333333333333,0.88,0.12,-0.066,Premium High-Value,Premium Digital Customer,Low Risk,Moderate Cross-Sell Opportunity,Priority 2
C000594,P004,Personal Loan,Loan,Lending,0.115,75000,3,False,True,203548,477391,9542.69,69,6.5,1.0,5,0.828,0.58725,0.75,0.3333333333333333,0.88,0.12,-0.066,Premium High-Value,Premium Digital Customer,Low Risk,Moderate Cross-Sell Opportunity,Priority 2
C000594,P005,Home Loan,Loan,Lending,0.082,500000,4,False,True,203548,477391,9542.69,69,6.5,1.0,5,0.828,0.58725,0.75,0.3333333333333333,0.88,0.12,-0.066,Premium High-Value,Premium Digital Customer,Low Risk,Moderate Cross-Sell Opportunity,Priority 2
C000594,P006,Mutual Fund Plan,Investment,Wealth,0.1,10000,3,True,False,203548,477391,9542.69,69,6.5,1.0,5,0.828,0.58725,0.75,0.3333333333333333,0.88,0.12,-0.066,Premium High-Value,Premium Digital Customer,Low Risk,Moderate Cross-Sell Opportunity,Priority 2
C000594,P007,Term Insurance,Insurance,Protection,0.0,500000,3,True,False,203548,477391,9542.69,69,6.5,1.0,5,0.828,0.58725,0.75,0.3333333333333333,0.88,0.12,-0.066,Premium High-Value,Premium Digital Customer,Low Risk,Moderate Cross-Sell Opportunity,Priority 2
C000594,P008,Premium Banking,Banking,Premium,0.0,1000000,5,False,True,203548,477391,9542.69,69,6.5,1.0,5,0.828,0.58725,0.75,0.3333333333333333,0.88,0.12,-0.066,Premium High-Value,Premium Digital Customer,Low Risk,Moderate Cross-Sell Opportunity,Priority 2
C000595,P003,Rewards Credit Card,Credit Card,Cards,0.28,30000,2,True,False,126305,577655,3883.18,40,44.8,0.547,5,0.532,0.4742,0.8,0.25,0.854,0.146,0.016,Premium High-Value,Premium Relationship Customer,High Risk,Low Cross-Sell Opportunity,Priority 3
C000595,P004,Personal Loan,Loan,Lending,0.115,75000,3,True,False,126305,577655,3883.18,40,44.8,0.547,5,0.532,0.4742,0.8,0.25,0.854,0.146,0.016,Premium High-Value,Premium Relationship Customer,High Risk,Low Cross-Sell Opportunity,Priority 3
C000595,P005,Home Loan,Loan,Lending,0.082,500000,4,False,True,126305,577655,3883.18,40,44.8,0.547,5,0.532,0.4742,0.8,0.25,0.854,0.146,0.016,Premium High-Value,Premium Relationship Customer,High Risk,Low Cross-Sell Opportunity,Priority 3
C000595,P006,Mutual Fund Plan,Investment,Wealth,0.1,10000,3,True,False,126305,577655,3883.18,40,44.8,0.547,5,0.532,0.4742,0.8,0.25,0.854,0.146,0.016,Premium High-Value,Premium Relationship Customer,High Risk,Low Cross-Sell Opportunity,Priority 3
C000595,P007,Term Insurance,Insurance,Protection,0.0,500000,3,True,False,126305,577655,3883.18,40,44.8,0.547,5,0.532,0.4742,0.8,0.25,0.854,0.146,0.016,Premium High-Value,Premium Relationship Customer,High Risk,Low Cross-Sell Opportunity,Priority 3
C000595,P008,Premium Banking,Banking,Premium,0.0,1000000,5,False,True,126305,577655,3883.18,40,44.8,0.547,5,0.532,0.4742,0.8,0.25,0.854,0.146,0.016,Premium High-Value,Premium Relationship Customer,High Risk,Low Cross-Sell Opportunity,Priority 3
C000596,P003,Rewards Credit Card,Credit Card,Cards,0.28,30000,2,True,False,124158,206294,5470.95,42,15.5,1.0,4,0.692,0.6895,1.0,0.0,0.69,0.31,0.02,Premium High-Value,Premium Digital Customer,Moderate Risk,Moderate Cross-Sell Opportunity,Priority 2
C000596,P004,Personal Loan,Loan,Lending,0.115,75000,3,False,True,124158,206294,5470.95,42,15.5,1.0,4,0.692,0.6895,1.0,0.0,0.69,0.31,0.02,Premium High-Value,Premium Digital Customer,Moderate Risk,Moderate Cross-Sell Opportunity,Priority 2
C000596,P005,Home Loan,Loan,Lending,0.082,500000,4,True,False,124158,206294,5470.95,42,15.5,1.0,4,0.692,0.6895,1.0,0.0,0.69,0.31,0.02,Premium High-Value,Premium Digital Customer,Moderate Risk,Moderate Cross-Sell Opportunity,Priority 2
C000596,P006,Mutual Fund Plan,Investment,Wealth,0.1,10000,3,False,True,124158,206294,5470.95,42,15.5,1.0,4,0.692,0.6895,1.0,0.0,0.69,0.31,0.02,Premium High-Value,Premium Digital Customer,Moderate Risk,Moderate Cross-Sell Opportunity,Priority 2
C000596,P007,Term Insurance,Insurance,Protection,0.0,500000,3,False,True,124158,206294,5470.95,42,15.5,1.0,4,0.692,0.6895,1.0,0.0,0.69,0.31,0.02,Premium High-Value,Premium Digital Customer,Moderate Risk,Moderate Cross-Sell Opportunity,Priority 2
C000596,P008,Premium Banking,Banking,Premium,0.0,1000000,5,False,True,124158,206294,5470.95,42,15.5,1.0,4,0.692,0.6895,1.0,0.0,0.69,0.31,0.02,Premium High-Value,Premium Digital Customer,Moderate Risk,Moderate Cross-Sell Opportunity,Priority 2
C000597,P003,Rewards Credit Card,Credit Card,Cards,0.28,30000,2,True,False,69527,258986,1344.69,26,5.7,0.438,2,0.445,0.6066666666666666,0.0,0.0,0.798,0.202,0.037,Core Active,Core Relationship Customer,Moderate Risk,Moderate Cross-Sell Opportunity,Priority 3
C000597,P004,Personal Loan,Loan,Lending,0.115,75000,3,False,True,69527,258986,1344.69,26,5.7,0.438,2,0.445,0.6066666666666666,0.0,0.0,0.798,0.202,0.037,Core Active,Core Relationship Customer,Moderate Risk,Moderate Cross-Sell Opportunity,Priority 3
C000597,P005,Home Loan,Loan,Lending,0.082,500000,4,False,True,69527,258986,1344.69,26,5.7,0.438,2,0.445,0.6066666666666666,0.0,0.0,0.798,0.202,0.037,Core Active,Core Relationship Customer,Moderate Risk,Moderate Cross-Sell Opportunity,Priority 3
C000597,P006,Mutual Fund Plan,Investment,Wealth,0.1,10000,3,False,True,69527,258986,1344.69,26,5.7,0.438,2,0.445,0.6066666666666666,0.0,0.0,0.798,0.202,0.037,Core Active,Core Relationship Customer,Moderate Risk,Moderate Cross-Sell Opportunity,Priority 3
C000597,P007,Term Insurance,Insurance,Protection,0.0,500000,3,False,True,69527,258986,1344.69,26,5.7,0.438,2,0.445,0.6066666666666666,0.0,0.0,0.798,0.202,0.037,Core Active,Core Relationship Customer,Moderate Risk,Moderate Cross-Sell Opportunity,Priority 3
C000597,P008,Premium Banking,Banking,Premium,0.0,1000000,5,False,True,69527,258986,1344.69,26,5.7,0.438,2,0.445,0.6066666666666666,0.0,0.0,0.798,0.202,0.037,Core Active,Core Relationship Customer,Moderate Risk,Moderate Cross-Sell Opportunity,Priority 3
C000598,P003,Rewards Credit Card,Credit Card,Cards,0.28,30000,2,False,True,53886,141798,1250.39,24,6.5,0.91,1,0.538,0.5084,0.4,0.0,0.65,0.35,-0.08,Core Active,Core Digital Customer,High Risk,Moderate Cross-Sell Opportunity,Priority 3
C000598,P004,Personal Loan,Loan,Lending,0.115,75000,3,False,True,53886,141798,1250.39,24,6.5,0.91,1,0.538,0.5084,0.4,0.0,0.65,0.35,-0.08,Core Active,Core Digital Customer,High Risk,Moderate Cross-Sell Opportunity,Priority 3
C000598,P005,Home Loan,Loan,Lending,0.082,500000,4,False,True,53886,141798,1250.39,24,6.5,0.91,1,0.538,0.5084,0.4,0.0,0.65,0.35,-0.08,Core Active,Core Digital Customer,High Risk,Moderate Cross-Sell Opportunity,Priority 3
C000598,P006,Mutual Fund Plan,Investment,Wealth,0.1,10000,3,False,True,53886,141798,1250.39,24,6.5,0.91,1,0.538,0.5084,0.4,0.0,0.65,0.35,-0.08,Core Active,Core Digital Customer,High Risk,Moderate Cross-Sell Opportunity,Priority 3
C000598,P007,Term Insurance,Insurance,Protection,0.0,500000,3,False,True,53886,141798,1250.39,24,6.5,0.91,1,0.538,0.5084,0.4,0.0,0.65,0.35,-0.08,Core Active,Core Digital Customer,High Risk,Moderate Cross-Sell Opportunity,Priority 3
C000598,P008,Premium Banking,Banking,Premium,0.0,1000000,5,False,True,53886,141798,1250.39,24,6.5,0.91,1,0.538,0.5084,0.4,0.0,0.65,0.35,-0.08,Core Active,Core Digital Customer,High Risk,Moderate Cross-Sell Opportunity,Priority 3
C000599,P003,Rewards Credit Card,Credit Card,Cards,0.28,30000,2,False,True,62195,246082,2942.06,38,12.1,0.235,1,0.574,0.541,0.25,1.0,0.666,0.334,-0.091,Core Active,Core Relationship Customer,High Risk,Moderate Cross-Sell Opportunity,Priority 3
C000599,P004,Personal Loan,Loan,Lending,0.115,75000,3,False,True,62195,246082,2942.06,38,12.1,0.235,1,0.574,0.541,0.25,1.0,0.666,0.334,-0.091,Core Active,Core Relationship Customer,High Risk,Moderate Cross-Sell Opportunity,Priority 3
C000599,P005,Home Loan,Loan,Lending,0.082,500000,4,False,True,62195,246082,2942.06,38,12.1,0.235,1,0.574,0.541,0.25,1.0,0.666,0.334,-0.091,Core Active,Core Relationship Customer,High Risk,Moderate Cross-Sell Opportunity,Priority 3
C000599,P006,Mutual Fund Plan,Investment,Wealth,0.1,10000,3,False,True,62195,246082,2942.06,38,12.1,0.235,1,0.574,0.541,0.25,1.0,0.666,0.334,-0.091,Core Active,Core Relationship Customer,High Risk,Moderate Cross-Sell Opportunity,Priority 3
C000599,P007,Term Insurance,Insurance,Protection,0.0,500000,3,False,True,62195,246082,2942.06,38,12.1,0.235,1,0.574,0.541,0.25,1.0,0.666,0.334,-0.091,Core Active,Core Relationship Customer,High Risk,Moderate Cross-Sell Opportunity,Priority 3
C000599,P008,Premium Banking,Banking,Premium,0.0,1000000,5,False,True,62195,246082,2942.06,38,12.1,0.235,1,0.574,0.541,0.25,1.0,0.666,0.334,-0.091,Core Active,Core Relationship Customer,High Risk,Moderate Cross-Sell Opportunity,Priority 3
C000600,P003,Rewards Credit Card,Credit Card,Cards,0.28,30000,2,True,False,189099,475041,12257.96,61,11.7,0.504,5,0.802,0.6373333333333333,0.3333333333333333,0.0,0.588,0.412,-0.038,Premium High-Value,Premium Relationship Customer,Moderate Risk,Moderate Cross-Sell Opportunity,Priority 2
C000600,P004,Personal Loan,Loan,Lending,0.115,75000,3,True,False,189099,475041,12257.96,61,11.7,0.504,5,0.802,0.6373333333333333,0.3333333333333333,0.0,0.588,0.412,-0.038,Premium High-Value,Premium Relationship Customer,Moderate Risk,Moderate Cross-Sell Opportunity,Priority 2
C000600,P005,Home Loan,Loan,Lending,0.082,500000,4,True,False,189099,475041,12257.96,61,11.7,0.504,5,0.802,0.6373333333333333,0.3333333333333333,0.0,0.588,0.412,-0.038,Premium High-Value,Premium Relationship Customer,Moderate Risk,Moderate Cross-Sell Opportunity,Priority 2
C000600,P006,Mutual Fund Plan,Investment,Wealth,0.1,10000,3,True,False,189099,475041,12257.96,61,11.7,0.504,5,0.802,0.6373333333333333,0.3333333333333333,0.0,0.588,0.412,-0.038,Premium High-Value,Premium Relationship Customer,Moderate Risk,Moderate Cross-Sell Opportunity,Priority 2
C000600,P007,Term Insurance,Insurance,Protection,0.0,500000,3,False,True,189099,475041,12257.96,61,11.7,0.504,5,0.802,0.6373333333333333,0.3333333333333333,0.0,0.588,0.412,-0.038,Premium High-Value,Premium Relationship Customer,Moderate Risk,Moderate Cross-Sell Opportunity,Priority 2
C000600,P008,Premium Banking,Banking,Premium,0.0,1000000,5,False,True,189099,475041,12257.96,61,11.7,0.504,5,0.802,0.6373333333333333,0.3333333333333333,0.0,0.588,0.412,-0.038,Premium High-Value,Premium Relationship Customer,Moderate Risk,Moderate Cross-Sell Opportunity,Priority 2
