customer_id,cluster_id,primary_segment,customer_persona,customer_value_score,value_band,transaction_intensity_score,transactional_behavior,digital_affinity_score,digital_affinity,engagement_level,relationship_status,relationship_depth,spending_behavior,marketing_response_score,marketing_responsiveness,cross_sell_score,cross_sell_opportunity,retention_risk_score,retention_risk,recommendation_readiness_score,recommendation_readiness,genai_priority_score,genai_targeting_priority,recommendation_context
C000001,3,Premium High-Value,Premium Digital Customer,0.6625,High,0.8208333333333333,Very High Transactional,0.7296,Highly Digital,Very High Engagement,Recently Active,Established Relationship,Growing Spender,0.5583333333333333,Responsive,0.6316616666666667,Moderate Cross-Sell Opportunity,0.08541666666666667,Low Risk,0.47123000000000004,Ready,0.609806,Priority 2,Premium High-Value | Premium Digital Customer | High Value | Highly Digital | Very High Transactional | Growing Spender | Established Relationship | Moderate Cross-Sell Opportunity | Low Risk | Ready
C000002,1,Core Active,Core Relationship Customer,0.19916666666666666,Low,0.36625,Moderate Transactional,0.5883999999999999,Digitally Active,High Engagement,Recently Active,Established Relationship,Growing Spender,0.0875,Unresponsive,0.44082166666666667,Low Cross-Sell Opportunity,0.20729166666666665,Low Risk,0.20334999999999995,Needs Nurturing,0.3097298333333333,Priority 3,Core Active | Core Relationship Customer | Low Value | Digitally Active | Moderate Transactional | Growing Spender | Established Relationship | Low Cross-Sell Opportunity | Low Risk | Needs Nurturing
C000003,1,Core Active,Core Relationship Customer,0.35316666666666663,Medium,0.4920833333333333,Moderate Transactional,0.4944,Digitally Active,High Engagement,Recently Active,Developing Relationship,Growing Spender,0.31,Low Response,0.5008050000000001,Moderate Cross-Sell Opportunity,0.33095833333333335,Low Risk,0.45289999999999997,Ready,0.44534566666666664,Priority 3,Core Active | Core Relationship Customer | Medium Value | Digitally Active | Moderate Transactional | Growing Spender | Developing Relationship | Moderate Cross-Sell Opportunity | Low Risk | Ready
C000004,3,Premium High-Value,Premium Digital Customer,0.8821666666666667,Very High,0.8108333333333333,Very High Transactional,0.753,Highly Digital,High Engagement,Recently Active,Established Relationship,Stable Spender,0.31,Low Response,0.6728416666666667,Moderate Cross-Sell Opportunity,0.1891666666666667,Low Risk,0.25444999999999995,Needs Nurturing,0.5408733333333333,Priority 2,Premium High-Value | Premium Digital Customer | Very High Value | Highly Digital | Very High Transactional | Stable Spender | Established Relationship | Moderate Cross-Sell Opportunity | Low Risk | Needs Nurturing
C000005,3,Premium High-Value,Premium Relationship Customer,0.8781666666666667,Very High,0.7841666666666667,Very High Transactional,0.5784,Digitally Active,Moderate Engagement,Active,Developing Relationship,Growing Spender,0.32499999999999996,Low Response,0.5979716666666667,Moderate Cross-Sell Opportunity,0.5122500000000001,Moderate Risk,0.4881,Ready,0.5469164999999999,Priority 2,Premium High-Value | Premium Relationship Customer | Very High Value | Digitally Active | Very High Transactional | Growing Spender | Developing Relationship | Moderate Cross-Sell Opportunity | Moderate Risk | Ready
C000006,1,Core Active,Core Relationship Customer,0.3570833333333333,Medium,0.54,High Transactional,0.6342,Digitally Active,High Engagement,Active,Established Relationship,Growing Spender,0.2333333333333333,Low Response,0.3862233333333333,Low Cross-Sell Opportunity,0.5114166666666666,Moderate Risk,0.18921,Low Readiness,0.31225699999999995,Priority 3,Core Active | Core Relationship Customer | Medium Value | Digitally Active | High Transactional | Growing Spender | Established Relationship | Low Cross-Sell Opportunity | Moderate Risk | Low Readiness
C000007,1,Core Active,Core Relationship Customer,0.6018333333333332,High,0.4525,Moderate Transactional,0.4054,Moderate Digital,Low Engagement,At Risk,Deep Relationship,Stable Spender,0.7333333333333333,Highly Responsive,0.33838833333333324,Low Cross-Sell Opportunity,0.8911666666666667,Critical Risk,0.53765,Ready,0.48375399999999996,Priority 3,Core Active | Core Relationship Customer | High Value | Moderate Digital | Moderate Transactional | Stable Spender | Deep Relationship | Low Cross-Sell Opportunity | Critical Risk | Ready
C000008,0,Dormant / Declining,Dormant Reactivation Target,0.07424999999999998,Low,0.03125,Low Transactional,0.14800000000000002,Low Digital,Low Engagement,Dormant,Developing Relationship,Stable Spender,0.09999999999999999,Unresponsive,0.22041666666666668,Low Cross-Sell Opportunity,0.834875,Critical Risk,0.46076666666666666,Ready,0.22896666666666665,Priority 4,Dormant / Declining | Dormant Reactivation Target | Low Value | Low Digital | Low Transactional | Stable Spender | Developing Relationship | Low Cross-Sell Opportunity | Critical Risk | Ready
C000009,1,Core Active,Core Relationship Customer,0.21691666666666667,Low,0.45625000000000004,Moderate Transactional,0.33020000000000005,Moderate Digital,High Engagement,Active,Established Relationship,Declining Spender,0.3083333333333333,Low Response,0.30422333333333335,Low Cross-Sell Opportunity,0.586125,High Risk,0.13378749999999998,Low Readiness,0.2603055416666667,Priority 4,Core Active | Core Relationship Customer | Low Value | Moderate Digital | Moderate Transactional | Declining Spender | Established Relationship | Low Cross-Sell Opportunity | High Risk | Low Readiness
C000010,1,Core Active,Core Relationship Customer,0.07158333333333333,Low,0.12166666666666667,Low Transactional,0.28759999999999997,Moderate Digital,Low Engagement,Active,Established Relationship,Declining Spender,0.0,Unresponsive,0.23465333333333332,Low Cross-Sell Opportunity,0.8289166666666667,Critical Risk,0.08267,Low Readiness,0.11890933333333331,Priority 4,Core Active | Core Relationship Customer | Low Value | Moderate Digital | Low Transactional | Declining Spender | Established Relationship | Low Cross-Sell Opportunity | Critical Risk | Low Readiness
C000011,1,Core Active,Core Digital Customer,0.20675,Low,0.16,Low Transactional,0.7196,Highly Digital,High Engagement,Active,Shallow Relationship,Declining Spender,0.5583333333333333,Responsive,0.5645533333333334,Moderate Cross-Sell Opportunity,0.5788333333333333,High Risk,0.31325,Needs Nurturing,0.43247433333333335,Priority 3,Core Active | Core Digital Customer | Low Value | Highly Digital | Low Transactional | Declining Spender | Shallow Relationship | Moderate Cross-Sell Opportunity | High Risk | Needs Nurturing
C000012,3,Premium High-Value,Premium Relationship Customer,0.8309166666666666,Very High,0.8641666666666666,Very High Transactional,0.6262,Digitally Active,Very High Engagement,Recently Active,Deep Relationship,Stable Spender,0.06999999999999999,Unresponsive,0.56794,Moderate Cross-Sell Opportunity,0.36341666666666667,Moderate Risk,0.5223199999999999,Ready,0.5032578333333333,Priority 2,Premium High-Value | Premium Relationship Customer | Very High Value | Digitally Active | Very High Transactional | Stable Spender | Deep Relationship | Moderate Cross-Sell Opportunity | Moderate Risk | Ready
C000013,3,Premium High-Value,Premium Digital Customer,0.5995833333333334,Medium,0.4808333333333333,Moderate Transactional,0.7284,Highly Digital,High Engagement,Recently Active,Established Relationship,Stable Spender,0.2916666666666667,Low Response,0.5700633333333334,Moderate Cross-Sell Opportunity,0.2725,Low Risk,0.6535,Highly Ready,0.5554148333333333,Priority 2,Premium High-Value | Premium Digital Customer | Medium Value | Highly Digital | Moderate Transactional | Stable Spender | Established Relationship | Moderate Cross-Sell Opportunity | Low Risk | Highly Ready
C000014,3,Premium High-Value,Premium Digital Customer,0.7510833333333332,High,0.84625,Very High Transactional,0.8286,Highly Digital,Very High Engagement,Active,Deep Relationship,Stable Spender,0.5499999999999999,Responsive,0.5340366666666666,Moderate Cross-Sell Opportunity,0.4810416666666667,Moderate Risk,0.5725874999999999,Ready,0.5779162083333332,Priority 2,Premium High-Value | Premium Digital Customer | High Value | Highly Digital | Very High Transactional | Stable Spender | Deep Relationship | Moderate Cross-Sell Opportunity | Moderate Risk | Ready
C000015,1,Core Active,Core Digital Customer,0.14266666666666666,Low,0.2245833333333333,Low Transactional,0.7744,Highly Digital,High Engagement,Active,Shallow Relationship,Stable Spender,0.44999999999999996,Responsive,0.5423549999999999,Moderate Cross-Sell Opportunity,0.6294583333333333,High Risk,0.20492499999999997,Needs Nurturing,0.36239191666666665,Priority 3,Core Active | Core Digital Customer | Low Value | Highly Digital | Low Transactional | Stable Spender | Shallow Relationship | Moderate Cross-Sell Opportunity | High Risk | Needs Nurturing
C000016,1,Core Active,Core Relationship Customer,0.2915,Low,0.38708333333333333,Moderate Transactional,0.5731999999999999,Digitally Active,High Engagement,Recently Active,Developing Relationship,Growing Spender,0.06999999999999999,Unresponsive,0.505115,Moderate Cross-Sell Opportunity,0.28529166666666667,Low Risk,0.6146166666666666,Ready,0.4343845,Priority 3,Core Active | Core Relationship Customer | Low Value | Digitally Active | Moderate Transactional | Growing Spender | Developing Relationship | Moderate Cross-Sell Opportunity | Low Risk | Ready
C000017,0,Dormant / Declining,Dormant Reactivation Target,0.20616666666666666,Low,0.07708333333333334,Low Transactional,0.103,Low Digital,Low Engagement,Dormant,Shallow Relationship,Declining Spender,0.0,Unresponsive,0.3341416666666667,Low Cross-Sell Opportunity,0.9697083333333334,Critical Risk,0.25392499999999996,Needs Nurturing,0.19767791666666668,Priority 4,Dormant / Declining | Dormant Reactivation Target | Low Value | Low Digital | Low Transactional | Declining Spender | Shallow Relationship | Low Cross-Sell Opportunity | Critical Risk | Needs Nurturing
C000018,3,Premium High-Value,Premium Relationship Customer,0.7812500000000001,High,0.6595833333333334,High Transactional,0.38739999999999997,Moderate Digital,High Engagement,Active,Developing Relationship,Declining Spender,0.38749999999999996,Responsive,0.5855633333333334,Moderate Cross-Sell Opportunity,0.5757916666666667,High Risk,0.2506,Needs Nurturing,0.47542733333333337,Priority 3,Premium High-Value | Premium Relationship Customer | High Value | Moderate Digital | High Transactional | Declining Spender | Developing Relationship | Moderate Cross-Sell Opportunity | High Risk | Needs Nurturing
C000019,2,At Risk,At-Risk Declining Customer,0.4681666666666666,Medium,0.26416666666666666,Moderate Transactional,0.5376000000000001,Digitally Active,Moderate Engagement,At Risk,Shallow Relationship,Declining Spender,0.475,Responsive,0.5407116666666667,Moderate Cross-Sell Opportunity,0.8686666666666667,Critical Risk,0.14734999999999998,Low Readiness,0.3774093333333333,Priority 3,At Risk | At-Risk Declining Customer | Medium Value | Digitally Active | Moderate Transactional | Declining Spender | Shallow Relationship | Moderate Cross-Sell Opportunity | Critical Risk | Low Readiness
C000020,1,Core Active,Core Digital Customer,0.34991666666666665,Low,0.42374999999999996,Moderate Transactional,0.7194,Highly Digital,High Engagement,Active,Established Relationship,Stable Spender,0.6791666666666667,Highly Responsive,0.42111333333333334,Low Cross-Sell Opportunity,0.42695833333333333,Moderate Risk,0.56551,Ready,0.5133365000000001,Priority 2,Core Active | Core Digital Customer | Low Value | Highly Digital | Moderate Transactional | Stable Spender | Established Relationship | Low Cross-Sell Opportunity | Moderate Risk | Ready
C000021,1,Core Active,Core Relationship Customer,0.449,Medium,0.5820833333333333,High Transactional,0.46199999999999997,Digitally Active,High Engagement,Recently Active,Developing Relationship,Declining Spender,0.175,Low Response,0.5315916666666667,Moderate Cross-Sell Opportunity,0.39945833333333336,Moderate Risk,0.28805,Needs Nurturing,0.3938941666666666,Priority 3,Core Active | Core Relationship Customer | Medium Value | Digitally Active | High Transactional | Declining Spender | Developing Relationship | Moderate Cross-Sell Opportunity | Moderate Risk | Needs Nurturing
C000022,2,At Risk,At-Risk Engagement Customer,0.03150000000000001,Low,0.05666666666666667,Low Transactional,0.3758,Moderate Digital,Low Engagement,At Risk,Shallow Relationship,Stable Spender,0.11666666666666665,Unresponsive,0.34400166666666665,Low Cross-Sell Opportunity,0.7789999999999999,Critical Risk,0.10231666666666664,Low Readiness,0.178938,Priority 4,At Risk | At-Risk Engagement Customer | Low Value | Moderate Digital | Low Transactional | Stable Spender | Shallow Relationship | Low Cross-Sell Opportunity | Critical Risk | Low Readiness
C000023,3,Premium High-Value,Premium Relationship Customer,0.6571666666666667,High,0.66875,High Transactional,0.6376,Digitally Active,Very High Engagement,Recently Active,Developing Relationship,Growing Spender,0.43999999999999995,Responsive,0.659395,Moderate Cross-Sell Opportunity,0.14945833333333336,Low Risk,0.51811,Ready,0.5989751666666666,Priority 2,Premium High-Value | Premium Relationship Customer | High Value | Digitally Active | High Transactional | Growing Spender | Developing Relationship | Moderate Cross-Sell Opportunity | Low Risk | Ready
C000024,3,Premium High-Value,Premium Digital Customer,0.9354166666666667,Very High,0.9754166666666666,Very High Transactional,0.7594000000000001,Highly Digital,Very High Engagement,Active,Deep Relationship,Growing Spender,0.31,Low Response,0.5897466666666666,Moderate Cross-Sell Opportunity,0.31845833333333334,Low Risk,0.42035,Ready,0.5524781666666666,Priority 2,Premium High-Value | Premium Digital Customer | Very High Value | Highly Digital | Very High Transactional | Growing Spender | Deep Relationship | Moderate Cross-Sell Opportunity | Low Risk | Ready
C000025,1,Core Active,Core Relationship Customer,0.6010833333333333,High,0.7304166666666667,High Transactional,0.583,Digitally Active,High Engagement,Recently Active,Shallow Relationship,Stable Spender,0.0,Unresponsive,0.6581833333333333,Moderate Cross-Sell Opportunity,0.44004166666666666,Moderate Risk,0.23231249999999998,Needs Nurturing,0.4016914583333333,Priority 3,Core Active | Core Relationship Customer | High Value | Digitally Active | High Transactional | Stable Spender | Shallow Relationship | Moderate Cross-Sell Opportunity | Moderate Risk | Needs Nurturing
C000026,3,Premium High-Value,Premium Digital Customer,0.9624166666666667,Very High,0.89375,Very High Transactional,0.8074000000000001,Highly Digital,High Engagement,Recently Active,Established Relationship,Stable Spender,0.7742857142857142,Highly Responsive,0.6503966666666667,Moderate Cross-Sell Opportunity,0.40112499999999995,Moderate Risk,0.37905,Needs Nurturing,0.6489886428571429,Priority 2,Premium High-Value | Premium Digital Customer | Very High Value | Highly Digital | Very High Transactional | Stable Spender | Established Relationship | Moderate Cross-Sell Opportunity | Moderate Risk | Needs Nurturing
C000027,2,At Risk,At-Risk Declining Customer,0.44908333333333333,Medium,0.38208333333333333,Moderate Transactional,0.309,Moderate Digital,Low Engagement,At Risk,Shallow Relationship,Declining Spender,0.0,Unresponsive,0.45389999999999997,Moderate Cross-Sell Opportunity,0.9325416666666667,Critical Risk,0.5623833333333333,Ready,0.35087416666666665,Priority 3,At Risk | At-Risk Declining Customer | Medium Value | Moderate Digital | Moderate Transactional | Declining Spender | Shallow Relationship | Moderate Cross-Sell Opportunity | Critical Risk | Ready
C000028,3,Premium High-Value,Premium Digital Customer,0.9074166666666665,Very High,0.7970833333333333,Very High Transactional,0.7932,Highly Digital,Very High Engagement,Active,Established Relationship,Growing Spender,0.5249999999999999,Responsive,0.6753566666666665,Moderate Cross-Sell Opportunity,0.272125,Low Risk,0.5723625,Ready,0.659597625,Priority 2,Premium High-Value | Premium Digital Customer | Very High Value | Highly Digital | Very High Transactional | Growing Spender | Established Relationship | Moderate Cross-Sell Opportunity | Low Risk | Ready
C000029,1,Core Active,Core Relationship Customer,0.6393333333333333,High,0.42916666666666664,Moderate Transactional,0.4742,Digitally Active,High Engagement,Active,Developing Relationship,Declining Spender,0.175,Low Response,0.5435650000000001,Moderate Cross-Sell Opportunity,0.6920000000000001,High Risk,0.3521875,Needs Nurturing,0.41281637499999996,Priority 3,Core Active | Core Relationship Customer | High Value | Digitally Active | Moderate Transactional | Declining Spender | Developing Relationship | Moderate Cross-Sell Opportunity | High Risk | Needs Nurturing
C000030,2,At Risk,At-Risk Declining Customer,0.31083333333333335,Low,0.15166666666666667,Low Transactional,0.2014,Low Digital,Low Engagement,At Risk,Established Relationship,Declining Spender,0.06999999999999999,Unresponsive,0.24773833333333334,Low Cross-Sell Opportunity,0.9711666666666667,Critical Risk,0.1953875,Low Readiness,0.18667670833333333,Priority 4,At Risk | At-Risk Declining Customer | Low Value | Low Digital | Low Transactional | Declining Spender | Established Relationship | Low Cross-Sell Opportunity | Critical Risk | Low Readiness
C000031,2,At Risk,At-Risk Engagement Customer,0.44749999999999995,Medium,0.2416666666666667,Low Transactional,0.36019999999999996,Moderate Digital,Low Engagement,At Risk,Shallow Relationship,Stable Spender,0.2333333333333333,Low Response,0.47614833333333334,Moderate Cross-Sell Opportunity,0.8938333333333334,Critical Risk,0.0940333333333333,Low Readiness,0.2907611666666666,Priority 4,At Risk | At-Risk Engagement Customer | Medium Value | Moderate Digital | Low Transactional | Stable Spender | Shallow Relationship | Moderate Cross-Sell Opportunity | Critical Risk | Low Readiness
C000032,1,Core Active,Core Relationship Customer,0.336,Low,0.19791666666666669,Low Transactional,0.6911999999999999,Digitally Active,Moderate Engagement,Active,Shallow Relationship,Stable Spender,0.32499999999999996,Low Response,0.569515,Moderate Cross-Sell Opportunity,0.710875,High Risk,0.161,Low Readiness,0.355417,Priority 3,Core Active | Core Relationship Customer | Low Value | Digitally Active | Low Transactional | Stable Spender | Shallow Relationship | Moderate Cross-Sell Opportunity | High Risk | Low Readiness
C000033,2,At Risk,At-Risk Engagement Customer,0.06775,Low,0.13083333333333333,Low Transactional,0.37760000000000005,Moderate Digital,Low Engagement,At Risk,Shallow Relationship,Stable Spender,0.0,Unresponsive,0.35432,Low Cross-Sell Opportunity,0.9248333333333334,Critical Risk,0.13798749999999999,Low Readiness,0.15847204166666665,Priority 4,At Risk | At-Risk Engagement Customer | Low Value | Moderate Digital | Low Transactional | Stable Spender | Shallow Relationship | Low Cross-Sell Opportunity | Critical Risk | Low Readiness
C000034,1,Core Active,Core Relationship Customer,0.6060833333333333,High,0.69,High Transactional,0.4312,Moderate Digital,Moderate Engagement,Active,Established Relationship,Stable Spender,0.2333333333333333,Low Response,0.41754,Low Cross-Sell Opportunity,0.59675,High Risk,0.18042499999999997,Low Readiness,0.34827241666666664,Priority 3,Core Active | Core Relationship Customer | High Value | Moderate Digital | High Transactional | Stable Spender | Established Relationship | Low Cross-Sell Opportunity | High Risk | Low Readiness
C000035,1,Core Active,Core Relationship Customer,0.3764166666666667,Medium,0.38583333333333336,Moderate Transactional,0.6086,Digitally Active,High Engagement,Recently Active,Developing Relationship,Declining Spender,0.11666666666666665,Unresponsive,0.5554533333333334,Moderate Cross-Sell Opportunity,0.43366666666666664,Moderate Risk,0.1524833333333333,Low Readiness,0.341186,Priority 3,Core Active | Core Relationship Customer | Medium Value | Digitally Active | Moderate Transactional | Declining Spender | Developing Relationship | Moderate Cross-Sell Opportunity | Moderate Risk | Low Readiness
C000036,1,Core Active,Core Relationship Customer,0.2510833333333333,Low,0.19208333333333333,Low Transactional,0.5963999999999999,Digitally Active,High Engagement,Active,Developing Relationship,Stable Spender,0.06999999999999999,Unresponsive,0.4874966666666667,Moderate Cross-Sell Opportunity,0.416125,Moderate Risk,0.3474625,Needs Nurturing,0.34316462499999995,Priority 3,Core Active | Core Relationship Customer | Low Value | Digitally Active | Low Transactional | Stable Spender | Developing Relationship | Moderate Cross-Sell Opportunity | Moderate Risk | Needs Nurturing
C000037,1,Core Active,Core Digital Customer,0.5526666666666668,Medium,0.8258333333333333,Very High Transactional,0.7394000000000001,Highly Digital,High Engagement,Active,Shallow Relationship,Stable Spender,0.5583333333333333,Responsive,0.6539383333333334,Moderate Cross-Sell Opportunity,0.35074999999999995,Moderate Risk,0.23414999999999997,Needs Nurturing,0.5142106666666668,Priority 2,Core Active | Core Digital Customer | Medium Value | Highly Digital | Very High Transactional | Stable Spender | Shallow Relationship | Moderate Cross-Sell Opportunity | Moderate Risk | Needs Nurturing
C000038,1,Core Active,Core Digital Customer,0.48074999999999996,Medium,0.49666666666666665,Moderate Transactional,0.8035999999999999,Highly Digital,Very High Engagement,Active,Shallow Relationship,Stable Spender,0.7374999999999999,Highly Responsive,0.6551533333333334,Moderate Cross-Sell Opportunity,0.38783333333333325,Moderate Risk,0.26165999999999995,Needs Nurturing,0.5427901666666667,Priority 2,Core Active | Core Digital Customer | Medium Value | Highly Digital | Moderate Transactional | Stable Spender | Shallow Relationship | Moderate Cross-Sell Opportunity | Moderate Risk | Needs Nurturing
C000039,1,Core Active,Core Relationship Customer,0.5719166666666666,Medium,0.4458333333333334,Moderate Transactional,0.38320000000000004,Moderate Digital,Moderate Engagement,Active,Developing Relationship,Growing Spender,0.32499999999999996,Low Response,0.5162066666666667,Moderate Cross-Sell Opportunity,0.4796666666666667,Moderate Risk,0.6167166666666666,Ready,0.511862,Priority 2,Core Active | Core Relationship Customer | Medium Value | Moderate Digital | Moderate Transactional | Growing Spender | Developing Relationship | Moderate Cross-Sell Opportunity | Moderate Risk | Ready
C000040,1,Core Active,Core Digital Customer,0.21550000000000002,Low,0.5529166666666667,High Transactional,0.702,Highly Digital,High Engagement,Active,Established Relationship,Declining Spender,0.3583333333333333,Responsive,0.3990916666666667,Low Cross-Sell Opportunity,0.6349583333333333,High Risk,0.2811375,Needs Nurturing,0.3305077083333333,Priority 3,Core Active | Core Digital Customer | Low Value | Highly Digital | High Transactional | Declining Spender | Established Relationship | Low Cross-Sell Opportunity | High Risk | Needs Nurturing
C000041,1,Core Active,Core Relationship Customer,0.2618333333333333,Low,0.2641666666666667,Moderate Transactional,0.4072,Moderate Digital,Moderate Engagement,Recently Active,Shallow Relationship,Stable Spender,0.0,Unresponsive,0.534265,Moderate Cross-Sell Opportunity,0.366,Moderate Risk,0.4995,Ready,0.3878295,Priority 3,Core Active | Core Relationship Customer | Low Value | Moderate Digital | Moderate Transactional | Stable Spender | Shallow Relationship | Moderate Cross-Sell Opportunity | Moderate Risk | Ready
C000042,3,Premium High-Value,Premium Relationship Customer,0.7991666666666667,High,0.6591666666666667,High Transactional,0.6464000000000001,Digitally Active,High Engagement,Recently Active,Deep Relationship,Stable Spender,0.175,Low Response,0.5482716666666667,Moderate Cross-Sell Opportunity,0.4500833333333334,Moderate Risk,0.4001375,Ready,0.47438254166666666,Priority 3,Premium High-Value | Premium Relationship Customer | High Value | Digitally Active | High Transactional | Stable Spender | Deep Relationship | Moderate Cross-Sell Opportunity | Moderate Risk | Ready
C000043,1,Core Active,Core Relationship Customer,0.7474999999999998,High,0.6962499999999999,High Transactional,0.5788,Digitally Active,Moderate Engagement,Recently Active,Developing Relationship,Stable Spender,0.26249999999999996,Low Response,0.6325350000000001,Moderate Cross-Sell Opportunity,0.44695833333333335,Moderate Risk,0.30113999999999996,Needs Nurturing,0.48497466666666667,Priority 3,Core Active | Core Relationship Customer | High Value | Digitally Active | High Transactional | Stable Spender | Developing Relationship | Moderate Cross-Sell Opportunity | Moderate Risk | Needs Nurturing
C000044,3,Premium High-Value,Premium Digital Customer,0.8854166666666665,Very High,0.8933333333333333,Very High Transactional,0.8356,Highly Digital,Very High Engagement,Active,Deep Relationship,Stable Spender,0.675,Highly Responsive,0.6290366666666667,Moderate Cross-Sell Opportunity,0.44966666666666666,Moderate Risk,0.30117499999999997,Needs Nurturing,0.5868505833333334,Priority 2,Premium High-Value | Premium Digital Customer | Very High Value | Highly Digital | Very High Transactional | Stable Spender | Deep Relationship | Moderate Cross-Sell Opportunity | Moderate Risk | Needs Nurturing
C000045,1,Core Active,Core Relationship Customer,0.41683333333333333,Medium,0.5541666666666667,High Transactional,0.5038,Digitally Active,High Engagement,Recently Active,Developing Relationship,Stable Spender,0.41,Responsive,0.5621183333333334,Moderate Cross-Sell Opportunity,0.2876666666666666,Low Risk,0.512775,Ready,0.5125875833333334,Priority 2,Core Active | Core Relationship Customer | Medium Value | Digitally Active | High Transactional | Stable Spender | Developing Relationship | Moderate Cross-Sell Opportunity | Low Risk | Ready
C000046,3,Premium High-Value,Premium Relationship Customer,0.74875,High,0.6566666666666666,High Transactional,0.45299999999999996,Digitally Active,High Engagement,Active,Established Relationship,Declining Spender,0.5666666666666667,Responsive,0.5288666666666667,Moderate Cross-Sell Opportunity,0.5135000000000001,Moderate Risk,0.5425,Ready,0.5685808333333333,Priority 2,Premium High-Value | Premium Relationship Customer | High Value | Digitally Active | High Transactional | Declining Spender | Established Relationship | Moderate Cross-Sell Opportunity | Moderate Risk | Ready
C000047,1,Core Active,Core Relationship Customer,0.541625,Medium,0.45583333333333337,Moderate Transactional,0.6117999999999999,Digitally Active,Moderate Engagement,Active,Developing Relationship,Stable Spender,0.6166666666666667,Highly Responsive,0.5432891666666667,Moderate Cross-Sell Opportunity,0.5135000000000001,Moderate Risk,0.4275833333333333,Ready,0.5231096666666667,Priority 2,Core Active | Core Relationship Customer | Medium Value | Digitally Active | Moderate Transactional | Stable Spender | Developing Relationship | Moderate Cross-Sell Opportunity | Moderate Risk | Ready
C000048,1,Core Active,Core Relationship Customer,0.248,Low,0.19875,Low Transactional,0.5768,Digitally Active,Moderate Engagement,Recently Active,Shallow Relationship,Stable Spender,0.59,Responsive,0.5755016666666666,Moderate Cross-Sell Opportunity,0.3282916666666667,Low Risk,0.27124999999999994,Needs Nurturing,0.4628338333333333,Priority 3,Core Active | Core Relationship Customer | Low Value | Digitally Active | Low Transactional | Stable Spender | Shallow Relationship | Moderate Cross-Sell Opportunity | Low Risk | Needs Nurturing
C000049,3,Premium High-Value,Premium Relationship Customer,0.6624166666666667,High,0.8066666666666665,Very High Transactional,0.6294,Digitally Active,Very High Engagement,Active,Established Relationship,Growing Spender,0.19999999999999998,Low Response,0.4931133333333333,Moderate Cross-Sell Opportunity,0.4056666666666667,Moderate Risk,0.5084333333333333,Ready,0.47383816666666656,Priority 3,Premium High-Value | Premium Relationship Customer | High Value | Digitally Active | Very High Transactional | Growing Spender | Established Relationship | Moderate Cross-Sell Opportunity | Moderate Risk | Ready
C000050,1,Core Active,Core Relationship Customer,0.14466666666666667,Low,0.17583333333333334,Low Transactional,0.3336,Moderate Digital,High Engagement,Active,Developing Relationship,Declining Spender,0.37,Responsive,0.4058616666666667,Low Cross-Sell Opportunity,0.5751666666666667,High Risk,0.28153999999999996,Needs Nurturing,0.3303268333333333,Priority 3,Core Active | Core Relationship Customer | Low Value | Moderate Digital | Low Transactional | Declining Spender | Developing Relationship | Low Cross-Sell Opportunity | High Risk | Needs Nurturing
C000051,1,Core Active,Core Relationship Customer,0.6104166666666666,High,0.5154166666666666,High Transactional,0.564,Digitally Active,High Engagement,Active,Established Relationship,Declining Spender,0.31,Low Response,0.4920833333333333,Moderate Cross-Sell Opportunity,0.6550416666666666,High Risk,0.2471,Needs Nurturing,0.3974583333333333,Priority 3,Core Active | Core Relationship Customer | High Value | Digitally Active | High Transactional | Declining Spender | Established Relationship | Moderate Cross-Sell Opportunity | High Risk | Needs Nurturing
C000052,1,Core Active,Core Relationship Customer,0.07783333333333334,Low,0.17333333333333334,Low Transactional,0.5538,Digitally Active,Moderate Engagement,Active,Shallow Relationship,Stable Spender,0.41666666666666663,Responsive,0.438435,Low Cross-Sell Opportunity,0.6493333333333333,High Risk,0.4465199999999999,Ready,0.3732355,Priority 3,Core Active | Core Relationship Customer | Low Value | Digitally Active | Low Transactional | Stable Spender | Shallow Relationship | Low Cross-Sell Opportunity | High Risk | Ready
C000053,1,Core Active,Core Relationship Customer,0.4404166666666667,Medium,0.6325000000000001,High Transactional,0.6164000000000001,Digitally Active,Very High Engagement,Recently Active,Developing Relationship,Growing Spender,0.72,Highly Responsive,0.5973133333333333,Moderate Cross-Sell Opportunity,0.10566666666666669,Low Risk,0.53828,Ready,0.6132598333333333,Priority 2,Core Active | Core Relationship Customer | Medium Value | Digitally Active | High Transactional | Growing Spender | Developing Relationship | Moderate Cross-Sell Opportunity | Low Risk | Ready
C000054,3,Premium High-Value,Premium Relationship Customer,0.6697500000000001,High,0.7495833333333333,High Transactional,0.6619999999999999,Digitally Active,High Engagement,Active,Developing Relationship,Stable Spender,0.21,Low Response,0.62295,Moderate Cross-Sell Opportunity,0.45629166666666665,Moderate Risk,0.15656666666666666,Low Readiness,0.42286,Priority 3,Premium High-Value | Premium Relationship Customer | High Value | Digitally Active | High Transactional | Stable Spender | Developing Relationship | Moderate Cross-Sell Opportunity | Moderate Risk | Low Readiness
C000055,3,Premium High-Value,Premium Digital Customer,0.53425,Medium,0.6341666666666667,High Transactional,0.7706,Highly Digital,Very High Engagement,Active,Developing Relationship,Growing Spender,0.7124999999999999,Highly Responsive,0.6197866666666667,Moderate Cross-Sell Opportunity,0.28858333333333336,Low Risk,0.6218374999999999,Ready,0.6351745416666666,Priority 2,Premium High-Value | Premium Digital Customer | Medium Value | Highly Digital | High Transactional | Growing Spender | Developing Relationship | Moderate Cross-Sell Opportunity | Low Risk | Ready
C000056,1,Core Active,Core Relationship Customer,0.4103333333333333,Medium,0.5183333333333333,High Transactional,0.614,Digitally Active,High Engagement,Recently Active,Developing Relationship,Stable Spender,0.5049999999999999,Responsive,0.5770583333333333,Moderate Cross-Sell Opportunity,0.1729166666666667,Low Risk,0.493525,Ready,0.5417570833333334,Priority 2,Core Active | Core Relationship Customer | Medium Value | Digitally Active | High Transactional | Stable Spender | Developing Relationship | Moderate Cross-Sell Opportunity | Low Risk | Ready
C000057,1,Core Active,Core Relationship Customer,0.423,Medium,0.2833333333333333,Moderate Transactional,0.6943999999999999,Digitally Active,Moderate Engagement,Active,Developing Relationship,Stable Spender,0.0875,Unresponsive,0.5050049999999999,Moderate Cross-Sell Opportunity,0.6150833333333334,High Risk,0.26291999999999993,Needs Nurturing,0.3366731666666666,Priority 3,Core Active | Core Relationship Customer | Medium Value | Digitally Active | Moderate Transactional | Stable Spender | Developing Relationship | Moderate Cross-Sell Opportunity | High Risk | Needs Nurturing
C000058,1,Core Active,Core Relationship Customer,0.12966666666666668,Low,0.16166666666666668,Low Transactional,0.6175999999999999,Digitally Active,High Engagement,Active,Established Relationship,Declining Spender,0.11666666666666665,Unresponsive,0.37351166666666663,Low Cross-Sell Opportunity,0.6721666666666667,High Risk,0.1265833333333333,Low Readiness,0.219266,Priority 4,Core Active | Core Relationship Customer | Low Value | Digitally Active | Low Transactional | Declining Spender | Established Relationship | Low Cross-Sell Opportunity | High Risk | Low Readiness
C000059,1,Core Active,Core Digital Customer,0.47875,Medium,0.6820833333333334,High Transactional,0.9136,Highly Digital,Very High Engagement,Active,Established Relationship,Stable Spender,0.5499999999999999,Responsive,0.5795199999999999,Moderate Cross-Sell Opportunity,0.3807916666666667,Moderate Risk,0.137725,Low Readiness,0.4520205833333333,Priority 3,Core Active | Core Digital Customer | Medium Value | Highly Digital | High Transactional | Stable Spender | Established Relationship | Moderate Cross-Sell Opportunity | Moderate Risk | Low Readiness
C000060,1,Core Active,Core Relationship Customer,0.6105833333333334,High,0.6120833333333333,High Transactional,0.612,Digitally Active,High Engagement,Active,Established Relationship,Declining Spender,0.6399999999999999,Highly Responsive,0.5178833333333334,Moderate Cross-Sell Opportunity,0.5962083333333333,High Risk,0.25549999999999995,Needs Nurturing,0.47920666666666667,Priority 3,Core Active | Core Relationship Customer | High Value | Digitally Active | High Transactional | Declining Spender | Established Relationship | Moderate Cross-Sell Opportunity | High Risk | Needs Nurturing
C000061,2,At Risk,At-Risk Engagement Customer,0.127,Low,0.11791666666666666,Low Transactional,0.4508,Digitally Active,Moderate Engagement,At Risk,Shallow Relationship,Stable Spender,0.49,Responsive,0.41738500000000006,Low Cross-Sell Opportunity,0.7374583333333333,High Risk,0.47380999999999995,Ready,0.3869721666666667,Priority 3,At Risk | At-Risk Engagement Customer | Low Value | Digitally Active | Low Transactional | Stable Spender | Shallow Relationship | Low Cross-Sell Opportunity | High Risk | Ready
C000062,3,Premium High-Value,Premium Digital Customer,0.8979999999999998,Very High,0.8816666666666666,Very High Transactional,0.826,Highly Digital,High Engagement,Active,Shallow Relationship,Stable Spender,0.41666666666666663,Responsive,0.7500583333333333,High Cross-Sell Opportunity,0.6051666666666667,High Risk,0.35035,Needs Nurturing,0.5701216666666665,Priority 2,Premium High-Value | Premium Digital Customer | Very High Value | Highly Digital | Very High Transactional | Stable Spender | Shallow Relationship | High Cross-Sell Opportunity | High Risk | Needs Nurturing
C000063,1,Core Active,Core Relationship Customer,0.56375,Medium,0.6720833333333334,High Transactional,0.5092000000000001,Digitally Active,High Engagement,Active,Deep Relationship,Stable Spender,0.0,Unresponsive,0.45432333333333336,Moderate Cross-Sell Opportunity,0.411625,Moderate Risk,0.1374333333333333,Low Readiness,0.3140553333333333,Priority 3,Core Active | Core Relationship Customer | Medium Value | Digitally Active | High Transactional | Stable Spender | Deep Relationship | Moderate Cross-Sell Opportunity | Moderate Risk | Low Readiness
C000064,1,Core Active,Core Relationship Customer,0.4471666666666667,Medium,0.3258333333333333,Moderate Transactional,0.6022,Digitally Active,High Engagement,Recently Active,Shallow Relationship,Growing Spender,0.6583333333333332,Highly Responsive,0.6506983333333334,Moderate Cross-Sell Opportunity,0.26016666666666666,Low Risk,0.29551666666666665,Needs Nurturing,0.5418136666666666,Priority 2,Core Active | Core Relationship Customer | Medium Value | Digitally Active | Moderate Transactional | Growing Spender | Shallow Relationship | Moderate Cross-Sell Opportunity | Low Risk | Needs Nurturing
C000065,1,Core Active,Core Digital Customer,0.145,Low,0.17208333333333334,Low Transactional,0.8019999999999999,Highly Digital,High Engagement,Recently Active,Shallow Relationship,Stable Spender,0.32499999999999996,Low Response,0.5912416666666667,Moderate Cross-Sell Opportunity,0.457125,Moderate Risk,0.21216999999999997,Needs Nurturing,0.37145249999999996,Priority 3,Core Active | Core Digital Customer | Low Value | Highly Digital | Low Transactional | Stable Spender | Shallow Relationship | Moderate Cross-Sell Opportunity | Moderate Risk | Needs Nurturing
C000066,1,Core Active,Core Relationship Customer,0.34475,Low,0.12083333333333333,Low Transactional,0.4034,Moderate Digital,Moderate Engagement,Active,Shallow Relationship,Stable Spender,0.21,Low Response,0.4746633333333334,Moderate Cross-Sell Opportunity,0.6931666666666667,High Risk,0.5411499999999999,Ready,0.40208233333333326,Priority 3,Core Active | Core Relationship Customer | Low Value | Moderate Digital | Low Transactional | Stable Spender | Shallow Relationship | Moderate Cross-Sell Opportunity | High Risk | Ready
C000067,2,At Risk,At-Risk Declining Customer,0.14883333333333332,Low,0.025,Low Transactional,0.3286,Moderate Digital,Moderate Engagement,Dormant,Shallow Relationship,Declining Spender,0.35,Responsive,0.38571166666666673,Low Cross-Sell Opportunity,0.9455,Critical Risk,0.09015999999999999,Low Readiness,0.23602849999999997,Priority 4,At Risk | At-Risk Declining Customer | Low Value | Moderate Digital | Low Transactional | Declining Spender | Shallow Relationship | Low Cross-Sell Opportunity | Critical Risk | Low Readiness
C000068,3,Premium High-Value,Premium Relationship Customer,0.5919166666666666,Medium,0.8270833333333332,Very High Transactional,0.608,Digitally Active,High Engagement,Active,Deep Relationship,Stable Spender,0.5916666666666667,Responsive,0.43166666666666664,Low Cross-Sell Opportunity,0.5120416666666667,Moderate Risk,0.11278749999999998,Low Readiness,0.4136135416666666,Priority 3,Premium High-Value | Premium Relationship Customer | Medium Value | Digitally Active | Very High Transactional | Stable Spender | Deep Relationship | Low Cross-Sell Opportunity | Moderate Risk | Low Readiness
C000069,3,Premium High-Value,Premium Relationship Customer,0.855,Very High,0.8508333333333333,Very High Transactional,0.5958,Digitally Active,High Engagement,Active,Deep Relationship,Growing Spender,0.27499999999999997,Low Response,0.5014016666666666,Moderate Cross-Sell Opportunity,0.4463333333333333,Moderate Risk,0.20544999999999997,Needs Nurturing,0.44039966666666663,Priority 3,Premium High-Value | Premium Relationship Customer | Very High Value | Digitally Active | Very High Transactional | Growing Spender | Deep Relationship | Moderate Cross-Sell Opportunity | Moderate Risk | Needs Nurturing
C000070,3,Premium High-Value,Premium Digital Customer,0.7174166666666666,High,0.7458333333333333,High Transactional,0.7223999999999999,Highly Digital,High Engagement,Recently Active,Developing Relationship,Declining Spender,0.27499999999999997,Low Response,0.69323,Moderate Cross-Sell Opportunity,0.275,Low Risk,0.65455,Highly Ready,0.6067189999999999,Priority 2,Premium High-Value | Premium Digital Customer | High Value | Highly Digital | High Transactional | Declining Spender | Developing Relationship | Moderate Cross-Sell Opportunity | Low Risk | Highly Ready
C000071,1,Core Active,Core Relationship Customer,0.20991666666666664,Low,0.3754166666666667,Moderate Transactional,0.4156,Moderate Digital,Moderate Engagement,Recently Active,Shallow Relationship,Stable Spender,0.6499999999999999,Highly Responsive,0.5183866666666667,Moderate Cross-Sell Opportunity,0.4816250000000001,Moderate Risk,0.04305,Low Readiness,0.3796035,Priority 3,Core Active | Core Relationship Customer | Low Value | Moderate Digital | Moderate Transactional | Stable Spender | Shallow Relationship | Moderate Cross-Sell Opportunity | Moderate Risk | Low Readiness
C000072,3,Premium High-Value,Premium Relationship Customer,0.9833333333333334,Very High,0.9783333333333334,Very High Transactional,0.6148,Digitally Active,High Engagement,At Risk,Established Relationship,Stable Spender,0.7666666666666666,Highly Responsive,0.5875683333333334,Moderate Cross-Sell Opportunity,0.47791666666666666,Moderate Risk,0.691125,Highly Ready,0.7020934166666666,Priority 2,Premium High-Value | Premium Relationship Customer | Very High Value | Digitally Active | Very High Transactional | Stable Spender | Established Relationship | Moderate Cross-Sell Opportunity | Moderate Risk | Highly Ready
C000073,1,Core Active,Core Relationship Customer,0.27875,Low,0.265,Moderate Transactional,0.29560000000000003,Moderate Digital,High Engagement,At Risk,Established Relationship,Stable Spender,0.0875,Unresponsive,0.31657,Low Cross-Sell Opportunity,0.6656666666666666,High Risk,0.39808,Needs Nurturing,0.2872368333333333,Priority 4,Core Active | Core Relationship Customer | Low Value | Moderate Digital | Moderate Transactional | Stable Spender | Established Relationship | Low Cross-Sell Opportunity | High Risk | Needs Nurturing
C000074,3,Premium High-Value,Premium Digital Customer,0.8672499999999999,Very High,0.8533333333333333,Very High Transactional,0.8602000000000001,Highly Digital,Very High Engagement,Active,Deep Relationship,Declining Spender,0.42999999999999994,Responsive,0.6009566666666666,Moderate Cross-Sell Opportunity,0.381,Moderate Risk,0.41019999999999995,Ready,0.5608245,Priority 2,Premium High-Value | Premium Digital Customer | Very High Value | Highly Digital | Very High Transactional | Declining Spender | Deep Relationship | Moderate Cross-Sell Opportunity | Moderate Risk | Ready
C000075,3,Premium High-Value,Premium Cross-Sell Opportunity,0.8300000000000001,Very High,0.8358333333333334,Very High Transactional,0.631,Digitally Active,Very High Engagement,Recently Active,Shallow Relationship,Growing Spender,0.475,Responsive,0.779325,High Cross-Sell Opportunity,0.11058333333333337,Low Risk,0.5039374999999999,Ready,0.6682235416666666,Priority 2,Premium High-Value | Premium Cross-Sell Opportunity | Very High Value | Digitally Active | Very High Transactional | Growing Spender | Shallow Relationship | High Cross-Sell Opportunity | Low Risk | Ready
C000076,3,Premium High-Value,Premium Digital Customer,0.942,Very High,0.9158333333333334,Very High Transactional,0.7356,Highly Digital,Very High Engagement,At Risk,Deep Relationship,Stable Spender,0.9125,Highly Responsive,0.5671283333333332,Moderate Cross-Sell Opportunity,0.37949999999999995,Moderate Risk,0.6479699999999999,Ready,0.717981,Priority 2,Premium High-Value | Premium Digital Customer | Very High Value | Highly Digital | Very High Transactional | Stable Spender | Deep Relationship | Moderate Cross-Sell Opportunity | Moderate Risk | Ready
C000077,2,At Risk,At-Risk Engagement Customer,0.3808333333333333,Medium,0.21875,Low Transactional,0.3888,Moderate Digital,Moderate Engagement,At Risk,Shallow Relationship,Stable Spender,0.29,Low Response,0.465635,Moderate Cross-Sell Opportunity,0.7538750000000001,Critical Risk,0.45055999999999996,Ready,0.39206799999999997,Priority 3,At Risk | At-Risk Engagement Customer | Medium Value | Moderate Digital | Low Transactional | Stable Spender | Shallow Relationship | Moderate Cross-Sell Opportunity | Critical Risk | Ready
C000078,0,Dormant / Declining,Dormant Reactivation Target,0.051666666666666666,Low,0.0675,Low Transactional,0.5116,Digitally Active,Moderate Engagement,Dormant,Developing Relationship,Declining Spender,0.2333333333333333,Low Response,0.33249500000000004,Low Cross-Sell Opportunity,0.9066666666666667,Critical Risk,0.5507166666666666,Ready,0.3011776666666666,Priority 3,Dormant / Declining | Dormant Reactivation Target | Low Value | Digitally Active | Low Transactional | Declining Spender | Developing Relationship | Low Cross-Sell Opportunity | Critical Risk | Ready
C000079,1,Core Active,Core Cross-Sell Opportunity,0.6041666666666665,High,0.35750000000000004,Moderate Transactional,0.8344,Highly Digital,Very High Engagement,Active,Shallow Relationship,Stable Spender,0.6399999999999999,Highly Responsive,0.7572216666666667,High Cross-Sell Opportunity,0.4461666666666666,Moderate Risk,0.3647,Needs Nurturing,0.5923498333333332,Priority 2,Core Active | Core Cross-Sell Opportunity | High Value | Highly Digital | Moderate Transactional | Stable Spender | Shallow Relationship | High Cross-Sell Opportunity | Moderate Risk | Needs Nurturing
C000080,3,Premium High-Value,Premium Relationship Customer,0.74125,High,0.7795833333333333,Very High Transactional,0.6741999999999999,Digitally Active,High Engagement,Recently Active,Established Relationship,Declining Spender,0.6375,Highly Responsive,0.5692733333333333,Moderate Cross-Sell Opportunity,0.380625,Moderate Risk,0.14454999999999998,Low Readiness,0.5075445,Priority 2,Premium High-Value | Premium Relationship Customer | High Value | Digitally Active | Very High Transactional | Declining Spender | Established Relationship | Moderate Cross-Sell Opportunity | Moderate Risk | Low Readiness
C000081,1,Core Active,Core High-Activity Customer,0.5666666666666667,Medium,0.7754166666666666,Very High Transactional,0.5267999999999999,Digitally Active,Moderate Engagement,Recently Active,Established Relationship,Declining Spender,0.0,Unresponsive,0.5051516666666667,Moderate Cross-Sell Opportunity,0.37462500000000004,Moderate Risk,0.22357999999999995,Needs Nurturing,0.354978,Priority 3,Core Active | Core High-Activity Customer | Medium Value | Digitally Active | Very High Transactional | Declining Spender | Established Relationship | Moderate Cross-Sell Opportunity | Moderate Risk | Needs Nurturing
C000082,1,Core Active,Core Relationship Customer,0.40958333333333324,Medium,0.5237499999999999,High Transactional,0.4182,Moderate Digital,High Engagement,Active,Developing Relationship,Stable Spender,0.375,Responsive,0.45543999999999996,Moderate Cross-Sell Opportunity,0.4749583333333334,Moderate Risk,0.08645,Low Readiness,0.3471861666666667,Priority 3,Core Active | Core Relationship Customer | Medium Value | Moderate Digital | High Transactional | Stable Spender | Developing Relationship | Moderate Cross-Sell Opportunity | Moderate Risk | Low Readiness
C000083,3,Premium High-Value,Premium Cross-Sell Opportunity,0.7810000000000001,High,0.7470833333333333,High Transactional,0.6194,Digitally Active,Very High Engagement,Recently Active,Shallow Relationship,Declining Spender,0.175,Low Response,0.744255,High Cross-Sell Opportunity,0.38912500000000005,Moderate Risk,0.5174099999999999,Ready,0.5658664999999999,Priority 2,Premium High-Value | Premium Cross-Sell Opportunity | High Value | Digitally Active | High Transactional | Declining Spender | Shallow Relationship | High Cross-Sell Opportunity | Moderate Risk | Ready
C000084,1,Core Active,Core Relationship Customer,0.25066666666666665,Low,0.27875,Moderate Transactional,0.5514000000000001,Digitally Active,High Engagement,Recently Active,Shallow Relationship,Declining Spender,0.09999999999999999,Unresponsive,0.566505,Moderate Cross-Sell Opportunity,0.48162499999999997,Moderate Risk,0.198625,Low Readiness,0.32904524999999996,Priority 3,Core Active | Core Relationship Customer | Low Value | Digitally Active | Moderate Transactional | Declining Spender | Shallow Relationship | Moderate Cross-Sell Opportunity | Moderate Risk | Low Readiness
C000085,1,Core Active,Core Relationship Customer,0.6396666666666667,High,0.6625000000000001,High Transactional,0.5548,Digitally Active,Moderate Engagement,Recently Active,Developing Relationship,Stable Spender,0.14999999999999997,Unresponsive,0.5968683333333333,Moderate Cross-Sell Opportunity,0.276,Low Risk,0.61633,Ready,0.531493,Priority 2,Core Active | Core Relationship Customer | High Value | Digitally Active | High Transactional | Stable Spender | Developing Relationship | Moderate Cross-Sell Opportunity | Low Risk | Ready
C000086,1,Core Active,Core Relationship Customer,0.2764166666666667,Low,0.4329166666666666,Moderate Transactional,0.4516,Digitally Active,Moderate Engagement,Recently Active,Developing Relationship,Stable Spender,0.21,Low Response,0.44597000000000003,Low Cross-Sell Opportunity,0.38362500000000005,Moderate Risk,0.27545,Needs Nurturing,0.3477535,Priority 3,Core Active | Core Relationship Customer | Low Value | Digitally Active | Moderate Transactional | Stable Spender | Developing Relationship | Low Cross-Sell Opportunity | Moderate Risk | Needs Nurturing
C000087,3,Premium High-Value,Premium Relationship Customer,0.6246666666666666,High,0.8583333333333334,Very High Transactional,0.6188,Digitally Active,High Engagement,Recently Active,Developing Relationship,Stable Spender,0.3083333333333333,Low Response,0.6431516666666667,Moderate Cross-Sell Opportunity,0.10366666666666667,Low Risk,0.23648333333333332,Needs Nurturing,0.49706633333333333,Priority 3,Premium High-Value | Premium Relationship Customer | High Value | Digitally Active | Very High Transactional | Stable Spender | Developing Relationship | Moderate Cross-Sell Opportunity | Low Risk | Needs Nurturing
C000088,2,At Risk,At-Risk Declining Customer,0.3095833333333333,Low,0.07,Low Transactional,0.11980000000000002,Low Digital,Low Engagement,Dormant,Shallow Relationship,Declining Spender,0.0,Unresponsive,0.3639433333333333,Low Cross-Sell Opportunity,0.9743333333333334,Critical Risk,0.10348333333333333,Low Readiness,0.18405799999999997,Priority 4,At Risk | At-Risk Declining Customer | Low Value | Low Digital | Low Transactional | Declining Spender | Shallow Relationship | Low Cross-Sell Opportunity | Critical Risk | Low Readiness
C000089,2,At Risk,At-Risk Declining Customer,0.33175000000000004,Low,0.22291666666666668,Low Transactional,0.5614,Digitally Active,Moderate Engagement,At Risk,Established Relationship,Declining Spender,0.35,Responsive,0.37748,Low Cross-Sell Opportunity,0.8432916666666667,Critical Risk,0.57895,Ready,0.3934148333333333,Priority 3,At Risk | At-Risk Declining Customer | Low Value | Digitally Active | Low Transactional | Declining Spender | Established Relationship | Low Cross-Sell Opportunity | Critical Risk | Ready
C000090,3,Premium High-Value,Premium Digital Customer,0.9670833333333333,Very High,0.8995833333333333,Very High Transactional,0.8364,Highly Digital,Very High Engagement,Active,Established Relationship,Growing Spender,0.27499999999999997,Low Response,0.6687466666666667,Moderate Cross-Sell Opportunity,0.2602916666666667,Low Risk,0.333025,Needs Nurturing,0.5579135833333333,Priority 2,Premium High-Value | Premium Digital Customer | Very High Value | Highly Digital | Very High Transactional | Growing Spender | Established Relationship | Moderate Cross-Sell Opportunity | Low Risk | Needs Nurturing
C000091,3,Premium High-Value,Premium Relationship Customer,0.9093333333333333,Very High,0.9495833333333333,Very High Transactional,0.5984,Digitally Active,High Engagement,Recently Active,Established Relationship,Growing Spender,0.605,Highly Responsive,0.576505,Moderate Cross-Sell Opportunity,0.26879166666666665,Low Risk,0.27571249999999997,Needs Nurturing,0.5724004583333333,Priority 2,Premium High-Value | Premium Relationship Customer | Very High Value | Digitally Active | Very High Transactional | Growing Spender | Established Relationship | Moderate Cross-Sell Opportunity | Low Risk | Needs Nurturing
C000092,1,Core Active,Core Relationship Customer,0.386,Medium,0.4954166666666666,Moderate Transactional,0.6232,Digitally Active,High Engagement,Active,Shallow Relationship,Growing Spender,0.11666666666666665,Unresponsive,0.5868483333333334,Moderate Cross-Sell Opportunity,0.4257916666666667,Moderate Risk,0.528375,Ready,0.44680241666666665,Priority 3,Core Active | Core Relationship Customer | Medium Value | Digitally Active | Moderate Transactional | Growing Spender | Shallow Relationship | Moderate Cross-Sell Opportunity | Moderate Risk | Ready
C000093,3,Premium High-Value,Premium Digital Customer,0.8954166666666666,Very High,0.8958333333333333,Very High Transactional,0.7216,Highly Digital,Very High Engagement,Active,Deep Relationship,Declining Spender,0.6,Highly Responsive,0.5667866666666667,Moderate Cross-Sell Opportunity,0.4544166666666667,Moderate Risk,0.72805,Highly Ready,0.6609193333333333,Priority 2,Premium High-Value | Premium Digital Customer | Very High Value | Highly Digital | Very High Transactional | Declining Spender | Deep Relationship | Moderate Cross-Sell Opportunity | Moderate Risk | Highly Ready
C000094,1,Core Active,Core Relationship Customer,0.3520833333333333,Medium,0.5275,High Transactional,0.5542,Digitally Active,Moderate Engagement,Recently Active,Shallow Relationship,Stable Spender,0.5249999999999999,Responsive,0.5719233333333333,Moderate Cross-Sell Opportunity,0.2785,Low Risk,0.292775,Needs Nurturing,0.47473325,Priority 3,Core Active | Core Relationship Customer | Medium Value | Digitally Active | High Transactional | Stable Spender | Shallow Relationship | Moderate Cross-Sell Opportunity | Low Risk | Needs Nurturing
C000095,1,Core Active,Core Relationship Customer,0.21766666666666667,Low,0.36250000000000004,Moderate Transactional,0.6134,Digitally Active,High Engagement,Recently Active,Developing Relationship,Growing Spender,0.5333333333333333,Responsive,0.496455,Moderate Cross-Sell Opportunity,0.302,Low Risk,0.53905,Ready,0.49281566666666676,Priority 3,Core Active | Core Relationship Customer | Low Value | Digitally Active | Moderate Transactional | Growing Spender | Developing Relationship | Moderate Cross-Sell Opportunity | Low Risk | Ready
C000096,1,Core Active,Core High-Activity Customer,0.6327499999999999,High,0.7662500000000001,Very High Transactional,0.532,Digitally Active,Moderate Engagement,At Risk,Established Relationship,Stable Spender,0.38749999999999996,Responsive,0.45165,Moderate Cross-Sell Opportunity,0.525375,Moderate Risk,0.10955,Low Readiness,0.38275750000000003,Priority 3,Core Active | Core High-Activity Customer | High Value | Digitally Active | Very High Transactional | Stable Spender | Established Relationship | Moderate Cross-Sell Opportunity | Moderate Risk | Low Readiness
C000097,1,Core Active,Core Relationship Customer,0.17741666666666667,Low,0.2533333333333333,Moderate Transactional,0.6714,Digitally Active,Very High Engagement,Recently Active,Established Relationship,Declining Spender,0.5999999999999999,Responsive,0.48617999999999995,Moderate Cross-Sell Opportunity,0.33133333333333337,Low Risk,0.16729999999999998,Low Readiness,0.40115816666666665,Priority 3,Core Active | Core Relationship Customer | Low Value | Digitally Active | Moderate Transactional | Declining Spender | Established Relationship | Moderate Cross-Sell Opportunity | Low Risk | Low Readiness
C000098,3,Premium High-Value,Premium Digital Customer,0.9763333333333332,Very High,0.9645833333333333,Very High Transactional,0.7567999999999999,Highly Digital,Very High Engagement,Active,Deep Relationship,Stable Spender,0.675,Highly Responsive,0.6179516666666666,Moderate Cross-Sell Opportunity,0.20120833333333332,Low Risk,0.51568,Ready,0.6756346666666666,Priority 2,Premium High-Value | Premium Digital Customer | Very High Value | Highly Digital | Very High Transactional | Stable Spender | Deep Relationship | Moderate Cross-Sell Opportunity | Low Risk | Ready
C000099,0,Dormant / Declining,Dormant Reactivation Target,0.36508333333333337,Medium,0.11833333333333332,Low Transactional,0.30319999999999997,Moderate Digital,Moderate Engagement,Dormant,Shallow Relationship,Declining Spender,0.0,Unresponsive,0.43375666666666673,Low Cross-Sell Opportunity,0.9746666666666667,Critical Risk,0.21076999999999996,Needs Nurturing,0.24011533333333335,Priority 4,Dormant / Declining | Dormant Reactivation Target | Medium Value | Moderate Digital | Low Transactional | Declining Spender | Shallow Relationship | Low Cross-Sell Opportunity | Critical Risk | Needs Nurturing
C000100,1,Core Active,Core Digital Customer,0.24633333333333335,Low,0.2079166666666667,Low Transactional,0.7236,Highly Digital,High Engagement,Active,Developing Relationship,Stable Spender,0.0875,Unresponsive,0.48444500000000007,Moderate Cross-Sell Opportunity,0.522625,Moderate Risk,0.28223999999999994,Needs Nurturing,0.31808099999999995,Priority 3,Core Active | Core Digital Customer | Low Value | Highly Digital | Low Transactional | Stable Spender | Developing Relationship | Moderate Cross-Sell Opportunity | Moderate Risk | Needs Nurturing
C000101,1,Core Active,Core Relationship Customer,0.59275,Medium,0.4945833333333334,Moderate Transactional,0.5494,Digitally Active,High Engagement,Active,Developing Relationship,Growing Spender,0.4624999999999999,Responsive,0.5654466666666667,Moderate Cross-Sell Opportunity,0.41520833333333335,Moderate Risk,0.29761666666666664,Needs Nurturing,0.4839298333333333,Priority 3,Core Active | Core Relationship Customer | Medium Value | Digitally Active | Moderate Transactional | Growing Spender | Developing Relationship | Moderate Cross-Sell Opportunity | Moderate Risk | Needs Nurturing
C000102,1,Core Active,Core Relationship Customer,0.6101666666666667,High,0.5445833333333333,High Transactional,0.4736,Digitally Active,Moderate Engagement,Active,Developing Relationship,Stable Spender,0.29,Low Response,0.5136783333333333,Moderate Cross-Sell Opportunity,0.6579583333333333,High Risk,0.6056375,Ready,0.4892420416666667,Priority 3,Core Active | Core Relationship Customer | High Value | Digitally Active | High Transactional | Stable Spender | Developing Relationship | Moderate Cross-Sell Opportunity | High Risk | Ready
C000103,1,Core Active,Core Relationship Customer,0.24166666666666667,Low,0.30041666666666667,Moderate Transactional,0.2568,Moderate Digital,Moderate Engagement,Active,Established Relationship,Declining Spender,0.049999999999999975,Unresponsive,0.28546833333333327,Low Cross-Sell Opportunity,0.842875,Critical Risk,0.40774999999999995,Ready,0.24954049999999997,Priority 4,Core Active | Core Relationship Customer | Low Value | Moderate Digital | Moderate Transactional | Declining Spender | Established Relationship | Low Cross-Sell Opportunity | Critical Risk | Ready
C000104,1,Core Active,Core Relationship Customer,0.38491666666666663,Medium,0.38625,Moderate Transactional,0.381,Moderate Digital,Moderate Engagement,Recently Active,Shallow Relationship,Declining Spender,0.0875,Unresponsive,0.5364833333333333,Moderate Cross-Sell Opportunity,0.5632916666666666,High Risk,0.53037,Ready,0.41244583333333334,Priority 3,Core Active | Core Relationship Customer | Medium Value | Moderate Digital | Moderate Transactional | Declining Spender | Shallow Relationship | Moderate Cross-Sell Opportunity | High Risk | Ready
C000105,1,Core Active,Core Relationship Customer,0.3984166666666667,Medium,0.41208333333333336,Moderate Transactional,0.45740000000000003,Digitally Active,High Engagement,Recently Active,Established Relationship,Stable Spender,0.09999999999999999,Unresponsive,0.46238,Moderate Cross-Sell Opportunity,0.312375,Low Risk,0.10666249999999997,Low Readiness,0.313904625,Priority 3,Core Active | Core Relationship Customer | Medium Value | Digitally Active | Moderate Transactional | Stable Spender | Established Relationship | Moderate Cross-Sell Opportunity | Low Risk | Low Readiness
C000106,3,Premium High-Value,Premium Relationship Customer,0.835,Very High,0.67875,High Transactional,0.3294,Moderate Digital,Low Engagement,Active,Developing Relationship,Declining Spender,0.32499999999999996,Low Response,0.5126883333333333,Moderate Cross-Sell Opportunity,0.7916250000000001,Critical Risk,0.59085,Ready,0.5126065,Priority 2,Premium High-Value | Premium Relationship Customer | Very High Value | Moderate Digital | High Transactional | Declining Spender | Developing Relationship | Moderate Cross-Sell Opportunity | Critical Risk | Ready
C000107,0,Dormant / Declining,Dormant Reactivation Target,0.24275,Low,0.10874999999999999,Low Transactional,0.4296,Moderate Digital,Moderate Engagement,Dormant,Shallow Relationship,Declining Spender,0.0875,Unresponsive,0.42743666666666663,Low Cross-Sell Opportunity,0.9535416666666667,Critical Risk,0.31289999999999996,Needs Nurturing,0.2650143333333333,Priority 4,Dormant / Declining | Dormant Reactivation Target | Low Value | Moderate Digital | Low Transactional | Declining Spender | Shallow Relationship | Low Cross-Sell Opportunity | Critical Risk | Needs Nurturing
C000108,3,Premium High-Value,Premium Relationship Customer,0.6811666666666667,High,0.8220833333333334,Very High Transactional,0.6318,Digitally Active,Moderate Engagement,Recently Active,Established Relationship,Growing Spender,0.45833333333333326,Responsive,0.5441683333333334,Moderate Cross-Sell Opportunity,0.29229166666666667,Low Risk,0.37597,Needs Nurturing,0.5218555,Priority 2,Premium High-Value | Premium Relationship Customer | High Value | Digitally Active | Very High Transactional | Growing Spender | Established Relationship | Moderate Cross-Sell Opportunity | Low Risk | Needs Nurturing
C000109,1,Core Active,Core Relationship Customer,0.5335833333333333,Medium,0.3808333333333333,Moderate Transactional,0.654,Digitally Active,High Engagement,Recently Active,Developing Relationship,Stable Spender,0.7333333333333333,Highly Responsive,0.5999000000000001,Moderate Cross-Sell Opportunity,0.24550000000000002,Low Risk,0.5313749999999999,Ready,0.6149679166666667,Priority 2,Core Active | Core Relationship Customer | Medium Value | Digitally Active | Moderate Transactional | Stable Spender | Developing Relationship | Moderate Cross-Sell Opportunity | Low Risk | Ready
C000110,2,At Risk,At-Risk Declining Customer,0.22183333333333333,Low,0.09875,Low Transactional,0.2826,Moderate Digital,Low Engagement,At Risk,Shallow Relationship,Declining Spender,0.11666666666666665,Unresponsive,0.37787833333333337,Low Cross-Sell Opportunity,0.9482083333333334,Critical Risk,0.27825,Needs Nurturing,0.2447135,Priority 4,At Risk | At-Risk Declining Customer | Low Value | Moderate Digital | Low Transactional | Declining Spender | Shallow Relationship | Low Cross-Sell Opportunity | Critical Risk | Needs Nurturing
C000111,3,Premium High-Value,Premium Digital Customer,0.9518333333333333,Very High,0.9662499999999999,Very High Transactional,0.7294,Highly Digital,High Engagement,Active,Established Relationship,Stable Spender,0.725,Highly Responsive,0.599855,Moderate Cross-Sell Opportunity,0.3344583333333333,Low Risk,0.6853833333333333,Highly Ready,0.7056315,Priority 2,Premium High-Value | Premium Digital Customer | Very High Value | Highly Digital | Very High Transactional | Stable Spender | Established Relationship | Moderate Cross-Sell Opportunity | Low Risk | Highly Ready
C000112,1,Core Active,Core Relationship Customer,0.3918333333333333,Medium,0.3720833333333333,Moderate Transactional,0.616,Digitally Active,High Engagement,Recently Active,Developing Relationship,Declining Spender,0.3083333333333333,Low Response,0.531425,Moderate Cross-Sell Opportunity,0.5477916666666667,Moderate Risk,0.3017875,Needs Nurturing,0.40053687499999996,Priority 3,Core Active | Core Relationship Customer | Medium Value | Digitally Active | Moderate Transactional | Declining Spender | Developing Relationship | Moderate Cross-Sell Opportunity | Moderate Risk | Needs Nurturing
C000113,1,Core Active,Core Relationship Customer,0.6008333333333333,High,0.29333333333333333,Moderate Transactional,0.2764,Moderate Digital,Moderate Engagement,Recently Active,Developing Relationship,Declining Spender,0.32499999999999996,Low Response,0.5044383333333333,Moderate Cross-Sell Opportunity,0.6646666666666667,High Risk,0.31003,Needs Nurturing,0.4174973333333333,Priority 3,Core Active | Core Relationship Customer | High Value | Moderate Digital | Moderate Transactional | Declining Spender | Developing Relationship | Moderate Cross-Sell Opportunity | High Risk | Needs Nurturing
C000114,1,Core Active,Core Relationship Customer,0.5226666666666666,Medium,0.46,Moderate Transactional,0.3296,Moderate Digital,Moderate Engagement,Recently Active,Developing Relationship,Stable Spender,0.09999999999999999,Unresponsive,0.5135116666666666,Moderate Cross-Sell Opportunity,0.5051666666666667,Moderate Risk,0.2050125,Needs Nurturing,0.3531899583333333,Priority 3,Core Active | Core Relationship Customer | Medium Value | Moderate Digital | Moderate Transactional | Stable Spender | Developing Relationship | Moderate Cross-Sell Opportunity | Moderate Risk | Needs Nurturing
C000115,3,Premium High-Value,Premium Relationship Customer,0.6674166666666667,High,0.6491666666666667,High Transactional,0.6506000000000001,Digitally Active,Moderate Engagement,Recently Active,Deep Relationship,Stable Spender,0.5333333333333333,Responsive,0.5001366666666667,Moderate Cross-Sell Opportunity,0.31975000000000003,Low Risk,0.41242999999999996,Ready,0.5279526666666667,Priority 2,Premium High-Value | Premium Relationship Customer | High Value | Digitally Active | High Transactional | Stable Spender | Deep Relationship | Moderate Cross-Sell Opportunity | Low Risk | Ready
C000116,3,Premium High-Value,Premium Digital Customer,0.6754166666666668,High,0.8466666666666666,Very High Transactional,0.71,Highly Digital,Very High Engagement,Active,Deep Relationship,Growing Spender,0.44999999999999996,Responsive,0.49661666666666665,Moderate Cross-Sell Opportunity,0.31733333333333336,Low Risk,0.14233333333333334,Low Readiness,0.44414750000000003,Priority 3,Premium High-Value | Premium Digital Customer | High Value | Highly Digital | Very High Transactional | Growing Spender | Deep Relationship | Moderate Cross-Sell Opportunity | Low Risk | Low Readiness
C000117,1,Core Active,Core Relationship Customer,0.058750000000000004,Low,0.21041666666666667,Low Transactional,0.37760000000000005,Moderate Digital,Moderate Engagement,Recently Active,Shallow Relationship,Stable Spender,0.625,Highly Responsive,0.43527000000000005,Low Cross-Sell Opportunity,0.5854583333333333,High Risk,0.20509999999999995,Needs Nurturing,0.3571226666666667,Priority 3,Core Active | Core Relationship Customer | Low Value | Moderate Digital | Low Transactional | Stable Spender | Shallow Relationship | Low Cross-Sell Opportunity | High Risk | Needs Nurturing
C000118,1,Core Active,Core Relationship Customer,0.4003333333333334,Medium,0.5245833333333333,High Transactional,0.6742000000000001,Digitally Active,High Engagement,Active,Deep Relationship,Stable Spender,0.5449999999999999,Responsive,0.4039483333333334,Low Cross-Sell Opportunity,0.5232083333333334,Moderate Risk,0.48436999999999997,Ready,0.45900616666666666,Priority 3,Core Active | Core Relationship Customer | Medium Value | Digitally Active | High Transactional | Stable Spender | Deep Relationship | Low Cross-Sell Opportunity | Moderate Risk | Ready
C000119,3,Premium High-Value,Premium Digital Customer,0.6271666666666667,High,0.7266666666666667,High Transactional,0.851,Highly Digital,Very High Engagement,Active,Established Relationship,Stable Spender,0.19999999999999998,Low Response,0.5951583333333333,Moderate Cross-Sell Opportunity,0.2900833333333333,Low Risk,0.35463749999999994,Needs Nurturing,0.4722735416666666,Priority 3,Premium High-Value | Premium Digital Customer | High Value | Highly Digital | High Transactional | Stable Spender | Established Relationship | Moderate Cross-Sell Opportunity | Low Risk | Needs Nurturing
C000120,3,Premium High-Value,Premium Relationship Customer,0.8690833333333333,Very High,0.9045833333333333,Very High Transactional,0.6862,Digitally Active,High Engagement,Active,Deep Relationship,Stable Spender,0.41666666666666663,Responsive,0.5541233333333333,Moderate Cross-Sell Opportunity,0.247625,Low Risk,0.28875,Needs Nurturing,0.5273578333333333,Priority 2,Premium High-Value | Premium Relationship Customer | Very High Value | Digitally Active | Very High Transactional | Stable Spender | Deep Relationship | Moderate Cross-Sell Opportunity | Low Risk | Needs Nurturing
C000121,3,Premium High-Value,Premium Relationship Customer,0.7762499999999999,High,0.63375,High Transactional,0.5162,Digitally Active,Moderate Engagement,Active,Established Relationship,Stable Spender,0.11666666666666665,Unresponsive,0.49780666666666656,Moderate Cross-Sell Opportunity,0.4219583333333334,Moderate Risk,0.6120833333333333,Ready,0.49993783333333325,Priority 3,Premium High-Value | Premium Relationship Customer | High Value | Digitally Active | High Transactional | Stable Spender | Established Relationship | Moderate Cross-Sell Opportunity | Moderate Risk | Ready
C000122,1,Core Active,Core Relationship Customer,0.5001666666666666,Medium,0.575,High Transactional,0.5838,Digitally Active,High Engagement,Active,Developing Relationship,Declining Spender,0.6599999999999999,Highly Responsive,0.5526683333333333,Moderate Cross-Sell Opportunity,0.49249999999999994,Moderate Risk,0.300125,Needs Nurturing,0.49860675,Priority 3,Core Active | Core Relationship Customer | Medium Value | Digitally Active | High Transactional | Declining Spender | Developing Relationship | Moderate Cross-Sell Opportunity | Moderate Risk | Needs Nurturing
C000123,2,At Risk,At-Risk Declining Customer,0.41475,Medium,0.38458333333333333,Moderate Transactional,0.24860000000000002,Low Digital,Moderate Engagement,At Risk,Developing Relationship,Declining Spender,0.0,Unresponsive,0.38547,Low Cross-Sell Opportunity,0.8828750000000001,Critical Risk,0.2793,Needs Nurturing,0.259391,Priority 4,At Risk | At-Risk Declining Customer | Medium Value | Low Digital | Moderate Transactional | Declining Spender | Developing Relationship | Low Cross-Sell Opportunity | Critical Risk | Needs Nurturing
C000124,3,Premium High-Value,Premium Relationship Customer,0.7738333333333333,High,0.5754166666666667,High Transactional,0.695,Digitally Active,Very High Engagement,Recently Active,Deep Relationship,Growing Spender,0.85,Highly Responsive,0.5842416666666667,Moderate Cross-Sell Opportunity,0.262375,Low Risk,0.23415,Needs Nurturing,0.5936474999999999,Priority 2,Premium High-Value | Premium Relationship Customer | High Value | Digitally Active | High Transactional | Growing Spender | Deep Relationship | Moderate Cross-Sell Opportunity | Low Risk | Needs Nurturing
C000125,1,Core Active,Core High-Activity Customer,0.6496666666666667,High,0.7516666666666666,Very High Transactional,0.4286,Moderate Digital,High Engagement,Active,Developing Relationship,Stable Spender,0.13999999999999999,Unresponsive,0.5507616666666667,Moderate Cross-Sell Opportunity,0.5261666666666667,Moderate Risk,0.33547499999999997,Needs Nurturing,0.42193058333333333,Priority 3,Core Active | Core High-Activity Customer | High Value | Moderate Digital | Very High Transactional | Stable Spender | Developing Relationship | Moderate Cross-Sell Opportunity | Moderate Risk | Needs Nurturing
C000126,0,Dormant / Declining,Dormant Reactivation Target,0.40191666666666664,Medium,0.24375,Low Transactional,0.2238,Low Digital,Low Engagement,Dormant,Developing Relationship,Declining Spender,0.11666666666666665,Unresponsive,0.33996000000000004,Low Cross-Sell Opportunity,0.9562916666666668,Critical Risk,0.41642,Ready,0.29408466666666666,Priority 4,Dormant / Declining | Dormant Reactivation Target | Medium Value | Low Digital | Low Transactional | Declining Spender | Developing Relationship | Low Cross-Sell Opportunity | Critical Risk | Ready
C000127,3,Premium High-Value,Premium Digital Customer,0.7735833333333332,High,0.7908333333333333,Very High Transactional,0.786,Highly Digital,Very High Engagement,Recently Active,Established Relationship,Declining Spender,0.4624999999999999,Responsive,0.6365166666666666,Moderate Cross-Sell Opportunity,0.21983333333333333,Low Risk,0.376075,Needs Nurturing,0.5715279166666666,Priority 2,Premium High-Value | Premium Digital Customer | High Value | Highly Digital | Very High Transactional | Declining Spender | Established Relationship | Moderate Cross-Sell Opportunity | Low Risk | Needs Nurturing
C000128,1,Core Active,Core Relationship Customer,0.4646666666666667,Medium,0.40416666666666673,Moderate Transactional,0.29200000000000004,Moderate Digital,Moderate Engagement,Active,Established Relationship,Growing Spender,0.11666666666666665,Unresponsive,0.3881083333333334,Low Cross-Sell Opportunity,0.5353333333333334,Moderate Risk,0.0924,Low Readiness,0.27903249999999996,Priority 4,Core Active | Core Relationship Customer | Medium Value | Moderate Digital | Moderate Transactional | Growing Spender | Established Relationship | Low Cross-Sell Opportunity | Moderate Risk | Low Readiness
C000129,1,Core Active,Core Relationship Customer,0.7349166666666666,High,0.5891666666666666,High Transactional,0.6254,Digitally Active,Very High Engagement,Recently Active,Established Relationship,Stable Spender,0.6499999999999999,Highly Responsive,0.6105466666666666,Moderate Cross-Sell Opportunity,0.2299166666666667,Low Risk,0.1435,Low Readiness,0.5362848333333332,Priority 2,Core Active | Core Relationship Customer | High Value | Digitally Active | High Transactional | Stable Spender | Established Relationship | Moderate Cross-Sell Opportunity | Low Risk | Low Readiness
C000130,1,Core Active,Core Relationship Customer,0.5188333333333334,Medium,0.7074999999999999,High Transactional,0.5746,Digitally Active,Moderate Engagement,Active,Developing Relationship,Stable Spender,0.35,Responsive,0.5231450000000001,Moderate Cross-Sell Opportunity,0.43466666666666676,Moderate Risk,0.10394999999999999,Low Readiness,0.3872893333333334,Priority 3,Core Active | Core Relationship Customer | Medium Value | Digitally Active | High Transactional | Stable Spender | Developing Relationship | Moderate Cross-Sell Opportunity | Moderate Risk | Low Readiness
C000131,1,Core Active,Core Digital Customer,0.4345,Medium,0.65375,High Transactional,0.8051999999999999,Highly Digital,High Engagement,Recently Active,Established Relationship,Stable Spender,0.6583333333333332,Highly Responsive,0.546165,Moderate Cross-Sell Opportunity,0.21645833333333336,Low Risk,0.4846499999999999,Ready,0.5602078333333333,Priority 2,Core Active | Core Digital Customer | Medium Value | Highly Digital | High Transactional | Stable Spender | Established Relationship | Moderate Cross-Sell Opportunity | Low Risk | Ready
C000132,3,Premium High-Value,Premium Digital Customer,0.9380833333333334,Very High,0.9766666666666666,Very High Transactional,0.8176,Highly Digital,High Engagement,Recently Active,Established Relationship,Stable Spender,0.5333333333333333,Responsive,0.66392,Moderate Cross-Sell Opportunity,0.2816666666666667,Low Risk,0.6475833333333333,Ready,0.6802843333333333,Priority 2,Premium High-Value | Premium Digital Customer | Very High Value | Highly Digital | Very High Transactional | Stable Spender | Established Relationship | Moderate Cross-Sell Opportunity | Low Risk | Ready
C000133,1,Core Active,Core Digital Customer,0.3873333333333333,Medium,0.42749999999999994,Moderate Transactional,0.7776,Highly Digital,High Engagement,Recently Active,Developing Relationship,Stable Spender,0.7083333333333333,Highly Responsive,0.562245,Moderate Cross-Sell Opportunity,0.4912500000000001,Moderate Risk,0.5832666666666666,Ready,0.5651318333333333,Priority 2,Core Active | Core Digital Customer | Medium Value | Highly Digital | Moderate Transactional | Stable Spender | Developing Relationship | Moderate Cross-Sell Opportunity | Moderate Risk | Ready
C000134,3,Premium High-Value,Premium Relationship Customer,0.87,Very High,0.9220833333333334,Very High Transactional,0.5328,Digitally Active,High Engagement,Active,Established Relationship,Growing Spender,0.3583333333333333,Responsive,0.5125850000000001,Moderate Cross-Sell Opportunity,0.42470833333333335,Moderate Risk,0.44082499999999997,Ready,0.5236775833333334,Priority 2,Premium High-Value | Premium Relationship Customer | Very High Value | Digitally Active | Very High Transactional | Growing Spender | Established Relationship | Moderate Cross-Sell Opportunity | Moderate Risk | Ready
C000135,1,Core Active,Core Digital Customer,0.36175,Medium,0.2779166666666667,Moderate Transactional,0.7061999999999999,Highly Digital,Very High Engagement,Recently Active,Shallow Relationship,Declining Spender,0.5499999999999999,Responsive,0.6658566666666665,Moderate Cross-Sell Opportunity,0.355125,Moderate Risk,0.44904,Ready,0.540767,Priority 2,Core Active | Core Digital Customer | Medium Value | Highly Digital | Moderate Transactional | Declining Spender | Shallow Relationship | Moderate Cross-Sell Opportunity | Moderate Risk | Ready
C000136,1,Core Active,Core Relationship Customer,0.14441666666666667,Low,0.10500000000000001,Low Transactional,0.3374,Moderate Digital,Moderate Engagement,Active,Established Relationship,Declining Spender,0.26666666666666666,Low Response,0.22993,Low Cross-Sell Opportunity,0.8716666666666667,Critical Risk,0.26144999999999996,Needs Nurturing,0.22217066666666668,Priority 4,Core Active | Core Relationship Customer | Low Value | Moderate Digital | Low Transactional | Declining Spender | Established Relationship | Low Cross-Sell Opportunity | Critical Risk | Needs Nurturing
C000137,1,Core Active,Core Relationship Customer,0.5192500000000001,Medium,0.5129166666666667,High Transactional,0.3944,Moderate Digital,Low Engagement,Active,Shallow Relationship,Stable Spender,0.11666666666666665,Unresponsive,0.5295466666666667,Moderate Cross-Sell Opportunity,0.7322916666666667,High Risk,0.12109999999999999,Low Readiness,0.31713066666666667,Priority 3,Core Active | Core Relationship Customer | Medium Value | Moderate Digital | High Transactional | Stable Spender | Shallow Relationship | Moderate Cross-Sell Opportunity | High Risk | Low Readiness
C000138,1,Core Active,Core Relationship Customer,0.32008333333333333,Low,0.3591666666666667,Moderate Transactional,0.6408,Digitally Active,High Engagement,Active,Shallow Relationship,Stable Spender,0.475,Responsive,0.5372266666666666,Moderate Cross-Sell Opportunity,0.7441666666666668,High Risk,0.39444999999999997,Needs Nurturing,0.4283763333333333,Priority 3,Core Active | Core Relationship Customer | Low Value | Digitally Active | Moderate Transactional | Stable Spender | Shallow Relationship | Moderate Cross-Sell Opportunity | High Risk | Needs Nurturing
C000139,3,Premium High-Value,Premium Relationship Customer,0.8464166666666667,Very High,0.8208333333333333,Very High Transactional,0.5222,Digitally Active,High Engagement,Active,Developing Relationship,Stable Spender,0.31,Low Response,0.6216566666666667,Moderate Cross-Sell Opportunity,0.36241666666666666,Moderate Risk,0.19299,Low Readiness,0.4874653333333334,Priority 3,Premium High-Value | Premium Relationship Customer | Very High Value | Digitally Active | Very High Transactional | Stable Spender | Developing Relationship | Moderate Cross-Sell Opportunity | Moderate Risk | Low Readiness
C000140,1,Core Active,Core Relationship Customer,0.5896666666666667,Medium,0.48,Moderate Transactional,0.6599999999999999,Digitally Active,Moderate Engagement,Recently Active,Developing Relationship,Stable Spender,0.7124999999999999,Highly Responsive,0.5877916666666667,Moderate Cross-Sell Opportunity,0.43983333333333335,Moderate Risk,0.23624999999999996,Needs Nurturing,0.5223666666666668,Priority 2,Core Active | Core Relationship Customer | Medium Value | Digitally Active | Moderate Transactional | Stable Spender | Developing Relationship | Moderate Cross-Sell Opportunity | Moderate Risk | Needs Nurturing
C000141,1,Core Active,Core Relationship Customer,0.4964166666666666,Medium,0.47208333333333335,Moderate Transactional,0.5404,Digitally Active,High Engagement,Active,Established Relationship,Stable Spender,0.7,Highly Responsive,0.45133,Moderate Cross-Sell Opportunity,0.4832916666666667,Moderate Risk,0.28818999999999995,Needs Nurturing,0.4735798333333333,Priority 3,Core Active | Core Relationship Customer | Medium Value | Digitally Active | Moderate Transactional | Stable Spender | Established Relationship | Moderate Cross-Sell Opportunity | Moderate Risk | Needs Nurturing
C000142,3,Premium High-Value,Premium Digital Customer,0.7455833333333333,High,0.9025,Very High Transactional,0.7576,Highly Digital,High Engagement,Active,Established Relationship,Stable Spender,0.35,Responsive,0.5631366666666667,Moderate Cross-Sell Opportunity,0.29833333333333334,Low Risk,0.50383,Ready,0.5469026666666666,Priority 2,Premium High-Value | Premium Digital Customer | High Value | Highly Digital | Very High Transactional | Stable Spender | Established Relationship | Moderate Cross-Sell Opportunity | Low Risk | Ready
C000143,0,Dormant / Declining,Dormant Reactivation Target,0.08925,Low,0.03,Low Transactional,0.23500000000000004,Low Digital,Moderate Engagement,Dormant,Shallow Relationship,Declining Spender,0.3583333333333333,Responsive,0.34096666666666664,Low Cross-Sell Opportunity,0.9625,Critical Risk,0.090125,Low Readiness,0.21362541666666665,Priority 4,Dormant / Declining | Dormant Reactivation Target | Low Value | Low Digital | Low Transactional | Declining Spender | Shallow Relationship | Low Cross-Sell Opportunity | Critical Risk | Low Readiness
C000144,2,At Risk,At-Risk Engagement Customer,0.4574166666666667,Medium,0.19,Low Transactional,0.3128,Moderate Digital,Moderate Engagement,At Risk,Established Relationship,Stable Spender,0.175,Low Response,0.33342666666666665,Low Cross-Sell Opportunity,0.9258333333333334,Critical Risk,0.1484875,Low Readiness,0.24817904166666663,Priority 4,At Risk | At-Risk Engagement Customer | Medium Value | Moderate Digital | Low Transactional | Stable Spender | Established Relationship | Low Cross-Sell Opportunity | Critical Risk | Low Readiness
C000145,1,Core Active,Core Relationship Customer,0.5086666666666666,Medium,0.4725,Moderate Transactional,0.35860000000000003,Moderate Digital,Moderate Engagement,Recently Active,Developing Relationship,Stable Spender,0.25,Low Response,0.5312116666666667,Moderate Cross-Sell Opportunity,0.40875000000000006,Moderate Risk,0.10196666666666664,Low Readiness,0.37028016666666663,Priority 3,Core Active | Core Relationship Customer | Medium Value | Moderate Digital | Moderate Transactional | Stable Spender | Developing Relationship | Moderate Cross-Sell Opportunity | Moderate Risk | Low Readiness
C000146,1,Core Active,Core Relationship Customer,0.5662499999999999,Medium,0.5808333333333333,High Transactional,0.6678,Digitally Active,High Engagement,Active,Shallow Relationship,Stable Spender,0.4716666666666667,Responsive,0.64626,Moderate Cross-Sell Opportunity,0.5295,Moderate Risk,0.50105,Ready,0.5454613333333332,Priority 2,Core Active | Core Relationship Customer | Medium Value | Digitally Active | High Transactional | Stable Spender | Shallow Relationship | Moderate Cross-Sell Opportunity | Moderate Risk | Ready
C000147,2,At Risk,At-Risk Declining Customer,0.063,Low,0.05666666666666667,Low Transactional,0.3264,Moderate Digital,Moderate Engagement,At Risk,Shallow Relationship,Declining Spender,0.43999999999999995,Responsive,0.36245499999999997,Low Cross-Sell Opportunity,0.9116666666666667,Critical Risk,0.2653,Needs Nurturing,0.28134483333333327,Priority 4,At Risk | At-Risk Declining Customer | Low Value | Moderate Digital | Low Transactional | Declining Spender | Shallow Relationship | Low Cross-Sell Opportunity | Critical Risk | Needs Nurturing
C000148,2,At Risk,At-Risk Declining Customer,0.40299999999999997,Medium,0.37499999999999994,Moderate Transactional,0.402,Moderate Digital,Moderate Engagement,At Risk,Shallow Relationship,Declining Spender,0.575,Responsive,0.4815083333333333,Moderate Cross-Sell Opportunity,0.8613333333333334,Critical Risk,0.1827,Low Readiness,0.37944416666666664,Priority 3,At Risk | At-Risk Declining Customer | Medium Value | Moderate Digital | Moderate Transactional | Declining Spender | Shallow Relationship | Moderate Cross-Sell Opportunity | Critical Risk | Low Readiness
C000149,1,Core Active,Core Relationship Customer,0.42316666666666664,Medium,0.42291666666666666,Moderate Transactional,0.5614,Digitally Active,High Engagement,Active,Established Relationship,Declining Spender,0.7083333333333333,Highly Responsive,0.432505,Low Cross-Sell Opportunity,0.6802916666666666,High Risk,0.24464999999999998,Needs Nurturing,0.4280265,Priority 3,Core Active | Core Relationship Customer | Medium Value | Digitally Active | Moderate Transactional | Declining Spender | Established Relationship | Low Cross-Sell Opportunity | High Risk | Needs Nurturing
C000150,3,Premium High-Value,Premium Relationship Customer,0.7325833333333333,High,0.8083333333333333,Very High Transactional,0.5394,Digitally Active,High Engagement,Active,Established Relationship,Growing Spender,0.31,Low Response,0.5639633333333334,Moderate Cross-Sell Opportunity,0.23083333333333333,Low Risk,0.265125,Needs Nurturing,0.48427441666666665,Priority 3,Premium High-Value | Premium Relationship Customer | High Value | Digitally Active | Very High Transactional | Growing Spender | Established Relationship | Moderate Cross-Sell Opportunity | Low Risk | Needs Nurturing
C000151,1,Core Active,Core Digital Customer,0.27516666666666667,Low,0.32625,Moderate Transactional,0.7874000000000001,Highly Digital,High Engagement,Active,Shallow Relationship,Growing Spender,0.13999999999999999,Unresponsive,0.5942716666666666,Moderate Cross-Sell Opportunity,0.409875,Moderate Risk,0.32865,Needs Nurturing,0.38873150000000006,Priority 3,Core Active | Core Digital Customer | Low Value | Highly Digital | Moderate Transactional | Growing Spender | Shallow Relationship | Moderate Cross-Sell Opportunity | Moderate Risk | Needs Nurturing
C000152,2,At Risk,At-Risk Declining Customer,0.11166666666666668,Low,0.12166666666666667,Low Transactional,0.16099999999999998,Low Digital,Low Engagement,At Risk,Shallow Relationship,Declining Spender,0.0,Unresponsive,0.32857499999999995,Low Cross-Sell Opportunity,0.9555000000000001,Critical Risk,0.11421666666666665,Low Readiness,0.14832666666666663,Priority 4,At Risk | At-Risk Declining Customer | Low Value | Low Digital | Low Transactional | Declining Spender | Shallow Relationship | Low Cross-Sell Opportunity | Critical Risk | Low Readiness
C000153,1,Core Active,Core Digital Customer,0.6752499999999999,High,0.7204166666666666,High Transactional,0.732,Highly Digital,High Engagement,Active,Developing Relationship,Stable Spender,0.41666666666666663,Responsive,0.6217833333333334,Moderate Cross-Sell Opportunity,0.5262916666666667,Moderate Risk,0.3154375,Needs Nurturing,0.49738604166666667,Priority 3,Core Active | Core Digital Customer | High Value | Highly Digital | High Transactional | Stable Spender | Developing Relationship | Moderate Cross-Sell Opportunity | Moderate Risk | Needs Nurturing
C000154,3,Premium High-Value,Premium Digital Customer,0.8243333333333333,Very High,0.9133333333333333,Very High Transactional,0.8048,Highly Digital,High Engagement,Active,Deep Relationship,Growing Spender,0.37,Responsive,0.5042683333333333,Moderate Cross-Sell Opportunity,0.4856666666666667,Moderate Risk,0.17549,Low Readiness,0.4442363333333333,Priority 3,Premium High-Value | Premium Digital Customer | Very High Value | Highly Digital | Very High Transactional | Growing Spender | Deep Relationship | Moderate Cross-Sell Opportunity | Moderate Risk | Low Readiness
C000155,0,Dormant / Declining,Dormant Reactivation Target,0.3401666666666667,Low,0.2895833333333333,Moderate Transactional,0.20320000000000002,Low Digital,Low Engagement,Dormant,Shallow Relationship,Declining Spender,0.0,Unresponsive,0.3956816666666667,Low Cross-Sell Opportunity,0.9702083333333335,Critical Risk,0.47093999999999997,Ready,0.29044366666666666,Priority 4,Dormant / Declining | Dormant Reactivation Target | Low Value | Low Digital | Moderate Transactional | Declining Spender | Shallow Relationship | Low Cross-Sell Opportunity | Critical Risk | Ready
C000156,1,Core Active,Core Digital Customer,0.4275833333333333,Medium,0.3741666666666667,Moderate Transactional,0.7956,Highly Digital,High Engagement,Recently Active,Shallow Relationship,Stable Spender,0.6208333333333333,Highly Responsive,0.66612,Moderate Cross-Sell Opportunity,0.48150000000000004,Moderate Risk,0.1883,Low Readiness,0.4870651666666667,Priority 3,Core Active | Core Digital Customer | Medium Value | Highly Digital | Moderate Transactional | Stable Spender | Shallow Relationship | Moderate Cross-Sell Opportunity | Moderate Risk | Low Readiness
C000157,3,Premium High-Value,Premium Digital Customer,0.7906666666666665,High,0.8008333333333333,Very High Transactional,0.7026000000000001,Highly Digital,Very High Engagement,Recently Active,Established Relationship,Stable Spender,0.45833333333333326,Responsive,0.6516116666666666,Moderate Cross-Sell Opportunity,0.11933333333333335,Low Risk,0.44963333333333333,Ready,0.6062251666666667,Priority 2,Premium High-Value | Premium Digital Customer | High Value | Highly Digital | Very High Transactional | Stable Spender | Established Relationship | Moderate Cross-Sell Opportunity | Low Risk | Ready
C000158,1,Core Active,Core Digital Customer,0.15175,Low,0.19166666666666665,Low Transactional,0.731,Highly Digital,High Engagement,Active,Shallow Relationship,Stable Spender,0.41666666666666663,Responsive,0.5492333333333332,Moderate Cross-Sell Opportunity,0.5823333333333334,High Risk,0.23817499999999997,Needs Nurturing,0.37217625,Priority 3,Core Active | Core Digital Customer | Low Value | Highly Digital | Low Transactional | Stable Spender | Shallow Relationship | Moderate Cross-Sell Opportunity | High Risk | Needs Nurturing
C000159,1,Core Active,Core Digital Customer,0.5345,Medium,0.48458333333333337,Moderate Transactional,0.765,Highly Digital,Very High Engagement,Active,Shallow Relationship,Stable Spender,0.5316666666666667,Responsive,0.6773916666666666,Moderate Cross-Sell Opportunity,0.5505416666666666,High Risk,0.5779,Ready,0.5791466666666666,Priority 2,Core Active | Core Digital Customer | Medium Value | Highly Digital | Moderate Transactional | Stable Spender | Shallow Relationship | Moderate Cross-Sell Opportunity | High Risk | Ready
C000160,2,At Risk,At-Risk Engagement Customer,0.1865,Low,0.08499999999999999,Low Transactional,0.497,Digitally Active,Moderate Engagement,At Risk,Shallow Relationship,Stable Spender,0.39999999999999997,Responsive,0.42795833333333333,Low Cross-Sell Opportunity,0.7671666666666668,Critical Risk,0.4412499999999999,Ready,0.3699583333333333,Priority 3,At Risk | At-Risk Engagement Customer | Low Value | Digitally Active | Low Transactional | Stable Spender | Shallow Relationship | Low Cross-Sell Opportunity | Critical Risk | Ready
C000161,1,Core Active,Core Relationship Customer,0.21741666666666667,Low,0.24916666666666668,Low Transactional,0.5576,Digitally Active,Moderate Engagement,Recently Active,Developing Relationship,Declining Spender,0.355,Responsive,0.4754366666666667,Moderate Cross-Sell Opportunity,0.5451666666666667,Moderate Risk,0.4144874999999999,Ready,0.3953487083333333,Priority 3,Core Active | Core Relationship Customer | Low Value | Digitally Active | Low Transactional | Declining Spender | Developing Relationship | Moderate Cross-Sell Opportunity | Moderate Risk | Ready
C000162,1,Core Active,Core Digital Customer,0.4389166666666667,Medium,0.48166666666666663,Moderate Transactional,0.7198,Highly Digital,High Engagement,Active,Developing Relationship,Stable Spender,0.725,Highly Responsive,0.5646266666666667,Moderate Cross-Sell Opportunity,0.5435,Moderate Risk,0.23526999999999998,Needs Nurturing,0.484693,Priority 3,Core Active | Core Digital Customer | Medium Value | Highly Digital | Moderate Transactional | Stable Spender | Developing Relationship | Moderate Cross-Sell Opportunity | Moderate Risk | Needs Nurturing
C000163,3,Premium High-Value,Premium Relationship Customer,0.9707499999999999,Very High,0.9695833333333332,Very High Transactional,0.49560000000000004,Digitally Active,High Engagement,Recently Active,Deep Relationship,Stable Spender,0.0875,Unresponsive,0.5710366666666665,Moderate Cross-Sell Opportunity,0.15770833333333334,Low Risk,0.363125,Needs Nurturing,0.5094339166666666,Priority 2,Premium High-Value | Premium Relationship Customer | Very High Value | Digitally Active | Very High Transactional | Stable Spender | Deep Relationship | Moderate Cross-Sell Opportunity | Low Risk | Needs Nurturing
C000164,3,Premium High-Value,Premium Relationship Customer,0.8855,Very High,0.8891666666666667,Very High Transactional,0.5466,Digitally Active,High Engagement,Active,Developing Relationship,Growing Spender,0.425,Responsive,0.6334283333333334,Moderate Cross-Sell Opportunity,0.394,Moderate Risk,0.3297,Needs Nurturing,0.5508785,Priority 2,Premium High-Value | Premium Relationship Customer | Very High Value | Digitally Active | Very High Transactional | Growing Spender | Developing Relationship | Moderate Cross-Sell Opportunity | Moderate Risk | Needs Nurturing
C000165,1,Core Active,Core Relationship Customer,0.20933333333333332,Low,0.2804166666666667,Moderate Transactional,0.6514,Digitally Active,High Engagement,Recently Active,Shallow Relationship,Stable Spender,0.41666666666666663,Responsive,0.570755,Moderate Cross-Sell Opportunity,0.49479166666666663,Moderate Risk,0.471975,Ready,0.45447441666666666,Priority 3,Core Active | Core Relationship Customer | Low Value | Digitally Active | Moderate Transactional | Stable Spender | Shallow Relationship | Moderate Cross-Sell Opportunity | Moderate Risk | Ready
C000166,3,Premium High-Value,Premium Relationship Customer,0.7161666666666667,High,0.6412500000000001,High Transactional,0.6484000000000001,Digitally Active,High Engagement,Recently Active,Developing Relationship,Stable Spender,0.6916666666666665,Highly Responsive,0.6627050000000001,Moderate Cross-Sell Opportunity,0.40245833333333336,Moderate Risk,0.562675,Ready,0.64499275,Priority 2,Premium High-Value | Premium Relationship Customer | High Value | Digitally Active | High Transactional | Stable Spender | Developing Relationship | Moderate Cross-Sell Opportunity | Moderate Risk | Ready
C000167,3,Premium High-Value,Premium Digital Customer,0.8761666666666665,Very High,0.8004166666666667,Very High Transactional,0.777,Highly Digital,High Engagement,Recently Active,Deep Relationship,Stable Spender,0.665,Highly Responsive,0.6077916666666666,Moderate Cross-Sell Opportunity,0.179125,Low Risk,0.39269999999999994,Needs Nurturing,0.6270249999999999,Priority 2,Premium High-Value | Premium Digital Customer | Very High Value | Highly Digital | Very High Transactional | Stable Spender | Deep Relationship | Moderate Cross-Sell Opportunity | Low Risk | Needs Nurturing
C000168,1,Core Active,Core Relationship Customer,0.33391666666666664,Low,0.39625,Moderate Transactional,0.5372,Digitally Active,High Engagement,At Risk,Developing Relationship,Declining Spender,0.14999999999999997,Unresponsive,0.45209,Moderate Cross-Sell Opportunity,0.7586250000000001,Critical Risk,0.09765,Low Readiness,0.26426449999999996,Priority 4,Core Active | Core Relationship Customer | Low Value | Digitally Active | Moderate Transactional | Declining Spender | Developing Relationship | Moderate Cross-Sell Opportunity | Critical Risk | Low Readiness
C000169,1,Core Active,Core Relationship Customer,0.46875,Medium,0.4179166666666667,Moderate Transactional,0.42119999999999996,Moderate Digital,Moderate Engagement,Active,Shallow Relationship,Stable Spender,0.0875,Unresponsive,0.5443899999999999,Moderate Cross-Sell Opportunity,0.5194583333333334,Moderate Risk,0.2741375,Needs Nurturing,0.3677180416666666,Priority 3,Core Active | Core Relationship Customer | Medium Value | Moderate Digital | Moderate Transactional | Stable Spender | Shallow Relationship | Moderate Cross-Sell Opportunity | Moderate Risk | Needs Nurturing
C000170,3,Premium High-Value,Premium Digital Customer,0.9295,Very High,0.8766666666666667,Very High Transactional,0.7072,Highly Digital,High Engagement,Recently Active,Established Relationship,Stable Spender,0.5466666666666666,Responsive,0.6907483333333334,Moderate Cross-Sell Opportunity,0.2685,Low Risk,0.612575,Ready,0.6822765833333334,Priority 2,Premium High-Value | Premium Digital Customer | Very High Value | Highly Digital | Very High Transactional | Stable Spender | Established Relationship | Moderate Cross-Sell Opportunity | Low Risk | Ready
C000171,3,Premium High-Value,Premium Relationship Customer,0.8180000000000001,Very High,0.7875,Very High Transactional,0.5246,Digitally Active,High Engagement,Recently Active,Established Relationship,Stable Spender,0.27499999999999997,Low Response,0.5617783333333334,Moderate Cross-Sell Opportunity,0.375,Moderate Risk,0.5426899999999999,Ready,0.544406,Priority 2,Premium High-Value | Premium Relationship Customer | Very High Value | Digitally Active | Very High Transactional | Stable Spender | Established Relationship | Moderate Cross-Sell Opportunity | Moderate Risk | Ready
C000172,1,Core Active,Core Relationship Customer,0.12916666666666665,Low,0.15708333333333332,Low Transactional,0.6581999999999999,Digitally Active,High Engagement,Recently Active,Shallow Relationship,Stable Spender,0.0875,Unresponsive,0.5629816666666667,Moderate Cross-Sell Opportunity,0.31145833333333334,Low Risk,0.315175,Needs Nurturing,0.35341741666666665,Priority 3,Core Active | Core Relationship Customer | Low Value | Digitally Active | Low Transactional | Stable Spender | Shallow Relationship | Moderate Cross-Sell Opportunity | Low Risk | Needs Nurturing
C000173,1,Core Active,Core Digital Customer,0.5340833333333332,Medium,0.5308333333333334,High Transactional,0.7252000000000001,Highly Digital,Very High Engagement,Active,Developing Relationship,Declining Spender,0.8833333333333332,Highly Responsive,0.6065066666666667,Moderate Cross-Sell Opportunity,0.5025000000000001,Moderate Risk,0.516075,Ready,0.6174999166666666,Priority 2,Core Active | Core Digital Customer | Medium Value | Highly Digital | High Transactional | Declining Spender | Developing Relationship | Moderate Cross-Sell Opportunity | Moderate Risk | Ready
C000174,1,Core Active,Core Relationship Customer,0.37625000000000003,Medium,0.4266666666666667,Moderate Transactional,0.61,Digitally Active,High Engagement,Active,Shallow Relationship,Declining Spender,0.7124999999999999,Highly Responsive,0.5798666666666666,Moderate Cross-Sell Opportunity,0.5183333333333333,Moderate Risk,0.17675,Low Readiness,0.4652516666666666,Priority 3,Core Active | Core Relationship Customer | Medium Value | Digitally Active | Moderate Transactional | Declining Spender | Shallow Relationship | Moderate Cross-Sell Opportunity | Moderate Risk | Low Readiness
C000175,3,Premium High-Value,Premium Relationship Customer,0.8582500000000001,Very High,0.8641666666666666,Very High Transactional,0.5076,Digitally Active,High Engagement,Active,Established Relationship,Stable Spender,0.175,Low Response,0.58842,Moderate Cross-Sell Opportunity,0.41308333333333336,Moderate Risk,0.15925,Low Readiness,0.43876766666666667,Priority 3,Premium High-Value | Premium Relationship Customer | Very High Value | Digitally Active | Very High Transactional | Stable Spender | Established Relationship | Moderate Cross-Sell Opportunity | Moderate Risk | Low Readiness
C000176,3,Premium High-Value,Premium Relationship Customer,0.9230833333333333,Very High,0.8645833333333333,Very High Transactional,0.524,Digitally Active,High Engagement,Active,Deep Relationship,Stable Spender,0.11666666666666665,Unresponsive,0.5440833333333334,Moderate Cross-Sell Opportunity,0.46354166666666674,Moderate Risk,0.41489,Ready,0.48238916666666665,Priority 3,Premium High-Value | Premium Relationship Customer | Very High Value | Digitally Active | Very High Transactional | Stable Spender | Deep Relationship | Moderate Cross-Sell Opportunity | Moderate Risk | Ready
C000177,0,Dormant / Declining,Dormant Reactivation Target,0.2821666666666667,Low,0.125,Low Transactional,0.3004,Moderate Digital,Moderate Engagement,Dormant,Shallow Relationship,Stable Spender,0.6166666666666667,Highly Responsive,0.4095216666666667,Low Cross-Sell Opportunity,0.8213333333333334,Critical Risk,0.44443749999999993,Ready,0.417490875,Priority 3,Dormant / Declining | Dormant Reactivation Target | Low Value | Moderate Digital | Low Transactional | Stable Spender | Shallow Relationship | Low Cross-Sell Opportunity | Critical Risk | Ready
C000178,1,Core Active,Core Relationship Customer,0.5045833333333333,Medium,0.4429166666666667,Moderate Transactional,0.3984,Moderate Digital,Moderate Engagement,Active,Shallow Relationship,Growing Spender,0.11666666666666665,Unresponsive,0.5544966666666666,Moderate Cross-Sell Opportunity,0.4837916666666667,Moderate Risk,0.47464999999999996,Ready,0.43565316666666665,Priority 3,Core Active | Core Relationship Customer | Medium Value | Moderate Digital | Moderate Transactional | Growing Spender | Shallow Relationship | Moderate Cross-Sell Opportunity | Moderate Risk | Ready
C000179,1,Core Active,Core High-Activity Customer,0.64375,High,0.7670833333333333,Very High Transactional,0.4214,Moderate Digital,High Engagement,Recently Active,Developing Relationship,Stable Spender,0.09999999999999999,Unresponsive,0.5897300000000001,Moderate Cross-Sell Opportunity,0.3407083333333334,Low Risk,0.35034999999999994,Needs Nurturing,0.44699816666666664,Priority 3,Core Active | Core High-Activity Customer | High Value | Moderate Digital | Very High Transactional | Stable Spender | Developing Relationship | Moderate Cross-Sell Opportunity | Low Risk | Needs Nurturing
C000180,1,Core Active,Core Digital Customer,0.39733333333333337,Medium,0.38458333333333333,Moderate Transactional,0.77,Highly Digital,High Engagement,Recently Active,Shallow Relationship,Stable Spender,0.35,Responsive,0.6670416666666668,Moderate Cross-Sell Opportunity,0.27870833333333334,Low Risk,0.16123333333333334,Low Readiness,0.44215000000000004,Priority 3,Core Active | Core Digital Customer | Medium Value | Highly Digital | Moderate Transactional | Stable Spender | Shallow Relationship | Moderate Cross-Sell Opportunity | Low Risk | Low Readiness
C000181,1,Core Active,Core Relationship Customer,0.6303333333333333,High,0.6208333333333333,High Transactional,0.3506,Moderate Digital,Moderate Engagement,Active,Established Relationship,Stable Spender,0.2333333333333333,Low Response,0.417395,Low Cross-Sell Opportunity,0.62075,High Risk,0.27273749999999997,Needs Nurturing,0.3725445416666666,Priority 3,Core Active | Core Relationship Customer | High Value | Moderate Digital | High Transactional | Stable Spender | Established Relationship | Low Cross-Sell Opportunity | High Risk | Needs Nurturing
C000182,1,Core Active,Core Digital Customer,0.10466666666666666,Low,0.21375,Low Transactional,0.752,Highly Digital,High Engagement,Recently Active,Shallow Relationship,Stable Spender,0.2333333333333333,Low Response,0.5812416666666667,Moderate Cross-Sell Opportunity,0.43029166666666663,Moderate Risk,0.23811666666666664,Needs Nurturing,0.35323916666666666,Priority 3,Core Active | Core Digital Customer | Low Value | Highly Digital | Low Transactional | Stable Spender | Shallow Relationship | Moderate Cross-Sell Opportunity | Moderate Risk | Needs Nurturing
C000183,2,At Risk,At-Risk Declining Customer,0.41983333333333334,Medium,0.09791666666666667,Low Transactional,0.395,Moderate Digital,Moderate Engagement,Dormant,Shallow Relationship,Declining Spender,0.37,Responsive,0.487475,Moderate Cross-Sell Opportunity,0.9252083333333334,Critical Risk,0.31403749999999997,Needs Nurturing,0.36920604166666665,Priority 3,At Risk | At-Risk Declining Customer | Medium Value | Moderate Digital | Low Transactional | Declining Spender | Shallow Relationship | Moderate Cross-Sell Opportunity | Critical Risk | Needs Nurturing
C000184,1,Core Active,Core Relationship Customer,0.50175,Medium,0.6191666666666668,High Transactional,0.5414,Digitally Active,High Engagement,Active,Established Relationship,Stable Spender,0.29,Low Response,0.45486333333333334,Moderate Cross-Sell Opportunity,0.31150000000000005,Low Risk,0.5319666666666667,Ready,0.47156316666666664,Priority 3,Core Active | Core Relationship Customer | Medium Value | Digitally Active | High Transactional | Stable Spender | Established Relationship | Moderate Cross-Sell Opportunity | Low Risk | Ready
C000185,1,Core Active,Core Digital Customer,0.43758333333333327,Medium,0.5529166666666666,High Transactional,0.7358,Highly Digital,Very High Engagement,Recently Active,Shallow Relationship,Stable Spender,0.6208333333333333,Highly Responsive,0.66971,Moderate Cross-Sell Opportunity,0.42537499999999995,Moderate Risk,0.21455,Needs Nurturing,0.5018171666666666,Priority 2,Core Active | Core Digital Customer | Medium Value | Highly Digital | High Transactional | Stable Spender | Shallow Relationship | Moderate Cross-Sell Opportunity | Moderate Risk | Needs Nurturing
C000186,1,Core Active,Core Relationship Customer,0.3245,Low,0.34666666666666673,Moderate Transactional,0.6843999999999999,Digitally Active,High Engagement,Active,Developing Relationship,Stable Spender,0.5499999999999999,Responsive,0.5109383333333334,Moderate Cross-Sell Opportunity,0.6251666666666666,High Risk,0.284725,Needs Nurturing,0.42062108333333337,Priority 3,Core Active | Core Relationship Customer | Low Value | Digitally Active | Moderate Transactional | Stable Spender | Developing Relationship | Moderate Cross-Sell Opportunity | High Risk | Needs Nurturing
C000187,2,At Risk,At-Risk Engagement Customer,0.19158333333333333,Low,0.15541666666666668,Low Transactional,0.2536,Moderate Digital,Moderate Engagement,At Risk,Developing Relationship,Stable Spender,0.41666666666666663,Responsive,0.31342,Low Cross-Sell Opportunity,0.9215416666666667,Critical Risk,0.0924,Low Readiness,0.23704266666666665,Priority 4,At Risk | At-Risk Engagement Customer | Low Value | Moderate Digital | Low Transactional | Stable Spender | Developing Relationship | Low Cross-Sell Opportunity | Critical Risk | Low Readiness
C000188,0,Dormant / Declining,Dormant Reactivation Target,0.13316666666666666,Low,0.13083333333333333,Low Transactional,0.1866,Low Digital,Moderate Engagement,Dormant,Shallow Relationship,Declining Spender,0.0,Unresponsive,0.33651166666666665,Low Cross-Sell Opportunity,0.965,Critical Risk,0.10272499999999998,Low Readiness,0.15010975,Priority 4,Dormant / Declining | Dormant Reactivation Target | Low Value | Low Digital | Low Transactional | Declining Spender | Shallow Relationship | Low Cross-Sell Opportunity | Critical Risk | Low Readiness
C000189,3,Premium High-Value,Premium Relationship Customer,0.8037500000000001,Very High,0.7095833333333335,High Transactional,0.6706000000000001,Digitally Active,High Engagement,Recently Active,Developing Relationship,Stable Spender,0.5049999999999999,Responsive,0.6785866666666667,Moderate Cross-Sell Opportunity,0.43962500000000004,Moderate Risk,0.25529,Needs Nurturing,0.5449984999999999,Priority 2,Premium High-Value | Premium Relationship Customer | Very High Value | Digitally Active | High Transactional | Stable Spender | Developing Relationship | Moderate Cross-Sell Opportunity | Moderate Risk | Needs Nurturing
C000190,0,Dormant / Declining,Dormant Reactivation Target,0.33641666666666664,Low,0.20875,Low Transactional,0.393,Moderate Digital,Moderate Engagement,Dormant,Shallow Relationship,Stable Spender,0.29,Low Response,0.44461666666666666,Low Cross-Sell Opportunity,0.9582083333333333,Critical Risk,0.19207999999999997,Low Readiness,0.2940466666666666,Priority 4,Dormant / Declining | Dormant Reactivation Target | Low Value | Moderate Digital | Low Transactional | Stable Spender | Shallow Relationship | Low Cross-Sell Opportunity | Critical Risk | Low Readiness
C000191,3,Premium High-Value,Premium Relationship Customer,0.8576666666666666,Very High,0.9183333333333333,Very High Transactional,0.6908,Digitally Active,High Engagement,Recently Active,Deep Relationship,Growing Spender,0.7333333333333333,Highly Responsive,0.5597349999999999,Moderate Cross-Sell Opportunity,0.22366666666666668,Low Risk,0.3981833333333333,Needs Nurturing,0.6204163333333332,Priority 2,Premium High-Value | Premium Relationship Customer | Very High Value | Digitally Active | Very High Transactional | Growing Spender | Deep Relationship | Moderate Cross-Sell Opportunity | Low Risk | Needs Nurturing
C000192,1,Core Active,Core Relationship Customer,0.37583333333333335,Medium,0.5733333333333334,High Transactional,0.3934,Moderate Digital,High Engagement,Active,Established Relationship,Stable Spender,0.058333333333333307,Unresponsive,0.37628833333333334,Low Cross-Sell Opportunity,0.5066666666666667,Moderate Risk,0.26039999999999996,Needs Nurturing,0.2953615,Priority 4,Core Active | Core Relationship Customer | Medium Value | Moderate Digital | High Transactional | Stable Spender | Established Relationship | Low Cross-Sell Opportunity | Moderate Risk | Needs Nurturing
C000193,3,Premium High-Value,Premium Digital Customer,0.7231666666666667,High,0.7987500000000001,Very High Transactional,0.7325999999999999,Highly Digital,High Engagement,Active,Deep Relationship,Stable Spender,0.53,Responsive,0.542945,Moderate Cross-Sell Opportunity,0.22379166666666672,Low Risk,0.619,Ready,0.6097293333333333,Priority 2,Premium High-Value | Premium Digital Customer | High Value | Highly Digital | Very High Transactional | Stable Spender | Deep Relationship | Moderate Cross-Sell Opportunity | Low Risk | Ready
C000194,1,Core Active,Core Digital Customer,0.2554166666666667,Low,0.34541666666666665,Moderate Transactional,0.8162,Highly Digital,Very High Engagement,Recently Active,Established Relationship,Stable Spender,0.6499999999999999,Highly Responsive,0.5071566666666667,Moderate Cross-Sell Opportunity,0.24054166666666668,Low Risk,0.154,Low Readiness,0.4349053333333333,Priority 3,Core Active | Core Digital Customer | Low Value | Highly Digital | Moderate Transactional | Stable Spender | Established Relationship | Moderate Cross-Sell Opportunity | Low Risk | Low Readiness
C000195,2,At Risk,At-Risk Engagement Customer,0.4385,Medium,0.1433333333333333,Low Transactional,0.36339999999999995,Moderate Digital,Low Engagement,Dormant,Developing Relationship,Stable Spender,0.43999999999999995,Responsive,0.39175499999999996,Low Cross-Sell Opportunity,0.9330833333333334,Critical Risk,0.25549999999999995,Needs Nurturing,0.34186816666666664,Priority 3,At Risk | At-Risk Engagement Customer | Medium Value | Moderate Digital | Low Transactional | Stable Spender | Developing Relationship | Low Cross-Sell Opportunity | Critical Risk | Needs Nurturing
C000196,1,Core Active,Core Digital Customer,0.5073333333333334,Medium,0.51,High Transactional,0.7498,Highly Digital,Very High Engagement,Recently Active,Developing Relationship,Stable Spender,0.6499999999999999,Highly Responsive,0.6466850000000001,Moderate Cross-Sell Opportunity,0.27858333333333335,Low Risk,0.48341,Ready,0.5930996666666667,Priority 2,Core Active | Core Digital Customer | Medium Value | Highly Digital | High Transactional | Stable Spender | Developing Relationship | Moderate Cross-Sell Opportunity | Low Risk | Ready
C000197,1,Core Active,Core Relationship Customer,0.5335833333333333,Medium,0.5429166666666666,High Transactional,0.5052,Digitally Active,Moderate Engagement,Active,Developing Relationship,Stable Spender,0.37,Responsive,0.51034,Moderate Cross-Sell Opportunity,0.6567916666666668,High Risk,0.047775,Low Readiness,0.3534040833333333,Priority 3,Core Active | Core Relationship Customer | Medium Value | Digitally Active | High Transactional | Stable Spender | Developing Relationship | Moderate Cross-Sell Opportunity | High Risk | Low Readiness
C000198,1,Core Active,Core Digital Customer,0.38195833333333334,Medium,0.5045833333333334,High Transactional,0.8316,Highly Digital,Very High Engagement,Active,Established Relationship,Stable Spender,0.5666666666666667,Responsive,0.49681583333333335,Moderate Cross-Sell Opportunity,0.36562500000000003,Moderate Risk,0.22813,Needs Nurturing,0.4401418333333333,Priority 3,Core Active | Core Digital Customer | Medium Value | Highly Digital | High Transactional | Stable Spender | Established Relationship | Moderate Cross-Sell Opportunity | Moderate Risk | Needs Nurturing
C000199,1,Core Active,Core Relationship Customer,0.5789166666666665,Medium,0.6129166666666667,High Transactional,0.296,Moderate Digital,High Engagement,Recently Active,Established Relationship,Declining Spender,0.19999999999999998,Low Response,0.45743333333333325,Moderate Cross-Sell Opportunity,0.32829166666666665,Low Risk,0.47121999999999997,Ready,0.44904333333333324,Priority 3,Core Active | Core Relationship Customer | Medium Value | Moderate Digital | High Transactional | Declining Spender | Established Relationship | Moderate Cross-Sell Opportunity | Low Risk | Ready
C000200,1,Core Active,Core Relationship Customer,0.6161666666666665,High,0.4633333333333334,Moderate Transactional,0.55,Digitally Active,High Engagement,Active,Developing Relationship,Stable Spender,0.3516666666666667,Responsive,0.5886583333333333,Moderate Cross-Sell Opportunity,0.36483333333333334,Moderate Risk,0.26887,Needs Nurturing,0.47009,Priority 3,Core Active | Core Relationship Customer | High Value | Digitally Active | Moderate Transactional | Stable Spender | Developing Relationship | Moderate Cross-Sell Opportunity | Moderate Risk | Needs Nurturing
C000201,1,Core Active,Core Relationship Customer,0.3041666666666667,Low,0.38916666666666666,Moderate Transactional,0.5287999999999999,Digitally Active,Moderate Engagement,Recently Active,Shallow Relationship,Declining Spender,0.27499999999999997,Low Response,0.556585,Moderate Cross-Sell Opportunity,0.5453333333333333,Moderate Risk,0.32858,Needs Nurturing,0.3952121666666667,Priority 3,Core Active | Core Relationship Customer | Low Value | Digitally Active | Moderate Transactional | Declining Spender | Shallow Relationship | Moderate Cross-Sell Opportunity | Moderate Risk | Needs Nurturing
C000202,1,Core Active,Core Relationship Customer,0.16416666666666666,Low,0.22624999999999998,Low Transactional,0.6766,Digitally Active,High Engagement,Recently Active,Established Relationship,Stable Spender,0.35,Responsive,0.40971166666666664,Low Cross-Sell Opportunity,0.456375,Moderate Risk,0.264075,Needs Nurturing,0.33791974999999996,Priority 3,Core Active | Core Relationship Customer | Low Value | Digitally Active | Low Transactional | Stable Spender | Established Relationship | Low Cross-Sell Opportunity | Moderate Risk | Needs Nurturing
C000203,2,At Risk,At-Risk Declining Customer,0.21600000000000003,Low,0.16875,Low Transactional,0.1288,Low Digital,Low Engagement,At Risk,Shallow Relationship,Declining Spender,0.0,Unresponsive,0.35206833333333337,Low Cross-Sell Opportunity,0.9407083333333334,Critical Risk,0.10899,Low Readiness,0.17119716666666668,Priority 4,At Risk | At-Risk Declining Customer | Low Value | Low Digital | Low Transactional | Declining Spender | Shallow Relationship | Low Cross-Sell Opportunity | Critical Risk | Low Readiness
C000204,1,Core Active,Core Relationship Customer,0.38833333333333336,Medium,0.435,Moderate Transactional,0.5364,Digitally Active,High Engagement,Recently Active,Developing Relationship,Stable Spender,0.38749999999999996,Responsive,0.5087383333333333,Moderate Cross-Sell Opportunity,0.5546666666666666,High Risk,0.10149999999999999,Low Readiness,0.35827983333333335,Priority 3,Core Active | Core Relationship Customer | Medium Value | Digitally Active | Moderate Transactional | Stable Spender | Developing Relationship | Moderate Cross-Sell Opportunity | High Risk | Low Readiness
C000205,0,Dormant / Declining,Dormant Reactivation Target,0.5113333333333333,Medium,0.3183333333333333,Moderate Transactional,0.5436000000000001,Digitally Active,High Engagement,Dormant,Shallow Relationship,Declining Spender,0.41666666666666663,Responsive,0.5579783333333335,Moderate Cross-Sell Opportunity,0.8719166666666668,Critical Risk,0.30537499999999995,Needs Nurturing,0.41657891666666663,Priority 3,Dormant / Declining | Dormant Reactivation Target | Medium Value | Digitally Active | Moderate Transactional | Declining Spender | Shallow Relationship | Moderate Cross-Sell Opportunity | Critical Risk | Needs Nurturing
C000206,1,Core Active,Core Relationship Customer,0.5241666666666667,Medium,0.5833333333333334,High Transactional,0.5716000000000001,Digitally Active,High Engagement,Active,Established Relationship,Stable Spender,0.41666666666666663,Responsive,0.49824500000000005,Moderate Cross-Sell Opportunity,0.33866666666666667,Low Risk,0.266,Needs Nurturing,0.4440651666666667,Priority 3,Core Active | Core Relationship Customer | Medium Value | Digitally Active | High Transactional | Stable Spender | Established Relationship | Moderate Cross-Sell Opportunity | Low Risk | Needs Nurturing
C000207,3,Premium High-Value,Premium Digital Customer,0.9135833333333334,Very High,0.9470833333333334,Very High Transactional,0.8432,Highly Digital,Very High Engagement,Active,Deep Relationship,Stable Spender,0.3833333333333333,Responsive,0.5753233333333333,Moderate Cross-Sell Opportunity,0.34012500000000007,Low Risk,0.28637,Needs Nurturing,0.5238811666666666,Priority 2,Premium High-Value | Premium Digital Customer | Very High Value | Highly Digital | Very High Transactional | Stable Spender | Deep Relationship | Moderate Cross-Sell Opportunity | Low Risk | Needs Nurturing
C000208,1,Core Active,Core Digital Customer,0.08658333333333333,Low,0.12916666666666665,Low Transactional,0.7488,Highly Digital,High Engagement,Recently Active,Developing Relationship,Stable Spender,0.5,Responsive,0.4557933333333334,Moderate Cross-Sell Opportunity,0.6144166666666667,High Risk,0.36819999999999997,Needs Nurturing,0.38033383333333326,Priority 3,Core Active | Core Digital Customer | Low Value | Highly Digital | Low Transactional | Stable Spender | Developing Relationship | Moderate Cross-Sell Opportunity | High Risk | Needs Nurturing
C000209,1,Core Active,Core Relationship Customer,0.35358333333333336,Medium,0.4016666666666667,Moderate Transactional,0.6629999999999999,Digitally Active,High Engagement,Recently Active,Shallow Relationship,Stable Spender,0.0,Unresponsive,0.6273166666666666,Moderate Cross-Sell Opportunity,0.46266666666666667,Moderate Risk,0.089775,Low Readiness,0.31740958333333336,Priority 3,Core Active | Core Relationship Customer | Medium Value | Digitally Active | Moderate Transactional | Stable Spender | Shallow Relationship | Moderate Cross-Sell Opportunity | Moderate Risk | Low Readiness
C000210,1,Core Active,Core Relationship Customer,0.27616666666666667,Low,0.25333333333333335,Moderate Transactional,0.6812,Digitally Active,High Engagement,Recently Active,Shallow Relationship,Stable Spender,0.43999999999999995,Responsive,0.6012649999999999,Moderate Cross-Sell Opportunity,0.33666666666666667,Low Risk,0.3373999999999999,Needs Nurturing,0.46048783333333326,Priority 3,Core Active | Core Relationship Customer | Low Value | Digitally Active | Moderate Transactional | Stable Spender | Shallow Relationship | Moderate Cross-Sell Opportunity | Low Risk | Needs Nurturing
C000211,1,Core Active,Core Relationship Customer,0.5609999999999999,Medium,0.5008333333333332,High Transactional,0.5304,Digitally Active,Moderate Engagement,Active,Developing Relationship,Declining Spender,0.55,Responsive,0.5413716666666666,Moderate Cross-Sell Opportunity,0.5345,Moderate Risk,0.14437499999999998,Low Readiness,0.43920525,Priority 3,Core Active | Core Relationship Customer | Medium Value | Digitally Active | High Transactional | Declining Spender | Developing Relationship | Moderate Cross-Sell Opportunity | Moderate Risk | Low Readiness
C000212,1,Core Active,Core Digital Customer,0.22325,Low,0.26791666666666664,Moderate Transactional,0.7908,Highly Digital,High Engagement,Recently Active,Shallow Relationship,Stable Spender,0.5,Responsive,0.6160266666666667,Moderate Cross-Sell Opportunity,0.2660416666666667,Low Risk,0.2441833333333333,Needs Nurturing,0.45273716666666663,Priority 3,Core Active | Core Digital Customer | Low Value | Highly Digital | Moderate Transactional | Stable Spender | Shallow Relationship | Moderate Cross-Sell Opportunity | Low Risk | Needs Nurturing
C000213,1,Core Active,Core Relationship Customer,0.52475,Medium,0.43416666666666665,Moderate Transactional,0.5406,Digitally Active,High Engagement,Active,Developing Relationship,Stable Spender,0.7124999999999999,Highly Responsive,0.54227,Moderate Cross-Sell Opportunity,0.40225000000000005,Moderate Risk,0.162925,Low Readiness,0.48439975,Priority 3,Core Active | Core Relationship Customer | Medium Value | Digitally Active | Moderate Transactional | Stable Spender | Developing Relationship | Moderate Cross-Sell Opportunity | Moderate Risk | Low Readiness
C000214,3,Premium High-Value,Premium Digital Customer,0.8268333333333333,Very High,0.9066666666666667,Very High Transactional,0.7454000000000001,Highly Digital,High Engagement,Active,Deep Relationship,Declining Spender,0.4624999999999999,Responsive,0.551705,Moderate Cross-Sell Opportunity,0.4754166666666667,Moderate Risk,0.29259999999999997,Needs Nurturing,0.5076448333333333,Priority 2,Premium High-Value | Premium Digital Customer | Very High Value | Highly Digital | Very High Transactional | Declining Spender | Deep Relationship | Moderate Cross-Sell Opportunity | Moderate Risk | Needs Nurturing
C000215,2,At Risk,At-Risk Declining Customer,0.43074999999999997,Medium,0.35916666666666663,Moderate Transactional,0.4716,Digitally Active,Moderate Engagement,At Risk,Developing Relationship,Declining Spender,0.0,Unresponsive,0.4421366666666667,Low Cross-Sell Opportunity,0.8645,Critical Risk,0.43762999999999996,Ready,0.32021099999999997,Priority 3,At Risk | At-Risk Declining Customer | Medium Value | Digitally Active | Moderate Transactional | Declining Spender | Developing Relationship | Low Cross-Sell Opportunity | Critical Risk | Ready
C000216,2,At Risk,At-Risk Engagement Customer,0.07641666666666667,Low,0.12125,Low Transactional,0.659,Digitally Active,High Engagement,At Risk,Shallow Relationship,Stable Spender,0.585,Responsive,0.46958333333333335,Moderate Cross-Sell Opportunity,0.636125,High Risk,0.683925,Highly Ready,0.47670625,Priority 3,At Risk | At-Risk Engagement Customer | Low Value | Digitally Active | Low Transactional | Stable Spender | Shallow Relationship | Moderate Cross-Sell Opportunity | High Risk | Highly Ready
C000217,3,Premium High-Value,Premium Digital Customer,0.9463333333333332,Very High,0.9125000000000001,Very High Transactional,0.7667999999999999,Highly Digital,High Engagement,Active,Established Relationship,Growing Spender,0.7119047619047618,Highly Responsive,0.6093183333333333,Moderate Cross-Sell Opportunity,0.3395000000000001,Low Risk,0.655775,Highly Ready,0.6971202023809523,Priority 2,Premium High-Value | Premium Digital Customer | Very High Value | Highly Digital | Very High Transactional | Growing Spender | Established Relationship | Moderate Cross-Sell Opportunity | Low Risk | Highly Ready
C000218,3,Premium High-Value,Premium Relationship Customer,0.7913333333333332,High,0.6904166666666667,High Transactional,0.542,Digitally Active,High Engagement,Recently Active,Established Relationship,Stable Spender,0.38749999999999996,Responsive,0.5502916666666666,Moderate Cross-Sell Opportunity,0.4099583333333333,Moderate Risk,0.40789,Ready,0.5222641666666666,Priority 2,Premium High-Value | Premium Relationship Customer | High Value | Digitally Active | High Transactional | Stable Spender | Established Relationship | Moderate Cross-Sell Opportunity | Moderate Risk | Ready
C000219,1,Core Active,Core Relationship Customer,0.50275,Medium,0.6591666666666667,High Transactional,0.6108,Digitally Active,Moderate Engagement,Recently Active,Established Relationship,Stable Spender,0.41,Responsive,0.4566266666666667,Moderate Cross-Sell Opportunity,0.29600000000000004,Low Risk,0.536775,Ready,0.49899425000000003,Priority 3,Core Active | Core Relationship Customer | Medium Value | Digitally Active | High Transactional | Stable Spender | Established Relationship | Moderate Cross-Sell Opportunity | Low Risk | Ready
C000220,1,Core Active,Core Digital Customer,0.6603333333333332,High,0.5404166666666667,High Transactional,0.8152,Highly Digital,High Engagement,Recently Active,Established Relationship,Stable Spender,0.41666666666666663,Responsive,0.6174316666666667,Moderate Cross-Sell Opportunity,0.447875,Moderate Risk,0.4762875,Ready,0.5418972083333333,Priority 2,Core Active | Core Digital Customer | High Value | Highly Digital | High Transactional | Stable Spender | Established Relationship | Moderate Cross-Sell Opportunity | Moderate Risk | Ready
C000221,3,Premium High-Value,Premium Digital Customer,0.6124166666666666,High,0.4995833333333334,Moderate Transactional,0.8436,Highly Digital,Very High Engagement,Recently Active,Established Relationship,Stable Spender,0.27999999999999997,Low Response,0.6534199999999999,Moderate Cross-Sell Opportunity,0.13295833333333332,Low Risk,0.5961249999999999,Ready,0.5796239166666666,Priority 2,Premium High-Value | Premium Digital Customer | High Value | Highly Digital | Moderate Transactional | Stable Spender | Established Relationship | Moderate Cross-Sell Opportunity | Low Risk | Ready
C000222,1,Core Active,Core Relationship Customer,0.5115833333333333,Medium,0.5229166666666666,High Transactional,0.3032,Moderate Digital,High Engagement,Active,Established Relationship,Growing Spender,0.11666666666666665,Unresponsive,0.37649,Low Cross-Sell Opportunity,0.5034583333333333,Moderate Risk,0.09753333333333333,Low Readiness,0.28705533333333333,Priority 4,Core Active | Core Relationship Customer | Medium Value | Moderate Digital | High Transactional | Growing Spender | Established Relationship | Low Cross-Sell Opportunity | Moderate Risk | Low Readiness
C000223,3,Premium High-Value,Premium Digital Customer,0.8001666666666666,Very High,0.795,Very High Transactional,0.7816000000000001,Highly Digital,Very High Engagement,Active,Established Relationship,Stable Spender,0.5416666666666666,Responsive,0.5945116666666667,Moderate Cross-Sell Opportunity,0.4215,Moderate Risk,0.43295,Ready,0.5727993333333332,Priority 2,Premium High-Value | Premium Digital Customer | Very High Value | Highly Digital | Very High Transactional | Stable Spender | Established Relationship | Moderate Cross-Sell Opportunity | Moderate Risk | Ready
C000224,1,Core Active,Core Relationship Customer,0.20816666666666667,Low,0.22041666666666665,Low Transactional,0.6456,Digitally Active,High Engagement,Active,Shallow Relationship,Stable Spender,0.2333333333333333,Low Response,0.5473116666666666,Moderate Cross-Sell Opportunity,0.6137916666666667,High Risk,0.5112,Ready,0.408506,Priority 3,Core Active | Core Relationship Customer | Low Value | Digitally Active | Low Transactional | Stable Spender | Shallow Relationship | Moderate Cross-Sell Opportunity | High Risk | Ready
C000225,0,Dormant / Declining,Dormant Reactivation Target,0.15875,Low,0.11125000000000002,Low Transactional,0.0844,Low Digital,Low Engagement,Dormant,Shallow Relationship,Declining Spender,0.0,Unresponsive,0.30994666666666665,Low Cross-Sell Opportunity,0.9827083333333334,Critical Risk,0.07682499999999999,Low Readiness,0.13773191666666668,Priority 4,Dormant / Declining | Dormant Reactivation Target | Low Value | Low Digital | Low Transactional | Declining Spender | Shallow Relationship | Low Cross-Sell Opportunity | Critical Risk | Low Readiness
C000226,3,Premium High-Value,Premium Digital Customer,0.8943333333333334,Very High,0.9833333333333333,Very High Transactional,0.8220000000000001,Highly Digital,High Engagement,Active,Deep Relationship,Stable Spender,0.5249999999999999,Responsive,0.5514083333333334,Moderate Cross-Sell Opportunity,0.5434166666666668,Moderate Risk,0.33704999999999996,Needs Nurturing,0.5344933333333334,Priority 2,Premium High-Value | Premium Digital Customer | Very High Value | Highly Digital | Very High Transactional | Stable Spender | Deep Relationship | Moderate Cross-Sell Opportunity | Moderate Risk | Needs Nurturing
C000227,1,Core Active,Core Relationship Customer,0.27425,Low,0.36791666666666667,Moderate Transactional,0.28500000000000003,Moderate Digital,Moderate Engagement,Recently Active,Shallow Relationship,Stable Spender,0.37,Responsive,0.4961,Moderate Cross-Sell Opportunity,0.5707916666666667,High Risk,0.199675,Low Readiness,0.35680708333333333,Priority 3,Core Active | Core Relationship Customer | Low Value | Moderate Digital | Moderate Transactional | Stable Spender | Shallow Relationship | Moderate Cross-Sell Opportunity | High Risk | Low Readiness
C000228,1,Core Active,Core Cross-Sell Opportunity,0.7184166666666667,High,0.5441666666666667,High Transactional,0.5324,Digitally Active,High Engagement,Recently Active,Shallow Relationship,Growing Spender,0.13999999999999999,Unresponsive,0.7090966666666667,High Cross-Sell Opportunity,0.29900000000000004,Low Risk,0.31325,Needs Nurturing,0.49690399999999996,Priority 3,Core Active | Core Cross-Sell Opportunity | High Value | Digitally Active | High Transactional | Growing Spender | Shallow Relationship | High Cross-Sell Opportunity | Low Risk | Needs Nurturing
C000229,1,Core Active,Core Digital Customer,0.21933333333333332,Low,0.2575,Moderate Transactional,0.7956,Highly Digital,High Engagement,Recently Active,Shallow Relationship,Growing Spender,0.625,Highly Responsive,0.6345950000000001,Moderate Cross-Sell Opportunity,0.2126666666666667,Low Risk,0.17698333333333333,Low Readiness,0.4712576666666667,Priority 3,Core Active | Core Digital Customer | Low Value | Highly Digital | Moderate Transactional | Growing Spender | Shallow Relationship | Moderate Cross-Sell Opportunity | Low Risk | Low Readiness
C000230,1,Core Active,Core Relationship Customer,0.31725000000000003,Low,0.3125,Moderate Transactional,0.4992,Digitally Active,Moderate Engagement,Active,Shallow Relationship,Stable Spender,0.09999999999999999,Unresponsive,0.49279,Moderate Cross-Sell Opportunity,0.6535,High Risk,0.32199999999999995,Needs Nurturing,0.3305745,Priority 3,Core Active | Core Relationship Customer | Low Value | Digitally Active | Moderate Transactional | Stable Spender | Shallow Relationship | Moderate Cross-Sell Opportunity | High Risk | Needs Nurturing
C000231,3,Premium High-Value,Premium Digital Customer,0.5615,Medium,0.8229166666666666,Very High Transactional,0.8908,Highly Digital,Very High Engagement,Recently Active,Developing Relationship,Stable Spender,0.5466666666666666,Responsive,0.6797850000000001,Moderate Cross-Sell Opportunity,0.09104166666666666,Low Risk,0.45618000000000003,Ready,0.6024346666666667,Priority 2,Premium High-Value | Premium Digital Customer | Medium Value | Highly Digital | Very High Transactional | Stable Spender | Developing Relationship | Moderate Cross-Sell Opportunity | Low Risk | Ready
C000232,2,At Risk,At-Risk Engagement Customer,0.14841666666666667,Low,0.12041666666666667,Low Transactional,0.1934,Low Digital,Moderate Engagement,Active,Established Relationship,Stable Spender,0.0,Unresponsive,0.24439666666666665,Low Cross-Sell Opportunity,0.7305416666666668,High Risk,0.20731666666666665,Needs Nurturing,0.1743565,Priority 4,At Risk | At-Risk Engagement Customer | Low Value | Low Digital | Low Transactional | Stable Spender | Established Relationship | Low Cross-Sell Opportunity | High Risk | Needs Nurturing
C000233,2,At Risk,At-Risk Declining Customer,0.3803333333333333,Medium,0.2825,Moderate Transactional,0.37979999999999997,Moderate Digital,Low Engagement,At Risk,Shallow Relationship,Declining Spender,0.06999999999999999,Unresponsive,0.45491833333333326,Moderate Cross-Sell Opportunity,0.9336666666666668,Critical Risk,0.20426,Needs Nurturing,0.26522383333333327,Priority 4,At Risk | At-Risk Declining Customer | Medium Value | Moderate Digital | Moderate Transactional | Declining Spender | Shallow Relationship | Moderate Cross-Sell Opportunity | Critical Risk | Needs Nurturing
C000234,2,At Risk,At-Risk Declining Customer,0.11633333333333332,Low,0.043333333333333335,Low Transactional,0.1248,Low Digital,Low Engagement,At Risk,Developing Relationship,Declining Spender,0.0,Unresponsive,0.22296833333333335,Low Cross-Sell Opportunity,0.9543333333333334,Critical Risk,0.12459999999999999,Low Readiness,0.12005716666666666,Priority 4,At Risk | At-Risk Declining Customer | Low Value | Low Digital | Low Transactional | Declining Spender | Developing Relationship | Low Cross-Sell Opportunity | Critical Risk | Low Readiness
C000235,1,Core Active,Core Relationship Customer,0.20425,Low,0.20624999999999996,Low Transactional,0.5994,Digitally Active,High Engagement,Recently Active,Shallow Relationship,Declining Spender,0.7083333333333333,Highly Responsive,0.5837466666666667,Moderate Cross-Sell Opportunity,0.4307916666666667,Moderate Risk,0.22595999999999994,Needs Nurturing,0.460839,Priority 3,Core Active | Core Relationship Customer | Low Value | Digitally Active | Low Transactional | Declining Spender | Shallow Relationship | Moderate Cross-Sell Opportunity | Moderate Risk | Needs Nurturing
C000236,3,Premium High-Value,Premium Digital Customer,0.9015000000000001,Very High,0.8608333333333333,Very High Transactional,0.7465999999999999,Highly Digital,Very High Engagement,Recently Active,Established Relationship,Declining Spender,0.4624999999999999,Responsive,0.6691616666666667,Moderate Cross-Sell Opportunity,0.19591666666666663,Low Risk,0.4044249999999999,Ready,0.6099880833333332,Priority 2,Premium High-Value | Premium Digital Customer | Very High Value | Highly Digital | Very High Transactional | Declining Spender | Established Relationship | Moderate Cross-Sell Opportunity | Low Risk | Ready
C000237,1,Core Active,Core Relationship Customer,0.4024166666666667,Medium,0.4329166666666667,Moderate Transactional,0.5616,Digitally Active,High Engagement,Active,Developing Relationship,Growing Spender,0.31,Low Response,0.4828366666666667,Moderate Cross-Sell Opportunity,0.5282083333333334,Moderate Risk,0.10815,Low Readiness,0.34143016666666665,Priority 3,Core Active | Core Relationship Customer | Medium Value | Digitally Active | Moderate Transactional | Growing Spender | Developing Relationship | Moderate Cross-Sell Opportunity | Moderate Risk | Low Readiness
C000238,1,Core Active,Core Relationship Customer,0.6164166666666666,High,0.72125,High Transactional,0.4134,Moderate Digital,High Engagement,Recently Active,Shallow Relationship,Growing Spender,0.175,Low Response,0.6527799999999999,Moderate Cross-Sell Opportunity,0.21779166666666666,Low Risk,0.27941666666666665,Needs Nurturing,0.47137149999999994,Priority 3,Core Active | Core Relationship Customer | High Value | Moderate Digital | High Transactional | Growing Spender | Shallow Relationship | Moderate Cross-Sell Opportunity | Low Risk | Needs Nurturing
C000239,3,Premium High-Value,Premium Digital Customer,0.772,High,0.92,Very High Transactional,0.8286,Highly Digital,Very High Engagement,At Risk,Deep Relationship,Stable Spender,0.175,Low Response,0.546645,Moderate Cross-Sell Opportunity,0.37483333333333335,Moderate Risk,0.47977000000000003,Ready,0.4972526666666667,Priority 3,Premium High-Value | Premium Digital Customer | High Value | Highly Digital | Very High Transactional | Stable Spender | Deep Relationship | Moderate Cross-Sell Opportunity | Moderate Risk | Ready
C000240,1,Core Active,Core Relationship Customer,0.6573333333333333,High,0.7241666666666667,High Transactional,0.6504,Digitally Active,High Engagement,Active,Established Relationship,Declining Spender,0.5499999999999999,Responsive,0.5344883333333333,Moderate Cross-Sell Opportunity,0.5281666666666667,Moderate Risk,0.29280999999999996,Needs Nurturing,0.48933233333333337,Priority 3,Core Active | Core Relationship Customer | High Value | Digitally Active | High Transactional | Declining Spender | Established Relationship | Moderate Cross-Sell Opportunity | Moderate Risk | Needs Nurturing
C000241,1,Core Active,Core Relationship Customer,0.20716666666666664,Low,0.22499999999999998,Low Transactional,0.6406,Digitally Active,Moderate Engagement,Active,Shallow Relationship,Growing Spender,0.5466666666666666,Responsive,0.49826166666666666,Moderate Cross-Sell Opportunity,0.6465833333333333,High Risk,0.10388,Low Readiness,0.35119849999999997,Priority 3,Core Active | Core Relationship Customer | Low Value | Digitally Active | Low Transactional | Growing Spender | Shallow Relationship | Moderate Cross-Sell Opportunity | High Risk | Low Readiness
C000242,1,Core Active,Core Relationship Customer,0.17591666666666667,Low,0.27708333333333335,Moderate Transactional,0.6799999999999999,Digitally Active,Moderate Engagement,Active,Shallow Relationship,Growing Spender,0.0,Unresponsive,0.51015,Moderate Cross-Sell Opportunity,0.5652916666666666,High Risk,0.48724999999999996,Ready,0.34471583333333333,Priority 3,Core Active | Core Relationship Customer | Low Value | Digitally Active | Moderate Transactional | Growing Spender | Shallow Relationship | Moderate Cross-Sell Opportunity | High Risk | Ready
C000243,1,Core Active,Core Relationship Customer,0.22508333333333333,Low,0.18458333333333335,Low Transactional,0.49620000000000003,Digitally Active,High Engagement,Recently Active,Developing Relationship,Stable Spender,0.5333333333333333,Responsive,0.47970666666666667,Moderate Cross-Sell Opportunity,0.49320833333333336,Moderate Risk,0.13483749999999997,Low Readiness,0.36872970833333335,Priority 3,Core Active | Core Relationship Customer | Low Value | Digitally Active | Low Transactional | Stable Spender | Developing Relationship | Moderate Cross-Sell Opportunity | Moderate Risk | Low Readiness
C000244,1,Core Active,Core Relationship Customer,0.5694166666666668,Medium,0.46541666666666665,Moderate Transactional,0.5711999999999999,Digitally Active,High Engagement,Recently Active,Established Relationship,Stable Spender,0.45833333333333326,Responsive,0.5457233333333333,Moderate Cross-Sell Opportunity,0.24804166666666666,Low Risk,0.3264625,Needs Nurturing,0.497607625,Priority 3,Core Active | Core Relationship Customer | Medium Value | Digitally Active | Moderate Transactional | Stable Spender | Established Relationship | Moderate Cross-Sell Opportunity | Low Risk | Needs Nurturing
C000245,1,Core Active,Core Relationship Customer,0.58225,Medium,0.6708333333333334,High Transactional,0.6362,Digitally Active,Moderate Engagement,Active,Established Relationship,Stable Spender,0.6916666666666665,Highly Responsive,0.42782333333333333,Low Cross-Sell Opportunity,0.5731666666666667,High Risk,0.12775,Low Readiness,0.42863866666666667,Priority 3,Core Active | Core Relationship Customer | Medium Value | Digitally Active | High Transactional | Stable Spender | Established Relationship | Low Cross-Sell Opportunity | High Risk | Low Readiness
C000246,1,Core Active,Core Relationship Customer,0.2515,Low,0.2554166666666667,Moderate Transactional,0.3304,Moderate Digital,Moderate Engagement,Active,Developing Relationship,Growing Spender,0.32499999999999996,Low Response,0.37492166666666676,Low Cross-Sell Opportunity,0.5632916666666667,High Risk,0.11226249999999999,Low Readiness,0.28693795833333335,Priority 4,Core Active | Core Relationship Customer | Low Value | Moderate Digital | Moderate Transactional | Growing Spender | Developing Relationship | Low Cross-Sell Opportunity | High Risk | Low Readiness
C000247,2,At Risk,At-Risk Declining Customer,0.25475000000000003,Low,0.2345833333333333,Low Transactional,0.40859999999999996,Moderate Digital,Moderate Engagement,At Risk,Developing Relationship,Declining Spender,0.44999999999999996,Responsive,0.35748666666666673,Low Cross-Sell Opportunity,0.8927916666666667,Critical Risk,0.17485999999999996,Low Readiness,0.28989433333333336,Priority 4,At Risk | At-Risk Declining Customer | Low Value | Moderate Digital | Low Transactional | Declining Spender | Developing Relationship | Low Cross-Sell Opportunity | Critical Risk | Low Readiness
C000248,1,Core Active,Core Relationship Customer,0.30866666666666664,Low,0.5499999999999999,High Transactional,0.6798,Digitally Active,High Engagement,Active,Developing Relationship,Growing Spender,0.585,Responsive,0.505185,Moderate Cross-Sell Opportunity,0.38975000000000004,Moderate Risk,0.09666999999999999,Low Readiness,0.40004799999999996,Priority 3,Core Active | Core Relationship Customer | Low Value | Digitally Active | High Transactional | Growing Spender | Developing Relationship | Moderate Cross-Sell Opportunity | Moderate Risk | Low Readiness
C000249,3,Premium High-Value,Premium Relationship Customer,0.9236666666666667,Very High,0.9320833333333334,Very High Transactional,0.6881999999999999,Digitally Active,High Engagement,Recently Active,Established Relationship,Stable Spender,0.3833333333333333,Responsive,0.6261316666666666,Moderate Cross-Sell Opportunity,0.17654166666666665,Low Risk,0.6517999999999999,Highly Ready,0.648352,Priority 2,Premium High-Value | Premium Relationship Customer | Very High Value | Digitally Active | Very High Transactional | Stable Spender | Established Relationship | Moderate Cross-Sell Opportunity | Low Risk | Highly Ready
C000250,3,Premium High-Value,Premium Digital Customer,0.6641666666666666,High,0.7558333333333332,Very High Transactional,0.7554,Highly Digital,Very High Engagement,Recently Active,Established Relationship,Stable Spender,0.06999999999999999,Unresponsive,0.5999383333333332,Moderate Cross-Sell Opportunity,0.2071666666666667,Low Risk,0.20253333333333332,Needs Nurturing,0.42352316666666656,Priority 3,Premium High-Value | Premium Digital Customer | High Value | Highly Digital | Very High Transactional | Stable Spender | Established Relationship | Moderate Cross-Sell Opportunity | Low Risk | Needs Nurturing
C000251,1,Core Active,Core Relationship Customer,0.525,Medium,0.5045833333333334,High Transactional,0.5928,Digitally Active,High Engagement,Active,Developing Relationship,Growing Spender,0.575,Responsive,0.5643516666666667,Moderate Cross-Sell Opportunity,0.37954166666666667,Moderate Risk,0.12844999999999998,Low Readiness,0.4572138333333333,Priority 3,Core Active | Core Relationship Customer | Medium Value | Digitally Active | High Transactional | Growing Spender | Developing Relationship | Moderate Cross-Sell Opportunity | Moderate Risk | Low Readiness
C000252,3,Premium High-Value,Premium Relationship Customer,0.50075,Medium,0.57375,High Transactional,0.6950000000000001,Digitally Active,High Engagement,Active,Established Relationship,Declining Spender,0.35,Responsive,0.47725000000000006,Moderate Cross-Sell Opportunity,0.5352916666666667,Moderate Risk,0.28937999999999997,Needs Nurturing,0.4071033333333334,Priority 3,Premium High-Value | Premium Relationship Customer | Medium Value | Digitally Active | High Transactional | Declining Spender | Established Relationship | Moderate Cross-Sell Opportunity | Moderate Risk | Needs Nurturing
C000253,3,Premium High-Value,Premium Digital Customer,0.8560833333333333,Very High,0.9170833333333334,Very High Transactional,0.9034,Highly Digital,Very High Engagement,Recently Active,Established Relationship,Stable Spender,0.41666666666666663,Responsive,0.6910133333333333,Moderate Cross-Sell Opportunity,0.058291666666666686,Low Risk,0.3206,Needs Nurturing,0.5933706666666666,Priority 2,Premium High-Value | Premium Digital Customer | Very High Value | Highly Digital | Very High Transactional | Stable Spender | Established Relationship | Moderate Cross-Sell Opportunity | Low Risk | Needs Nurturing
C000254,1,Core Active,Core Relationship Customer,0.22033333333333333,Low,0.44875,Moderate Transactional,0.3974,Moderate Digital,Moderate Engagement,Active,Developing Relationship,Growing Spender,0.06999999999999999,Unresponsive,0.390755,Low Cross-Sell Opportunity,0.49862500000000004,Moderate Risk,0.24569999999999997,Needs Nurturing,0.27583899999999995,Priority 4,Core Active | Core Relationship Customer | Low Value | Moderate Digital | Moderate Transactional | Growing Spender | Developing Relationship | Low Cross-Sell Opportunity | Moderate Risk | Needs Nurturing
C000255,1,Core Active,Core Relationship Customer,0.6609166666666667,High,0.6062500000000001,High Transactional,0.49839999999999995,Digitally Active,High Engagement,Active,Established Relationship,Stable Spender,0.21,Low Response,0.4920133333333333,Moderate Cross-Sell Opportunity,0.637125,High Risk,0.5818666666666666,Ready,0.4704956666666666,Priority 3,Core Active | Core Relationship Customer | High Value | Digitally Active | High Transactional | Stable Spender | Established Relationship | Moderate Cross-Sell Opportunity | High Risk | Ready
C000256,1,Core Active,Core Relationship Customer,0.42,Medium,0.46958333333333335,Moderate Transactional,0.596,Digitally Active,High Engagement,Active,Established Relationship,Declining Spender,0.475,Responsive,0.4335583333333334,Low Cross-Sell Opportunity,0.5395416666666667,Moderate Risk,0.2268875,Needs Nurturing,0.39083520833333335,Priority 3,Core Active | Core Relationship Customer | Medium Value | Digitally Active | Moderate Transactional | Declining Spender | Established Relationship | Low Cross-Sell Opportunity | Moderate Risk | Needs Nurturing
C000257,1,Core Active,Core Relationship Customer,0.21966666666666668,Low,0.48458333333333337,Moderate Transactional,0.5206,Digitally Active,High Engagement,Recently Active,Established Relationship,Stable Spender,0.0,Unresponsive,0.36616166666666666,Low Cross-Sell Opportunity,0.4804583333333333,Moderate Risk,0.10528,Low Readiness,0.22107266666666667,Priority 4,Core Active | Core Relationship Customer | Low Value | Digitally Active | Moderate Transactional | Stable Spender | Established Relationship | Low Cross-Sell Opportunity | Moderate Risk | Low Readiness
C000258,0,Dormant / Declining,Dormant Reactivation Target,0.29058333333333336,Low,0.025,Low Transactional,0.261,Moderate Digital,Low Engagement,Dormant,Developing Relationship,Declining Spender,0.0,Unresponsive,0.29635,Low Cross-Sell Opportunity,0.9811666666666667,Critical Risk,0.27623749999999997,Needs Nurturing,0.2034352083333333,Priority 4,Dormant / Declining | Dormant Reactivation Target | Low Value | Moderate Digital | Low Transactional | Declining Spender | Developing Relationship | Low Cross-Sell Opportunity | Critical Risk | Needs Nurturing
C000259,3,Premium High-Value,Premium Relationship Customer,0.66325,High,0.8545833333333334,Very High Transactional,0.5436,Digitally Active,High Engagement,Active,Established Relationship,Stable Spender,0.6675,Highly Responsive,0.5363866666666666,Moderate Cross-Sell Opportunity,0.26495833333333335,Low Risk,0.13341999999999998,Low Readiness,0.5007626666666667,Priority 2,Premium High-Value | Premium Relationship Customer | High Value | Digitally Active | Very High Transactional | Stable Spender | Established Relationship | Moderate Cross-Sell Opportunity | Low Risk | Low Readiness
C000260,3,Premium High-Value,Premium Digital Customer,0.7523333333333333,High,0.95875,Very High Transactional,0.7083999999999999,Highly Digital,High Engagement,Active,Deep Relationship,Growing Spender,0.6633333333333333,Highly Responsive,0.5246716666666666,Moderate Cross-Sell Opportunity,0.29904166666666665,Low Risk,0.167125,Low Readiness,0.51479525,Priority 2,Premium High-Value | Premium Digital Customer | High Value | Highly Digital | Very High Transactional | Growing Spender | Deep Relationship | Moderate Cross-Sell Opportunity | Low Risk | Low Readiness
C000261,1,Core Active,Core Digital Customer,0.07541666666666667,Low,0.11583333333333332,Low Transactional,0.7188,Highly Digital,High Engagement,Active,Shallow Relationship,Growing Spender,0.7,Highly Responsive,0.4922933333333333,Moderate Cross-Sell Opportunity,0.5789166666666666,High Risk,0.12092499999999998,Low Readiness,0.37134008333333335,Priority 3,Core Active | Core Digital Customer | Low Value | Highly Digital | Low Transactional | Growing Spender | Shallow Relationship | Moderate Cross-Sell Opportunity | High Risk | Low Readiness
C000262,1,Core Active,Core Digital Customer,0.1755,Low,0.10291666666666666,Low Transactional,0.764,Highly Digital,Moderate Engagement,Active,Shallow Relationship,Stable Spender,0.41666666666666663,Responsive,0.5059916666666666,Moderate Cross-Sell Opportunity,0.6662083333333333,High Risk,0.4143899999999999,Ready,0.3984324999999999,Priority 3,Core Active | Core Digital Customer | Low Value | Highly Digital | Low Transactional | Stable Spender | Shallow Relationship | Moderate Cross-Sell Opportunity | High Risk | Ready
C000263,1,Core Active,Core Relationship Customer,0.45658333333333334,Medium,0.36291666666666667,Moderate Transactional,0.3664,Moderate Digital,Moderate Engagement,Recently Active,Developing Relationship,Stable Spender,0.625,Highly Responsive,0.5083300000000001,Moderate Cross-Sell Opportunity,0.38395833333333335,Moderate Risk,0.45954999999999996,Ready,0.5224781666666667,Priority 2,Core Active | Core Relationship Customer | Medium Value | Moderate Digital | Moderate Transactional | Stable Spender | Developing Relationship | Moderate Cross-Sell Opportunity | Moderate Risk | Ready
C000264,3,Premium High-Value,Premium Digital Customer,0.8171666666666667,Very High,0.89,Very High Transactional,0.8479999999999999,Highly Digital,High Engagement,Recently Active,Established Relationship,Declining Spender,0.7333333333333333,Highly Responsive,0.6663916666666667,Moderate Cross-Sell Opportunity,0.31833333333333336,Low Risk,0.47297999999999996,Ready,0.6555708333333334,Priority 2,Premium High-Value | Premium Digital Customer | Very High Value | Highly Digital | Very High Transactional | Declining Spender | Established Relationship | Moderate Cross-Sell Opportunity | Low Risk | Ready
C000265,3,Premium High-Value,Premium Relationship Customer,0.9343333333333332,Very High,0.9233333333333333,Very High Transactional,0.6828,Digitally Active,High Engagement,Active,Deep Relationship,Growing Spender,0.13999999999999999,Unresponsive,0.5788016666666667,Moderate Cross-Sell Opportunity,0.2831666666666667,Low Risk,0.45353,Ready,0.5268563333333334,Priority 2,Premium High-Value | Premium Relationship Customer | Very High Value | Digitally Active | Very High Transactional | Growing Spender | Deep Relationship | Moderate Cross-Sell Opportunity | Low Risk | Ready
C000266,1,Core Active,Core Relationship Customer,0.2490833333333333,Low,0.44166666666666665,Moderate Transactional,0.31020000000000003,Moderate Digital,Moderate Engagement,Recently Active,Shallow Relationship,Growing Spender,0.11666666666666665,Unresponsive,0.49030666666666667,Moderate Cross-Sell Opportunity,0.34816666666666674,Low Risk,0.2326333333333333,Needs Nurturing,0.3311294999999999,Priority 3,Core Active | Core Relationship Customer | Low Value | Moderate Digital | Moderate Transactional | Growing Spender | Shallow Relationship | Moderate Cross-Sell Opportunity | Low Risk | Needs Nurturing
C000267,1,Core Active,Core Digital Customer,0.28850000000000003,Low,0.26083333333333336,Moderate Transactional,0.7867999999999999,Highly Digital,High Engagement,Active,Shallow Relationship,Growing Spender,0.6900000000000001,Highly Responsive,0.5706016666666667,Moderate Cross-Sell Opportunity,0.5626666666666666,High Risk,0.17931666666666665,Low Readiness,0.441018,Priority 3,Core Active | Core Digital Customer | Low Value | Highly Digital | Moderate Transactional | Growing Spender | Shallow Relationship | Moderate Cross-Sell Opportunity | High Risk | Low Readiness
C000268,1,Core Active,Core Relationship Customer,0.56225,Medium,0.7129166666666666,High Transactional,0.3852,Moderate Digital,Moderate Engagement,Active,Shallow Relationship,Stable Spender,0.375,Responsive,0.5265733333333333,Moderate Cross-Sell Opportunity,0.5862916666666668,High Risk,0.31123749999999994,Needs Nurturing,0.43648970833333334,Priority 3,Core Active | Core Relationship Customer | Medium Value | Moderate Digital | High Transactional | Stable Spender | Shallow Relationship | Moderate Cross-Sell Opportunity | High Risk | Needs Nurturing
C000269,1,Core Active,Core Relationship Customer,0.5335,Medium,0.25833333333333336,Moderate Transactional,0.6177999999999999,Digitally Active,High Engagement,Recently Active,Deep Relationship,Declining Spender,0.35,Responsive,0.460235,Moderate Cross-Sell Opportunity,0.5135,Moderate Risk,0.23247,Needs Nurturing,0.394863,Priority 3,Core Active | Core Relationship Customer | Medium Value | Digitally Active | Moderate Transactional | Declining Spender | Deep Relationship | Moderate Cross-Sell Opportunity | Moderate Risk | Needs Nurturing
C000270,1,Core Active,Core Relationship Customer,0.34775,Low,0.34875,Moderate Transactional,0.6814,Digitally Active,High Engagement,Active,Established Relationship,Stable Spender,0.3083333333333333,Low Response,0.46971333333333337,Moderate Cross-Sell Opportunity,0.3207916666666667,Low Risk,0.34048,Needs Nurturing,0.407784,Priority 3,Core Active | Core Relationship Customer | Low Value | Digitally Active | Moderate Transactional | Stable Spender | Established Relationship | Moderate Cross-Sell Opportunity | Low Risk | Needs Nurturing
C000271,1,Core Active,Core Relationship Customer,0.42233333333333334,Medium,0.56875,High Transactional,0.5306,Digitally Active,Moderate Engagement,Active,Established Relationship,Stable Spender,0.7333333333333333,Highly Responsive,0.421745,Low Cross-Sell Opportunity,0.5139583333333334,Moderate Risk,0.30694999999999995,Needs Nurturing,0.4618818333333333,Priority 3,Core Active | Core Relationship Customer | Medium Value | Digitally Active | High Transactional | Stable Spender | Established Relationship | Low Cross-Sell Opportunity | Moderate Risk | Needs Nurturing
C000272,3,Premium High-Value,Premium Digital Customer,0.8959999999999999,Very High,0.89,Very High Transactional,0.8984,Highly Digital,Very High Engagement,At Risk,Deep Relationship,Stable Spender,0.86,Highly Responsive,0.5790883333333334,Moderate Cross-Sell Opportunity,0.3935833333333334,Moderate Risk,0.39121249999999996,Needs Nurturing,0.6385712916666667,Priority 2,Premium High-Value | Premium Digital Customer | Very High Value | Highly Digital | Very High Transactional | Stable Spender | Deep Relationship | Moderate Cross-Sell Opportunity | Moderate Risk | Needs Nurturing
C000273,1,Core Active,Core Relationship Customer,0.12375,Low,0.20541666666666666,Low Transactional,0.3628,Moderate Digital,Moderate Engagement,At Risk,Shallow Relationship,Declining Spender,0.09999999999999999,Unresponsive,0.39586,Low Cross-Sell Opportunity,0.8632083333333334,Critical Risk,0.3038875,Needs Nurturing,0.24697154166666666,Priority 4,Core Active | Core Relationship Customer | Low Value | Moderate Digital | Low Transactional | Declining Spender | Shallow Relationship | Low Cross-Sell Opportunity | Critical Risk | Needs Nurturing
C000274,3,Premium High-Value,Premium Digital Customer,0.7585833333333333,High,0.78875,Very High Transactional,0.9064,Highly Digital,Very High Engagement,Active,Established Relationship,Growing Spender,0.86,Highly Responsive,0.6234633333333333,Moderate Cross-Sell Opportunity,0.37837499999999996,Moderate Risk,0.532,Ready,0.667989,Priority 2,Premium High-Value | Premium Digital Customer | High Value | Highly Digital | Very High Transactional | Growing Spender | Established Relationship | Moderate Cross-Sell Opportunity | Moderate Risk | Ready
C000275,1,Core Active,Core Relationship Customer,0.6409166666666667,High,0.695,High Transactional,0.46040000000000003,Digitally Active,Moderate Engagement,At Risk,Established Relationship,Stable Spender,0.058333333333333307,Unresponsive,0.4291466666666667,Low Cross-Sell Opportunity,0.7655000000000001,Critical Risk,0.1512,Low Readiness,0.29779816666666664,Priority 4,Core Active | Core Relationship Customer | High Value | Digitally Active | High Transactional | Stable Spender | Established Relationship | Low Cross-Sell Opportunity | Critical Risk | Low Readiness
C000276,1,Core Active,Core Relationship Customer,0.28975,Low,0.4545833333333334,Moderate Transactional,0.6592,Digitally Active,High Engagement,Recently Active,Developing Relationship,Stable Spender,0.25,Low Response,0.52749,Moderate Cross-Sell Opportunity,0.44504166666666667,Moderate Risk,0.2595833333333333,Needs Nurturing,0.3721011666666667,Priority 3,Core Active | Core Relationship Customer | Low Value | Digitally Active | Moderate Transactional | Stable Spender | Developing Relationship | Moderate Cross-Sell Opportunity | Moderate Risk | Needs Nurturing
C000277,3,Premium High-Value,Premium Digital Customer,0.837,Very High,0.7654166666666667,Very High Transactional,0.7516,Highly Digital,High Engagement,Active,Established Relationship,Growing Spender,0.7124999999999999,Highly Responsive,0.590695,Moderate Cross-Sell Opportunity,0.33195833333333336,Low Risk,0.294875,Needs Nurturing,0.5857814166666667,Priority 2,Premium High-Value | Premium Digital Customer | Very High Value | Highly Digital | Very High Transactional | Growing Spender | Established Relationship | Moderate Cross-Sell Opportunity | Low Risk | Needs Nurturing
C000278,1,Core Active,Core Relationship Customer,0.37124999999999997,Medium,0.43249999999999994,Moderate Transactional,0.6726000000000001,Digitally Active,High Engagement,Active,Shallow Relationship,Stable Spender,0.5049999999999999,Responsive,0.56677,Moderate Cross-Sell Opportunity,0.51725,Moderate Risk,0.26844999999999997,Needs Nurturing,0.44210599999999994,Priority 3,Core Active | Core Relationship Customer | Medium Value | Digitally Active | Moderate Transactional | Stable Spender | Shallow Relationship | Moderate Cross-Sell Opportunity | Moderate Risk | Needs Nurturing
C000279,3,Premium High-Value,Premium Relationship Customer,0.6316666666666666,High,0.8491666666666666,Very High Transactional,0.6202,Digitally Active,High Engagement,Recently Active,Established Relationship,Growing Spender,0.21,Low Response,0.5644983333333333,Moderate Cross-Sell Opportunity,0.1691666666666667,Low Risk,0.34807499999999997,Needs Nurturing,0.4762015833333333,Priority 3,Premium High-Value | Premium Relationship Customer | High Value | Digitally Active | Very High Transactional | Growing Spender | Established Relationship | Moderate Cross-Sell Opportunity | Low Risk | Needs Nurturing
C000280,1,Core Active,Core Relationship Customer,0.14475,Low,0.20375,Low Transactional,0.6294,Digitally Active,Moderate Engagement,Active,Shallow Relationship,Stable Spender,0.0,Unresponsive,0.49702999999999997,Moderate Cross-Sell Opportunity,0.526875,Moderate Risk,0.15295,Low Readiness,0.2563715,Priority 4,Core Active | Core Relationship Customer | Low Value | Digitally Active | Low Transactional | Stable Spender | Shallow Relationship | Moderate Cross-Sell Opportunity | Moderate Risk | Low Readiness
C000281,1,Core Active,Core Relationship Customer,0.5465,Medium,0.5974999999999999,High Transactional,0.4666,Digitally Active,High Engagement,Recently Active,Developing Relationship,Stable Spender,0.11666666666666665,Unresponsive,0.5552116666666667,Moderate Cross-Sell Opportunity,0.29083333333333333,Low Risk,0.61696,Ready,0.49702850000000004,Priority 3,Core Active | Core Relationship Customer | Medium Value | Digitally Active | High Transactional | Stable Spender | Developing Relationship | Moderate Cross-Sell Opportunity | Low Risk | Ready
C000282,3,Premium High-Value,Premium Digital Customer,0.8996666666666666,Very High,0.8216666666666665,Very High Transactional,0.7262,Highly Digital,High Engagement,Active,Established Relationship,Growing Spender,0.27499999999999997,Low Response,0.6200316666666666,Moderate Cross-Sell Opportunity,0.3965833333333333,Moderate Risk,0.6554833333333332,Highly Ready,0.6001719999999999,Priority 2,Premium High-Value | Premium Digital Customer | Very High Value | Highly Digital | Very High Transactional | Growing Spender | Established Relationship | Moderate Cross-Sell Opportunity | Moderate Risk | Highly Ready
C000283,3,Premium High-Value,Premium Digital Customer,0.9539166666666667,Very High,0.8804166666666666,Very High Transactional,0.8099999999999999,Highly Digital,High Engagement,Recently Active,Developing Relationship,Stable Spender,0.5625,Responsive,0.7673333333333333,High Cross-Sell Opportunity,0.16770833333333335,Low Risk,0.3676166666666666,Needs Nurturing,0.6609208333333333,Priority 2,Premium High-Value | Premium Digital Customer | Very High Value | Highly Digital | Very High Transactional | Stable Spender | Developing Relationship | High Cross-Sell Opportunity | Low Risk | Needs Nurturing
C000284,1,Core Active,Core Relationship Customer,0.049499999999999995,Low,0.09833333333333333,Low Transactional,0.475,Digitally Active,High Engagement,Active,Established Relationship,Declining Spender,0.24999999999999994,Low Response,0.3320416666666667,Low Cross-Sell Opportunity,0.63375,High Risk,0.23239999999999997,Needs Nurturing,0.2517625,Priority 4,Core Active | Core Relationship Customer | Low Value | Digitally Active | Low Transactional | Declining Spender | Established Relationship | Low Cross-Sell Opportunity | High Risk | Needs Nurturing
C000285,3,Premium High-Value,Premium Digital Customer,0.76725,High,0.9045833333333334,Very High Transactional,0.8619999999999999,Highly Digital,Very High Engagement,Active,Deep Relationship,Growing Spender,0.31,Low Response,0.5794666666666666,Moderate Cross-Sell Opportunity,0.2482916666666667,Low Risk,0.16443,Low Readiness,0.4672058333333333,Priority 3,Premium High-Value | Premium Digital Customer | High Value | Highly Digital | Very High Transactional | Growing Spender | Deep Relationship | Moderate Cross-Sell Opportunity | Low Risk | Low Readiness
C000286,3,Premium High-Value,Premium Digital Customer,0.9064166666666668,Very High,0.9504166666666666,Very High Transactional,0.7804,Highly Digital,Very High Engagement,Recently Active,Deep Relationship,Growing Spender,0.6833333333333332,Highly Responsive,0.6523966666666667,Moderate Cross-Sell Opportunity,0.07020833333333336,Low Risk,0.18538333333333332,Low Readiness,0.6076731666666666,Priority 2,Premium High-Value | Premium Digital Customer | Very High Value | Highly Digital | Very High Transactional | Growing Spender | Deep Relationship | Moderate Cross-Sell Opportunity | Low Risk | Low Readiness
C000287,3,Premium High-Value,Premium Relationship Customer,0.8569166666666665,Very High,0.9154166666666667,Very High Transactional,0.4374,Moderate Digital,High Engagement,At Risk,Established Relationship,Declining Spender,0.42499999999999993,Responsive,0.5244799999999998,Moderate Cross-Sell Opportunity,0.5947083333333334,High Risk,0.1892625,Low Readiness,0.4587262916666666,Priority 3,Premium High-Value | Premium Relationship Customer | Very High Value | Moderate Digital | Very High Transactional | Declining Spender | Established Relationship | Moderate Cross-Sell Opportunity | High Risk | Low Readiness
C000288,1,Core Active,Core Relationship Customer,0.06658333333333333,Low,0.11666666666666667,Low Transactional,0.634,Digitally Active,Moderate Engagement,Active,Developing Relationship,Stable Spender,0.43999999999999995,Responsive,0.3894333333333333,Low Cross-Sell Opportunity,0.7613333333333333,Critical Risk,0.5349999999999999,Ready,0.3724341666666666,Priority 3,Core Active | Core Relationship Customer | Low Value | Digitally Active | Low Transactional | Stable Spender | Developing Relationship | Low Cross-Sell Opportunity | Critical Risk | Ready
C000289,2,At Risk,At-Risk Declining Customer,0.08541666666666667,Low,0.060833333333333336,Low Transactional,0.1862,Low Digital,Low Engagement,Dormant,Shallow Relationship,Declining Spender,0.7,Highly Responsive,0.31668999999999997,Low Cross-Sell Opportunity,0.9551666666666667,Critical Risk,0.4709249999999999,Ready,0.37003408333333326,Priority 3,At Risk | At-Risk Declining Customer | Low Value | Low Digital | Low Transactional | Declining Spender | Shallow Relationship | Low Cross-Sell Opportunity | Critical Risk | Ready
C000290,1,Core Active,Core Relationship Customer,0.06308333333333332,Low,0.11125,Low Transactional,0.6701999999999999,Digitally Active,High Engagement,Active,Shallow Relationship,Declining Spender,0.7249999999999999,Highly Responsive,0.5173066666666666,Moderate Cross-Sell Opportunity,0.5902916666666667,High Risk,0.13251,Low Readiness,0.3837528333333333,Priority 3,Core Active | Core Relationship Customer | Low Value | Digitally Active | Low Transactional | Declining Spender | Shallow Relationship | Moderate Cross-Sell Opportunity | High Risk | Low Readiness
C000291,1,Core Active,Core Relationship Customer,0.3678333333333333,Medium,0.4083333333333334,Moderate Transactional,0.438,Moderate Digital,High Engagement,Recently Active,Shallow Relationship,Growing Spender,0.43999999999999995,Responsive,0.5786083333333334,Moderate Cross-Sell Opportunity,0.34950000000000003,Low Risk,0.13124999999999998,Low Readiness,0.41461999999999993,Priority 3,Core Active | Core Relationship Customer | Medium Value | Moderate Digital | Moderate Transactional | Growing Spender | Shallow Relationship | Moderate Cross-Sell Opportunity | Low Risk | Low Readiness
C000292,3,Premium High-Value,Premium Relationship Customer,0.8034999999999999,Very High,0.71375,High Transactional,0.5804,Digitally Active,High Engagement,Active,Established Relationship,Growing Spender,0.14999999999999997,Unresponsive,0.5457216666666667,Moderate Cross-Sell Opportunity,0.48062499999999997,Moderate Risk,0.20265000000000002,Needs Nurturing,0.4168415,Priority 3,Premium High-Value | Premium Relationship Customer | Very High Value | Digitally Active | High Transactional | Growing Spender | Established Relationship | Moderate Cross-Sell Opportunity | Moderate Risk | Needs Nurturing
C000293,3,Premium High-Value,Premium Relationship Customer,0.8014166666666667,Very High,0.8416666666666667,Very High Transactional,0.606,Digitally Active,High Engagement,Active,Established Relationship,Growing Spender,0.27499999999999997,Low Response,0.5538833333333333,Moderate Cross-Sell Opportunity,0.41041666666666665,Moderate Risk,0.55711,Ready,0.5396133333333333,Priority 2,Premium High-Value | Premium Relationship Customer | Very High Value | Digitally Active | Very High Transactional | Growing Spender | Established Relationship | Moderate Cross-Sell Opportunity | Moderate Risk | Ready
C000294,3,Premium High-Value,Premium Relationship Customer,0.7452499999999999,High,0.5908333333333333,High Transactional,0.6092,Digitally Active,High Engagement,Recently Active,Developing Relationship,Stable Spender,0.575,Responsive,0.6624399999999999,Moderate Cross-Sell Opportunity,0.2851666666666667,Low Risk,0.5998333333333332,Ready,0.6469611666666666,Priority 2,Premium High-Value | Premium Relationship Customer | High Value | Digitally Active | High Transactional | Stable Spender | Developing Relationship | Moderate Cross-Sell Opportunity | Low Risk | Ready
C000295,1,Core Active,Core Relationship Customer,0.44699999999999995,Medium,0.2575,Moderate Transactional,0.45720000000000005,Digitally Active,High Engagement,Recently Active,Developing Relationship,Growing Spender,0.41666666666666663,Responsive,0.5474816666666666,Moderate Cross-Sell Opportunity,0.28300000000000003,Low Risk,0.28679,Needs Nurturing,0.4580253333333333,Priority 3,Core Active | Core Relationship Customer | Medium Value | Digitally Active | Moderate Transactional | Growing Spender | Developing Relationship | Moderate Cross-Sell Opportunity | Low Risk | Needs Nurturing
C000296,3,Premium High-Value,Premium Digital Customer,0.9185,Very High,0.9558333333333333,Very High Transactional,0.7772,Highly Digital,High Engagement,Active,Established Relationship,Growing Spender,0.7333333333333333,Highly Responsive,0.6103316666666666,Moderate Cross-Sell Opportunity,0.31275,Low Risk,0.32549999999999996,Needs Nurturing,0.6176411666666667,Priority 2,Premium High-Value | Premium Digital Customer | Very High Value | Highly Digital | Very High Transactional | Growing Spender | Established Relationship | Moderate Cross-Sell Opportunity | Low Risk | Needs Nurturing
C000297,3,Premium High-Value,Premium Digital Customer,0.8509999999999999,Very High,0.8958333333333334,Very High Transactional,0.7974,Highly Digital,High Engagement,Recently Active,Established Relationship,Declining Spender,0.375,Responsive,0.6727049999999999,Moderate Cross-Sell Opportunity,0.2885,Low Risk,0.6010333333333333,Ready,0.6258698333333333,Priority 2,Premium High-Value | Premium Digital Customer | Very High Value | Highly Digital | Very High Transactional | Declining Spender | Established Relationship | Moderate Cross-Sell Opportunity | Low Risk | Ready
C000298,0,Dormant / Declining,Dormant Reactivation Target,0.2510833333333333,Low,0.043333333333333335,Low Transactional,0.451,Digitally Active,High Engagement,Dormant,Developing Relationship,Declining Spender,0.35,Responsive,0.3908333333333333,Low Cross-Sell Opportunity,0.8738333333333334,Critical Risk,0.25068749999999995,Needs Nurturing,0.3002010416666666,Priority 3,Dormant / Declining | Dormant Reactivation Target | Low Value | Digitally Active | Low Transactional | Declining Spender | Developing Relationship | Low Cross-Sell Opportunity | Critical Risk | Needs Nurturing
C000299,1,Core Active,Core Relationship Customer,0.34008333333333335,Low,0.7029166666666666,High Transactional,0.65,Digitally Active,High Engagement,Active,Developing Relationship,Growing Spender,0.6466666666666667,Highly Responsive,0.5242333333333333,Moderate Cross-Sell Opportunity,0.27195833333333336,Low Risk,0.1442,Low Readiness,0.44647000000000003,Priority 3,Core Active | Core Relationship Customer | Low Value | Digitally Active | High Transactional | Growing Spender | Developing Relationship | Moderate Cross-Sell Opportunity | Low Risk | Low Readiness
C000300,1,Core Active,Core Relationship Customer,0.28075,Low,0.4166666666666667,Moderate Transactional,0.44799999999999995,Moderate Digital,High Engagement,Recently Active,Shallow Relationship,Growing Spender,0.36249999999999993,Responsive,0.5307333333333333,Moderate Cross-Sell Opportunity,0.3413333333333333,Low Risk,0.25738999999999995,Needs Nurturing,0.40404666666666667,Priority 3,Core Active | Core Relationship Customer | Low Value | Moderate Digital | Moderate Transactional | Growing Spender | Shallow Relationship | Moderate Cross-Sell Opportunity | Low Risk | Needs Nurturing
C000301,1,Core Active,Core Relationship Customer,0.37033333333333335,Medium,0.19833333333333333,Low Transactional,0.6612,Digitally Active,High Engagement,Recently Active,Shallow Relationship,Growing Spender,0.675,Highly Responsive,0.6230650000000001,Moderate Cross-Sell Opportunity,0.3689166666666667,Moderate Risk,0.31289999999999996,Needs Nurturing,0.5188028333333333,Priority 2,Core Active | Core Relationship Customer | Medium Value | Digitally Active | Low Transactional | Growing Spender | Shallow Relationship | Moderate Cross-Sell Opportunity | Moderate Risk | Needs Nurturing
C000302,1,Core Active,Core Relationship Customer,0.29758333333333337,Low,0.38958333333333334,Moderate Transactional,0.5708,Digitally Active,High Engagement,Recently Active,Developing Relationship,Stable Spender,0.5916666666666667,Responsive,0.5268766666666667,Moderate Cross-Sell Opportunity,0.22095833333333337,Low Risk,0.083825,Low Readiness,0.41989425,Priority 3,Core Active | Core Relationship Customer | Low Value | Digitally Active | Moderate Transactional | Stable Spender | Developing Relationship | Moderate Cross-Sell Opportunity | Low Risk | Low Readiness
C000303,1,Core Active,Core Digital Customer,0.30241666666666667,Low,0.3754166666666667,Moderate Transactional,0.7034,Highly Digital,Very High Engagement,Active,Developing Relationship,Declining Spender,0.27499999999999997,Low Response,0.5168966666666667,Moderate Cross-Sell Opportunity,0.543625,Moderate Risk,0.5192399999999999,Ready,0.430879,Priority 3,Core Active | Core Digital Customer | Low Value | Highly Digital | Moderate Transactional | Declining Spender | Developing Relationship | Moderate Cross-Sell Opportunity | Moderate Risk | Ready
C000304,1,Core Active,Core Relationship Customer,0.31725,Low,0.6545833333333333,High Transactional,0.5266,Digitally Active,Moderate Engagement,Active,Developing Relationship,Stable Spender,0.44999999999999996,Responsive,0.45312,Moderate Cross-Sell Opportunity,0.45462500000000006,Moderate Risk,0.319725,Needs Nurturing,0.40799225000000006,Priority 3,Core Active | Core Relationship Customer | Low Value | Digitally Active | High Transactional | Stable Spender | Developing Relationship | Moderate Cross-Sell Opportunity | Moderate Risk | Needs Nurturing
C000305,2,At Risk,At-Risk Engagement Customer,0.39716666666666667,Medium,0.28041666666666665,Moderate Transactional,0.24059999999999998,Low Digital,Low Engagement,At Risk,Developing Relationship,Stable Spender,0.09999999999999999,Unresponsive,0.3457283333333333,Low Cross-Sell Opportunity,0.9522083333333334,Critical Risk,0.08067499999999996,Low Readiness,0.20824141666666662,Priority 4,At Risk | At-Risk Engagement Customer | Medium Value | Low Digital | Moderate Transactional | Stable Spender | Developing Relationship | Low Cross-Sell Opportunity | Critical Risk | Low Readiness
C000306,1,Core Active,Core Relationship Customer,0.2909166666666666,Low,0.44916666666666666,Moderate Transactional,0.5398000000000001,Digitally Active,High Engagement,Active,Established Relationship,Growing Spender,0.175,Low Response,0.3770266666666666,Low Cross-Sell Opportunity,0.6,High Risk,0.5817625,Ready,0.3771861249999999,Priority 3,Core Active | Core Relationship Customer | Low Value | Digitally Active | Moderate Transactional | Growing Spender | Established Relationship | Low Cross-Sell Opportunity | High Risk | Ready
C000307,3,Premium High-Value,Premium Relationship Customer,0.7848333333333333,High,0.8458333333333333,Very High Transactional,0.6488,Digitally Active,High Engagement,Active,Deep Relationship,Growing Spender,0.6,Highly Responsive,0.522435,Moderate Cross-Sell Opportunity,0.2878333333333334,Low Risk,0.19390000000000002,Low Readiness,0.5141471666666666,Priority 2,Premium High-Value | Premium Relationship Customer | High Value | Digitally Active | Very High Transactional | Growing Spender | Deep Relationship | Moderate Cross-Sell Opportunity | Low Risk | Low Readiness
C000308,2,At Risk,At-Risk Declining Customer,0.28541666666666665,Low,0.03125,Low Transactional,0.2742,Moderate Digital,Moderate Engagement,At Risk,Shallow Relationship,Declining Spender,0.0,Unresponsive,0.42474,Low Cross-Sell Opportunity,0.9003750000000001,Critical Risk,0.26123999999999997,Needs Nurturing,0.245507,Priority 4,At Risk | At-Risk Declining Customer | Low Value | Moderate Digital | Low Transactional | Declining Spender | Shallow Relationship | Low Cross-Sell Opportunity | Critical Risk | Needs Nurturing
C000309,0,Dormant / Declining,Dormant Reactivation Target,0.6232499999999999,High,0.2441666666666667,Low Transactional,0.15360000000000001,Low Digital,Low Engagement,Dormant,Shallow Relationship,Declining Spender,0.06999999999999999,Unresponsive,0.47108666666666665,Moderate Cross-Sell Opportunity,0.9805,Critical Risk,0.3276,Needs Nurturing,0.3326635,Priority 3,Dormant / Declining | Dormant Reactivation Target | High Value | Low Digital | Low Transactional | Declining Spender | Shallow Relationship | Moderate Cross-Sell Opportunity | Critical Risk | Needs Nurturing
C000310,0,Dormant / Declining,Dormant Reactivation Target,0.09116666666666665,Low,0.03125,Low Transactional,0.0952,Low Digital,Low Engagement,Dormant,Shallow Relationship,Declining Spender,0.0,Unresponsive,0.2829483333333333,Low Cross-Sell Opportunity,0.9780416666666668,Critical Risk,0.14461999999999997,Low Readiness,0.1369103333333333,Priority 4,Dormant / Declining | Dormant Reactivation Target | Low Value | Low Digital | Low Transactional | Declining Spender | Shallow Relationship | Low Cross-Sell Opportunity | Critical Risk | Low Readiness
C000311,1,Core Active,Core Relationship Customer,0.6066666666666667,High,0.5941666666666667,High Transactional,0.4988,Digitally Active,High Engagement,Active,Established Relationship,Stable Spender,0.175,Low Response,0.48233500000000007,Moderate Cross-Sell Opportunity,0.43300000000000005,Moderate Risk,0.16111666666666666,Low Readiness,0.3676796666666666,Priority 3,Core Active | Core Relationship Customer | High Value | Digitally Active | High Transactional | Stable Spender | Established Relationship | Moderate Cross-Sell Opportunity | Moderate Risk | Low Readiness
C000312,3,Premium High-Value,Premium Digital Customer,0.7565833333333334,High,0.9308333333333332,Very High Transactional,0.7811999999999999,Highly Digital,Very High Engagement,Active,Deep Relationship,Stable Spender,0.44999999999999996,Responsive,0.5510566666666666,Moderate Cross-Sell Opportunity,0.2635,Low Risk,0.32952499999999996,Needs Nurturing,0.52483575,Priority 2,Premium High-Value | Premium Digital Customer | High Value | Highly Digital | Very High Transactional | Stable Spender | Deep Relationship | Moderate Cross-Sell Opportunity | Low Risk | Needs Nurturing
C000313,3,Premium High-Value,Premium Relationship Customer,0.7069166666666666,High,0.8408333333333333,Very High Transactional,0.6792,Digitally Active,High Engagement,Active,Deep Relationship,Growing Spender,0.36249999999999993,Responsive,0.51244,Moderate Cross-Sell Opportunity,0.29283333333333333,Low Risk,0.14657999999999996,Low Readiness,0.4396311666666667,Priority 3,Premium High-Value | Premium Relationship Customer | High Value | Digitally Active | Very High Transactional | Growing Spender | Deep Relationship | Moderate Cross-Sell Opportunity | Low Risk | Low Readiness
C000314,1,Core Active,Core Relationship Customer,0.56975,Medium,0.4983333333333333,Moderate Transactional,0.6792,Digitally Active,High Engagement,Active,Deep Relationship,Stable Spender,0.75,Highly Responsive,0.45470666666666665,Moderate Cross-Sell Opportunity,0.57125,High Risk,0.2503375,Needs Nurturing,0.477333875,Priority 3,Core Active | Core Relationship Customer | Medium Value | Digitally Active | Moderate Transactional | Stable Spender | Deep Relationship | Moderate Cross-Sell Opportunity | High Risk | Needs Nurturing
C000315,1,Core Active,Core Relationship Customer,0.16324999999999998,Low,0.10291666666666666,Low Transactional,0.645,Digitally Active,High Engagement,Recently Active,Shallow Relationship,Stable Spender,0.4624999999999999,Responsive,0.5755666666666667,Moderate Cross-Sell Opportunity,0.3052083333333333,Low Risk,0.28853999999999996,Needs Nurturing,0.4312716666666666,Priority 3,Core Active | Core Relationship Customer | Low Value | Digitally Active | Low Transactional | Stable Spender | Shallow Relationship | Moderate Cross-Sell Opportunity | Low Risk | Needs Nurturing
C000316,1,Core Active,Core Relationship Customer,0.3245833333333333,Low,0.3233333333333333,Moderate Transactional,0.5292,Digitally Active,Moderate Engagement,Active,Developing Relationship,Growing Spender,0.5866666666666667,Responsive,0.4595566666666666,Moderate Cross-Sell Opportunity,0.5361666666666667,Moderate Risk,0.2239125,Needs Nurturing,0.4062492916666667,Priority 3,Core Active | Core Relationship Customer | Low Value | Digitally Active | Moderate Transactional | Growing Spender | Developing Relationship | Moderate Cross-Sell Opportunity | Moderate Risk | Needs Nurturing
C000317,1,Core Active,Core Relationship Customer,0.39608333333333334,Medium,0.6379166666666666,High Transactional,0.6262,Digitally Active,High Engagement,Active,Developing Relationship,Stable Spender,0.43,Responsive,0.5075566666666667,Moderate Cross-Sell Opportunity,0.3872083333333334,Moderate Risk,0.13055,Low Readiness,0.39159616666666663,Priority 3,Core Active | Core Relationship Customer | Medium Value | Digitally Active | High Transactional | Stable Spender | Developing Relationship | Moderate Cross-Sell Opportunity | Moderate Risk | Low Readiness
C000318,1,Core Active,Core Relationship Customer,0.5750833333333333,Medium,0.5379166666666667,High Transactional,0.5148,Digitally Active,Moderate Engagement,Recently Active,Developing Relationship,Stable Spender,0.0,Unresponsive,0.54891,Moderate Cross-Sell Opportunity,0.412625,Moderate Risk,0.559525,Ready,0.44955425000000004,Priority 3,Core Active | Core Relationship Customer | Medium Value | Digitally Active | High Transactional | Stable Spender | Developing Relationship | Moderate Cross-Sell Opportunity | Moderate Risk | Ready
C000319,1,Core Active,Core Relationship Customer,0.27241666666666664,Low,0.2325,Low Transactional,0.6004,Digitally Active,High Engagement,Recently Active,Shallow Relationship,Growing Spender,0.175,Low Response,0.58413,Moderate Cross-Sell Opportunity,0.3388333333333333,Low Risk,0.1148,Low Readiness,0.3459181666666667,Priority 3,Core Active | Core Relationship Customer | Low Value | Digitally Active | Low Transactional | Growing Spender | Shallow Relationship | Moderate Cross-Sell Opportunity | Low Risk | Low Readiness
C000320,1,Core Active,Core Relationship Customer,0.4126666666666667,Medium,0.24208333333333334,Low Transactional,0.33080000000000004,Moderate Digital,High Engagement,Recently Active,Established Relationship,Stable Spender,0.058333333333333307,Unresponsive,0.43115166666666666,Low Cross-Sell Opportunity,0.5032083333333334,Moderate Risk,0.673975,Highly Ready,0.42108508333333333,Priority 3,Core Active | Core Relationship Customer | Medium Value | Moderate Digital | Low Transactional | Stable Spender | Established Relationship | Low Cross-Sell Opportunity | Moderate Risk | Highly Ready
C000321,2,At Risk,At-Risk Engagement Customer,0.14783333333333332,Low,0.0775,Low Transactional,0.3748,Moderate Digital,Moderate Engagement,At Risk,Shallow Relationship,Stable Spender,0.7124999999999999,Highly Responsive,0.416085,Low Cross-Sell Opportunity,0.8735,Critical Risk,0.10149999999999999,Low Readiness,0.32752549999999997,Priority 3,At Risk | At-Risk Engagement Customer | Low Value | Moderate Digital | Low Transactional | Stable Spender | Shallow Relationship | Low Cross-Sell Opportunity | Critical Risk | Low Readiness
C000322,1,Core Active,Core Relationship Customer,0.5489166666666667,Medium,0.6183333333333334,High Transactional,0.5204,Digitally Active,High Engagement,Active,Established Relationship,Stable Spender,0.6399999999999999,Highly Responsive,0.4844633333333334,Moderate Cross-Sell Opportunity,0.5400833333333334,Moderate Risk,0.48678750000000004,Ready,0.5233650416666668,Priority 2,Core Active | Core Relationship Customer | Medium Value | Digitally Active | High Transactional | Stable Spender | Established Relationship | Moderate Cross-Sell Opportunity | Moderate Risk | Ready
C000323,1,Core Active,Core Relationship Customer,0.41541666666666666,Medium,0.29083333333333333,Moderate Transactional,0.46740000000000004,Digitally Active,High Engagement,Active,Established Relationship,Stable Spender,0.11666666666666665,Unresponsive,0.44499666666666665,Low Cross-Sell Opportunity,0.5786666666666667,High Risk,0.1356833333333333,Low Readiness,0.295199,Priority 4,Core Active | Core Relationship Customer | Medium Value | Digitally Active | Moderate Transactional | Stable Spender | Established Relationship | Low Cross-Sell Opportunity | High Risk | Low Readiness
C000324,3,Premium High-Value,Premium Relationship Customer,0.8001666666666667,Very High,0.8566666666666667,Very High Transactional,0.462,Digitally Active,Moderate Engagement,Active,Established Relationship,Stable Spender,0.35,Responsive,0.48049166666666665,Moderate Cross-Sell Opportunity,0.575,High Risk,0.27591666666666664,Needs Nurturing,0.44565166666666667,Priority 3,Premium High-Value | Premium Relationship Customer | Very High Value | Digitally Active | Very High Transactional | Stable Spender | Established Relationship | Moderate Cross-Sell Opportunity | High Risk | Needs Nurturing
C000325,3,Premium High-Value,Premium Digital Customer,0.5848333333333333,Medium,0.7799999999999999,Very High Transactional,0.7804,Highly Digital,High Engagement,Recently Active,Established Relationship,Declining Spender,0.6749999999999999,Highly Responsive,0.5745716666666667,Moderate Cross-Sell Opportunity,0.36275,Moderate Risk,0.29434999999999995,Needs Nurturing,0.5324089999999999,Priority 2,Premium High-Value | Premium Digital Customer | Medium Value | Highly Digital | Very High Transactional | Declining Spender | Established Relationship | Moderate Cross-Sell Opportunity | Moderate Risk | Needs Nurturing
C000326,3,Premium High-Value,Premium Relationship Customer,0.6881666666666666,High,0.6233333333333334,High Transactional,0.602,Digitally Active,High Engagement,Active,Established Relationship,Stable Spender,0.6499999999999999,Highly Responsive,0.513175,Moderate Cross-Sell Opportunity,0.4575,Moderate Risk,0.29868999999999996,Needs Nurturing,0.5161,Priority 2,Premium High-Value | Premium Relationship Customer | High Value | Digitally Active | High Transactional | Stable Spender | Established Relationship | Moderate Cross-Sell Opportunity | Moderate Risk | Needs Nurturing
C000327,1,Core Active,Core Relationship Customer,0.5001666666666666,Medium,0.5154166666666666,High Transactional,0.6444000000000001,Digitally Active,High Engagement,Recently Active,Established Relationship,Stable Spender,0.4624999999999999,Responsive,0.49085500000000004,Moderate Cross-Sell Opportunity,0.286625,Low Risk,0.30667,Needs Nurturing,0.4627865,Priority 3,Core Active | Core Relationship Customer | Medium Value | Digitally Active | High Transactional | Stable Spender | Established Relationship | Moderate Cross-Sell Opportunity | Low Risk | Needs Nurturing
C000328,1,Core Active,Core Relationship Customer,0.4141666666666666,Medium,0.42874999999999996,Moderate Transactional,0.5716,Digitally Active,High Engagement,Recently Active,Developing Relationship,Growing Spender,0.19999999999999998,Low Response,0.5325783333333334,Moderate Cross-Sell Opportunity,0.3500416666666667,Moderate Risk,0.26783749999999995,Needs Nurturing,0.39385370833333333,Priority 3,Core Active | Core Relationship Customer | Medium Value | Digitally Active | Moderate Transactional | Growing Spender | Developing Relationship | Moderate Cross-Sell Opportunity | Moderate Risk | Needs Nurturing
C000329,1,Core Active,Core Relationship Customer,0.13974999999999999,Low,0.2375,Low Transactional,0.6302000000000001,Digitally Active,High Engagement,Recently Active,Developing Relationship,Stable Spender,0.27499999999999997,Low Response,0.49339,Moderate Cross-Sell Opportunity,0.2698333333333333,Low Risk,0.44701,Ready,0.40874866666666665,Priority 3,Core Active | Core Relationship Customer | Low Value | Digitally Active | Low Transactional | Stable Spender | Developing Relationship | Moderate Cross-Sell Opportunity | Low Risk | Ready
C000330,1,Core Active,Core Digital Customer,0.507,Medium,0.34625,Moderate Transactional,0.8708,Highly Digital,High Engagement,Active,Shallow Relationship,Growing Spender,0.55,Responsive,0.676435,Moderate Cross-Sell Opportunity,0.4912916666666667,Moderate Risk,0.26271,Needs Nurturing,0.5055288333333333,Priority 2,Core Active | Core Digital Customer | Medium Value | Highly Digital | Moderate Transactional | Growing Spender | Shallow Relationship | Moderate Cross-Sell Opportunity | Moderate Risk | Needs Nurturing
C000331,1,Core Active,Core Relationship Customer,0.14933333333333332,Low,0.18833333333333332,Low Transactional,0.5078,Digitally Active,Moderate Engagement,Recently Active,Shallow Relationship,Stable Spender,0.2333333333333333,Low Response,0.479035,Moderate Cross-Sell Opportunity,0.4934166666666667,Moderate Risk,0.41114999999999996,Ready,0.36622299999999997,Priority 3,Core Active | Core Relationship Customer | Low Value | Digitally Active | Low Transactional | Stable Spender | Shallow Relationship | Moderate Cross-Sell Opportunity | Moderate Risk | Ready
C000332,2,At Risk,At-Risk Engagement Customer,0.39658333333333334,Medium,0.25125000000000003,Moderate Transactional,0.4252,Moderate Digital,Moderate Engagement,Dormant,Developing Relationship,Stable Spender,0.35,Responsive,0.39992333333333335,Low Cross-Sell Opportunity,0.9402083333333333,Critical Risk,0.10772999999999996,Low Readiness,0.28237616666666665,Priority 4,At Risk | At-Risk Engagement Customer | Medium Value | Moderate Digital | Moderate Transactional | Stable Spender | Developing Relationship | Low Cross-Sell Opportunity | Critical Risk | Low Readiness
C000333,3,Premium High-Value,Premium Digital Customer,0.6090833333333333,High,0.33208333333333334,Moderate Transactional,0.7819999999999999,Highly Digital,Very High Engagement,Recently Active,Established Relationship,Stable Spender,0.31,Low Response,0.5625833333333333,Moderate Cross-Sell Opportunity,0.28129166666666666,Low Risk,0.21944999999999998,Needs Nurturing,0.44887083333333333,Priority 3,Premium High-Value | Premium Digital Customer | High Value | Highly Digital | Moderate Transactional | Stable Spender | Established Relationship | Moderate Cross-Sell Opportunity | Low Risk | Needs Nurturing
C000334,1,Core Active,Core Relationship Customer,0.23733333333333334,Low,0.2175,Low Transactional,0.5716,Digitally Active,Moderate Engagement,Active,Shallow Relationship,Stable Spender,0.0,Unresponsive,0.4897783333333333,Moderate Cross-Sell Opportunity,0.6458333333333333,High Risk,0.53345,Ready,0.35131266666666666,Priority 3,Core Active | Core Relationship Customer | Low Value | Digitally Active | Low Transactional | Stable Spender | Shallow Relationship | Moderate Cross-Sell Opportunity | High Risk | Ready
C000335,1,Core Active,Core Relationship Customer,0.4902499999999999,Medium,0.18458333333333332,Low Transactional,0.28559999999999997,Moderate Digital,Moderate Engagement,Active,Developing Relationship,Declining Spender,0.0,Unresponsive,0.42446999999999996,Low Cross-Sell Opportunity,0.8608750000000001,Critical Risk,0.315175,Needs Nurturing,0.29358474999999995,Priority 4,Core Active | Core Relationship Customer | Medium Value | Moderate Digital | Low Transactional | Declining Spender | Developing Relationship | Low Cross-Sell Opportunity | Critical Risk | Needs Nurturing
C000336,1,Core Active,Core Digital Customer,0.3689166666666667,Medium,0.3616666666666667,Moderate Transactional,0.7426,Highly Digital,High Engagement,Recently Active,Developing Relationship,Declining Spender,0.62,Highly Responsive,0.55667,Moderate Cross-Sell Opportunity,0.507,Moderate Risk,0.27381666666666665,Needs Nurturing,0.46409266666666665,Priority 3,Core Active | Core Digital Customer | Medium Value | Highly Digital | Moderate Transactional | Declining Spender | Developing Relationship | Moderate Cross-Sell Opportunity | Moderate Risk | Needs Nurturing
C000337,1,Core Active,Core Relationship Customer,0.6280833333333333,High,0.6558333333333333,High Transactional,0.3116,Moderate Digital,Moderate Engagement,Recently Active,Shallow Relationship,Stable Spender,0.7333333333333333,Highly Responsive,0.6113200000000001,Moderate Cross-Sell Opportunity,0.33075,Low Risk,0.10479,Low Readiness,0.5173976666666666,Priority 2,Core Active | Core Relationship Customer | High Value | Moderate Digital | High Transactional | Stable Spender | Shallow Relationship | Moderate Cross-Sell Opportunity | Low Risk | Low Readiness
C000338,3,Premium High-Value,Premium Digital Customer,0.7075833333333333,High,0.7833333333333333,Very High Transactional,0.7595999999999999,Highly Digital,Very High Engagement,Recently Active,Deep Relationship,Growing Spender,0.36249999999999993,Responsive,0.5830366666666666,Moderate Cross-Sell Opportunity,0.16541666666666668,Low Risk,0.30849,Needs Nurturing,0.5141293333333333,Priority 2,Premium High-Value | Premium Digital Customer | High Value | Highly Digital | Very High Transactional | Growing Spender | Deep Relationship | Moderate Cross-Sell Opportunity | Low Risk | Needs Nurturing
C000339,1,Core Active,Core Relationship Customer,0.5913333333333334,Medium,0.575,High Transactional,0.6882,Digitally Active,High Engagement,Recently Active,Developing Relationship,Growing Spender,0.7333333333333333,Highly Responsive,0.6201650000000001,Moderate Cross-Sell Opportunity,0.325,Low Risk,0.54375,Ready,0.6248536666666668,Priority 2,Core Active | Core Relationship Customer | Medium Value | Digitally Active | High Transactional | Growing Spender | Developing Relationship | Moderate Cross-Sell Opportunity | Low Risk | Ready
C000340,1,Core Active,Core Relationship Customer,0.32283333333333336,Low,0.043333333333333335,Low Transactional,0.4514,Digitally Active,Moderate Engagement,Active,Shallow Relationship,Stable Spender,0.32499999999999996,Low Response,0.48133833333333337,Moderate Cross-Sell Opportunity,0.7256666666666667,High Risk,0.163275,Low Readiness,0.32607858333333334,Priority 3,Core Active | Core Relationship Customer | Low Value | Digitally Active | Low Transactional | Stable Spender | Shallow Relationship | Moderate Cross-Sell Opportunity | High Risk | Low Readiness
C000341,1,Core Active,Core Relationship Customer,0.5186666666666666,Medium,0.4891666666666667,Moderate Transactional,0.5566,Digitally Active,High Engagement,Recently Active,Shallow Relationship,Stable Spender,0.27499999999999997,Low Response,0.6351283333333333,Moderate Cross-Sell Opportunity,0.38766666666666666,Moderate Risk,0.33547499999999997,Needs Nurturing,0.4684405833333333,Priority 3,Core Active | Core Relationship Customer | Medium Value | Digitally Active | Moderate Transactional | Stable Spender | Shallow Relationship | Moderate Cross-Sell Opportunity | Moderate Risk | Needs Nurturing
C000342,3,Premium High-Value,Premium Relationship Customer,0.8736666666666667,Very High,0.79,Very High Transactional,0.5604,Digitally Active,Moderate Engagement,Active,Deep Relationship,Stable Spender,0.375,Responsive,0.46878833333333336,Moderate Cross-Sell Opportunity,0.7042500000000002,High Risk,0.5795333333333332,Ready,0.5211448333333333,Priority 2,Premium High-Value | Premium Relationship Customer | Very High Value | Digitally Active | Very High Transactional | Stable Spender | Deep Relationship | Moderate Cross-Sell Opportunity | High Risk | Ready
C000343,1,Core Active,Core Relationship Customer,0.5449999999999999,Medium,0.37958333333333333,Moderate Transactional,0.5602,Digitally Active,High Engagement,Active,Established Relationship,Declining Spender,0.32499999999999996,Low Response,0.46739833333333336,Moderate Cross-Sell Opportunity,0.524875,Moderate Risk,0.24163999999999997,Needs Nurturing,0.39489199999999997,Priority 3,Core Active | Core Relationship Customer | Medium Value | Digitally Active | Moderate Transactional | Declining Spender | Established Relationship | Moderate Cross-Sell Opportunity | Moderate Risk | Needs Nurturing
C000344,1,Core Active,Core Relationship Customer,0.15491666666666667,Low,0.27791666666666665,Moderate Transactional,0.5736,Digitally Active,Moderate Engagement,Active,Developing Relationship,Declining Spender,0.41,Responsive,0.40487,Low Cross-Sell Opportunity,0.6667083333333333,High Risk,0.22763999999999998,Needs Nurturing,0.31693766666666673,Priority 3,Core Active | Core Relationship Customer | Low Value | Digitally Active | Moderate Transactional | Declining Spender | Developing Relationship | Low Cross-Sell Opportunity | High Risk | Needs Nurturing
C000345,3,Premium High-Value,Premium Relationship Customer,0.6974999999999999,High,0.6141666666666666,High Transactional,0.2924,Moderate Digital,Moderate Engagement,Active,Established Relationship,Growing Spender,0.06999999999999999,Unresponsive,0.389905,Low Cross-Sell Opportunity,0.5938333333333333,High Risk,0.35,Needs Nurturing,0.36371316666666664,Priority 3,Premium High-Value | Premium Relationship Customer | High Value | Moderate Digital | High Transactional | Growing Spender | Established Relationship | Low Cross-Sell Opportunity | High Risk | Needs Nurturing
C000346,1,Core Active,Core Digital Customer,0.14283333333333334,Low,0.19291666666666665,Low Transactional,0.7418,Highly Digital,High Engagement,Active,Deep Relationship,Stable Spender,0.6749999999999999,Highly Responsive,0.33540166666666665,Low Cross-Sell Opportunity,0.6517916666666668,High Risk,0.3044125,Needs Nurturing,0.3679694583333333,Priority 3,Core Active | Core Digital Customer | Low Value | Highly Digital | Low Transactional | Stable Spender | Deep Relationship | Low Cross-Sell Opportunity | High Risk | Needs Nurturing
C000347,3,Premium High-Value,Premium Relationship Customer,0.7893333333333333,High,0.9070833333333335,Very High Transactional,0.5596,Digitally Active,Moderate Engagement,Recently Active,Established Relationship,Stable Spender,0.3583333333333333,Responsive,0.5355783333333333,Moderate Cross-Sell Opportunity,0.24795833333333334,Low Risk,0.15201666666666663,Low Readiness,0.4639485,Priority 3,Premium High-Value | Premium Relationship Customer | High Value | Digitally Active | Very High Transactional | Stable Spender | Established Relationship | Moderate Cross-Sell Opportunity | Low Risk | Low Readiness
C000348,1,Core Active,Core Relationship Customer,0.34841666666666665,Low,0.44083333333333335,Moderate Transactional,0.6424,Digitally Active,Moderate Engagement,Active,Developing Relationship,Stable Spender,0.76,Highly Responsive,0.49964666666666663,Moderate Cross-Sell Opportunity,0.4205833333333334,Moderate Risk,0.28723333333333334,Needs Nurturing,0.4839065,Priority 3,Core Active | Core Relationship Customer | Low Value | Digitally Active | Moderate Transactional | Stable Spender | Developing Relationship | Moderate Cross-Sell Opportunity | Moderate Risk | Needs Nurturing
C000349,1,Core Active,Core Relationship Customer,0.35866666666666663,Medium,0.20750000000000002,Low Transactional,0.3834,Moderate Digital,Moderate Engagement,Active,Established Relationship,Declining Spender,0.37,Responsive,0.34220500000000004,Low Cross-Sell Opportunity,0.8730000000000001,Critical Risk,0.19669999999999999,Low Readiness,0.2923365,Priority 4,Core Active | Core Relationship Customer | Medium Value | Moderate Digital | Low Transactional | Declining Spender | Established Relationship | Low Cross-Sell Opportunity | Critical Risk | Low Readiness
C000350,1,Core Active,Core Relationship Customer,0.07725,Low,0.14666666666666667,Low Transactional,0.5024,Digitally Active,Moderate Engagement,Recently Active,Shallow Relationship,Stable Spender,0.3083333333333333,Low Response,0.4743133333333333,Moderate Cross-Sell Opportunity,0.6045833333333334,High Risk,0.11675999999999999,Low Readiness,0.2842798333333333,Priority 4,Core Active | Core Relationship Customer | Low Value | Digitally Active | Low Transactional | Stable Spender | Shallow Relationship | Moderate Cross-Sell Opportunity | High Risk | Low Readiness
C000351,1,Core Active,Core Relationship Customer,0.5418333333333334,Medium,0.47291666666666665,Moderate Transactional,0.5641999999999999,Digitally Active,High Engagement,Recently Active,Shallow Relationship,Growing Spender,0.0,Unresponsive,0.643715,Moderate Cross-Sell Opportunity,0.38245833333333334,Moderate Risk,0.48696249999999996,Ready,0.45788429166666667,Priority 3,Core Active | Core Relationship Customer | Medium Value | Digitally Active | Moderate Transactional | Growing Spender | Shallow Relationship | Moderate Cross-Sell Opportunity | Moderate Risk | Ready
C000352,1,Core Active,Core Relationship Customer,0.39049999999999996,Medium,0.25916666666666666,Moderate Transactional,0.4686,Digitally Active,Moderate Engagement,Recently Active,Established Relationship,Stable Spender,0.29,Low Response,0.3990783333333333,Low Cross-Sell Opportunity,0.5661666666666667,High Risk,0.12816999999999995,Low Readiness,0.31172433333333327,Priority 3,Core Active | Core Relationship Customer | Medium Value | Digitally Active | Moderate Transactional | Stable Spender | Established Relationship | Low Cross-Sell Opportunity | High Risk | Low Readiness
C000353,3,Premium High-Value,Premium Digital Customer,0.9741666666666667,Very High,0.9620833333333334,Very High Transactional,0.7614000000000001,Highly Digital,Very High Engagement,Active,Established Relationship,Declining Spender,0.7333333333333333,Highly Responsive,0.6632383333333335,Moderate Cross-Sell Opportunity,0.4667083333333333,Moderate Risk,0.5227999999999999,Ready,0.6757923333333333,Priority 2,Premium High-Value | Premium Digital Customer | Very High Value | Highly Digital | Very High Transactional | Declining Spender | Established Relationship | Moderate Cross-Sell Opportunity | Moderate Risk | Ready
C000354,2,At Risk,At-Risk Engagement Customer,0.17433333333333334,Low,0.23041666666666666,Low Transactional,0.13160000000000002,Low Digital,Moderate Engagement,At Risk,Developing Relationship,Stable Spender,0.0,Unresponsive,0.27626166666666674,Low Cross-Sell Opportunity,0.9192083333333334,Critical Risk,0.1937833333333333,Low Readiness,0.16555350000000002,Priority 4,At Risk | At-Risk Engagement Customer | Low Value | Low Digital | Low Transactional | Stable Spender | Developing Relationship | Low Cross-Sell Opportunity | Critical Risk | Low Readiness
C000355,2,At Risk,At-Risk Declining Customer,0.41991666666666666,Medium,0.3491666666666666,Moderate Transactional,0.619,Digitally Active,Moderate Engagement,At Risk,Shallow Relationship,Declining Spender,0.2333333333333333,Low Response,0.5456833333333333,Moderate Cross-Sell Opportunity,0.8617500000000001,Critical Risk,0.65665,Highly Ready,0.45134666666666656,Priority 3,At Risk | At-Risk Declining Customer | Medium Value | Digitally Active | Moderate Transactional | Declining Spender | Shallow Relationship | Moderate Cross-Sell Opportunity | Critical Risk | Highly Ready
C000356,3,Premium High-Value,Premium Digital Customer,0.984,Very High,0.9225000000000001,Very High Transactional,0.8804,Highly Digital,Very High Engagement,Recently Active,Deep Relationship,Growing Spender,0.44999999999999996,Responsive,0.669055,Moderate Cross-Sell Opportunity,0.1721666666666667,Low Risk,0.65003,Highly Ready,0.6836073333333332,Priority 2,Premium High-Value | Premium Digital Customer | Very High Value | Highly Digital | Very High Transactional | Growing Spender | Deep Relationship | Moderate Cross-Sell Opportunity | Low Risk | Highly Ready
C000357,3,Premium High-Value,Premium Relationship Customer,0.7000833333333334,High,0.7116666666666667,High Transactional,0.547,Digitally Active,High Engagement,Active,Established Relationship,Stable Spender,0.11666666666666665,Unresponsive,0.5611999999999999,Moderate Cross-Sell Opportunity,0.4348333333333334,Moderate Risk,0.37274999999999997,Needs Nurturing,0.44641,Priority 3,Premium High-Value | Premium Relationship Customer | High Value | Digitally Active | High Transactional | Stable Spender | Established Relationship | Moderate Cross-Sell Opportunity | Moderate Risk | Needs Nurturing
C000358,1,Core Active,Core Relationship Customer,0.5853333333333334,Medium,0.3370833333333333,Moderate Transactional,0.6386000000000001,Digitally Active,High Engagement,At Risk,Shallow Relationship,Stable Spender,0.42999999999999994,Responsive,0.6084616666666668,Moderate Cross-Sell Opportunity,0.8182083333333333,Critical Risk,0.1393,Low Readiness,0.4093426666666667,Priority 3,Core Active | Core Relationship Customer | Medium Value | Digitally Active | Moderate Transactional | Stable Spender | Shallow Relationship | Moderate Cross-Sell Opportunity | Critical Risk | Low Readiness
C000359,1,Core Active,Core Digital Customer,0.14141666666666666,Low,0.2754166666666667,Moderate Transactional,0.7012,Highly Digital,High Engagement,Active,Developing Relationship,Declining Spender,0.3833333333333333,Responsive,0.4528066666666667,Moderate Cross-Sell Opportunity,0.6327916666666668,High Risk,0.0448,Low Readiness,0.28164199999999995,Priority 4,Core Active | Core Digital Customer | Low Value | Highly Digital | Moderate Transactional | Declining Spender | Developing Relationship | Moderate Cross-Sell Opportunity | High Risk | Low Readiness
C000360,1,Core Active,Core Digital Customer,0.26758333333333334,Low,0.27,Moderate Transactional,0.733,Highly Digital,High Engagement,Recently Active,Shallow Relationship,Declining Spender,0.37,Responsive,0.5936833333333332,Moderate Cross-Sell Opportunity,0.5146666666666667,Moderate Risk,0.2882833333333333,Needs Nurturing,0.4128466666666666,Priority 3,Core Active | Core Digital Customer | Low Value | Highly Digital | Moderate Transactional | Declining Spender | Shallow Relationship | Moderate Cross-Sell Opportunity | Moderate Risk | Needs Nurturing
C000361,1,Core Active,Core Relationship Customer,0.08275,Low,0.19416666666666665,Low Transactional,0.6634,Digitally Active,High Engagement,Active,Shallow Relationship,Declining Spender,0.41,Responsive,0.47773,Moderate Cross-Sell Opportunity,0.7295000000000001,High Risk,0.10297,Low Readiness,0.29052399999999995,Priority 4,Core Active | Core Relationship Customer | Low Value | Digitally Active | Low Transactional | Declining Spender | Shallow Relationship | Moderate Cross-Sell Opportunity | High Risk | Low Readiness
C000362,3,Premium High-Value,Premium Relationship Customer,0.9453333333333332,Very High,0.9183333333333333,Very High Transactional,0.6202,Digitally Active,High Engagement,Active,Deep Relationship,Stable Spender,0.6499999999999999,Highly Responsive,0.5297483333333333,Moderate Cross-Sell Opportunity,0.407,Moderate Risk,0.48621000000000003,Ready,0.6115769999999999,Priority 2,Premium High-Value | Premium Relationship Customer | Very High Value | Digitally Active | Very High Transactional | Stable Spender | Deep Relationship | Moderate Cross-Sell Opportunity | Moderate Risk | Ready
C000363,1,Core Active,Core Relationship Customer,0.52925,Medium,0.51375,High Transactional,0.6072,Digitally Active,Very High Engagement,Recently Active,Developing Relationship,Growing Spender,0.175,Low Response,0.60629,Moderate Cross-Sell Opportunity,0.237625,Low Risk,0.4760599999999999,Ready,0.491527,Priority 3,Core Active | Core Relationship Customer | Medium Value | Digitally Active | High Transactional | Growing Spender | Developing Relationship | Moderate Cross-Sell Opportunity | Low Risk | Ready
C000364,1,Core Active,Core Relationship Customer,0.43433333333333335,Medium,0.3433333333333333,Moderate Transactional,0.5105999999999999,Digitally Active,High Engagement,Active,Shallow Relationship,Stable Spender,0.0,Unresponsive,0.5417283333333334,Moderate Cross-Sell Opportunity,0.5408333333333334,Moderate Risk,0.276325,Needs Nurturing,0.34266641666666664,Priority 3,Core Active | Core Relationship Customer | Medium Value | Digitally Active | Moderate Transactional | Stable Spender | Shallow Relationship | Moderate Cross-Sell Opportunity | Moderate Risk | Needs Nurturing
C000365,1,Core Active,Core Relationship Customer,0.44025,Medium,0.2045833333333333,Low Transactional,0.6126,Digitally Active,High Engagement,Active,Shallow Relationship,Stable Spender,0.06999999999999999,Unresponsive,0.5621033333333334,Moderate Cross-Sell Opportunity,0.767375,Critical Risk,0.2816625,Needs Nurturing,0.34234662500000007,Priority 3,Core Active | Core Relationship Customer | Medium Value | Digitally Active | Low Transactional | Stable Spender | Shallow Relationship | Moderate Cross-Sell Opportunity | Critical Risk | Needs Nurturing
C000366,1,Core Active,Core Relationship Customer,0.26066666666666666,Low,0.5275,High Transactional,0.5484,Digitally Active,High Engagement,Active,Deep Relationship,Stable Spender,0.7374999999999999,Highly Responsive,0.31468833333333335,Low Cross-Sell Opportunity,0.5996666666666667,High Risk,0.5794166666666667,Ready,0.46589400000000003,Priority 3,Core Active | Core Relationship Customer | Low Value | Digitally Active | High Transactional | Stable Spender | Deep Relationship | Low Cross-Sell Opportunity | High Risk | Ready
C000367,1,Core Active,Core Digital Customer,0.34533333333333327,Low,0.22041666666666665,Low Transactional,0.8109999999999999,Highly Digital,High Engagement,Active,Shallow Relationship,Growing Spender,0.76,Highly Responsive,0.6037083333333333,Moderate Cross-Sell Opportunity,0.527125,Moderate Risk,0.31562999999999997,Needs Nurturing,0.5111075,Priority 2,Core Active | Core Digital Customer | Low Value | Highly Digital | Low Transactional | Growing Spender | Shallow Relationship | Moderate Cross-Sell Opportunity | Moderate Risk | Needs Nurturing
C000368,1,Core Active,Core Relationship Customer,0.49425,Medium,0.6083333333333334,High Transactional,0.5998,Digitally Active,High Engagement,Recently Active,Developing Relationship,Stable Spender,0.29,Low Response,0.5969933333333334,Moderate Cross-Sell Opportunity,0.32166666666666666,Low Risk,0.30835,Needs Nurturing,0.45615633333333333,Priority 3,Core Active | Core Relationship Customer | Medium Value | Digitally Active | High Transactional | Stable Spender | Developing Relationship | Moderate Cross-Sell Opportunity | Low Risk | Needs Nurturing
C000369,1,Core Active,Core Relationship Customer,0.28941666666666666,Low,0.28500000000000003,Moderate Transactional,0.6198,Digitally Active,Moderate Engagement,Active,Shallow Relationship,Stable Spender,0.4624999999999999,Responsive,0.5161266666666666,Moderate Cross-Sell Opportunity,0.7658333333333334,Critical Risk,0.1885625,Low Readiness,0.3613077916666666,Priority 3,Core Active | Core Relationship Customer | Low Value | Digitally Active | Moderate Transactional | Stable Spender | Shallow Relationship | Moderate Cross-Sell Opportunity | Critical Risk | Low Readiness
C000370,3,Premium High-Value,Premium Relationship Customer,0.9593333333333333,Very High,0.8837499999999999,Very High Transactional,0.5554,Digitally Active,Moderate Engagement,Active,Deep Relationship,Stable Spender,0.175,Low Response,0.5144883333333333,Moderate Cross-Sell Opportunity,0.48554166666666676,Moderate Risk,0.5410999999999999,Ready,0.5199673333333332,Priority 2,Premium High-Value | Premium Relationship Customer | Very High Value | Digitally Active | Very High Transactional | Stable Spender | Deep Relationship | Moderate Cross-Sell Opportunity | Moderate Risk | Ready
C000371,3,Premium High-Value,Premium Cross-Sell Opportunity,0.8078333333333334,Very High,0.8466666666666667,Very High Transactional,0.6622000000000001,Digitally Active,Very High Engagement,Recently Active,Developing Relationship,Growing Spender,0.7749999999999999,Highly Responsive,0.721315,High Cross-Sell Opportunity,0.11333333333333333,Low Risk,0.27033999999999997,Needs Nurturing,0.6488211666666667,Priority 2,Premium High-Value | Premium Cross-Sell Opportunity | Very High Value | Digitally Active | Very High Transactional | Growing Spender | Developing Relationship | High Cross-Sell Opportunity | Low Risk | Needs Nurturing
C000372,0,Dormant / Declining,Dormant Reactivation Target,0.36925,Medium,0.2970833333333333,Moderate Transactional,0.41580000000000006,Moderate Digital,Moderate Engagement,Dormant,Developing Relationship,Stable Spender,0.2333333333333333,Low Response,0.40301000000000003,Low Cross-Sell Opportunity,0.8920416666666666,Critical Risk,0.2987833333333333,Needs Nurturing,0.30844883333333334,Priority 3,Dormant / Declining | Dormant Reactivation Target | Medium Value | Moderate Digital | Moderate Transactional | Stable Spender | Developing Relationship | Low Cross-Sell Opportunity | Critical Risk | Needs Nurturing
C000373,1,Core Active,Core Relationship Customer,0.53175,Medium,0.46541666666666665,Moderate Transactional,0.3446,Moderate Digital,High Engagement,Active,Developing Relationship,Growing Spender,0.11666666666666665,Unresponsive,0.46581999999999996,Moderate Cross-Sell Opportunity,0.590125,High Risk,0.09747499999999996,Low Readiness,0.30819808333333326,Priority 3,Core Active | Core Relationship Customer | Medium Value | Moderate Digital | Moderate Transactional | Growing Spender | Developing Relationship | Moderate Cross-Sell Opportunity | High Risk | Low Readiness
C000374,3,Premium High-Value,Premium Digital Customer,0.8915833333333333,Very High,0.8650000000000001,Very High Transactional,0.7330000000000001,Highly Digital,High Engagement,Recently Active,Established Relationship,Stable Spender,0.26249999999999996,Low Response,0.6213500000000001,Moderate Cross-Sell Opportunity,0.21783333333333338,Low Risk,0.20181,Needs Nurturing,0.5013116666666667,Priority 2,Premium High-Value | Premium Digital Customer | Very High Value | Highly Digital | Very High Transactional | Stable Spender | Established Relationship | Moderate Cross-Sell Opportunity | Low Risk | Needs Nurturing
C000375,1,Core Active,Core Cross-Sell Opportunity,0.6820833333333333,High,0.6558333333333334,High Transactional,0.5778000000000001,Digitally Active,High Engagement,Recently Active,Shallow Relationship,Declining Spender,0.675,Highly Responsive,0.7022933333333332,High Cross-Sell Opportunity,0.32033333333333336,Low Risk,0.3875666666666666,Needs Nurturing,0.6128588333333332,Priority 2,Core Active | Core Cross-Sell Opportunity | High Value | Digitally Active | High Transactional | Declining Spender | Shallow Relationship | High Cross-Sell Opportunity | Low Risk | Needs Nurturing
C000376,1,Core Active,Core Digital Customer,0.10125,Low,0.12291666666666667,Low Transactional,0.71,Highly Digital,High Engagement,Active,Developing Relationship,Stable Spender,0.049999999999999975,Unresponsive,0.45783333333333337,Moderate Cross-Sell Opportunity,0.6055416666666666,High Risk,0.16891,Low Readiness,0.24421083333333335,Priority 4,Core Active | Core Digital Customer | Low Value | Highly Digital | Low Transactional | Stable Spender | Developing Relationship | Moderate Cross-Sell Opportunity | High Risk | Low Readiness
C000377,1,Core Active,Core Digital Customer,0.11033333333333332,Low,0.23333333333333334,Low Transactional,0.7604,Highly Digital,High Engagement,Active,Developing Relationship,Stable Spender,0.75,Highly Responsive,0.48727166666666666,Moderate Cross-Sell Opportunity,0.3501666666666667,Moderate Risk,0.199675,Low Readiness,0.42763358333333334,Priority 3,Core Active | Core Digital Customer | Low Value | Highly Digital | Low Transactional | Stable Spender | Developing Relationship | Moderate Cross-Sell Opportunity | Moderate Risk | Low Readiness
C000378,1,Core Active,Core Relationship Customer,0.11674999999999999,Low,0.11708333333333333,Low Transactional,0.5138,Digitally Active,High Engagement,Recently Active,Shallow Relationship,Stable Spender,0.11666666666666665,Unresponsive,0.5279766666666666,Moderate Cross-Sell Opportunity,0.4847916666666666,Moderate Risk,0.13803999999999997,Low Readiness,0.28526966666666664,Priority 4,Core Active | Core Relationship Customer | Low Value | Digitally Active | Low Transactional | Stable Spender | Shallow Relationship | Moderate Cross-Sell Opportunity | Moderate Risk | Low Readiness
C000379,1,Core Active,Core Relationship Customer,0.4345833333333333,Medium,0.3895833333333334,Moderate Transactional,0.5438,Digitally Active,Moderate Engagement,Recently Active,Established Relationship,Declining Spender,0.2333333333333333,Low Response,0.4184433333333333,Low Cross-Sell Opportunity,0.6126250000000001,High Risk,0.17342499999999994,Low Readiness,0.3194809166666666,Priority 3,Core Active | Core Relationship Customer | Medium Value | Digitally Active | Moderate Transactional | Declining Spender | Established Relationship | Low Cross-Sell Opportunity | High Risk | Low Readiness
C000380,1,Core Active,Core Relationship Customer,0.29833333333333334,Low,0.4654166666666667,Moderate Transactional,0.5114,Digitally Active,Moderate Engagement,Recently Active,Established Relationship,Stable Spender,0.3083333333333333,Low Response,0.3985883333333333,Low Cross-Sell Opportunity,0.4139583333333333,Moderate Risk,0.27381666666666665,Needs Nurturing,0.3530515,Priority 3,Core Active | Core Relationship Customer | Low Value | Digitally Active | Moderate Transactional | Stable Spender | Established Relationship | Low Cross-Sell Opportunity | Moderate Risk | Needs Nurturing
C000381,3,Premium High-Value,Premium Digital Customer,0.8180833333333332,Very High,0.9724999999999999,Very High Transactional,0.867,Highly Digital,Very High Engagement,Active,Deep Relationship,Stable Spender,0.55,Responsive,0.5531999999999999,Moderate Cross-Sell Opportunity,0.3428333333333334,Low Risk,0.29516666666666663,Needs Nurturing,0.5381808333333333,Priority 2,Premium High-Value | Premium Digital Customer | Very High Value | Highly Digital | Very High Transactional | Stable Spender | Deep Relationship | Moderate Cross-Sell Opportunity | Low Risk | Needs Nurturing
C000382,1,Core Active,Core Relationship Customer,0.3855,Medium,0.4816666666666667,Moderate Transactional,0.5640000000000001,Digitally Active,High Engagement,Active,Established Relationship,Stable Spender,0.09999999999999999,Unresponsive,0.4388916666666667,Low Cross-Sell Opportunity,0.5501666666666667,High Risk,0.1757,Low Readiness,0.2984008333333333,Priority 4,Core Active | Core Relationship Customer | Medium Value | Digitally Active | Moderate Transactional | Stable Spender | Established Relationship | Low Cross-Sell Opportunity | High Risk | Low Readiness
C000383,3,Premium High-Value,Premium Digital Customer,0.8198333333333333,Very High,0.8358333333333334,Very High Transactional,0.83,Highly Digital,High Engagement,Active,Established Relationship,Stable Spender,0.6633333333333333,Highly Responsive,0.5899916666666667,Moderate Cross-Sell Opportunity,0.4866666666666666,Moderate Risk,0.6774999999999999,Highly Ready,0.6533475,Priority 2,Premium High-Value | Premium Digital Customer | Very High Value | Highly Digital | Very High Transactional | Stable Spender | Established Relationship | Moderate Cross-Sell Opportunity | Moderate Risk | Highly Ready
C000384,2,At Risk,At-Risk Declining Customer,0.19458333333333336,Low,0.09,Low Transactional,0.2612,Moderate Digital,Moderate Engagement,At Risk,Shallow Relationship,Declining Spender,0.41666666666666663,Responsive,0.3940233333333334,Low Cross-Sell Opportunity,0.9231666666666668,Critical Risk,0.16827999999999999,Low Readiness,0.2804811666666666,Priority 4,At Risk | At-Risk Declining Customer | Low Value | Moderate Digital | Low Transactional | Declining Spender | Shallow Relationship | Low Cross-Sell Opportunity | Critical Risk | Low Readiness
C000385,1,Core Active,Core Digital Customer,0.2604166666666667,Low,0.35291666666666666,Moderate Transactional,0.7372,Highly Digital,High Engagement,Recently Active,Developing Relationship,Stable Spender,0.31,Low Response,0.5414566666666667,Moderate Cross-Sell Opportunity,0.2935416666666667,Low Risk,0.42545,Ready,0.4405078333333333,Priority 3,Core Active | Core Digital Customer | Low Value | Highly Digital | Moderate Transactional | Stable Spender | Developing Relationship | Moderate Cross-Sell Opportunity | Low Risk | Ready
C000386,3,Premium High-Value,Premium Relationship Customer,0.7958333333333334,High,0.8283333333333334,Very High Transactional,0.6298,Digitally Active,High Engagement,Recently Active,Established Relationship,Stable Spender,0.7666666666666666,Highly Responsive,0.630135,Moderate Cross-Sell Opportunity,0.13416666666666668,Low Risk,0.45463999999999993,Ready,0.6619921666666667,Priority 2,Premium High-Value | Premium Relationship Customer | High Value | Digitally Active | Very High Transactional | Stable Spender | Established Relationship | Moderate Cross-Sell Opportunity | Low Risk | Ready
C000387,1,Core Active,Core Relationship Customer,0.385,Medium,0.1766666666666667,Low Transactional,0.28400000000000003,Moderate Digital,Moderate Engagement,Active,Shallow Relationship,Declining Spender,0.06999999999999999,Unresponsive,0.4678583333333334,Moderate Cross-Sell Opportunity,0.8525000000000001,Critical Risk,0.1224125,Low Readiness,0.257460625,Priority 4,Core Active | Core Relationship Customer | Medium Value | Moderate Digital | Low Transactional | Declining Spender | Shallow Relationship | Moderate Cross-Sell Opportunity | Critical Risk | Low Readiness
C000388,3,Premium High-Value,Premium Relationship Customer,0.681,High,0.7254166666666667,High Transactional,0.582,Digitally Active,Very High Engagement,Recently Active,Deep Relationship,Declining Spender,0.42999999999999994,Responsive,0.505875,Moderate Cross-Sell Opportunity,0.353125,Moderate Risk,0.5562,Ready,0.54365,Priority 2,Premium High-Value | Premium Relationship Customer | High Value | Digitally Active | High Transactional | Declining Spender | Deep Relationship | Moderate Cross-Sell Opportunity | Moderate Risk | Ready
C000389,2,At Risk,At-Risk Engagement Customer,0.1425833333333333,Low,0.020000000000000004,Low Transactional,0.4508,Digitally Active,Low Engagement,At Risk,Shallow Relationship,Stable Spender,0.41666666666666663,Responsive,0.38667666666666667,Low Cross-Sell Opportunity,0.9440000000000001,Critical Risk,0.48031250000000003,Ready,0.3464019583333333,Priority 3,At Risk | At-Risk Engagement Customer | Low Value | Digitally Active | Low Transactional | Stable Spender | Shallow Relationship | Low Cross-Sell Opportunity | Critical Risk | Ready
C000390,3,Premium High-Value,Premium Digital Customer,0.6668333333333333,High,0.52,High Transactional,0.7282,Highly Digital,High Engagement,Active,Developing Relationship,Declining Spender,0.705,Highly Responsive,0.6231316666666666,Moderate Cross-Sell Opportunity,0.5735,High Risk,0.6639124999999999,Highly Ready,0.6365926249999999,Priority 2,Premium High-Value | Premium Digital Customer | High Value | Highly Digital | High Transactional | Declining Spender | Developing Relationship | Moderate Cross-Sell Opportunity | High Risk | Highly Ready
C000391,3,Premium High-Value,Premium Relationship Customer,0.61775,High,0.7783333333333333,Very High Transactional,0.5904,Digitally Active,Moderate Engagement,Recently Active,Developing Relationship,Growing Spender,0.5249999999999999,Responsive,0.5752633333333333,Moderate Cross-Sell Opportunity,0.31883333333333336,Low Risk,0.64615,Ready,0.5998956666666667,Priority 2,Premium High-Value | Premium Relationship Customer | High Value | Digitally Active | Very High Transactional | Growing Spender | Developing Relationship | Moderate Cross-Sell Opportunity | Low Risk | Ready
C000392,1,Core Active,Core Relationship Customer,0.369,Medium,0.4458333333333333,Moderate Transactional,0.5452,Digitally Active,High Engagement,Recently Active,Shallow Relationship,Growing Spender,0.14999999999999997,Unresponsive,0.595465,Moderate Cross-Sell Opportunity,0.29941666666666666,Low Risk,0.12179999999999998,Low Readiness,0.36449783333333335,Priority 3,Core Active | Core Relationship Customer | Medium Value | Digitally Active | Moderate Transactional | Growing Spender | Shallow Relationship | Moderate Cross-Sell Opportunity | Low Risk | Low Readiness
C000393,3,Premium High-Value,Premium Digital Customer,0.7725,High,0.7758333333333334,Very High Transactional,0.798,Highly Digital,High Engagement,Active,Developing Relationship,Growing Spender,0.4624999999999999,Responsive,0.6648583333333334,Moderate Cross-Sell Opportunity,0.34299999999999997,Low Risk,0.7356625,Highly Ready,0.6574481249999999,Priority 2,Premium High-Value | Premium Digital Customer | High Value | Highly Digital | Very High Transactional | Growing Spender | Developing Relationship | Moderate Cross-Sell Opportunity | Low Risk | Highly Ready
C000394,3,Premium High-Value,Premium Relationship Customer,0.82,Very High,0.8574999999999999,Very High Transactional,0.5566,Digitally Active,High Engagement,Active,Established Relationship,Declining Spender,0.0875,Unresponsive,0.5783283333333332,Moderate Cross-Sell Opportunity,0.44458333333333333,Moderate Risk,0.17488333333333334,Low Readiness,0.41326099999999993,Priority 3,Premium High-Value | Premium Relationship Customer | Very High Value | Digitally Active | Very High Transactional | Declining Spender | Established Relationship | Moderate Cross-Sell Opportunity | Moderate Risk | Low Readiness
C000395,1,Core Active,Core Digital Customer,0.26483333333333337,Low,0.31208333333333327,Moderate Transactional,0.7598,Highly Digital,High Engagement,Recently Active,Developing Relationship,Stable Spender,0.475,Responsive,0.5430850000000002,Moderate Cross-Sell Opportunity,0.4219583333333333,Moderate Risk,0.11876666666666666,Low Readiness,0.38514633333333337,Priority 3,Core Active | Core Digital Customer | Low Value | Highly Digital | Moderate Transactional | Stable Spender | Developing Relationship | Moderate Cross-Sell Opportunity | Moderate Risk | Low Readiness
C000396,2,At Risk,At-Risk Engagement Customer,0.32183333333333336,Low,0.24125,Low Transactional,0.2794,Moderate Digital,Moderate Engagement,At Risk,Developing Relationship,Stable Spender,0.32499999999999996,Low Response,0.36708833333333335,Low Cross-Sell Opportunity,0.8677083333333333,Critical Risk,0.11822999999999999,Low Readiness,0.26618816666666667,Priority 4,At Risk | At-Risk Engagement Customer | Low Value | Moderate Digital | Low Transactional | Stable Spender | Developing Relationship | Low Cross-Sell Opportunity | Critical Risk | Low Readiness
C000397,3,Premium High-Value,Premium Digital Customer,0.9713333333333334,Very High,0.9670833333333333,Very High Transactional,0.7196,Highly Digital,Very High Engagement,Active,Established Relationship,Declining Spender,0.25,Low Response,0.6233783333333334,Moderate Cross-Sell Opportunity,0.420625,Moderate Risk,0.212975,Needs Nurturing,0.49389475000000005,Priority 3,Premium High-Value | Premium Digital Customer | Very High Value | Highly Digital | Very High Transactional | Declining Spender | Established Relationship | Moderate Cross-Sell Opportunity | Moderate Risk | Needs Nurturing
C000398,3,Premium High-Value,Premium Relationship Customer,0.7325833333333334,High,0.61375,High Transactional,0.5309999999999999,Digitally Active,Moderate Engagement,Active,Developing Relationship,Growing Spender,0.41,Responsive,0.5608,Moderate Cross-Sell Opportunity,0.5592916666666667,High Risk,0.369075,Needs Nurturing,0.4964670833333333,Priority 3,Premium High-Value | Premium Relationship Customer | High Value | Digitally Active | High Transactional | Growing Spender | Developing Relationship | Moderate Cross-Sell Opportunity | High Risk | Needs Nurturing
C000399,3,Premium High-Value,Premium Relationship Customer,0.6267499999999999,High,0.6379166666666667,High Transactional,0.6668000000000001,Digitally Active,High Engagement,Recently Active,Established Relationship,Stable Spender,0.32499999999999996,Low Response,0.5783433333333333,Moderate Cross-Sell Opportunity,0.251625,Low Risk,0.662225,Highly Ready,0.5729092499999999,Priority 2,Premium High-Value | Premium Relationship Customer | High Value | Digitally Active | High Transactional | Stable Spender | Established Relationship | Moderate Cross-Sell Opportunity | Low Risk | Highly Ready
C000400,3,Premium High-Value,Premium Digital Customer,0.9424999999999999,Very High,0.9341666666666667,Very High Transactional,0.7384,Highly Digital,High Engagement,Active,Established Relationship,Growing Spender,0.475,Responsive,0.6353883333333332,Moderate Cross-Sell Opportunity,0.35558333333333336,Moderate Risk,0.39462499999999995,Needs Nurturing,0.5900894166666665,Priority 2,Premium High-Value | Premium Digital Customer | Very High Value | Highly Digital | Very High Transactional | Growing Spender | Established Relationship | Moderate Cross-Sell Opportunity | Moderate Risk | Needs Nurturing
C000401,1,Core Active,Core Relationship Customer,0.29891666666666666,Low,0.5137499999999999,High Transactional,0.5636,Digitally Active,Moderate Engagement,Active,Shallow Relationship,Stable Spender,0.37,Responsive,0.5059866666666666,Moderate Cross-Sell Opportunity,0.6746250000000001,High Risk,0.3363499999999999,Needs Nurturing,0.3872584999999999,Priority 3,Core Active | Core Relationship Customer | Low Value | Digitally Active | High Transactional | Stable Spender | Shallow Relationship | Moderate Cross-Sell Opportunity | High Risk | Needs Nurturing
C000402,1,Core Active,Core Digital Customer,0.2086666666666667,Low,0.32666666666666666,Moderate Transactional,0.7748,Highly Digital,High Engagement,Recently Active,Shallow Relationship,Growing Spender,0.0,Unresponsive,0.5833683333333334,Moderate Cross-Sell Opportunity,0.4071666666666667,Moderate Risk,0.5098874999999999,Ready,0.3930657083333333,Priority 3,Core Active | Core Digital Customer | Low Value | Highly Digital | Moderate Transactional | Growing Spender | Shallow Relationship | Moderate Cross-Sell Opportunity | Moderate Risk | Ready
C000403,3,Premium High-Value,Premium Relationship Customer,0.6486666666666667,High,0.705,High Transactional,0.5216000000000001,Digitally Active,High Engagement,Recently Active,Established Relationship,Stable Spender,0.058333333333333307,Unresponsive,0.5226116666666667,Moderate Cross-Sell Opportunity,0.3463333333333333,Low Risk,0.6240749999999999,Ready,0.4871355833333333,Priority 3,Premium High-Value | Premium Relationship Customer | High Value | Digitally Active | High Transactional | Stable Spender | Established Relationship | Moderate Cross-Sell Opportunity | Low Risk | Ready
C000404,1,Core Active,Core Relationship Customer,0.6263333333333334,High,0.5995833333333334,High Transactional,0.6168,Digitally Active,High Engagement,Active,Developing Relationship,Stable Spender,0.3833333333333333,Responsive,0.5921350000000001,Moderate Cross-Sell Opportunity,0.4942916666666667,Moderate Risk,0.18234999999999998,Low Readiness,0.44441549999999996,Priority 3,Core Active | Core Relationship Customer | High Value | Digitally Active | High Transactional | Stable Spender | Developing Relationship | Moderate Cross-Sell Opportunity | Moderate Risk | Low Readiness
C000405,1,Core Active,Core Relationship Customer,0.5865833333333332,Medium,0.6220833333333333,High Transactional,0.5596,Digitally Active,High Engagement,Recently Active,Established Relationship,Growing Spender,0.13999999999999999,Unresponsive,0.4891033333333333,Moderate Cross-Sell Opportunity,0.2832916666666667,Low Risk,0.4202,Ready,0.4394393333333333,Priority 3,Core Active | Core Relationship Customer | Medium Value | Digitally Active | High Transactional | Growing Spender | Established Relationship | Moderate Cross-Sell Opportunity | Low Risk | Ready
C000406,1,Core Active,Core Relationship Customer,0.08708333333333333,Low,0.13041666666666665,Low Transactional,0.641,Digitally Active,High Engagement,Recently Active,Established Relationship,Declining Spender,0.82,Highly Responsive,0.4051166666666667,Low Cross-Sell Opportunity,0.49212500000000003,Moderate Risk,0.608875,Ready,0.50160375,Priority 2,Core Active | Core Relationship Customer | Low Value | Digitally Active | Low Transactional | Declining Spender | Established Relationship | Low Cross-Sell Opportunity | Moderate Risk | Ready
C000407,1,Core Active,Core Relationship Customer,0.6265833333333333,High,0.5725,High Transactional,0.6152000000000001,Digitally Active,High Engagement,Active,Shallow Relationship,Stable Spender,0.44999999999999996,Responsive,0.6243566666666667,Moderate Cross-Sell Opportunity,0.7246666666666667,High Risk,0.5589124999999999,Ready,0.5385559583333333,Priority 2,Core Active | Core Relationship Customer | High Value | Digitally Active | High Transactional | Stable Spender | Shallow Relationship | Moderate Cross-Sell Opportunity | High Risk | Ready
C000408,1,Core Active,Core Relationship Customer,0.5099166666666667,Medium,0.44791666666666663,Moderate Transactional,0.44900000000000007,Moderate Digital,High Engagement,Recently Active,Developing Relationship,Stable Spender,0.11666666666666665,Unresponsive,0.5399666666666667,Moderate Cross-Sell Opportunity,0.337375,Low Risk,0.15098999999999999,Low Readiness,0.3658208333333333,Priority 3,Core Active | Core Relationship Customer | Medium Value | Moderate Digital | Moderate Transactional | Stable Spender | Developing Relationship | Moderate Cross-Sell Opportunity | Low Risk | Low Readiness
C000409,1,Core Active,Core Relationship Customer,0.43366666666666664,Medium,0.3695833333333333,Moderate Transactional,0.6528,Digitally Active,High Engagement,Active,Developing Relationship,Stable Spender,0.42999999999999994,Responsive,0.5321516666666667,Moderate Cross-Sell Opportunity,0.5905416666666666,High Risk,0.17465,Low Readiness,0.39530383333333335,Priority 3,Core Active | Core Relationship Customer | Medium Value | Digitally Active | Moderate Transactional | Stable Spender | Developing Relationship | Moderate Cross-Sell Opportunity | High Risk | Low Readiness
C000410,1,Core Active,Core Relationship Customer,0.5559166666666667,Medium,0.4708333333333333,Moderate Transactional,0.4286,Moderate Digital,High Engagement,Recently Active,Established Relationship,Growing Spender,0.38749999999999996,Responsive,0.4999866666666667,Moderate Cross-Sell Opportunity,0.2566666666666667,Low Risk,0.31975999999999993,Needs Nurturing,0.46515683333333335,Priority 3,Core Active | Core Relationship Customer | Medium Value | Moderate Digital | Moderate Transactional | Growing Spender | Established Relationship | Moderate Cross-Sell Opportunity | Low Risk | Needs Nurturing
C000411,0,Dormant / Declining,Dormant Reactivation Target,0.23983333333333332,Low,0.025,Low Transactional,0.2036,Low Digital,Low Engagement,Dormant,Shallow Relationship,Stable Spender,0.0,Unresponsive,0.36816166666666666,Low Cross-Sell Opportunity,0.9798333333333334,Critical Risk,0.19999,Low Readiness,0.19843766666666662,Priority 4,Dormant / Declining | Dormant Reactivation Target | Low Value | Low Digital | Low Transactional | Stable Spender | Shallow Relationship | Low Cross-Sell Opportunity | Critical Risk | Low Readiness
C000412,3,Premium High-Value,Premium Digital Customer,0.6748333333333334,High,0.5333333333333333,High Transactional,0.8356,Highly Digital,Very High Engagement,Active,Developing Relationship,Declining Spender,0.058333333333333307,Unresponsive,0.6880116666666667,Moderate Cross-Sell Opportunity,0.43233333333333335,Moderate Risk,0.1918,Low Readiness,0.42401183333333337,Priority 3,Premium High-Value | Premium Digital Customer | High Value | Highly Digital | High Transactional | Declining Spender | Developing Relationship | Moderate Cross-Sell Opportunity | Moderate Risk | Low Readiness
C000413,1,Core Active,Core Relationship Customer,0.7708333333333333,High,0.4383333333333333,Moderate Transactional,0.5076,Digitally Active,Moderate Engagement,At Risk,Shallow Relationship,Stable Spender,0.2333333333333333,Low Response,0.6267783333333332,Moderate Cross-Sell Opportunity,0.7105,High Risk,0.212975,Needs Nurturing,0.4325189166666666,Priority 3,Core Active | Core Relationship Customer | High Value | Digitally Active | Moderate Transactional | Stable Spender | Shallow Relationship | Moderate Cross-Sell Opportunity | High Risk | Needs Nurturing
C000414,3,Premium High-Value,Premium Relationship Customer,0.8005833333333332,Very High,0.6962499999999999,High Transactional,0.6712,Digitally Active,High Engagement,Active,Established Relationship,Growing Spender,0.7333333333333333,Highly Responsive,0.58809,Moderate Cross-Sell Opportunity,0.43245833333333333,Moderate Risk,0.6640625,Highly Ready,0.6659509583333333,Priority 2,Premium High-Value | Premium Relationship Customer | Very High Value | Digitally Active | High Transactional | Growing Spender | Established Relationship | Moderate Cross-Sell Opportunity | Moderate Risk | Highly Ready
C000415,3,Premium High-Value,Premium Relationship Customer,0.6378333333333333,High,0.48875,Moderate Transactional,0.621,Digitally Active,Very High Engagement,Recently Active,Developing Relationship,Declining Spender,0.5466666666666666,Responsive,0.6470916666666666,Moderate Cross-Sell Opportunity,0.33795833333333336,Low Risk,0.5249199999999999,Ready,0.5965699999999999,Priority 2,Premium High-Value | Premium Relationship Customer | High Value | Digitally Active | Moderate Transactional | Declining Spender | Developing Relationship | Moderate Cross-Sell Opportunity | Low Risk | Ready
C000416,3,Premium High-Value,Premium Relationship Customer,0.9131666666666667,Very High,0.9341666666666666,Very High Transactional,0.5874,Digitally Active,High Engagement,Recently Active,Established Relationship,Stable Spender,0.26666666666666666,Low Response,0.619055,Moderate Cross-Sell Opportunity,0.2733333333333333,Low Risk,0.6326166666666666,Ready,0.6068456666666666,Priority 2,Premium High-Value | Premium Relationship Customer | Very High Value | Digitally Active | Very High Transactional | Stable Spender | Established Relationship | Moderate Cross-Sell Opportunity | Low Risk | Ready
C000417,3,Premium High-Value,Premium Digital Customer,0.70375,High,0.8187500000000001,Very High Transactional,0.7148,Highly Digital,High Engagement,Active,Established Relationship,Growing Spender,0.13999999999999999,Unresponsive,0.5481266666666667,Moderate Cross-Sell Opportunity,0.25545833333333334,Low Risk,0.31867499999999993,Needs Nurturing,0.4521234166666666,Priority 3,Premium High-Value | Premium Digital Customer | High Value | Highly Digital | Very High Transactional | Growing Spender | Established Relationship | Moderate Cross-Sell Opportunity | Low Risk | Needs Nurturing
C000418,2,At Risk,At-Risk Declining Customer,0.14591666666666664,Low,0.025,Low Transactional,0.1264,Low Digital,Moderate Engagement,At Risk,Established Relationship,Declining Spender,0.13999999999999999,Unresponsive,0.20933,Low Cross-Sell Opportunity,0.9248333333333334,Critical Risk,0.20308749999999998,Needs Nurturing,0.17097504166666666,Priority 4,At Risk | At-Risk Declining Customer | Low Value | Low Digital | Low Transactional | Declining Spender | Established Relationship | Low Cross-Sell Opportunity | Critical Risk | Needs Nurturing
C000419,0,Dormant / Declining,Dormant Reactivation Target,0.123,Low,0.08458333333333334,Low Transactional,0.29800000000000004,Moderate Digital,Low Engagement,Dormant,Developing Relationship,Declining Spender,0.3583333333333333,Responsive,0.276625,Low Cross-Sell Opportunity,0.9687083333333334,Critical Risk,0.2900625,Needs Nurturing,0.24874895833333333,Priority 4,Dormant / Declining | Dormant Reactivation Target | Low Value | Moderate Digital | Low Transactional | Declining Spender | Developing Relationship | Low Cross-Sell Opportunity | Critical Risk | Needs Nurturing
C000420,0,Dormant / Declining,Dormant Reactivation Target,0.31875000000000003,Low,0.020000000000000004,Low Transactional,0.15860000000000002,Low Digital,Low Engagement,Dormant,Shallow Relationship,Declining Spender,0.058333333333333307,Unresponsive,0.3752366666666667,Low Cross-Sell Opportunity,0.9783333333333334,Critical Risk,0.08785,Low Readiness,0.19617933333333332,Priority 4,Dormant / Declining | Dormant Reactivation Target | Low Value | Low Digital | Low Transactional | Declining Spender | Shallow Relationship | Low Cross-Sell Opportunity | Critical Risk | Low Readiness
C000421,1,Core Active,Core Relationship Customer,0.62475,High,0.615,High Transactional,0.5332,Digitally Active,High Engagement,Active,Developing Relationship,Growing Spender,0.11666666666666665,Unresponsive,0.5873233333333334,Moderate Cross-Sell Opportunity,0.2861666666666667,Low Risk,0.38856999999999997,Needs Nurturing,0.4617686666666667,Priority 3,Core Active | Core Relationship Customer | High Value | Digitally Active | High Transactional | Growing Spender | Developing Relationship | Moderate Cross-Sell Opportunity | Low Risk | Needs Nurturing
C000422,3,Premium High-Value,Premium Digital Customer,0.7689166666666666,High,0.8908333333333333,Very High Transactional,0.7658,Highly Digital,High Engagement,Active,Developing Relationship,Stable Spender,0.53,Responsive,0.6457600000000001,Moderate Cross-Sell Opportunity,0.38466666666666666,Moderate Risk,0.58875,Ready,0.6237863333333333,Priority 2,Premium High-Value | Premium Digital Customer | High Value | Highly Digital | Very High Transactional | Stable Spender | Developing Relationship | Moderate Cross-Sell Opportunity | Moderate Risk | Ready
C000423,3,Premium High-Value,Premium Relationship Customer,0.7134999999999999,High,0.7504166666666666,Very High Transactional,0.6732,Digitally Active,High Engagement,At Risk,Developing Relationship,Stable Spender,0.21,Low Response,0.5872983333333334,Moderate Cross-Sell Opportunity,0.48754166666666676,Moderate Risk,0.5657375,Ready,0.5178947083333333,Priority 2,Premium High-Value | Premium Relationship Customer | High Value | Digitally Active | Very High Transactional | Stable Spender | Developing Relationship | Moderate Cross-Sell Opportunity | Moderate Risk | Ready
C000424,2,At Risk,At-Risk Declining Customer,0.5529166666666666,Medium,0.2733333333333333,Moderate Transactional,0.2668,Moderate Digital,Moderate Engagement,At Risk,Established Relationship,Declining Spender,0.0,Unresponsive,0.32400999999999996,Low Cross-Sell Opportunity,0.9086666666666666,Critical Risk,0.2688,Needs Nurturing,0.2564738333333333,Priority 4,At Risk | At-Risk Declining Customer | Medium Value | Moderate Digital | Moderate Transactional | Declining Spender | Established Relationship | Low Cross-Sell Opportunity | Critical Risk | Needs Nurturing
C000425,1,Core Active,Core Relationship Customer,0.3438333333333333,Low,0.3091666666666667,Moderate Transactional,0.48619999999999997,Digitally Active,Moderate Engagement,Active,Established Relationship,Declining Spender,0.32499999999999996,Low Response,0.3670983333333333,Low Cross-Sell Opportunity,0.8401666666666666,Critical Risk,0.5128666666666666,Ready,0.37090449999999997,Priority 3,Core Active | Core Relationship Customer | Low Value | Digitally Active | Moderate Transactional | Declining Spender | Established Relationship | Low Cross-Sell Opportunity | Critical Risk | Ready
C000426,1,Core Active,Core Digital Customer,0.06225,Low,0.18125,Low Transactional,0.7737999999999999,Highly Digital,High Engagement,Recently Active,Shallow Relationship,Stable Spender,0.7374999999999999,Highly Responsive,0.5404266666666666,Moderate Cross-Sell Opportunity,0.5342083333333334,Moderate Risk,0.630225,Ready,0.5231009166666666,Priority 2,Core Active | Core Digital Customer | Low Value | Highly Digital | Low Transactional | Stable Spender | Shallow Relationship | Moderate Cross-Sell Opportunity | Moderate Risk | Ready
C000427,3,Premium High-Value,Premium Relationship Customer,0.9408333333333333,Very High,0.8695833333333333,Very High Transactional,0.6504,Digitally Active,Moderate Engagement,Active,Developing Relationship,Stable Spender,0.27499999999999997,Low Response,0.6700216666666667,Moderate Cross-Sell Opportunity,0.546375,Moderate Risk,0.36211,Needs Nurturing,0.5330215,Priority 2,Premium High-Value | Premium Relationship Customer | Very High Value | Digitally Active | Very High Transactional | Stable Spender | Developing Relationship | Moderate Cross-Sell Opportunity | Moderate Risk | Needs Nurturing
C000428,1,Core Active,Core Relationship Customer,0.09216666666666667,Low,0.1675,Low Transactional,0.53,Digitally Active,Moderate Engagement,Active,Shallow Relationship,Growing Spender,0.11666666666666665,Unresponsive,0.477175,Moderate Cross-Sell Opportunity,0.5166666666666666,Moderate Risk,0.5802333333333334,Ready,0.37370249999999994,Priority 3,Core Active | Core Relationship Customer | Low Value | Digitally Active | Low Transactional | Growing Spender | Shallow Relationship | Moderate Cross-Sell Opportunity | Moderate Risk | Ready
C000429,1,Core Active,Core Relationship Customer,0.43875,Medium,0.50125,High Transactional,0.5042,Digitally Active,High Engagement,Active,Established Relationship,Stable Spender,0.175,Low Response,0.44315666666666664,Low Cross-Sell Opportunity,0.4619583333333333,Moderate Risk,0.3336375,Needs Nurturing,0.37097304166666667,Priority 3,Core Active | Core Relationship Customer | Medium Value | Digitally Active | High Transactional | Stable Spender | Established Relationship | Low Cross-Sell Opportunity | Moderate Risk | Needs Nurturing
C000430,2,At Risk,At-Risk Engagement Customer,0.4401666666666667,Medium,0.3408333333333333,Moderate Transactional,0.4718,Digitally Active,Moderate Engagement,At Risk,Developing Relationship,Stable Spender,0.6583333333333332,Highly Responsive,0.4355516666666667,Low Cross-Sell Opportunity,0.73275,High Risk,0.49,Ready,0.4775821666666667,Priority 3,At Risk | At-Risk Engagement Customer | Medium Value | Digitally Active | Moderate Transactional | Stable Spender | Developing Relationship | Low Cross-Sell Opportunity | High Risk | Ready
C000431,1,Core Active,Core Relationship Customer,0.3366666666666666,Low,0.20500000000000002,Low Transactional,0.566,Digitally Active,High Engagement,Recently Active,Developing Relationship,Growing Spender,0.09999999999999999,Unresponsive,0.508475,Moderate Cross-Sell Opportunity,0.3993333333333333,Moderate Risk,0.5802333333333334,Ready,0.4281675,Priority 3,Core Active | Core Relationship Customer | Low Value | Digitally Active | Low Transactional | Growing Spender | Developing Relationship | Moderate Cross-Sell Opportunity | Moderate Risk | Ready
C000432,1,Core Active,Core Relationship Customer,0.4905,Medium,0.5154166666666666,High Transactional,0.4122,Moderate Digital,High Engagement,Recently Active,Established Relationship,Growing Spender,0.09999999999999999,Unresponsive,0.45834833333333336,Moderate Cross-Sell Opportunity,0.38795833333333335,Moderate Risk,0.20976666666666666,Needs Nurturing,0.34472533333333333,Priority 3,Core Active | Core Relationship Customer | Medium Value | Moderate Digital | High Transactional | Growing Spender | Established Relationship | Moderate Cross-Sell Opportunity | Moderate Risk | Needs Nurturing
C000433,1,Core Active,Core Relationship Customer,0.6745833333333333,High,0.7120833333333334,High Transactional,0.4228,Moderate Digital,Moderate Engagement,Recently Active,Established Relationship,Growing Spender,0.615,Highly Responsive,0.5391266666666668,Moderate Cross-Sell Opportunity,0.21079166666666668,Low Risk,0.20740999999999998,Needs Nurturing,0.5166988333333333,Priority 2,Core Active | Core Relationship Customer | High Value | Moderate Digital | High Transactional | Growing Spender | Established Relationship | Moderate Cross-Sell Opportunity | Low Risk | Needs Nurturing
C000434,1,Core Active,Core Digital Customer,0.09666666666666668,Low,0.21041666666666667,Low Transactional,0.8280000000000001,Highly Digital,Very High Engagement,Recently Active,Shallow Relationship,Stable Spender,0.9299999999999999,Highly Responsive,0.6142416666666668,Moderate Cross-Sell Opportunity,0.333625,Low Risk,0.643175,Ready,0.61220375,Priority 2,Core Active | Core Digital Customer | Low Value | Highly Digital | Low Transactional | Stable Spender | Shallow Relationship | Moderate Cross-Sell Opportunity | Low Risk | Ready
C000435,1,Core Active,Core Relationship Customer,0.3376666666666666,Low,0.3854166666666667,Moderate Transactional,0.5267999999999999,Digitally Active,High Engagement,Active,Established Relationship,Stable Spender,0.6266666666666667,Highly Responsive,0.42188499999999995,Low Cross-Sell Opportunity,0.522125,Moderate Risk,0.21658,Needs Nurturing,0.40448133333333325,Priority 3,Core Active | Core Relationship Customer | Low Value | Digitally Active | Moderate Transactional | Stable Spender | Established Relationship | Low Cross-Sell Opportunity | Moderate Risk | Needs Nurturing
C000436,2,At Risk,At-Risk Engagement Customer,0.25525,Low,0.18041666666666667,Low Transactional,0.4656,Digitally Active,Moderate Engagement,Dormant,Developing Relationship,Stable Spender,0.36249999999999993,Responsive,0.3810866666666667,Low Cross-Sell Opportunity,0.752375,Critical Risk,0.13133749999999997,Low Readiness,0.28271037499999996,Priority 4,At Risk | At-Risk Engagement Customer | Low Value | Digitally Active | Low Transactional | Stable Spender | Developing Relationship | Low Cross-Sell Opportunity | Critical Risk | Low Readiness
C000437,1,Core Active,Core Relationship Customer,0.46449999999999997,Medium,0.56625,High Transactional,0.5788,Digitally Active,High Engagement,Recently Active,Shallow Relationship,Stable Spender,0.4716666666666667,Responsive,0.6249849999999999,Moderate Cross-Sell Opportunity,0.3420416666666667,Low Risk,0.25981666666666664,Needs Nurturing,0.48225383333333327,Priority 3,Core Active | Core Relationship Customer | Medium Value | Digitally Active | High Transactional | Stable Spender | Shallow Relationship | Moderate Cross-Sell Opportunity | Low Risk | Needs Nurturing
C000438,0,Dormant / Declining,Dormant Reactivation Target,0.2816666666666667,Low,0.09375,Low Transactional,0.3488,Moderate Digital,Low Engagement,Dormant,Developing Relationship,Stable Spender,0.32499999999999996,Low Response,0.32925166666666666,Low Cross-Sell Opportunity,0.8282083333333333,Critical Risk,0.2536333333333333,Needs Nurturing,0.286613,Priority 4,Dormant / Declining | Dormant Reactivation Target | Low Value | Moderate Digital | Low Transactional | Stable Spender | Developing Relationship | Low Cross-Sell Opportunity | Critical Risk | Needs Nurturing
C000439,1,Core Active,Core Relationship Customer,0.5066666666666666,Medium,0.5954166666666667,High Transactional,0.5087999999999999,Digitally Active,High Engagement,Recently Active,Shallow Relationship,Stable Spender,0.27499999999999997,Low Response,0.6194516666666666,Moderate Cross-Sell Opportunity,0.482125,Moderate Risk,0.227675,Needs Nurturing,0.42554174999999994,Priority 3,Core Active | Core Relationship Customer | Medium Value | Digitally Active | High Transactional | Stable Spender | Shallow Relationship | Moderate Cross-Sell Opportunity | Moderate Risk | Needs Nurturing
C000440,1,Core Active,Core Relationship Customer,0.30008333333333337,Low,0.53875,High Transactional,0.6762,Digitally Active,High Engagement,Active,Established Relationship,Growing Spender,0.09999999999999999,Unresponsive,0.39882333333333336,Low Cross-Sell Opportunity,0.39112500000000006,Moderate Risk,0.24107999999999996,Needs Nurturing,0.305817,Priority 3,Core Active | Core Relationship Customer | Low Value | Digitally Active | High Transactional | Growing Spender | Established Relationship | Low Cross-Sell Opportunity | Moderate Risk | Needs Nurturing
C000441,2,At Risk,At-Risk Engagement Customer,0.6870833333333333,High,0.6708333333333334,High Transactional,0.6728,Digitally Active,High Engagement,At Risk,Developing Relationship,Stable Spender,0.3833333333333333,Responsive,0.5763433333333333,Moderate Cross-Sell Opportunity,0.5069166666666667,Moderate Risk,0.29621666666666663,Needs Nurturing,0.4759946666666667,Priority 3,At Risk | At-Risk Engagement Customer | High Value | Digitally Active | High Transactional | Stable Spender | Developing Relationship | Moderate Cross-Sell Opportunity | Moderate Risk | Needs Nurturing
C000442,1,Core Active,Core Relationship Customer,0.09916666666666667,Low,0.16833333333333333,Low Transactional,0.587,Digitally Active,High Engagement,Recently Active,Shallow Relationship,Stable Spender,0.41666666666666663,Responsive,0.5153583333333334,Moderate Cross-Sell Opportunity,0.397,Moderate Risk,0.312725,Needs Nurturing,0.39129708333333335,Priority 3,Core Active | Core Relationship Customer | Low Value | Digitally Active | Low Transactional | Stable Spender | Shallow Relationship | Moderate Cross-Sell Opportunity | Moderate Risk | Needs Nurturing
C000443,1,Core Active,Core Relationship Customer,0.16558333333333333,Low,0.4354166666666667,Moderate Transactional,0.562,Digitally Active,High Engagement,Active,Established Relationship,Growing Spender,0.175,Low Response,0.3245333333333334,Low Cross-Sell Opportunity,0.46295833333333336,Moderate Risk,0.34614999999999996,Needs Nurturing,0.29743916666666664,Priority 4,Core Active | Core Relationship Customer | Low Value | Digitally Active | Moderate Transactional | Growing Spender | Established Relationship | Low Cross-Sell Opportunity | Moderate Risk | Needs Nurturing
C000444,3,Premium High-Value,Premium Relationship Customer,0.8535833333333332,Very High,0.8333333333333334,Very High Transactional,0.6814,Digitally Active,High Engagement,Active,Established Relationship,Growing Spender,0.5249999999999999,Responsive,0.5508633333333333,Moderate Cross-Sell Opportunity,0.42874999999999996,Moderate Risk,0.29458333333333336,Needs Nurturing,0.5290673333333332,Priority 2,Premium High-Value | Premium Relationship Customer | Very High Value | Digitally Active | Very High Transactional | Growing Spender | Established Relationship | Moderate Cross-Sell Opportunity | Moderate Risk | Needs Nurturing
C000445,1,Core Active,Core Relationship Customer,0.6381666666666667,High,0.55,High Transactional,0.45120000000000005,Digitally Active,High Engagement,Active,Established Relationship,Growing Spender,0.24999999999999994,Low Response,0.44621500000000003,Low Cross-Sell Opportunity,0.40408333333333335,Moderate Risk,0.31745,Needs Nurturing,0.41854366666666665,Priority 3,Core Active | Core Relationship Customer | High Value | Digitally Active | High Transactional | Growing Spender | Established Relationship | Low Cross-Sell Opportunity | Moderate Risk | Needs Nurturing
C000446,3,Premium High-Value,Premium Relationship Customer,0.8205,Very High,0.7604166666666666,Very High Transactional,0.5986,Digitally Active,High Engagement,Active,Developing Relationship,Growing Spender,0.11666666666666665,Unresponsive,0.6425449999999999,Moderate Cross-Sell Opportunity,0.3572916666666667,Moderate Risk,0.6435833333333333,Ready,0.5643384999999999,Priority 2,Premium High-Value | Premium Relationship Customer | Very High Value | Digitally Active | Very High Transactional | Growing Spender | Developing Relationship | Moderate Cross-Sell Opportunity | Moderate Risk | Ready
C000447,1,Core Active,Core Digital Customer,0.2875,Low,0.5425,High Transactional,0.7424,Highly Digital,Very High Engagement,Recently Active,Shallow Relationship,Growing Spender,0.7666666666666666,Highly Responsive,0.6495383333333333,Moderate Cross-Sell Opportunity,0.10641666666666667,Low Risk,0.45275,Ready,0.5938656666666666,Priority 2,Core Active | Core Digital Customer | Low Value | Highly Digital | High Transactional | Growing Spender | Shallow Relationship | Moderate Cross-Sell Opportunity | Low Risk | Ready
C000448,2,At Risk,At-Risk Engagement Customer,0.3623333333333333,Medium,0.30583333333333335,Moderate Transactional,0.4034,Moderate Digital,Moderate Engagement,At Risk,Shallow Relationship,Stable Spender,0.0,Unresponsive,0.47313833333333327,Moderate Cross-Sell Opportunity,0.8803333333333334,Critical Risk,0.13685,Low Readiness,0.2424706666666666,Priority 4,At Risk | At-Risk Engagement Customer | Medium Value | Moderate Digital | Moderate Transactional | Stable Spender | Shallow Relationship | Moderate Cross-Sell Opportunity | Critical Risk | Low Readiness
C000449,1,Core Active,Core Relationship Customer,0.5966666666666667,Medium,0.6533333333333333,High Transactional,0.3718,Moderate Digital,Moderate Engagement,Recently Active,Developing Relationship,Declining Spender,0.13999999999999999,Unresponsive,0.5488683333333333,Moderate Cross-Sell Opportunity,0.35816666666666663,Moderate Risk,0.2858333333333333,Needs Nurturing,0.4178021666666667,Priority 3,Core Active | Core Relationship Customer | Medium Value | Moderate Digital | High Transactional | Declining Spender | Developing Relationship | Moderate Cross-Sell Opportunity | Moderate Risk | Needs Nurturing
C000450,1,Core Active,Core Relationship Customer,0.48191666666666666,Medium,0.4641666666666666,Moderate Transactional,0.4232,Moderate Digital,Moderate Engagement,Recently Active,Established Relationship,Stable Spender,0.0875,Unresponsive,0.4597566666666666,Moderate Cross-Sell Opportunity,0.33258333333333334,Low Risk,0.23071999999999993,Needs Nurturing,0.3521361666666666,Priority 3,Core Active | Core Relationship Customer | Medium Value | Moderate Digital | Moderate Transactional | Stable Spender | Established Relationship | Moderate Cross-Sell Opportunity | Low Risk | Needs Nurturing
C000451,1,Core Active,Core Relationship Customer,0.4923333333333334,Medium,0.6608333333333333,High Transactional,0.49019999999999997,Digitally Active,Moderate Engagement,Active,Developing Relationship,Growing Spender,0.5249999999999999,Responsive,0.46413166666666666,Moderate Cross-Sell Opportunity,0.5910833333333334,High Risk,0.2279375,Needs Nurturing,0.41596554166666666,Priority 3,Core Active | Core Relationship Customer | Medium Value | Digitally Active | High Transactional | Growing Spender | Developing Relationship | Moderate Cross-Sell Opportunity | High Risk | Needs Nurturing
C000452,3,Premium High-Value,Premium Relationship Customer,0.5915833333333333,Medium,0.70875,High Transactional,0.6456,Digitally Active,High Engagement,At Risk,Developing Relationship,Declining Spender,0.5999999999999999,Responsive,0.5586366666666667,Moderate Cross-Sell Opportunity,0.6074583333333333,High Risk,0.39608333333333334,Needs Nurturing,0.5146035,Priority 2,Premium High-Value | Premium Relationship Customer | Medium Value | Digitally Active | High Transactional | Declining Spender | Developing Relationship | Moderate Cross-Sell Opportunity | High Risk | Needs Nurturing
C000453,1,Core Active,Core Relationship Customer,0.5955,Medium,0.6475,High Transactional,0.5236000000000001,Digitally Active,Moderate Engagement,Active,Shallow Relationship,Growing Spender,0.39999999999999997,Responsive,0.5906616666666668,Moderate Cross-Sell Opportunity,0.5467500000000001,Moderate Risk,0.2702,Needs Nurturing,0.4593985,Priority 3,Core Active | Core Relationship Customer | Medium Value | Digitally Active | High Transactional | Growing Spender | Shallow Relationship | Moderate Cross-Sell Opportunity | Moderate Risk | Needs Nurturing
C000454,1,Core Active,Core Relationship Customer,0.25858333333333333,Low,0.17791666666666667,Low Transactional,0.6168,Digitally Active,Moderate Engagement,Active,Shallow Relationship,Declining Spender,0.25,Low Response,0.50456,Moderate Cross-Sell Opportunity,0.810875,Critical Risk,0.13457499999999994,Low Readiness,0.29271174999999994,Priority 4,Core Active | Core Relationship Customer | Low Value | Digitally Active | Low Transactional | Declining Spender | Shallow Relationship | Moderate Cross-Sell Opportunity | Critical Risk | Low Readiness
C000455,1,Core Active,Core Relationship Customer,0.3339166666666667,Low,0.16708333333333333,Low Transactional,0.3562,Moderate Digital,Moderate Engagement,Active,Established Relationship,Stable Spender,0.7374999999999999,Highly Responsive,0.34875666666666666,Low Cross-Sell Opportunity,0.8112083333333333,Critical Risk,0.26098333333333334,Needs Nurturing,0.3863395,Priority 3,Core Active | Core Relationship Customer | Low Value | Moderate Digital | Low Transactional | Stable Spender | Established Relationship | Low Cross-Sell Opportunity | Critical Risk | Needs Nurturing
C000456,1,Core Active,Core Relationship Customer,0.481,Medium,0.5941666666666666,High Transactional,0.6048,Digitally Active,High Engagement,Recently Active,Established Relationship,Stable Spender,0.26666666666666666,Low Response,0.5005850000000001,Moderate Cross-Sell Opportunity,0.36916666666666664,Moderate Risk,0.181475,Low Readiness,0.3841109166666667,Priority 3,Core Active | Core Relationship Customer | Medium Value | Digitally Active | High Transactional | Stable Spender | Established Relationship | Moderate Cross-Sell Opportunity | Moderate Risk | Low Readiness
C000457,3,Premium High-Value,Premium Relationship Customer,0.8828333333333334,Very High,0.8583333333333333,Very High Transactional,0.5753999999999999,Digitally Active,Very High Engagement,Active,Deep Relationship,Growing Spender,0.25,Low Response,0.5649716666666665,Moderate Cross-Sell Opportunity,0.24891666666666667,Low Risk,0.50852,Ready,0.5541548333333333,Priority 2,Premium High-Value | Premium Relationship Customer | Very High Value | Digitally Active | Very High Transactional | Growing Spender | Deep Relationship | Moderate Cross-Sell Opportunity | Low Risk | Ready
C000458,1,Core Active,Core Relationship Customer,0.5004166666666666,Medium,0.35291666666666666,Moderate Transactional,0.4924,Digitally Active,High Engagement,Active,Developing Relationship,Stable Spender,0.11666666666666665,Unresponsive,0.5179133333333334,Moderate Cross-Sell Opportunity,0.6529583333333334,High Risk,0.14629999999999999,Low Readiness,0.325049,Priority 3,Core Active | Core Relationship Customer | Medium Value | Digitally Active | Moderate Transactional | Stable Spender | Developing Relationship | Moderate Cross-Sell Opportunity | High Risk | Low Readiness
C000459,3,Premium High-Value,Premium Digital Customer,0.5573333333333332,Medium,0.7825,Very High Transactional,0.7306,Highly Digital,High Engagement,Active,Developing Relationship,Growing Spender,0.625,Highly Responsive,0.5788949999999999,Moderate Cross-Sell Opportunity,0.36583333333333334,Moderate Risk,0.52245,Ready,0.5762976666666666,Priority 2,Premium High-Value | Premium Digital Customer | Medium Value | Highly Digital | Very High Transactional | Growing Spender | Developing Relationship | Moderate Cross-Sell Opportunity | Moderate Risk | Ready
C000460,3,Premium High-Value,Premium Digital Customer,0.585,Medium,0.7825,Very High Transactional,0.8532,Highly Digital,Very High Engagement,Active,Deep Relationship,Growing Spender,0.43,Responsive,0.521965,Moderate Cross-Sell Opportunity,0.26583333333333337,Low Risk,0.32689999999999997,Needs Nurturing,0.4854811666666667,Priority 3,Premium High-Value | Premium Digital Customer | Medium Value | Highly Digital | Very High Transactional | Growing Spender | Deep Relationship | Moderate Cross-Sell Opportunity | Low Risk | Needs Nurturing
C000461,0,Dormant / Declining,Dormant Reactivation Target,0.2529166666666667,Low,0.12541666666666668,Low Transactional,0.2398,Low Digital,Low Engagement,Dormant,Shallow Relationship,Declining Spender,0.29,Low Response,0.37714333333333333,Low Cross-Sell Opportunity,0.9647083333333334,Critical Risk,0.6114124999999999,Ready,0.3654627916666666,Priority 3,Dormant / Declining | Dormant Reactivation Target | Low Value | Low Digital | Low Transactional | Declining Spender | Shallow Relationship | Low Cross-Sell Opportunity | Critical Risk | Ready
C000462,1,Core Active,Core Relationship Customer,0.5556666666666666,Medium,0.5650000000000001,High Transactional,0.5132,Digitally Active,High Engagement,Active,Established Relationship,Growing Spender,0.37,Responsive,0.4582649999999999,Moderate Cross-Sell Opportunity,0.34550000000000003,Low Risk,0.32873749999999996,Needs Nurturing,0.44246387499999995,Priority 3,Core Active | Core Relationship Customer | Medium Value | Digitally Active | High Transactional | Growing Spender | Established Relationship | Moderate Cross-Sell Opportunity | Low Risk | Needs Nurturing
C000463,1,Core Active,Core Digital Customer,0.4615,Medium,0.7379166666666667,High Transactional,0.7470000000000001,Highly Digital,High Engagement,Active,Shallow Relationship,Stable Spender,0.0875,Unresponsive,0.6348416666666667,Moderate Cross-Sell Opportunity,0.37462500000000004,Moderate Risk,0.5527,Ready,0.47789000000000004,Priority 3,Core Active | Core Digital Customer | Medium Value | Highly Digital | High Transactional | Stable Spender | Shallow Relationship | Moderate Cross-Sell Opportunity | Moderate Risk | Ready
C000464,1,Core Active,Core Relationship Customer,0.137,Low,0.2733333333333333,Moderate Transactional,0.585,Digitally Active,Moderate Engagement,Recently Active,Shallow Relationship,Declining Spender,0.5333333333333333,Responsive,0.5397583333333333,Moderate Cross-Sell Opportunity,0.45999999999999996,Moderate Risk,0.5287499999999999,Ready,0.4753316666666667,Priority 3,Core Active | Core Relationship Customer | Low Value | Digitally Active | Moderate Transactional | Declining Spender | Shallow Relationship | Moderate Cross-Sell Opportunity | Moderate Risk | Ready
C000465,1,Core Active,Core Relationship Customer,0.47591666666666665,Medium,0.5545833333333333,High Transactional,0.6137999999999999,Digitally Active,High Engagement,Recently Active,Established Relationship,Stable Spender,0.5583333333333333,Responsive,0.5198266666666667,Moderate Cross-Sell Opportunity,0.212125,Low Risk,0.11199999999999999,Low Readiness,0.4457896666666667,Priority 3,Core Active | Core Relationship Customer | Medium Value | Digitally Active | High Transactional | Stable Spender | Established Relationship | Moderate Cross-Sell Opportunity | Low Risk | Low Readiness
C000466,3,Premium High-Value,Premium Relationship Customer,0.8821666666666667,Very High,0.9216666666666666,Very High Transactional,0.5744,Digitally Active,High Engagement,Active,Established Relationship,Growing Spender,0.24999999999999994,Low Response,0.548205,Moderate Cross-Sell Opportunity,0.3665,Moderate Risk,0.43706249999999996,Ready,0.519402125,Priority 2,Premium High-Value | Premium Relationship Customer | Very High Value | Digitally Active | Very High Transactional | Growing Spender | Established Relationship | Moderate Cross-Sell Opportunity | Moderate Risk | Ready
C000467,1,Core Active,Core Relationship Customer,0.28408333333333335,Low,0.23958333333333334,Low Transactional,0.5673999999999999,Digitally Active,Moderate Engagement,Active,Shallow Relationship,Growing Spender,0.375,Responsive,0.49207999999999996,Moderate Cross-Sell Opportunity,0.6584583333333334,High Risk,0.07594999999999996,Low Readiness,0.31837816666666663,Priority 3,Core Active | Core Relationship Customer | Low Value | Digitally Active | Low Transactional | Growing Spender | Shallow Relationship | Moderate Cross-Sell Opportunity | High Risk | Low Readiness
C000468,1,Core Active,Core Relationship Customer,0.47725,Medium,0.5258333333333334,High Transactional,0.592,Digitally Active,High Engagement,Recently Active,Shallow Relationship,Stable Spender,0.35,Responsive,0.6265,Moderate Cross-Sell Opportunity,0.3695,Moderate Risk,0.29267,Needs Nurturing,0.465755,Priority 3,Core Active | Core Relationship Customer | Medium Value | Digitally Active | High Transactional | Stable Spender | Shallow Relationship | Moderate Cross-Sell Opportunity | Moderate Risk | Needs Nurturing
C000469,2,At Risk,At-Risk Declining Customer,0.072,Low,0.020000000000000004,Low Transactional,0.1398,Low Digital,Low Engagement,At Risk,Shallow Relationship,Declining Spender,0.3583333333333333,Responsive,0.303035,Low Cross-Sell Opportunity,0.9533333333333334,Critical Risk,0.08364999999999999,Low Readiness,0.19895633333333332,Priority 4,At Risk | At-Risk Declining Customer | Low Value | Low Digital | Low Transactional | Declining Spender | Shallow Relationship | Low Cross-Sell Opportunity | Critical Risk | Low Readiness
C000470,1,Core Active,Core Relationship Customer,0.49625,Medium,0.4275,Moderate Transactional,0.4792,Digitally Active,High Engagement,Recently Active,Established Relationship,Stable Spender,0.41666666666666663,Responsive,0.48590666666666665,Moderate Cross-Sell Opportunity,0.48016666666666663,Moderate Risk,0.6213,Ready,0.5108511666666666,Priority 2,Core Active | Core Relationship Customer | Medium Value | Digitally Active | Moderate Transactional | Stable Spender | Established Relationship | Moderate Cross-Sell Opportunity | Moderate Risk | Ready
C000471,3,Premium High-Value,Premium Relationship Customer,0.9226666666666666,Very High,0.9716666666666667,Very High Transactional,0.6878,Digitally Active,High Engagement,Active,Deep Relationship,Stable Spender,0.2333333333333333,Low Response,0.5483683333333333,Moderate Cross-Sell Opportunity,0.48058333333333336,Moderate Risk,0.1908375,Low Readiness,0.4492282083333333,Priority 3,Premium High-Value | Premium Relationship Customer | Very High Value | Digitally Active | Very High Transactional | Stable Spender | Deep Relationship | Moderate Cross-Sell Opportunity | Moderate Risk | Low Readiness
C000472,1,Core Active,Core Relationship Customer,0.558,Medium,0.59,High Transactional,0.37979999999999997,Moderate Digital,Moderate Engagement,Active,Shallow Relationship,Declining Spender,0.13999999999999999,Unresponsive,0.5797516666666668,Moderate Cross-Sell Opportunity,0.5735833333333333,High Risk,0.5419666666666666,Ready,0.46375883333333334,Priority 3,Core Active | Core Relationship Customer | Medium Value | Moderate Digital | High Transactional | Declining Spender | Shallow Relationship | Moderate Cross-Sell Opportunity | High Risk | Ready
C000473,1,Core Active,Core Relationship Customer,0.6801666666666666,High,0.6166666666666667,High Transactional,0.268,Moderate Digital,Moderate Engagement,Recently Active,Developing Relationship,Stable Spender,0.3083333333333333,Low Response,0.529925,Moderate Cross-Sell Opportunity,0.5053333333333334,Moderate Risk,0.22064,Needs Nurturing,0.42729583333333326,Priority 3,Core Active | Core Relationship Customer | High Value | Moderate Digital | High Transactional | Stable Spender | Developing Relationship | Moderate Cross-Sell Opportunity | Moderate Risk | Needs Nurturing
C000474,3,Premium High-Value,Premium Digital Customer,0.588,Medium,0.8483333333333334,Very High Transactional,0.8213999999999999,Highly Digital,Very High Engagement,Recently Active,Developing Relationship,Stable Spender,0.615,Highly Responsive,0.6876883333333332,Moderate Cross-Sell Opportunity,0.21616666666666667,Low Risk,0.7129833333333333,Highly Ready,0.6741356666666666,Priority 2,Premium High-Value | Premium Digital Customer | Medium Value | Highly Digital | Very High Transactional | Stable Spender | Developing Relationship | Moderate Cross-Sell Opportunity | Low Risk | Highly Ready
C000475,3,Premium High-Value,Premium Digital Customer,0.8080833333333333,Very High,0.8391666666666666,Very High Transactional,0.8532,Highly Digital,Very High Engagement,Recently Active,Established Relationship,Growing Spender,0.32499999999999996,Low Response,0.6913066666666666,Moderate Cross-Sell Opportunity,0.1366666666666667,Low Risk,0.683075,Highly Ready,0.6507065833333333,Priority 2,Premium High-Value | Premium Digital Customer | Very High Value | Highly Digital | Very High Transactional | Growing Spender | Established Relationship | Moderate Cross-Sell Opportunity | Low Risk | Highly Ready
C000476,1,Core Active,Core Digital Customer,0.46199999999999997,Medium,0.5908333333333333,High Transactional,0.7114,Highly Digital,High Engagement,Active,Developing Relationship,Stable Spender,0.38749999999999996,Responsive,0.5409216666666667,Moderate Cross-Sell Opportunity,0.47141666666666665,Moderate Risk,0.27171666666666666,Needs Nurturing,0.429864,Priority 3,Core Active | Core Digital Customer | Medium Value | Highly Digital | High Transactional | Stable Spender | Developing Relationship | Moderate Cross-Sell Opportunity | Moderate Risk | Needs Nurturing
C000477,1,Core Active,Core Relationship Customer,0.3855,Medium,0.39208333333333334,Moderate Transactional,0.3006,Moderate Digital,Moderate Engagement,Recently Active,Established Relationship,Stable Spender,0.175,Low Response,0.415995,Low Cross-Sell Opportunity,0.4467916666666667,Moderate Risk,0.16884,Low Readiness,0.3151543333333333,Priority 3,Core Active | Core Relationship Customer | Medium Value | Moderate Digital | Moderate Transactional | Stable Spender | Established Relationship | Low Cross-Sell Opportunity | Moderate Risk | Low Readiness
C000478,1,Core Active,Core Relationship Customer,0.2485833333333333,Low,0.30375,Moderate Transactional,0.48760000000000003,Digitally Active,Moderate Engagement,Active,Developing Relationship,Stable Spender,0.09999999999999999,Unresponsive,0.42408666666666667,Low Cross-Sell Opportunity,0.589625,High Risk,0.2365125,Needs Nurturing,0.28467912500000003,Priority 4,Core Active | Core Relationship Customer | Low Value | Digitally Active | Moderate Transactional | Stable Spender | Developing Relationship | Low Cross-Sell Opportunity | High Risk | Needs Nurturing
C000479,2,At Risk,At-Risk Declining Customer,0.35941666666666666,Medium,0.2025,Low Transactional,0.329,Moderate Digital,Low Engagement,At Risk,Developing Relationship,Declining Spender,0.26666666666666666,Low Response,0.35400000000000004,Low Cross-Sell Opportunity,0.9390000000000001,Critical Risk,0.48752999999999996,Ready,0.3414283333333333,Priority 3,At Risk | At-Risk Declining Customer | Medium Value | Moderate Digital | Low Transactional | Declining Spender | Developing Relationship | Low Cross-Sell Opportunity | Critical Risk | Ready
C000480,1,Core Active,Core Relationship Customer,0.4347500000000001,Medium,0.4666666666666667,Moderate Transactional,0.28900000000000003,Moderate Digital,High Engagement,Recently Active,Established Relationship,Growing Spender,0.5999999999999999,Responsive,0.3735666666666667,Low Cross-Sell Opportunity,0.327,Low Risk,0.32395999999999997,Needs Nurturing,0.44557250000000004,Priority 3,Core Active | Core Relationship Customer | Medium Value | Moderate Digital | Moderate Transactional | Growing Spender | Established Relationship | Low Cross-Sell Opportunity | Low Risk | Needs Nurturing
C000481,3,Premium High-Value,Premium Relationship Customer,0.6894166666666667,High,0.9041666666666668,Very High Transactional,0.6960000000000001,Digitally Active,Very High Engagement,Active,Developing Relationship,Declining Spender,0.35,Responsive,0.6118333333333332,Moderate Cross-Sell Opportunity,0.5040833333333333,Moderate Risk,0.8687499999999999,Highly Ready,0.6237416666666666,Priority 2,Premium High-Value | Premium Relationship Customer | High Value | Digitally Active | Very High Transactional | Declining Spender | Developing Relationship | Moderate Cross-Sell Opportunity | Moderate Risk | Highly Ready
C000482,2,At Risk,At-Risk Engagement Customer,0.5768333333333333,Medium,0.2604166666666667,Moderate Transactional,0.5442,Digitally Active,Moderate Engagement,At Risk,Established Relationship,Growing Spender,0.13999999999999999,Unresponsive,0.44578166666666663,Low Cross-Sell Opportunity,0.6960416666666667,High Risk,0.51874,Ready,0.40834033333333325,Priority 3,At Risk | At-Risk Engagement Customer | Medium Value | Digitally Active | Moderate Transactional | Growing Spender | Established Relationship | Low Cross-Sell Opportunity | High Risk | Ready
C000483,3,Premium High-Value,Premium Relationship Customer,0.6958333333333333,High,0.8108333333333333,Very High Transactional,0.6502,Digitally Active,High Engagement,Active,Established Relationship,Growing Spender,0.11666666666666665,Unresponsive,0.5324483333333333,Moderate Cross-Sell Opportunity,0.43658333333333327,Moderate Risk,0.22491,Needs Nurturing,0.400012,Priority 3,Premium High-Value | Premium Relationship Customer | High Value | Digitally Active | Very High Transactional | Growing Spender | Established Relationship | Moderate Cross-Sell Opportunity | Moderate Risk | Needs Nurturing
C000484,1,Core Active,Core Relationship Customer,0.25850000000000006,Low,0.42916666666666664,Moderate Transactional,0.6679999999999999,Digitally Active,Very High Engagement,Active,Developing Relationship,Declining Spender,0.49,Responsive,0.5050583333333334,Moderate Cross-Sell Opportunity,0.49808333333333343,Moderate Risk,0.35784,Needs Nurturing,0.4279441666666667,Priority 3,Core Active | Core Relationship Customer | Low Value | Digitally Active | Moderate Transactional | Declining Spender | Developing Relationship | Moderate Cross-Sell Opportunity | Moderate Risk | Needs Nurturing
C000485,1,Core Active,Core Relationship Customer,0.5550833333333334,Medium,0.5837500000000001,High Transactional,0.46819999999999995,Digitally Active,Moderate Engagement,Active,Developing Relationship,Stable Spender,0.475,Responsive,0.49208999999999997,Moderate Cross-Sell Opportunity,0.566125,High Risk,0.17675,Low Readiness,0.4134645,Priority 3,Core Active | Core Relationship Customer | Medium Value | Digitally Active | High Transactional | Stable Spender | Developing Relationship | Moderate Cross-Sell Opportunity | High Risk | Low Readiness
C000486,1,Core Active,Core Relationship Customer,0.49274999999999997,Medium,0.4041666666666667,Moderate Transactional,0.53,Digitally Active,High Engagement,Recently Active,Developing Relationship,Declining Spender,0.32499999999999996,Low Response,0.5608500000000001,Moderate Cross-Sell Opportunity,0.4625,Moderate Risk,0.1561,Low Readiness,0.39994250000000003,Priority 3,Core Active | Core Relationship Customer | Medium Value | Digitally Active | Moderate Transactional | Declining Spender | Developing Relationship | Moderate Cross-Sell Opportunity | Moderate Risk | Low Readiness
C000487,1,Core Active,Core Relationship Customer,0.37433333333333335,Medium,0.3358333333333333,Moderate Transactional,0.48840000000000006,Digitally Active,High Engagement,Active,Established Relationship,Growing Spender,0.31,Low Response,0.4353383333333334,Low Cross-Sell Opportunity,0.4058333333333333,Moderate Risk,0.2163,Needs Nurturing,0.36224316666666667,Priority 3,Core Active | Core Relationship Customer | Medium Value | Digitally Active | Moderate Transactional | Growing Spender | Established Relationship | Low Cross-Sell Opportunity | Moderate Risk | Needs Nurturing
C000488,3,Premium High-Value,Premium Relationship Customer,0.8984999999999999,Very High,0.7841666666666667,Very High Transactional,0.36060000000000003,Moderate Digital,Moderate Engagement,Recently Active,Deep Relationship,Growing Spender,0.41666666666666663,Responsive,0.47466166666666665,Moderate Cross-Sell Opportunity,0.381,Moderate Risk,0.5896250000000001,Ready,0.5698130833333332,Priority 2,Premium High-Value | Premium Relationship Customer | Very High Value | Moderate Digital | Very High Transactional | Growing Spender | Deep Relationship | Moderate Cross-Sell Opportunity | Moderate Risk | Ready
C000489,1,Core Active,Core Digital Customer,0.2435,Low,0.20666666666666667,Low Transactional,0.7687999999999999,Highly Digital,Moderate Engagement,Active,Shallow Relationship,Stable Spender,0.5499999999999999,Responsive,0.549285,Moderate Cross-Sell Opportunity,0.7068333333333334,High Risk,0.12564999999999998,Low Readiness,0.3720396666666666,Priority 3,Core Active | Core Digital Customer | Low Value | Highly Digital | Low Transactional | Stable Spender | Shallow Relationship | Moderate Cross-Sell Opportunity | High Risk | Low Readiness
C000490,1,Core Active,Core Digital Customer,0.2280833333333333,Low,0.19666666666666666,Low Transactional,0.8634000000000001,Highly Digital,Very High Engagement,Recently Active,Established Relationship,Stable Spender,0.6900000000000001,Highly Responsive,0.5258133333333334,Moderate Cross-Sell Opportunity,0.35516666666666663,Moderate Risk,0.641925,Ready,0.5549210833333333,Priority 2,Core Active | Core Digital Customer | Low Value | Highly Digital | Low Transactional | Stable Spender | Established Relationship | Moderate Cross-Sell Opportunity | Moderate Risk | Ready
C000491,0,Dormant / Declining,Dormant Reactivation Target,0.37,Medium,0.03125,Low Transactional,0.3748,Moderate Digital,Low Engagement,Dormant,Developing Relationship,Declining Spender,0.0,Unresponsive,0.3639516666666667,Low Cross-Sell Opportunity,0.9785416666666668,Critical Risk,0.128625,Low Readiness,0.1989875833333333,Priority 4,Dormant / Declining | Dormant Reactivation Target | Medium Value | Moderate Digital | Low Transactional | Declining Spender | Developing Relationship | Low Cross-Sell Opportunity | Critical Risk | Low Readiness
C000492,3,Premium High-Value,Premium Relationship Customer,0.7704166666666666,High,0.6554166666666666,High Transactional,0.5751999999999999,Digitally Active,High Engagement,Recently Active,Established Relationship,Declining Spender,0.7999999999999999,Highly Responsive,0.5927066666666667,Moderate Cross-Sell Opportunity,0.4282916666666666,Moderate Risk,0.32858,Needs Nurturing,0.5926903333333333,Priority 2,Premium High-Value | Premium Relationship Customer | High Value | Digitally Active | High Transactional | Declining Spender | Established Relationship | Moderate Cross-Sell Opportunity | Moderate Risk | Needs Nurturing
C000493,1,Core Active,Core Relationship Customer,0.49108333333333337,Medium,0.6875,High Transactional,0.549,Digitally Active,High Engagement,Recently Active,Established Relationship,Stable Spender,0.38749999999999996,Responsive,0.5118666666666667,Moderate Cross-Sell Opportunity,0.34850000000000003,Low Risk,0.25039,Needs Nurturing,0.43247,Priority 3,Core Active | Core Relationship Customer | Medium Value | Digitally Active | High Transactional | Stable Spender | Established Relationship | Moderate Cross-Sell Opportunity | Low Risk | Needs Nurturing
C000494,1,Core Active,Core Relationship Customer,0.22233333333333333,Low,0.3816666666666667,Moderate Transactional,0.4676,Digitally Active,High Engagement,Recently Active,Shallow Relationship,Stable Spender,0.19999999999999998,Low Response,0.541195,Moderate Cross-Sell Opportunity,0.3171666666666667,Low Risk,0.06684999999999999,Low Readiness,0.32070433333333337,Priority 3,Core Active | Core Relationship Customer | Low Value | Digitally Active | Moderate Transactional | Stable Spender | Shallow Relationship | Moderate Cross-Sell Opportunity | Low Risk | Low Readiness
C000495,1,Core Active,Core Relationship Customer,0.6979166666666667,High,0.4741666666666666,Moderate Transactional,0.617,Digitally Active,Low Engagement,Active,Shallow Relationship,Stable Spender,0.6166666666666667,Highly Responsive,0.6388,Moderate Cross-Sell Opportunity,0.45766666666666667,Moderate Risk,0.51351,Ready,0.6022716666666668,Priority 2,Core Active | Core Relationship Customer | High Value | Digitally Active | Moderate Transactional | Stable Spender | Shallow Relationship | Moderate Cross-Sell Opportunity | Moderate Risk | Ready
C000496,0,Dormant / Declining,Dormant Reactivation Target,0.1185,Low,0.06916666666666665,Low Transactional,0.12240000000000001,Low Digital,Low Engagement,Dormant,Developing Relationship,Declining Spender,0.06999999999999999,Unresponsive,0.2324716666666667,Low Cross-Sell Opportunity,0.9905833333333334,Critical Risk,0.5947,Ready,0.2511331666666667,Priority 4,Dormant / Declining | Dormant Reactivation Target | Low Value | Low Digital | Low Transactional | Declining Spender | Developing Relationship | Low Cross-Sell Opportunity | Critical Risk | Ready
C000497,1,Core Active,Core Relationship Customer,0.21899999999999997,Low,0.16,Low Transactional,0.6456000000000001,Digitally Active,High Engagement,Recently Active,Developing Relationship,Declining Spender,0.31,Low Response,0.5299783333333333,Moderate Cross-Sell Opportunity,0.379,Moderate Risk,0.11678333333333331,Low Readiness,0.3451393333333333,Priority 3,Core Active | Core Relationship Customer | Low Value | Digitally Active | Low Transactional | Declining Spender | Developing Relationship | Moderate Cross-Sell Opportunity | Moderate Risk | Low Readiness
C000498,1,Core Active,Core Relationship Customer,0.6325,High,0.37625000000000003,Moderate Transactional,0.6088,Digitally Active,High Engagement,Active,Shallow Relationship,Stable Spender,0.41666666666666663,Responsive,0.6399516666666667,Moderate Cross-Sell Opportunity,0.627625,High Risk,0.3049375,Needs Nurturing,0.4836657083333333,Priority 3,Core Active | Core Relationship Customer | High Value | Digitally Active | Moderate Transactional | Stable Spender | Shallow Relationship | Moderate Cross-Sell Opportunity | High Risk | Needs Nurturing
C000499,1,Core Active,Core Relationship Customer,0.40774999999999995,Medium,0.275,Moderate Transactional,0.631,Digitally Active,Moderate Engagement,Active,Developing Relationship,Stable Spender,0.645,Highly Responsive,0.5148999999999999,Moderate Cross-Sell Opportunity,0.631,High Risk,0.261625,Needs Nurturing,0.44693875,Priority 3,Core Active | Core Relationship Customer | Medium Value | Digitally Active | Moderate Transactional | Stable Spender | Developing Relationship | Moderate Cross-Sell Opportunity | High Risk | Needs Nurturing
C000500,1,Core Active,Core Relationship Customer,0.10691666666666666,Low,0.20958333333333334,Low Transactional,0.6994,Digitally Active,Moderate Engagement,Active,Shallow Relationship,Stable Spender,0.425,Responsive,0.5065633333333334,Moderate Cross-Sell Opportunity,0.500125,Moderate Risk,0.20483749999999998,Needs Nurturing,0.354203375,Priority 3,Core Active | Core Relationship Customer | Low Value | Digitally Active | Low Transactional | Stable Spender | Shallow Relationship | Moderate Cross-Sell Opportunity | Moderate Risk | Needs Nurturing
C000501,3,Premium High-Value,Premium Relationship Customer,0.9475833333333332,Very High,0.8883333333333332,Very High Transactional,0.4434,Moderate Digital,High Engagement,Active,Deep Relationship,Stable Spender,0.29,Low Response,0.5061299999999999,Moderate Cross-Sell Opportunity,0.3723333333333333,Moderate Risk,0.3598,Needs Nurturing,0.5046931666666666,Priority 2,Premium High-Value | Premium Relationship Customer | Very High Value | Moderate Digital | Very High Transactional | Stable Spender | Deep Relationship | Moderate Cross-Sell Opportunity | Moderate Risk | Needs Nurturing
C000502,1,Core Active,Core Digital Customer,0.46841666666666665,Medium,0.5741666666666667,High Transactional,0.7502,Highly Digital,High Engagement,Recently Active,Shallow Relationship,Stable Spender,0.175,Low Response,0.6772566666666666,Moderate Cross-Sell Opportunity,0.19499999999999998,Low Risk,0.3378375,Needs Nurturing,0.47339887499999994,Priority 3,Core Active | Core Digital Customer | Medium Value | Highly Digital | High Transactional | Stable Spender | Shallow Relationship | Moderate Cross-Sell Opportunity | Low Risk | Needs Nurturing
C000503,0,Dormant / Declining,Dormant Reactivation Target,0.08833333333333335,Low,0.09500000000000001,Low Transactional,0.369,Moderate Digital,Moderate Engagement,Dormant,Shallow Relationship,Declining Spender,0.0,Unresponsive,0.377275,Low Cross-Sell Opportunity,0.9306666666666668,Critical Risk,0.06509999999999996,Low Readiness,0.14964083333333333,Priority 4,Dormant / Declining | Dormant Reactivation Target | Low Value | Moderate Digital | Low Transactional | Declining Spender | Shallow Relationship | Low Cross-Sell Opportunity | Critical Risk | Low Readiness
C000504,1,Core Active,Core Relationship Customer,0.39416666666666667,Medium,0.26375000000000004,Moderate Transactional,0.6112,Digitally Active,High Engagement,Active,Shallow Relationship,Declining Spender,0.42999999999999994,Responsive,0.5573983333333333,Moderate Cross-Sell Opportunity,0.7589583333333334,Critical Risk,0.14245,Low Readiness,0.3720611666666666,Priority 3,Core Active | Core Relationship Customer | Medium Value | Digitally Active | Moderate Transactional | Declining Spender | Shallow Relationship | Moderate Cross-Sell Opportunity | Critical Risk | Low Readiness
C000505,1,Core Active,Core Relationship Customer,0.43958333333333327,Medium,0.33791666666666664,Moderate Transactional,0.2506,Moderate Digital,Low Engagement,Active,Developing Relationship,Declining Spender,0.11666666666666665,Unresponsive,0.39333666666666667,Low Cross-Sell Opportunity,0.8465416666666667,Critical Risk,0.3752,Needs Nurturing,0.31641766666666665,Priority 3,Core Active | Core Relationship Customer | Medium Value | Moderate Digital | Moderate Transactional | Declining Spender | Developing Relationship | Low Cross-Sell Opportunity | Critical Risk | Needs Nurturing
C000506,2,At Risk,At-Risk Declining Customer,0.5775833333333334,Medium,0.3441666666666667,Moderate Transactional,0.21900000000000003,Low Digital,Moderate Engagement,At Risk,Developing Relationship,Declining Spender,0.0,Unresponsive,0.4350666666666667,Low Cross-Sell Opportunity,0.8868333333333334,Critical Risk,0.25095,Needs Nurturing,0.29121166666666665,Priority 4,At Risk | At-Risk Declining Customer | Medium Value | Low Digital | Moderate Transactional | Declining Spender | Developing Relationship | Low Cross-Sell Opportunity | Critical Risk | Needs Nurturing
C000507,1,Core Active,Core Cross-Sell Opportunity,0.5775833333333333,Medium,0.6895833333333333,High Transactional,0.8468,Highly Digital,Very High Engagement,Active,Shallow Relationship,Stable Spender,0.7249999999999999,Highly Responsive,0.7005933333333333,High Cross-Sell Opportunity,0.391625,Moderate Risk,0.27638333333333326,Needs Nurturing,0.5717488333333333,Priority 2,Core Active | Core Cross-Sell Opportunity | Medium Value | Highly Digital | High Transactional | Stable Spender | Shallow Relationship | High Cross-Sell Opportunity | Moderate Risk | Needs Nurturing
C000508,3,Premium High-Value,Premium Relationship Customer,0.7540833333333333,High,0.8454166666666667,Very High Transactional,0.6844,Digitally Active,Very High Engagement,Recently Active,Deep Relationship,Growing Spender,0.375,Responsive,0.5811966666666667,Moderate Cross-Sell Opportunity,0.10779166666666666,Low Risk,0.37668749999999995,Needs Nurturing,0.5458642083333334,Priority 2,Premium High-Value | Premium Relationship Customer | High Value | Digitally Active | Very High Transactional | Growing Spender | Deep Relationship | Moderate Cross-Sell Opportunity | Low Risk | Needs Nurturing
C000509,1,Core Active,Core Digital Customer,0.5520833333333334,Medium,0.45125,Moderate Transactional,0.7752,Highly Digital,High Engagement,Active,Established Relationship,Stable Spender,0.5866666666666667,Responsive,0.5460233333333333,Moderate Cross-Sell Opportunity,0.3877083333333333,Moderate Risk,0.17184999999999997,Low Readiness,0.4681445,Priority 3,Core Active | Core Digital Customer | Medium Value | Highly Digital | Moderate Transactional | Stable Spender | Established Relationship | Moderate Cross-Sell Opportunity | Moderate Risk | Low Readiness
C000510,3,Premium High-Value,Premium Relationship Customer,0.7766666666666666,High,0.7191666666666667,High Transactional,0.5266,Digitally Active,Moderate Engagement,Active,Established Relationship,Stable Spender,0.36249999999999993,Responsive,0.5012616666666666,Moderate Cross-Sell Opportunity,0.5261666666666667,Moderate Risk,0.5519799999999999,Ready,0.5247568333333332,Priority 2,Premium High-Value | Premium Relationship Customer | High Value | Digitally Active | High Transactional | Stable Spender | Established Relationship | Moderate Cross-Sell Opportunity | Moderate Risk | Ready
C000511,1,Core Active,Core Relationship Customer,0.5010833333333333,Medium,0.60375,High Transactional,0.6004,Digitally Active,High Engagement,Recently Active,Developing Relationship,Declining Spender,0.13999999999999999,Unresponsive,0.6074466666666668,Moderate Cross-Sell Opportunity,0.336375,Low Risk,0.6493,Ready,0.5140840000000001,Priority 2,Core Active | Core Relationship Customer | Medium Value | Digitally Active | High Transactional | Declining Spender | Developing Relationship | Moderate Cross-Sell Opportunity | Low Risk | Ready
C000512,3,Premium High-Value,Premium Relationship Customer,0.8400833333333333,Very High,0.94375,Very High Transactional,0.6302000000000001,Digitally Active,Very High Engagement,Recently Active,Established Relationship,Stable Spender,0.0,Unresponsive,0.6020733333333335,Moderate Cross-Sell Opportunity,0.15429166666666666,Low Risk,0.67325,Highly Ready,0.5595178333333334,Priority 2,Premium High-Value | Premium Relationship Customer | Very High Value | Digitally Active | Very High Transactional | Stable Spender | Established Relationship | Moderate Cross-Sell Opportunity | Low Risk | Highly Ready
C000513,3,Premium High-Value,Premium Relationship Customer,0.8240833333333334,Very High,0.6399999999999999,High Transactional,0.5048,Digitally Active,Moderate Engagement,Active,Shallow Relationship,Stable Spender,0.11666666666666665,Unresponsive,0.6665433333333334,Moderate Cross-Sell Opportunity,0.66125,High Risk,0.6157874999999999,Ready,0.5347307083333332,Priority 2,Premium High-Value | Premium Relationship Customer | Very High Value | Digitally Active | High Transactional | Stable Spender | Shallow Relationship | Moderate Cross-Sell Opportunity | High Risk | Ready
C000514,1,Core Active,Core Relationship Customer,0.11191666666666666,Low,0.17791666666666667,Low Transactional,0.64,Digitally Active,High Engagement,Active,Shallow Relationship,Growing Spender,0.6791666666666667,Highly Responsive,0.5017833333333332,Moderate Cross-Sell Opportunity,0.5152916666666667,Moderate Risk,0.110425,Low Readiness,0.37923291666666664,Priority 3,Core Active | Core Relationship Customer | Low Value | Digitally Active | Low Transactional | Growing Spender | Shallow Relationship | Moderate Cross-Sell Opportunity | Moderate Risk | Low Readiness
C000515,3,Premium High-Value,Premium Relationship Customer,0.6935833333333333,High,0.9512499999999999,Very High Transactional,0.6262,Digitally Active,High Engagement,At Risk,Established Relationship,Growing Spender,0.4624999999999999,Responsive,0.4693399999999999,Moderate Cross-Sell Opportunity,0.466625,Moderate Risk,0.48109999999999997,Ready,0.510952,Priority 2,Premium High-Value | Premium Relationship Customer | High Value | Digitally Active | Very High Transactional | Growing Spender | Established Relationship | Moderate Cross-Sell Opportunity | Moderate Risk | Ready
C000516,3,Premium High-Value,Premium Relationship Customer,0.7367499999999999,High,0.9645833333333333,Very High Transactional,0.504,Digitally Active,High Engagement,Active,Deep Relationship,Declining Spender,0.0,Unresponsive,0.4519666666666666,Moderate Cross-Sell Opportunity,0.5442916666666667,Moderate Risk,0.2531666666666666,Needs Nurturing,0.354965,Priority 3,Premium High-Value | Premium Relationship Customer | High Value | Digitally Active | Very High Transactional | Declining Spender | Deep Relationship | Moderate Cross-Sell Opportunity | Moderate Risk | Needs Nurturing
C000517,1,Core Active,Core Relationship Customer,0.415,Medium,0.5175,High Transactional,0.4738,Digitally Active,Moderate Engagement,Active,Shallow Relationship,Stable Spender,0.0,Unresponsive,0.536185,Moderate Cross-Sell Opportunity,0.5548333333333334,High Risk,0.5254875,Ready,0.39899404166666663,Priority 3,Core Active | Core Relationship Customer | Medium Value | Digitally Active | High Transactional | Stable Spender | Shallow Relationship | Moderate Cross-Sell Opportunity | High Risk | Ready
C000518,3,Premium High-Value,Premium Digital Customer,0.8177500000000001,Very High,0.9495833333333334,Very High Transactional,0.8322,Highly Digital,Very High Engagement,Recently Active,Deep Relationship,Stable Spender,0.3833333333333333,Responsive,0.63824,Moderate Cross-Sell Opportunity,0.18579166666666666,Low Risk,0.31367,Needs Nurturing,0.5506395,Priority 2,Premium High-Value | Premium Digital Customer | Very High Value | Highly Digital | Very High Transactional | Stable Spender | Deep Relationship | Moderate Cross-Sell Opportunity | Low Risk | Needs Nurturing
C000519,2,At Risk,At-Risk Engagement Customer,0.3184166666666666,Low,0.2625,Moderate Transactional,0.1216,Low Digital,Moderate Engagement,At Risk,Shallow Relationship,Stable Spender,0.0,Unresponsive,0.3904866666666666,Low Cross-Sell Opportunity,0.9346666666666666,Critical Risk,0.23695,Needs Nurturing,0.2306793333333333,Priority 4,At Risk | At-Risk Engagement Customer | Low Value | Low Digital | Moderate Transactional | Stable Spender | Shallow Relationship | Low Cross-Sell Opportunity | Critical Risk | Needs Nurturing
C000520,1,Core Active,Core Relationship Customer,0.16091666666666665,Low,0.4,Moderate Transactional,0.4916,Digitally Active,Moderate Engagement,Active,Developing Relationship,Growing Spender,0.06999999999999999,Unresponsive,0.41686999999999996,Low Cross-Sell Opportunity,0.39133333333333337,Moderate Risk,0.26366666666666666,Needs Nurturing,0.2899818333333333,Priority 4,Core Active | Core Relationship Customer | Low Value | Digitally Active | Moderate Transactional | Growing Spender | Developing Relationship | Low Cross-Sell Opportunity | Moderate Risk | Needs Nurturing
C000521,3,Premium High-Value,Premium Digital Customer,0.8930833333333332,Very High,0.8008333333333333,Very High Transactional,0.8156,Highly Digital,High Engagement,Active,Deep Relationship,Growing Spender,0.36249999999999993,Responsive,0.5905533333333333,Moderate Cross-Sell Opportunity,0.26375000000000004,Low Risk,0.5819,Ready,0.6027285,Priority 2,Premium High-Value | Premium Digital Customer | Very High Value | Highly Digital | Very High Transactional | Growing Spender | Deep Relationship | Moderate Cross-Sell Opportunity | Low Risk | Ready
C000522,1,Core Active,Core Digital Customer,0.4735,Medium,0.28041666666666665,Moderate Transactional,0.91,Highly Digital,Very High Engagement,Active,Shallow Relationship,Declining Spender,0.44999999999999996,Responsive,0.699175,Moderate Cross-Sell Opportunity,0.5390416666666666,Moderate Risk,0.197925,Low Readiness,0.46635458333333335,Priority 3,Core Active | Core Digital Customer | Medium Value | Highly Digital | Moderate Transactional | Declining Spender | Shallow Relationship | Moderate Cross-Sell Opportunity | Moderate Risk | Low Readiness
C000523,2,At Risk,At-Risk Engagement Customer,0.2619166666666667,Low,0.125,Low Transactional,0.3536,Moderate Digital,Moderate Engagement,At Risk,Developing Relationship,Stable Spender,0.0,Unresponsive,0.36707,Low Cross-Sell Opportunity,0.72275,High Risk,0.13241666666666665,Low Readiness,0.21023766666666666,Priority 4,At Risk | At-Risk Engagement Customer | Low Value | Moderate Digital | Low Transactional | Stable Spender | Developing Relationship | Low Cross-Sell Opportunity | High Risk | Low Readiness
C000524,1,Core Active,Core Digital Customer,0.6096666666666667,High,0.47583333333333333,Moderate Transactional,0.7978000000000001,Highly Digital,High Engagement,Recently Active,Developing Relationship,Growing Spender,0.5866666666666667,Responsive,0.648935,Moderate Cross-Sell Opportunity,0.2814166666666667,Low Risk,0.19004999999999997,Low Readiness,0.5228346666666667,Priority 2,Core Active | Core Digital Customer | High Value | Highly Digital | Moderate Transactional | Growing Spender | Developing Relationship | Moderate Cross-Sell Opportunity | Low Risk | Low Readiness
C000525,1,Core Active,Core Relationship Customer,0.2759166666666666,Low,0.19708333333333333,Low Transactional,0.3426,Moderate Digital,Moderate Engagement,Active,Developing Relationship,Declining Spender,0.25,Low Response,0.38707,Low Cross-Sell Opportunity,0.7444583333333333,High Risk,0.047075,Low Readiness,0.2448314166666667,Priority 4,Core Active | Core Relationship Customer | Low Value | Moderate Digital | Low Transactional | Declining Spender | Developing Relationship | Low Cross-Sell Opportunity | High Risk | Low Readiness
C000526,3,Premium High-Value,Premium Digital Customer,0.8535833333333335,Very High,0.7933333333333334,Very High Transactional,0.7183999999999999,Highly Digital,Very High Engagement,Recently Active,Developing Relationship,Growing Spender,0.6191666666666668,Highly Responsive,0.74078,High Cross-Sell Opportunity,0.10666666666666667,Low Risk,0.5081375,Ready,0.6904725416666667,Priority 2,Premium High-Value | Premium Digital Customer | Very High Value | Highly Digital | Very High Transactional | Growing Spender | Developing Relationship | High Cross-Sell Opportunity | Low Risk | Ready
C000527,1,Core Active,Core Relationship Customer,0.5934166666666667,Medium,0.6212500000000001,High Transactional,0.6118000000000001,Digitally Active,High Engagement,Recently Active,Established Relationship,Stable Spender,0.31,Low Response,0.5503266666666667,Moderate Cross-Sell Opportunity,0.26029166666666664,Low Risk,0.23951666666666666,Needs Nurturing,0.4499605,Priority 3,Core Active | Core Relationship Customer | Medium Value | Digitally Active | High Transactional | Stable Spender | Established Relationship | Moderate Cross-Sell Opportunity | Low Risk | Needs Nurturing
C000528,1,Core Active,Core Relationship Customer,0.30925,Low,0.4720833333333333,Moderate Transactional,0.489,Digitally Active,Moderate Engagement,Recently Active,Shallow Relationship,Declining Spender,0.13999999999999999,Unresponsive,0.5460499999999999,Moderate Cross-Sell Opportunity,0.5512916666666666,High Risk,0.17301666666666665,Low Readiness,0.3263275,Priority 3,Core Active | Core Relationship Customer | Low Value | Digitally Active | Moderate Transactional | Declining Spender | Shallow Relationship | Moderate Cross-Sell Opportunity | High Risk | Low Readiness
C000529,3,Premium High-Value,Premium Relationship Customer,0.7021666666666666,High,0.7008333333333332,High Transactional,0.6092,Digitally Active,High Engagement,Active,Developing Relationship,Growing Spender,0.0,Unresponsive,0.5975483333333333,Moderate Cross-Sell Opportunity,0.4248333333333334,Moderate Risk,0.3213,Needs Nurturing,0.42243116666666664,Priority 3,Premium High-Value | Premium Relationship Customer | High Value | Digitally Active | High Transactional | Growing Spender | Developing Relationship | Moderate Cross-Sell Opportunity | Moderate Risk | Needs Nurturing
C000530,3,Premium High-Value,Premium Digital Customer,0.8540833333333334,Very High,0.8733333333333334,Very High Transactional,0.7709999999999999,Highly Digital,High Engagement,Active,Established Relationship,Growing Spender,0.55,Responsive,0.6112,Moderate Cross-Sell Opportunity,0.3923333333333333,Moderate Risk,0.6794,Highly Ready,0.6520891666666666,Priority 2,Premium High-Value | Premium Digital Customer | Very High Value | Highly Digital | Very High Transactional | Growing Spender | Established Relationship | Moderate Cross-Sell Opportunity | Moderate Risk | Highly Ready
C000531,1,Core Active,Core Relationship Customer,0.08191666666666667,Low,0.11041666666666666,Low Transactional,0.4818,Digitally Active,Moderate Engagement,Active,Shallow Relationship,Declining Spender,0.6375,Highly Responsive,0.45126,Moderate Cross-Sell Opportunity,0.6982916666666668,High Risk,0.3956166666666666,Needs Nurturing,0.40424049999999995,Priority 3,Core Active | Core Relationship Customer | Low Value | Digitally Active | Low Transactional | Declining Spender | Shallow Relationship | Moderate Cross-Sell Opportunity | High Risk | Needs Nurturing
C000532,1,Core Active,Core Relationship Customer,0.5834166666666666,Medium,0.3729166666666667,Moderate Transactional,0.6312,Digitally Active,High Engagement,Active,Shallow Relationship,Stable Spender,0.37,Responsive,0.6510233333333333,Moderate Cross-Sell Opportunity,0.4520416666666667,Moderate Risk,0.21078749999999996,Needs Nurturing,0.4643122083333333,Priority 3,Core Active | Core Relationship Customer | Medium Value | Digitally Active | Moderate Transactional | Stable Spender | Shallow Relationship | Moderate Cross-Sell Opportunity | Moderate Risk | Needs Nurturing
C000533,3,Premium High-Value,Premium Digital Customer,0.7726666666666666,High,0.7554166666666666,Very High Transactional,0.7162,Highly Digital,High Engagement,Active,Established Relationship,Declining Spender,0.7124999999999999,Highly Responsive,0.5668316666666666,Moderate Cross-Sell Opportunity,0.465125,Moderate Risk,0.21420000000000003,Needs Nurturing,0.535487,Priority 2,Premium High-Value | Premium Digital Customer | High Value | Highly Digital | Very High Transactional | Declining Spender | Established Relationship | Moderate Cross-Sell Opportunity | Moderate Risk | Needs Nurturing
C000534,1,Core Active,Core Relationship Customer,0.6000833333333333,High,0.3833333333333333,Moderate Transactional,0.5088,Digitally Active,Moderate Engagement,At Risk,Shallow Relationship,Stable Spender,0.575,Responsive,0.55776,Moderate Cross-Sell Opportunity,0.7441666666666666,High Risk,0.52204,Ready,0.5284338333333333,Priority 2,Core Active | Core Relationship Customer | High Value | Digitally Active | Moderate Transactional | Stable Spender | Shallow Relationship | Moderate Cross-Sell Opportunity | High Risk | Ready
C000535,1,Core Active,Core Relationship Customer,0.5996666666666667,Medium,0.4966666666666667,Moderate Transactional,0.43060000000000004,Moderate Digital,High Engagement,Recently Active,Established Relationship,Stable Spender,0.09999999999999999,Unresponsive,0.49154500000000007,Moderate Cross-Sell Opportunity,0.26783333333333337,Low Risk,0.38173333333333326,Needs Nurturing,0.4260635,Priority 3,Core Active | Core Relationship Customer | Medium Value | Moderate Digital | Moderate Transactional | Stable Spender | Established Relationship | Moderate Cross-Sell Opportunity | Low Risk | Needs Nurturing
C000536,1,Core Active,Core Relationship Customer,0.6556666666666667,High,0.5454166666666667,High Transactional,0.644,Digitally Active,High Engagement,Active,Developing Relationship,Declining Spender,0.6266666666666667,Highly Responsive,0.5852916666666668,Moderate Cross-Sell Opportunity,0.6299583333333334,High Risk,0.33957,Needs Nurturing,0.5211675,Priority 2,Core Active | Core Relationship Customer | High Value | Digitally Active | High Transactional | Declining Spender | Developing Relationship | Moderate Cross-Sell Opportunity | High Risk | Needs Nurturing
C000537,3,Premium High-Value,Premium Relationship Customer,0.6034999999999999,High,0.6095833333333334,High Transactional,0.6224,Digitally Active,High Engagement,Active,Developing Relationship,Stable Spender,0.55,Responsive,0.6035883333333333,Moderate Cross-Sell Opportunity,0.2577083333333334,Low Risk,0.222075,Needs Nurturing,0.5113494166666667,Priority 2,Premium High-Value | Premium Relationship Customer | High Value | Digitally Active | High Transactional | Stable Spender | Developing Relationship | Moderate Cross-Sell Opportunity | Low Risk | Needs Nurturing
C000538,1,Core Active,Core Relationship Customer,0.47891666666666666,Medium,0.46458333333333335,Moderate Transactional,0.3548,Moderate Digital,Moderate Engagement,Recently Active,Shallow Relationship,Stable Spender,0.41666666666666663,Responsive,0.5862933333333333,Moderate Cross-Sell Opportunity,0.486625,Moderate Risk,0.2961,Needs Nurturing,0.45642133333333335,Priority 3,Core Active | Core Relationship Customer | Medium Value | Moderate Digital | Moderate Transactional | Stable Spender | Shallow Relationship | Moderate Cross-Sell Opportunity | Moderate Risk | Needs Nurturing
C000539,2,At Risk,At-Risk Declining Customer,0.5139166666666666,Medium,0.29625,Moderate Transactional,0.3074,Moderate Digital,Moderate Engagement,Dormant,Developing Relationship,Declining Spender,0.0,Unresponsive,0.40951333333333334,Low Cross-Sell Opportunity,0.932875,Critical Risk,0.12372499999999999,Low Readiness,0.23758524999999997,Priority 4,At Risk | At-Risk Declining Customer | Medium Value | Moderate Digital | Moderate Transactional | Declining Spender | Developing Relationship | Low Cross-Sell Opportunity | Critical Risk | Low Readiness
C000540,1,Core Active,Core Relationship Customer,0.5631666666666667,Medium,0.6666666666666666,High Transactional,0.4274,Moderate Digital,High Engagement,Recently Active,Developing Relationship,Declining Spender,0.14999999999999997,Unresponsive,0.547505,Moderate Cross-Sell Opportunity,0.4345,Moderate Risk,0.471975,Ready,0.45327025,Priority 3,Core Active | Core Relationship Customer | Medium Value | Moderate Digital | High Transactional | Declining Spender | Developing Relationship | Moderate Cross-Sell Opportunity | Moderate Risk | Ready
C000541,0,Dormant / Declining,Dormant Reactivation Target,0.5766666666666667,Medium,0.30041666666666667,Moderate Transactional,0.33199999999999996,Moderate Digital,Low Engagement,Dormant,Developing Relationship,Declining Spender,0.11666666666666665,Unresponsive,0.4247416666666667,Low Cross-Sell Opportunity,0.9627083333333334,Critical Risk,0.15455999999999998,Low Readiness,0.279625,Priority 4,Dormant / Declining | Dormant Reactivation Target | Medium Value | Moderate Digital | Moderate Transactional | Declining Spender | Developing Relationship | Low Cross-Sell Opportunity | Critical Risk | Low Readiness
C000542,1,Core Active,Core Relationship Customer,0.40125,Medium,0.445,Moderate Transactional,0.6562,Digitally Active,High Engagement,Recently Active,Established Relationship,Stable Spender,0.55,Responsive,0.49570666666666663,Moderate Cross-Sell Opportunity,0.35383333333333333,Moderate Risk,0.22557499999999994,Needs Nurturing,0.4399099166666666,Priority 3,Core Active | Core Relationship Customer | Medium Value | Digitally Active | Moderate Transactional | Stable Spender | Established Relationship | Moderate Cross-Sell Opportunity | Moderate Risk | Needs Nurturing
C000543,1,Core Active,Core Relationship Customer,0.4711666666666666,Medium,0.44749999999999995,Moderate Transactional,0.4852,Digitally Active,High Engagement,Active,Shallow Relationship,Stable Spender,0.36249999999999993,Responsive,0.5595316666666666,Moderate Cross-Sell Opportunity,0.6675833333333334,High Risk,0.2321375,Needs Nurturing,0.40231054166666663,Priority 3,Core Active | Core Relationship Customer | Medium Value | Digitally Active | Moderate Transactional | Stable Spender | Shallow Relationship | Moderate Cross-Sell Opportunity | High Risk | Needs Nurturing
C000544,3,Premium High-Value,Premium Digital Customer,0.6519166666666667,High,0.7233333333333334,High Transactional,0.7512000000000001,Highly Digital,Very High Engagement,Recently Active,Established Relationship,Declining Spender,0.6749999999999999,Highly Responsive,0.6307733333333334,Moderate Cross-Sell Opportunity,0.3058333333333333,Low Risk,0.52345,Ready,0.6222986666666667,Priority 2,Premium High-Value | Premium Digital Customer | High Value | Highly Digital | High Transactional | Declining Spender | Established Relationship | Moderate Cross-Sell Opportunity | Low Risk | Ready
C000545,3,Premium High-Value,Premium Relationship Customer,0.8513333333333333,Very High,0.7333333333333334,High Transactional,0.6612,Digitally Active,Moderate Engagement,Recently Active,Developing Relationship,Stable Spender,0.35,Responsive,0.6711483333333333,Moderate Cross-Sell Opportunity,0.32833333333333337,Low Risk,0.22644999999999998,Needs Nurturing,0.5228236666666667,Priority 2,Premium High-Value | Premium Relationship Customer | Very High Value | Digitally Active | High Transactional | Stable Spender | Developing Relationship | Moderate Cross-Sell Opportunity | Low Risk | Needs Nurturing
C000546,1,Core Active,Core Relationship Customer,0.3759166666666667,Medium,0.39916666666666667,Moderate Transactional,0.456,Digitally Active,High Engagement,Recently Active,Shallow Relationship,Growing Spender,0.2333333333333333,Low Response,0.5818333333333333,Moderate Cross-Sell Opportunity,0.35233333333333333,Moderate Risk,0.2156875,Needs Nurturing,0.3962927083333333,Priority 3,Core Active | Core Relationship Customer | Medium Value | Digitally Active | Moderate Transactional | Growing Spender | Shallow Relationship | Moderate Cross-Sell Opportunity | Moderate Risk | Needs Nurturing
C000547,1,Core Active,Core Relationship Customer,0.5723333333333332,Medium,0.4975,Moderate Transactional,0.46220000000000006,Digitally Active,High Engagement,Recently Active,Established Relationship,Stable Spender,0.0875,Unresponsive,0.5191316666666667,Moderate Cross-Sell Opportunity,0.3829166666666667,Moderate Risk,0.37344999999999995,Needs Nurturing,0.41416033333333335,Priority 3,Core Active | Core Relationship Customer | Medium Value | Digitally Active | Moderate Transactional | Stable Spender | Established Relationship | Moderate Cross-Sell Opportunity | Moderate Risk | Needs Nurturing
C000548,1,Core Active,Core Digital Customer,0.19558333333333333,Low,0.29250000000000004,Moderate Transactional,0.7388,Highly Digital,High Engagement,Recently Active,Shallow Relationship,Stable Spender,0.6916666666666665,Highly Responsive,0.5792933333333333,Moderate Cross-Sell Opportunity,0.3705,Moderate Risk,0.12693333333333334,Low Readiness,0.43614216666666666,Priority 3,Core Active | Core Digital Customer | Low Value | Highly Digital | Moderate Transactional | Stable Spender | Shallow Relationship | Moderate Cross-Sell Opportunity | Moderate Risk | Low Readiness
C000549,3,Premium High-Value,Premium Digital Customer,0.7610833333333333,High,0.7933333333333333,Very High Transactional,0.9028,Highly Digital,Very High Engagement,Active,Deep Relationship,Stable Spender,0.705,Highly Responsive,0.5907266666666666,Moderate Cross-Sell Opportunity,0.2424166666666667,Low Risk,0.22201666666666664,Needs Nurturing,0.563643,Priority 2,Premium High-Value | Premium Digital Customer | High Value | Highly Digital | Very High Transactional | Stable Spender | Deep Relationship | Moderate Cross-Sell Opportunity | Low Risk | Needs Nurturing
C000550,1,Core Active,Core Relationship Customer,0.47983333333333333,Medium,0.22583333333333333,Low Transactional,0.6532,Digitally Active,High Engagement,Active,Developing Relationship,Stable Spender,0.2333333333333333,Low Response,0.5384816666666666,Moderate Cross-Sell Opportunity,0.6638333333333334,High Risk,0.27055,Needs Nurturing,0.3814403333333333,Priority 3,Core Active | Core Relationship Customer | Medium Value | Digitally Active | Low Transactional | Stable Spender | Developing Relationship | Moderate Cross-Sell Opportunity | High Risk | Needs Nurturing
C000551,1,Core Active,Core Relationship Customer,0.59575,Medium,0.37250000000000005,Moderate Transactional,0.527,Digitally Active,Moderate Engagement,At Risk,Shallow Relationship,Stable Spender,0.0,Unresponsive,0.5619833333333333,Moderate Cross-Sell Opportunity,0.7441666666666668,High Risk,0.2798833333333333,Needs Nurturing,0.35351166666666667,Priority 3,Core Active | Core Relationship Customer | Medium Value | Digitally Active | Moderate Transactional | Stable Spender | Shallow Relationship | Moderate Cross-Sell Opportunity | High Risk | Needs Nurturing
C000552,1,Core Active,Core Relationship Customer,0.48883333333333334,Medium,0.3645833333333333,Moderate Transactional,0.4558,Digitally Active,Moderate Engagement,Active,Established Relationship,Stable Spender,0.3833333333333333,Responsive,0.4242516666666667,Low Cross-Sell Opportunity,0.5200416666666667,Moderate Risk,0.26929,Needs Nurturing,0.39258550000000003,Priority 3,Core Active | Core Relationship Customer | Medium Value | Digitally Active | Moderate Transactional | Stable Spender | Established Relationship | Low Cross-Sell Opportunity | Moderate Risk | Needs Nurturing
C000553,3,Premium High-Value,Premium Relationship Customer,0.8665833333333334,Very High,0.7733333333333334,Very High Transactional,0.5948,Digitally Active,Moderate Engagement,At Risk,Deep Relationship,Growing Spender,0.29,Low Response,0.46074333333333334,Moderate Cross-Sell Opportunity,0.5768333333333333,High Risk,0.3894625,Needs Nurturing,0.46589279166666664,Priority 3,Premium High-Value | Premium Relationship Customer | Very High Value | Digitally Active | Very High Transactional | Growing Spender | Deep Relationship | Moderate Cross-Sell Opportunity | High Risk | Needs Nurturing
C000554,1,Core Active,Core Digital Customer,0.2260833333333333,Low,0.3770833333333333,Moderate Transactional,0.7128,Highly Digital,High Engagement,Recently Active,Shallow Relationship,Growing Spender,0.6166666666666667,Highly Responsive,0.6232766666666667,Moderate Cross-Sell Opportunity,0.18504166666666666,Low Risk,0.27103999999999995,Needs Nurturing,0.4934846666666667,Priority 3,Core Active | Core Digital Customer | Low Value | Highly Digital | Moderate Transactional | Growing Spender | Shallow Relationship | Moderate Cross-Sell Opportunity | Low Risk | Needs Nurturing
C000555,1,Core Active,Core Relationship Customer,0.4666666666666666,Medium,0.39958333333333335,Moderate Transactional,0.5916,Digitally Active,Moderate Engagement,Recently Active,Developing Relationship,Growing Spender,0.175,Low Response,0.5653283333333332,Moderate Cross-Sell Opportunity,0.28579166666666667,Low Risk,0.328125,Needs Nurturing,0.4280505833333333,Priority 3,Core Active | Core Relationship Customer | Medium Value | Digitally Active | Moderate Transactional | Growing Spender | Developing Relationship | Moderate Cross-Sell Opportunity | Low Risk | Needs Nurturing
C000556,1,Core Active,Core High-Activity Customer,0.5925,Medium,0.8041666666666667,Very High Transactional,0.6053999999999999,Digitally Active,High Engagement,Active,Developing Relationship,Stable Spender,0.6399999999999999,Highly Responsive,0.5881216666666667,Moderate Cross-Sell Opportunity,0.45000000000000007,Moderate Risk,0.3449833333333333,Needs Nurturing,0.5345573333333333,Priority 2,Core Active | Core High-Activity Customer | Medium Value | Digitally Active | Very High Transactional | Stable Spender | Developing Relationship | Moderate Cross-Sell Opportunity | Moderate Risk | Needs Nurturing
C000557,0,Dormant / Declining,Dormant Reactivation Target,0.12816666666666665,Low,0.07708333333333332,Low Transactional,0.44420000000000004,Moderate Digital,Moderate Engagement,Dormant,Developing Relationship,Declining Spender,0.13999999999999999,Unresponsive,0.3333316666666667,Low Cross-Sell Opportunity,0.9257916666666667,Critical Risk,0.11891249999999999,Low Readiness,0.18437345833333332,Priority 4,Dormant / Declining | Dormant Reactivation Target | Low Value | Moderate Digital | Low Transactional | Declining Spender | Developing Relationship | Low Cross-Sell Opportunity | Critical Risk | Low Readiness
C000558,3,Premium High-Value,Premium Relationship Customer,0.9778333333333333,Very High,0.8979166666666667,Very High Transactional,0.6652,Digitally Active,Very High Engagement,Active,Deep Relationship,Stable Spender,0.29,Low Response,0.5851149999999999,Moderate Cross-Sell Opportunity,0.29387500000000005,Low Risk,0.6127833333333332,Ready,0.6040178333333333,Priority 2,Premium High-Value | Premium Relationship Customer | Very High Value | Digitally Active | Very High Transactional | Stable Spender | Deep Relationship | Moderate Cross-Sell Opportunity | Low Risk | Ready
C000559,1,Core Active,Core Relationship Customer,0.38625,Medium,0.45958333333333334,Moderate Transactional,0.685,Digitally Active,High Engagement,Recently Active,Established Relationship,Growing Spender,0.0,Unresponsive,0.5011166666666667,Moderate Cross-Sell Opportunity,0.29970833333333335,Low Risk,0.41486666666666666,Ready,0.38201833333333335,Priority 3,Core Active | Core Relationship Customer | Medium Value | Digitally Active | Moderate Transactional | Growing Spender | Established Relationship | Moderate Cross-Sell Opportunity | Low Risk | Ready
C000560,1,Core Active,Core Relationship Customer,0.30316666666666664,Low,0.30291666666666667,Moderate Transactional,0.5776,Digitally Active,Moderate Engagement,Active,Established Relationship,Stable Spender,0.8083333333333332,Highly Responsive,0.38977833333333334,Low Cross-Sell Opportunity,0.536625,Moderate Risk,0.21804999999999997,Needs Nurturing,0.4249251666666666,Priority 3,Core Active | Core Relationship Customer | Low Value | Digitally Active | Moderate Transactional | Stable Spender | Established Relationship | Low Cross-Sell Opportunity | Moderate Risk | Needs Nurturing
C000561,1,Core Active,Core Digital Customer,0.1875,Low,0.23333333333333334,Low Transactional,0.8134000000000001,Highly Digital,High Engagement,Active,Shallow Relationship,Stable Spender,0.7083333333333333,Highly Responsive,0.5903716666666666,Moderate Cross-Sell Opportunity,0.5141666666666667,Moderate Risk,0.31135999999999997,Needs Nurturing,0.4733265,Priority 3,Core Active | Core Digital Customer | Low Value | Highly Digital | Low Transactional | Stable Spender | Shallow Relationship | Moderate Cross-Sell Opportunity | Moderate Risk | Needs Nurturing
C000562,1,Core Active,Core Relationship Customer,0.31583333333333335,Low,0.4758333333333333,Moderate Transactional,0.6562000000000001,Digitally Active,High Engagement,Recently Active,Established Relationship,Stable Spender,0.6399999999999999,Highly Responsive,0.4713316666666667,Moderate Cross-Sell Opportunity,0.2685,Low Risk,0.28233333333333327,Needs Nurturing,0.46050783333333334,Priority 3,Core Active | Core Relationship Customer | Low Value | Digitally Active | Moderate Transactional | Stable Spender | Established Relationship | Moderate Cross-Sell Opportunity | Low Risk | Needs Nurturing
C000563,3,Premium High-Value,Premium Digital Customer,0.861,Very High,0.8479166666666668,Very High Transactional,0.7105999999999999,Highly Digital,High Engagement,Active,Deep Relationship,Growing Spender,0.475,Responsive,0.5515616666666667,Moderate Cross-Sell Opportunity,0.36137500000000006,Moderate Risk,0.56985,Ready,0.5959435000000001,Priority 2,Premium High-Value | Premium Digital Customer | Very High Value | Highly Digital | Very High Transactional | Growing Spender | Deep Relationship | Moderate Cross-Sell Opportunity | Moderate Risk | Ready
C000564,2,At Risk,At-Risk Engagement Customer,0.15641666666666665,Low,0.08791666666666667,Low Transactional,0.3588,Moderate Digital,Moderate Engagement,At Risk,Shallow Relationship,Stable Spender,0.06999999999999999,Unresponsive,0.39637666666666665,Low Cross-Sell Opportunity,0.9184583333333334,Critical Risk,0.1239875,Low Readiness,0.19552654166666664,Priority 4,At Risk | At-Risk Engagement Customer | Low Value | Moderate Digital | Low Transactional | Stable Spender | Shallow Relationship | Low Cross-Sell Opportunity | Critical Risk | Low Readiness
C000565,3,Premium High-Value,Premium Relationship Customer,0.9251666666666667,Very High,0.9341666666666667,Very High Transactional,0.6768,Digitally Active,High Engagement,Recently Active,Established Relationship,Stable Spender,0.24999999999999994,Low Response,0.6117183333333334,Moderate Cross-Sell Opportunity,0.3643333333333334,Moderate Risk,0.4384333333333333,Ready,0.5454654999999999,Priority 2,Premium High-Value | Premium Relationship Customer | Very High Value | Digitally Active | Very High Transactional | Stable Spender | Established Relationship | Moderate Cross-Sell Opportunity | Moderate Risk | Ready
C000566,1,Core Active,Core Relationship Customer,0.4131666666666667,Medium,0.4508333333333333,Moderate Transactional,0.35860000000000003,Moderate Digital,High Engagement,Active,Developing Relationship,Growing Spender,0.0875,Unresponsive,0.4494616666666667,Low Cross-Sell Opportunity,0.4686666666666667,Moderate Risk,0.23211999999999994,Needs Nurturing,0.3254768333333333,Priority 3,Core Active | Core Relationship Customer | Medium Value | Moderate Digital | Moderate Transactional | Growing Spender | Developing Relationship | Low Cross-Sell Opportunity | Moderate Risk | Needs Nurturing
C000567,1,Core Active,Core Relationship Customer,0.5246666666666666,Medium,0.40708333333333335,Moderate Transactional,0.5526,Digitally Active,High Engagement,Active,Established Relationship,Stable Spender,0.6599999999999999,Highly Responsive,0.45306166666666664,Moderate Cross-Sell Opportunity,0.5227916666666667,Moderate Risk,0.3584,Needs Nurturing,0.4839393333333333,Priority 3,Core Active | Core Relationship Customer | Medium Value | Digitally Active | Moderate Transactional | Stable Spender | Established Relationship | Moderate Cross-Sell Opportunity | Moderate Risk | Needs Nurturing
C000568,1,Core Active,Core Relationship Customer,0.6809166666666667,High,0.45541666666666664,Moderate Transactional,0.371,Moderate Digital,High Engagement,Active,Established Relationship,Stable Spender,0.049999999999999975,Unresponsive,0.4696333333333333,Moderate Cross-Sell Opportunity,0.6767083333333334,High Risk,0.45689,Ready,0.39957916666666665,Priority 3,Core Active | Core Relationship Customer | High Value | Moderate Digital | Moderate Transactional | Stable Spender | Established Relationship | Moderate Cross-Sell Opportunity | High Risk | Ready
C000569,3,Premium High-Value,Premium Relationship Customer,0.7033333333333334,High,0.8391666666666666,Very High Transactional,0.6524000000000001,Digitally Active,High Engagement,Active,Deep Relationship,Stable Spender,0.36249999999999993,Responsive,0.48233833333333337,Moderate Cross-Sell Opportunity,0.557,High Risk,0.3227,Needs Nurturing,0.4476765,Priority 3,Premium High-Value | Premium Relationship Customer | High Value | Digitally Active | Very High Transactional | Stable Spender | Deep Relationship | Moderate Cross-Sell Opportunity | High Risk | Needs Nurturing
C000570,3,Premium High-Value,Premium Digital Customer,0.9618333333333333,Very High,0.9425000000000001,Very High Transactional,0.7672,Highly Digital,Very High Engagement,Active,Deep Relationship,Stable Spender,0.7124999999999999,Highly Responsive,0.6232650000000001,Moderate Cross-Sell Opportunity,0.22683333333333333,Low Risk,0.60805,Ready,0.7030836666666667,Priority 2,Premium High-Value | Premium Digital Customer | Very High Value | Highly Digital | Very High Transactional | Stable Spender | Deep Relationship | Moderate Cross-Sell Opportunity | Low Risk | Ready
C000571,1,Core Active,Core Relationship Customer,0.2645,Low,0.6025,High Transactional,0.526,Digitally Active,High Engagement,Recently Active,Established Relationship,Stable Spender,0.175,Low Response,0.4459916666666667,Low Cross-Sell Opportunity,0.3041666666666667,Low Risk,0.15014999999999998,Low Readiness,0.31559333333333334,Priority 3,Core Active | Core Relationship Customer | Low Value | Digitally Active | High Transactional | Stable Spender | Established Relationship | Low Cross-Sell Opportunity | Low Risk | Low Readiness
C000572,3,Premium High-Value,Premium Relationship Customer,0.8163333333333331,Very High,0.8033333333333333,Very High Transactional,0.6983999999999999,Digitally Active,High Engagement,Active,Deep Relationship,Stable Spender,0.2333333333333333,Low Response,0.5262216666666666,Moderate Cross-Sell Opportunity,0.3668333333333333,Moderate Risk,0.25736666666666663,Needs Nurturing,0.4546414999999999,Priority 3,Premium High-Value | Premium Relationship Customer | Very High Value | Digitally Active | Very High Transactional | Stable Spender | Deep Relationship | Moderate Cross-Sell Opportunity | Moderate Risk | Needs Nurturing
C000573,3,Premium High-Value,Premium Digital Customer,0.8196666666666667,Very High,0.8858333333333333,Very High Transactional,0.8112,Highly Digital,Very High Engagement,Recently Active,Deep Relationship,Stable Spender,0.27499999999999997,Low Response,0.6410983333333333,Moderate Cross-Sell Opportunity,0.07958333333333334,Low Risk,0.2338,Needs Nurturing,0.5207711666666667,Priority 2,Premium High-Value | Premium Digital Customer | Very High Value | Highly Digital | Very High Transactional | Stable Spender | Deep Relationship | Moderate Cross-Sell Opportunity | Low Risk | Needs Nurturing
C000574,3,Premium High-Value,Premium Relationship Customer,0.96225,Very High,0.9720833333333334,Very High Transactional,0.6478,Digitally Active,Very High Engagement,Active,Deep Relationship,Stable Spender,0.7249999999999999,Highly Responsive,0.5738933333333334,Moderate Cross-Sell Opportunity,0.33729166666666666,Low Risk,0.4512666666666666,Ready,0.640593,Priority 2,Premium High-Value | Premium Relationship Customer | Very High Value | Digitally Active | Very High Transactional | Stable Spender | Deep Relationship | Moderate Cross-Sell Opportunity | Low Risk | Ready
C000575,1,Core Active,Core Relationship Customer,0.5405833333333333,Medium,0.3745833333333334,Moderate Transactional,0.5588,Digitally Active,Moderate Engagement,Active,Established Relationship,Declining Spender,0.0,Unresponsive,0.46792666666666666,Moderate Cross-Sell Opportunity,0.7469583333333334,High Risk,0.12506666666666663,Low Readiness,0.27803633333333333,Priority 4,Core Active | Core Relationship Customer | Medium Value | Digitally Active | Moderate Transactional | Declining Spender | Established Relationship | Moderate Cross-Sell Opportunity | High Risk | Low Readiness
C000576,3,Premium High-Value,Premium Relationship Customer,0.7763333333333333,High,0.8058333333333334,Very High Transactional,0.5938,Digitally Active,High Engagement,Active,Established Relationship,Growing Spender,0.5583333333333333,Responsive,0.537135,Moderate Cross-Sell Opportunity,0.3101666666666667,Low Risk,0.6269,Ready,0.6149654999999999,Priority 2,Premium High-Value | Premium Relationship Customer | High Value | Digitally Active | Very High Transactional | Growing Spender | Established Relationship | Moderate Cross-Sell Opportunity | Low Risk | Ready
C000577,1,Core Active,Core Digital Customer,0.57325,Medium,0.6229166666666667,High Transactional,0.781,Highly Digital,Very High Engagement,Recently Active,Developing Relationship,Declining Spender,0.38749999999999996,Responsive,0.6576000000000001,Moderate Cross-Sell Opportunity,0.33662500000000006,Low Risk,0.17478999999999995,Low Readiness,0.4708025,Priority 3,Core Active | Core Digital Customer | Medium Value | Highly Digital | High Transactional | Declining Spender | Developing Relationship | Moderate Cross-Sell Opportunity | Low Risk | Low Readiness
C000578,1,Core Active,Core Relationship Customer,0.5365,Medium,0.4158333333333334,Moderate Transactional,0.6166,Digitally Active,High Engagement,Recently Active,Shallow Relationship,Declining Spender,0.0875,Unresponsive,0.661295,Moderate Cross-Sell Opportunity,0.517,Moderate Risk,0.17683749999999998,Low Readiness,0.388872875,Priority 3,Core Active | Core Relationship Customer | Medium Value | Digitally Active | Moderate Transactional | Declining Spender | Shallow Relationship | Moderate Cross-Sell Opportunity | Moderate Risk | Low Readiness
C000579,3,Premium High-Value,Premium Digital Customer,0.8146666666666667,Very High,0.8258333333333333,Very High Transactional,0.7123999999999999,Highly Digital,Very High Engagement,Active,Established Relationship,Declining Spender,0.3833333333333333,Responsive,0.563405,Moderate Cross-Sell Opportunity,0.5046666666666667,Moderate Risk,0.338975,Needs Nurturing,0.50216525,Priority 2,Premium High-Value | Premium Digital Customer | Very High Value | Highly Digital | Very High Transactional | Declining Spender | Established Relationship | Moderate Cross-Sell Opportunity | Moderate Risk | Needs Nurturing
C000580,1,Core Active,Core Cross-Sell Opportunity,0.7454166666666666,High,0.6829166666666666,High Transactional,0.46599999999999997,Digitally Active,High Engagement,Recently Active,Shallow Relationship,Declining Spender,0.26249999999999996,Low Response,0.7134833333333335,High Cross-Sell Opportunity,0.32829166666666665,Low Risk,0.27221249999999997,Needs Nurturing,0.5135814583333334,Priority 2,Core Active | Core Cross-Sell Opportunity | High Value | Digitally Active | High Transactional | Declining Spender | Shallow Relationship | High Cross-Sell Opportunity | Low Risk | Needs Nurturing
C000581,3,Premium High-Value,Premium Relationship Customer,0.7465,High,0.675,High Transactional,0.6876,Digitally Active,Very High Engagement,Recently Active,Established Relationship,Stable Spender,0.42499999999999993,Responsive,0.5882116666666667,Moderate Cross-Sell Opportunity,0.22958333333333333,Low Risk,0.16484999999999997,Low Readiness,0.4916926666666666,Priority 3,Premium High-Value | Premium Relationship Customer | High Value | Digitally Active | High Transactional | Stable Spender | Established Relationship | Moderate Cross-Sell Opportunity | Low Risk | Low Readiness
C000582,0,Dormant / Declining,Dormant Reactivation Target,0.747,High,0.42166666666666663,Moderate Transactional,0.278,Moderate Digital,Low Engagement,Dormant,Shallow Relationship,Stable Spender,0.0,Unresponsive,0.539675,Moderate Cross-Sell Opportunity,0.9346666666666668,Critical Risk,0.44877,Ready,0.3926783333333333,Priority 3,Dormant / Declining | Dormant Reactivation Target | High Value | Moderate Digital | Moderate Transactional | Stable Spender | Shallow Relationship | Moderate Cross-Sell Opportunity | Critical Risk | Ready
C000583,3,Premium High-Value,Premium Digital Customer,0.8026666666666666,Very High,0.9658333333333333,Very High Transactional,0.7061999999999999,Highly Digital,Very High Engagement,Recently Active,Established Relationship,Stable Spender,0.475,Responsive,0.6268149999999999,Moderate Cross-Sell Opportunity,0.09441666666666665,Low Risk,0.49748000000000003,Ready,0.6183728333333334,Priority 2,Premium High-Value | Premium Digital Customer | Very High Value | Highly Digital | Very High Transactional | Stable Spender | Established Relationship | Moderate Cross-Sell Opportunity | Low Risk | Ready
C000584,1,Core Active,Core Relationship Customer,0.33775,Low,0.5058333333333334,High Transactional,0.5708,Digitally Active,Moderate Engagement,Active,Shallow Relationship,Declining Spender,0.35,Responsive,0.5129933333333333,Moderate Cross-Sell Opportunity,0.7245,High Risk,0.1316,Low Readiness,0.3350105,Priority 3,Core Active | Core Relationship Customer | Low Value | Digitally Active | High Transactional | Declining Spender | Shallow Relationship | Moderate Cross-Sell Opportunity | High Risk | Low Readiness
C000585,3,Premium High-Value,Premium Relationship Customer,0.7103333333333333,High,0.81,Very High Transactional,0.5848,Digitally Active,High Engagement,Recently Active,Developing Relationship,Stable Spender,0.2333333333333333,Low Response,0.6590516666666667,Moderate Cross-Sell Opportunity,0.12200000000000001,Low Risk,0.35691249999999997,Needs Nurturing,0.5279602916666667,Priority 2,Premium High-Value | Premium Relationship Customer | High Value | Digitally Active | Very High Transactional | Stable Spender | Developing Relationship | Moderate Cross-Sell Opportunity | Low Risk | Needs Nurturing
C000586,1,Core Active,Core Digital Customer,0.4279166666666666,Medium,0.32375000000000004,Moderate Transactional,0.7106000000000001,Highly Digital,High Engagement,Active,Shallow Relationship,Growing Spender,0.8599999999999999,Highly Responsive,0.6182033333333333,Moderate Cross-Sell Opportunity,0.46479166666666666,Moderate Risk,0.19740000000000002,Low Readiness,0.5245193333333333,Priority 2,Core Active | Core Digital Customer | Medium Value | Highly Digital | Moderate Transactional | Growing Spender | Shallow Relationship | Moderate Cross-Sell Opportunity | Moderate Risk | Low Readiness
C000587,3,Premium High-Value,Premium Digital Customer,0.79325,High,0.8879166666666667,Very High Transactional,0.7248,Highly Digital,High Engagement,Recently Active,Developing Relationship,Stable Spender,0.6375,Highly Responsive,0.7086600000000001,High Cross-Sell Opportunity,0.267125,Low Risk,0.31371666666666664,Needs Nurturing,0.6108021666666666,Priority 2,Premium High-Value | Premium Digital Customer | High Value | Highly Digital | Very High Transactional | Stable Spender | Developing Relationship | High Cross-Sell Opportunity | Low Risk | Needs Nurturing
C000588,1,Core Active,Core Relationship Customer,0.42183333333333334,Medium,0.4329166666666667,Moderate Transactional,0.40199999999999997,Moderate Digital,Moderate Engagement,Recently Active,Developing Relationship,Growing Spender,0.06999999999999999,Unresponsive,0.500375,Moderate Cross-Sell Opportunity,0.31845833333333334,Low Risk,0.2788333333333333,Needs Nurturing,0.36525,Priority 3,Core Active | Core Relationship Customer | Medium Value | Moderate Digital | Moderate Transactional | Growing Spender | Developing Relationship | Moderate Cross-Sell Opportunity | Low Risk | Needs Nurturing
C000589,0,Dormant / Declining,Dormant Reactivation Target,0.21425,Low,0.1175,Low Transactional,0.3086,Moderate Digital,Moderate Engagement,Dormant,Developing Relationship,Declining Spender,0.7083333333333333,Highly Responsive,0.3176366666666667,Low Cross-Sell Opportunity,0.9606666666666668,Critical Risk,0.09677499999999996,Low Readiness,0.29722224999999997,Priority 4,Dormant / Declining | Dormant Reactivation Target | Low Value | Moderate Digital | Low Transactional | Declining Spender | Developing Relationship | Low Cross-Sell Opportunity | Critical Risk | Low Readiness
C000590,1,Core Active,Core Relationship Customer,0.16391666666666665,Low,0.3295833333333333,Moderate Transactional,0.6104,Digitally Active,Moderate Engagement,Recently Active,Shallow Relationship,Stable Spender,0.7083333333333333,Highly Responsive,0.5133133333333334,Moderate Cross-Sell Opportunity,0.565625,High Risk,0.11681249999999999,Low Readiness,0.3928887916666667,Priority 3,Core Active | Core Relationship Customer | Low Value | Digitally Active | Moderate Transactional | Stable Spender | Shallow Relationship | Moderate Cross-Sell Opportunity | High Risk | Low Readiness
C000591,1,Core Active,Core Digital Customer,0.11716666666666668,Low,0.17375,Low Transactional,0.7674000000000001,Highly Digital,High Engagement,Active,Developing Relationship,Stable Spender,0.665,Highly Responsive,0.45315500000000003,Moderate Cross-Sell Opportunity,0.5312916666666667,Moderate Risk,0.55126,Ready,0.4712073333333333,Priority 3,Core Active | Core Digital Customer | Low Value | Highly Digital | Low Transactional | Stable Spender | Developing Relationship | Moderate Cross-Sell Opportunity | Moderate Risk | Ready
C000592,1,Core Active,Core Relationship Customer,0.40525,Medium,0.51375,High Transactional,0.4908,Digitally Active,Moderate Engagement,Recently Active,Developing Relationship,Growing Spender,0.11666666666666665,Unresponsive,0.5205766666666667,Moderate Cross-Sell Opportunity,0.32295833333333335,Low Risk,0.32392499999999996,Needs Nurturing,0.38897925,Priority 3,Core Active | Core Relationship Customer | Medium Value | Digitally Active | High Transactional | Growing Spender | Developing Relationship | Moderate Cross-Sell Opportunity | Low Risk | Needs Nurturing
C000593,1,Core Active,Core Digital Customer,0.2855833333333333,Low,0.17458333333333334,Low Transactional,0.7492,Highly Digital,Moderate Engagement,Recently Active,Shallow Relationship,Stable Spender,0.3833333333333333,Responsive,0.6101233333333334,Moderate Cross-Sell Opportunity,0.5132916666666667,Moderate Risk,0.45160999999999996,Ready,0.4641145,Priority 3,Core Active | Core Digital Customer | Low Value | Highly Digital | Low Transactional | Stable Spender | Shallow Relationship | Moderate Cross-Sell Opportunity | Moderate Risk | Ready
C000594,3,Premium High-Value,Premium Digital Customer,0.8334166666666667,Very High,0.9420833333333334,Very High Transactional,0.9312,Highly Digital,Very High Engagement,Recently Active,Deep Relationship,Stable Spender,0.6191666666666668,Highly Responsive,0.64534,Moderate Cross-Sell Opportunity,0.2939583333333333,Low Risk,0.5680375,Ready,0.6550613750000001,Priority 2,Premium High-Value | Premium Digital Customer | Very High Value | Highly Digital | Very High Transactional | Stable Spender | Deep Relationship | Moderate Cross-Sell Opportunity | Low Risk | Ready
C000595,3,Premium High-Value,Premium Relationship Customer,0.7125,High,0.5725,High Transactional,0.541,Digitally Active,High Engagement,At Risk,Deep Relationship,Stable Spender,0.24999999999999994,Low Response,0.43329166666666663,Low Cross-Sell Opportunity,0.5824166666666667,High Risk,0.5209699999999999,Ready,0.4588633333333333,Priority 3,Premium High-Value | Premium Relationship Customer | High Value | Digitally Active | High Transactional | Stable Spender | Deep Relationship | Low Cross-Sell Opportunity | High Risk | Ready
C000596,3,Premium High-Value,Premium Digital Customer,0.5824999999999999,Medium,0.6833333333333332,High Transactional,0.8768,Highly Digital,High Engagement,Active,Established Relationship,Stable Spender,0.38749999999999996,Responsive,0.5272016666666667,Moderate Cross-Sell Opportunity,0.40641666666666665,Moderate Risk,0.591325,Ready,0.5302250833333333,Priority 2,Premium High-Value | Premium Digital Customer | Medium Value | Highly Digital | High Transactional | Stable Spender | Established Relationship | Moderate Cross-Sell Opportunity | Moderate Risk | Ready
C000597,1,Core Active,Core Relationship Customer,0.3134166666666667,Low,0.17125,Low Transactional,0.44079999999999997,Moderate Digital,Moderate Engagement,Recently Active,Developing Relationship,Stable Spender,0.09999999999999999,Unresponsive,0.46031,Moderate Cross-Sell Opportunity,0.4532916666666667,Moderate Risk,0.2123333333333333,Needs Nurturing,0.31285966666666665,Priority 3,Core Active | Core Relationship Customer | Low Value | Moderate Digital | Low Transactional | Stable Spender | Developing Relationship | Moderate Cross-Sell Opportunity | Moderate Risk | Needs Nurturing
C000598,1,Core Active,Core Digital Customer,0.15025,Low,0.14833333333333334,Low Transactional,0.7612000000000001,Highly Digital,High Engagement,Recently Active,Shallow Relationship,Stable Spender,0.39999999999999997,Responsive,0.5562233333333333,Moderate Cross-Sell Opportunity,0.5980833333333333,High Risk,0.31794,Needs Nurturing,0.38908116666666664,Priority 3,Core Active | Core Digital Customer | Low Value | Highly Digital | Low Transactional | Stable Spender | Shallow Relationship | Moderate Cross-Sell Opportunity | High Risk | Needs Nurturing
C000599,1,Core Active,Core Relationship Customer,0.35541666666666666,Medium,0.46708333333333335,Moderate Transactional,0.3706,Moderate Digital,High Engagement,Active,Shallow Relationship,Stable Spender,0.175,Low Response,0.5198866666666667,Moderate Cross-Sell Opportunity,0.6084583333333334,High Risk,0.57685,Ready,0.42764516666666663,Priority 3,Core Active | Core Relationship Customer | Medium Value | Moderate Digital | Moderate Transactional | Stable Spender | Shallow Relationship | Moderate Cross-Sell Opportunity | High Risk | Ready
C000600,3,Premium High-Value,Premium Relationship Customer,0.8289166666666666,Very High,0.9445833333333333,Very High Transactional,0.6232,Digitally Active,Very High Engagement,Active,Deep Relationship,Stable Spender,0.6599999999999999,Highly Responsive,0.5549066666666667,Moderate Cross-Sell Opportunity,0.4003749999999999,Moderate Risk,0.3397333333333333,Needs Nurturing,0.5677053333333333,Priority 2,Premium High-Value | Premium Relationship Customer | Very High Value | Digitally Active | Very High Transactional | Stable Spender | Deep Relationship | Moderate Cross-Sell Opportunity | Moderate Risk | Needs Nurturing
