customer_id,campaign_id,interaction_date,channel,opened,clicked,converted
C000001,CAMP007,2026-06-04,Email,1,1,1
C000001,CAMP004,2026-05-16,Email,1,0,0
C000001,CAMP002,2026-07-22,Email,0,0,0
C000001,CAMP001,2026-07-23,Email,1,0,0
C000001,CAMP006,2026-05-26,Mobile App,0,0,0
C000001,CAMP005,2026-08-11,Mobile App,1,1,0
C000002,CAMP005,2026-04-14,Email,0,0,0
C000002,CAMP002,2026-05-08,Email,1,0,0
C000002,CAMP003,2026-08-22,Email,0,0,0
C000002,CAMP001,2026-05-16,Email,0,0,0
C000003,CAMP002,2026-04-05,Mobile App,1,1,0
C000003,CAMP004,2026-07-08,Email,1,0,0
C000003,CAMP003,2026-05-18,Mobile App,1,0,0
C000003,CAMP006,2026-05-09,Mobile App,1,0,0
C000003,CAMP008,2026-06-13,Mobile App,1,0,0
C000003,CAMP005,2026-07-22,Mobile App,0,0,0
C000003,CAMP001,2026-06-09,Email,0,0,0
C000004,CAMP008,2026-04-20,Mobile App,0,0,0
C000004,CAMP003,2026-07-03,Mobile App,1,0,0
C000004,CAMP007,2026-07-28,Email,1,0,0
C000004,CAMP006,2026-04-22,Email,1,1,0
C000004,CAMP001,2026-04-29,Email,0,0,0
C000005,CAMP002,2026-06-21,Email,1,0,0
C000005,CAMP008,2026-05-09,Mobile App,1,1,0
C000005,CAMP006,2026-06-28,Email,0,0,0
C000005,CAMP007,2026-04-23,Mobile App,0,0,0
C000006,CAMP001,2026-05-06,Mobile App,1,0,0
C000006,CAMP006,2026-07-18,Email,1,0,0
C000006,CAMP003,2026-04-14,Email,0,0,0
C000006,CAMP002,2026-08-22,Mobile App,1,0,0
C000006,CAMP005,2026-06-11,Email,1,0,0
C000006,CAMP007,2026-08-05,Email,0,0,0
C000007,CAMP002,2026-07-12,Email,1,0,0
C000007,CAMP004,2026-06-30,Email,0,0,0
C000007,CAMP001,2026-08-24,Email,1,1,1
C000008,CAMP006,2026-06-30,Email,0,0,0
C000008,CAMP002,2026-07-07,Mobile App,1,0,0
C000008,CAMP001,2026-07-17,Email,1,0,0
C000008,CAMP008,2026-07-10,Mobile App,0,0,0
C000008,CAMP003,2026-04-14,Mobile App,0,0,0
C000008,CAMP007,2026-08-11,Email,0,0,0
C000008,CAMP004,2026-06-14,Email,0,0,0
C000009,CAMP004,2026-04-16,Email,0,0,0
C000009,CAMP007,2026-06-29,Mobile App,0,0,0
C000009,CAMP002,2026-06-18,Mobile App,1,0,0
C000009,CAMP003,2026-05-29,Mobile App,1,0,0
C000009,CAMP008,2026-04-06,Email,1,1,0
C000009,CAMP006,2026-06-23,Email,1,0,0
C000010,CAMP006,2026-05-07,Email,0,0,0
C000010,CAMP002,2026-05-16,Mobile App,0,0,0
C000010,CAMP001,2026-06-01,Mobile App,0,0,0
C000011,CAMP004,2026-04-20,Email,0,0,0
C000011,CAMP003,2026-04-21,Email,0,0,0
C000011,CAMP005,2026-05-26,Mobile App,1,0,0
C000011,CAMP006,2026-04-13,Mobile App,1,1,1
C000011,CAMP002,2026-08-14,Email,1,1,0
C000011,CAMP007,2026-06-22,Email,1,0,0
C000012,CAMP007,2026-06-12,Email,0,0,0
C000012,CAMP003,2026-06-06,Email,0,0,0
C000012,CAMP008,2026-06-02,Email,0,0,0
C000012,CAMP001,2026-05-24,Email,0,0,0
C000012,CAMP002,2026-05-27,Mobile App,1,0,0
C000013,CAMP002,2026-05-13,Email,0,0,0
C000013,CAMP003,2026-04-10,Email,1,0,0
C000013,CAMP005,2026-07-24,Email,1,0,0
C000013,CAMP008,2026-07-04,Email,1,0,0
C000013,CAMP001,2026-05-08,Mobile App,1,0,0
C000013,CAMP004,2026-08-24,Mobile App,1,0,0
C000014,CAMP005,2026-07-07,Mobile App,1,1,0
C000014,CAMP008,2026-08-14,Email,1,0,0
C000014,CAMP004,2026-06-15,Mobile App,1,1,0
C000015,CAMP002,2026-06-03,Mobile App,1,1,0
C000015,CAMP001,2026-05-19,Email,0,0,0
C000015,CAMP005,2026-07-10,Mobile App,0,0,0
C000015,CAMP007,2026-06-27,Mobile App,1,1,0
C000015,CAMP008,2026-07-28,Mobile App,0,0,0
C000015,CAMP006,2026-05-09,Email,1,1,0
C000015,CAMP004,2026-08-12,Mobile App,0,0,0
C000016,CAMP006,2026-06-30,Mobile App,0,0,0
C000016,CAMP005,2026-05-25,Mobile App,0,0,0
C000016,CAMP008,2026-04-03,Email,0,0,0
C000016,CAMP007,2026-07-09,Email,1,0,0
C000016,CAMP004,2026-05-16,Email,0,0,0
C000017,CAMP007,2026-04-09,Mobile App,0,0,0
C000017,CAMP008,2026-06-30,Email,0,0,0
C000017,CAMP003,2026-05-04,Mobile App,0,0,0
C000017,CAMP006,2026-08-22,Email,0,0,0
C000018,CAMP003,2026-04-28,Email,0,0,0
C000018,CAMP006,2026-04-06,Mobile App,0,0,0
C000018,CAMP008,2026-06-01,Mobile App,1,1,0
C000018,CAMP001,2026-06-18,Mobile App,0,0,0
C000019,CAMP007,2026-05-01,Mobile App,0,0,0
C000019,CAMP008,2026-05-28,Email,0,0,0
C000019,CAMP005,2026-05-23,Mobile App,1,1,0
C000019,CAMP003,2026-05-20,Mobile App,1,1,0
C000020,CAMP004,2026-05-24,Email,1,1,0
C000020,CAMP006,2026-05-03,Email,1,1,1
C000020,CAMP002,2026-06-15,Email,1,1,0
C000020,CAMP007,2026-08-15,Email,0,0,0
C000021,CAMP002,2026-07-28,Email,1,0,0
C000021,CAMP005,2026-04-26,Email,0,0,0
C000021,CAMP001,2026-04-29,Email,1,0,0
C000021,CAMP008,2026-08-16,Mobile App,0,0,0
C000021,CAMP007,2026-08-14,Email,1,0,0
C000021,CAMP006,2026-05-20,Email,0,0,0
C000022,CAMP002,2026-07-10,Email,1,0,0
C000022,CAMP008,2026-05-18,Mobile App,0,0,0
C000022,CAMP007,2026-05-18,Mobile App,0,0,0
C000022,CAMP005,2026-05-11,Email,0,0,0
C000022,CAMP001,2026-06-01,Email,0,0,0
C000022,CAMP003,2026-04-19,Email,1,0,0
C000023,CAMP005,2026-04-19,Mobile App,1,1,0
C000023,CAMP002,2026-08-07,Mobile App,0,0,0
C000023,CAMP004,2026-08-21,Mobile App,0,0,0
C000023,CAMP007,2026-08-09,Email,1,1,0
C000023,CAMP001,2026-08-23,Email,0,0,0
C000024,CAMP002,2026-04-10,Mobile App,0,0,0
C000024,CAMP005,2026-04-17,Email,1,0,0
C000024,CAMP007,2026-07-30,Email,1,1,0
C000024,CAMP003,2026-08-01,Mobile App,0,0,0
C000024,CAMP004,2026-04-20,Mobile App,1,0,0
C000025,CAMP005,2026-07-17,Email,0,0,0
C000025,CAMP004,2026-05-11,Email,0,0,0
C000025,CAMP006,2026-07-07,Mobile App,0,0,0
C000025,CAMP007,2026-07-27,Mobile App,0,0,0
C000025,CAMP002,2026-05-30,Mobile App,0,0,0
C000025,CAMP003,2026-06-14,Mobile App,0,0,0
C000026,CAMP005,2026-08-14,Mobile App,1,1,1
C000026,CAMP006,2026-07-09,Email,1,1,1
C000026,CAMP002,2026-04-27,Mobile App,1,0,0
C000026,CAMP003,2026-06-21,Mobile App,1,1,0
C000026,CAMP008,2026-08-07,Mobile App,1,1,0
C000026,CAMP004,2026-07-14,Mobile App,1,1,1
C000026,CAMP001,2026-05-19,Mobile App,1,0,0
C000027,CAMP005,2026-08-02,Mobile App,0,0,0
C000027,CAMP001,2026-07-09,Mobile App,0,0,0
C000027,CAMP006,2026-04-30,Email,0,0,0
C000027,CAMP007,2026-08-19,Mobile App,0,0,0
C000028,CAMP008,2026-07-19,Mobile App,1,1,0
C000028,CAMP005,2026-07-30,Email,1,0,0
C000028,CAMP002,2026-06-19,Mobile App,0,0,0
C000028,CAMP004,2026-07-13,Mobile App,0,0,0
C000028,CAMP001,2026-08-14,Mobile App,1,1,1
C000028,CAMP007,2026-06-18,Email,0,0,0
C000028,CAMP006,2026-06-07,Mobile App,0,0,0
C000029,CAMP008,2026-07-19,Email,0,0,0
C000029,CAMP004,2026-08-14,Email,1,0,0
C000029,CAMP002,2026-07-09,Mobile App,0,0,0
C000029,CAMP007,2026-06-16,Mobile App,0,0,0
C000029,CAMP005,2026-04-22,Mobile App,1,0,0
C000029,CAMP001,2026-04-21,Email,1,0,0
C000030,CAMP005,2026-06-09,Mobile App,1,0,0
C000030,CAMP001,2026-06-07,Mobile App,0,0,0
C000030,CAMP002,2026-05-31,Mobile App,0,0,0
C000030,CAMP004,2026-08-01,Email,0,0,0
C000030,CAMP003,2026-04-20,Email,0,0,0
C000031,CAMP003,2026-05-18,Mobile App,0,0,0
C000031,CAMP005,2026-04-08,Mobile App,1,0,0
C000031,CAMP004,2026-08-11,Email,1,0,0
C000032,CAMP003,2026-06-18,Mobile App,0,0,0
C000032,CAMP006,2026-05-12,Mobile App,0,0,0
C000032,CAMP005,2026-08-01,Email,1,0,0
C000032,CAMP008,2026-05-30,Mobile App,1,1,0
C000033,CAMP004,2026-04-22,Email,0,0,0
C000033,CAMP003,2026-06-27,Mobile App,0,0,0
C000033,CAMP007,2026-08-20,Mobile App,0,0,0
C000034,CAMP007,2026-08-22,Email,1,0,0
C000034,CAMP008,2026-07-18,Mobile App,0,0,0
C000034,CAMP006,2026-04-25,Mobile App,1,0,0
C000035,CAMP004,2026-07-31,Email,1,0,0
C000035,CAMP001,2026-07-19,Email,0,0,0
C000035,CAMP006,2026-08-16,Mobile App,1,0,0
C000035,CAMP008,2026-05-01,Mobile App,0,0,0
C000035,CAMP007,2026-04-20,Email,0,0,0
C000035,CAMP005,2026-04-13,Email,0,0,0
C000036,CAMP004,2026-07-31,Email,0,0,0
C000036,CAMP001,2026-05-06,Mobile App,0,0,0
C000036,CAMP008,2026-04-06,Email,0,0,0
C000036,CAMP007,2026-08-07,Mobile App,1,0,0
C000036,CAMP003,2026-06-18,Mobile App,0,0,0
C000037,CAMP007,2026-04-11,Mobile App,1,1,0
C000037,CAMP002,2026-05-20,Email,1,0,0
C000037,CAMP006,2026-05-02,Mobile App,1,0,0
C000037,CAMP003,2026-04-28,Email,0,0,0
C000037,CAMP005,2026-05-12,Mobile App,1,1,1
C000037,CAMP004,2026-06-21,Mobile App,0,0,0
C000038,CAMP006,2026-08-21,Mobile App,0,0,0
C000038,CAMP002,2026-07-12,Email,1,1,1
C000038,CAMP005,2026-05-18,Email,0,0,0
C000038,CAMP003,2026-08-24,Mobile App,0,0,0
C000039,CAMP002,2026-08-13,Email,1,0,0
C000039,CAMP008,2026-04-20,Email,1,1,0
C000039,CAMP007,2026-05-16,Mobile App,0,0,0
C000039,CAMP006,2026-06-23,Email,0,0,0
C000040,CAMP001,2026-05-15,Mobile App,0,0,0
C000040,CAMP008,2026-04-03,Mobile App,0,0,0
C000040,CAMP003,2026-07-02,Email,1,1,0
C000040,CAMP002,2026-07-26,Email,0,0,0
C000040,CAMP005,2026-05-13,Mobile App,0,0,0
C000040,CAMP004,2026-06-11,Mobile App,0,0,0
C000041,CAMP008,2026-05-15,Email,0,0,0
C000041,CAMP007,2026-04-18,Mobile App,0,0,0
C000041,CAMP003,2026-06-25,Email,0,0,0
C000042,CAMP006,2026-05-19,Mobile App,0,0,0
C000042,CAMP007,2026-07-01,Email,1,0,0
C000042,CAMP002,2026-06-17,Mobile App,0,0,0
C000042,CAMP005,2026-06-01,Email,1,0,0
C000042,CAMP004,2026-07-03,Email,0,0,0
C000042,CAMP003,2026-04-14,Email,1,0,0
C000043,CAMP005,2026-08-11,Email,1,0,0
C000043,CAMP001,2026-04-29,Email,1,0,0
C000043,CAMP007,2026-08-18,Email,1,0,0
C000043,CAMP006,2026-05-11,Email,0,0,0
C000044,CAMP001,2026-05-12,Email,1,1,0
C000044,CAMP007,2026-08-19,Mobile App,1,1,0
C000044,CAMP004,2026-07-01,Mobile App,1,0,0
C000044,CAMP006,2026-04-03,Mobile App,1,1,1
C000044,CAMP003,2026-07-05,Mobile App,0,0,0
C000044,CAMP002,2026-07-02,Mobile App,1,0,0
C000044,CAMP008,2026-07-21,Mobile App,1,1,1
C000045,CAMP004,2026-07-25,Email,1,1,0
C000045,CAMP002,2026-05-04,Mobile App,1,0,0
C000045,CAMP006,2026-08-20,Email,0,0,0
C000045,CAMP003,2026-06-02,Mobile App,1,1,0
C000045,CAMP008,2026-07-21,Email,0,0,0
C000046,CAMP005,2026-05-12,Email,1,0,0
C000046,CAMP007,2026-06-23,Mobile App,1,1,0
C000046,CAMP003,2026-04-17,Mobile App,1,0,0
C000046,CAMP001,2026-07-02,Email,1,1,1
C000046,CAMP006,2026-05-02,Email,1,1,0
C000046,CAMP008,2026-05-30,Email,0,0,0
C000046,CAMP004,2026-08-10,Email,1,0,0
C000047,CAMP004,2026-04-16,Email,0,0,0
C000047,CAMP007,2026-08-14,Email,0,0,0
C000047,CAMP005,2026-06-07,Email,0,0,0
C000047,CAMP002,2026-05-30,Email,0,0,0
C000047,CAMP001,2026-08-16,Email,1,1,1
C000047,CAMP008,2026-05-26,Email,1,0,0
C000048,CAMP005,2026-08-14,Email,1,0,0
C000048,CAMP004,2026-05-03,Email,1,1,0
C000048,CAMP002,2026-06-16,Mobile App,1,1,0
C000048,CAMP003,2026-04-05,Mobile App,1,1,0
C000048,CAMP008,2026-04-04,Email,1,1,0
C000049,CAMP007,2026-05-07,Email,1,0,0
C000049,CAMP006,2026-05-08,Email,1,0,0
C000049,CAMP008,2026-06-15,Email,1,0,0
C000049,CAMP004,2026-05-06,Email,1,0,0
C000049,CAMP003,2026-08-10,Email,0,0,0
C000049,CAMP002,2026-04-20,Email,0,0,0
C000049,CAMP005,2026-07-20,Email,0,0,0
C000050,CAMP005,2026-04-06,Email,0,0,0
C000050,CAMP007,2026-04-23,Email,0,0,0
C000050,CAMP008,2026-05-31,Email,1,1,0
C000050,CAMP003,2026-07-08,Email,0,0,0
C000050,CAMP004,2026-04-02,Email,0,0,0
C000051,CAMP005,2026-07-23,Mobile App,1,1,0
C000051,CAMP008,2026-07-03,Email,1,0,0
C000051,CAMP003,2026-06-20,Mobile App,1,0,0
C000051,CAMP007,2026-06-05,Email,1,0,0
C000051,CAMP002,2026-04-13,Email,1,0,0
C000051,CAMP004,2026-07-25,Email,0,0,0
C000051,CAMP001,2026-05-05,Mobile App,0,0,0
C000052,CAMP006,2026-04-23,Email,0,0,0
C000052,CAMP005,2026-08-19,Email,0,0,0
C000052,CAMP003,2026-05-22,Email,1,1,0
C000053,CAMP002,2026-05-16,Email,0,0,0
C000053,CAMP006,2026-04-28,Email,0,0,0
C000053,CAMP007,2026-06-11,Mobile App,0,0,0
C000053,CAMP005,2026-06-23,Email,1,1,1
C000053,CAMP001,2026-08-22,Mobile App,0,0,0
C000054,CAMP004,2026-04-08,Mobile App,0,0,0
C000054,CAMP003,2026-08-20,Email,1,0,0
C000054,CAMP002,2026-05-01,Email,1,0,0
C000054,CAMP006,2026-05-14,Email,1,0,0
C000054,CAMP007,2026-04-02,Email,0,0,0
C000055,CAMP006,2026-07-14,Email,1,0,0
C000055,CAMP002,2026-04-22,Email,1,0,0
C000055,CAMP007,2026-06-04,Email,1,1,1
C000055,CAMP001,2026-04-23,Mobile App,0,0,0
C000056,CAMP003,2026-06-08,Mobile App,0,0,0
C000056,CAMP008,2026-07-05,Email,1,0,0
C000056,CAMP001,2026-08-20,Email,1,1,0
C000056,CAMP005,2026-05-08,Mobile App,1,1,0
C000056,CAMP002,2026-04-08,Mobile App,1,1,0
C000057,CAMP003,2026-05-08,Email,0,0,0
C000057,CAMP007,2026-06-30,Mobile App,1,0,0
C000057,CAMP005,2026-07-22,Email,0,0,0
C000057,CAMP002,2026-07-13,Email,0,0,0
C000058,CAMP006,2026-07-01,Email,1,0,0
C000058,CAMP002,2026-04-24,Email,0,0,0
C000058,CAMP005,2026-05-04,Mobile App,0,0,0
C000059,CAMP004,2026-04-23,Email,1,1,0
C000059,CAMP005,2026-04-29,Email,1,1,0
C000059,CAMP007,2026-08-16,Email,1,0,0
C000060,CAMP006,2026-04-06,Mobile App,0,0,0
C000060,CAMP003,2026-04-15,Mobile App,0,0,0
C000060,CAMP004,2026-07-01,Email,1,0,0
C000060,CAMP007,2026-06-05,Mobile App,0,0,0
C000060,CAMP005,2026-05-12,Email,1,1,1
C000061,CAMP001,2026-06-07,Mobile App,1,1,0
C000061,CAMP004,2026-07-01,Email,1,1,0
C000061,CAMP003,2026-05-26,Mobile App,0,0,0
C000061,CAMP002,2026-06-20,Mobile App,1,1,0
C000061,CAMP006,2026-05-25,Mobile App,1,1,0
C000061,CAMP008,2026-04-13,Email,0,0,0
C000061,CAMP005,2026-05-03,Mobile App,1,0,0
C000062,CAMP005,2026-05-28,Mobile App,0,0,0
C000062,CAMP006,2026-07-28,Mobile App,0,0,0
C000062,CAMP003,2026-07-28,Mobile App,1,1,0
C000063,CAMP006,2026-06-21,Email,0,0,0
C000063,CAMP003,2026-04-26,Mobile App,0,0,0
C000063,CAMP001,2026-05-30,Email,0,0,0
C000063,CAMP007,2026-05-22,Mobile App,0,0,0
C000064,CAMP003,2026-08-20,Mobile App,0,0,0
C000064,CAMP002,2026-05-25,Email,1,0,0
C000064,CAMP001,2026-08-09,Email,1,1,1
C000064,CAMP006,2026-06-06,Mobile App,1,0,0
C000064,CAMP004,2026-06-19,Email,1,0,0
C000064,CAMP008,2026-04-11,Email,0,0,0
C000065,CAMP001,2026-07-26,Email,1,0,0
C000065,CAMP003,2026-06-21,Mobile App,1,1,0
C000065,CAMP007,2026-06-20,Email,0,0,0
C000065,CAMP005,2026-05-09,Email,0,0,0
C000066,CAMP004,2026-04-27,Email,1,0,0
C000066,CAMP006,2026-04-24,Email,0,0,0
C000066,CAMP001,2026-04-07,Email,1,0,0
C000066,CAMP008,2026-05-20,Mobile App,1,0,0
C000066,CAMP005,2026-06-23,Email,0,0,0
C000067,CAMP006,2026-08-23,Email,0,0,0
C000067,CAMP002,2026-07-28,Email,0,0,0
C000067,CAMP004,2026-05-14,Email,0,0,0
C000067,CAMP008,2026-04-21,Mobile App,1,0,0
C000067,CAMP005,2026-05-30,Email,1,1,0
C000067,CAMP007,2026-06-07,Mobile App,1,0,0
C000067,CAMP003,2026-07-19,Mobile App,1,1,0
C000068,CAMP006,2026-07-05,Mobile App,0,0,0
C000068,CAMP005,2026-04-19,Mobile App,0,0,0
C000068,CAMP004,2026-05-03,Email,0,0,0
C000068,CAMP008,2026-07-19,Email,1,1,0
C000068,CAMP001,2026-07-19,Email,1,1,1
C000068,CAMP003,2026-04-25,Email,1,1,0
C000069,CAMP001,2026-04-30,Email,1,0,0
C000069,CAMP002,2026-05-06,Email,0,0,0
C000069,CAMP004,2026-04-08,Email,0,0,0
C000069,CAMP007,2026-07-30,Mobile App,1,1,0
C000069,CAMP005,2026-07-19,Email,0,0,0
C000069,CAMP008,2026-06-03,Mobile App,1,0,0
C000070,CAMP004,2026-06-19,Email,1,0,0
C000070,CAMP002,2026-08-09,Email,1,1,0
C000070,CAMP006,2026-05-08,Email,0,0,0
C000070,CAMP007,2026-05-18,Email,0,0,0
C000070,CAMP003,2026-04-05,Mobile App,0,0,0
C000070,CAMP008,2026-07-08,Email,1,0,0
C000071,CAMP003,2026-08-07,Mobile App,1,1,0
C000071,CAMP005,2026-08-20,Email,1,1,0
C000071,CAMP008,2026-04-22,Mobile App,1,1,0
C000072,CAMP003,2026-07-21,Email,0,0,0
C000072,CAMP008,2026-08-12,Mobile App,1,1,1
C000072,CAMP005,2026-04-19,Email,0,0,0
C000073,CAMP005,2026-06-21,Mobile App,1,0,0
C000073,CAMP001,2026-04-21,Email,0,0,0
C000073,CAMP002,2026-07-05,Mobile App,0,0,0
C000073,CAMP003,2026-07-06,Email,0,0,0
C000074,CAMP002,2026-07-04,Email,0,0,0
C000074,CAMP003,2026-06-04,Email,1,1,0
C000074,CAMP006,2026-06-02,Email,1,0,0
C000074,CAMP008,2026-05-11,Email,1,0,0
C000074,CAMP007,2026-05-14,Email,1,1,0
C000075,CAMP006,2026-04-28,Email,0,0,0
C000075,CAMP003,2026-04-16,Email,1,1,0
C000075,CAMP002,2026-04-22,Email,1,1,0
C000075,CAMP007,2026-06-27,Mobile App,0,0,0
C000076,CAMP003,2026-07-06,Email,1,1,1
C000076,CAMP001,2026-08-04,Email,0,0,0
C000076,CAMP002,2026-04-13,Email,1,1,1
C000076,CAMP008,2026-05-19,Email,1,1,1
C000077,CAMP006,2026-06-19,Mobile App,0,0,0
C000077,CAMP005,2026-06-19,Email,1,1,0
C000077,CAMP008,2026-04-26,Email,0,0,0
C000077,CAMP002,2026-07-04,Mobile App,0,0,0
C000077,CAMP003,2026-04-09,Email,1,0,0
C000078,CAMP001,2026-04-10,Mobile App,0,0,0
C000078,CAMP002,2026-04-20,Mobile App,1,0,0
C000078,CAMP003,2026-06-15,Email,1,0,0
C000078,CAMP008,2026-07-10,Email,1,0,0
C000078,CAMP005,2026-07-25,Email,0,0,0
C000078,CAMP004,2026-04-05,Mobile App,1,0,0
C000079,CAMP004,2026-06-20,Mobile App,0,0,0
C000079,CAMP003,2026-07-02,Email,0,0,0
C000079,CAMP005,2026-04-24,Mobile App,0,0,0
C000079,CAMP001,2026-07-30,Email,1,1,1
C000079,CAMP006,2026-04-29,Email,1,0,0
C000080,CAMP004,2026-06-10,Email,1,0,0
C000080,CAMP003,2026-05-10,Mobile App,1,1,1
C000080,CAMP001,2026-05-30,Mobile App,1,1,0
C000080,CAMP007,2026-07-04,Email,0,0,0
C000081,CAMP002,2026-04-23,Mobile App,0,0,0
C000081,CAMP008,2026-04-25,Mobile App,0,0,0
C000081,CAMP005,2026-06-26,Mobile App,0,0,0
C000081,CAMP004,2026-04-24,Email,0,0,0
C000081,CAMP007,2026-05-28,Email,0,0,0
C000082,CAMP005,2026-06-22,Email,1,1,0
C000082,CAMP002,2026-04-26,Email,0,0,0
C000082,CAMP006,2026-04-03,Email,1,0,0
C000082,CAMP003,2026-05-24,Email,1,1,0
C000082,CAMP008,2026-06-25,Mobile App,0,0,0
C000082,CAMP001,2026-05-05,Email,0,0,0
C000083,CAMP004,2026-08-05,Email,1,0,0
C000083,CAMP007,2026-06-21,Mobile App,0,0,0
C000083,CAMP006,2026-07-23,Mobile App,0,0,0
C000083,CAMP002,2026-06-25,Email,1,0,0
C000084,CAMP004,2026-07-30,Email,1,0,0
C000084,CAMP005,2026-07-05,Email,1,0,0
C000084,CAMP001,2026-07-17,Mobile App,0,0,0
C000084,CAMP008,2026-07-22,Email,0,0,0
C000084,CAMP003,2026-04-22,Mobile App,0,0,0
C000084,CAMP007,2026-04-30,Email,0,0,0
C000084,CAMP006,2026-06-26,Email,0,0,0
C000085,CAMP004,2026-04-02,Email,0,0,0
C000085,CAMP003,2026-07-23,Email,0,0,0
C000085,CAMP001,2026-08-05,Mobile App,0,0,0
C000085,CAMP008,2026-07-08,Mobile App,0,0,0
C000085,CAMP005,2026-05-06,Email,1,0,0
C000085,CAMP007,2026-04-06,Email,1,0,0
C000085,CAMP002,2026-06-04,Email,1,0,0
C000086,CAMP003,2026-06-09,Mobile App,0,0,0
C000086,CAMP002,2026-04-20,Mobile App,1,0,0
C000086,CAMP008,2026-07-13,Email,1,0,0
C000086,CAMP004,2026-08-11,Email,0,0,0
C000086,CAMP006,2026-05-26,Email,1,0,0
C000087,CAMP006,2026-05-18,Email,1,0,0
C000087,CAMP008,2026-06-11,Email,1,1,0
C000087,CAMP007,2026-05-05,Mobile App,0,0,0
C000087,CAMP005,2026-08-22,Email,1,0,0
C000087,CAMP001,2026-07-01,Email,1,0,0
C000087,CAMP004,2026-06-07,Mobile App,0,0,0
C000088,CAMP002,2026-07-20,Mobile App,0,0,0
C000088,CAMP006,2026-08-22,Email,0,0,0
C000088,CAMP008,2026-04-11,Email,0,0,0
C000088,CAMP004,2026-05-09,Mobile App,0,0,0
C000088,CAMP001,2026-04-06,Email,0,0,0
C000088,CAMP005,2026-06-26,Email,0,0,0
C000088,CAMP007,2026-06-23,Email,0,0,0
C000089,CAMP004,2026-04-11,Email,1,1,0
C000089,CAMP005,2026-07-12,Mobile App,0,0,0
C000089,CAMP006,2026-07-19,Mobile App,0,0,0
C000089,CAMP007,2026-04-27,Email,0,0,0
C000089,CAMP002,2026-04-20,Email,1,1,0
C000089,CAMP003,2026-06-05,Mobile App,0,0,0
C000089,CAMP001,2026-08-12,Mobile App,1,0,0
C000090,CAMP003,2026-08-14,Mobile App,0,0,0
C000090,CAMP006,2026-06-26,Email,0,0,0
C000090,CAMP007,2026-07-01,Mobile App,0,0,0
C000090,CAMP001,2026-05-05,Mobile App,1,1,0
C000090,CAMP004,2026-07-10,Email,1,0,0
C000090,CAMP008,2026-07-23,Email,1,0,0
C000091,CAMP001,2026-05-18,Mobile App,1,0,0
C000091,CAMP003,2026-05-14,Email,1,1,1
C000091,CAMP002,2026-04-24,Email,1,1,0
C000091,CAMP007,2026-06-10,Mobile App,0,0,0
C000091,CAMP006,2026-04-02,Mobile App,1,0,0
C000092,CAMP002,2026-06-22,Email,0,0,0
C000092,CAMP005,2026-05-11,Mobile App,0,0,0
C000092,CAMP006,2026-07-19,Email,1,0,0
C000093,CAMP007,2026-04-29,Mobile App,0,0,0
C000093,CAMP001,2026-06-17,Mobile App,0,0,0
C000093,CAMP004,2026-05-13,Email,0,0,0
C000093,CAMP006,2026-06-15,Email,1,1,1
C000093,CAMP003,2026-08-14,Mobile App,0,0,0
C000093,CAMP002,2026-08-22,Email,1,0,0
C000093,CAMP005,2026-04-27,Email,0,0,0
C000094,CAMP008,2026-05-26,Mobile App,1,0,0
C000094,CAMP003,2026-08-04,Email,0,0,0
C000094,CAMP007,2026-08-05,Mobile App,1,1,1
C000094,CAMP001,2026-05-29,Email,0,0,0
C000094,CAMP004,2026-05-10,Email,1,1,0
C000094,CAMP006,2026-07-18,Mobile App,0,0,0
C000094,CAMP005,2026-06-06,Email,0,0,0
C000095,CAMP008,2026-08-19,Mobile App,1,1,0
C000095,CAMP005,2026-07-02,Email,0,0,0
C000095,CAMP002,2026-05-31,Email,1,1,0
C000096,CAMP008,2026-04-22,Email,1,1,0
C000096,CAMP001,2026-06-26,Email,0,0,0
C000096,CAMP007,2026-06-16,Email,0,0,0
C000096,CAMP005,2026-06-23,Mobile App,0,0,0
C000097,CAMP001,2026-04-07,Email,1,0,0
C000097,CAMP005,2026-08-22,Email,0,0,0
C000097,CAMP008,2026-06-12,Mobile App,0,0,0
C000097,CAMP007,2026-04-05,Email,0,0,0
C000097,CAMP003,2026-07-09,Mobile App,1,1,1
C000097,CAMP006,2026-06-20,Email,1,0,0
C000097,CAMP002,2026-04-07,Mobile App,0,0,0
C000098,CAMP006,2026-05-21,Mobile App,1,1,1
C000098,CAMP001,2026-07-10,Email,1,0,0
C000098,CAMP005,2026-05-26,Email,1,0,0
C000098,CAMP004,2026-07-22,Email,1,1,0
C000099,CAMP003,2026-04-03,Email,0,0,0
C000099,CAMP002,2026-06-15,Mobile App,0,0,0
C000099,CAMP006,2026-04-07,Email,0,0,0
C000099,CAMP001,2026-08-04,Email,0,0,0
C000099,CAMP004,2026-06-10,Email,0,0,0
C000100,CAMP001,2026-05-02,Mobile App,0,0,0
C000100,CAMP008,2026-08-12,Email,0,0,0
C000100,CAMP002,2026-04-15,Email,0,0,0
C000100,CAMP006,2026-04-26,Email,1,0,0
C000101,CAMP005,2026-04-10,Mobile App,1,1,0
C000101,CAMP001,2026-06-02,Email,0,0,0
C000101,CAMP006,2026-05-07,Mobile App,1,0,0
C000101,CAMP007,2026-08-08,Email,1,1,0
C000102,CAMP006,2026-04-22,Mobile App,1,0,0
C000102,CAMP007,2026-05-08,Email,1,1,0
C000102,CAMP005,2026-07-19,Mobile App,0,0,0
C000102,CAMP004,2026-04-02,Email,0,0,0
C000102,CAMP008,2026-06-10,Email,0,0,0
C000103,CAMP008,2026-04-05,Mobile App,0,0,0
C000103,CAMP002,2026-08-13,Email,0,0,0
C000103,CAMP006,2026-04-12,Mobile App,0,0,0
C000103,CAMP004,2026-07-11,Mobile App,0,0,0
C000103,CAMP001,2026-07-18,Email,1,0,0
C000103,CAMP005,2026-06-14,Mobile App,0,0,0
C000103,CAMP007,2026-07-14,Email,0,0,0
C000104,CAMP008,2026-07-30,Email,1,0,0
C000104,CAMP007,2026-08-05,Email,0,0,0
C000104,CAMP004,2026-07-02,Email,0,0,0
C000104,CAMP002,2026-06-08,Email,0,0,0
C000105,CAMP002,2026-04-10,Email,0,0,0
C000105,CAMP001,2026-05-01,Email,1,0,0
C000105,CAMP003,2026-06-11,Email,1,0,0
C000105,CAMP005,2026-08-12,Mobile App,0,0,0
C000105,CAMP008,2026-06-02,Email,0,0,0
C000105,CAMP007,2026-04-12,Mobile App,0,0,0
C000105,CAMP004,2026-07-29,Email,0,0,0
C000106,CAMP008,2026-07-05,Email,1,0,0
C000106,CAMP006,2026-07-10,Email,0,0,0
C000106,CAMP002,2026-08-08,Mobile App,1,1,0
C000106,CAMP001,2026-06-21,Mobile App,0,0,0
C000107,CAMP003,2026-08-17,Mobile App,0,0,0
C000107,CAMP001,2026-04-14,Mobile App,0,0,0
C000107,CAMP004,2026-04-13,Mobile App,0,0,0
C000107,CAMP008,2026-05-19,Mobile App,1,0,0
C000108,CAMP005,2026-07-09,Email,1,0,0
C000108,CAMP003,2026-05-18,Email,1,1,0
C000108,CAMP006,2026-07-09,Email,1,1,0
C000108,CAMP008,2026-08-11,Email,1,1,0
C000108,CAMP004,2026-04-27,Mobile App,0,0,0
C000108,CAMP001,2026-06-29,Email,0,0,0
C000109,CAMP004,2026-07-03,Email,1,1,1
C000109,CAMP008,2026-04-08,Email,1,0,0
C000109,CAMP006,2026-08-24,Mobile App,0,0,0
C000110,CAMP001,2026-05-11,Email,1,0,0
C000110,CAMP006,2026-08-03,Mobile App,0,0,0
C000110,CAMP008,2026-05-11,Email,0,0,0
C000111,CAMP001,2026-06-06,Email,1,1,1
C000111,CAMP004,2026-04-14,Email,0,0,0
C000111,CAMP008,2026-07-19,Email,0,0,0
C000111,CAMP002,2026-07-30,Mobile App,0,0,0
C000111,CAMP003,2026-04-15,Mobile App,1,0,0
C000111,CAMP007,2026-05-08,Mobile App,1,1,1
C000112,CAMP003,2026-08-06,Email,0,0,0
C000112,CAMP006,2026-08-14,Email,1,0,0
C000112,CAMP002,2026-07-03,Mobile App,0,0,0
C000112,CAMP005,2026-04-17,Mobile App,1,0,0
C000112,CAMP001,2026-07-06,Mobile App,1,0,0
C000112,CAMP008,2026-07-05,Email,1,1,0
C000113,CAMP006,2026-04-05,Mobile App,1,1,0
C000113,CAMP007,2026-04-20,Mobile App,0,0,0
C000113,CAMP008,2026-08-17,Mobile App,0,0,0
C000113,CAMP003,2026-08-09,Mobile App,1,0,0
C000114,CAMP006,2026-08-18,Mobile App,0,0,0
C000114,CAMP005,2026-07-18,Mobile App,0,0,0
C000114,CAMP008,2026-06-22,Email,1,0,0
C000114,CAMP004,2026-05-15,Mobile App,0,0,0
C000114,CAMP003,2026-05-05,Email,1,0,0
C000114,CAMP007,2026-06-30,Email,0,0,0
C000114,CAMP001,2026-07-30,Email,0,0,0
C000115,CAMP008,2026-07-20,Mobile App,0,0,0
C000115,CAMP001,2026-04-18,Email,1,1,0
C000115,CAMP003,2026-08-23,Email,1,1,0
C000116,CAMP008,2026-08-06,Mobile App,1,1,0
C000116,CAMP002,2026-06-27,Mobile App,1,0,0
C000116,CAMP005,2026-07-07,Email,1,0,0
C000117,CAMP004,2026-08-16,Email,0,0,0
C000117,CAMP001,2026-04-15,Mobile App,0,0,0
C000117,CAMP008,2026-05-27,Mobile App,1,0,0
C000117,CAMP003,2026-04-27,Mobile App,1,0,0
C000117,CAMP007,2026-07-18,Email,0,0,0
C000117,CAMP006,2026-06-22,Email,1,0,0
C000117,CAMP002,2026-05-18,Mobile App,1,1,1
C000118,CAMP003,2026-08-24,Email,1,0,0
C000118,CAMP007,2026-04-21,Email,1,0,0
C000118,CAMP005,2026-06-19,Email,1,1,1
C000118,CAMP004,2026-04-08,Email,1,0,0
C000118,CAMP008,2026-06-15,Email,0,0,0
C000118,CAMP002,2026-04-12,Mobile App,0,0,0
C000118,CAMP006,2026-08-16,Mobile App,1,1,0
C000119,CAMP005,2026-08-10,Email,1,0,0
C000119,CAMP001,2026-07-18,Mobile App,1,0,0
C000119,CAMP008,2026-05-02,Email,1,0,0
C000119,CAMP004,2026-07-11,Mobile App,0,0,0
C000119,CAMP003,2026-05-20,Mobile App,0,0,0
C000119,CAMP007,2026-08-22,Email,0,0,0
C000119,CAMP006,2026-04-02,Email,1,0,0
C000120,CAMP002,2026-04-08,Mobile App,0,0,0
C000120,CAMP001,2026-05-20,Mobile App,0,0,0
C000120,CAMP004,2026-05-04,Email,1,1,0
C000121,CAMP003,2026-08-01,Email,0,0,0
C000121,CAMP007,2026-07-02,Mobile App,0,0,0
C000121,CAMP005,2026-08-04,Email,1,0,0
C000121,CAMP002,2026-07-29,Email,0,0,0
C000121,CAMP006,2026-08-22,Email,1,0,0
C000121,CAMP001,2026-05-26,Mobile App,0,0,0
C000122,CAMP007,2026-05-07,Email,1,0,0
C000122,CAMP006,2026-04-15,Mobile App,0,0,0
C000122,CAMP004,2026-04-14,Mobile App,1,0,0
C000122,CAMP001,2026-04-26,Email,1,1,1
C000122,CAMP002,2026-05-03,Email,1,0,0
C000122,CAMP005,2026-08-11,Mobile App,0,0,0
C000122,CAMP008,2026-06-15,Email,1,0,0
C000123,CAMP005,2026-06-04,Mobile App,0,0,0
C000123,CAMP007,2026-08-12,Email,0,0,0
C000123,CAMP002,2026-05-18,Mobile App,0,0,0
C000123,CAMP001,2026-05-10,Email,0,0,0
C000124,CAMP001,2026-07-10,Mobile App,1,0,0
C000124,CAMP005,2026-07-02,Mobile App,1,0,0
C000124,CAMP002,2026-05-26,Mobile App,1,1,1
C000124,CAMP008,2026-04-30,Mobile App,1,1,1
C000125,CAMP008,2026-05-20,Mobile App,1,0,0
C000125,CAMP004,2026-05-01,Email,0,0,0
C000125,CAMP005,2026-05-27,Email,1,0,0
C000125,CAMP006,2026-07-10,Email,0,0,0
C000125,CAMP001,2026-05-19,Mobile App,0,0,0
C000126,CAMP007,2026-07-31,Mobile App,1,0,0
C000126,CAMP003,2026-05-06,Email,0,0,0
C000126,CAMP002,2026-05-15,Mobile App,0,0,0
C000126,CAMP005,2026-04-16,Mobile App,0,0,0
C000126,CAMP008,2026-07-10,Mobile App,0,0,0
C000126,CAMP004,2026-06-24,Email,1,0,0
C000127,CAMP002,2026-06-30,Email,1,1,0
C000127,CAMP004,2026-05-05,Email,1,0,0
C000127,CAMP008,2026-07-29,Mobile App,1,1,0
C000127,CAMP003,2026-05-29,Mobile App,0,0,0
C000128,CAMP008,2026-08-21,Mobile App,0,0,0
C000128,CAMP005,2026-06-27,Email,0,0,0
C000128,CAMP002,2026-06-04,Mobile App,0,0,0
C000128,CAMP001,2026-06-10,Email,0,0,0
C000128,CAMP004,2026-05-09,Email,1,0,0
C000128,CAMP006,2026-07-24,Email,1,0,0
C000129,CAMP006,2026-04-30,Email,1,1,0
C000129,CAMP001,2026-05-22,Mobile App,0,0,0
C000129,CAMP003,2026-07-08,Email,1,1,1
C000129,CAMP004,2026-06-18,Email,0,0,0
C000130,CAMP005,2026-07-09,Mobile App,0,0,0
C000130,CAMP008,2026-07-25,Mobile App,0,0,0
C000130,CAMP007,2026-06-16,Email,1,1,0
C000130,CAMP004,2026-06-14,Mobile App,0,0,0
C000130,CAMP003,2026-05-25,Mobile App,0,0,0
C000130,CAMP002,2026-07-23,Email,0,0,0
C000130,CAMP006,2026-04-06,Mobile App,0,0,0
C000131,CAMP005,2026-07-22,Mobile App,1,1,1
C000131,CAMP004,2026-04-03,Email,0,0,0
C000131,CAMP002,2026-06-08,Email,1,1,1
C000131,CAMP008,2026-07-28,Email,1,1,0
C000131,CAMP001,2026-07-25,Mobile App,0,0,0
C000131,CAMP007,2026-06-16,Mobile App,1,0,0
C000131,CAMP003,2026-06-15,Email,0,0,0
C000132,CAMP005,2026-08-14,Email,1,1,0
C000132,CAMP001,2026-06-16,Email,0,0,0
C000132,CAMP006,2026-07-02,Email,1,1,0
C000133,CAMP001,2026-08-07,Mobile App,0,0,0
C000133,CAMP005,2026-06-08,Mobile App,1,1,1
C000133,CAMP007,2026-08-13,Email,1,1,0
C000134,CAMP003,2026-06-22,Email,0,0,0
C000134,CAMP007,2026-04-21,Email,0,0,0
C000134,CAMP006,2026-05-29,Email,0,0,0
C000134,CAMP001,2026-07-20,Mobile App,0,0,0
C000134,CAMP002,2026-04-16,Mobile App,1,1,0
C000134,CAMP005,2026-05-10,Mobile App,0,0,0
C000135,CAMP007,2026-07-09,Mobile App,1,1,0
C000135,CAMP004,2026-08-19,Mobile App,1,0,0
C000135,CAMP001,2026-07-14,Mobile App,1,1,0
C000136,CAMP002,2026-04-08,Email,0,0,0
C000136,CAMP005,2026-06-19,Email,0,0,0
C000136,CAMP003,2026-06-13,Mobile App,0,0,0
C000136,CAMP001,2026-08-03,Email,1,0,0
C000136,CAMP008,2026-04-18,Mobile App,0,0,0
C000136,CAMP006,2026-08-08,Mobile App,1,1,0
C000137,CAMP006,2026-06-12,Email,0,0,0
C000137,CAMP002,2026-05-19,Email,1,0,0
C000137,CAMP005,2026-08-15,Mobile App,0,0,0
C000138,CAMP001,2026-08-22,Email,0,0,0
C000138,CAMP002,2026-04-18,Email,0,0,0
C000138,CAMP005,2026-08-19,Email,1,1,0
C000138,CAMP007,2026-06-27,Mobile App,1,1,0
C000139,CAMP006,2026-05-29,Email,0,0,0
C000139,CAMP001,2026-04-04,Mobile App,1,0,0
C000139,CAMP002,2026-04-21,Mobile App,1,1,0
C000139,CAMP007,2026-07-17,Email,1,0,0
C000139,CAMP004,2026-04-15,Email,1,0,0
C000139,CAMP003,2026-04-18,Email,1,0,0
C000139,CAMP008,2026-07-05,Email,0,0,0
C000140,CAMP003,2026-04-26,Email,1,0,0
C000140,CAMP002,2026-08-11,Email,1,1,1
C000140,CAMP007,2026-08-13,Email,0,0,0
C000140,CAMP001,2026-05-17,Mobile App,1,0,0
C000141,CAMP006,2026-06-29,Email,1,0,0
C000141,CAMP003,2026-05-13,Email,0,0,0
C000141,CAMP002,2026-06-12,Email,0,0,0
C000141,CAMP004,2026-08-20,Mobile App,1,0,0
C000141,CAMP001,2026-05-10,Email,1,1,1
C000141,CAMP008,2026-04-06,Mobile App,0,0,0
C000141,CAMP005,2026-06-25,Mobile App,1,1,1
C000142,CAMP008,2026-06-16,Email,0,0,0
C000142,CAMP006,2026-05-02,Mobile App,0,0,0
C000142,CAMP007,2026-05-11,Mobile App,0,0,0
C000142,CAMP001,2026-04-16,Mobile App,0,0,0
C000142,CAMP005,2026-04-24,Mobile App,1,1,0
C000142,CAMP003,2026-05-05,Email,1,1,0
C000142,CAMP002,2026-08-12,Email,1,0,0
C000143,CAMP007,2026-07-15,Mobile App,0,0,0
C000143,CAMP004,2026-06-08,Email,1,1,0
C000143,CAMP006,2026-06-02,Mobile App,0,0,0
C000143,CAMP005,2026-07-16,Email,0,0,0
C000143,CAMP002,2026-04-23,Email,0,0,0
C000143,CAMP003,2026-06-24,Mobile App,0,0,0
C000144,CAMP005,2026-06-10,Email,1,0,0
C000144,CAMP002,2026-06-02,Mobile App,0,0,0
C000144,CAMP003,2026-06-30,Email,1,0,0
C000144,CAMP001,2026-06-05,Mobile App,0,0,0
C000145,CAMP005,2026-08-21,Email,1,1,0
C000145,CAMP007,2026-04-09,Email,0,0,0
C000145,CAMP008,2026-05-27,Email,0,0,0
C000145,CAMP004,2026-07-21,Mobile App,0,0,0
C000145,CAMP006,2026-04-04,Email,0,0,0
C000145,CAMP003,2026-07-04,Mobile App,0,0,0
C000145,CAMP001,2026-06-24,Email,1,0,0
C000146,CAMP002,2026-04-19,Mobile App,1,1,0
C000146,CAMP007,2026-08-18,Email,1,0,0
C000146,CAMP003,2026-08-19,Mobile App,0,0,0
C000146,CAMP001,2026-04-10,Email,1,1,0
C000146,CAMP004,2026-07-22,Mobile App,1,0,0
C000146,CAMP005,2026-05-03,Email,1,1,0
C000147,CAMP005,2026-06-18,Mobile App,0,0,0
C000147,CAMP003,2026-06-04,Mobile App,0,0,0
C000147,CAMP007,2026-04-19,Email,1,1,0
C000147,CAMP004,2026-06-21,Email,0,0,0
C000147,CAMP008,2026-06-20,Email,1,1,0
C000148,CAMP004,2026-06-13,Email,1,1,1
C000148,CAMP007,2026-07-27,Email,0,0,0
C000148,CAMP006,2026-05-03,Email,0,0,0
C000148,CAMP002,2026-04-19,Mobile App,0,0,0
C000148,CAMP003,2026-04-08,Mobile App,0,0,0
C000148,CAMP008,2026-05-06,Email,1,1,0
C000148,CAMP001,2026-04-27,Email,0,0,0
C000149,CAMP005,2026-07-29,Email,0,0,0
C000149,CAMP004,2026-07-03,Email,0,0,0
C000149,CAMP006,2026-05-31,Email,0,0,0
C000149,CAMP007,2026-07-12,Email,0,0,0
C000149,CAMP008,2026-07-25,Email,0,0,0
C000149,CAMP003,2026-08-08,Email,1,1,1
C000150,CAMP008,2026-06-12,Email,1,0,0
C000150,CAMP003,2026-05-07,Mobile App,1,0,0
C000150,CAMP004,2026-07-06,Mobile App,0,0,0
C000150,CAMP002,2026-07-08,Mobile App,1,1,0
C000150,CAMP005,2026-07-05,Mobile App,0,0,0
C000151,CAMP001,2026-05-28,Email,1,0,0
C000151,CAMP007,2026-04-06,Mobile App,0,0,0
C000151,CAMP006,2026-08-07,Email,1,0,0
C000151,CAMP005,2026-06-09,Email,0,0,0
C000151,CAMP008,2026-07-02,Email,0,0,0
C000152,CAMP002,2026-07-15,Email,0,0,0
C000152,CAMP007,2026-04-11,Email,0,0,0
C000152,CAMP005,2026-07-14,Email,0,0,0
C000152,CAMP008,2026-05-08,Email,0,0,0
C000152,CAMP003,2026-08-19,Mobile App,0,0,0
C000152,CAMP006,2026-08-22,Email,0,0,0
C000153,CAMP001,2026-04-23,Email,0,0,0
C000153,CAMP005,2026-05-11,Mobile App,0,0,0
C000153,CAMP003,2026-07-06,Email,1,1,0
C000154,CAMP001,2026-05-06,Email,0,0,0
C000154,CAMP006,2026-08-18,Mobile App,0,0,0
C000154,CAMP004,2026-07-28,Mobile App,1,1,0
C000154,CAMP008,2026-07-01,Email,1,0,0
C000154,CAMP005,2026-07-14,Email,1,0,0
C000154,CAMP002,2026-06-13,Mobile App,1,0,0
C000154,CAMP007,2026-05-31,Email,1,1,0
C000155,CAMP006,2026-05-21,Email,0,0,0
C000155,CAMP002,2026-08-18,Mobile App,0,0,0
C000155,CAMP003,2026-04-21,Mobile App,0,0,0
C000155,CAMP004,2026-06-28,Email,0,0,0
C000155,CAMP001,2026-04-06,Email,0,0,0
C000156,CAMP001,2026-04-28,Mobile App,1,1,0
C000156,CAMP006,2026-08-16,Email,1,1,0
C000156,CAMP003,2026-06-09,Email,1,1,0
C000156,CAMP002,2026-07-16,Mobile App,0,0,0
C000156,CAMP008,2026-05-19,Email,1,1,1
C000156,CAMP007,2026-07-03,Mobile App,0,0,0
C000157,CAMP006,2026-07-27,Email,1,1,0
C000157,CAMP003,2026-08-18,Mobile App,1,1,0
C000157,CAMP001,2026-08-24,Mobile App,0,0,0
C000157,CAMP002,2026-05-19,Mobile App,1,0,0
C000157,CAMP005,2026-07-27,Email,1,1,0
C000157,CAMP007,2026-06-15,Email,0,0,0
C000158,CAMP003,2026-08-07,Mobile App,0,0,0
C000158,CAMP001,2026-06-23,Email,0,0,0
C000158,CAMP008,2026-07-12,Mobile App,1,1,0
C000159,CAMP001,2026-05-01,Mobile App,1,1,0
C000159,CAMP003,2026-06-01,Mobile App,1,1,0
C000159,CAMP002,2026-04-13,Email,0,0,0
C000159,CAMP005,2026-07-08,Email,1,1,0
C000159,CAMP006,2026-04-03,Email,1,1,0
C000159,CAMP004,2026-08-21,Email,1,0,0
C000160,CAMP001,2026-07-02,Mobile App,1,1,0
C000160,CAMP004,2026-05-15,Mobile App,0,0,0
C000160,CAMP003,2026-05-28,Email,0,0,0
C000160,CAMP008,2026-08-10,Email,1,1,0
C000160,CAMP007,2026-07-02,Mobile App,0,0,0
C000160,CAMP002,2026-04-14,Email,0,0,0
C000160,CAMP006,2026-07-18,Mobile App,0,0,0
C000161,CAMP004,2026-04-27,Email,1,0,0
C000161,CAMP005,2026-04-17,Mobile App,1,0,0
C000161,CAMP007,2026-07-09,Email,1,0,0
C000161,CAMP006,2026-06-18,Mobile App,0,0,0
C000161,CAMP008,2026-05-31,Email,1,1,0
C000162,CAMP008,2026-05-27,Email,0,0,0
C000162,CAMP003,2026-07-07,Mobile App,1,0,0
C000162,CAMP005,2026-08-09,Email,1,1,1
C000162,CAMP002,2026-05-31,Mobile App,0,0,0
C000162,CAMP001,2026-04-18,Email,0,0,0
C000162,CAMP006,2026-08-18,Email,1,1,1
C000163,CAMP002,2026-04-06,Mobile App,0,0,0
C000163,CAMP006,2026-08-23,Email,0,0,0
C000163,CAMP005,2026-07-21,Email,0,0,0
C000163,CAMP003,2026-04-18,Email,1,0,0
C000164,CAMP008,2026-06-04,Mobile App,1,0,0
C000164,CAMP007,2026-05-21,Email,1,0,0
C000164,CAMP004,2026-04-09,Mobile App,1,1,0
C000164,CAMP003,2026-07-29,Email,1,0,0
C000165,CAMP005,2026-05-22,Email,0,0,0
C000165,CAMP008,2026-07-19,Email,1,1,0
C000165,CAMP002,2026-07-26,Mobile App,0,0,0
C000165,CAMP001,2026-05-12,Mobile App,0,0,0
C000165,CAMP007,2026-06-14,Email,0,0,0
C000165,CAMP004,2026-05-23,Mobile App,1,1,0
C000166,CAMP006,2026-04-16,Email,0,0,0
C000166,CAMP008,2026-08-12,Email,1,1,0
C000166,CAMP005,2026-05-20,Email,1,1,1
C000166,CAMP001,2026-06-25,Email,1,1,1
C000166,CAMP007,2026-05-29,Email,1,0,0
C000166,CAMP003,2026-05-11,Email,0,0,0
C000167,CAMP005,2026-05-29,Email,1,0,0
C000167,CAMP003,2026-05-22,Mobile App,1,1,0
C000167,CAMP008,2026-05-05,Email,0,0,0
C000167,CAMP004,2026-04-25,Mobile App,1,1,0
C000167,CAMP006,2026-05-22,Email,0,0,0
C000167,CAMP001,2026-04-13,Mobile App,1,1,1
C000167,CAMP007,2026-04-02,Email,1,1,1
C000168,CAMP007,2026-07-02,Email,0,0,0
C000168,CAMP004,2026-04-08,Email,1,0,0
C000168,CAMP008,2026-06-20,Mobile App,1,0,0
C000168,CAMP006,2026-07-12,Mobile App,0,0,0
C000168,CAMP005,2026-06-30,Email,1,0,0
C000168,CAMP003,2026-08-10,Email,0,0,0
C000168,CAMP001,2026-04-22,Email,0,0,0
C000169,CAMP006,2026-07-31,Email,0,0,0
C000169,CAMP003,2026-05-06,Email,0,0,0
C000169,CAMP005,2026-06-17,Email,0,0,0
C000169,CAMP002,2026-08-22,Mobile App,1,0,0
C000170,CAMP003,2026-05-10,Email,1,0,0
C000170,CAMP006,2026-08-17,Email,1,1,0
C000170,CAMP005,2026-04-04,Email,1,1,0
C000170,CAMP007,2026-04-28,Mobile App,0,0,0
C000170,CAMP001,2026-08-14,Email,1,0,0
C000170,CAMP008,2026-06-12,Mobile App,0,0,0
C000170,CAMP002,2026-05-25,Email,1,1,1
C000171,CAMP004,2026-07-25,Mobile App,0,0,0
C000171,CAMP003,2026-05-26,Mobile App,0,0,0
C000171,CAMP002,2026-06-14,Email,1,0,0
C000171,CAMP008,2026-05-28,Email,0,0,0
C000171,CAMP006,2026-07-15,Mobile App,1,0,0
C000171,CAMP001,2026-05-18,Email,1,1,0
C000172,CAMP001,2026-04-03,Mobile App,1,0,0
C000172,CAMP002,2026-04-20,Mobile App,0,0,0
C000172,CAMP008,2026-04-08,Email,0,0,0
C000172,CAMP007,2026-07-13,Mobile App,0,0,0
C000173,CAMP004,2026-08-11,Email,1,1,1
C000173,CAMP005,2026-04-11,Email,1,1,0
C000173,CAMP001,2026-08-16,Mobile App,1,1,1
C000174,CAMP001,2026-07-07,Email,1,1,1
C000174,CAMP008,2026-04-15,Email,1,0,0
C000174,CAMP002,2026-08-10,Email,1,0,0
C000174,CAMP007,2026-05-07,Email,0,0,0
C000175,CAMP008,2026-07-03,Mobile App,0,0,0
C000175,CAMP006,2026-08-05,Mobile App,0,0,0
C000175,CAMP001,2026-07-11,Email,1,0,0
C000175,CAMP002,2026-07-25,Email,1,0,0
C000176,CAMP004,2026-07-10,Email,0,0,0
C000176,CAMP006,2026-04-22,Mobile App,0,0,0
C000176,CAMP007,2026-04-23,Mobile App,1,0,0
C000176,CAMP005,2026-04-09,Email,0,0,0
C000176,CAMP008,2026-05-19,Email,0,0,0
C000176,CAMP001,2026-04-03,Email,1,0,0
C000177,CAMP005,2026-07-06,Email,1,0,0
C000177,CAMP004,2026-07-29,Mobile App,0,0,0
C000177,CAMP007,2026-07-24,Email,0,0,0
C000177,CAMP003,2026-06-09,Email,0,0,0
C000177,CAMP002,2026-07-02,Email,0,0,0
C000177,CAMP001,2026-08-13,Email,1,1,1
C000178,CAMP008,2026-06-29,Email,1,0,0
C000178,CAMP004,2026-08-04,Email,0,0,0
C000178,CAMP005,2026-06-06,Mobile App,0,0,0
C000179,CAMP001,2026-05-12,Email,0,0,0
C000179,CAMP007,2026-05-01,Email,0,0,0
C000179,CAMP005,2026-06-24,Email,1,0,0
C000179,CAMP008,2026-07-14,Mobile App,0,0,0
C000179,CAMP002,2026-08-06,Email,0,0,0
C000179,CAMP003,2026-06-17,Email,1,0,0
C000179,CAMP006,2026-07-26,Email,0,0,0
C000180,CAMP004,2026-05-21,Email,1,1,0
C000180,CAMP008,2026-04-04,Mobile App,0,0,0
C000180,CAMP003,2026-08-12,Email,0,0,0
C000180,CAMP007,2026-04-20,Email,0,0,0
C000180,CAMP002,2026-04-20,Email,1,0,0
C000180,CAMP006,2026-05-17,Mobile App,0,0,0
C000180,CAMP005,2026-05-07,Email,1,1,0
C000181,CAMP006,2026-08-05,Email,1,0,0
C000181,CAMP008,2026-06-02,Email,1,0,0
C000181,CAMP003,2026-08-10,Email,0,0,0
C000182,CAMP008,2026-07-24,Mobile App,0,0,0
C000182,CAMP005,2026-07-17,Mobile App,1,0,0
C000182,CAMP006,2026-07-12,Mobile App,1,0,0
C000183,CAMP005,2026-06-21,Mobile App,0,0,0
C000183,CAMP004,2026-05-13,Email,0,0,0
C000183,CAMP006,2026-06-07,Mobile App,0,0,0
C000183,CAMP003,2026-06-07,Mobile App,0,0,0
C000183,CAMP008,2026-06-17,Mobile App,1,1,0
C000184,CAMP003,2026-05-21,Email,0,0,0
C000184,CAMP007,2026-04-26,Email,0,0,0
C000184,CAMP004,2026-04-10,Mobile App,1,0,0
C000184,CAMP001,2026-04-27,Email,0,0,0
C000184,CAMP005,2026-07-24,Email,1,1,0
C000185,CAMP007,2026-06-08,Mobile App,0,0,0
C000185,CAMP004,2026-06-23,Email,1,1,0
C000185,CAMP003,2026-04-30,Email,1,1,0
C000185,CAMP006,2026-06-19,Email,1,1,1
C000185,CAMP005,2026-07-10,Email,1,1,0
C000185,CAMP002,2026-04-11,Mobile App,0,0,0
C000186,CAMP005,2026-04-20,Mobile App,1,1,0
C000186,CAMP002,2026-06-09,Mobile App,1,0,0
C000186,CAMP008,2026-05-13,Mobile App,1,1,0
C000187,CAMP008,2026-04-11,Mobile App,1,1,0
C000187,CAMP001,2026-04-14,Mobile App,1,1,0
C000187,CAMP004,2026-06-16,Mobile App,0,0,0
C000187,CAMP007,2026-04-23,Mobile App,0,0,0
C000187,CAMP003,2026-04-11,Mobile App,0,0,0
C000187,CAMP006,2026-04-17,Mobile App,0,0,0
C000188,CAMP002,2026-05-16,Email,0,0,0
C000188,CAMP003,2026-06-26,Email,0,0,0
C000188,CAMP005,2026-05-05,Email,0,0,0
C000188,CAMP007,2026-08-04,Mobile App,0,0,0
C000189,CAMP008,2026-04-02,Email,1,1,0
C000189,CAMP005,2026-05-05,Email,1,1,0
C000189,CAMP002,2026-07-16,Mobile App,1,1,0
C000189,CAMP007,2026-05-03,Mobile App,0,0,0
C000189,CAMP004,2026-08-01,Email,1,0,0
C000190,CAMP001,2026-04-27,Email,0,0,0
C000190,CAMP003,2026-07-22,Email,1,0,0
C000190,CAMP005,2026-04-22,Mobile App,0,0,0
C000190,CAMP008,2026-08-16,Email,0,0,0
C000190,CAMP007,2026-04-26,Email,1,1,0
C000191,CAMP006,2026-06-26,Email,1,0,0
C000191,CAMP003,2026-08-15,Email,0,0,0
C000191,CAMP008,2026-08-21,Email,1,1,1
C000192,CAMP007,2026-05-07,Mobile App,0,0,0
C000192,CAMP002,2026-08-17,Email,0,0,0
C000192,CAMP008,2026-05-10,Mobile App,0,0,0
C000192,CAMP001,2026-07-09,Mobile App,1,0,0
C000192,CAMP006,2026-05-15,Mobile App,0,0,0
C000192,CAMP005,2026-05-03,Email,0,0,0
C000193,CAMP003,2026-06-07,Email,1,0,0
C000193,CAMP008,2026-05-01,Email,1,1,0
C000193,CAMP001,2026-07-16,Email,1,1,0
C000193,CAMP007,2026-08-19,Mobile App,1,0,0
C000193,CAMP002,2026-05-15,Email,1,1,0
C000194,CAMP002,2026-06-26,Mobile App,0,0,0
C000194,CAMP004,2026-07-29,Email,1,1,1
C000194,CAMP005,2026-08-02,Email,1,1,0
C000194,CAMP008,2026-06-07,Mobile App,0,0,0
C000195,CAMP001,2026-06-04,Email,0,0,0
C000195,CAMP006,2026-04-13,Email,0,0,0
C000195,CAMP004,2026-07-02,Email,1,1,0
C000195,CAMP007,2026-04-13,Email,1,1,0
C000195,CAMP002,2026-07-09,Mobile App,0,0,0
C000196,CAMP006,2026-07-17,Email,0,0,0
C000196,CAMP003,2026-04-26,Email,1,1,0
C000196,CAMP005,2026-06-24,Email,1,1,1
C000196,CAMP001,2026-07-12,Mobile App,0,0,0
C000197,CAMP005,2026-04-29,Email,0,0,0
C000197,CAMP004,2026-07-05,Mobile App,0,0,0
C000197,CAMP007,2026-08-23,Email,1,1,0
C000197,CAMP002,2026-07-02,Email,0,0,0
C000197,CAMP003,2026-07-12,Mobile App,0,0,0
C000198,CAMP006,2026-07-29,Email,0,0,0
C000198,CAMP008,2026-08-23,Email,1,1,1
C000198,CAMP005,2026-05-27,Mobile App,0,0,0
C000198,CAMP002,2026-05-12,Mobile App,1,1,0
C000198,CAMP004,2026-04-03,Mobile App,0,0,0
C000198,CAMP001,2026-04-09,Email,1,1,0
C000198,CAMP003,2026-07-25,Email,0,0,0
C000199,CAMP004,2026-06-20,Email,0,0,0
C000199,CAMP002,2026-06-20,Mobile App,1,0,0
C000199,CAMP008,2026-07-05,Mobile App,0,0,0
C000199,CAMP001,2026-05-24,Mobile App,1,0,0
C000199,CAMP005,2026-06-13,Mobile App,1,0,0
C000199,CAMP003,2026-05-06,Email,1,0,0
C000199,CAMP006,2026-06-14,Email,0,0,0
C000200,CAMP002,2026-08-13,Mobile App,1,0,0
C000200,CAMP001,2026-07-27,Email,1,0,0
C000200,CAMP006,2026-07-14,Mobile App,0,0,0
C000200,CAMP005,2026-05-06,Mobile App,1,1,0
C000200,CAMP008,2026-04-21,Mobile App,1,0,0
C000200,CAMP003,2026-04-07,Email,1,0,0
C000201,CAMP002,2026-04-14,Mobile App,1,0,0
C000201,CAMP006,2026-06-14,Email,0,0,0
C000201,CAMP001,2026-05-27,Email,1,0,0
C000201,CAMP003,2026-05-18,Email,0,0,0
C000201,CAMP004,2026-07-02,Email,1,1,0
C000201,CAMP005,2026-07-29,Mobile App,0,0,0
C000201,CAMP007,2026-05-01,Email,1,0,0
C000202,CAMP004,2026-06-12,Mobile App,1,0,0
C000202,CAMP007,2026-08-03,Email,1,1,0
C000202,CAMP003,2026-05-18,Mobile App,1,0,0
C000202,CAMP002,2026-07-17,Email,1,0,0
C000202,CAMP008,2026-06-22,Email,1,0,0
C000202,CAMP006,2026-06-08,Mobile App,0,0,0
C000202,CAMP001,2026-04-28,Email,1,0,0
C000203,CAMP008,2026-04-12,Mobile App,0,0,0
C000203,CAMP006,2026-04-06,Mobile App,0,0,0
C000203,CAMP002,2026-05-12,Email,0,0,0
C000203,CAMP004,2026-05-13,Email,0,0,0
C000204,CAMP005,2026-06-08,Email,0,0,0
C000204,CAMP003,2026-07-03,Mobile App,0,0,0
C000204,CAMP007,2026-05-01,Email,1,1,0
C000204,CAMP001,2026-06-23,Email,0,0,0
C000205,CAMP008,2026-08-06,Email,0,0,0
C000205,CAMP004,2026-05-22,Mobile App,0,0,0
C000205,CAMP003,2026-05-10,Mobile App,1,1,0
C000206,CAMP002,2026-07-15,Email,0,0,0
C000206,CAMP006,2026-08-16,Mobile App,0,0,0
C000206,CAMP004,2026-04-10,Mobile App,1,1,0
C000207,CAMP006,2026-05-14,Email,1,1,0
C000207,CAMP003,2026-07-29,Mobile App,0,0,0
C000207,CAMP002,2026-08-16,Mobile App,1,0,0
C000207,CAMP004,2026-05-22,Mobile App,1,1,0
C000207,CAMP005,2026-08-18,Email,1,0,0
C000207,CAMP007,2026-06-03,Mobile App,0,0,0
C000208,CAMP008,2026-06-07,Mobile App,1,0,0
C000208,CAMP005,2026-08-24,Email,1,1,0
C000208,CAMP002,2026-06-03,Email,1,0,0
C000208,CAMP007,2026-05-27,Email,1,1,0
C000209,CAMP001,2026-05-17,Email,0,0,0
C000209,CAMP008,2026-08-23,Email,0,0,0
C000209,CAMP002,2026-06-04,Mobile App,0,0,0
C000210,CAMP008,2026-07-16,Email,1,1,0
C000210,CAMP005,2026-04-17,Email,0,0,0
C000210,CAMP002,2026-08-10,Email,0,0,0
C000210,CAMP003,2026-06-03,Email,0,0,0
C000210,CAMP001,2026-05-02,Email,1,1,0
C000211,CAMP003,2026-08-22,Mobile App,0,0,0
C000211,CAMP005,2026-06-24,Email,1,0,0
C000211,CAMP008,2026-07-26,Email,1,1,1
C000211,CAMP004,2026-07-16,Email,1,1,0
C000211,CAMP002,2026-07-20,Mobile App,0,0,0
C000211,CAMP006,2026-07-16,Email,0,0,0
C000212,CAMP004,2026-08-02,Mobile App,1,1,0
C000212,CAMP003,2026-06-05,Mobile App,1,1,0
C000212,CAMP001,2026-05-08,Email,1,1,0
C000212,CAMP002,2026-07-25,Email,1,0,0
C000212,CAMP006,2026-07-30,Email,1,0,0
C000212,CAMP007,2026-07-22,Mobile App,0,0,0
C000212,CAMP005,2026-06-06,Mobile App,1,1,0
C000213,CAMP003,2026-04-12,Email,1,1,1
C000213,CAMP001,2026-04-20,Mobile App,1,0,0
C000213,CAMP005,2026-07-07,Mobile App,1,0,0
C000213,CAMP008,2026-04-13,Mobile App,0,0,0
C000214,CAMP008,2026-04-03,Email,1,1,0
C000214,CAMP001,2026-04-23,Email,0,0,0
C000214,CAMP003,2026-04-16,Email,1,1,0
C000214,CAMP004,2026-06-28,Email,1,0,0
C000215,CAMP008,2026-04-12,Email,0,0,0
C000215,CAMP006,2026-06-01,Email,0,0,0
C000215,CAMP005,2026-06-22,Mobile App,0,0,0
C000215,CAMP002,2026-05-16,Email,0,0,0
C000215,CAMP007,2026-07-21,Email,0,0,0
C000215,CAMP004,2026-07-08,Email,0,0,0
C000215,CAMP001,2026-05-09,Mobile App,0,0,0
C000216,CAMP002,2026-07-05,Mobile App,0,0,0
C000216,CAMP005,2026-05-25,Email,0,0,0
C000216,CAMP007,2026-06-28,Email,1,1,0
C000216,CAMP004,2026-06-27,Email,1,1,1
C000216,CAMP008,2026-08-16,Mobile App,1,0,0
C000217,CAMP004,2026-08-21,Email,1,0,0
C000217,CAMP006,2026-04-26,Email,1,0,0
C000217,CAMP001,2026-04-17,Mobile App,1,1,1
C000217,CAMP002,2026-07-07,Mobile App,1,0,0
C000217,CAMP003,2026-08-15,Email,1,1,1
C000217,CAMP007,2026-06-25,Mobile App,1,0,0
C000217,CAMP005,2026-05-21,Mobile App,1,1,0
C000218,CAMP007,2026-07-15,Email,1,1,0
C000218,CAMP003,2026-04-20,Email,0,0,0
C000218,CAMP004,2026-05-26,Mobile App,0,0,0
C000218,CAMP002,2026-04-21,Mobile App,0,0,0
C000219,CAMP007,2026-04-22,Mobile App,0,0,0
C000219,CAMP004,2026-05-30,Mobile App,1,1,0
C000219,CAMP001,2026-04-26,Email,1,1,0
C000219,CAMP006,2026-05-21,Mobile App,1,0,0
C000219,CAMP008,2026-08-23,Email,0,0,0
C000220,CAMP002,2026-04-28,Email,0,0,0
C000220,CAMP006,2026-08-21,Email,0,0,0
C000220,CAMP008,2026-05-25,Email,1,1,0
C000221,CAMP002,2026-05-22,Email,1,0,0
C000221,CAMP003,2026-07-07,Mobile App,0,0,0
C000221,CAMP007,2026-06-05,Email,1,0,0
C000221,CAMP008,2026-07-06,Mobile App,1,0,0
C000221,CAMP001,2026-04-22,Email,1,0,0
C000222,CAMP005,2026-06-11,Mobile App,0,0,0
C000222,CAMP001,2026-06-03,Mobile App,0,0,0
C000222,CAMP004,2026-04-30,Email,0,0,0
C000222,CAMP003,2026-06-08,Mobile App,0,0,0
C000222,CAMP008,2026-06-09,Email,1,0,0
C000222,CAMP002,2026-06-15,Email,1,0,0
C000223,CAMP004,2026-08-16,Mobile App,0,0,0
C000223,CAMP003,2026-07-13,Email,1,1,0
C000223,CAMP007,2026-06-11,Email,1,1,1
C000223,CAMP005,2026-08-15,Email,1,0,0
C000223,CAMP001,2026-07-02,Email,0,0,0
C000223,CAMP006,2026-07-24,Mobile App,0,0,0
C000223,CAMP002,2026-07-31,Email,1,1,0
C000224,CAMP002,2026-07-04,Mobile App,1,0,0
C000224,CAMP001,2026-06-28,Mobile App,1,0,0
C000224,CAMP005,2026-07-09,Email,0,0,0
C000225,CAMP008,2026-07-31,Email,0,0,0
C000225,CAMP001,2026-05-08,Email,0,0,0
C000225,CAMP003,2026-04-19,Mobile App,0,0,0
C000225,CAMP006,2026-05-05,Email,0,0,0
C000225,CAMP002,2026-07-26,Mobile App,0,0,0
C000226,CAMP006,2026-04-18,Mobile App,0,0,0
C000226,CAMP004,2026-08-24,Mobile App,1,0,0
C000226,CAMP002,2026-08-12,Email,0,0,0
C000226,CAMP007,2026-07-16,Mobile App,1,1,0
C000226,CAMP008,2026-04-06,Email,0,0,0
C000226,CAMP003,2026-05-03,Email,1,0,0
C000226,CAMP005,2026-05-05,Email,1,1,1
C000227,CAMP004,2026-06-08,Email,1,1,0
C000227,CAMP007,2026-07-31,Email,0,0,0
C000227,CAMP003,2026-04-24,Mobile App,0,0,0
C000227,CAMP006,2026-07-04,Mobile App,0,0,0
C000227,CAMP005,2026-04-21,Mobile App,0,0,0
C000228,CAMP008,2026-04-07,Mobile App,0,0,0
C000228,CAMP003,2026-06-15,Email,0,0,0
C000228,CAMP005,2026-04-19,Mobile App,0,0,0
C000228,CAMP007,2026-06-22,Email,1,0,0
C000228,CAMP006,2026-06-03,Email,1,0,0
C000229,CAMP001,2026-08-22,Email,1,1,1
C000229,CAMP006,2026-05-14,Mobile App,0,0,0
C000229,CAMP004,2026-06-14,Email,1,0,0
C000229,CAMP007,2026-05-03,Mobile App,0,0,0
C000229,CAMP005,2026-05-03,Email,0,0,0
C000229,CAMP002,2026-04-20,Email,1,0,0
C000229,CAMP003,2026-06-29,Email,1,0,0
C000230,CAMP007,2026-06-28,Email,1,0,0
C000230,CAMP005,2026-07-25,Email,0,0,0
C000230,CAMP006,2026-05-31,Email,0,0,0
C000230,CAMP001,2026-08-04,Email,0,0,0
C000230,CAMP003,2026-06-18,Email,1,0,0
C000230,CAMP008,2026-04-04,Email,0,0,0
C000230,CAMP004,2026-04-14,Email,0,0,0
C000231,CAMP007,2026-07-11,Email,1,0,0
C000231,CAMP002,2026-08-07,Email,1,1,0
C000231,CAMP005,2026-07-16,Mobile App,0,0,0
C000231,CAMP006,2026-06-06,Email,0,0,0
C000231,CAMP003,2026-04-21,Email,1,0,0
C000231,CAMP004,2026-05-26,Email,1,1,0
C000231,CAMP008,2026-07-10,Email,1,1,1
C000232,CAMP005,2026-08-18,Mobile App,0,0,0
C000232,CAMP007,2026-04-05,Email,0,0,0
C000232,CAMP008,2026-05-04,Mobile App,0,0,0
C000232,CAMP004,2026-06-29,Mobile App,0,0,0
C000232,CAMP006,2026-04-07,Mobile App,0,0,0
C000232,CAMP001,2026-05-20,Email,0,0,0
C000233,CAMP005,2026-05-21,Email,0,0,0
C000233,CAMP003,2026-05-31,Email,1,0,0
C000233,CAMP004,2026-07-28,Email,0,0,0
C000233,CAMP008,2026-08-22,Mobile App,0,0,0
C000233,CAMP007,2026-06-14,Mobile App,0,0,0
C000234,CAMP007,2026-05-06,Email,0,0,0
C000234,CAMP001,2026-05-03,Email,0,0,0
C000234,CAMP006,2026-05-16,Email,0,0,0
C000234,CAMP002,2026-07-23,Mobile App,0,0,0
C000234,CAMP003,2026-06-22,Email,0,0,0
C000234,CAMP005,2026-05-05,Mobile App,0,0,0
C000235,CAMP003,2026-07-12,Mobile App,0,0,0
C000235,CAMP005,2026-04-13,Mobile App,0,0,0
C000235,CAMP004,2026-08-14,Email,0,0,0
C000235,CAMP001,2026-08-04,Mobile App,1,1,1
C000235,CAMP002,2026-05-08,Email,0,0,0
C000235,CAMP007,2026-06-30,Email,0,0,0
C000236,CAMP003,2026-08-23,Mobile App,0,0,0
C000236,CAMP004,2026-07-14,Mobile App,1,1,0
C000236,CAMP005,2026-06-18,Email,1,0,0
C000236,CAMP006,2026-08-09,Email,1,1,0
C000237,CAMP008,2026-06-14,Mobile App,1,0,0
C000237,CAMP003,2026-05-02,Email,1,0,0
C000237,CAMP004,2026-07-03,Mobile App,1,0,0
C000237,CAMP002,2026-06-29,Email,0,0,0
C000237,CAMP006,2026-04-06,Mobile App,1,0,0
C000237,CAMP001,2026-06-25,Email,0,0,0
C000237,CAMP007,2026-04-30,Mobile App,1,1,0
C000238,CAMP006,2026-07-30,Email,1,0,0
C000238,CAMP003,2026-06-23,Email,1,0,0
C000238,CAMP005,2026-06-23,Mobile App,0,0,0
C000238,CAMP008,2026-04-20,Mobile App,0,0,0
C000239,CAMP008,2026-08-02,Email,1,0,0
C000239,CAMP002,2026-07-18,Mobile App,1,0,0
C000239,CAMP007,2026-04-21,Mobile App,0,0,0
C000239,CAMP004,2026-05-11,Mobile App,0,0,0
C000240,CAMP005,2026-07-08,Email,1,1,0
C000240,CAMP004,2026-06-17,Email,1,0,0
C000240,CAMP008,2026-06-23,Email,1,1,0
C000241,CAMP007,2026-05-12,Email,1,1,1
C000241,CAMP004,2026-05-06,Email,0,0,0
C000241,CAMP001,2026-06-13,Email,1,0,0
C000241,CAMP003,2026-08-07,Email,0,0,0
C000241,CAMP008,2026-08-24,Email,1,1,0
C000241,CAMP006,2026-08-03,Email,1,0,0
C000241,CAMP002,2026-07-17,Email,1,1,0
C000242,CAMP004,2026-07-16,Email,0,0,0
C000242,CAMP008,2026-06-12,Mobile App,0,0,0
C000242,CAMP002,2026-06-28,Email,0,0,0
C000243,CAMP001,2026-07-27,Mobile App,0,0,0
C000243,CAMP003,2026-07-06,Email,1,1,0
C000243,CAMP006,2026-05-06,Mobile App,1,1,0
C000244,CAMP006,2026-07-15,Mobile App,1,1,0
C000244,CAMP001,2026-06-21,Email,1,1,0
C000244,CAMP005,2026-05-13,Mobile App,0,0,0
C000244,CAMP004,2026-08-24,Email,1,1,0
C000244,CAMP002,2026-07-20,Mobile App,0,0,0
C000244,CAMP007,2026-04-09,Mobile App,1,0,0
C000245,CAMP002,2026-04-12,Mobile App,0,0,0
C000245,CAMP006,2026-08-22,Email,1,0,0
C000245,CAMP008,2026-07-08,Email,1,1,1
C000245,CAMP001,2026-08-05,Email,1,1,1
C000245,CAMP007,2026-05-01,Mobile App,0,0,0
C000245,CAMP004,2026-04-22,Email,1,1,0
C000246,CAMP004,2026-07-12,Email,0,0,0
C000246,CAMP002,2026-05-02,Mobile App,1,0,0
C000246,CAMP007,2026-05-10,Email,1,1,0
C000246,CAMP008,2026-06-04,Email,0,0,0
C000247,CAMP007,2026-05-28,Mobile App,1,0,0
C000247,CAMP008,2026-08-02,Email,0,0,0
C000247,CAMP002,2026-04-09,Email,1,0,0
C000247,CAMP006,2026-04-09,Mobile App,1,1,0
C000247,CAMP003,2026-05-27,Email,1,1,0
C000247,CAMP005,2026-04-13,Email,1,0,0
C000247,CAMP004,2026-06-04,Email,1,1,0
C000248,CAMP001,2026-07-15,Mobile App,1,1,0
C000248,CAMP008,2026-05-21,Email,0,0,0
C000248,CAMP007,2026-05-10,Mobile App,0,0,0
C000248,CAMP002,2026-06-08,Email,1,0,0
C000248,CAMP006,2026-07-07,Email,1,1,1
C000249,CAMP007,2026-05-17,Mobile App,1,1,0
C000249,CAMP005,2026-08-22,Email,1,0,0
C000249,CAMP001,2026-05-08,Email,0,0,0
C000250,CAMP007,2026-04-27,Mobile App,0,0,0
C000250,CAMP005,2026-06-30,Email,0,0,0
C000250,CAMP001,2026-05-07,Email,0,0,0
C000250,CAMP002,2026-04-24,Mobile App,0,0,0
C000250,CAMP008,2026-05-31,Email,1,0,0
C000251,CAMP006,2026-04-10,Email,1,1,0
C000251,CAMP005,2026-08-16,Mobile App,1,1,0
C000251,CAMP007,2026-07-13,Email,1,1,0
C000251,CAMP004,2026-04-07,Email,1,0,0
C000252,CAMP002,2026-08-13,Email,0,0,0
C000252,CAMP006,2026-05-15,Mobile App,1,1,0
C000252,CAMP007,2026-08-08,Email,1,1,0
C000252,CAMP003,2026-08-10,Email,0,0,0
C000252,CAMP005,2026-05-10,Mobile App,0,0,0
C000252,CAMP004,2026-06-16,Email,1,0,0
C000252,CAMP001,2026-05-28,Email,0,0,0
C000253,CAMP003,2026-06-30,Email,1,1,0
C000253,CAMP007,2026-06-11,Mobile App,0,0,0
C000253,CAMP001,2026-04-07,Mobile App,0,0,0
C000254,CAMP008,2026-06-03,Email,0,0,0
C000254,CAMP006,2026-06-03,Email,1,0,0
C000254,CAMP007,2026-07-29,Mobile App,0,0,0
C000254,CAMP003,2026-06-20,Mobile App,0,0,0
C000254,CAMP005,2026-08-03,Email,0,0,0
C000255,CAMP005,2026-07-03,Email,1,0,0
C000255,CAMP002,2026-06-04,Email,1,0,0
C000255,CAMP006,2026-05-20,Email,0,0,0
C000255,CAMP001,2026-07-11,Email,0,0,0
C000255,CAMP008,2026-07-11,Email,1,0,0
C000256,CAMP001,2026-07-30,Email,0,0,0
C000256,CAMP003,2026-06-03,Email,1,1,0
C000256,CAMP007,2026-04-23,Email,1,1,0
C000256,CAMP006,2026-06-18,Email,0,0,0
C000256,CAMP004,2026-04-03,Mobile App,1,1,0
C000256,CAMP008,2026-04-29,Email,0,0,0
C000257,CAMP008,2026-06-27,Email,0,0,0
C000257,CAMP005,2026-05-10,Email,0,0,0
C000257,CAMP001,2026-04-11,Email,0,0,0
C000258,CAMP007,2026-05-23,Mobile App,0,0,0
C000258,CAMP003,2026-04-27,Mobile App,0,0,0
C000258,CAMP008,2026-07-30,Mobile App,0,0,0
C000258,CAMP005,2026-08-14,Email,0,0,0
C000258,CAMP001,2026-06-18,Email,0,0,0
C000258,CAMP006,2026-07-19,Email,0,0,0
C000258,CAMP004,2026-08-21,Email,0,0,0
C000259,CAMP007,2026-04-21,Email,1,1,0
C000259,CAMP002,2026-04-22,Email,1,1,0
C000259,CAMP006,2026-04-30,Mobile App,1,1,0
C000259,CAMP008,2026-05-11,Mobile App,1,1,1
C000259,CAMP005,2026-05-03,Mobile App,0,0,0
C000260,CAMP002,2026-07-30,Mobile App,1,1,1
C000260,CAMP007,2026-05-10,Mobile App,1,1,0
C000260,CAMP008,2026-04-05,Email,0,0,0
C000260,CAMP006,2026-06-01,Email,1,1,1
C000260,CAMP003,2026-06-08,Mobile App,0,0,0
C000260,CAMP005,2026-07-10,Email,1,0,0
C000260,CAMP001,2026-04-25,Mobile App,1,0,0
C000261,CAMP003,2026-04-09,Email,1,1,1
C000261,CAMP006,2026-06-27,Email,1,1,1
C000261,CAMP005,2026-04-28,Email,1,0,0
C000261,CAMP004,2026-06-21,Email,0,0,0
C000261,CAMP008,2026-05-10,Mobile App,0,0,0
C000261,CAMP007,2026-08-10,Email,1,0,0
C000261,CAMP001,2026-07-21,Email,0,0,0
C000262,CAMP004,2026-06-27,Mobile App,0,0,0
C000262,CAMP001,2026-06-01,Email,0,0,0
C000262,CAMP003,2026-06-19,Email,1,1,0
C000263,CAMP007,2026-06-28,Email,1,0,0
C000263,CAMP001,2026-05-29,Email,0,0,0
C000263,CAMP003,2026-07-02,Email,0,0,0
C000263,CAMP006,2026-06-27,Mobile App,0,0,0
C000263,CAMP005,2026-07-05,Email,1,1,1
C000263,CAMP008,2026-08-20,Email,1,0,0
C000263,CAMP002,2026-06-12,Mobile App,1,0,0
C000264,CAMP008,2026-05-04,Email,1,0,0
C000264,CAMP001,2026-04-12,Email,0,0,0
C000264,CAMP007,2026-08-16,Mobile App,1,1,1
C000264,CAMP003,2026-06-25,Email,0,0,0
C000264,CAMP006,2026-04-27,Email,1,0,0
C000264,CAMP004,2026-08-23,Email,1,1,1
C000265,CAMP005,2026-05-31,Email,0,0,0
C000265,CAMP003,2026-04-29,Email,1,0,0
C000265,CAMP007,2026-04-29,Email,1,0,0
C000265,CAMP006,2026-05-10,Mobile App,0,0,0
C000265,CAMP002,2026-05-18,Email,0,0,0
C000266,CAMP001,2026-06-19,Mobile App,0,0,0
C000266,CAMP003,2026-06-17,Mobile App,0,0,0
C000266,CAMP008,2026-04-07,Mobile App,1,0,0
C000267,CAMP005,2026-05-08,Email,1,1,0
C000267,CAMP003,2026-07-23,Email,1,1,0
C000267,CAMP007,2026-05-01,Mobile App,1,1,1
C000267,CAMP001,2026-06-29,Mobile App,1,1,1
C000267,CAMP002,2026-07-14,Email,0,0,0
C000267,CAMP006,2026-04-04,Mobile App,0,0,0
C000267,CAMP008,2026-08-14,Email,1,1,0
C000268,CAMP003,2026-08-21,Mobile App,1,1,0
C000268,CAMP007,2026-07-31,Email,0,0,0
C000268,CAMP008,2026-06-05,Mobile App,1,1,0
C000268,CAMP001,2026-08-22,Email,0,0,0
C000268,CAMP002,2026-06-16,Email,0,0,0
C000268,CAMP004,2026-06-08,Email,1,0,0
C000269,CAMP001,2026-06-24,Mobile App,0,0,0
C000269,CAMP006,2026-05-24,Mobile App,1,1,0
C000269,CAMP004,2026-06-15,Mobile App,1,0,0
C000269,CAMP003,2026-05-07,Email,1,1,0
C000269,CAMP007,2026-08-11,Mobile App,1,0,0
C000269,CAMP008,2026-05-01,Mobile App,0,0,0
C000269,CAMP002,2026-07-29,Email,0,0,0
C000270,CAMP004,2026-04-26,Mobile App,1,0,0
C000270,CAMP001,2026-07-14,Mobile App,1,0,0
C000270,CAMP002,2026-08-10,Email,0,0,0
C000270,CAMP005,2026-06-18,Email,1,0,0
C000270,CAMP008,2026-04-15,Email,0,0,0
C000270,CAMP007,2026-05-10,Mobile App,1,1,0
C000271,CAMP008,2026-06-16,Email,1,0,0
C000271,CAMP003,2026-05-31,Email,0,0,0
C000271,CAMP004,2026-04-28,Email,1,1,1
C000272,CAMP001,2026-04-06,Mobile App,0,0,0
C000272,CAMP006,2026-07-25,Mobile App,0,0,0
C000272,CAMP003,2026-07-16,Email,1,1,1
C000272,CAMP007,2026-08-18,Email,1,1,1
C000272,CAMP002,2026-04-25,Email,1,1,1
C000273,CAMP004,2026-04-21,Email,0,0,0
C000273,CAMP005,2026-05-26,Email,0,0,0
C000273,CAMP002,2026-07-03,Email,0,0,0
C000273,CAMP006,2026-07-19,Mobile App,0,0,0
C000273,CAMP007,2026-05-10,Mobile App,1,0,0
C000273,CAMP001,2026-04-19,Email,1,0,0
C000273,CAMP008,2026-07-23,Mobile App,0,0,0
C000274,CAMP003,2026-06-29,Email,1,1,1
C000274,CAMP002,2026-07-17,Mobile App,1,1,1
C000274,CAMP008,2026-05-11,Mobile App,0,0,0
C000274,CAMP001,2026-06-04,Mobile App,1,1,1
C000274,CAMP006,2026-08-03,Email,0,0,0
C000275,CAMP005,2026-05-20,Mobile App,0,0,0
C000275,CAMP006,2026-06-08,Email,0,0,0
C000275,CAMP004,2026-06-26,Email,0,0,0
C000275,CAMP001,2026-08-22,Email,0,0,0
C000275,CAMP002,2026-07-14,Email,0,0,0
C000275,CAMP007,2026-08-22,Mobile App,1,0,0
C000276,CAMP002,2026-08-05,Mobile App,0,0,0
C000276,CAMP003,2026-08-13,Email,0,0,0
C000276,CAMP007,2026-04-03,Mobile App,0,0,0
C000276,CAMP001,2026-07-07,Mobile App,1,0,0
C000276,CAMP004,2026-07-17,Mobile App,1,1,0
C000276,CAMP006,2026-06-11,Email,0,0,0
C000276,CAMP005,2026-07-18,Email,0,0,0
C000277,CAMP002,2026-08-13,Mobile App,1,1,1
C000277,CAMP003,2026-06-08,Email,1,0,0
C000277,CAMP005,2026-04-18,Mobile App,1,0,0
C000277,CAMP004,2026-05-18,Email,0,0,0
C000278,CAMP003,2026-04-06,Email,1,0,0
C000278,CAMP001,2026-07-14,Email,1,1,0
C000278,CAMP008,2026-06-29,Email,0,0,0
C000278,CAMP006,2026-06-16,Email,1,1,0
C000278,CAMP004,2026-05-17,Mobile App,1,1,0
C000279,CAMP002,2026-06-14,Mobile App,0,0,0
C000279,CAMP004,2026-07-01,Email,1,0,0
C000279,CAMP001,2026-04-16,Mobile App,0,0,0
C000279,CAMP005,2026-06-25,Email,1,0,0
C000279,CAMP003,2026-06-09,Email,1,0,0
C000280,CAMP003,2026-08-21,Email,0,0,0
C000280,CAMP006,2026-04-04,Mobile App,0,0,0
C000280,CAMP004,2026-08-19,Email,0,0,0
C000281,CAMP006,2026-08-02,Email,1,0,0
C000281,CAMP008,2026-04-12,Mobile App,0,0,0
C000281,CAMP001,2026-06-12,Mobile App,0,0,0
C000282,CAMP001,2026-05-11,Email,0,0,0
C000282,CAMP005,2026-05-11,Email,0,0,0
C000282,CAMP004,2026-04-26,Mobile App,0,0,0
C000282,CAMP002,2026-08-18,Mobile App,1,1,0
C000282,CAMP007,2026-05-04,Email,1,0,0
C000282,CAMP003,2026-04-06,Email,1,0,0
C000282,CAMP008,2026-08-24,Mobile App,1,0,0
C000283,CAMP006,2026-07-11,Mobile App,0,0,0
C000283,CAMP005,2026-07-20,Mobile App,1,1,0
C000283,CAMP002,2026-06-01,Mobile App,1,1,0
C000283,CAMP008,2026-08-17,Email,1,1,0
C000284,CAMP006,2026-04-22,Email,0,0,0
C000284,CAMP001,2026-07-03,Mobile App,0,0,0
C000284,CAMP008,2026-08-15,Mobile App,1,0,0
C000284,CAMP003,2026-06-10,Email,1,1,0
C000284,CAMP005,2026-05-08,Email,1,0,0
C000284,CAMP007,2026-04-07,Email,0,0,0
C000284,CAMP002,2026-06-29,Email,0,0,0
C000285,CAMP007,2026-07-11,Email,1,1,0
C000285,CAMP008,2026-07-30,Mobile App,0,0,0
C000285,CAMP002,2026-04-02,Email,1,0,0
C000285,CAMP001,2026-06-23,Mobile App,0,0,0
C000285,CAMP005,2026-06-10,Email,1,0,0
C000286,CAMP004,2026-08-11,Mobile App,1,0,0
C000286,CAMP007,2026-05-29,Mobile App,1,1,1
C000286,CAMP008,2026-08-18,Mobile App,1,1,1
C000286,CAMP003,2026-06-01,Mobile App,1,1,0
C000286,CAMP002,2026-07-02,Mobile App,1,0,0
C000286,CAMP006,2026-04-27,Mobile App,1,0,0
C000286,CAMP001,2026-05-09,Mobile App,0,0,0
C000287,CAMP004,2026-07-04,Mobile App,0,0,0
C000287,CAMP003,2026-05-13,Email,1,1,0
C000287,CAMP007,2026-04-13,Mobile App,1,1,0
C000287,CAMP008,2026-07-26,Mobile App,0,0,0
C000287,CAMP002,2026-06-01,Email,1,1,0
C000287,CAMP001,2026-05-25,Email,0,0,0
C000287,CAMP005,2026-08-08,Mobile App,1,0,0
C000288,CAMP004,2026-07-30,Email,0,0,0
C000288,CAMP002,2026-08-22,Email,1,1,0
C000288,CAMP008,2026-06-30,Email,0,0,0
C000288,CAMP006,2026-07-29,Email,1,1,0
C000288,CAMP005,2026-08-01,Email,0,0,0
C000289,CAMP006,2026-05-30,Mobile App,0,0,0
C000289,CAMP003,2026-06-06,Email,1,1,1
C000289,CAMP004,2026-07-21,Mobile App,0,0,0
C000289,CAMP008,2026-06-23,Mobile App,0,0,0
C000289,CAMP007,2026-05-14,Mobile App,0,0,0
C000289,CAMP002,2026-04-14,Mobile App,0,0,0
C000289,CAMP001,2026-06-03,Mobile App,0,0,0
C000290,CAMP006,2026-08-11,Email,1,1,1
C000290,CAMP001,2026-04-30,Email,1,0,0
C000290,CAMP008,2026-05-15,Email,1,1,0
C000291,CAMP007,2026-07-27,Email,1,1,0
C000291,CAMP006,2026-06-22,Email,1,1,0
C000291,CAMP005,2026-05-01,Email,0,0,0
C000291,CAMP002,2026-04-07,Mobile App,0,0,0
C000291,CAMP003,2026-04-07,Mobile App,0,0,0
C000292,CAMP008,2026-05-22,Mobile App,1,0,0
C000292,CAMP003,2026-05-23,Email,1,0,0
C000292,CAMP006,2026-08-24,Email,0,0,0
C000292,CAMP007,2026-05-15,Email,0,0,0
C000292,CAMP002,2026-08-02,Email,0,0,0
C000292,CAMP005,2026-05-02,Mobile App,1,0,0
C000292,CAMP004,2026-06-01,Email,0,0,0
C000293,CAMP007,2026-06-08,Email,0,0,0
C000293,CAMP002,2026-07-15,Mobile App,0,0,0
C000293,CAMP008,2026-04-24,Email,1,1,0
C000293,CAMP001,2026-05-22,Mobile App,1,0,0
C000293,CAMP006,2026-04-19,Email,1,0,0
C000293,CAMP003,2026-04-29,Email,0,0,0
C000294,CAMP004,2026-06-09,Mobile App,0,0,0
C000294,CAMP008,2026-08-24,Email,1,1,0
C000294,CAMP006,2026-06-22,Email,0,0,0
C000294,CAMP003,2026-05-14,Email,1,0,0
C000294,CAMP007,2026-08-03,Mobile App,1,1,1
C000294,CAMP001,2026-07-22,Email,1,1,0
C000295,CAMP006,2026-08-01,Mobile App,0,0,0
C000295,CAMP007,2026-07-10,Email,1,1,0
C000295,CAMP001,2026-06-26,Email,0,0,0
C000296,CAMP003,2026-06-23,Email,1,1,1
C000296,CAMP001,2026-06-04,Mobile App,1,0,0
C000296,CAMP007,2026-04-05,Email,0,0,0
C000297,CAMP004,2026-08-03,Email,0,0,0
C000297,CAMP001,2026-06-24,Email,1,1,0
C000297,CAMP007,2026-07-03,Mobile App,1,0,0
C000297,CAMP002,2026-06-25,Email,0,0,0
C000297,CAMP005,2026-05-17,Mobile App,1,1,0
C000297,CAMP008,2026-06-07,Email,0,0,0
C000298,CAMP008,2026-06-22,Mobile App,1,1,0
C000298,CAMP001,2026-04-06,Mobile App,1,0,0
C000298,CAMP003,2026-06-05,Mobile App,0,0,0
C000298,CAMP006,2026-04-04,Email,0,0,0
C000298,CAMP002,2026-07-11,Mobile App,0,0,0
C000298,CAMP004,2026-05-20,Email,0,0,0
C000298,CAMP007,2026-06-30,Email,1,1,0
C000299,CAMP001,2026-08-08,Email,1,0,0
C000299,CAMP004,2026-08-24,Email,1,1,1
C000299,CAMP008,2026-05-16,Mobile App,1,0,0
C000299,CAMP005,2026-06-17,Email,1,1,0
C000299,CAMP002,2026-06-12,Mobile App,1,1,0
C000300,CAMP003,2026-05-02,Mobile App,1,1,0
C000300,CAMP006,2026-06-21,Mobile App,1,0,0
C000300,CAMP007,2026-05-09,Email,0,0,0
C000300,CAMP004,2026-07-05,Email,1,0,0
C000301,CAMP006,2026-06-07,Mobile App,1,0,0
C000301,CAMP004,2026-08-24,Mobile App,1,1,1
C000301,CAMP001,2026-05-14,Mobile App,1,0,0
C000301,CAMP002,2026-05-12,Mobile App,1,1,0
C000302,CAMP008,2026-08-09,Mobile App,1,1,1
C000302,CAMP003,2026-07-30,Email,0,0,0
C000302,CAMP004,2026-08-08,Mobile App,0,0,0
C000302,CAMP005,2026-05-21,Email,1,1,0
C000302,CAMP001,2026-04-02,Email,0,0,0
C000302,CAMP002,2026-04-11,Mobile App,1,1,0
C000303,CAMP005,2026-08-08,Mobile App,1,0,0
C000303,CAMP006,2026-07-13,Email,0,0,0
C000303,CAMP002,2026-05-19,Email,0,0,0
C000303,CAMP007,2026-07-10,Email,0,0,0
C000303,CAMP004,2026-05-21,Mobile App,1,0,0
C000303,CAMP001,2026-04-24,Email,1,1,0
C000304,CAMP008,2026-05-08,Email,1,1,0
C000304,CAMP007,2026-08-14,Email,1,0,0
C000304,CAMP002,2026-04-24,Email,1,0,0
C000305,CAMP006,2026-07-16,Email,0,0,0
C000305,CAMP008,2026-08-01,Mobile App,1,0,0
C000305,CAMP002,2026-05-28,Email,0,0,0
C000305,CAMP004,2026-07-10,Email,0,0,0
C000305,CAMP003,2026-04-19,Mobile App,0,0,0
C000305,CAMP005,2026-05-28,Mobile App,0,0,0
C000305,CAMP007,2026-04-19,Email,1,0,0
C000306,CAMP004,2026-07-11,Mobile App,1,0,0
C000306,CAMP008,2026-08-15,Mobile App,0,0,0
C000306,CAMP005,2026-06-20,Email,0,0,0
C000306,CAMP007,2026-07-22,Email,1,0,0
C000307,CAMP004,2026-07-14,Mobile App,1,0,0
C000307,CAMP001,2026-05-04,Email,0,0,0
C000307,CAMP006,2026-07-04,Email,0,0,0
C000307,CAMP003,2026-07-15,Email,1,1,1
C000307,CAMP002,2026-07-24,Email,0,0,0
C000307,CAMP008,2026-05-10,Email,0,0,0
C000307,CAMP005,2026-07-05,Email,0,0,0
C000308,CAMP007,2026-05-09,Mobile App,0,0,0
C000308,CAMP004,2026-08-01,Email,0,0,0
C000308,CAMP005,2026-04-14,Email,0,0,0
C000308,CAMP008,2026-08-14,Mobile App,0,0,0
C000308,CAMP002,2026-04-17,Email,0,0,0
C000309,CAMP002,2026-06-11,Email,0,0,0
C000309,CAMP008,2026-08-24,Email,1,0,0
C000309,CAMP006,2026-08-15,Mobile App,0,0,0
C000309,CAMP004,2026-05-10,Email,0,0,0
C000309,CAMP005,2026-04-05,Email,0,0,0
C000310,CAMP002,2026-08-08,Mobile App,0,0,0
C000310,CAMP006,2026-05-13,Email,0,0,0
C000310,CAMP005,2026-05-15,Email,0,0,0
C000311,CAMP007,2026-05-19,Email,1,0,0
C000311,CAMP008,2026-04-29,Email,1,0,0
C000311,CAMP004,2026-06-07,Email,1,0,0
C000311,CAMP006,2026-08-12,Mobile App,0,0,0
C000311,CAMP003,2026-05-31,Email,0,0,0
C000311,CAMP002,2026-08-06,Mobile App,0,0,0
C000312,CAMP008,2026-06-28,Email,1,0,0
C000312,CAMP005,2026-06-11,Email,1,1,0
C000312,CAMP003,2026-05-16,Email,1,0,0
C000313,CAMP007,2026-06-13,Email,1,1,0
C000313,CAMP005,2026-07-02,Email,0,0,0
C000313,CAMP003,2026-08-23,Mobile App,1,0,0
C000313,CAMP006,2026-04-19,Mobile App,1,0,0
C000314,CAMP007,2026-04-16,Mobile App,1,1,1
C000314,CAMP008,2026-04-11,Email,0,0,0
C000314,CAMP001,2026-06-14,Email,0,0,0
C000314,CAMP006,2026-08-16,Email,1,1,1
C000314,CAMP003,2026-05-27,Email,0,0,0
C000314,CAMP004,2026-07-04,Mobile App,0,0,0
C000314,CAMP002,2026-04-19,Email,0,0,0
C000315,CAMP001,2026-08-12,Email,0,0,0
C000315,CAMP007,2026-05-17,Email,1,1,0
C000315,CAMP004,2026-05-04,Mobile App,1,1,0
C000315,CAMP006,2026-07-13,Email,1,0,0
C000316,CAMP004,2026-06-13,Email,1,0,0
C000316,CAMP003,2026-05-31,Email,1,1,1
C000316,CAMP006,2026-07-23,Email,1,0,0
C000316,CAMP007,2026-08-02,Email,0,0,0
C000316,CAMP002,2026-05-18,Mobile App,1,0,0
C000316,CAMP008,2026-06-13,Mobile App,1,1,0
C000317,CAMP006,2026-05-10,Email,1,0,0
C000317,CAMP004,2026-08-10,Mobile App,1,1,0
C000317,CAMP008,2026-07-11,Email,1,1,0
C000317,CAMP002,2026-05-31,Email,1,1,0
C000317,CAMP007,2026-06-14,Mobile App,1,0,0
C000317,CAMP001,2026-07-18,Email,0,0,0
C000317,CAMP003,2026-05-31,Email,0,0,0
C000318,CAMP001,2026-08-17,Mobile App,0,0,0
C000318,CAMP007,2026-08-22,Email,0,0,0
C000318,CAMP008,2026-07-03,Email,0,0,0
C000319,CAMP003,2026-06-10,Mobile App,1,0,0
C000319,CAMP004,2026-08-23,Email,0,0,0
C000319,CAMP001,2026-06-27,Mobile App,1,0,0
C000319,CAMP002,2026-07-14,Email,0,0,0
C000320,CAMP005,2026-06-25,Mobile App,0,0,0
C000320,CAMP008,2026-06-01,Email,0,0,0
C000320,CAMP006,2026-07-16,Email,0,0,0
C000320,CAMP003,2026-04-25,Email,0,0,0
C000320,CAMP007,2026-07-15,Email,0,0,0
C000320,CAMP002,2026-08-16,Mobile App,1,0,0
C000321,CAMP004,2026-06-24,Email,1,0,0
C000321,CAMP001,2026-08-21,Mobile App,1,1,1
C000321,CAMP002,2026-06-05,Mobile App,0,0,0
C000321,CAMP007,2026-08-08,Email,1,0,0
C000322,CAMP002,2026-05-15,Mobile App,0,0,0
C000322,CAMP008,2026-04-14,Mobile App,1,1,1
C000322,CAMP004,2026-06-25,Email,0,0,0
C000322,CAMP001,2026-08-18,Mobile App,1,0,0
C000322,CAMP005,2026-06-06,Mobile App,0,0,0
C000323,CAMP001,2026-07-02,Email,0,0,0
C000323,CAMP005,2026-05-19,Mobile App,1,0,0
C000323,CAMP007,2026-07-26,Mobile App,0,0,0
C000324,CAMP003,2026-08-07,Mobile App,0,0,0
C000324,CAMP005,2026-07-24,Mobile App,0,0,0
C000324,CAMP007,2026-05-28,Email,0,0,0
C000324,CAMP004,2026-07-05,Mobile App,1,1,0
C000324,CAMP008,2026-07-28,Email,0,0,0
C000324,CAMP006,2026-08-03,Email,1,0,0
C000324,CAMP002,2026-04-25,Email,1,1,0
C000325,CAMP003,2026-04-09,Email,0,0,0
C000325,CAMP008,2026-05-05,Mobile App,1,0,0
C000325,CAMP007,2026-05-28,Email,1,1,1
C000325,CAMP005,2026-08-05,Mobile App,0,0,0
C000326,CAMP002,2026-05-01,Mobile App,1,1,0
C000326,CAMP006,2026-04-24,Mobile App,1,1,0
C000326,CAMP004,2026-04-21,Mobile App,1,1,0
C000327,CAMP007,2026-08-04,Email,0,0,0
C000327,CAMP001,2026-06-25,Mobile App,1,1,0
C000327,CAMP002,2026-06-30,Mobile App,1,0,0
C000327,CAMP003,2026-04-24,Email,1,1,0
C000328,CAMP006,2026-05-11,Mobile App,1,0,0
C000328,CAMP007,2026-08-09,Mobile App,0,0,0
C000328,CAMP004,2026-07-08,Email,1,0,0
C000328,CAMP003,2026-05-22,Mobile App,0,0,0
C000328,CAMP001,2026-05-14,Mobile App,1,0,0
C000328,CAMP005,2026-04-07,Email,1,0,0
C000328,CAMP008,2026-06-03,Mobile App,0,0,0
C000329,CAMP005,2026-05-06,Mobile App,0,0,0
C000329,CAMP003,2026-07-13,Email,1,0,0
C000329,CAMP008,2026-07-28,Email,0,0,0
C000329,CAMP007,2026-08-14,Mobile App,1,0,0
C000329,CAMP001,2026-04-12,Mobile App,0,0,0
C000329,CAMP004,2026-07-10,Email,1,1,0
C000330,CAMP008,2026-05-16,Email,0,0,0
C000330,CAMP005,2026-08-15,Email,1,1,0
C000330,CAMP006,2026-06-10,Mobile App,1,1,0
C000330,CAMP002,2026-08-20,Mobile App,1,1,0
C000330,CAMP004,2026-07-26,Email,1,0,0
C000330,CAMP007,2026-05-10,Mobile App,1,1,0
C000330,CAMP001,2026-08-08,Email,1,1,0
C000331,CAMP006,2026-08-02,Email,0,0,0
C000331,CAMP003,2026-06-30,Email,1,0,0
C000331,CAMP002,2026-07-13,Email,1,0,0
C000332,CAMP002,2026-08-16,Email,1,1,0
C000332,CAMP004,2026-05-28,Email,0,0,0
C000332,CAMP003,2026-06-09,Email,0,0,0
C000332,CAMP001,2026-06-29,Email,1,1,0
C000332,CAMP006,2026-07-06,Email,0,0,0
C000332,CAMP007,2026-05-09,Mobile App,0,0,0
C000332,CAMP005,2026-04-25,Mobile App,1,0,0
C000333,CAMP008,2026-07-18,Email,1,0,0
C000333,CAMP003,2026-04-13,Email,1,0,0
C000333,CAMP005,2026-04-22,Email,0,0,0
C000333,CAMP007,2026-06-15,Mobile App,1,1,0
C000333,CAMP001,2026-07-20,Mobile App,0,0,0
C000334,CAMP006,2026-04-11,Email,0,0,0
C000334,CAMP003,2026-06-16,Email,0,0,0
C000334,CAMP008,2026-08-07,Mobile App,0,0,0
C000335,CAMP008,2026-07-22,Email,0,0,0
C000335,CAMP007,2026-07-04,Mobile App,0,0,0
C000335,CAMP001,2026-08-21,Mobile App,0,0,0
C000336,CAMP002,2026-08-04,Email,1,0,0
C000336,CAMP004,2026-07-03,Mobile App,1,1,0
C000336,CAMP007,2026-06-03,Mobile App,1,1,1
C000336,CAMP008,2026-07-19,Mobile App,0,0,0
C000336,CAMP003,2026-04-27,Email,1,1,0
C000336,CAMP006,2026-07-29,Mobile App,1,1,0
C000336,CAMP005,2026-05-12,Mobile App,1,1,0
C000337,CAMP004,2026-04-29,Email,1,0,0
C000337,CAMP002,2026-08-01,Email,1,1,1
C000337,CAMP001,2026-05-05,Mobile App,0,0,0
C000338,CAMP005,2026-06-24,Email,0,0,0
C000338,CAMP008,2026-06-02,Email,1,0,0
C000338,CAMP007,2026-06-28,Email,1,1,0
C000338,CAMP003,2026-05-09,Mobile App,1,0,0
C000339,CAMP005,2026-04-07,Email,1,0,0
C000339,CAMP004,2026-08-23,Email,1,1,1
C000339,CAMP001,2026-08-17,Email,0,0,0
C000340,CAMP006,2026-06-23,Email,1,1,0
C000340,CAMP002,2026-08-24,Email,1,0,0
C000340,CAMP008,2026-05-15,Email,0,0,0
C000340,CAMP007,2026-08-18,Email,0,0,0
C000341,CAMP002,2026-06-11,Email,1,0,0
C000341,CAMP007,2026-05-24,Email,0,0,0
C000341,CAMP008,2026-04-17,Mobile App,0,0,0
C000341,CAMP005,2026-04-16,Mobile App,1,0,0
C000341,CAMP001,2026-05-14,Email,1,1,0
C000341,CAMP006,2026-06-28,Email,0,0,0
C000342,CAMP007,2026-08-23,Mobile App,0,0,0
C000342,CAMP001,2026-05-07,Email,0,0,0
C000342,CAMP004,2026-07-21,Mobile App,1,1,0
C000342,CAMP008,2026-04-04,Mobile App,1,0,0
C000342,CAMP006,2026-05-08,Email,0,0,0
C000342,CAMP003,2026-06-11,Mobile App,1,1,0
C000343,CAMP001,2026-04-24,Email,1,0,0
C000343,CAMP006,2026-04-25,Email,0,0,0
C000343,CAMP002,2026-08-05,Mobile App,1,1,0
C000343,CAMP007,2026-08-03,Email,0,0,0
C000344,CAMP008,2026-04-24,Email,1,1,0
C000344,CAMP002,2026-04-15,Mobile App,0,0,0
C000344,CAMP005,2026-08-24,Mobile App,1,0,0
C000344,CAMP001,2026-07-05,Email,0,0,0
C000344,CAMP007,2026-05-02,Email,1,1,0
C000345,CAMP008,2026-05-04,Email,0,0,0
C000345,CAMP001,2026-07-01,Mobile App,0,0,0
C000345,CAMP006,2026-05-31,Mobile App,1,0,0
C000345,CAMP007,2026-07-19,Email,0,0,0
C000345,CAMP004,2026-07-21,Email,0,0,0
C000346,CAMP004,2026-06-05,Email,1,1,1
C000346,CAMP006,2026-04-20,Email,0,0,0
C000346,CAMP007,2026-05-15,Email,1,0,0
C000346,CAMP002,2026-06-09,Mobile App,0,0,0
C000347,CAMP002,2026-05-27,Email,0,0,0
C000347,CAMP007,2026-06-27,Email,0,0,0
C000347,CAMP004,2026-06-14,Mobile App,0,0,0
C000347,CAMP005,2026-07-28,Mobile App,1,1,0
C000347,CAMP006,2026-05-04,Email,0,0,0
C000347,CAMP003,2026-05-29,Email,0,0,0
C000348,CAMP005,2026-08-21,Email,1,0,0
C000348,CAMP001,2026-04-07,Email,1,1,1
C000348,CAMP006,2026-08-13,Email,0,0,0
C000348,CAMP007,2026-06-18,Email,0,0,0
C000348,CAMP002,2026-08-02,Email,1,1,1
C000349,CAMP007,2026-06-02,Email,1,1,0
C000349,CAMP005,2026-06-19,Email,0,0,0
C000349,CAMP008,2026-06-12,Email,0,0,0
C000349,CAMP001,2026-07-06,Mobile App,0,0,0
C000349,CAMP004,2026-05-08,Email,0,0,0
C000350,CAMP007,2026-08-17,Mobile App,0,0,0
C000350,CAMP001,2026-08-09,Email,1,0,0
C000350,CAMP006,2026-05-01,Email,1,0,0
C000350,CAMP008,2026-04-17,Email,0,0,0
C000350,CAMP002,2026-05-12,Email,1,0,0
C000350,CAMP005,2026-07-12,Mobile App,1,1,0
C000351,CAMP005,2026-04-17,Mobile App,0,0,0
C000351,CAMP007,2026-07-23,Email,0,0,0
C000351,CAMP008,2026-07-27,Email,0,0,0
C000352,CAMP002,2026-04-03,Email,0,0,0
C000352,CAMP006,2026-08-24,Email,1,0,0
C000352,CAMP001,2026-06-08,Email,1,1,0
C000352,CAMP008,2026-07-28,Email,0,0,0
C000352,CAMP007,2026-05-18,Email,0,0,0
C000353,CAMP008,2026-05-16,Email,1,0,0
C000353,CAMP007,2026-07-04,Email,0,0,0
C000353,CAMP003,2026-06-30,Email,1,1,1
C000354,CAMP001,2026-08-21,Mobile App,0,0,0
C000354,CAMP003,2026-04-02,Mobile App,0,0,0
C000354,CAMP005,2026-06-05,Mobile App,0,0,0
C000355,CAMP005,2026-04-19,Mobile App,0,0,0
C000355,CAMP008,2026-06-10,Email,1,0,0
C000355,CAMP004,2026-06-25,Email,1,0,0
C000356,CAMP007,2026-04-27,Email,1,0,0
C000356,CAMP001,2026-04-08,Email,1,0,0
C000356,CAMP008,2026-07-03,Email,1,1,0
C000357,CAMP003,2026-07-13,Mobile App,1,0,0
C000357,CAMP005,2026-07-10,Mobile App,0,0,0
C000357,CAMP007,2026-05-07,Email,0,0,0
C000358,CAMP003,2026-05-23,Email,1,1,0
C000358,CAMP007,2026-04-28,Mobile App,1,0,0
C000358,CAMP004,2026-08-23,Email,1,0,0
C000358,CAMP002,2026-06-08,Mobile App,0,0,0
C000358,CAMP001,2026-05-14,Mobile App,1,1,0
C000359,CAMP008,2026-07-25,Email,1,0,0
C000359,CAMP004,2026-06-11,Mobile App,1,1,0
C000359,CAMP006,2026-04-29,Mobile App,0,0,0
C000360,CAMP001,2026-05-29,Mobile App,0,0,0
C000360,CAMP002,2026-04-29,Email,1,1,0
C000360,CAMP005,2026-05-28,Mobile App,1,0,0
C000360,CAMP006,2026-06-30,Mobile App,1,1,0
C000360,CAMP004,2026-04-07,Email,0,0,0
C000360,CAMP003,2026-07-15,Email,1,0,0
C000360,CAMP008,2026-05-04,Mobile App,1,0,0
C000361,CAMP007,2026-08-14,Email,1,1,0
C000361,CAMP004,2026-07-21,Mobile App,1,0,0
C000361,CAMP003,2026-04-07,Email,1,0,0
C000361,CAMP001,2026-07-07,Mobile App,1,0,0
C000361,CAMP005,2026-04-02,Mobile App,1,0,0
C000362,CAMP007,2026-05-11,Mobile App,0,0,0
C000362,CAMP008,2026-07-11,Email,1,1,0
C000362,CAMP004,2026-06-30,Mobile App,1,1,1
C000362,CAMP006,2026-08-08,Mobile App,0,0,0
C000363,CAMP005,2026-07-18,Mobile App,0,0,0
C000363,CAMP001,2026-05-05,Email,0,0,0
C000363,CAMP008,2026-04-30,Mobile App,1,0,0
C000363,CAMP002,2026-08-12,Email,1,0,0
C000364,CAMP004,2026-07-17,Email,0,0,0
C000364,CAMP008,2026-04-08,Email,0,0,0
C000364,CAMP002,2026-05-28,Email,0,0,0
C000364,CAMP001,2026-04-20,Email,0,0,0
C000365,CAMP005,2026-05-10,Mobile App,0,0,0
C000365,CAMP007,2026-07-05,Email,1,0,0
C000365,CAMP003,2026-07-18,Mobile App,0,0,0
C000365,CAMP002,2026-06-01,Mobile App,0,0,0
C000365,CAMP008,2026-05-19,Mobile App,0,0,0
C000366,CAMP004,2026-08-15,Email,1,1,1
C000366,CAMP005,2026-04-02,Mobile App,0,0,0
C000366,CAMP007,2026-08-16,Mobile App,0,0,0
C000366,CAMP008,2026-07-08,Mobile App,0,0,0
C000367,CAMP004,2026-07-30,Mobile App,1,0,0
C000367,CAMP005,2026-05-22,Email,1,0,0
C000367,CAMP006,2026-06-01,Email,1,0,0
C000367,CAMP001,2026-04-06,Email,1,1,1
C000367,CAMP008,2026-06-24,Mobile App,1,0,0
C000368,CAMP001,2026-06-16,Mobile App,0,0,0
C000368,CAMP006,2026-06-13,Email,1,0,0
C000368,CAMP008,2026-07-25,Mobile App,0,0,0
C000368,CAMP003,2026-06-08,Mobile App,0,0,0
C000368,CAMP007,2026-07-11,Email,1,1,0
C000369,CAMP006,2026-04-26,Email,1,1,0
C000369,CAMP007,2026-08-22,Email,1,1,0
C000369,CAMP002,2026-04-04,Email,0,0,0
C000369,CAMP001,2026-05-29,Email,1,0,0
C000370,CAMP006,2026-06-28,Mobile App,0,0,0
C000370,CAMP007,2026-04-19,Mobile App,1,0,0
C000370,CAMP001,2026-07-11,Mobile App,0,0,0
C000370,CAMP008,2026-07-25,Email,1,0,0
C000371,CAMP002,2026-08-13,Mobile App,1,1,1
C000371,CAMP008,2026-04-04,Email,1,0,0
C000371,CAMP001,2026-04-22,Email,1,0,0
C000371,CAMP004,2026-06-26,Email,1,0,0
C000372,CAMP005,2026-05-09,Email,0,0,0
C000372,CAMP002,2026-08-03,Mobile App,1,0,0
C000372,CAMP004,2026-06-17,Email,1,0,0
C000373,CAMP002,2026-07-03,Email,1,0,0
C000373,CAMP006,2026-08-07,Email,0,0,0
C000373,CAMP008,2026-07-16,Mobile App,0,0,0
C000373,CAMP007,2026-04-23,Email,0,0,0
C000373,CAMP005,2026-06-09,Email,1,0,0
C000373,CAMP001,2026-07-08,Mobile App,0,0,0
C000374,CAMP002,2026-04-20,Email,1,0,0
C000374,CAMP004,2026-07-13,Email,1,0,0
C000374,CAMP003,2026-04-12,Email,1,0,0
C000374,CAMP001,2026-08-21,Email,0,0,0
C000375,CAMP002,2026-07-02,Email,1,0,0
C000375,CAMP003,2026-07-08,Mobile App,1,0,0
C000375,CAMP008,2026-06-17,Email,1,1,1
C000375,CAMP007,2026-04-13,Mobile App,1,1,0
C000376,CAMP001,2026-05-31,Email,0,0,0
C000376,CAMP006,2026-07-18,Mobile App,0,0,0
C000376,CAMP007,2026-05-28,Email,0,0,0
C000376,CAMP003,2026-06-04,Email,0,0,0
C000376,CAMP002,2026-05-19,Email,0,0,0
C000376,CAMP005,2026-06-16,Mobile App,1,0,0
C000376,CAMP004,2026-06-03,Mobile App,0,0,0
C000377,CAMP005,2026-08-23,Mobile App,0,0,0
C000377,CAMP001,2026-04-09,Mobile App,0,0,0
C000377,CAMP006,2026-06-13,Email,0,0,0
C000377,CAMP003,2026-04-19,Email,1,1,1
C000377,CAMP004,2026-05-04,Mobile App,0,0,0
C000377,CAMP008,2026-05-27,Mobile App,1,1,1
C000377,CAMP002,2026-04-20,Email,0,0,0
C000378,CAMP005,2026-04-13,Email,0,0,0
C000378,CAMP004,2026-06-08,Mobile App,0,0,0
C000378,CAMP008,2026-05-28,Mobile App,1,0,0
C000378,CAMP006,2026-04-27,Email,1,0,0
C000378,CAMP001,2026-08-06,Mobile App,0,0,0
C000378,CAMP003,2026-06-23,Mobile App,0,0,0
C000379,CAMP008,2026-07-30,Email,1,0,0
C000379,CAMP005,2026-06-03,Email,0,0,0
C000379,CAMP007,2026-04-02,Mobile App,1,0,0
C000380,CAMP003,2026-08-17,Mobile App,1,0,0
C000380,CAMP007,2026-06-06,Mobile App,0,0,0
C000380,CAMP001,2026-06-26,Email,0,0,0
C000380,CAMP006,2026-06-22,Email,1,0,0
C000380,CAMP008,2026-06-03,Email,1,1,0
C000380,CAMP002,2026-04-03,Mobile App,1,0,0
C000381,CAMP003,2026-06-10,Mobile App,1,0,0
C000381,CAMP005,2026-08-21,Mobile App,0,0,0
C000381,CAMP008,2026-04-14,Mobile App,0,0,0
C000381,CAMP006,2026-07-29,Email,0,0,0
C000381,CAMP004,2026-07-18,Email,1,1,0
C000381,CAMP007,2026-08-14,Email,1,1,1
C000382,CAMP008,2026-06-20,Mobile App,0,0,0
C000382,CAMP001,2026-05-25,Mobile App,1,0,0
C000382,CAMP004,2026-04-26,Mobile App,1,0,0
C000382,CAMP005,2026-07-16,Email,0,0,0
C000382,CAMP006,2026-06-06,Email,0,0,0
C000382,CAMP002,2026-05-15,Email,0,0,0
C000382,CAMP007,2026-08-01,Email,0,0,0
C000383,CAMP004,2026-05-18,Email,1,0,0
C000383,CAMP001,2026-07-10,Email,0,0,0
C000383,CAMP008,2026-04-09,Email,1,1,1
C000383,CAMP003,2026-07-10,Email,0,0,0
C000383,CAMP005,2026-04-14,Email,1,0,0
C000383,CAMP002,2026-05-10,Email,1,1,1
C000383,CAMP006,2026-04-03,Email,1,1,0
C000384,CAMP001,2026-05-17,Mobile App,1,1,0
C000384,CAMP007,2026-05-17,Email,0,0,0
C000384,CAMP005,2026-06-17,Email,0,0,0
C000385,CAMP003,2026-07-21,Mobile App,0,0,0
C000385,CAMP002,2026-05-29,Email,1,0,0
C000385,CAMP001,2026-07-26,Email,0,0,0
C000385,CAMP004,2026-04-13,Mobile App,1,0,0
C000385,CAMP007,2026-04-12,Email,1,1,0
C000386,CAMP007,2026-06-03,Mobile App,1,1,1
C000386,CAMP006,2026-08-09,Email,0,0,0
C000386,CAMP004,2026-05-10,Email,0,0,0
C000387,CAMP006,2026-05-28,Mobile App,0,0,0
C000387,CAMP003,2026-07-24,Mobile App,0,0,0
C000387,CAMP002,2026-07-25,Email,1,0,0
C000387,CAMP004,2026-05-01,Mobile App,0,0,0
C000387,CAMP001,2026-04-02,Email,0,0,0
C000388,CAMP003,2026-04-28,Mobile App,1,0,0
C000388,CAMP004,2026-07-05,Email,1,0,0
C000388,CAMP001,2026-05-12,Mobile App,1,1,0
C000388,CAMP007,2026-05-06,Email,1,1,0
C000388,CAMP006,2026-05-12,Mobile App,0,0,0
C000389,CAMP001,2026-08-03,Email,0,0,0
C000389,CAMP007,2026-04-03,Mobile App,0,0,0
C000389,CAMP008,2026-04-12,Email,1,1,0
C000390,CAMP006,2026-07-29,Email,1,0,0
C000390,CAMP003,2026-08-09,Email,0,0,0
C000390,CAMP008,2026-07-03,Email,1,0,0
C000390,CAMP001,2026-08-19,Email,1,0,0
C000390,CAMP007,2026-06-15,Mobile App,1,1,1
C000391,CAMP007,2026-07-18,Email,0,0,0
C000391,CAMP002,2026-07-20,Email,1,0,0
C000391,CAMP001,2026-06-18,Mobile App,1,1,0
C000391,CAMP003,2026-08-22,Email,1,0,0
C000391,CAMP005,2026-05-21,Email,0,0,0
C000391,CAMP006,2026-08-23,Email,1,1,1
C000391,CAMP008,2026-07-19,Email,0,0,0
C000392,CAMP005,2026-08-17,Email,0,0,0
C000392,CAMP008,2026-04-15,Mobile App,0,0,0
C000392,CAMP007,2026-05-27,Mobile App,0,0,0
C000392,CAMP004,2026-06-18,Mobile App,1,0,0
C000392,CAMP003,2026-05-11,Email,1,0,0
C000392,CAMP006,2026-06-17,Email,0,0,0
C000392,CAMP001,2026-08-15,Email,1,0,0
C000393,CAMP003,2026-04-12,Email,1,1,0
C000393,CAMP002,2026-04-03,Email,1,1,0
C000393,CAMP006,2026-04-18,Email,0,0,0
C000393,CAMP001,2026-07-17,Mobile App,1,0,0
C000394,CAMP001,2026-04-11,Email,1,0,0
C000394,CAMP003,2026-05-08,Email,0,0,0
C000394,CAMP005,2026-08-04,Mobile App,0,0,0
C000394,CAMP004,2026-05-08,Mobile App,0,0,0
C000395,CAMP002,2026-05-26,Mobile App,0,0,0
C000395,CAMP004,2026-07-01,Mobile App,0,0,0
C000395,CAMP001,2026-07-02,Mobile App,1,1,0
C000395,CAMP005,2026-06-14,Email,1,1,0
C000396,CAMP006,2026-04-06,Email,1,0,0
C000396,CAMP003,2026-06-23,Email,1,1,0
C000396,CAMP005,2026-07-29,Email,0,0,0
C000396,CAMP001,2026-06-21,Email,0,0,0
C000397,CAMP002,2026-06-11,Mobile App,1,0,0
C000397,CAMP007,2026-06-29,Email,0,0,0
C000397,CAMP008,2026-05-19,Email,0,0,0
C000397,CAMP004,2026-04-16,Email,0,0,0
C000397,CAMP003,2026-08-08,Email,1,1,0
C000397,CAMP001,2026-05-15,Email,0,0,0
C000397,CAMP005,2026-05-31,Email,0,0,0
C000398,CAMP001,2026-07-19,Mobile App,0,0,0
C000398,CAMP006,2026-07-27,Mobile App,0,0,0
C000398,CAMP004,2026-05-01,Mobile App,1,1,0
C000398,CAMP007,2026-04-12,Email,1,1,0
C000398,CAMP008,2026-05-20,Email,1,0,0
C000399,CAMP006,2026-06-25,Email,1,0,0
C000399,CAMP005,2026-04-05,Email,1,1,0
C000399,CAMP004,2026-06-07,Mobile App,0,0,0
C000399,CAMP008,2026-05-19,Email,0,0,0
C000400,CAMP003,2026-07-01,Email,0,0,0
C000400,CAMP004,2026-08-07,Mobile App,1,1,0
C000400,CAMP001,2026-08-17,Email,0,0,0
C000400,CAMP005,2026-07-22,Email,1,1,0
C000400,CAMP006,2026-07-02,Email,1,1,0
C000400,CAMP007,2026-07-11,Email,0,0,0
C000401,CAMP002,2026-04-22,Email,0,0,0
C000401,CAMP008,2026-06-09,Email,1,1,0
C000401,CAMP001,2026-08-17,Email,0,0,0
C000401,CAMP003,2026-04-24,Email,0,0,0
C000401,CAMP004,2026-06-06,Mobile App,0,0,0
C000402,CAMP008,2026-05-07,Mobile App,0,0,0
C000402,CAMP005,2026-06-17,Mobile App,0,0,0
C000402,CAMP001,2026-07-29,Mobile App,0,0,0
C000403,CAMP004,2026-08-20,Mobile App,0,0,0
C000403,CAMP003,2026-07-19,Mobile App,0,0,0
C000403,CAMP002,2026-06-12,Email,0,0,0
C000403,CAMP001,2026-08-19,Email,1,0,0
C000403,CAMP008,2026-07-24,Email,0,0,0
C000403,CAMP006,2026-08-15,Mobile App,0,0,0
C000404,CAMP002,2026-08-08,Email,1,0,0
C000404,CAMP003,2026-07-06,Email,0,0,0
C000404,CAMP006,2026-06-08,Email,1,1,0
C000405,CAMP001,2026-07-27,Email,0,0,0
C000405,CAMP008,2026-06-13,Mobile App,0,0,0
C000405,CAMP007,2026-07-21,Email,1,0,0
C000405,CAMP004,2026-04-22,Email,0,0,0
C000405,CAMP006,2026-07-02,Mobile App,1,0,0
C000406,CAMP006,2026-08-24,Email,1,0,0
C000406,CAMP007,2026-06-05,Email,1,1,1
C000406,CAMP008,2026-05-10,Mobile App,1,1,1
C000406,CAMP003,2026-06-22,Email,1,0,0
C000406,CAMP004,2026-06-02,Email,1,0,0
C000407,CAMP008,2026-07-19,Email,1,0,0
C000407,CAMP002,2026-06-02,Mobile App,1,1,0
C000407,CAMP004,2026-04-13,Email,1,0,0
C000408,CAMP004,2026-05-02,Email,0,0,0
C000408,CAMP003,2026-06-04,Email,1,0,0
C000408,CAMP005,2026-04-19,Email,0,0,0
C000409,CAMP008,2026-06-25,Mobile App,1,0,0
C000409,CAMP005,2026-07-10,Mobile App,0,0,0
C000409,CAMP001,2026-05-08,Mobile App,1,0,0
C000409,CAMP007,2026-05-18,Email,1,1,0
C000409,CAMP003,2026-08-13,Email,1,1,0
C000410,CAMP005,2026-07-18,Mobile App,1,1,0
C000410,CAMP003,2026-06-16,Email,0,0,0
C000410,CAMP002,2026-06-22,Email,0,0,0
C000410,CAMP007,2026-04-27,Email,0,0,0
C000411,CAMP006,2026-04-29,Email,0,0,0
C000411,CAMP002,2026-04-03,Email,0,0,0
C000411,CAMP004,2026-04-29,Email,0,0,0
C000411,CAMP001,2026-07-12,Email,0,0,0
C000411,CAMP007,2026-08-16,Email,0,0,0
C000411,CAMP005,2026-06-07,Mobile App,0,0,0
C000411,CAMP008,2026-06-25,Mobile App,0,0,0
C000412,CAMP003,2026-06-24,Email,0,0,0
C000412,CAMP007,2026-05-25,Email,0,0,0
C000412,CAMP006,2026-04-30,Mobile App,0,0,0
C000412,CAMP008,2026-04-03,Mobile App,0,0,0
C000412,CAMP004,2026-04-04,Email,1,0,0
C000412,CAMP002,2026-04-28,Email,0,0,0
C000413,CAMP007,2026-04-12,Email,0,0,0
C000413,CAMP006,2026-04-07,Email,1,0,0
C000413,CAMP002,2026-05-21,Mobile App,1,0,0
C000414,CAMP007,2026-04-08,Email,1,1,1
C000414,CAMP006,2026-06-12,Mobile App,0,0,0
C000414,CAMP004,2026-06-12,Email,1,0,0
C000415,CAMP007,2026-08-18,Email,0,0,0
C000415,CAMP001,2026-07-31,Email,1,1,0
C000415,CAMP005,2026-07-04,Email,0,0,0
C000415,CAMP002,2026-07-19,Email,1,1,1
C000415,CAMP004,2026-06-30,Email,1,0,0
C000415,CAMP003,2026-07-12,Email,1,1,0
C000415,CAMP006,2026-05-22,Email,1,0,0
C000416,CAMP001,2026-05-25,Mobile App,0,0,0
C000416,CAMP002,2026-08-15,Mobile App,0,0,0
C000416,CAMP005,2026-06-08,Email,0,0,0
C000416,CAMP008,2026-05-13,Email,0,0,0
C000416,CAMP003,2026-05-02,Mobile App,1,0,0
C000416,CAMP006,2026-08-14,Email,1,1,0
C000417,CAMP002,2026-06-23,Email,1,0,0
C000417,CAMP007,2026-04-07,Mobile App,0,0,0
C000417,CAMP005,2026-05-29,Email,1,0,0
C000417,CAMP008,2026-06-18,Mobile App,0,0,0
C000417,CAMP003,2026-08-23,Email,0,0,0
C000418,CAMP001,2026-05-08,Mobile App,0,0,0
C000418,CAMP008,2026-07-30,Email,0,0,0
C000418,CAMP004,2026-05-27,Email,1,0,0
C000418,CAMP003,2026-05-31,Mobile App,0,0,0
C000418,CAMP002,2026-04-03,Mobile App,1,0,0
C000419,CAMP007,2026-06-23,Mobile App,0,0,0
C000419,CAMP005,2026-06-14,Email,1,1,0
C000419,CAMP003,2026-04-30,Email,0,0,0
C000419,CAMP006,2026-04-14,Mobile App,0,0,0
C000419,CAMP002,2026-06-17,Email,0,0,0
C000419,CAMP001,2026-08-18,Email,0,0,0
C000420,CAMP005,2026-06-25,Email,0,0,0
C000420,CAMP004,2026-08-21,Mobile App,0,0,0
C000420,CAMP008,2026-07-25,Email,0,0,0
C000420,CAMP001,2026-04-12,Mobile App,1,0,0
C000420,CAMP003,2026-07-12,Mobile App,0,0,0
C000420,CAMP002,2026-04-22,Email,0,0,0
C000421,CAMP006,2026-05-08,Mobile App,1,0,0
C000421,CAMP008,2026-07-23,Mobile App,0,0,0
C000421,CAMP002,2026-05-14,Email,0,0,0
C000422,CAMP008,2026-06-08,Mobile App,1,1,0
C000422,CAMP004,2026-05-24,Mobile App,1,1,0
C000422,CAMP007,2026-06-13,Mobile App,1,1,0
C000422,CAMP003,2026-08-06,Email,1,0,0
C000422,CAMP001,2026-07-23,Email,1,0,0
C000423,CAMP006,2026-08-12,Mobile App,0,0,0
C000423,CAMP008,2026-07-03,Email,1,0,0
C000423,CAMP002,2026-07-15,Mobile App,1,0,0
C000423,CAMP001,2026-05-18,Email,0,0,0
C000423,CAMP004,2026-06-08,Mobile App,1,0,0
C000424,CAMP005,2026-04-13,Mobile App,0,0,0
C000424,CAMP006,2026-05-30,Mobile App,0,0,0
C000424,CAMP007,2026-06-29,Email,0,0,0
C000425,CAMP002,2026-04-28,Email,1,1,0
C000425,CAMP008,2026-04-03,Mobile App,0,0,0
C000425,CAMP003,2026-07-16,Mobile App,1,0,0
C000425,CAMP004,2026-06-25,Email,0,0,0
C000426,CAMP007,2026-05-10,Mobile App,0,0,0
C000426,CAMP008,2026-07-15,Email,0,0,0
C000426,CAMP001,2026-08-19,Mobile App,1,1,1
C000426,CAMP004,2026-05-27,Mobile App,0,0,0
C000427,CAMP006,2026-07-06,Email,1,1,0
C000427,CAMP003,2026-07-10,Mobile App,0,0,0
C000427,CAMP001,2026-04-30,Email,1,0,0
C000427,CAMP008,2026-07-12,Email,1,0,0
C000427,CAMP007,2026-05-16,Email,0,0,0
C000427,CAMP002,2026-05-14,Email,0,0,0
C000428,CAMP002,2026-04-07,Email,1,0,0
C000428,CAMP006,2026-04-15,Email,0,0,0
C000428,CAMP008,2026-04-18,Mobile App,0,0,0
C000428,CAMP001,2026-07-07,Email,0,0,0
C000428,CAMP007,2026-06-10,Mobile App,1,0,0
C000428,CAMP005,2026-04-30,Email,0,0,0
C000429,CAMP003,2026-07-10,Email,0,0,0
C000429,CAMP006,2026-07-07,Mobile App,1,0,0
C000429,CAMP004,2026-07-12,Email,1,0,0
C000429,CAMP007,2026-06-13,Mobile App,0,0,0
C000430,CAMP003,2026-08-20,Email,1,0,0
C000430,CAMP002,2026-06-15,Mobile App,0,0,0
C000430,CAMP005,2026-06-26,Mobile App,1,0,0
C000430,CAMP007,2026-05-23,Email,1,1,1
C000430,CAMP006,2026-08-19,Email,0,0,0
C000430,CAMP008,2026-05-03,Email,1,0,0
C000431,CAMP003,2026-04-25,Email,1,0,0
C000431,CAMP005,2026-06-04,Email,0,0,0
C000431,CAMP006,2026-06-18,Email,0,0,0
C000431,CAMP007,2026-04-02,Email,0,0,0
C000431,CAMP001,2026-06-29,Email,0,0,0
C000431,CAMP008,2026-07-15,Mobile App,0,0,0
C000431,CAMP004,2026-07-06,Email,1,0,0
C000432,CAMP006,2026-04-10,Email,0,0,0
C000432,CAMP008,2026-04-04,Mobile App,0,0,0
C000432,CAMP002,2026-05-11,Email,1,0,0
C000432,CAMP001,2026-07-21,Email,0,0,0
C000432,CAMP003,2026-08-24,Email,0,0,0
C000432,CAMP005,2026-08-17,Mobile App,0,0,0
C000432,CAMP004,2026-08-18,Email,1,0,0
C000433,CAMP007,2026-05-22,Mobile App,0,0,0
C000433,CAMP006,2026-08-22,Email,1,1,1
C000433,CAMP004,2026-04-18,Mobile App,0,0,0
C000433,CAMP002,2026-05-20,Mobile App,0,0,0
C000433,CAMP008,2026-08-02,Email,1,1,0
C000434,CAMP004,2026-04-08,Email,1,1,1
C000434,CAMP007,2026-07-22,Mobile App,1,1,1
C000434,CAMP006,2026-06-25,Mobile App,1,1,0
C000434,CAMP005,2026-04-13,Mobile App,1,1,1
C000434,CAMP008,2026-05-07,Mobile App,1,1,1
C000435,CAMP003,2026-06-19,Mobile App,0,0,0
C000435,CAMP001,2026-05-25,Mobile App,1,1,0
C000435,CAMP002,2026-06-26,Email,0,0,0
C000435,CAMP007,2026-04-02,Email,1,1,0
C000435,CAMP006,2026-05-04,Mobile App,1,1,1
C000436,CAMP003,2026-05-12,Mobile App,1,0,0
C000436,CAMP008,2026-08-08,Mobile App,0,0,0
C000436,CAMP001,2026-05-14,Email,1,1,0
C000436,CAMP002,2026-08-17,Mobile App,1,0,0
C000437,CAMP008,2026-06-13,Mobile App,1,1,0
C000437,CAMP001,2026-07-26,Mobile App,1,1,0
C000437,CAMP005,2026-06-23,Mobile App,1,0,0
C000437,CAMP006,2026-08-06,Email,1,1,0
C000437,CAMP004,2026-06-06,Mobile App,1,0,0
C000437,CAMP002,2026-07-19,Email,0,0,0
C000438,CAMP001,2026-06-02,Mobile App,1,0,0
C000438,CAMP002,2026-06-07,Email,0,0,0
C000438,CAMP004,2026-04-11,Email,1,1,0
C000438,CAMP006,2026-08-16,Email,0,0,0
C000439,CAMP007,2026-06-18,Mobile App,0,0,0
C000439,CAMP003,2026-05-27,Email,1,0,0
C000439,CAMP005,2026-08-04,Email,0,0,0
C000439,CAMP004,2026-08-17,Mobile App,1,1,0
C000439,CAMP002,2026-08-03,Email,1,0,0
C000439,CAMP006,2026-05-25,Email,0,0,0
C000440,CAMP005,2026-06-19,Mobile App,0,0,0
C000440,CAMP002,2026-06-19,Mobile App,0,0,0
C000440,CAMP008,2026-05-21,Email,0,0,0
C000440,CAMP001,2026-05-03,Mobile App,0,0,0
C000440,CAMP006,2026-04-06,Email,0,0,0
C000440,CAMP003,2026-07-30,Mobile App,1,0,0
C000440,CAMP004,2026-07-28,Mobile App,1,0,0
C000441,CAMP007,2026-05-02,Email,1,0,0
C000441,CAMP005,2026-04-23,Mobile App,0,0,0
C000441,CAMP006,2026-07-17,Mobile App,1,0,0
C000441,CAMP003,2026-08-13,Email,1,1,0
C000441,CAMP008,2026-04-23,Mobile App,1,1,0
C000441,CAMP001,2026-04-07,Mobile App,0,0,0
C000442,CAMP006,2026-04-20,Email,0,0,0
C000442,CAMP001,2026-08-14,Email,1,1,0
C000442,CAMP005,2026-05-31,Email,0,0,0
C000443,CAMP001,2026-07-11,Email,0,0,0
C000443,CAMP008,2026-05-15,Mobile App,0,0,0
C000443,CAMP002,2026-08-02,Mobile App,1,0,0
C000443,CAMP007,2026-05-07,Mobile App,1,0,0
C000444,CAMP008,2026-06-19,Email,1,1,1
C000444,CAMP003,2026-08-05,Email,1,1,0
C000444,CAMP007,2026-06-06,Mobile App,0,0,0
C000444,CAMP004,2026-04-15,Email,1,0,0
C000444,CAMP002,2026-07-10,Email,0,0,0
C000444,CAMP005,2026-06-13,Email,0,0,0
C000444,CAMP001,2026-08-14,Mobile App,0,0,0
C000445,CAMP004,2026-07-17,Mobile App,1,0,0
C000445,CAMP006,2026-06-04,Email,1,0,0
C000445,CAMP003,2026-07-29,Email,0,0,0
C000445,CAMP007,2026-07-26,Mobile App,1,1,0
C000445,CAMP005,2026-05-21,Email,0,0,0
C000445,CAMP008,2026-07-08,Mobile App,0,0,0
C000445,CAMP001,2026-06-01,Mobile App,0,0,0
C000446,CAMP008,2026-06-21,Email,1,0,0
C000446,CAMP002,2026-05-06,Email,0,0,0
C000446,CAMP006,2026-04-19,Mobile App,0,0,0
C000447,CAMP004,2026-06-24,Email,0,0,0
C000447,CAMP001,2026-06-20,Mobile App,0,0,0
C000447,CAMP006,2026-06-27,Email,1,1,1
C000448,CAMP006,2026-08-12,Email,0,0,0
C000448,CAMP005,2026-08-17,Email,0,0,0
C000448,CAMP002,2026-08-11,Mobile App,0,0,0
C000448,CAMP008,2026-06-13,Email,0,0,0
C000448,CAMP003,2026-05-30,Mobile App,0,0,0
C000449,CAMP002,2026-08-14,Mobile App,1,0,0
C000449,CAMP001,2026-06-26,Email,0,0,0
C000449,CAMP003,2026-06-28,Email,1,0,0
C000449,CAMP007,2026-04-11,Email,0,0,0
C000449,CAMP005,2026-06-28,Mobile App,0,0,0
C000450,CAMP003,2026-04-07,Mobile App,0,0,0
C000450,CAMP001,2026-07-11,Email,0,0,0
C000450,CAMP007,2026-08-19,Email,1,0,0
C000450,CAMP006,2026-07-05,Mobile App,0,0,0
C000451,CAMP008,2026-04-05,Email,1,0,0
C000451,CAMP004,2026-06-25,Email,0,0,0
C000451,CAMP002,2026-06-03,Mobile App,1,1,0
C000451,CAMP003,2026-05-03,Mobile App,1,0,0
C000451,CAMP005,2026-04-21,Email,0,0,0
C000451,CAMP001,2026-08-08,Email,1,1,1
C000451,CAMP007,2026-04-20,Mobile App,0,0,0
C000452,CAMP007,2026-06-24,Email,0,0,0
C000452,CAMP001,2026-06-30,Email,1,0,0
C000452,CAMP002,2026-04-19,Email,0,0,0
C000452,CAMP008,2026-05-17,Mobile App,1,1,1
C000452,CAMP003,2026-08-09,Email,0,0,0
C000452,CAMP005,2026-07-11,Email,1,0,0
C000452,CAMP006,2026-06-09,Email,0,0,0
C000453,CAMP004,2026-07-29,Email,0,0,0
C000453,CAMP007,2026-05-06,Email,1,1,0
C000453,CAMP003,2026-04-28,Mobile App,1,1,0
C000453,CAMP008,2026-06-17,Email,0,0,0
C000453,CAMP006,2026-06-02,Mobile App,0,0,0
C000453,CAMP005,2026-05-15,Mobile App,0,0,0
C000453,CAMP002,2026-06-08,Mobile App,0,0,0
C000454,CAMP002,2026-07-09,Email,0,0,0
C000454,CAMP005,2026-04-27,Mobile App,0,0,0
C000454,CAMP006,2026-08-09,Email,0,0,0
C000454,CAMP004,2026-08-13,Mobile App,0,0,0
C000454,CAMP007,2026-04-05,Email,1,0,0
C000454,CAMP001,2026-04-24,Email,0,0,0
C000454,CAMP008,2026-06-13,Mobile App,1,1,0
C000455,CAMP003,2026-05-02,Email,0,0,0
C000455,CAMP004,2026-06-03,Email,1,1,1
C000455,CAMP008,2026-07-03,Mobile App,0,0,0
C000455,CAMP007,2026-05-21,Mobile App,0,0,0
C000456,CAMP008,2026-05-05,Email,0,0,0
C000456,CAMP006,2026-05-11,Mobile App,0,0,0
C000456,CAMP005,2026-07-31,Email,1,0,0
C000456,CAMP004,2026-06-23,Mobile App,0,0,0
C000456,CAMP002,2026-08-20,Mobile App,1,1,0
C000456,CAMP007,2026-08-06,Email,0,0,0
C000457,CAMP003,2026-07-27,Email,1,0,0
C000457,CAMP007,2026-05-20,Email,1,0,0
C000457,CAMP001,2026-04-25,Mobile App,0,0,0
C000457,CAMP002,2026-04-06,Mobile App,1,0,0
C000457,CAMP004,2026-06-15,Email,0,0,0
C000457,CAMP008,2026-04-16,Email,1,0,0
C000457,CAMP005,2026-07-23,Email,1,0,0
C000458,CAMP003,2026-07-13,Mobile App,1,0,0
C000458,CAMP001,2026-04-26,Mobile App,0,0,0
C000458,CAMP008,2026-05-20,Mobile App,0,0,0
C000459,CAMP003,2026-04-24,Email,1,0,0
C000459,CAMP005,2026-06-25,Email,1,0,0
C000459,CAMP002,2026-07-11,Email,1,1,1
C000459,CAMP007,2026-08-14,Mobile App,0,0,0
C000459,CAMP004,2026-04-17,Email,0,0,0
C000459,CAMP006,2026-08-09,Mobile App,0,0,0
C000460,CAMP002,2026-07-24,Mobile App,1,0,0
C000460,CAMP004,2026-06-15,Email,0,0,0
C000460,CAMP007,2026-06-27,Mobile App,1,1,0
C000460,CAMP001,2026-04-18,Email,1,1,0
C000460,CAMP008,2026-06-24,Email,0,0,0
C000460,CAMP003,2026-05-05,Email,1,0,0
C000460,CAMP006,2026-07-21,Mobile App,1,1,0
C000461,CAMP005,2026-05-20,Email,0,0,0
C000461,CAMP007,2026-04-18,Email,0,0,0
C000461,CAMP001,2026-05-29,Email,1,1,0
C000461,CAMP006,2026-04-20,Mobile App,1,0,0
C000461,CAMP003,2026-07-01,Email,0,0,0
C000462,CAMP005,2026-08-08,Email,1,1,0
C000462,CAMP007,2026-07-23,Mobile App,1,1,0
C000462,CAMP001,2026-07-09,Email,0,0,0
C000462,CAMP008,2026-04-12,Email,0,0,0
C000462,CAMP003,2026-04-04,Email,1,0,0
C000462,CAMP004,2026-07-27,Email,1,0,0
C000462,CAMP002,2026-06-09,Email,1,0,0
C000463,CAMP005,2026-06-06,Email,1,0,0
C000463,CAMP003,2026-07-13,Mobile App,0,0,0
C000463,CAMP006,2026-08-22,Email,0,0,0
C000463,CAMP008,2026-06-08,Email,0,0,0
C000464,CAMP004,2026-05-22,Email,1,1,0
C000464,CAMP001,2026-04-26,Mobile App,0,0,0
C000464,CAMP003,2026-06-05,Mobile App,1,1,0
C000465,CAMP003,2026-06-23,Mobile App,0,0,0
C000465,CAMP008,2026-05-09,Mobile App,1,1,1
C000465,CAMP001,2026-06-22,Mobile App,0,0,0
C000465,CAMP006,2026-05-23,Email,1,0,0
C000465,CAMP005,2026-04-21,Email,1,0,0
C000465,CAMP007,2026-08-06,Email,1,1,0
C000466,CAMP001,2026-04-23,Mobile App,1,0,0
C000466,CAMP004,2026-08-13,Mobile App,0,0,0
C000466,CAMP002,2026-07-31,Mobile App,1,1,0
C000466,CAMP003,2026-08-01,Email,0,0,0
C000466,CAMP007,2026-05-19,Email,0,0,0
C000466,CAMP006,2026-04-21,Mobile App,1,0,0
C000466,CAMP005,2026-04-13,Mobile App,0,0,0
C000467,CAMP008,2026-07-17,Email,1,1,0
C000467,CAMP003,2026-05-05,Email,0,0,0
C000467,CAMP005,2026-05-29,Mobile App,1,1,0
C000467,CAMP004,2026-04-03,Mobile App,1,0,0
C000467,CAMP006,2026-04-10,Mobile App,0,0,0
C000467,CAMP002,2026-04-27,Email,0,0,0
C000468,CAMP008,2026-06-02,Mobile App,1,0,0
C000468,CAMP003,2026-05-27,Mobile App,1,0,0
C000468,CAMP006,2026-07-18,Mobile App,1,0,0
C000469,CAMP003,2026-06-11,Mobile App,0,0,0
C000469,CAMP002,2026-06-28,Mobile App,0,0,0
C000469,CAMP006,2026-08-19,Email,1,1,0
C000469,CAMP001,2026-04-09,Mobile App,0,0,0
C000469,CAMP008,2026-06-29,Email,0,0,0
C000469,CAMP005,2026-05-04,Email,0,0,0
C000470,CAMP003,2026-05-07,Mobile App,1,1,0
C000470,CAMP005,2026-06-26,Email,0,0,0
C000470,CAMP004,2026-05-23,Mobile App,0,0,0
C000470,CAMP002,2026-04-12,Email,0,0,0
C000470,CAMP006,2026-07-23,Email,1,1,0
C000470,CAMP001,2026-05-12,Email,0,0,0
C000471,CAMP004,2026-07-28,Email,1,0,0
C000471,CAMP005,2026-06-20,Mobile App,1,0,0
C000471,CAMP001,2026-08-12,Mobile App,0,0,0
C000472,CAMP003,2026-05-26,Email,0,0,0
C000472,CAMP006,2026-07-18,Email,0,0,0
C000472,CAMP004,2026-04-20,Mobile App,1,0,0
C000472,CAMP002,2026-04-24,Mobile App,0,0,0
C000472,CAMP008,2026-08-21,Email,1,0,0
C000473,CAMP004,2026-08-16,Email,1,0,0
C000473,CAMP008,2026-05-01,Email,1,1,0
C000473,CAMP001,2026-05-05,Email,1,0,0
C000473,CAMP003,2026-07-21,Email,1,0,0
C000473,CAMP005,2026-05-28,Email,0,0,0
C000473,CAMP007,2026-08-14,Mobile App,0,0,0
C000474,CAMP003,2026-05-31,Email,1,1,1
C000474,CAMP005,2026-07-04,Email,1,1,0
C000474,CAMP002,2026-04-07,Mobile App,0,0,0
C000474,CAMP006,2026-05-01,Email,0,0,0
C000474,CAMP008,2026-05-30,Email,0,0,0
C000475,CAMP007,2026-05-24,Email,0,0,0
C000475,CAMP003,2026-04-16,Mobile App,1,1,0
C000475,CAMP005,2026-07-03,Email,0,0,0
C000475,CAMP002,2026-06-08,Mobile App,1,0,0
C000476,CAMP003,2026-06-29,Email,0,0,0
C000476,CAMP004,2026-08-15,Mobile App,1,1,0
C000476,CAMP006,2026-07-05,Mobile App,0,0,0
C000476,CAMP008,2026-07-16,Email,0,0,0
C000477,CAMP002,2026-05-21,Email,0,0,0
C000477,CAMP003,2026-04-09,Email,1,0,0
C000477,CAMP004,2026-05-17,Email,1,0,0
C000477,CAMP007,2026-08-03,Email,0,0,0
C000478,CAMP008,2026-07-15,Email,1,0,0
C000478,CAMP003,2026-05-29,Email,0,0,0
C000478,CAMP001,2026-06-09,Mobile App,0,0,0
C000478,CAMP004,2026-06-29,Email,0,0,0
C000478,CAMP006,2026-08-01,Mobile App,1,0,0
C000478,CAMP007,2026-05-31,Mobile App,0,0,0
C000478,CAMP005,2026-04-16,Email,0,0,0
C000479,CAMP002,2026-04-13,Mobile App,0,0,0
C000479,CAMP006,2026-06-08,Mobile App,0,0,0
C000479,CAMP007,2026-08-02,Mobile App,0,0,0
C000479,CAMP003,2026-07-30,Mobile App,1,0,0
C000479,CAMP008,2026-06-12,Mobile App,0,0,0
C000479,CAMP004,2026-07-16,Email,1,1,0
C000480,CAMP006,2026-05-13,Mobile App,1,1,1
C000480,CAMP003,2026-05-29,Mobile App,0,0,0
C000480,CAMP007,2026-04-11,Mobile App,1,0,0
C000480,CAMP002,2026-06-19,Email,0,0,0
C000480,CAMP004,2026-06-24,Email,1,0,0
C000480,CAMP001,2026-07-27,Mobile App,0,0,0
C000480,CAMP008,2026-07-30,Email,0,0,0
C000481,CAMP006,2026-04-24,Mobile App,0,0,0
C000481,CAMP001,2026-06-15,Mobile App,1,1,0
C000481,CAMP008,2026-08-09,Mobile App,0,0,0
C000481,CAMP004,2026-07-09,Mobile App,1,0,0
C000481,CAMP007,2026-07-10,Email,0,0,0
C000481,CAMP005,2026-06-11,Email,1,1,0
C000481,CAMP003,2026-07-08,Mobile App,0,0,0
C000482,CAMP008,2026-06-15,Mobile App,1,0,0
C000482,CAMP007,2026-06-22,Mobile App,0,0,0
C000482,CAMP005,2026-04-14,Email,1,0,0
C000482,CAMP003,2026-07-05,Mobile App,0,0,0
C000482,CAMP001,2026-06-02,Email,0,0,0
C000483,CAMP006,2026-05-10,Mobile App,1,0,0
C000483,CAMP007,2026-07-01,Mobile App,0,0,0
C000483,CAMP003,2026-07-18,Email,0,0,0
C000484,CAMP007,2026-06-27,Email,1,1,0
C000484,CAMP002,2026-05-26,Email,1,0,0
C000484,CAMP001,2026-08-08,Email,1,1,0
C000484,CAMP006,2026-07-19,Mobile App,0,0,0
C000484,CAMP005,2026-05-17,Mobile App,1,1,0
C000484,CAMP003,2026-04-09,Email,0,0,0
C000484,CAMP008,2026-08-11,Email,1,1,0
C000485,CAMP003,2026-05-11,Mobile App,0,0,0
C000485,CAMP008,2026-06-21,Email,0,0,0
C000485,CAMP001,2026-06-13,Email,1,1,0
C000485,CAMP002,2026-07-23,Email,1,1,0
C000486,CAMP006,2026-04-08,Email,0,0,0
C000486,CAMP005,2026-07-18,Mobile App,0,0,0
C000486,CAMP002,2026-04-15,Email,1,1,0
C000486,CAMP001,2026-08-24,Email,1,0,0
C000487,CAMP007,2026-07-08,Mobile App,1,0,0
C000487,CAMP006,2026-06-18,Email,0,0,0
C000487,CAMP004,2026-06-11,Mobile App,1,0,0
C000487,CAMP005,2026-07-05,Email,0,0,0
C000487,CAMP001,2026-05-11,Email,1,1,0
C000488,CAMP004,2026-04-19,Email,1,1,0
C000488,CAMP005,2026-04-21,Email,0,0,0
C000488,CAMP007,2026-04-19,Email,0,0,0
C000489,CAMP008,2026-05-26,Mobile App,1,1,0
C000489,CAMP005,2026-05-30,Mobile App,1,1,0
C000489,CAMP004,2026-04-26,Email,1,0,0
C000490,CAMP002,2026-04-29,Email,1,1,0
C000490,CAMP006,2026-08-15,Email,1,1,0
C000490,CAMP003,2026-07-16,Email,1,1,1
C000490,CAMP008,2026-07-13,Email,1,0,0
C000490,CAMP004,2026-08-18,Mobile App,1,1,0
C000490,CAMP001,2026-05-23,Email,1,1,1
C000490,CAMP005,2026-08-14,Email,0,0,0
C000491,CAMP006,2026-07-06,Email,0,0,0
C000491,CAMP003,2026-06-28,Email,0,0,0
C000491,CAMP008,2026-04-20,Email,0,0,0
C000492,CAMP001,2026-05-31,Email,1,0,0
C000492,CAMP003,2026-05-29,Email,1,1,1
C000492,CAMP008,2026-05-16,Email,1,0,0
C000493,CAMP004,2026-04-14,Email,0,0,0
C000493,CAMP006,2026-06-17,Email,1,1,0
C000493,CAMP008,2026-07-02,Email,0,0,0
C000493,CAMP003,2026-07-26,Email,0,0,0
C000494,CAMP002,2026-06-08,Mobile App,0,0,0
C000494,CAMP008,2026-05-24,Email,0,0,0
C000494,CAMP003,2026-05-18,Mobile App,1,0,0
C000494,CAMP006,2026-06-16,Email,0,0,0
C000494,CAMP005,2026-06-22,Mobile App,1,0,0
C000494,CAMP007,2026-06-06,Mobile App,1,0,0
C000494,CAMP001,2026-06-24,Email,1,0,0
C000495,CAMP006,2026-06-25,Mobile App,1,1,1
C000495,CAMP003,2026-07-31,Email,1,1,0
C000495,CAMP001,2026-05-20,Email,1,0,0
C000495,CAMP008,2026-04-21,Email,1,0,0
C000495,CAMP004,2026-06-09,Email,1,0,0
C000495,CAMP007,2026-05-11,Mobile App,1,1,0
C000496,CAMP002,2026-05-08,Email,1,0,0
C000496,CAMP001,2026-08-09,Email,0,0,0
C000496,CAMP006,2026-07-10,Mobile App,0,0,0
C000496,CAMP007,2026-08-15,Email,0,0,0
C000496,CAMP004,2026-07-25,Mobile App,0,0,0
C000497,CAMP003,2026-08-17,Email,0,0,0
C000497,CAMP002,2026-05-30,Mobile App,1,0,0
C000497,CAMP004,2026-04-14,Mobile App,0,0,0
C000497,CAMP001,2026-06-20,Mobile App,1,1,0
C000497,CAMP008,2026-07-10,Email,1,0,0
C000498,CAMP008,2026-07-11,Email,0,0,0
C000498,CAMP006,2026-04-22,Mobile App,0,0,0
C000498,CAMP005,2026-04-15,Email,1,1,0
C000499,CAMP001,2026-05-05,Email,1,0,0
C000499,CAMP004,2026-05-27,Mobile App,1,1,0
C000499,CAMP006,2026-05-07,Mobile App,1,0,0
C000499,CAMP003,2026-05-11,Mobile App,1,1,1
C000499,CAMP008,2026-07-14,Email,1,0,0
C000500,CAMP004,2026-05-22,Email,1,0,0
C000500,CAMP001,2026-06-26,Email,1,1,0
C000500,CAMP002,2026-05-12,Email,1,0,0
C000500,CAMP005,2026-07-18,Mobile App,1,0,0
C000501,CAMP004,2026-04-30,Email,0,0,0
C000501,CAMP005,2026-08-19,Mobile App,0,0,0
C000501,CAMP007,2026-06-26,Email,0,0,0
C000501,CAMP006,2026-07-20,Mobile App,1,0,0
C000501,CAMP003,2026-07-17,Email,1,1,0
C000502,CAMP001,2026-04-05,Email,0,0,0
C000502,CAMP004,2026-05-24,Email,1,0,0
C000502,CAMP003,2026-05-20,Mobile App,0,0,0
C000502,CAMP006,2026-07-02,Email,1,0,0
C000503,CAMP001,2026-06-14,Email,0,0,0
C000503,CAMP003,2026-06-03,Mobile App,0,0,0
C000503,CAMP008,2026-07-13,Email,0,0,0
C000503,CAMP006,2026-08-17,Mobile App,0,0,0
C000503,CAMP007,2026-04-25,Mobile App,0,0,0
C000503,CAMP005,2026-06-30,Email,0,0,0
C000503,CAMP002,2026-06-25,Mobile App,0,0,0
C000504,CAMP008,2026-06-08,Mobile App,0,0,0
C000504,CAMP004,2026-04-17,Mobile App,1,1,0
C000504,CAMP007,2026-07-04,Email,1,1,0
C000504,CAMP006,2026-05-22,Email,1,0,0
C000504,CAMP001,2026-05-19,Mobile App,1,0,0
C000505,CAMP001,2026-06-18,Email,0,0,0
C000505,CAMP007,2026-05-01,Email,0,0,0
C000505,CAMP006,2026-06-07,Email,1,0,0
C000506,CAMP001,2026-07-05,Mobile App,0,0,0
C000506,CAMP004,2026-05-30,Email,0,0,0
C000506,CAMP003,2026-06-18,Mobile App,0,0,0
C000506,CAMP006,2026-05-09,Email,0,0,0
C000507,CAMP003,2026-06-19,Mobile App,1,1,0
C000507,CAMP002,2026-06-30,Email,1,0,0
C000507,CAMP001,2026-06-01,Mobile App,1,1,1
C000508,CAMP003,2026-07-19,Mobile App,1,1,0
C000508,CAMP004,2026-06-04,Email,1,0,0
C000508,CAMP007,2026-05-18,Mobile App,0,0,0
C000508,CAMP001,2026-07-29,Email,0,0,0
C000508,CAMP006,2026-05-25,Email,1,1,0
C000508,CAMP008,2026-08-14,Mobile App,0,0,0
C000509,CAMP005,2026-07-17,Email,1,1,0
C000509,CAMP004,2026-04-17,Mobile App,1,0,0
C000509,CAMP001,2026-05-18,Mobile App,1,1,1
C000509,CAMP002,2026-06-06,Mobile App,0,0,0
C000509,CAMP008,2026-04-11,Email,1,0,0
C000509,CAMP006,2026-04-13,Mobile App,1,0,0
C000510,CAMP003,2026-08-15,Email,1,0,0
C000510,CAMP004,2026-08-19,Email,0,0,0
C000510,CAMP002,2026-08-08,Mobile App,1,0,0
C000510,CAMP001,2026-05-29,Email,1,1,0
C000511,CAMP004,2026-07-04,Mobile App,0,0,0
C000511,CAMP007,2026-06-21,Email,0,0,0
C000511,CAMP001,2026-06-01,Email,0,0,0
C000511,CAMP003,2026-08-15,Email,1,0,0
C000511,CAMP006,2026-07-24,Mobile App,1,0,0
C000512,CAMP005,2026-05-31,Email,0,0,0
C000512,CAMP008,2026-06-26,Email,0,0,0
C000512,CAMP007,2026-06-27,Mobile App,0,0,0
C000512,CAMP003,2026-06-09,Email,0,0,0
C000513,CAMP006,2026-07-29,Email,0,0,0
C000513,CAMP003,2026-05-20,Email,0,0,0
C000513,CAMP008,2026-07-10,Email,1,0,0
C000513,CAMP007,2026-05-05,Email,0,0,0
C000513,CAMP001,2026-05-26,Mobile App,1,0,0
C000513,CAMP005,2026-06-29,Email,0,0,0
C000514,CAMP005,2026-05-21,Email,1,1,0
C000514,CAMP006,2026-06-12,Email,1,1,1
C000514,CAMP002,2026-05-23,Mobile App,0,0,0
C000514,CAMP008,2026-04-25,Email,1,1,0
C000515,CAMP007,2026-07-06,Mobile App,1,1,0
C000515,CAMP008,2026-07-22,Mobile App,1,0,0
C000515,CAMP002,2026-05-12,Mobile App,0,0,0
C000515,CAMP003,2026-06-11,Email,1,1,0
C000516,CAMP005,2026-05-22,Mobile App,0,0,0
C000516,CAMP001,2026-08-02,Mobile App,0,0,0
C000516,CAMP004,2026-07-25,Mobile App,0,0,0
C000517,CAMP003,2026-07-28,Email,0,0,0
C000517,CAMP002,2026-08-19,Email,0,0,0
C000517,CAMP007,2026-05-09,Mobile App,0,0,0
C000517,CAMP001,2026-04-19,Email,0,0,0
C000517,CAMP008,2026-06-06,Mobile App,0,0,0
C000517,CAMP006,2026-07-21,Mobile App,0,0,0
C000518,CAMP002,2026-05-11,Mobile App,1,0,0
C000518,CAMP001,2026-05-07,Mobile App,1,1,0
C000518,CAMP003,2026-04-02,Email,0,0,0
C000519,CAMP007,2026-08-12,Mobile App,0,0,0
C000519,CAMP006,2026-07-30,Mobile App,0,0,0
C000519,CAMP005,2026-04-03,Mobile App,0,0,0
C000519,CAMP003,2026-05-23,Email,0,0,0
C000520,CAMP002,2026-06-24,Mobile App,0,0,0
C000520,CAMP006,2026-05-18,Email,0,0,0
C000520,CAMP001,2026-07-27,Mobile App,1,0,0
C000520,CAMP008,2026-08-22,Email,0,0,0
C000520,CAMP004,2026-04-26,Email,0,0,0
C000521,CAMP003,2026-06-01,Mobile App,0,0,0
C000521,CAMP005,2026-08-14,Mobile App,1,0,0
C000521,CAMP007,2026-07-16,Mobile App,1,1,0
C000521,CAMP002,2026-04-28,Email,1,0,0
C000522,CAMP004,2026-07-25,Mobile App,1,0,0
C000522,CAMP008,2026-06-12,Mobile App,1,0,0
C000522,CAMP005,2026-04-19,Email,1,1,0
C000523,CAMP002,2026-05-27,Mobile App,0,0,0
C000523,CAMP006,2026-07-15,Mobile App,0,0,0
C000523,CAMP007,2026-07-28,Email,0,0,0
C000523,CAMP005,2026-05-07,Mobile App,0,0,0
C000524,CAMP005,2026-04-12,Email,1,1,1
C000524,CAMP008,2026-04-29,Email,1,0,0
C000524,CAMP007,2026-05-11,Email,1,1,0
C000524,CAMP004,2026-05-01,Mobile App,1,0,0
C000524,CAMP006,2026-07-28,Mobile App,1,0,0
C000524,CAMP003,2026-05-23,Email,0,0,0
C000525,CAMP003,2026-08-15,Mobile App,0,0,0
C000525,CAMP005,2026-07-31,Email,0,0,0
C000525,CAMP001,2026-04-07,Email,0,0,0
C000525,CAMP007,2026-06-01,Email,1,0,0
C000525,CAMP002,2026-08-21,Email,0,0,0
C000525,CAMP006,2026-04-08,Email,0,0,0
C000525,CAMP004,2026-04-11,Mobile App,1,1,0
C000526,CAMP004,2026-08-17,Email,1,0,0
C000526,CAMP001,2026-08-03,Email,1,1,0
C000526,CAMP003,2026-08-03,Email,1,1,1
C000526,CAMP008,2026-06-05,Email,0,0,0
C000526,CAMP005,2026-08-12,Email,1,1,0
C000526,CAMP007,2026-07-16,Mobile App,1,1,0
C000527,CAMP005,2026-04-21,Mobile App,0,0,0
C000527,CAMP003,2026-04-04,Email,0,0,0
C000527,CAMP008,2026-05-27,Mobile App,1,0,0
C000527,CAMP006,2026-07-22,Email,1,1,0
C000527,CAMP001,2026-07-17,Mobile App,1,0,0
C000528,CAMP003,2026-06-23,Email,1,0,0
C000528,CAMP005,2026-05-27,Email,0,0,0
C000528,CAMP006,2026-07-19,Email,1,0,0
C000528,CAMP002,2026-08-19,Email,0,0,0
C000528,CAMP008,2026-06-28,Mobile App,0,0,0
C000529,CAMP004,2026-04-24,Email,0,0,0
C000529,CAMP003,2026-05-09,Mobile App,0,0,0
C000529,CAMP007,2026-04-03,Mobile App,0,0,0
C000530,CAMP006,2026-05-23,Email,1,0,0
C000530,CAMP005,2026-04-11,Mobile App,0,0,0
C000530,CAMP008,2026-06-22,Mobile App,0,0,0
C000530,CAMP003,2026-07-29,Mobile App,1,1,0
C000530,CAMP007,2026-05-04,Email,0,0,0
C000530,CAMP004,2026-06-21,Email,1,1,1
C000531,CAMP002,2026-04-05,Email,1,1,0
C000531,CAMP005,2026-05-24,Mobile App,0,0,0
C000531,CAMP003,2026-07-11,Email,1,0,0
C000531,CAMP001,2026-08-08,Mobile App,1,1,1
C000532,CAMP001,2026-06-24,Email,0,0,0
C000532,CAMP003,2026-05-17,Email,0,0,0
C000532,CAMP006,2026-07-22,Email,0,0,0
C000532,CAMP002,2026-08-24,Email,1,1,0
C000532,CAMP005,2026-06-01,Email,0,0,0
C000533,CAMP004,2026-06-14,Mobile App,0,0,0
C000533,CAMP003,2026-08-16,Email,1,1,1
C000533,CAMP002,2026-07-19,Email,1,0,0
C000533,CAMP008,2026-06-10,Mobile App,1,0,0
C000534,CAMP006,2026-06-23,Email,0,0,0
C000534,CAMP008,2026-07-26,Mobile App,0,0,0
C000534,CAMP004,2026-07-22,Mobile App,1,1,0
C000534,CAMP001,2026-04-07,Mobile App,0,0,0
C000534,CAMP002,2026-06-21,Email,1,1,1
C000534,CAMP003,2026-05-14,Mobile App,0,0,0
C000534,CAMP007,2026-05-05,Mobile App,0,0,0
C000535,CAMP003,2026-05-18,Email,1,0,0
C000535,CAMP008,2026-05-01,Email,0,0,0
C000535,CAMP006,2026-07-06,Mobile App,0,0,0
C000535,CAMP004,2026-05-22,Mobile App,1,0,0
C000535,CAMP001,2026-07-02,Mobile App,0,0,0
C000535,CAMP007,2026-06-05,Mobile App,0,0,0
C000535,CAMP005,2026-07-05,Email,0,0,0
C000536,CAMP005,2026-06-18,Mobile App,1,1,0
C000536,CAMP008,2026-04-07,Email,1,1,0
C000536,CAMP001,2026-05-08,Email,0,0,0
C000536,CAMP002,2026-08-11,Mobile App,1,1,1
C000536,CAMP004,2026-08-04,Mobile App,0,0,0
C000537,CAMP007,2026-07-26,Mobile App,0,0,0
C000537,CAMP003,2026-04-16,Mobile App,0,0,0
C000537,CAMP008,2026-06-05,Email,0,0,0
C000537,CAMP001,2026-06-05,Mobile App,1,0,0
C000537,CAMP004,2026-08-08,Mobile App,1,1,1
C000537,CAMP006,2026-06-24,Mobile App,1,1,0
C000538,CAMP001,2026-07-20,Mobile App,1,1,0
C000538,CAMP003,2026-07-13,Email,0,0,0
C000538,CAMP004,2026-05-03,Mobile App,0,0,0
C000539,CAMP006,2026-04-27,Email,0,0,0
C000539,CAMP008,2026-04-08,Mobile App,0,0,0
C000539,CAMP001,2026-08-24,Email,0,0,0
C000539,CAMP007,2026-06-03,Email,0,0,0
C000539,CAMP004,2026-08-16,Email,0,0,0
C000539,CAMP002,2026-04-02,Email,0,0,0
C000539,CAMP003,2026-08-10,Mobile App,0,0,0
C000540,CAMP007,2026-04-11,Email,1,0,0
C000540,CAMP008,2026-04-09,Email,0,0,0
C000540,CAMP006,2026-04-04,Email,1,0,0
C000540,CAMP003,2026-05-10,Email,0,0,0
C000540,CAMP002,2026-07-28,Mobile App,0,0,0
C000540,CAMP004,2026-08-19,Email,1,0,0
C000540,CAMP001,2026-07-28,Email,0,0,0
C000541,CAMP001,2026-05-05,Mobile App,0,0,0
C000541,CAMP003,2026-06-26,Mobile App,0,0,0
C000541,CAMP005,2026-06-13,Email,1,0,0
C000542,CAMP003,2026-06-18,Email,1,1,0
C000542,CAMP008,2026-05-22,Mobile App,0,0,0
C000542,CAMP001,2026-05-08,Mobile App,1,1,1
C000542,CAMP007,2026-08-10,Email,0,0,0
C000542,CAMP005,2026-06-19,Email,0,0,0
C000542,CAMP004,2026-05-16,Mobile App,1,0,0
C000543,CAMP004,2026-08-12,Email,1,0,0
C000543,CAMP006,2026-07-13,Email,0,0,0
C000543,CAMP001,2026-07-07,Mobile App,1,1,0
C000543,CAMP008,2026-08-08,Email,1,0,0
C000544,CAMP007,2026-06-10,Email,0,0,0
C000544,CAMP002,2026-08-13,Email,1,1,1
C000544,CAMP008,2026-07-13,Email,0,0,0
C000544,CAMP003,2026-04-19,Mobile App,1,0,0
C000545,CAMP006,2026-07-04,Email,0,0,0
C000545,CAMP005,2026-05-29,Email,1,1,0
C000545,CAMP008,2026-04-20,Mobile App,1,1,0
C000545,CAMP007,2026-07-16,Mobile App,1,0,0
C000545,CAMP002,2026-06-04,Mobile App,1,0,0
C000545,CAMP003,2026-04-06,Mobile App,0,0,0
C000545,CAMP004,2026-06-16,Email,0,0,0
C000546,CAMP002,2026-06-11,Email,1,0,0
C000546,CAMP004,2026-07-22,Email,0,0,0
C000546,CAMP005,2026-04-06,Mobile App,1,0,0
C000547,CAMP003,2026-05-11,Email,0,0,0
C000547,CAMP001,2026-07-23,Mobile App,1,0,0
C000547,CAMP007,2026-05-17,Email,0,0,0
C000547,CAMP005,2026-05-21,Mobile App,0,0,0
C000548,CAMP004,2026-08-11,Email,1,0,0
C000548,CAMP005,2026-06-27,Email,1,1,1
C000548,CAMP003,2026-08-11,Mobile App,1,1,0
C000548,CAMP006,2026-08-10,Mobile App,1,1,1
C000548,CAMP001,2026-05-09,Mobile App,0,0,0
C000548,CAMP002,2026-05-23,Email,0,0,0
C000549,CAMP004,2026-04-28,Email,1,0,0
C000549,CAMP006,2026-04-23,Mobile App,1,0,0
C000549,CAMP003,2026-07-09,Mobile App,1,0,0
C000549,CAMP001,2026-05-18,Email,0,0,0
C000549,CAMP005,2026-05-19,Email,1,1,1
C000550,CAMP007,2026-06-14,Email,0,0,0
C000550,CAMP006,2026-07-19,Email,1,0,0
C000550,CAMP001,2026-06-27,Email,1,0,0
C000551,CAMP004,2026-07-21,Mobile App,0,0,0
C000551,CAMP007,2026-07-24,Email,0,0,0
C000551,CAMP005,2026-04-18,Mobile App,0,0,0
C000552,CAMP006,2026-05-07,Mobile App,1,0,0
C000552,CAMP008,2026-08-03,Mobile App,1,1,0
C000552,CAMP003,2026-07-25,Email,0,0,0
C000553,CAMP007,2026-08-01,Mobile App,1,1,0
C000553,CAMP008,2026-04-10,Mobile App,0,0,0
C000553,CAMP006,2026-04-15,Email,1,0,0
C000553,CAMP002,2026-05-06,Mobile App,0,0,0
C000553,CAMP003,2026-07-23,Mobile App,0,0,0
C000554,CAMP008,2026-07-14,Email,0,0,0
C000554,CAMP001,2026-04-10,Email,1,0,0
C000554,CAMP007,2026-04-08,Mobile App,0,0,0
C000554,CAMP003,2026-04-18,Email,1,1,1
C000554,CAMP002,2026-05-01,Email,0,0,0
C000554,CAMP006,2026-05-03,Mobile App,0,0,0
C000555,CAMP003,2026-08-01,Email,1,0,0
C000555,CAMP007,2026-08-24,Mobile App,1,0,0
C000555,CAMP005,2026-07-12,Mobile App,0,0,0
C000555,CAMP006,2026-06-22,Email,0,0,0
C000556,CAMP007,2026-06-28,Mobile App,0,0,0
C000556,CAMP005,2026-06-25,Email,0,0,0
C000556,CAMP002,2026-04-21,Email,1,1,1
C000556,CAMP004,2026-04-09,Email,0,0,0
C000556,CAMP006,2026-04-19,Email,1,0,0
C000557,CAMP003,2026-05-02,Email,0,0,0
C000557,CAMP002,2026-07-30,Email,0,0,0
C000557,CAMP005,2026-05-24,Mobile App,1,0,0
C000557,CAMP006,2026-06-20,Email,1,0,0
C000557,CAMP001,2026-05-04,Mobile App,0,0,0
C000558,CAMP007,2026-04-21,Email,1,0,0
C000558,CAMP003,2026-07-03,Email,1,1,0
C000558,CAMP008,2026-08-05,Mobile App,0,0,0
C000558,CAMP005,2026-06-06,Email,0,0,0
C000558,CAMP001,2026-07-20,Email,0,0,0
C000559,CAMP007,2026-04-22,Email,0,0,0
C000559,CAMP006,2026-04-02,Mobile App,0,0,0
C000559,CAMP005,2026-07-30,Email,0,0,0
C000560,CAMP004,2026-04-07,Email,1,1,1
C000560,CAMP006,2026-07-10,Mobile App,1,0,0
C000560,CAMP008,2026-06-24,Email,1,1,1
C000560,CAMP001,2026-05-27,Email,1,1,0
C000561,CAMP004,2026-05-07,Email,1,1,0
C000561,CAMP005,2026-08-09,Email,0,0,0
C000561,CAMP001,2026-06-21,Email,0,0,0
C000561,CAMP007,2026-06-05,Email,1,1,1
C000561,CAMP006,2026-07-02,Email,1,1,1
C000561,CAMP008,2026-08-24,Mobile App,0,0,0
C000562,CAMP005,2026-05-13,Mobile App,0,0,0
C000562,CAMP002,2026-08-07,Email,0,0,0
C000562,CAMP001,2026-04-29,Mobile App,1,0,0
C000562,CAMP004,2026-04-18,Email,1,1,1
C000562,CAMP003,2026-06-28,Email,0,0,0
C000563,CAMP005,2026-04-06,Mobile App,0,0,0
C000563,CAMP001,2026-05-03,Email,1,1,0
C000563,CAMP004,2026-06-12,Mobile App,1,1,0
C000563,CAMP006,2026-06-06,Mobile App,0,0,0
C000564,CAMP007,2026-06-19,Email,0,0,0
C000564,CAMP003,2026-04-25,Mobile App,0,0,0
C000564,CAMP005,2026-05-17,Mobile App,0,0,0
C000564,CAMP002,2026-08-01,Email,0,0,0
C000564,CAMP008,2026-07-27,Email,1,0,0
C000565,CAMP008,2026-06-06,Mobile App,1,1,0
C000565,CAMP005,2026-04-22,Email,0,0,0
C000565,CAMP002,2026-06-30,Mobile App,1,0,0
C000565,CAMP001,2026-06-15,Email,1,0,0
C000565,CAMP007,2026-05-22,Email,0,0,0
C000565,CAMP006,2026-05-06,Mobile App,0,0,0
C000565,CAMP003,2026-05-06,Email,0,0,0
C000566,CAMP001,2026-04-12,Mobile App,0,0,0
C000566,CAMP003,2026-07-11,Email,0,0,0
C000566,CAMP002,2026-04-16,Mobile App,0,0,0
C000566,CAMP004,2026-06-24,Email,1,0,0
C000567,CAMP004,2026-05-15,Email,1,1,1
C000567,CAMP006,2026-06-28,Mobile App,1,0,0
C000567,CAMP007,2026-06-18,Email,1,0,0
C000567,CAMP001,2026-07-24,Mobile App,0,0,0
C000567,CAMP002,2026-07-04,Email,1,0,0
C000567,CAMP005,2026-04-11,Email,1,0,0
C000567,CAMP008,2026-05-01,Email,0,0,0
C000568,CAMP001,2026-06-24,Email,0,0,0
C000568,CAMP003,2026-07-05,Mobile App,0,0,0
C000568,CAMP008,2026-06-08,Email,0,0,0
C000568,CAMP005,2026-05-28,Email,0,0,0
C000568,CAMP004,2026-08-10,Email,0,0,0
C000568,CAMP006,2026-08-07,Email,0,0,0
C000568,CAMP002,2026-07-19,Mobile App,1,0,0
C000569,CAMP007,2026-04-19,Email,0,0,0
C000569,CAMP003,2026-05-10,Email,1,0,0
C000569,CAMP004,2026-08-17,Mobile App,1,0,0
C000569,CAMP002,2026-05-12,Email,1,1,0
C000570,CAMP007,2026-08-03,Mobile App,1,0,0
C000570,CAMP001,2026-06-14,Email,1,1,1
C000570,CAMP004,2026-06-29,Email,1,0,0
C000570,CAMP008,2026-06-01,Email,0,0,0
C000571,CAMP002,2026-04-30,Mobile App,0,0,0
C000571,CAMP001,2026-08-13,Email,1,0,0
C000571,CAMP007,2026-07-11,Mobile App,1,0,0
C000571,CAMP008,2026-05-06,Email,0,0,0
C000572,CAMP003,2026-07-20,Mobile App,0,0,0
C000572,CAMP004,2026-05-16,Mobile App,1,0,0
C000572,CAMP008,2026-04-21,Email,1,0,0
C000573,CAMP005,2026-05-17,Email,1,0,0
C000573,CAMP006,2026-06-07,Email,0,0,0
C000573,CAMP008,2026-05-22,Mobile App,1,0,0
C000573,CAMP007,2026-06-01,Mobile App,1,1,0
C000573,CAMP004,2026-06-25,Email,0,0,0
C000573,CAMP001,2026-08-07,Email,0,0,0
C000574,CAMP006,2026-08-07,Email,1,0,0
C000574,CAMP007,2026-07-28,Mobile App,1,1,1
C000574,CAMP003,2026-05-17,Email,1,1,0
C000575,CAMP008,2026-04-07,Email,0,0,0
C000575,CAMP001,2026-04-19,Mobile App,0,0,0
C000575,CAMP002,2026-04-09,Email,0,0,0
C000576,CAMP002,2026-08-06,Mobile App,1,0,0
C000576,CAMP004,2026-06-13,Email,1,1,1
C000576,CAMP001,2026-04-10,Email,1,0,0
C000576,CAMP005,2026-08-21,Email,1,1,0
C000576,CAMP003,2026-08-21,Email,0,0,0
C000576,CAMP008,2026-07-14,Email,0,0,0
C000577,CAMP005,2026-05-23,Email,1,1,0
C000577,CAMP006,2026-06-11,Email,0,0,0
C000577,CAMP003,2026-06-21,Email,0,0,0
C000577,CAMP004,2026-06-16,Email,0,0,0
C000578,CAMP001,2026-08-05,Email,1,0,0
C000578,CAMP006,2026-05-01,Mobile App,0,0,0
C000578,CAMP007,2026-05-18,Email,0,0,0
C000578,CAMP003,2026-05-13,Mobile App,0,0,0
C000579,CAMP004,2026-05-02,Mobile App,1,0,0
C000579,CAMP006,2026-05-02,Email,1,1,0
C000579,CAMP007,2026-05-19,Mobile App,0,0,0
C000580,CAMP003,2026-05-29,Email,0,0,0
C000580,CAMP002,2026-07-26,Email,1,0,0
C000580,CAMP005,2026-04-28,Mobile App,1,0,0
C000580,CAMP008,2026-06-08,Mobile App,1,0,0
C000581,CAMP002,2026-06-21,Mobile App,1,1,0
C000581,CAMP008,2026-05-28,Mobile App,0,0,0
C000581,CAMP007,2026-04-29,Email,1,1,0
C000581,CAMP004,2026-06-22,Mobile App,1,0,0
C000581,CAMP006,2026-05-24,Email,0,0,0
C000581,CAMP005,2026-06-12,Mobile App,0,0,0
C000581,CAMP001,2026-04-27,Email,1,1,0
C000582,CAMP002,2026-07-20,Email,0,0,0
C000582,CAMP007,2026-07-08,Mobile App,0,0,0
C000582,CAMP008,2026-05-27,Mobile App,0,0,0
C000582,CAMP001,2026-07-09,Email,0,0,0
C000582,CAMP005,2026-04-18,Email,0,0,0
C000582,CAMP003,2026-08-24,Mobile App,0,0,0
C000583,CAMP007,2026-06-07,Mobile App,0,0,0
C000583,CAMP003,2026-08-22,Mobile App,1,1,0
C000583,CAMP005,2026-06-19,Mobile App,0,0,0
C000583,CAMP001,2026-04-28,Email,1,1,0
C000584,CAMP008,2026-08-16,Email,1,0,0
C000584,CAMP006,2026-07-22,Mobile App,1,0,0
C000584,CAMP002,2026-07-09,Email,1,0,0
C000584,CAMP003,2026-05-05,Mobile App,0,0,0
C000584,CAMP007,2026-05-09,Email,1,0,0
C000584,CAMP005,2026-07-30,Email,1,1,0
C000584,CAMP004,2026-05-17,Email,1,0,0
C000585,CAMP002,2026-07-01,Email,1,0,0
C000585,CAMP003,2026-04-04,Mobile App,0,0,0
C000585,CAMP005,2026-05-17,Mobile App,1,0,0
C000586,CAMP004,2026-06-05,Mobile App,1,1,0
C000586,CAMP002,2026-07-24,Email,1,1,1
C000586,CAMP006,2026-05-14,Mobile App,1,1,1
C000586,CAMP007,2026-04-29,Email,1,1,1
C000586,CAMP005,2026-05-21,Email,1,1,0
C000587,CAMP007,2026-08-06,Email,1,0,0
C000587,CAMP003,2026-05-25,Email,0,0,0
C000587,CAMP001,2026-08-23,Mobile App,1,1,0
C000587,CAMP006,2026-07-29,Email,1,1,1
C000588,CAMP008,2026-04-02,Email,1,0,0
C000588,CAMP007,2026-05-29,Mobile App,0,0,0
C000588,CAMP002,2026-05-02,Email,0,0,0
C000588,CAMP001,2026-07-11,Email,0,0,0
C000588,CAMP004,2026-08-10,Mobile App,0,0,0
C000589,CAMP003,2026-04-13,Email,0,0,0
C000589,CAMP005,2026-05-16,Email,0,0,0
C000589,CAMP001,2026-07-15,Email,1,1,1
C000589,CAMP002,2026-08-16,Email,0,0,0
C000589,CAMP007,2026-07-22,Email,0,0,0
C000589,CAMP008,2026-05-21,Email,0,0,0
C000590,CAMP004,2026-06-11,Email,1,1,0
C000590,CAMP005,2026-08-16,Mobile App,0,0,0
C000590,CAMP001,2026-05-23,Email,1,1,1
C000591,CAMP001,2026-07-24,Mobile App,0,0,0
C000591,CAMP005,2026-05-01,Mobile App,1,1,1
C000591,CAMP003,2026-05-22,Email,0,0,0
C000591,CAMP007,2026-06-14,Email,1,0,0
C000591,CAMP008,2026-06-12,Email,1,1,0
C000591,CAMP002,2026-07-11,Email,1,1,0
C000591,CAMP004,2026-05-14,Email,1,1,1
C000592,CAMP007,2026-04-14,Email,0,0,0
C000592,CAMP002,2026-05-29,Mobile App,1,0,0
C000592,CAMP006,2026-05-12,Email,0,0,0
C000593,CAMP003,2026-08-24,Mobile App,1,0,0
C000593,CAMP004,2026-05-07,Mobile App,1,1,0
C000593,CAMP006,2026-06-10,Email,0,0,0
C000594,CAMP001,2026-05-11,Mobile App,1,0,0
C000594,CAMP008,2026-05-12,Email,1,1,1
C000594,CAMP002,2026-04-10,Email,1,1,0
C000594,CAMP003,2026-04-12,Mobile App,0,0,0
C000594,CAMP007,2026-05-18,Mobile App,1,1,0
C000594,CAMP006,2026-07-21,Mobile App,1,1,0
C000595,CAMP003,2026-04-19,Email,1,0,0
C000595,CAMP006,2026-06-18,Mobile App,1,1,0
C000595,CAMP005,2026-07-18,Email,0,0,0
C000595,CAMP002,2026-07-18,Email,0,0,0
C000595,CAMP007,2026-06-18,Mobile App,0,0,0
C000595,CAMP001,2026-06-13,Mobile App,1,0,0
C000595,CAMP004,2026-08-14,Email,0,0,0
C000596,CAMP007,2026-06-21,Email,0,0,0
C000596,CAMP001,2026-05-10,Email,1,1,0
C000596,CAMP006,2026-04-16,Email,0,0,0
C000596,CAMP008,2026-06-08,Email,0,0,0
C000597,CAMP006,2026-04-15,Email,0,0,0
C000597,CAMP004,2026-06-13,Mobile App,0,0,0
C000597,CAMP008,2026-07-17,Email,0,0,0
C000597,CAMP007,2026-07-07,Mobile App,0,0,0
C000597,CAMP002,2026-07-23,Mobile App,1,0,0
C000597,CAMP001,2026-05-18,Mobile App,1,0,0
C000597,CAMP005,2026-05-09,Email,0,0,0
C000598,CAMP002,2026-06-14,Email,1,0,0
C000598,CAMP006,2026-07-16,Email,1,1,0
C000598,CAMP008,2026-04-22,Email,1,0,0
C000598,CAMP004,2026-05-02,Mobile App,1,0,0
C000598,CAMP007,2026-04-11,Email,0,0,0
C000598,CAMP005,2026-07-17,Email,1,0,0
C000598,CAMP001,2026-05-31,Mobile App,1,1,0
C000599,CAMP005,2026-06-17,Email,1,0,0
C000599,CAMP007,2026-06-16,Mobile App,0,0,0
C000599,CAMP002,2026-06-12,Mobile App,1,0,0
C000599,CAMP006,2026-07-26,Mobile App,0,0,0
C000600,CAMP008,2026-06-05,Mobile App,1,1,1
C000600,CAMP005,2026-04-21,Mobile App,0,0,0
C000600,CAMP004,2026-06-23,Email,0,0,0
C000600,CAMP001,2026-06-21,Mobile App,1,0,0
C000600,CAMP006,2026-08-08,Mobile App,1,0,0
